a0,a1,a2,a3,a4,a0_f1,a0_f2,a0_f3,a0_f4,a0_f5,a0_f6,a0_f7,a0_f8,a1_f1,a1_f2,a1_f3,a1_f4,a1_f5,a1_f6,a1_f7,a1_f8,a2_f1,a2_f2,a2_f3,a2_f4,a2_f5,a2_f6,a2_f7,a2_f8,a3_f1,a3_f2,a3_f3,a3_f4,a3_f5,a3_f6,a3_f7,a3_f8,a4_f1,a4_f2,a4_f3,a4_f4,a4_f5,a4_f6,a4_f7,a4_f8,label,action_name
312.00,583.00,140.00,594.00,39.00,0.00,0.00,0.00,0.00,0.00,0.00,0.00,0.00,0.00,0.00,0.00,0.00,0.00,0.00,0.00,0.00,0.00,0.00,0.00,0.00,0.00,0.00,0.00,0.00,0.00,0.00,0.00,0.00,0.00,0.00,0.00,0.00,0.00,0.00,0.00,0.00,0.00,0.00,0.00,0.00,0,휴식 (Relax)
320.00,616.00,151.00,638.00,39.00,8.00,8.00,8.00,8.00,8.00,8.00,8.00,8.00,33.00,33.00,33.00,33.00,33.00,33.00,33.00,33.00,11.00,11.00,11.00,11.00,11.00,11.00,11.00,11.00,44.00,44.00,44.00,44.00,44.00,44.00,44.00,44.00,0.00,0.00,0.00,0.00,0.00,0.00,0.00,0.00,0,휴식 (Relax)
336.00,616.00,156.00,616.00,31.00,31.54,30.19,28.05,25.30,22.20,19.20,16.89,16.00,64.73,60.98,54.88,46.67,36.67,25.26,12.88,0.00,26.50,25.02,22.62,19.42,15.57,11.32,7.20,5.00,64.87,61.55,56.22,49.19,40.98,32.42,25.13,22.00,8.00,8.00,8.00,8.00,8.00,8.00,8.00,8.00,0,휴식 (Relax)
312.00,551.00,145.00,551.00,26.00,31.54,30.19,28.05,25.30,22.20,19.20,16.89,16.00,42.07,57.00,68.71,72.90,68.34,56.17,40.59,32.00,30.87,27.64,22.81,17.09,11.33,6.32,2.60,0.00,40.42,65.58,83.44,89.74,83.23,65.10,39.40,21.00,20.62,19.50,17.68,15.26,12.39,9.27,6.39,5.00,0,휴식 (Relax)
312.00,572.00,130.00,551.00,33.00,31.54,30.19,28.05,25.30,22.20,19.20,16.89,16.00,41.83,66.19,79.34,78.49,66.06,47.59,29.71,21.00,25.49,30.80,31.80,26.68,17.02,7.42,7.55,10.00,64.14,106.96,122.72,108.60,72.14,28.22,9.77,22.00,25.95,22.94,18.45,13.15,7.86,3.41,0.77,1.00,0,휴식 (Relax)
320.00,594.00,151.00,638.00,39.00,34.72,24.00,22.28,28.84,30.20,24.00,14.22,8.00,37.78,55.60,78.43,87.82,75.81,48.42,21.25,10.00,27.93,20.58,25.40,31.06,27.24,18.40,18.01,21.00,24.88,73.89,128.20,146.24,114.25,53.90,45.94,66.00,25.95,22.94,18.45,13.15,7.86,3.41,0.77,1.00,0,휴식 (Relax)
336.00,616.00,162.00,616.00,28.00,44.60,0.00,39.67,50.60,31.40,0.00,23.88,32.00,32.12,49.69,109.52,108.19,55.75,28.09,44.70,43.00,36.04,6.92,43.24,50.92,33.29,16.56,12.29,1.00,9.41,79.45,150.11,157.26,102.94,32.91,30.55,44.00,31.57,16.41,10.19,18.38,18.81,12.60,10.27,12.00,0,휴식 (Relax)
320.00,561.00,140.00,551.00,24.00,47.55,8.00,46.26,48.66,23.42,8.00,20.66,24.00,40.00,34.68,97.21,124.63,72.47,14.39,61.38,65.00,36.04,6.92,43.24,50.92,33.29,16.56,12.29,1.00,48.26,43.00,135.99,194.54,135.40,43.00,48.90,1.00,38.78,6.37,22.60,30.87,19.92,7.58,6.97,3.00,0,휴식 (Relax)
312.00,561.00,130.00,540.00,33.00,47.55,8.00,46.26,48.66,23.42,8.00,20.66,24.00,59.96,14.39,112.28,139.30,55.33,34.68,52.34,43.00,38.36,4.31,47.43,60.44,33.14,10.17,2.99,9.00,101.64,11.00,183.54,223.96,94.73,11.00,14.90,55.00,40.89,4.64,27.09,28.86,13.95,2.12,1.85,3.00,0,휴식 (Relax)
312.00,583.00,151.00,616.00,42.00,47.55,8.00,46.26,48.66,23.42,8.00,20.66,24.00,59.96,14.39,112.28,139.30,55.33,34.68,52.34,43.00,31.84,6.80,36.56,64.40,43.86,17.83,8.32,20.00,82.96,16.21,168.26,241.45,106.97,30.78,27.66,77.00,40.89,6.57,28.00,31.78,13.41,0.89,2.08,6.00,0,휴식 (Relax)
328.00,616.00,156.00,638.00,36.00,38.90,11.79,39.11,64.50,11.59,22.38,12.29,40.00,33.15,43.08,118.40,164.40,22.33,41.61,45.07,76.00,21.80,21.73,36.67,79.12,37.47,4.44,9.78,4.00,70.54,59.73,191.78,269.52,65.94,38.91,36.10,33.00,39.73,3.61,25.00,32.57,16.14,3.61,4.42,9.00,0,휴식 (Relax)
352.00,627.00,145.00,605.00,26.00,29.69,44.77,74.59,71.55,33.32,23.58,46.61,0.00,46.42,75.17,162.33,142.62,56.09,7.06,70.74,32.00,18.51,24.86,41.61,77.49,33.51,4.90,4.80,9.00,75.48,67.41,202.39,261.63,65.95,27.92,25.73,44.00,32.26,11.40,22.84,45.12,11.67,11.40,10.46,4.00,0,휴식 (Relax)
320.00,561.00,140.00,540.00,28.00,30.96,49.30,80.14,64.50,33.23,16.06,38.72,8.00,26.92,72.64,154.22,163.19,60.51,20.57,92.13,10.00,18.51,24.86,41.61,77.49,33.51,4.90,4.80,9.00,45.87,84.33,202.28,302.24,30.65,40.84,28.28,98.00,25.08,21.65,33.55,44.01,2.85,5.76,1.02,7.00,0,휴식 (Relax)
296.00,540.00,130.00,540.00,33.00,36.30,53.55,87.28,73.76,48.79,18.24,26.76,24.00,18.22,108.14,189.03,154.39,96.02,38.58,50.51,53.00,28.42,32.85,48.25,75.13,34.15,14.23,14.07,1.00,50.16,138.02,254.83,272.55,84.07,17.77,30.14,44.00,20.52,25.18,37.19,38.01,8.78,3.45,5.18,1.00,0,휴식 (Relax)
312.00,594.00,156.00,627.00,39.00,36.30,53.55,87.28,73.76,48.79,18.24,26.76,24.00,12.86,97.72,180.20,165.37,104.54,49.23,43.01,64.00,13.83,17.72,34.21,90.93,22.87,28.98,28.69,17.00,52.21,114.77,237.80,301.90,103.54,50.61,63.14,11.00,20.52,25.18,37.19,38.01,8.78,3.45,5.18,1.00,0,휴식 (Relax)
320.00,616.00,151.00,627.00,33.00,28.56,46.34,85.74,79.20,53.68,12.51,26.98,16.00,38.06,88.77,191.48,166.46,117.38,42.21,60.73,31.00,12.29,17.56,38.06,90.02,33.77,25.45,21.26,6.00,78.97,122.60,260.14,289.12,120.59,37.82,35.16,44.00,14.52,21.09,31.21,44.01,6.75,3.03,10.09,5.00,0,휴식 (Relax)
328.00,572.00,140.00,551.00,26.00,12.75,44.35,99.80,68.82,38.85,18.37,34.19,32.00,27.08,82.24,180.49,177.37,128.28,51.54,66.05,20.00,12.29,17.56,38.06,90.02,33.77,25.45,21.26,6.00,36.41,84.98,221.15,329.89,162.42,74.44,43.52,87.00,5.38,8.39,29.89,46.17,19.31,12.23,9.43,8.00,0,휴식 (Relax)
320.00,540.00,140.00,551.00,28.00,12.75,44.35,99.80,68.82,38.85,18.37,34.19,32.00,53.35,17.17,169.98,201.44,130.94,30.28,91.02,96.00,5.70,7.79,36.49,90.45,42.92,14.61,21.69,17.00,51.60,14.58,244.18,315.19,168.99,35.20,51.24,0.00,13.61,4.95,40.58,35.85,16.54,6.44,5.16,3.00,0,휴식 (Relax)
320.00,594.00,151.00,616.00,36.00,25.17,28.38,106.03,60.93,24.27,31.41,18.32,16.00,75.15,11.05,191.04,182.54,108.99,11.05,71.28,74.00,6.06,9.05,41.16,85.48,39.10,19.03,22.72,12.00,51.60,14.58,244.18,315.19,168.99,35.20,51.24,0.00,8.61,0.13,38.00,38.08,21.33,10.77,7.71,8.00,0,휴식 (Relax)
328.00,616.00,145.00,627.00,39.00,18.72,40.60,90.08,75.89,14.81,46.81,4.36,0.00,36.39,66.91,159.12,224.24,98.60,66.91,10.82,9.00,6.06,9.05,41.16,85.48,39.10,19.03,22.72,12.00,47.26,61.86,230.23,321.64,152.38,49.89,72.70,76.00,6.09,12.95,47.35,27.59,16.99,5.13,11.85,5.00,0,휴식 (Relax)
320.00,594.00,140.00,583.00,31.00,22.73,43.08,88.04,73.76,9.62,43.08,9.33,8.00,48.89,85.77,176.06,209.75,77.35,50.65,31.42,31.00,13.06,5.14,46.34,75.54,29.11,24.85,14.52,22.00,78.17,88.28,259.82,290.37,123.14,23.91,43.33,44.00,4.14,11.64,45.61,29.00,18.86,7.11,13.80,7.00,0,휴식 (Relax)
304.00,551.00,135.00,530.00,26.00,11.49,51.22,75.45,89.44,6.39,51.22,23.10,24.00,18.02,83.20,140.55,244.66,60.05,69.33,74.09,74.00,3.11,11.28,31.07,79.06,26.45,40.85,6.12,38.00,34.58,117.78,201.30,331.69,81.51,114.31,65.41,64.00,8.90,18.56,49.14,22.14,13.95,8.70,2.72,6.00,0,휴식 (Relax)
304.00,561.00,135.00,561.00,33.00,25.59,83.10,48.68,89.44,29.88,19.74,20.86,8.00,48.40,132.55,164.85,219.92,28.61,14.44,35.48,19.00,29.47,34.88,40.76,54.12,7.07,29.14,27.43,11.00,89.55,172.78,244.35,286.20,30.09,74.54,30.78,9.00,4.51,13.60,44.14,26.93,18.69,13.60,6.13,11.00,0,휴식 (Relax)
320.00,605.00,151.00,627.00,39.00,25.59,83.10,48.68,89.44,29.88,19.74,20.86,8.00,32.77,94.37,122.30,261.59,22.53,33.58,58.65,25.00,20.21,30.91,30.47,60.00,6.54,37.37,38.32,0.00,33.50,129.95,185.51,337.62,53.15,116.87,90.08,67.00,13.64,13.04,41.03,27.20,15.09,13.04,8.88,4.00,0,휴식 (Relax)
336.00,627.00,156.00,616.00,31.00,26.38,84.92,24.72,96.66,47.61,35.17,3.17,16.00,89.25,106.26,133.50,250.24,74.19,40.58,17.42,41.00,24.58,50.09,40.64,42.19,28.43,12.46,20.20,26.00,88.11,174.90,226.98,291.73,58.17,42.19,14.94,9.00,11.65,11.09,39.22,29.12,17.06,15.00,10.73,6.00,0,휴식 (Relax)
312.00,561.00,135.00,540.00,28.00,26.38,84.92,24.72,96.66,47.61,35.17,3.17,16.00,67.37,85.37,111.51,272.22,89.87,61.67,30.24,63.00,12.02,34.76,26.03,56.46,39.88,17.42,25.99,42.00,12.13,98.99,157.12,358.79,131.46,68.08,66.04,85.00,6.73,7.12,30.28,35.61,15.59,8.56,9.52,8.00,0,휴식 (Relax)
304.00,561.00,135.00,551.00,28.00,7.33,61.70,20.64,108.81,58.13,52.16,22.21,8.00,33.26,42.11,105.68,275.54,118.22,57.16,46.20,8.00,13.21,32.20,35.64,52.01,49.09,3.61,12.53,21.00,76.29,77.51,186.92,331.44,141.16,24.43,27.50,2.00,14.12,15.09,35.71,29.73,7.61,4.92,4.42,0.00,0,휴식 (Relax)
328.00,583.00,151.00,616.00,42.00,20.89,54.83,17.62,90.51,35.45,28.88,6.67,16.00,62.08,67.17,148.78,232.21,78.67,23.00,8.81,52.00,10.88,27.40,30.12,58.01,54.91,9.12,10.75,15.00,65.95,68.07,176.12,342.23,152.15,35.28,38.34,13.00,2.68,11.14,22.29,42.94,14.12,13.85,14.44,16.00,0,휴식 (Relax)
328.00,605.00,156.00,627.00,33.00,15.58,50.05,23.11,96.33,36.63,26.36,13.61,24.00,19.66,24.17,130.71,244.39,96.46,24.17,40.11,96.00,21.35,11.52,34.79,59.91,54.75,13.76,22.72,31.00,60.55,24.68,180.79,336.72,146.33,71.38,50.73,74.00,7.58,15.93,24.49,40.85,10.72,12.33,10.95,11.00,0,휴식 (Relax)
328.00,572.00,145.00,561.00,24.00,33.36,19.87,53.45,78.79,6.55,27.51,18.41,8.00,12.55,31.11,157.10,214.85,65.87,31.11,22.07,64.00,36.28,12.80,49.70,45.54,40.42,2.87,7.78,16.00,79.87,45.48,201.70,315.77,125.65,52.47,30.47,53.00,2.68,9.49,15.67,49.34,17.40,19.24,12.51,2.00,0,휴식 (Relax)
320.00,561.00,140.00,540.00,28.00,41.34,12.25,55.48,71.55,14.36,29.56,11.28,0.00,23.12,1.89,132.05,230.34,72.78,64.11,45.15,31.00,21.67,3.30,47.50,53.01,31.86,18.79,8.65,0.00,8.06,68.05,179.23,333.33,106.55,89.56,67.68,34.00,13.42,16.38,17.78,47.17,10.81,9.04,7.40,13.00,0,휴식 (Relax)
304.00,561.00,135.00,572.00,33.00,26.65,23.58,68.33,65.97,23.97,44.77,13.77,16.00,78.02,56.35,161.37,185.80,18.03,46.35,10.80,86.00,17.88,17.99,62.71,41.11,23.01,12.97,7.63,16.00,63.05,122.16,230.46,281.92,54.29,36.86,13.69,21.00,13.42,16.38,17.78,47.17,10.81,9.04,7.40,13.00,0,휴식 (Relax)
320.00,605.00,151.00,627.00,36.00,22.61,26.94,75.02,58.24,26.92,38.08,6.95,8.00,49.86,41.20,130.48,208.80,34.33,76.19,41.42,119.00,15.02,14.54,56.58,49.93,12.07,22.86,18.54,27.00,29.39,97.13,189.26,319.10,50.71,72.99,67.44,97.00,8.57,13.63,17.89,47.38,5.30,9.17,15.70,3.00,0,휴식 (Relax)
336.00,594.00,156.00,616.00,33.00,27.56,34.10,79.15,56.00,42.84,39.05,10.01,8.00,54.20,85.31,141.65,176.88,33.38,36.11,29.67,65.00,18.28,28.38,67.64,43.42,24.49,10.99,8.45,11.00,91.48,150.86,238.97,268.79,26.14,21.26,16.26,32.00,11.32,17.70,22.87,42.43,1.50,11.25,10.70,8.00,0,휴식 (Relax)
320.00,561.00,135.00,551.00,26.00,27.56,34.10,79.15,56.00,42.84,39.05,10.01,8.00,31.71,56.17,108.65,206.25,64.15,57.00,60.94,32.00,20.70,15.30,53.77,59.03,28.65,22.36,20.39,5.00,31.72,91.57,187.60,317.06,89.90,78.21,72.41,33.00,4.40,8.40,20.41,44.94,8.60,21.20,4.28,18.00,0,휴식 (Relax)
320.00,561.00,130.00,540.00,33.00,30.02,28.38,76.20,56.57,49.21,31.41,9.30,0.00,38.87,71.53,101.78,189.72,78.85,8.77,11.48,87.00,34.03,22.33,58.62,58.14,39.40,9.25,5.39,10.00,77.89,110.61,233.36,272.33,105.83,45.75,20.48,54.00,5.51,9.13,26.02,39.40,8.72,17.11,5.70,12.00,0,휴식 (Relax)
312.00,594.00,156.00,627.00,39.00,36.35,30.12,82.38,48.66,42.74,35.62,7.10,8.00,38.87,71.53,101.78,189.72,78.85,8.77,11.48,87.00,18.05,6.36,42.66,74.11,53.70,18.75,11.10,26.00,33.92,67.43,192.25,313.21,149.03,88.57,63.86,98.00,7.76,2.97,21.67,43.27,16.72,19.98,11.60,4.00,0,휴식 (Relax)
320.00,616.00,145.00,627.00,33.00,20.88,17.00,68.96,53.67,49.71,37.08,16.54,24.00,69.30,46.35,81.51,189.89,94.23,56.35,62.26,22.00,10.04,7.86,40.74,75.31,54.63,9.49,2.59,16.00,67.91,52.13,216.26,294.21,157.97,57.20,40.56,1.00,14.57,4.76,26.94,37.64,15.39,13.24,8.78,11.00,0,휴식 (Relax)
320.00,572.00,140.00,561.00,24.00,4.96,1.37,74.45,40.00,34.22,46.63,13.15,8.00,80.12,55.90,91.93,179.07,83.49,49.40,53.31,33.00,9.92,12.85,45.26,70.41,49.75,11.70,5.48,21.00,67.91,52.13,216.26,294.21,157.97,57.20,40.56,1.00,6.13,8.17,19.83,43.93,24.01,6.42,14.44,20.00,0,휴식 (Relax)
320.00,551.00,140.00,551.00,28.00,4.96,1.37,74.45,40.00,34.22,46.63,13.15,8.00,30.09,17.47,70.67,196.33,91.85,79.63,54.81,87.00,9.61,9.92,38.06,73.39,44.27,15.02,15.08,32.00,41.21,56.99,206.22,301.10,147.91,34.96,39.24,77.00,8.94,19.04,26.13,37.59,19.74,10.93,4.43,9.00,0,휴식 (Relax)
312.00,583.00,135.00,594.00,39.00,27.03,24.99,70.39,25.30,17.00,34.17,13.01,32.00,38.66,58.15,111.77,158.09,48.02,36.45,32.35,43.00,24.63,29.96,52.46,54.12,33.44,26.98,13.23,11.00,59.71,78.98,227.06,279.66,126.86,12.97,17.39,55.00,1.92,15.28,19.03,44.78,26.90,14.71,4.31,1.00,0,휴식 (Relax)
328.00,616.00,145.00,638.00,39.00,15.75,18.37,55.97,40.79,1.01,44.35,26.72,48.00,22.65,32.64,88.28,193.88,62.69,49.34,51.81,12.00,18.94,22.56,44.07,59.41,23.52,36.84,22.77,1.00,38.67,71.66,179.89,317.10,97.25,89.08,83.87,43.00,9.71,22.81,23.59,41.59,20.66,18.65,8.62,12.00,0,휴식 (Relax)
336.00,605.00,162.00,605.00,28.00,34.61,46.34,36.77,46.65,32.53,12.51,22.10,16.00,59.36,73.44,127.61,167.06,26.04,6.50,46.66,32.00,32.85,36.70,56.91,40.82,44.00,29.95,5.84,28.00,89.85,125.38,224.79,272.20,46.50,58.30,35.31,11.00,9.71,22.81,23.59,41.59,20.66,18.65,8.62,12.00,0,휴식 (Relax)
312.00,561.00,135.00,540.00,28.00,18.70,33.05,26.90,60.93,41.07,13.69,36.56,0.00,45.21,55.68,113.35,186.12,42.16,22.07,63.70,54.00,17.60,20.93,42.08,55.15,45.55,43.98,21.66,44.00,50.84,83.79,171.17,323.49,48.80,116.69,68.13,87.00,11.23,18.55,25.79,41.59,9.36,11.49,7.02,2.00,0,휴식 (Relax)
296.00,572.00,125.00,540.00,33.00,14.61,44.35,5.35,79.20,61.88,18.37,4.94,32.00,52.36,63.43,133.47,172.98,24.86,17.04,31.72,21.00,13.42,26.60,53.67,51.97,72.49,19.04,12.39,13.00,117.64,149.19,228.55,272.55,52.00,45.09,20.11,0.00,11.23,18.55,25.79,41.59,9.36,11.49,7.02,2.00,0,휴식 (Relax)
312.00,594.00,145.00,616.00,42.00,30.59,60.33,19.77,68.82,48.80,14.15,19.71,16.00,37.02,42.76,113.19,193.96,45.75,38.95,9.77,1.00,13.42,26.60,53.67,51.97,72.49,19.04,12.39,13.00,62.65,97.70,181.60,321.86,101.11,79.22,71.53,55.00,6.78,0.89,25.90,48.02,9.05,6.57,11.38,16.00,0,휴식 (Relax)
320.00,605.00,156.00,638.00,33.00,30.59,60.33,19.77,68.82,48.80,14.15,19.71,16.00,24.93,15.44,123.15,186.32,40.95,34.23,52.73,43.00,12.04,19.92,54.23,57.25,79.90,9.85,4.68,29.00,45.71,113.16,225.13,295.85,135.87,25.79,54.40,43.00,11.60,5.20,30.89,43.83,7.44,5.20,6.61,11.00,0,휴식 (Relax)
328.00,572.00,145.00,561.00,24.00,22.60,64.06,42.01,58.24,24.96,10.99,20.72,40.00,28.99,25.55,134.15,175.35,29.96,23.65,43.29,32.00,21.16,27.45,64.05,48.55,70.09,18.45,5.49,19.00,34.83,102.33,214.57,306.78,146.28,36.73,64.66,54.00,6.53,5.62,28.45,49.52,16.09,13.58,6.42,2.00,0,휴식 (Relax)
320.00,561.00,140.00,540.00,28.00,22.60,64.06,42.01,58.24,24.96,10.99,20.72,40.00,48.45,24.30,124.72,178.08,44.36,24.93,41.67,12.00,10.24,16.80,58.85,55.23,68.89,28.88,15.92,8.00,53.59,57.91,222.99,309.74,164.39,69.37,22.72,33.00,11.73,13.54,35.62,44.05,13.49,8.04,3.45,10.00,0,휴식 (Relax)
328.00,594.00,140.00,605.00,42.00,16.91,56.59,46.56,56.57,21.32,11.20,12.81,32.00,48.45,24.30,124.72,178.08,44.36,24.93,41.67,12.00,9.15,17.30,70.90,44.65,54.69,24.99,9.08,24.00,64.31,66.44,233.94,298.92,153.44,59.24,12.30,22.00,3.23,10.42,29.83,51.31,21.93,13.91,10.51,19.00,0,휴식 (Relax)
320.00,616.00,145.00,627.00,36.00,16.91,56.59,46.56,56.57,21.32,11.20,12.81,32.00,10.32,48.25,91.90,195.88,73.82,50.14,18.63,43.00,2.50,8.11,62.52,53.24,47.02,33.14,17.27,34.00,42.87,14.67,209.48,321.46,149.78,78.67,68.40,54.00,6.93,18.99,36.36,46.62,17.62,4.61,7.17,9.00,0,휴식 (Relax)
336.00,594.00,156.00,605.00,28.00,32.81,52.59,47.56,56.57,31.97,7.10,27.55,48.00,42.64,80.19,117.14,167.06,48.49,21.38,28.52,10.00,26.31,18.08,72.91,47.01,44.76,10.45,8.75,8.00,103.03,79.67,266.99,263.33,86.74,13.67,17.52,11.00,3.56,14.52,31.88,51.26,21.94,6.41,11.03,4.00,0,휴식 (Relax)
320.00,551.00,140.00,551.00,31.00,40.49,46.63,55.47,48.66,34.77,1.37,21.77,40.00,12.59,66.65,84.34,193.20,78.72,48.58,71.15,33.00,14.30,11.92,57.27,63.01,32.77,20.54,24.20,8.00,30.12,59.67,217.87,308.02,68.00,67.03,83.32,87.00,9.06,14.75,33.64,49.03,16.72,1.59,3.29,12.00,0,휴식 (Relax)
312.00,583.00,130.00,551.00,33.00,34.45,54.63,51.89,50.60,42.75,9.37,20.90,32.00,41.17,92.54,103.38,170.42,54.93,20.39,40.99,0.00,19.24,25.74,56.97,65.00,47.29,7.18,13.82,7.00,62.83,132.31,268.32,256.60,11.28,45.84,16.94,11.00,9.06,14.75,33.64,49.03,16.72,1.59,3.29,12.00,0,휴식 (Relax)
312.00,583.00,151.00,627.00,39.00,32.27,60.55,57.80,43.08,40.85,6.77,18.67,40.00,30.30,81.89,93.16,179.01,61.52,24.08,35.76,11.00,10.36,17.10,46.50,75.71,50.47,13.40,17.41,18.00,3.18,85.62,210.67,312.08,63.18,110.79,68.86,55.00,7.42,4.51,30.35,48.26,4.21,15.15,18.16,3.00,0,휴식 (Relax)
328.00,605.00,156.00,616.00,31.00,31.40,60.33,50.87,46.65,47.90,14.15,16.62,48.00,32.92,72.46,108.07,152.28,19.99,30.92,63.95,43.00,8.56,24.14,37.64,80.62,62.75,4.14,8.75,2.00,67.90,119.38,231.75,285.88,79.99,72.28,10.40,10.00,10.41,7.21,33.16,45.28,2.69,12.96,15.51,0.00,0,휴식 (Relax)
328.00,583.00,140.00,551.00,24.00,29.54,72.89,55.83,33.94,37.46,7.95,27.41,32.00,32.92,72.46,108.07,152.28,19.99,30.92,63.95,43.00,11.96,29.14,41.24,76.06,58.60,0.86,11.24,7.00,33.30,76.39,188.89,327.06,121.74,99.71,45.09,53.00,6.19,9.00,25.63,49.24,12.46,20.22,13.62,15.00,0,휴식 (Relax)
320.00,561.00,140.00,561.00,31.00,32.40,65.05,47.84,40.00,42.61,15.77,35.29,24.00,24.75,21.08,108.26,142.00,39.61,67.46,75.96,12.00,10.41,25.85,36.81,78.29,59.90,5.64,15.90,12.00,76.85,60.45,181.54,315.19,130.62,23.96,33.28,24.00,14.12,16.59,32.25,42.06,12.43,12.28,9.48,7.00,0,휴식 (Relax)
328.00,594.00,145.00,616.00,42.00,38.88,61.08,45.96,35.78,35.31,10.48,27.59,32.00,35.75,22.89,119.17,131.00,33.93,57.11,67.03,1.00,22.39,32.82,42.37,63.82,42.99,14.16,1.71,5.00,65.87,50.36,170.99,326.19,141.62,21.96,44.16,35.00,4.33,15.08,22.80,50.25,26.42,11.94,11.64,7.00,0,휴식 (Relax)
328.00,594.00,162.00,638.00,33.00,23.27,58.04,33.35,50.60,39.81,21.72,18.59,48.00,14.57,14.41,106.92,135.09,61.62,53.41,36.43,32.00,4.90,6.67,16.06,82.46,37.82,40.14,28.56,32.00,42.18,53.09,132.50,337.41,140.15,82.85,63.70,63.00,8.08,19.74,26.11,46.69,24.78,7.09,10.52,2.00,0,휴식 (Relax)
328.00,572.00,140.00,551.00,26.00,9.19,40.25,12.37,50.60,8.48,13.11,35.02,16.00,14.57,14.41,106.92,135.09,61.62,53.41,36.43,32.00,19.00,8.61,21.75,73.93,23.52,33.64,15.52,17.00,53.07,63.10,142.38,326.79,129.17,77.08,52.71,52.00,1.28,13.84,19.88,52.01,30.71,3.24,14.71,5.00,0,휴식 (Relax)
320.00,561.00,140.00,551.00,28.00,17.16,33.45,20.14,43.08,11.33,5.74,31.04,24.00,24.59,43.03,80.53,146.69,79.93,21.97,68.85,1.00,15.00,5.37,17.13,78.29,20.30,36.43,14.06,12.00,19.68,71.02,104.09,349.76,116.73,114.33,28.33,13.00,12.75,18.74,26.00,44.78,21.70,11.43,4.75,9.00,0,휴식 (Relax)
288.00,561.00,130.00,561.00,36.00,18.26,65.22,26.86,62.48,28.92,31.54,44.14,56.00,63.46,84.22,104.68,109.20,42.33,54.64,37.98,43.00,23.87,28.52,31.90,69.87,22.80,11.24,26.17,38.00,95.43,147.45,167.54,282.40,49.67,38.15,54.30,64.00,10.08,15.75,23.17,47.54,23.75,13.42,4.59,12.00,0,휴식 (Relax)
328.00,616.00,145.00,638.00,39.00,18.26,65.22,26.86,62.48,28.92,31.54,44.14,56.00,40.18,72.53,65.79,140.25,71.53,82.18,57.34,87.00,23.87,28.52,31.90,69.87,22.80,11.24,26.17,38.00,32.41,101.58,120.97,330.28,35.18,66.39,124.52,141.00,12.06,11.10,27.22,44.10,11.65,19.87,16.18,3.00,0,휴식 (Relax)
328.00,605.00,151.00,605.00,31.00,11.12,66.39,28.85,68.82,36.36,31.12,36.14,48.00,66.72,108.55,87.17,118.11,42.97,88.32,21.26,43.00,13.19,28.74,35.94,69.00,33.78,18.87,25.87,27.00,71.24,141.45,172.43,287.00,42.92,17.55,83.42,76.00,14.92,13.83,30.19,41.11,10.38,16.87,13.20,0.00,0,휴식 (Relax)
320.00,561.00,140.00,561.00,31.00,16.83,59.85,20.85,73.76,42.10,37.55,28.94,40.00,35.38,77.66,57.36,149.33,70.74,119.48,21.13,10.00,13.19,28.74,35.94,69.00,33.78,18.87,25.87,27.00,27.60,97.62,139.84,323.20,82.32,58.26,93.65,32.00,4.20,5.72,29.48,41.77,1.10,12.54,6.62,11.00,0,휴식 (Relax)
304.00,561.00,130.00,540.00,31.00,28.95,44.05,20.76,86.53,49.38,22.18,40.85,56.00,19.74,77.94,85.59,143.50,48.30,75.92,48.61,65.00,23.94,14.42,35.16,70.61,45.97,29.73,15.92,42.00,60.11,80.13,193.88,286.23,115.50,50.01,62.78,119.00,3.78,9.18,34.33,36.88,5.64,9.78,6.90,6.00,0,휴식 (Relax)
312.00,594.00,151.00,616.00,39.00,47.75,36.30,44.76,75.89,26.58,38.71,33.98,32.00,19.74,77.94,85.59,143.50,48.30,75.92,48.61,65.00,27.29,13.54,40.05,65.73,42.12,24.88,19.82,37.00,49.73,70.44,184.13,296.74,125.76,60.97,62.21,130.00,8.08,2.71,29.29,40.71,14.79,4.32,13.19,5.00,0,휴식 (Relax)
328.00,605.00,162.00,638.00,33.00,43.14,31.34,42.34,83.52,28.09,41.30,38.02,24.00,44.03,33.62,104.02,157.50,42.60,49.99,20.74,11.00,27.33,15.67,33.17,73.93,53.59,23.59,41.62,15.00,61.73,25.97,211.60,284.00,150.14,65.97,123.33,43.00,9.75,4.71,30.84,38.95,14.80,5.28,12.13,3.00,0,휴식 (Relax)
328.00,583.00,140.00,551.00,26.00,43.75,16.06,56.20,80.40,12.16,49.30,25.84,40.00,44.03,33.62,104.02,157.50,42.60,49.99,20.74,11.00,35.25,19.64,42.54,65.46,44.30,14.70,32.20,25.00,61.73,25.97,211.60,284.00,150.14,65.97,123.33,43.00,7.81,5.08,24.97,42.80,21.56,12.26,13.37,4.00,0,휴식 (Relax)
320.00,572.00,135.00,551.00,28.00,48.81,9.02,62.38,72.44,17.62,41.36,33.09,32.00,34.36,25.26,102.65,162.41,41.41,60.98,10.94,22.00,19.68,26.86,34.39,75.66,47.49,2.94,23.71,41.00,19.41,61.12,205.57,294.25,153.76,55.80,55.12,119.00,16.39,16.07,29.75,34.71,17.71,8.47,9.00,7.00,0,휴식 (Relax)
312.00,572.00,140.00,583.00,36.00,34.90,19.20,68.16,72.44,20.73,30.19,49.09,16.00,31.19,7.89,132.97,134.27,15.96,46.00,43.64,11.00,3.95,42.86,47.48,65.22,31.50,13.17,27.24,25.00,51.99,91.75,237.39,262.55,120.95,24.69,76.12,86.00,11.40,13.09,24.90,38.60,22.28,12.98,9.03,12.00,0,휴식 (Relax)
320.00,616.00,145.00,627.00,39.00,27.16,22.87,76.14,64.50,25.97,29.75,41.85,24.00,23.15,29.16,113.19,155.56,17.06,70.41,75.64,44.00,8.24,39.42,43.67,69.34,29.77,16.92,28.33,20.00,30.35,88.21,201.34,293.96,106.73,52.60,130.00,10.00,5.79,22.58,27.55,32.02,16.14,6.34,18.31,3.00,0,휴식 (Relax)
336.00,594.00,151.00,605.00,31.00,43.11,29.75,72.82,68.35,41.00,22.87,33.80,40.00,41.21,59.73,135.67,134.27,31.32,38.91,51.28,11.00,17.95,41.67,48.54,63.98,22.20,18.58,31.26,31.00,74.19,129.97,236.04,257.41,64.77,32.39,109.91,54.00,5.79,22.58,27.55,32.02,16.14,6.34,18.31,3.00,0,휴식 (Relax)
304.00,561.00,140.00,551.00,24.00,24.00,6.12,52.94,91.21,49.85,14.78,42.61,64.00,35.93,51.88,106.93,162.41,61.01,40.80,53.97,22.00,14.52,37.23,43.62,68.54,17.33,23.37,35.13,36.00,25.18,80.49,184.92,300.62,49.54,92.04,132.63,119.00,12.22,19.56,27.60,32.57,12.82,12.94,4.94,15.00,0,휴식 (Relax)
312.00,561.00,135.00,551.00,28.00,25.08,10.61,39.31,96.66,59.94,25.60,29.82,48.00,62.28,79.67,117.77,149.62,67.02,13.67,38.43,11.00,27.42,13.53,46.44,63.00,34.00,13.53,11.09,9.00,95.12,127.20,231.42,248.85,37.46,49.23,76.37,32.00,16.98,24.06,32.59,27.86,7.89,9.01,5.21,10.00,0,휴식 (Relax)
312.00,594.00,151.00,616.00,42.00,38.12,25.60,46.06,82.37,45.62,10.61,44.99,64.00,40.37,59.38,95.85,170.77,89.01,10.19,33.25,33.00,16.62,16.75,35.44,74.00,34.28,24.32,5.32,2.00,31.80,63.00,171.51,307.39,86.67,109.11,59.66,33.00,10.66,10.99,29.54,36.77,16.45,18.63,17.64,6.00,0,휴식 (Relax)
328.00,605.00,151.00,627.00,33.00,30.17,22.38,38.26,86.53,47.41,11.79,52.93,72.00,12.44,61.72,93.04,165.00,84.17,41.91,62.84,11.00,5.96,18.60,32.99,74.81,43.90,16.85,12.99,9.00,58.20,68.11,192.65,286.40,116.26,57.72,102.89,43.00,14.20,12.84,34.32,33.42,12.98,13.90,14.14,1.00,0,휴식 (Relax)
328.00,572.00,145.00,561.00,24.00,13.79,54.83,51.27,57.69,8.25,28.88,26.40,32.00,21.85,72.11,103.80,154.00,73.54,33.05,51.96,0.00,11.75,20.00,46.92,60.02,34.30,19.50,2.04,6.00,58.20,68.11,192.65,286.40,116.26,57.72,102.89,43.00,4.01,2.83,28.48,43.42,21.75,14.35,15.99,11.00,0,휴식 (Relax)
328.00,551.00,135.00,530.00,28.00,13.79,54.83,51.27,57.69,8.25,28.88,26.40,32.00,43.15,33.01,86.57,167.16,60.63,71.22,18.65,65.00,1.75,24.88,41.12,62.63,41.07,20.03,11.79,16.00,58.37,69.22,190.24,290.15,154.21,56.38,18.98,65.00,8.45,8.80,37.43,39.29,14.52,5.15,9.62,0.00,0,휴식 (Relax)
296.00,561.00,135.00,583.00,39.00,18.44,52.86,59.19,48.00,30.69,45.50,29.10,64.00,85.46,71.65,129.18,127.77,17.03,32.06,26.72,21.00,14.47,40.84,52.43,47.85,27.51,30.86,7.79,0.00,80.37,91.09,212.08,268.73,133.56,50.77,16.56,43.00,5.77,7.84,31.44,47.07,20.69,3.25,8.40,8.00,0,휴식 (Relax)
320.00,616.00,145.00,638.00,39.00,18.44,52.86,59.19,48.00,30.69,45.50,29.10,64.00,50.06,33.27,108.24,162.79,46.74,62.01,78.54,34.00,9.89,37.27,48.12,50.25,29.40,35.79,12.56,5.00,31.29,72.80,187.16,296.65,153.22,117.20,81.69,34.00,12.45,15.54,35.40,46.04,14.93,7.39,12.03,0.00,0,휴식 (Relax)
336.00,616.00,162.00,638.00,28.00,21.16,23.11,59.59,57.69,60.55,35.47,45.42,32.00,76.73,76.89,157.64,132.00,44.12,15.80,44.63,21.00,26.95,49.97,62.01,28.23,3.49,30.68,19.69,27.00,115.97,165.17,276.11,215.52,57.14,52.27,54.79,64.00,9.45,13.15,32.49,49.04,16.69,10.25,14.86,3.00,0,휴식 (Relax)
336.00,572.00,140.00,551.00,24.00,44.96,29.75,83.49,40.00,49.84,22.87,23.56,56.00,56.24,57.25,143.30,152.28,65.77,32.20,52.73,43.00,16.05,38.99,51.63,38.60,14.18,40.94,30.39,38.00,52.64,115.59,236.96,262.69,83.64,105.17,114.61,129.00,7.47,19.28,33.76,50.70,5.15,13.28,1.34,12.00,0,휴식 (Relax)
312.00,551.00,135.00,540.00,31.00,30.08,13.86,77.58,53.67,63.33,13.86,8.58,72.00,3.36,68.80,176.66,142.00,74.22,25.70,31.43,11.00,15.95,25.65,57.73,40.31,26.84,20.78,16.74,11.00,68.58,157.72,305.59,216.01,41.06,38.82,21.06,31.00,9.45,21.28,35.76,48.76,3.62,11.29,1.74,10.00,0,휴식 (Relax)
320.00,594.00,145.00,627.00,42.00,25.57,8.66,83.96,50.60,57.35,20.91,16.48,64.00,14.08,57.96,166.58,153.00,85.12,36.18,32.72,22.00,11.06,22.80,52.75,44.94,30.98,22.80,19.59,6.00,12.90,81.80,241.90,289.39,116.67,107.16,69.43,45.00,7.34,15.60,31.87,55.23,12.59,12.02,16.84,6.00,0,휴식 (Relax)
320.00,616.00,145.00,627.00,39.00,25.57,8.66,83.96,50.60,57.35,20.91,16.48,64.00,57.65,32.93,173.69,158.93,84.88,40.59,57.54,22.00,1.79,13.42,50.56,49.40,33.99,13.42,11.54,16.00,80.66,55.93,271.90,282.21,116.58,56.48,10.70,31.00,18.34,25.08,42.23,46.23,12.32,1.02,8.77,5.00,0,휴식 (Relax)
328.00,583.00,145.00,572.00,28.00,25.69,8.66,88.06,48.00,41.35,20.91,10.75,80.00,67.68,40.68,184.64,148.37,74.00,29.66,46.83,11.00,5.02,8.82,54.96,45.22,29.00,18.23,16.16,11.00,71.49,46.72,261.02,293.21,127.56,62.40,21.13,42.00,11.45,17.89,37.64,51.62,20.31,7.35,11.46,13.00,0,휴식 (Relax)
320.00,561.00,140.00,540.00,26.00,25.69,8.66,88.06,48.00,41.35,20.91,10.75,80.00,48.17,15.04,165.99,172.53,65.20,36.30,10.68,44.00,0.16,11.29,51.26,48.27,27.81,21.28,21.16,6.00,78.49,41.34,254.68,308.95,119.16,26.71,66.26,45.00,12.68,19.42,46.69,43.57,19.80,8.64,5.95,0.00,0,휴식 (Relax)
312.00,572.00,135.00,572.00,36.00,42.24,28.46,80.87,53.67,30.19,9.27,15.38,56.00,62.37,35.83,184.72,154.93,43.52,16.13,11.91,22.00,16.05,18.99,59.04,37.44,16.41,27.04,9.58,22.00,108.67,70.83,286.41,277.86,86.51,32.17,36.83,12.00,8.74,14.76,42.33,47.89,24.78,13.57,8.14,5.00,0,휴식 (Relax)
312.00,616.00,145.00,627.00,42.00,34.41,21.78,74.20,60.93,22.49,17.13,22.00,48.00,20.75,46.54,145.14,194.45,47.01,54.85,65.12,33.00,11.56,18.90,54.19,41.68,11.44,32.01,11.07,27.00,32.89,78.84,247.59,312.85,78.91,108.13,65.43,64.00,10.71,6.64,48.33,42.30,23.06,14.62,16.91,13.00,0,휴식 (Relax)
328.00,605.00,156.00,616.00,33.00,18.82,25.60,61.27,68.82,35.13,10.61,17.02,64.00,36.87,90.46,170.63,170.84,14.35,26.22,33.78,11.00,16.95,37.68,55.47,36.00,26.28,20.60,13.90,6.00,40.30,143.36,296.51,261.34,13.92,76.19,7.38,1.00,14.79,11.63,53.29,37.34,18.09,9.63,11.93,8.00,0,휴식 (Relax)
328.00,572.00,145.00,561.00,24.00,12.25,41.36,67.89,56.57,40.19,9.02,16.78,48.00,28.48,77.30,150.02,190.79,35.49,42.89,40.14,33.00,11.12,32.44,49.53,42.00,26.71,24.49,18.26,0.00,14.79,107.10,250.76,300.78,50.81,116.96,52.61,56.00,14.61,12.07,51.40,39.22,18.15,12.42,7.38,10.00,0,휴식 (Relax)
328.00,551.00,140.00,540.00,28.00,12.25,41.36,67.89,56.57,40.19,9.02,16.78,48.00,68.98,104.82,158.94,176.38,45.97,16.84,31.11,21.00,1.13,31.75,44.77,43.42,36.43,13.49,15.72,11.00,100.31,153.50,285.34,253.19,69.57,37.56,49.03,31.00,19.10,17.06,56.17,34.54,13.21,7.68,2.44,5.00,0,휴식 (Relax)
304.00,561.00,140.00,572.00,36.00,16.09,44.89,66.20,43.08,41.02,30.48,33.17,72.00,79.98,115.82,169.92,165.47,36.50,5.90,29.22,10.00,5.48,35.79,48.60,38.60,33.01,17.30,14.06,6.00,90.59,142.51,274.49,263.18,79.13,38.96,59.90,42.00,7.10,12.85,49.42,40.61,15.85,11.70,9.59,7.00,0,휴식 (Relax)
320.00,616.00,151.00,638.00,39.00,22.09,52.44,73.92,35.78,33.04,24.04,25.23,64.00,31.50,83.07,153.58,169.54,81.02,61.79,81.07,55.00,10.68,20.34,35.56,45.80,42.82,25.58,14.56,10.00,88.55,105.89,271.60,240.00,139.42,76.57,52.17,66.00,5.17,22.30,56.97,32.65,5.70,1.59,3.92,4.00,0,휴식 (Relax)
328.00,605.00,156.00,627.00,31.00,27.02,28.11,60.36,35.78,34.11,38.91,9.73,32.00,56.63,113.11,194.21,127.47,56.13,40.26,37.21,11.00,31.38,22.28,47.02,31.38,25.22,32.15,22.72,11.00,128.21,142.96,314.68,196.00,105.33,66.20,9.54,22.00,2.99,15.22,49.83,39.12,11.04,8.73,11.40,12.00,0,휴식 (Relax)
328.00,583.00,140.00,572.00,28.00,34.63,30.98,67.12,28.84,26.20,30.98,3.10,40.00,25.06,80.44,173.66,142.04,84.15,66.67,18.25,22.00,27.08,17.40,42.43,35.78,27.48,37.11,27.55,16.00,62.25,82.44,283.80,206.81,145.09,124.03,61.27,44.00,13.49,17.01,52.22,34.48,7.13,6.37,2.12,1.00,0,휴식 (Relax)
312.00,551.00,130.00,530.00,28.00,11.15,10.61,50.07,46.65,31.46,25.60,21.81,64.00,40.00,68.18,216.15,93.81,56.55,20.43,59.85,43.00,27.90,19.27,54.11,35.78,6.54,23.26,6.53,16.00,58.37,119.52,368.54,110.00,67.18,52.07,51.35,64.00,13.49,17.01,52.22,34.48,7.13,6.37,2.12,1.00,0,휴식 (Relax)
320.00,583.00,151.00,605.00,39.00,11.06,6.12,59.94,40.79,16.28,14.78,10.74,48.00,30.35,58.83,206.25,102.93,67.00,29.64,68.79,54.00,19.28,9.36,43.64,45.88,17.13,32.65,17.28,27.00,6.47,65.65,325.62,148.81,113.18,96.08,105.27,118.00,12.74,8.12,47.46,33.38,13.44,10.68,13.75,16.00,0,휴식 (Relax)
320.00,605.00,151.00,627.00,36.00,4.67,8.00,52.61,48.66,18.57,8.00,13.93,40.00,44.62,11.38,216.83,87.01,53.27,27.47,58.57,0.00,8.32,17.52,45.78,53.60,20.65,18.31,4.53,11.00,81.31,67.66,361.63,120.00,78.88,33.65,44.80,31.00,17.07,12.20,51.74,28.44,10.07,6.42,9.70,11.00,0,휴식 (Relax)
336.00,616.00,151.00,616.00,31.00,12.66,24.00,55.69,48.66,3.22,24.00,7.45,56.00,66.32,28.75,238.77,65.01,31.81,12.05,48.51,22.00,7.18,23.40,51.76,48.92,14.88,20.16,6.60,17.00,71.46,56.68,350.75,131.00,89.39,41.56,48.19,20.00,6.11,3.65,43.59,32.25,18.68,12.44,11.39,0.00,0,휴식 (Relax)
320.00,561.00,135.00,530.00,28.00,12.66,24.00,55.69,48.66,3.22,24.00,7.45,56.00,19.12,31.03,220.07,84.50,42.80,62.12,45.24,77.00,13.31,19.42,48.12,55.97,17.41,19.42,14.17,27.00,75.83,65.85,340.84,162.41,81.01,55.91,70.12,117.00,5.31,13.41,49.15,23.35,12.69,3.19,5.58,11.00,0,휴식 (Relax)
296.00,551.00,130.00,551.00,33.00,27.52,40.00,50.82,62.48,28.80,40.00,34.74,24.00,35.49,61.78,246.75,63.29,23.23,40.56,50.37,45.00,28.21,30.53,60.58,47.41,3.49,30.53,11.73,12.00,95.35,86.58,360.61,146.00,60.29,42.09,59.06,96.00,0.60,9.55,44.30,27.02,16.98,6.98,6.67,16.00,0,휴식 (Relax)
312.00,594.00,151.00,627.00,36.00,35.52,47.93,58.63,56.57,26.85,32.10,26.91,32.00,6.41,51.38,220.93,93.05,53.99,59.56,78.69,12.00,18.07,19.99,52.34,57.38,13.03,41.31,21.35,1.00,9.88,77.45,309.72,213.52,95.27,105.36,104.30,9.00,9.96,14.21,44.14,22.14,11.52,4.25,10.74,6.00,0,휴식 (Relax)
344.00,605.00,156.00,627.00,36.00,13.39,37.73,48.48,82.37,57.06,29.67,18.93,64.00,29.27,77.87,233.57,87.00,43.69,26.80,45.71,45.00,17.14,22.26,63.51,53.01,16.98,33.89,0.74,22.00,50.23,130.82,346.30,191.09,54.36,58.26,51.77,64.00,9.96,14.21,44.14,22.14,11.52,4.25,10.74,6.00,0,휴식 (Relax)
320.00,572.00,140.00,540.00,24.00,17.65,44.05,55.90,78.79,52.82,22.18,13.16,56.00,24.72,37.77,189.69,131.00,86.24,36.16,15.59,89.00,13.22,17.35,58.78,58.01,21.48,37.32,4.99,27.00,39.72,76.72,268.13,275.54,126.98,103.06,35.32,151.00,12.44,13.51,35.55,23.71,10.07,15.92,7.49,24.00,0,휴식 (Relax)
320.00,572.00,125.00,551.00,31.00,10.80,36.21,50.80,86.16,58.21,15.00,7.69,48.00,57.13,45.93,182.34,135.09,73.73,5.53,29.62,56.00,19.43,18.75,65.04,65.30,37.77,6.36,26.19,4.00,104.59,122.31,283.88,270.19,95.69,40.95,36.56,86.00,14.42,15.50,37.13,21.95,8.42,14.27,5.55,22.00,0,휴식 (Relax)
312.00,583.00,151.00,627.00,42.00,6.65,30.81,60.66,81.58,43.89,24.23,22.21,64.00,46.62,35.12,172.94,145.78,83.14,13.45,37.57,45.00,15.12,13.07,59.05,70.68,42.94,5.41,31.90,10.00,52.50,59.24,217.94,336.15,154.38,66.44,102.54,20.00,5.37,11.58,23.48,34.67,21.87,21.30,14.06,4.00,0,휴식 (Relax)
320.00,627.00,151.00,627.00,36.00,13.13,36.36,68.16,73.76,43.45,24.45,14.36,56.00,51.44,50.27,119.27,179.01,52.71,63.68,65.87,121.00,16.05,13.48,56.40,76.01,45.42,6.35,24.30,1.00,92.63,86.80,197.41,349.72,113.70,23.76,38.77,107.00,13.19,19.45,28.44,31.02,17.27,13.33,6.25,12.00,0,휴식 (Relax)
328.00,583.00,145.00,572.00,28.00,17.69,12.51,70.98,72.44,23.84,46.34,14.99,32.00,72.95,71.08,132.94,162.11,31.35,49.09,44.13,99.00,20.03,18.29,60.73,71.85,40.43,6.12,25.84,4.00,92.63,86.80,197.41,349.72,113.70,23.76,38.77,107.00,5.84,13.92,21.26,38.60,23.44,10.30,5.33,20.00,0,휴식 (Relax)
312.00,561.00,135.00,540.00,26.00,9.91,18.24,63.03,80.40,16.42,53.55,22.88,24.00,22.54,65.33,83.26,203.21,41.97,81.27,14.88,44.00,5.13,9.54,49.31,82.04,36.55,21.75,30.57,20.00,19.35,78.96,143.05,388.49,65.90,90.20,83.72,9.00,11.08,20.97,26.46,37.05,14.74,9.72,8.72,7.00,0,휴식 (Relax)
304.00,561.00,140.00,572.00,36.00,14.14,32.68,55.42,86.16,28.06,50.16,6.14,48.00,40.60,106.46,100.78,180.75,24.47,38.39,29.87,88.00,11.36,23.91,58.57,71.40,22.98,13.57,32.00,4.00,69.87,133.18,188.05,342.03,21.74,51.79,59.77,64.00,6.11,15.99,21.66,42.05,18.48,10.41,12.96,2.00,0,휴식 (Relax)
320.00,616.00,145.00,627.00,39.00,21.85,35.18,62.50,78.79,30.88,44.29,6.18,40.00,9.19,79.20,69.04,211.15,57.47,38.12,60.75,121.00,7.59,19.70,53.89,75.45,18.62,17.26,35.55,1.00,19.06,95.69,148.28,376.11,33.28,87.37,93.44,119.00,5.35,12.45,23.54,43.97,10.74,17.86,9.89,13.00,0,휴식 (Relax)
336.00,605.00,162.00,627.00,33.00,13.90,49.03,47.31,91.21,54.82,20.31,26.58,16.00,45.23,92.33,85.22,198.22,61.50,22.30,36.67,67.00,30.87,35.00,62.11,62.97,34.01,15.14,11.86,31.00,91.28,150.94,212.02,310.41,90.38,20.24,24.68,22.00,10.34,16.56,28.54,39.22,8.35,13.03,8.05,8.00,0,휴식 (Relax)
320.00,583.00,135.00,561.00,26.00,13.90,49.03,47.31,91.21,54.82,20.31,26.58,16.00,45.23,92.33,85.22,198.22,61.50,22.30,36.67,67.00,15.26,19.55,46.28,78.77,34.96,29.66,14.38,47.00,48.93,107.38,175.03,346.83,124.44,63.97,47.80,22.00,5.71,5.35,26.63,45.22,4.88,13.47,11.60,5.00,0,휴식 (Relax)
328.00,561.00,140.00,551.00,28.00,21.61,54.73,55.04,86.53,49.17,21.47,31.58,8.00,36.44,59.26,89.60,198.22,66.22,59.78,26.35,111.00,9.93,17.98,45.17,78.00,44.04,26.39,14.48,36.00,53.24,88.73,207.01,313.21,156.51,50.83,61.02,54.00,13.32,10.48,34.35,38.95,8.75,6.02,10.30,3.00,0,휴식 (Relax)
312.00,572.00,145.00,605.00,36.00,4.76,58.41,56.67,67.88,27.67,44.32,46.31,16.00,74.33,79.06,133.58,154.57,22.44,28.92,46.70,67.00,13.17,23.11,50.80,72.00,39.44,23.11,11.05,42.00,63.83,97.84,217.76,302.91,145.96,40.11,50.56,43.00,8.46,5.79,31.69,42.45,13.20,1.56,13.79,8.00,0,휴식 (Relax)
320.00,605.00,151.00,638.00,36.00,4.76,58.41,56.67,67.88,27.67,44.32,46.31,16.00,30.40,35.17,122.35,166.63,44.81,62.55,90.28,23.00,6.43,9.27,41.97,73.76,47.40,9.27,11.23,58.00,45.71,25.10,224.31,283.00,173.23,76.16,57.53,65.00,5.63,8.38,37.25,37.44,15.35,7.86,6.43,0.00,0,휴식 (Relax)
344.00,616.00,151.00,605.00,28.00,43.32,21.72,53.79,48.00,21.15,58.04,63.23,32.00,40.64,43.53,182.49,110.00,40.72,22.92,33.75,88.00,23.46,23.64,58.29,53.45,27.85,30.25,19.40,37.00,99.25,78.52,278.15,229.00,120.53,39.51,19.93,11.00,4.69,3.41,32.84,41.68,20.31,11.42,1.85,5.00,0,휴식 (Relax)
320.00,551.00,145.00,551.00,26.00,50.75,26.36,61.79,40.00,21.21,50.05,56.04,24.00,2.82,11.04,157.97,140.09,81.81,64.06,46.29,131.00,19.08,18.21,53.52,55.54,29.07,34.85,25.34,31.00,47.50,53.27,253.47,241.28,134.02,100.28,85.66,65.00,10.79,8.46,35.55,37.64,19.95,13.80,11.72,5.00,0,휴식 (Relax)
312.00,551.00,135.00,551.00,33.00,34.69,5.74,57.75,51.22,52.96,33.45,24.33,8.00,56.78,62.81,196.43,114.18,89.38,36.88,20.36,77.00,23.48,23.72,62.89,37.20,8.34,38.02,7.51,52.00,95.01,125.71,319.62,170.84,58.53,44.22,17.17,11.00,12.98,11.24,38.55,34.79,17.01,10.85,8.93,2.00,0,휴식 (Relax)
312.00,605.00,145.00,627.00,39.00,37.38,12.25,65.54,45.25,49.85,29.56,32.23,0.00,28.96,42.29,168.25,146.01,122.34,65.14,41.73,44.00,19.20,18.73,58.02,40.36,6.42,42.75,8.67,57.00,13.93,72.01,260.98,223.56,93.82,112.90,86.74,98.00,14.27,14.31,35.91,33.24,15.05,8.31,11.16,13.00,0,휴식 (Relax)
336.00,616.00,162.00,638.00,33.00,27.65,16.00,57.90,57.69,62.77,16.00,46.73,16.00,43.54,71.75,182.32,142.35,114.95,29.72,37.10,88.00,18.71,26.18,64.06,27.89,31.32,19.56,30.55,20.00,76.18,138.54,315.64,175.86,47.21,48.91,16.89,11.00,16.03,16.31,37.78,31.26,13.05,6.31,9.23,11.00,0,휴식 (Relax)
328.00,572.00,140.00,551.00,26.00,19.13,32.00,70.25,50.60,50.69,32.00,36.68,0.00,33.11,61.04,171.34,153.33,125.26,33.77,46.19,99.00,11.62,15.95,53.09,38.64,36.17,28.14,40.27,9.00,37.68,70.72,247.39,247.95,122.14,106.85,85.46,65.00,1.12,12.37,29.47,36.89,15.97,12.37,6.88,5.00,0,휴식 (Relax)
312.00,561.00,135.00,540.00,31.00,24.69,26.94,63.64,58.24,54.45,38.08,36.55,8.00,32.90,62.86,161.78,170.84,94.64,34.34,21.14,33.00,19.92,18.98,50.54,44.42,46.89,13.18,31.47,25.00,113.56,105.70,272.38,239.92,111.20,39.90,18.89,22.00,4.70,17.06,33.39,32.80,11.38,8.05,2.42,0.00,0,휴식 (Relax)
312.00,605.00,140.00,616.00,42.00,40.30,34.10,69.20,56.00,38.75,39.05,32.34,8.00,14.79,41.53,141.22,190.79,113.64,49.37,40.61,11.00,24.82,23.94,55.19,40.22,42.51,15.19,31.81,20.00,70.10,61.83,228.46,283.78,154.93,71.20,56.64,66.00,10.52,8.07,22.74,42.80,18.82,15.32,13.34,14.00,0,휴식 (Relax)
328.00,605.00,162.00,649.00,36.00,24.93,18.24,53.26,72.00,39.44,53.55,29.57,24.00,43.11,20.44,114.54,212.19,84.90,61.19,30.36,55.00,5.82,16.97,41.61,59.91,53.39,28.03,36.39,7.00,64.18,84.67,219.38,311.43,141.78,44.06,53.07,43.00,20.47,16.22,28.86,37.58,11.40,6.07,4.21,4.00,0,휴식 (Relax)
328.00,583.00,140.00,572.00,28.00,17.99,13.69,51.61,75.89,16.07,33.05,43.29,0.00,65.09,41.48,129.39,194.45,73.71,39.52,19.79,33.00,5.82,16.97,41.61,59.91,53.39,28.03,36.39,7.00,64.18,84.67,219.38,311.43,141.78,44.06,53.07,43.00,13.77,9.27,21.77,44.94,17.24,9.27,7.43,4.00,0,휴식 (Relax)
320.00,572.00,140.00,561.00,28.00,17.99,13.69,51.61,75.89,16.07,33.05,43.29,0.00,30.97,24.54,90.82,224.29,29.73,23.83,39.71,11.00,1.80,12.83,37.36,64.14,53.01,30.97,37.83,2.00,8.60,72.17,188.75,344.25,122.84,62.46,40.87,23.00,13.31,13.80,25.98,42.30,10.26,1.91,3.84,7.00,0,휴식 (Relax)
304.00,572.00,130.00,572.00,39.00,17.73,23.44,42.00,91.21,29.30,27.03,11.64,32.00,42.43,56.43,103.05,203.21,51.48,12.79,30.88,22.00,30.85,33.39,53.72,55.01,27.19,3.01,28.40,34.00,60.71,122.79,232.77,300.67,76.49,9.05,29.01,32.00,10.09,7.81,20.14,48.26,15.32,7.81,9.27,13.00,0,휴식 (Relax)
320.00,616.00,145.00,638.00,39.00,17.73,23.44,42.00,91.21,29.30,27.03,11.64,32.00,18.16,35.14,70.54,230.67,55.95,37.25,56.86,55.00,22.20,24.45,44.82,65.01,17.68,9.28,28.46,44.00,25.16,65.28,175.29,355.69,33.37,76.27,91.49,109.00,9.85,10.00,22.55,48.66,10.28,10.00,8.05,0.00,0,휴식 (Relax)
328.00,605.00,156.00,627.00,31.00,17.73,23.44,42.00,91.21,29.30,27.03,11.64,32.00,34.88,66.25,75.93,211.15,91.56,43.92,13.25,11.00,19.44,25.91,49.46,66.71,23.82,14.31,35.44,28.00,100.06,112.95,220.47,312.46,43.37,49.89,58.73,33.00,11.12,12.98,25.54,45.71,7.40,7.04,5.40,3.00,0,휴식 (Relax)
336.00,583.00,140.00,561.00,28.00,30.84,39.45,56.54,73.76,24.04,10.39,25.51,56.00,43.29,76.89,86.93,200.93,83.52,32.98,24.21,22.00,17.02,21.34,44.47,71.59,22.14,19.25,39.88,23.00,59.65,70.31,180.57,351.56,69.56,91.47,88.38,11.00,12.54,10.12,24.30,47.76,6.29,7.18,2.96,11.00,0,휴식 (Relax)
304.00,551.00,135.00,551.00,31.00,15.61,24.00,42.61,86.53,39.95,24.00,41.48,72.00,47.84,67.09,84.20,187.30,115.88,34.68,76.49,76.00,12.86,7.98,42.19,76.56,38.03,15.82,23.92,39.00,69.97,83.68,207.45,323.60,124.19,48.01,20.55,76.00,16.75,14.08,28.99,43.08,1.44,2.42,3.61,6.00,0,휴식 (Relax)
320.00,594.00,145.00,616.00,39.00,8.44,25.60,53.06,75.89,36.04,10.61,20.56,48.00,68.13,86.37,106.07,165.47,96.58,13.41,58.61,54.00,13.82,11.00,47.87,71.11,35.65,11.00,29.71,33.00,59.79,72.71,196.55,334.38,133.38,57.41,19.79,87.00,5.88,4.33,23.30,48.26,11.27,8.68,14.54,5.00,0,휴식 (Relax)
328.00,627.00,145.00,638.00,36.00,3.96,17.89,45.41,83.52,43.86,17.89,18.71,40.00,9.12,29.94,97.31,172.66,132.09,72.28,72.83,22.00,13.82,11.00,47.87,71.11,35.65,11.00,29.71,33.00,27.29,57.32,193.75,328.74,170.81,35.98,92.68,0.00,4.24,11.38,31.40,40.36,10.73,6.68,6.06,5.00,0,휴식 (Relax)
328.00,572.00,168.00,627.00,20.00,18.31,8.00,47.07,80.40,37.53,8.00,19.81,56.00,30.08,45.38,118.19,152.86,112.78,56.38,54.28,1.00,40.49,26.39,69.54,43.84,15.62,41.51,30.86,66.00,101.21,132.71,268.66,252.96,100.69,43.17,22.56,76.00,8.90,5.08,22.50,50.00,23.72,19.55,12.80,18.00,0,휴식 (Relax)
344.00,561.00,125.00,520.00,28.00,50.07,38.08,78.94,48.66,21.55,26.94,35.96,24.00,19.07,9.67,104.89,173.36,122.96,72.94,13.52,43.00,20.59,12.78,53.14,59.68,35.14,55.29,48.88,86.00,53.01,85.93,232.95,283.10,156.16,145.92,101.63,183.00,19.69,15.96,30.23,44.28,22.15,13.24,2.05,7.00,0,휴식 (Relax)
304.00,551.00,135.00,572.00,39.00,25.88,22.67,70.72,53.67,15.72,51.83,67.66,8.00,83.79,71.95,164.82,125.25,57.98,10.38,77.60,22.00,14.07,35.16,66.68,51.16,31.48,58.67,21.94,59.00,109.35,142.39,292.00,226.36,102.47,119.21,38.62,117.00,14.80,12.01,25.22,49.77,27.95,16.90,3.99,1.00,0,휴식 (Relax)
312.00,594.00,145.00,616.00,39.00,28.74,36.23,85.48,40.00,25.02,48.98,52.55,8.00,63.55,56.68,151.48,143.12,54.48,11.63,98.70,44.00,9.82,30.77,61.95,56.14,36.46,63.26,17.69,54.00,44.43,85.36,249.39,268.76,140.96,165.32,50.55,52.00,14.85,19.71,31.13,46.39,22.94,3.91,9.61,14.00,0,휴식 (Relax)
328.00,627.00,151.00,638.00,39.00,19.66,21.97,75.46,51.22,39.70,61.17,42.61,24.00,54.00,93.21,195.75,120.60,24.11,58.06,60.73,22.00,7.14,31.00,63.22,57.27,32.32,48.85,29.45,70.00,61.78,121.68,312.53,213.03,67.18,70.09,50.42,150.00,21.52,27.65,38.89,38.47,16.58,10.93,2.41,6.00,0,휴식 (Relax)
320.00,583.00,140.00,561.00,24.00,15.83,22.08,80.14,46.65,39.93,53.30,44.42,16.00,39.93,71.50,176.48,142.51,23.38,76.76,68.18,44.00,7.14,31.00,63.22,57.27,32.32,48.85,29.45,70.00,7.64,66.70,263.65,264.09,111.55,69.44,100.14,205.00,3.86,21.57,39.95,39.85,6.86,25.20,17.61,12.00,0,휴식 (Relax)
328.00,551.00,151.00,540.00,24.00,15.83,22.08,80.14,46.65,39.93,53.30,44.42,16.00,34.05,60.46,191.65,148.08,71.68,79.18,42.65,10.00,10.63,20.64,57.95,60.54,25.48,44.45,28.77,59.00,104.44,79.64,298.04,249.88,76.79,52.05,71.84,96.00,8.16,31.41,51.90,28.64,5.14,23.35,6.75,0.00,0,휴식 (Relax)
304.00,551.00,145.00,561.00,36.00,38.65,4.88,80.86,40.00,31.63,54.04,59.25,40.00,54.09,89.21,223.64,117.75,58.54,51.05,61.97,22.00,5.99,22.90,54.62,65.19,28.84,40.10,31.57,54.00,114.89,90.56,308.97,238.92,65.82,50.44,63.94,107.00,3.42,23.87,48.77,32.80,11.07,29.97,7.93,8.00,0,휴식 (Relax)
320.00,616.00,145.00,616.00,33.00,38.65,4.88,80.86,40.00,31.63,54.04,59.25,40.00,48.94,52.12,211.89,139.63,98.38,10.16,104.79,66.00,1.18,22.36,49.87,67.12,24.34,44.96,27.34,59.00,80.80,70.98,298.03,249.84,63.74,96.63,27.05,162.00,7.40,22.45,52.64,29.00,12.37,25.18,4.20,3.00,0,휴식 (Relax)
344.00,605.00,168.00,627.00,33.00,22.86,35.79,66.73,56.57,28.12,93.29,19.42,0.00,75.00,61.15,240.42,115.43,80.43,33.56,72.90,33.00,36.86,27.32,60.77,36.24,43.04,40.29,64.97,21.00,96.38,116.13,347.22,198.15,8.76,50.40,72.07,107.00,1.41,19.68,47.53,33.42,18.36,23.12,3.78,3.00,0,휴식 (Relax)
328.00,572.00,140.00,551.00,28.00,28.88,42.14,73.91,51.22,20.53,87.00,26.56,8.00,31.73,21.02,208.29,151.09,115.40,66.51,48.63,11.00,32.31,26.95,55.90,40.22,42.30,44.87,69.76,16.00,55.01,44.04,289.79,245.07,84.72,102.14,159.00,20.00,9.69,10.78,50.78,27.86,17.94,19.69,10.10,8.00,0,휴식 (Relax)
304.00,561.00,130.00,540.00,33.00,7.75,44.36,58.57,71.55,31.37,88.09,46.71,32.00,12.96,23.02,230.11,134.12,84.76,67.17,60.38,33.00,24.82,49.11,57.90,33.14,67.56,23.16,52.03,42.00,90.40,106.42,344.30,189.17,88.27,29.53,87.05,107.00,7.84,12.77,48.78,29.73,19.92,18.24,12.10,10.00,0,휴식 (Relax)
304.00,594.00,151.00,616.00,36.00,26.06,74.75,81.69,64.00,14.60,64.34,33.74,0.00,2.40,16.71,219.36,144.81,91.26,77.28,64.08,44.00,20.86,39.18,46.95,44.10,74.17,26.21,51.14,53.00,77.53,58.69,294.11,238.20,142.79,71.58,86.05,162.00,6.33,19.58,46.41,28.07,17.53,26.24,5.86,2.00,0,휴식 (Relax)
328.00,616.00,151.00,638.00,36.00,14.11,55.61,62.70,88.00,38.53,40.55,48.17,24.00,63.88,73.48,217.93,144.59,34.36,31.34,89.81,21.00,18.90,37.97,41.69,47.93,82.69,11.85,46.97,37.00,141.34,101.67,312.10,218.19,144.54,34.49,73.09,75.00,10.57,21.81,50.59,23.09,13.31,22.94,8.24,7.00,0,휴식 (Relax)
320.00,583.00,140.00,572.00,28.00,14.11,55.61,62.70,88.00,38.53,40.55,48.17,24.00,53.72,64.54,207.33,155.33,40.50,38.60,100.03,32.00,20.00,34.13,37.52,52.55,87.54,6.88,44.81,32.00,97.74,58.80,268.16,262.15,188.47,78.31,87.36,31.00,0.51,26.46,42.15,24.70,6.63,26.83,16.10,18.00,0,휴식 (Relax)
312.00,551.00,135.00,520.00,26.00,9.69,45.96,46.70,104.00,50.73,45.96,32.25,8.00,55.84,93.86,170.71,186.46,39.59,37.49,24.22,44.00,27.73,24.14,29.52,56.94,86.58,15.14,52.39,42.00,32.02,104.42,241.98,283.77,174.26,78.98,132.95,149.00,10.31,36.38,46.82,15.81,5.12,17.22,12.45,8.00,0,휴식 (Relax)
312.00,583.00,135.00,594.00,45.00,19.63,30.84,42.80,105.22,38.39,52.55,46.87,24.00,45.87,82.87,162.52,195.53,47.55,46.24,15.79,55.00,60.51,24.88,51.18,33.12,58.27,30.31,22.07,9.00,63.84,136.55,272.87,253.62,141.90,46.10,102.00,116.00,16.22,23.03,22.77,36.40,24.28,11.83,31.76,17.00,0,휴식 (Relax)
312.00,605.00,145.00,627.00,39.00,46.75,11.79,72.87,73.76,38.63,22.38,31.56,8.00,4.48,62.02,123.78,222.87,73.31,56.78,50.68,11.00,41.96,4.93,36.54,51.55,41.92,49.74,5.58,11.00,46.34,118.21,216.69,314.80,118.95,86.26,5.22,9.00,27.17,30.87,25.36,34.06,24.72,1.68,20.77,6.00,0,휴식 (Relax)
336.00,605.00,156.00,616.00,28.00,31.28,22.38,59.04,86.53,29.05,11.79,51.26,40.00,50.96,102.28,143.62,187.04,36.96,8.02,35.88,65.00,32.35,17.27,50.49,49.25,39.99,41.69,24.76,10.00,90.20,158.01,250.78,284.40,76.02,47.49,40.08,53.00,18.04,20.05,14.40,45.04,35.66,11.66,11.64,5.00,0,휴식 (Relax)
336.00,572.00,140.00,561.00,26.00,44.72,40.25,79.95,67.88,50.73,13.11,28.47,16.00,32.67,81.19,121.97,205.32,55.90,15.45,54.17,87.00,31.78,13.50,46.17,54.23,35.86,44.76,29.67,15.00,47.14,109.73,205.95,328.12,60.05,68.78,93.96,108.00,17.23,17.10,16.50,46.32,31.81,7.97,20.26,8.00,0,휴식 (Relax)
320.00,561.00,130.00,540.00,36.00,37.27,38.77,74.26,73.76,56.33,20.42,20.48,8.00,60.47,78.59,126.81,179.23,45.90,59.64,12.58,21.00,29.95,25.49,53.73,59.93,54.93,23.88,16.48,6.00,100.03,133.69,252.80,284.62,42.97,29.32,49.82,10.00,19.33,19.58,19.46,43.42,29.22,5.18,18.71,5.00,0,휴식 (Relax)
312.00,594.00,145.00,616.00,39.00,29.27,44.35,77.89,68.82,59.56,18.37,28.15,16.00,49.57,68.57,115.83,189.93,56.74,69.21,22.13,10.00,30.99,20.65,48.80,64.47,55.40,20.09,17.91,11.00,45.49,79.81,200.63,337.41,70.48,79.45,95.77,45.00,7.32,6.00,21.60,49.40,19.20,10.20,22.96,10.00,0,휴식 (Relax)
336.00,616.00,156.00,638.00,36.00,36.85,36.36,69.96,75.47,67.53,24.45,34.91,24.00,20.67,22.08,105.20,186.30,75.50,79.21,51.48,75.00,34.37,18.76,48.01,66.65,59.76,20.69,14.66,6.00,54.16,49.21,220.66,326.19,134.76,88.93,2.26,53.00,8.17,13.63,33.56,39.70,14.58,7.08,14.24,2.00,0,휴식 (Relax)
320.00,583.00,140.00,561.00,24.00,50.27,28.46,67.75,68.35,64.35,9.27,27.81,8.00,52.36,50.14,136.40,154.57,46.92,48.25,19.81,43.00,29.79,16.85,43.69,71.11,63.70,18.60,10.87,1.00,54.16,49.21,220.66,326.19,134.76,88.93,2.26,53.00,10.50,4.50,31.87,48.41,5.37,18.97,8.30,14.00,0,휴식 (Relax)
312.00,551.00,140.00,561.00,31.00,45.55,25.60,60.52,75.89,71.57,10.61,30.27,0.00,21.80,30.45,113.95,176.01,87.70,30.41,50.29,22.00,24.80,12.78,39.73,73.43,65.10,23.17,15.51,6.00,33.23,32.59,208.03,332.61,157.92,58.63,53.75,2.00,12.41,5.85,33.76,47.20,7.37,17.49,9.17,12.00,0,휴식 (Relax)
320.00,583.00,140.00,572.00,36.00,47.80,13.86,45.11,72.00,56.57,13.86,20.40,24.00,42.86,52.43,133.79,157.26,71.07,8.41,28.78,0.00,9.22,15.26,55.02,50.91,37.23,11.45,12.59,22.00,80.96,86.66,257.71,278.92,104.71,55.14,19.40,53.00,9.43,2.87,31.86,49.65,9.09,17.71,11.72,9.00,0,휴식 (Relax)
320.00,616.00,151.00,649.00,39.00,53.53,11.31,50.47,64.00,52.05,11.31,24.11,16.00,8.15,36.31,106.62,185.26,97.59,38.75,28.06,44.00,6.80,10.25,45.18,59.20,33.17,22.38,23.33,33.00,18.49,61.92,200.52,316.76,137.76,95.22,110.62,151.00,5.60,9.66,38.59,44.38,16.91,10.90,1.21,20.00,0,휴식 (Relax)
336.00,605.00,162.00,605.00,28.00,25.37,40.79,24.49,71.55,20.91,40.79,54.11,16.00,49.22,76.43,138.21,157.26,61.03,25.97,19.16,0.00,33.94,39.73,58.50,47.17,19.92,20.87,17.23,1.00,83.48,125.73,249.10,263.31,78.69,103.66,50.32,86.00,3.37,5.95,34.00,49.04,21.07,6.83,4.04,25.00,0,휴식 (Relax)
328.00,561.00,140.00,561.00,26.00,8.66,62.20,42.28,51.22,32.21,24.71,30.66,8.00,19.25,50.11,110.92,185.65,79.31,58.40,47.90,33.00,25.55,31.24,48.12,58.14,12.96,31.87,27.70,10.00,39.18,88.50,204.00,300.66,104.04,156.68,49.29,31.00,9.75,12.60,35.89,46.53,24.44,16.83,6.91,15.00,0,휴식 (Relax)
312.00,551.00,140.00,561.00,33.00,20.80,57.67,31.23,62.48,31.23,33.97,20.80,24.00,58.89,83.68,143.41,165.47,30.68,40.62,41.75,32.00,24.16,33.23,49.16,58.42,23.96,25.41,16.91,1.00,79.14,131.00,237.75,254.17,40.62,100.69,46.17,108.00,12.14,15.49,38.88,43.57,21.48,14.84,3.93,18.00,0,휴식 (Relax)
320.00,616.00,140.00,605.00,42.00,20.80,57.67,31.23,62.48,31.23,33.97,20.80,24.00,26.24,51.24,112.86,198.22,60.06,72.81,73.02,65.00,24.16,33.23,49.16,58.42,23.96,25.41,16.91,1.00,46.50,98.12,205.61,283.10,65.76,112.21,68.83,141.00,12.20,14.61,35.11,43.57,22.94,21.70,10.79,32.00,0,휴식 (Relax)
320.00,616.00,151.00,638.00,33.00,13.73,49.79,23.44,68.82,38.14,29.14,19.17,16.00,46.03,58.09,132.84,201.64,51.86,42.68,13.05,0.00,15.57,18.98,42.57,62.39,37.03,13.18,28.62,15.00,72.98,93.97,221.68,252.24,77.17,33.39,100.35,23.00,18.50,21.30,41.45,36.67,15.94,14.70,4.20,25.00,0,휴식 (Relax)
328.00,572.00,145.00,572.00,28.00,14.42,37.73,26.60,60.93,42.53,29.67,29.33,32.00,35.06,47.12,122.00,212.40,62.79,51.86,15.38,11.00,13.26,20.12,50.88,53.23,30.08,23.00,23.97,5.00,52.09,72.30,199.68,274.22,95.82,30.57,121.88,1.00,1.61,11.07,31.67,43.27,18.83,13.17,14.96,8.00,0,휴식 (Relax)
312.00,551.00,135.00,551.00,26.00,14.42,37.73,26.60,60.93,42.53,29.67,29.33,32.00,27.77,35.44,122.52,229.51,69.97,14.07,42.12,43.00,18.59,11.71,43.31,58.25,36.15,31.57,26.75,5.00,53.04,43.08,185.82,281.60,128.25,95.76,49.92,77.00,11.92,21.70,41.79,33.24,7.11,2.66,2.99,21.00,0,휴식 (Relax)
304.00,561.00,125.00,551.00,36.00,17.86,25.25,35.57,56.57,44.44,60.95,5.00,0.00,71.37,78.82,166.10,190.54,27.19,32.38,25.42,1.00,48.81,19.29,62.17,37.12,13.46,36.33,20.47,26.00,116.13,105.92,247.41,218.87,70.40,50.38,103.38,12.00,4.86,14.56,35.50,39.41,12.43,6.49,7.85,29.00,0,휴식 (Relax)
312.00,616.00,145.00,638.00,42.00,40.53,22.18,58.56,32.98,20.48,44.05,19.90,24.00,32.34,52.24,149.59,216.28,51.44,67.33,64.24,45.00,43.99,16.12,57.78,41.63,17.83,41.26,21.82,31.00,44.77,62.44,208.31,252.68,116.96,107.48,166.97,65.00,14.90,19.28,43.53,32.76,9.23,14.22,8.15,13.00,0,휴식 (Relax)
328.00,627.00,151.00,627.00,33.00,34.28,26.15,57.77,35.78,19.60,46.17,27.12,32.00,59.75,100.16,206.21,171.71,38.48,75.35,6.89,21.00,30.61,29.03,63.91,38.21,14.42,27.22,30.38,10.00,74.45,134.00,277.34,187.21,63.08,38.67,127.19,22.00,11.91,16.29,40.67,35.69,12.14,17.05,10.99,10.00,0,휴식 (Relax)
312.00,561.00,135.00,540.00,28.00,34.28,26.15,57.77,35.78,19.60,46.17,27.12,32.00,27.26,69.25,182.88,199.70,70.76,107.89,37.82,54.00,32.73,19.37,53.93,48.17,24.32,31.76,39.76,0.00,11.22,70.65,220.32,249.82,133.16,97.96,160.89,98.00,5.72,10.94,41.38,35.23,14.92,15.44,7.24,21.00,0,휴식 (Relax)
304.00,561.00,135.00,561.00,31.00,47.87,19.60,40.83,57.69,24.62,19.60,32.68,0.00,28.20,72.06,212.86,179.23,78.70,72.06,20.68,1.00,38.41,21.25,51.45,54.12,27.33,11.60,18.91,21.00,75.79,107.17,262.36,222.60,105.40,41.43,99.91,21.00,9.19,14.61,46.30,30.27,10.14,11.59,5.40,16.00,0,휴식 (Relax)
320.00,605.00,145.00,627.00,45.00,47.87,19.60,40.83,57.69,24.62,19.60,32.68,0.00,9.06,51.83,191.92,200.66,100.58,82.04,42.64,23.00,37.94,16.34,46.72,58.60,32.28,7.01,14.95,26.00,38.90,41.55,200.62,287.54,167.57,92.58,50.95,45.00,12.10,7.01,39.26,39.05,23.11,9.42,19.76,5.00,0,휴식 (Relax)
320.00,627.00,151.00,627.00,33.00,48.62,13.86,34.19,64.50,26.83,13.86,24.71,8.00,74.54,30.78,201.94,198.76,106.49,16.21,38.88,53.00,43.11,9.21,40.18,64.07,31.29,14.46,21.92,15.00,89.16,54.12,212.61,284.78,137.30,39.50,109.77,21.00,13.85,8.87,41.03,37.54,21.65,8.21,18.21,3.00,0,휴식 (Relax)
320.00,572.00,145.00,561.00,24.00,48.62,13.86,34.19,64.50,26.83,13.86,24.71,8.00,64.02,20.33,190.97,209.61,117.47,8.42,49.88,64.00,47.39,12.34,43.38,60.00,26.57,13.85,19.97,20.00,78.16,43.20,201.62,295.75,146.12,43.56,120.73,32.00,10.85,11.44,32.88,46.40,28.49,15.98,16.78,9.00,0,휴식 (Relax)
328.00,551.00,145.00,551.00,28.00,55.38,20.91,42.14,57.69,30.57,8.66,19.16,16.00,45.04,60.22,171.80,229.03,113.50,72.85,27.03,1.00,41.44,6.36,37.79,63.78,22.86,18.75,21.45,26.00,38.01,79.57,181.82,318.10,81.77,57.56,55.51,66.00,19.65,22.44,39.82,40.72,18.84,6.05,13.62,2.00,0,휴식 (Relax)
320.00,583.00,145.00,594.00,36.00,39.58,8.66,37.24,50.60,25.71,20.91,21.95,32.00,62.38,80.47,191.25,209.35,91.88,58.54,10.90,21.00,25.33,13.99,41.57,52.20,19.12,5.11,15.37,9.00,48.14,90.01,192.24,307.92,73.81,52.45,54.21,55.00,11.67,17.75,32.61,48.10,22.12,9.85,13.54,10.00,0,휴식 (Relax)
320.00,616.00,151.00,649.00,39.00,31.79,13.86,44.42,43.08,33.29,13.86,16.14,24.00,11.58,75.66,154.20,240.07,75.95,88.36,49.06,76.00,33.85,5.98,30.59,61.40,11.78,14.43,16.37,2.00,39.95,91.84,150.48,351.43,32.61,118.47,82.87,33.00,3.87,25.18,36.35,45.18,9.75,3.45,19.72,3.00,0,휴식 (Relax)
344.00,605.00,156.00,616.00,28.00,60.44,18.49,30.64,43.08,58.87,32.65,19.74,8.00,44.65,125.60,188.67,201.42,31.32,34.82,29.31,22.00,44.91,19.51,29.38,55.08,27.78,7.44,22.37,14.00,93.57,145.66,197.27,308.69,24.45,69.88,72.41,22.00,3.15,20.19,31.37,50.16,11.31,8.26,24.46,8.00,0,휴식 (Relax)
328.00,561.00,140.00,530.00,24.00,66.68,25.30,38.14,35.78,59.92,25.30,15.38,0.00,28.04,81.21,140.13,245.81,25.01,46.29,79.27,33.00,44.91,19.51,29.38,55.08,27.78,7.44,22.37,14.00,48.21,95.26,148.20,363.27,92.74,95.26,129.33,97.00,19.15,15.97,31.14,51.92,7.00,14.87,6.83,10.00,0,휴식 (Relax)
304.00,561.00,135.00,561.00,33.00,60.04,25.30,30.26,45.25,75.68,25.30,22.44,16.00,80.27,99.22,159.54,221.45,44.90,10.17,26.05,22.00,45.90,21.62,24.43,53.01,40.79,9.84,6.40,2.00,101.55,139.66,203.92,320.36,108.74,18.42,53.24,20.00,19.15,15.97,31.14,51.92,7.00,14.87,6.83,10.00,0,휴식 (Relax)
320.00,605.00,151.00,638.00,42.00,61.23,32.65,36.79,40.00,71.84,18.49,15.23,8.00,48.49,66.95,126.92,252.70,73.11,42.84,24.95,55.00,42.64,15.91,19.07,59.01,45.60,15.46,1.73,8.00,36.16,74.05,151.98,379.75,174.03,52.39,15.61,46.00,15.75,4.92,27.27,57.31,18.64,15.09,17.80,4.00,0,휴식 (Relax)
336.00,616.00,156.00,627.00,33.00,51.48,14.78,22.37,60.93,89.60,6.12,9.27,16.00,44.05,34.46,129.22,241.25,98.84,49.00,44.73,10.00,29.09,9.14,12.89,62.97,53.97,19.14,20.56,13.00,40.75,67.61,194.43,356.20,169.78,42.81,60.61,30.00,20.40,10.39,33.75,51.31,14.99,8.60,13.57,3.00,0,휴식 (Relax)
336.00,572.00,140.00,551.00,24.00,42.39,40.06,51.58,56.57,64.19,26.45,25.27,16.00,54.17,44.09,140.17,230.26,88.57,38.03,36.69,1.00,20.50,24.14,27.87,49.19,39.40,4.14,9.94,2.00,40.75,67.61,194.43,356.20,169.78,42.81,60.61,30.00,9.73,4.36,27.17,58.73,25.13,4.36,17.54,15.00,0,휴식 (Relax)
312.00,551.00,140.00,551.00,28.00,42.39,40.06,51.58,56.57,64.19,26.45,25.27,16.00,10.99,27.85,123.88,236.25,109.61,49.84,63.48,66.00,24.11,20.91,26.53,51.62,39.17,3.59,11.36,7.00,59.53,42.16,211.43,348.17,138.89,66.73,63.85,57.00,5.63,18.27,38.28,49.41,17.80,9.81,8.38,1.00,0,휴식 (Relax)
320.00,605.00,145.00,616.00,39.00,48.06,38.08,55.98,58.24,56.19,26.94,18.98,8.00,32.79,49.56,144.42,214.90,88.37,28.36,42.06,44.00,29.90,22.71,31.74,46.62,33.66,2.54,7.63,1.00,70.53,53.13,222.43,337.18,129.20,56.26,53.78,46.00,5.38,14.37,33.68,54.38,22.91,14.95,7.21,5.00,0,휴식 (Relax)
320.00,605.00,156.00,638.00,33.00,40.58,33.94,48.26,65.97,53.70,33.94,17.56,0.00,20.97,41.34,119.62,229.93,94.84,39.38,5.10,0.00,9.70,7.83,20.85,61.22,22.94,22.42,16.52,20.00,41.02,68.05,206.97,354.19,79.82,89.56,44.44,52.00,9.86,16.25,35.75,51.88,19.35,14.00,9.50,0.00,0,휴식 (Relax)
328.00,572.00,145.00,572.00,28.00,16.58,13.86,51.68,75.47,37.29,13.86,22.98,24.00,31.40,51.46,127.18,220.03,83.84,28.46,7.98,11.00,8.46,6.80,29.86,55.57,15.45,17.83,11.21,10.00,51.69,78.77,217.44,343.74,70.02,78.77,34.96,41.00,6.86,13.36,32.76,54.56,20.90,16.23,12.28,3.00,0,휴식 (Relax)
320.00,561.00,135.00,540.00,28.00,16.58,13.86,51.68,75.47,37.29,13.86,22.98,24.00,13.52,21.48,88.24,242.84,77.89,35.16,49.71,55.00,6.52,12.70,24.07,64.40,6.33,24.55,16.31,0.00,37.21,79.32,174.87,380.38,54.25,79.32,74.21,46.00,11.37,7.98,32.39,49.50,5.55,2.07,4.78,14.00,0,휴식 (Relax)
304.00,561.00,135.00,572.00,39.00,30.13,28.46,47.67,85.04,44.03,9.27,27.73,8.00,79.48,80.86,120.13,193.20,21.47,31.10,33.27,11.00,18.34,28.53,36.67,59.23,15.48,8.85,5.63,16.00,91.97,133.69,219.89,334.45,13.30,27.59,19.23,9.00,5.45,2.07,26.47,55.44,9.97,7.98,10.69,20.00,0,휴식 (Relax)
312.00,616.00,145.00,638.00,36.00,36.21,33.05,54.88,79.20,48.82,13.69,21.51,16.00,42.77,49.94,80.78,227.50,22.61,70.79,75.54,55.00,18.34,28.53,36.67,59.23,15.48,8.85,5.63,16.00,40.60,87.46,164.80,384.67,90.04,50.15,59.17,86.00,8.21,10.16,22.32,55.23,7.48,7.80,5.85,8.00,0,휴식 (Relax)
352.00,616.00,162.00,627.00,28.00,31.39,42.20,40.97,97.65,72.01,37.67,9.31,40.00,64.30,92.44,112.46,197.36,58.72,69.36,18.00,10.00,19.14,34.62,44.34,58.22,31.89,16.47,20.95,1.00,94.66,139.05,213.69,335.49,90.83,48.78,25.46,10.00,8.21,10.16,22.32,55.23,7.48,7.80,5.85,8.00,0,휴식 (Relax)
328.00,561.00,140.00,561.00,28.00,36.27,50.16,46.96,93.30,71.02,32.68,11.83,32.00,43.59,71.26,92.52,218.22,75.40,90.50,26.64,32.00,15.52,29.71,39.52,63.20,34.87,18.36,25.88,6.00,61.69,106.81,184.56,362.85,123.80,81.72,57.72,23.00,3.14,12.38,16.84,56.52,9.86,6.55,3.02,16.00,0,휴식 (Relax)
304.00,561.00,130.00,540.00,33.00,22.73,39.19,33.92,107.33,85.64,39.19,26.96,16.00,11.50,67.40,111.90,208.29,102.41,51.73,31.21,23.00,10.08,16.74,42.76,68.15,48.34,31.33,13.31,15.00,54.76,106.29,226.79,317.86,133.45,81.05,55.04,86.00,8.03,18.32,20.77,50.70,4.65,2.13,5.14,10.00,0,휴식 (Relax)
304.00,594.00,145.00,616.00,39.00,19.99,60.55,60.71,96.33,64.49,6.77,14.28,56.00,21.79,77.48,122.68,197.31,92.27,49.24,23.72,12.00,17.59,24.39,53.76,58.14,38.94,20.62,14.55,4.00,54.76,106.29,226.79,317.86,133.45,81.05,55.04,86.00,3.00,11.85,11.75,54.56,13.47,9.46,16.11,1.00,0,휴식 (Relax)
320.00,594.00,156.00,627.00,33.00,26.30,68.52,67.36,88.36,58.61,13.01,6.30,48.00,20.48,48.87,120.52,198.22,98.81,30.94,36.66,21.00,15.41,8.98,50.04,66.84,45.28,19.06,22.82,12.00,51.33,54.27,232.75,306.20,142.60,65.21,56.32,11.00,11.92,17.98,17.63,46.65,10.14,8.29,8.25,8.00,0,휴식 (Relax)
328.00,572.00,145.00,551.00,24.00,23.20,56.08,75.10,89.44,37.50,36.54,18.77,24.00,31.14,48.86,131.00,187.30,87.82,40.50,26.32,10.00,23.52,11.05,59.11,59.40,35.49,11.05,20.13,2.00,41.33,46.96,222.83,316.19,152.59,75.05,66.27,21.00,5.54,9.23,10.90,51.86,18.80,16.99,9.22,17.00,0,휴식 (Relax)
320.00,551.00,140.00,551.00,28.00,23.20,56.08,75.10,89.44,37.50,36.54,18.77,24.00,24.17,34.34,105.33,200.93,82.13,93.17,27.69,44.00,12.61,1.00,51.88,67.62,35.47,1.00,26.06,9.00,50.08,40.10,194.96,330.85,148.08,50.75,30.49,66.00,15.48,12.95,21.93,42.01,15.97,9.71,7.78,3.00,0,휴식 (Relax)
320.00,594.00,140.00,605.00,39.00,10.46,41.57,71.99,93.64,21.83,41.57,10.92,40.00,46.06,34.74,123.30,180.75,60.57,81.96,11.65,22.00,4.57,15.31,61.64,59.03,20.28,16.72,13.15,7.00,71.99,57.34,214.40,309.90,126.37,29.93,11.36,44.00,9.49,7.00,18.00,46.87,21.90,14.60,11.93,3.00,0,휴식 (Relax)
320.00,594.00,156.00,627.00,36.00,9.80,26.53,86.50,78.79,34.07,26.53,14.85,24.00,28.22,48.46,106.11,191.05,50.91,92.09,25.92,0.00,11.61,12.66,47.08,73.74,13.88,30.49,8.25,23.00,34.62,83.35,164.75,341.63,106.85,49.04,66.21,32.00,5.27,9.79,26.57,41.44,19.06,4.71,11.44,9.00,0,휴식 (Relax)
344.00,605.00,156.00,605.00,28.00,28.70,47.98,67.72,96.33,43.43,11.40,40.80,8.00,51.62,102.37,134.30,147.32,34.14,40.55,28.20,54.00,26.82,28.30,51.23,69.72,5.04,28.30,16.35,7.00,81.47,137.30,201.36,296.44,58.05,29.47,30.61,22.00,5.27,9.79,26.57,41.44,19.06,4.71,11.44,9.00,0,휴식 (Relax)
320.00,561.00,140.00,551.00,28.00,28.70,47.98,67.72,96.33,43.43,11.40,40.80,8.00,10.33,79.34,93.96,179.62,32.05,14.03,70.41,98.00,22.85,24.49,46.23,74.67,4.70,32.44,21.32,2.00,17.31,104.31,145.83,338.70,35.02,93.32,77.95,87.00,5.76,9.55,30.57,39.12,14.36,6.98,3.18,2.00,0,휴식 (Relax)
312.00,572.00,130.00,561.00,33.00,21.92,52.59,60.23,101.82,51.39,7.10,37.99,0.00,23.96,98.47,102.74,161.53,55.73,20.62,46.22,65.00,25.94,35.39,44.19,75.71,29.25,9.35,8.42,28.00,65.34,156.81,181.61,289.29,42.19,58.91,0.95,10.00,5.76,9.55,30.57,39.12,14.36,6.98,3.18,2.00,0,휴식 (Relax)
320.00,594.00,151.00,616.00,36.00,19.17,60.55,60.68,96.33,49.58,6.77,37.79,8.00,13.09,76.48,80.76,181.18,74.50,37.00,46.83,43.00,20.94,29.39,38.30,81.58,32.63,11.83,14.08,34.00,24.17,113.63,140.01,326.59,73.27,96.64,43.14,34.00,6.09,5.29,29.71,39.32,9.50,12.00,10.48,6.00,0,휴식 (Relax)
336.00,616.00,156.00,649.00,36.00,21.96,49.30,45.46,108.81,63.82,16.06,36.24,24.00,62.68,52.49,80.76,165.47,95.81,57.03,45.45,98.00,5.61,21.33,31.68,88.14,46.52,9.34,7.28,13.00,98.02,108.08,176.34,288.11,140.08,40.42,70.86,75.00,13.81,12.35,37.29,31.40,6.49,4.42,2.96,2.00,0,휴식 (Relax)
328.00,583.00,140.00,572.00,28.00,35.06,57.25,33.81,96.66,49.40,23.71,48.52,0.00,84.31,69.66,102.74,143.69,75.00,35.26,45.85,76.00,6.54,25.22,36.32,83.63,42.24,7.49,2.43,18.00,98.02,108.08,176.34,288.11,140.08,40.42,70.86,75.00,3.88,5.71,31.53,34.89,6.41,10.84,9.90,13.00,0,휴식 (Relax)
320.00,572.00,135.00,540.00,31.00,39.60,65.05,40.64,89.44,44.56,15.77,41.31,8.00,52.14,28.30,93.47,143.69,86.27,37.72,80.58,32.00,10.84,15.46,30.42,88.51,45.13,15.91,8.52,28.00,55.74,48.88,190.15,286.40,189.21,65.28,53.16,23.00,5.33,9.91,35.19,30.53,8.74,6.46,4.98,8.00,0,휴식 (Relax)
312.00,594.00,140.00,605.00,39.00,47.36,38.22,26.99,80.00,9.13,33.15,4.09,48.00,53.01,31.64,114.21,122.00,64.50,15.96,58.67,54.00,32.63,19.86,47.38,70.84,23.13,9.87,13.71,6.00,71.66,66.65,212.15,264.68,168.95,46.99,33.82,1.00,6.34,3.99,25.93,37.48,19.41,12.09,7.66,3.00,0,휴식 (Relax)
312.00,605.00,151.00,649.00,36.00,61.68,46.75,42.96,64.00,11.83,19.36,18.82,32.00,44.18,15.96,92.23,136.95,69.47,31.64,20.69,98.00,22.42,8.88,39.21,78.57,21.66,20.86,24.47,5.00,26.07,29.17,197.04,292.48,192.91,96.54,55.77,87.00,13.47,11.85,29.19,32.45,19.24,4.65,0.36,5.00,0,휴식 (Relax)
336.00,605.00,145.00,583.00,31.00,29.68,15.00,41.25,71.55,31.76,36.21,50.53,0.00,58.77,50.04,128.64,100.66,25.60,22.64,52.90,54.00,16.96,11.45,47.48,69.34,8.31,15.26,14.04,10.00,58.44,71.96,237.92,254.85,150.25,56.45,29.02,44.00,12.01,10.36,27.22,34.13,21.20,4.75,2.29,7.00,0,휴식 (Relax)
312.00,561.00,135.00,551.00,28.00,22.42,9.27,49.24,64.50,32.60,28.46,43.57,8.00,57.18,45.82,105.21,124.81,36.08,55.63,79.77,21.00,15.87,2.19,38.15,77.90,3.87,23.65,16.90,20.00,49.28,56.75,203.50,293.82,148.29,72.62,76.85,21.00,13.05,15.20,26.99,29.83,17.76,7.27,9.04,4.00,0,휴식 (Relax)
304.00,561.00,130.00,561.00,39.00,34.73,16.34,44.87,73.76,48.45,25.08,36.67,24.00,81.22,75.86,124.29,107.94,14.83,40.21,63.99,54.00,27.79,26.40,46.64,69.05,22.26,8.65,15.15,6.00,109.41,119.35,253.17,248.82,84.69,7.57,10.91,45.00,8.99,9.21,21.16,35.69,23.35,11.28,14.91,10.00,0,휴식 (Relax)
320.00,605.00,151.00,616.00,33.00,40.07,19.60,52.03,67.88,45.14,19.60,36.45,16.00,49.43,48.56,93.79,138.83,47.08,65.48,75.13,87.00,24.99,22.17,40.80,74.97,25.37,14.44,18.83,12.00,45.50,73.37,200.64,302.90,62.20,57.70,55.69,110.00,5.82,7.46,17.18,35.06,18.75,13.21,8.69,1.00,0,휴식 (Relax)
336.00,605.00,156.00,627.00,33.00,36.66,27.31,41.79,80.00,57.97,4.69,35.06,0.00,5.08,71.96,111.03,132.46,51.42,19.68,44.06,33.00,29.83,28.53,41.69,74.11,36.18,8.85,19.37,4.00,49.60,119.23,236.29,272.80,23.56,52.00,28.03,34.00,7.43,12.23,21.44,30.07,15.40,8.39,10.20,6.00,0,휴식 (Relax)
320.00,572.00,140.00,551.00,28.00,36.66,27.31,41.79,80.00,57.97,4.69,35.06,0.00,16.92,49.99,89.45,154.39,72.93,33.62,37.38,11.00,29.83,28.53,41.69,74.11,36.17,8.85,19.37,4.00,12.20,66.36,184.35,325.01,49.33,105.93,81.54,20.00,11.43,6.44,14.71,32.70,5.29,4.95,16.15,17.00,0,휴식 (Relax)
320.00,561.00,135.00,561.00,33.00,36.66,27.31,41.79,80.00,57.97,4.69,35.06,0.00,49.01,37.56,89.80,160.16,73.35,6.44,59.27,44.00,10.24,18.10,35.85,78.11,44.19,13.65,6.69,17.00,68.12,66.98,190.90,316.16,84.68,73.00,27.72,46.00,14.34,8.95,16.98,29.97,5.20,1.95,14.93,14.00,0,휴식 (Relax)
312.00,605.00,145.00,638.00,39.00,14.32,42.07,48.34,65.97,26.87,32.34,17.88,32.00,49.01,37.56,89.80,160.16,73.35,6.44,59.27,44.00,2.77,26.71,46.18,67.78,33.58,6.54,12.81,6.00,44.15,36.09,158.19,349.14,114.03,96.12,42.30,79.00,3.96,3.66,9.26,36.12,7.58,9.62,19.11,3.00,0,휴식 (Relax)
336.00,616.00,156.00,627.00,33.00,26.23,26.15,32.63,81.58,19.90,46.17,20.27,48.00,46.56,17.44,74.79,183.08,64.97,48.56,10.83,11.00,16.22,11.92,37.90,75.17,35.95,20.54,28.72,10.00,80.39,42.67,136.07,355.19,137.73,22.66,38.27,3.00,4.57,8.66,13.23,32.56,9.24,6.41,14.92,8.00,0,휴식 (Relax)
328.00,572.00,145.00,551.00,26.00,42.18,20.69,33.98,80.00,9.70,43.31,23.58,32.00,46.56,17.44,74.79,183.08,64.97,48.56,10.83,11.00,31.03,17.33,49.82,63.13,20.95,10.66,15.26,5.00,70.57,34.49,127.04,365.02,147.54,22.47,46.10,7.00,3.52,6.05,8.75,38.01,16.15,11.02,8.39,15.00,0,휴식 (Relax)
312.00,561.00,130.00,540.00,28.00,34.71,16.06,26.01,88.00,2.74,49.30,30.45,24.00,15.84,37.33,58.62,202.83,56.34,58.71,29.72,22.00,16.27,3.76,34.99,78.41,22.75,27.89,18.59,26.00,14.96,80.47,85.81,386.06,151.69,58.54,63.86,69.00,10.34,13.31,15.40,34.01,16.01,3.60,16.36,7.00,0,휴식 (Relax)
312.00,583.00,151.00,616.00,39.00,24.83,10.61,25.94,91.21,26.71,25.60,6.74,48.00,18.18,69.54,86.90,179.07,28.49,27.01,22.42,11.00,17.06,8.40,38.00,75.45,17.85,23.48,14.09,21.00,45.39,112.09,114.22,355.58,118.84,49.20,33.03,36.00,8.23,10.77,13.37,36.77,18.98,4.46,19.22,4.00,0,휴식 (Relax)
328.00,605.00,156.00,638.00,36.00,24.83,10.61,25.94,91.21,26.71,25.60,6.74,48.00,12.82,59.38,72.27,195.85,10.89,10.19,41.89,33.00,14.01,13.76,23.24,89.07,22.00,25.00,2.75,5.00,22.73,96.47,78.10,386.70,104.73,107.17,33.46,30.00,9.88,12.44,18.67,34.53,16.48,3.65,13.94,12.00,0,휴식 (Relax)
320.00,583.00,140.00,551.00,24.00,24.83,10.61,25.94,91.21,26.71,25.60,6.74,48.00,22.83,65.05,78.66,189.25,8.97,11.16,30.91,22.00,14.76,18.66,24.37,86.76,17.19,20.39,4.57,10.00,33.73,105.13,87.13,377.48,94.30,97.45,24.47,19.00,5.30,5.89,12.99,41.44,22.91,9.55,14.78,19.00,0,휴식 (Relax)
312.00,561.00,130.00,540.00,28.00,24.83,10.61,25.94,91.21,26.71,25.60,6.74,48.00,10.41,33.00,47.90,216.95,27.72,33.00,14.72,11.00,18.41,15.26,14.40,95.85,19.25,11.45,14.52,20.00,36.81,42.10,50.16,416.84,70.08,101.63,58.81,46.00,8.75,5.49,19.87,41.30,17.54,10.86,10.81,8.00,0,휴식 (Relax)
320.00,583.00,151.00,616.00,42.00,16.83,17.89,33.25,89.44,27.76,17.89,12.03,40.00,32.24,16.21,54.44,206.67,32.66,30.78,15.93,11.00,18.41,15.26,14.40,95.85,19.25,11.45,14.52,20.00,69.81,42.40,80.45,392.50,41.00,72.25,25.81,13.00,6.80,2.97,14.98,47.27,22.63,16.83,10.64,2.00,0,휴식 (Relax)
320.00,616.00,151.00,627.00,33.00,32.25,17.89,36.52,73.76,18.17,17.89,24.98,24.00,22.92,16.84,43.53,216.67,43.53,40.65,22.92,22.00,12.50,9.27,11.64,101.39,18.32,9.27,10.80,14.00,33.89,16.21,61.60,424.28,22.04,30.78,22.78,31.00,7.90,4.89,15.75,47.52,21.13,15.36,11.09,4.00,0,휴식 (Relax)
320.00,572.00,140.00,561.00,26.00,25.96,10.61,28.53,75.89,10.21,25.60,31.11,16.00,20.11,16.21,42.11,212.45,42.11,30.78,20.11,11.00,7.64,6.35,6.71,99.62,13.82,13.48,12.23,19.00,32.87,14.39,70.41,417.70,12.04,34.68,12.83,21.00,6.20,3.38,13.76,49.50,21.92,15.51,12.49,6.00,0,휴식 (Relax)
320.00,551.00,140.00,540.00,28.00,24.31,6.12,27.54,60.93,22.84,14.78,26.25,32.00,18.72,22.77,33.10,221.79,51.49,29.86,25.66,1.00,6.42,13.99,8.16,90.25,22.60,5.11,15.01,9.00,30.52,31.70,56.35,433.85,19.79,35.88,9.20,0.00,5.21,11.85,14.64,52.20,10.95,9.46,4.32,5.00,0,휴식 (Relax)
320.00,594.00,140.00,605.00,39.00,24.31,6.12,27.54,60.93,22.84,14.78,26.25,32.00,19.03,33.72,25.40,218.22,45.09,22.69,16.23,12.00,6.06,5.41,5.07,86.83,25.26,13.07,25.05,2.00,30.72,42.01,63.02,427.04,12.20,41.68,1.82,11.00,3.84,7.18,8.67,57.87,10.92,5.87,5.18,11.00,0,휴식 (Relax)
312.00,616.00,145.00,638.00,39.00,13.38,22.38,25.24,40.00,45.97,11.79,19.97,8.00,22.64,27.82,21.79,228.73,52.51,12.32,6.60,23.00,15.51,13.99,15.78,76.24,33.52,5.11,14.10,9.00,34.58,38.20,52.74,435.80,21.08,52.62,12.77,22.00,9.37,9.90,9.19,60.01,5.01,11.49,6.22,5.00,0,휴식 (Relax)
336.00,616.00,151.00,616.00,31.00,22.19,11.79,9.24,51.22,56.36,22.38,24.44,8.00,63.97,60.13,23.93,220.10,22.09,55.84,50.07,21.00,10.07,5.98,16.71,73.82,43.18,14.43,7.14,20.00,94.62,91.31,83.90,400.27,51.12,41.73,53.64,43.00,12.34,12.90,12.19,57.27,7.24,9.03,3.83,8.00,0,휴식 (Relax)
312.00,561.00,135.00,540.00,28.00,14.57,10.61,14.45,56.57,54.09,25.60,27.38,16.00,63.97,60.13,23.93,220.10,22.09,55.84,50.07,21.00,10.07,5.98,16.71,73.82,43.18,14.43,7.14,20.00,73.99,72.68,66.22,418.71,66.22,62.56,73.99,64.00,8.32,9.95,11.38,59.54,8.00,9.95,2.32,13.00,0,휴식 (Relax)
312.00,561.00,130.00,551.00,33.00,14.57,10.61,14.45,56.57,54.09,25.60,27.38,16.00,36.48,57.25,65.83,220.10,28.88,73.44,34.08,23.00,11.44,9.46,18.07,73.11,57.50,17.45,12.35,5.00,49.48,99.08,122.04,385.72,122.04,55.08,49.48,23.00,8.25,13.24,17.15,54.38,12.73,4.76,5.64,7.00,0,휴식 (Relax)
320.00,594.00,151.00,638.00,39.00,6.27,6.12,2.89,46.65,47.45,14.78,27.80,32.00,45.03,77.56,79.96,198.22,19.10,51.53,28.46,1.00,14.32,12.95,23.04,68.12,54.60,12.50,9.97,10.00,41.05,88.08,113.31,396.29,131.11,66.08,58.77,34.00,6.03,7.24,14.53,57.80,17.81,1.24,11.64,1.00,0,휴식 (Relax)
336.00,616.00,156.00,627.00,33.00,5.48,8.00,9.79,53.67,53.95,8.00,28.35,40.00,23.75,42.48,104.27,207.76,62.16,32.52,45.15,43.00,14.56,15.81,22.54,69.63,61.46,7.21,15.60,21.00,41.01,63.18,153.42,382.43,163.13,54.45,19.01,42.00,7.61,5.46,20.50,52.40,19.60,6.18,5.81,8.00,0,휴식 (Relax)
328.00,561.00,145.00,540.00,22.00,18.29,24.00,23.27,48.66,41.72,24.00,34.98,24.00,23.75,42.48,104.27,207.76,62.16,32.52,45.15,43.00,27.41,30.71,37.37,55.08,47.66,10.43,4.55,6.00,41.01,63.18,153.42,382.43,163.13,54.45,19.01,42.00,8.02,2.52,16.50,56.59,25.60,11.56,6.96,14.00,0,휴식 (Relax)
320.00,551.00,140.00,551.00,31.00,25.01,30.19,24.99,40.79,39.11,19.20,28.36,32.00,48.91,25.91,108.73,220.03,85.83,3.86,51.68,11.00,16.41,23.42,33.42,59.03,49.65,17.48,10.25,5.00,61.95,13.61,166.57,382.34,167.86,34.36,60.10,23.00,14.99,7.50,21.91,51.40,23.99,10.76,4.02,6.00,0,휴식 (Relax)
288.00,510.00,156.00,500.00,16.00,30.67,45.38,60.50,51.22,6.21,49.20,14.97,72.00,143.90,77.42,203.45,141.45,52.09,92.53,62.45,106.00,16.41,23.42,33.42,59.03,49.65,17.48,10.25,5.00,198.47,149.79,304.57,245.10,35.33,104.61,78.41,115.00,34.98,24.31,40.63,37.44,10.24,11.88,19.91,26.00,1,주먹 쥐기 (Fist)
304.00,530.00,145.00,520.00,16.00,46.25,61.34,71.69,40.00,21.38,35.06,14.13,56.00,194.09,114.82,231.43,111.49,3.53,68.25,51.95,53.00,20.18,19.37,29.33,61.40,47.48,20.71,9.69,0.00,228.17,173.98,317.62,243.00,63.85,87.40,49.91,84.00,42.45,29.04,42.45,44.29,18.13,12.03,12.15,18.00,1,주먹 쥐기 (Fist)
320.00,551.00,140.00,583.00,42.00,38.46,56.32,74.60,46.65,26.52,34.36,21.09,48.00,202.00,117.01,226.61,120.70,6.50,62.85,46.24,63.00,26.79,9.45,33.39,53.01,41.09,10.71,9.74,10.00,196.06,172.12,346.85,200.00,80.45,109.46,41.13,41.00,33.28,32.69,53.81,39.62,27.84,25.44,9.24,4.00,1,주먹 쥐기 (Fist)
312.00,605.00,151.00,616.00,26.00,45.12,55.61,66.60,51.22,24.86,40.55,29.09,40.00,191.70,129.40,248.53,114.34,24.93,42.15,31.80,85.00,26.79,9.45,33.39,53.01,41.09,10.71,9.74,10.00,196.06,172.12,346.85,200.00,80.45,109.46,41.13,41.00,39.31,18.10,42.02,24.04,29.08,39.76,24.07,12.00,1,주먹 쥐기 (Fist)
352.00,561.00,186.00,627.00,28.00,36.47,81.71,83.43,32.98,11.91,72.30,60.00,8.00,201.79,75.03,237.59,61.47,63.57,21.50,36.90,140.00,45.88,37.87,53.50,83.93,48.90,36.88,34.02,45.00,196.06,172.12,346.85,200.00,80.45,109.46,41.13,41.00,40.56,13.25,44.51,23.09,32.91,37.98,19.16,7.00,1,주먹 쥐기 (Fist)
336.00,583.00,105.00,470.00,36.00,46.64,97.14,77.79,48.66,23.20,63.28,47.36,24.00,202.88,84.42,227.89,66.37,64.45,32.50,43.98,151.00,40.39,19.54,71.10,78.10,83.47,69.73,65.13,80.00,180.72,132.78,432.56,219.32,104.31,147.00,132.01,50.00,42.54,20.06,34.71,13.15,41.85,43.54,12.26,3.00,1,주먹 쥐기 (Fist)
266.00,490.00,192.00,551.00,16.00,18.87,83.41,131.54,66.48,73.50,94.12,55.39,78.00,180.57,89.92,278.13,122.80,34.73,86.82,88.17,212.00,41.89,38.45,29.15,26.31,109.59,106.08,109.62,132.00,184.44,126.60,425.58,209.33,114.74,146.84,142.34,61.00,35.90,21.59,38.53,19.10,43.34,55.50,16.25,15.00,1,주먹 쥐기 (Fist)
328.00,572.00,151.00,594.00,22.00,19.17,77.67,128.13,60.96,75.44,102.09,62.52,86.00,168.86,110.88,275.82,130.61,54.51,78.39,75.84,190.00,46.47,44.52,36.94,30.02,114.62,104.63,102.24,121.00,177.00,137.35,420.42,204.85,116.19,139.47,150.72,72.00,25.77,37.94,30.46,14.56,57.75,44.01,7.55,2.00,1,주먹 쥐기 (Fist)
378.00,594.00,231.00,744.00,16.00,78.97,11.77,180.26,118.93,133.15,77.60,4.65,20.00,152.24,130.54,255.08,111.14,42.72,70.13,80.77,212.00,103.61,93.05,119.67,113.00,31.21,81.73,152.00,207.00,276.11,75.67,526.12,305.39,63.49,34.85,221.81,178.00,18.84,58.57,8.23,9.85,42.85,45.90,24.69,21.00,1,주먹 쥐기 (Fist)
405.00,627.00,96.00,510.00,33.00,147.25,60.05,239.18,156.29,99.04,56.96,67.00,89.00,162.56,127.09,262.68,117.07,51.31,60.98,81.17,223.00,79.11,93.63,119.08,132.08,65.48,70.15,184.02,262.00,171.07,83.93,502.38,348.21,60.13,76.36,290.75,284.00,19.21,57.78,9.87,10.82,44.11,45.07,26.68,23.00,1,주먹 쥐기 (Fist)
273.00,520.00,168.00,627.00,33.00,114.51,38.03,245.18,186.23,132.63,50.18,104.65,128.00,121.62,113.02,281.20,152.51,88.60,21.33,79.84,264.00,78.62,66.06,86.74,105.55,93.43,57.60,197.97,295.00,248.97,121.02,428.90,278.37,97.33,156.54,338.72,371.00,22.53,59.87,10.36,15.23,39.37,49.76,22.34,18.00,1,주먹 쥐기 (Fist)
312.00,561.00,130.00,520.00,20.00,114.51,38.03,245.18,186.23,132.63,50.18,104.65,128.00,121.62,113.02,281.20,152.51,88.60,21.33,79.84,264.00,78.62,66.06,86.74,105.55,93.43,57.60,197.97,295.00,227.72,90.02,455.45,258.80,94.16,173.90,349.23,402.00,11.38,47.68,21.82,23.60,40.87,61.74,18.34,5.00,1,주먹 쥐기 (Fist)
312.00,540.00,156.00,583.00,31.00,113.80,45.87,249.46,179.81,130.24,42.38,109.21,136.00,95.11,60.74,299.19,106.67,47.10,65.99,68.67,318.00,75.96,62.93,89.46,109.34,88.71,52.65,196.69,300.00,217.11,65.64,451.51,217.08,145.61,188.32,353.80,347.00,5.04,40.38,27.74,29.07,32.93,58.85,16.87,13.00,1,주먹 쥐기 (Fist)
320.00,520.00,224.00,627.00,11.00,120.06,59.72,240.81,170.58,146.14,56.69,106.48,120.00,142.59,89.24,243.92,87.92,142.64,48.82,129.77,222.00,46.17,98.82,156.65,84.02,143.56,107.96,243.50,232.00,217.11,65.64,451.51,217.08,145.61,188.32,353.80,347.00,18.27,39.32,31.01,22.20,48.08,52.50,31.96,9.00,1,주먹 쥐기 (Fist)
387.00,638.00,125.00,572.00,28.00,84.77,68.89,299.26,125.32,181.86,96.08,135.88,61.00,74.15,15.83,320.79,29.61,183.12,125.68,206.23,145.00,54.42,78.95,152.41,104.02,143.31,116.90,262.60,212.00,197.63,33.99,474.44,195.85,163.34,159.48,328.37,379.00,13.57,34.35,35.01,28.16,47.04,48.02,37.92,15.00,1,주먹 쥐기 (Fist)
320.00,561.00,115.00,530.00,64.00,84.77,68.89,299.26,125.32,181.86,96.08,135.88,61.00,64.62,18.41,324.28,39.46,187.54,119.11,196.69,155.00,76.59,66.70,174.30,106.51,166.17,125.30,237.75,237.00,215.43,52.84,482.15,179.81,183.62,154.67,308.30,400.00,30.69,4.93,66.63,45.61,79.27,81.02,11.23,18.00,1,주먹 쥐기 (Fist)
211.00,540.00,145.00,572.00,26.00,158.53,44.52,363.03,93.26,258.86,152.44,59.23,138.00,34.73,48.06,303.30,53.08,157.68,119.90,220.38,125.00,87.59,71.99,182.79,95.80,158.65,115.02,247.42,226.00,144.48,69.49,410.15,234.39,206.74,205.06,236.63,472.00,40.69,13.35,69.18,40.25,74.46,74.36,14.37,8.00,1,주먹 쥐기 (Fist)
352.00,605.00,162.00,627.00,26.00,111.67,14.49,325.96,141.17,280.80,199.48,17.36,186.00,47.91,116.14,234.15,50.91,192.82,175.06,191.38,200.00,72.14,55.50,188.16,101.24,166.76,99.63,258.60,209.00,43.87,176.48,382.66,194.74,286.40,99.77,334.38,365.00,50.14,22.72,62.01,31.62,68.17,73.97,15.01,18.00,1,주먹 쥐기 (Fist)
378.00,616.00,180.00,594.00,20.00,74.45,54.13,349.68,149.94,318.27,172.86,63.45,128.00,112.90,158.73,246.91,46.23,231.55,112.12,191.36,135.00,55.51,28.16,228.15,66.40,127.34,118.21,247.75,249.00,39.43,184.36,392.24,183.85,277.28,105.73,326.35,376.00,36.01,22.53,83.02,26.31,47.03,61.00,34.40,40.00,1,주먹 쥐기 (Fist)
304.00,540.00,135.00,520.00,20.00,75.14,50.52,341.72,157.49,325.70,176.51,69.91,120.00,58.98,165.62,182.09,105.08,293.21,101.03,188.04,70.00,53.44,25.23,222.18,77.10,125.21,116.97,251.34,265.00,99.99,204.91,322.75,195.00,311.90,130.41,300.81,472.00,35.98,28.33,84.02,20.40,47.72,66.76,28.42,34.00,1,주먹 쥐기 (Fist)
320.00,572.00,125.00,638.00,68.00,73.91,69.25,334.15,170.56,326.62,146.15,58.71,152.00,63.36,155.95,187.42,102.59,294.60,110.03,185.39,59.00,64.72,49.67,270.29,56.57,75.72,166.10,219.85,204.00,92.63,194.54,317.95,205.30,322.82,129.32,303.98,483.00,39.85,21.95,119.25,48.33,25.78,103.43,20.15,6.00,1,주먹 쥐기 (Fist)
296.00,616.00,156.00,649.00,39.00,76.21,109.22,368.16,137.00,288.85,183.27,61.17,112.00,74.23,124.48,169.60,135.20,323.39,77.98,206.00,92.00,69.47,56.76,229.64,107.30,32.70,215.68,185.84,153.00,175.80,81.92,139.33,315.04,324.29,288.62,232.70,304.00,40.68,24.95,121.42,47.17,28.59,102.13,17.35,3.00,1,주먹 쥐기 (Fist)
336.00,627.00,140.00,572.00,24.00,106.93,79.49,315.44,187.86,246.48,222.61,93.19,42.00,166.07,140.26,35.85,204.89,234.88,187.24,100.62,45.00,44.95,10.24,218.92,115.69,73.74,247.98,143.96,101.00,196.63,98.28,134.73,302.63,303.41,270.19,242.89,325.00,40.84,31.00,118.83,39.81,23.93,99.66,25.35,11.00,1,주먹 쥐기 (Fist)
336.00,594.00,120.00,540.00,39.00,114.34,84.99,318.60,183.33,241.81,223.17,89.91,50.00,181.36,162.05,43.67,191.23,221.67,179.59,118.71,23.00,43.11,21.86,189.53,144.84,56.14,250.83,173.47,132.00,145.34,46.13,92.59,348.41,281.31,261.19,288.19,379.00,39.77,37.68,101.92,49.52,18.58,114.81,11.58,6.00,1,주먹 쥐기 (Fist)
266.00,423.00,281.00,594.00,2.00,3.38,27.02,206.66,283.59,134.62,317.25,144.35,162.00,191.96,108.19,128.74,344.70,65.30,300.41,288.85,148.00,68.86,41.59,226.32,166.97,98.13,292.69,223.23,182.00,110.24,138.74,69.68,303.80,196.61,197.74,140.79,229.00,45.22,42.26,109.36,40.50,9.06,128.05,16.32,20.00,1,주먹 쥐기 (Fist)
432.00,627.00,110.00,530.00,24.00,28.37,20.13,217.47,294.29,137.43,343.02,170.47,189.00,191.96,108.19,128.74,344.70,65.30,300.41,288.85,148.00,82.40,54.99,222.95,178.72,88.54,279.16,210.91,168.00,96.68,121.29,56.27,323.75,176.68,182.53,120.97,209.00,52.76,50.95,104.83,48.30,18.03,124.20,8.61,11.00,1,주먹 쥐기 (Fist)
336.00,551.00,151.00,561.00,48.00,88.91,81.89,182.84,352.09,76.50,318.05,108.68,126.00,162.15,80.67,150.81,374.16,34.31,285.25,266.35,117.00,65.67,48.64,239.69,188.22,97.55,271.15,200.80,151.00,157.68,151.04,59.35,334.77,157.16,116.63,72.66,143.00,37.95,38.92,119.77,43.57,28.07,130.45,7.69,4.00,1,주먹 쥐기 (Fist)
259.00,572.00,140.00,572.00,24.00,51.64,53.03,235.79,374.63,56.56,345.17,73.36,73.00,151.20,78.96,160.68,371.01,39.67,281.97,270.62,128.00,74.18,44.15,234.53,180.24,107.29,274.48,198.96,141.00,106.00,165.07,96.76,284.93,204.38,91.28,82.53,91.00,34.04,38.97,121.04,47.52,29.21,126.64,5.76,0.00,1,주먹 쥐기 (Fist)
344.00,572.00,174.00,616.00,36.00,62.55,44.10,226.72,346.95,87.19,376.70,77.30,41.00,123.85,102.49,162.23,340.33,62.53,310.41,271.70,96.00,86.40,28.64,245.90,191.85,105.68,258.22,195.61,159.00,79.25,196.34,125.07,296.79,183.00,80.45,60.03,124.00,30.11,42.86,117.37,48.51,24.22,131.11,6.94,5.00,1,주먹 쥐기 (Fist)
304.00,594.00,135.00,616.00,39.00,61.24,56.05,213.83,338.88,97.45,389.83,88.73,25.00,104.65,175.98,105.85,369.12,42.07,241.71,246.04,170.00,94.50,117.51,163.81,139.46,190.88,176.30,168.62,248.00,84.51,186.69,126.37,286.78,188.89,71.92,51.43,135.00,30.60,70.69,92.48,22.47,44.10,124.89,27.33,23.00,1,주먹 쥐기 (Fist)
288.00,551.00,125.00,540.00,24.00,136.85,154.60,137.21,256.97,164.68,383.73,31.32,124.00,101.92,137.49,191.11,295.41,128.65,226.99,208.86,257.00,94.50,117.51,163.81,139.46,190.88,176.30,168.62,248.00,95.14,180.80,157.69,301.68,157.64,103.89,82.26,103.00,27.62,68.18,91.97,24.84,43.77,127.41,31.29,27.00,1,주먹 쥐기 (Fist)
369.00,638.00,140.00,649.00,51.00,87.88,127.36,121.70,228.62,206.83,421.85,60.62,173.00,126.91,113.76,187.97,257.39,170.35,287.38,173.24,334.00,70.13,120.79,140.07,132.00,205.44,165.98,188.11,223.00,143.98,139.89,136.15,208.06,182.20,204.36,200.48,16.00,16.29,71.05,79.59,17.09,56.14,114.47,21.00,14.00,1,주먹 쥐기 (Fist)
312.00,616.00,140.00,649.00,42.00,35.80,187.65,35.14,150.57,237.17,322.21,81.14,72.00,196.04,80.43,262.56,189.34,211.90,213.52,229.00,258.00,75.09,116.56,143.49,127.12,210.26,161.45,192.97,218.00,218.36,103.67,212.61,269.78,106.75,187.98,136.16,61.00,31.95,57.27,91.00,32.56,67.22,102.57,21.60,2.00,1,주먹 쥐기 (Fist)
328.00,616.00,125.00,540.00,26.00,21.69,163.77,59.07,132.97,261.01,309.35,104.56,48.00,207.03,72.59,268.52,195.26,201.58,219.09,218.32,269.00,108.83,80.77,133.01,124.33,209.09,196.67,156.54,255.00,133.71,182.13,188.26,236.25,128.71,256.20,125.30,148.00,31.95,57.27,91.00,32.56,67.22,102.57,21.60,2.00,1,주먹 쥐기 (Fist)
296.00,540.00,125.00,551.00,51.00,71.59,129.22,115.62,93.06,251.04,299.58,29.09,130.00,142.17,148.55,317.04,138.84,213.32,214.70,143.58,345.00,154.00,74.02,80.58,179.23,158.20,176.79,204.60,200.00,104.26,221.54,227.59,278.29,87.15,214.55,106.60,105.00,59.77,47.29,60.13,6.08,36.37,126.36,51.75,33.00,1,주먹 쥐기 (Fist)
266.00,540.00,145.00,530.00,22.00,104.54,154.54,117.62,130.75,215.79,327.17,55.94,92.00,142.17,148.55,317.04,138.84,213.32,214.70,143.58,345.00,147.90,65.64,87.97,180.01,150.88,182.27,211.47,190.00,106.89,217.70,220.76,276.52,86.96,209.84,100.72,95.00,61.29,48.69,59.19,8.06,37.40,124.39,49.81,31.00,1,주먹 쥐기 (Fist)
361.00,661.00,120.00,616.00,51.00,82.04,113.58,153.07,132.77,188.33,368.08,87.64,51.00,175.85,171.53,329.57,109.04,192.04,303.26,205.20,256.00,149.15,70.57,89.61,175.03,152.80,187.19,213.38,185.00,110.86,209.84,212.28,254.83,107.87,217.70,83.33,73.00,55.48,31.69,49.88,17.89,30.99,115.48,37.64,14.00,1,주먹 쥐기 (Fist)
296.00,583.00,145.00,572.00,24.00,82.04,113.58,153.07,132.77,188.33,368.08,87.64,51.00,170.88,139.91,296.82,76.06,222.66,329.16,224.05,223.00,148.20,77.57,100.60,176.57,141.80,178.28,213.54,196.00,169.88,145.37,135.40,253.16,84.70,148.65,157.97,150.00,60.08,23.64,34.91,28.02,45.67,112.03,43.93,29.00,1,주먹 쥐기 (Fist)
288.00,500.00,151.00,551.00,28.00,77.16,120.89,174.67,150.08,140.86,374.05,88.24,99.00,244.24,62.50,258.19,150.59,165.24,334.78,225.29,350.00,153.23,78.78,96.63,165.74,138.15,177.06,218.39,207.00,190.69,124.44,127.43,273.99,64.78,169.19,137.53,129.00,57.20,22.12,36.37,30.48,47.92,108.80,44.90,33.00,1,주먹 쥐기 (Fist)
296.00,551.00,135.00,561.00,28.00,80.11,110.31,214.01,185.81,154.57,341.71,70.30,59.00,285.27,98.31,297.11,176.24,130.24,298.96,200.73,307.00,165.25,91.52,108.45,169.10,126.98,167.73,207.13,192.00,170.51,138.86,112.29,277.31,52.52,181.71,121.32,108.00,67.47,32.28,44.62,23.32,43.24,97.93,45.11,44.00,1,주먹 쥐기 (Fist)
344.00,605.00,140.00,605.00,45.00,115.37,177.57,210.50,228.71,119.90,264.47,68.48,19.00,106.41,94.76,209.26,333.92,88.19,122.79,124.51,125.00,41.56,58.39,75.57,50.09,56.13,35.10,89.35,51.00,162.18,139.61,102.02,288.11,46.12,183.13,126.35,119.00,24.66,20.24,23.43,25.94,2.85,80.77,54.03,87.00,1,주먹 쥐기 (Fist)
304.00,605.00,145.00,583.00,33.00,46.78,75.42,92.27,158.66,26.98,215.95,155.87,147.00,124.06,75.42,190.76,326.73,108.43,116.32,121.89,103.00,72.33,28.14,43.63,24.17,91.09,0.14,61.96,16.00,147.38,114.08,114.67,283.00,98.89,143.58,130.96,66.00,17.61,29.23,32.31,23.19,11.73,75.98,52.65,78.00,1,주먹 쥐기 (Fist)
304.00,572.00,130.00,510.00,24.00,58.30,89.53,67.61,189.71,54.36,197.95,136.58,115.00,113.66,82.64,208.68,306.74,111.10,128.96,114.88,82.00,51.34,35.11,45.10,44.15,100.37,21.00,43.87,5.00,142.06,161.09,63.97,334.00,125.11,92.71,167.92,15.00,34.43,20.75,28.93,47.10,31.15,53.27,64.43,54.00,1,주먹 쥐기 (Fist)
296.00,530.00,140.00,572.00,39.00,60.86,53.34,61.78,185.07,84.18,162.40,135.56,78.00,123.01,103.57,218.09,322.49,80.52,170.87,95.58,40.00,51.34,35.11,45.10,44.15,100.37,21.00,43.87,5.00,142.06,161.09,63.97,334.00,125.11,92.71,167.92,15.00,27.59,12.39,14.16,50.33,35.26,39.81,77.97,39.00,1,주먹 쥐기 (Fist)
312.00,672.00,88.00,572.00,57.00,44.79,82.72,90.87,153.08,87.14,134.73,153.54,46.00,158.34,8.61,118.56,414.97,30.20,254.26,84.09,60.00,63.53,61.55,50.47,44.15,25.84,88.66,43.00,91.00,118.11,180.27,102.70,290.00,81.23,98.95,211.59,29.00,37.09,13.37,16.81,70.34,51.23,49.41,56.97,60.00,1,주먹 쥐기 (Fist)
259.00,572.00,130.00,616.00,54.00,40.71,110.42,125.74,158.14,125.54,150.38,115.86,91.00,139.40,30.12,130.98,408.13,51.03,262.02,89.00,82.00,68.39,63.83,54.23,45.54,22.90,86.17,38.17,86.00,118.11,180.27,102.70,290.00,81.23,98.95,211.59,29.00,51.09,21.94,31.04,68.07,39.96,53.19,71.12,45.00,1,주먹 쥐기 (Fist)
281.00,616.00,120.00,616.00,42.00,41.87,111.00,124.75,164.92,120.43,152.50,122.60,84.00,203.68,45.54,172.19,346.36,88.18,245.11,107.80,147.00,73.33,62.65,52.98,40.85,27.85,84.89,42.20,91.00,191.14,247.85,149.90,214.00,53.69,39.16,174.35,47.00,69.04,30.32,38.27,50.09,36.09,37.19,58.43,63.00,1,주먹 쥐기 (Fist)
352.00,583.00,174.00,551.00,16.00,42.89,101.30,108.51,161.64,115.24,137.43,105.75,101.00,151.39,20.24,125.00,368.59,93.33,204.00,130.76,202.00,47.75,92.91,86.62,62.01,49.36,58.74,67.11,125.00,96.11,161.33,79.03,234.96,64.00,117.51,205.25,145.00,40.60,46.59,63.70,59.36,14.71,7.81,59.04,98.00,1,주먹 쥐기 (Fist)
312.00,561.00,125.00,530.00,31.00,42.89,101.30,108.51,161.64,115.24,137.43,105.75,101.00,117.78,75.12,148.53,320.98,137.74,258.98,129.25,147.00,53.45,79.33,80.43,72.18,48.92,43.80,76.84,140.00,80.99,183.67,181.77,135.77,142.68,54.81,128.48,26.00,38.39,57.57,72.85,50.45,24.84,9.16,52.52,87.00,1,주먹 쥐기 (Fist)
296.00,520.00,156.00,530.00,24.00,38.57,75.66,126.10,169.19,102.38,124.97,90.32,133.00,145.05,159.38,243.06,281.46,86.99,201.00,111.10,243.00,58.18,93.50,61.07,55.97,26.78,27.78,93.15,171.00,89.72,193.35,188.52,128.82,135.31,46.43,135.68,36.00,39.09,58.91,72.57,49.20,23.61,9.36,54.15,89.00,1,주먹 쥐기 (Fist)
336.00,540.00,204.00,583.00,14.00,58.72,86.51,88.67,132.00,136.08,148.38,100.20,173.00,145.05,159.38,243.06,281.46,86.99,201.00,111.10,243.00,127.81,112.60,19.14,133.22,105.76,65.28,102.11,92.00,57.92,166.67,203.61,107.42,149.98,15.58,166.11,68.00,70.09,68.40,38.15,81.71,31.89,29.62,19.58,52.00,1,주먹 쥐기 (Fist)
352.00,470.00,273.00,561.00,3.00,142.96,103.88,126.00,185.15,89.00,62.60,67.66,87.00,214.48,152.07,191.99,307.83,148.77,265.32,95.05,313.00,255.62,154.93,141.15,196.82,132.44,115.82,78.48,220.00,28.96,164.92,234.22,84.29,119.61,38.79,135.34,37.00,89.08,66.29,25.77,90.43,41.55,24.34,38.33,71.00,1,주먹 쥐기 (Fist)
432.00,684.00,130.00,616.00,39.00,212.31,117.17,193.41,237.41,50.54,126.06,108.49,158.00,192.53,167.20,214.03,328.26,151.20,286.34,91.57,336.00,264.74,155.14,144.32,190.26,123.07,106.17,76.57,210.00,28.96,164.92,234.22,84.29,119.61,38.79,135.34,37.00,100.34,58.71,34.90,80.60,30.57,17.05,26.99,59.00,1,주먹 쥐기 (Fist)
320.00,605.00,125.00,594.00,42.00,232.88,112.79,198.13,223.99,73.57,117.18,85.52,134.00,176.49,189.19,217.71,338.61,170.09,278.85,102.55,314.00,251.34,169.17,159.56,206.01,124.23,97.98,84.05,190.00,31.53,186.90,216.96,100.26,138.77,36.56,123.27,15.00,87.70,76.49,22.33,92.66,36.92,6.86,19.26,41.00,1,주먹 쥐기 (Fist)
259.00,470.00,162.00,520.00,20.00,216.21,136.17,221.91,249.18,93.61,133.52,56.60,105.00,189.74,169.01,242.89,364.97,194.43,293.78,128.96,284.00,254.94,158.18,150.09,212.71,134.91,103.29,92.85,179.00,21.43,167.25,244.89,122.15,163.63,32.28,123.61,16.00,90.50,70.28,18.50,98.35,44.78,7.93,23.21,33.00,1,주먹 쥐기 (Fist)
320.00,561.00,130.00,540.00,28.00,221.44,112.86,202.66,261.31,89.60,157.43,37.06,81.00,188.63,168.19,234.94,360.47,192.84,303.55,138.95,274.00,255.18,161.62,149.38,208.83,137.90,108.16,97.74,174.00,28.99,172.03,245.20,136.52,168.83,45.47,114.45,5.00,90.50,70.28,18.50,98.35,44.78,7.93,23.21,33.00,1,주먹 쥐기 (Fist)
320.00,520.00,204.00,627.00,33.00,225.57,126.53,197.33,241.45,67.62,176.39,35.69,57.00,181.90,238.23,227.47,286.50,112.79,377.79,220.68,189.00,234.46,174.73,211.78,175.16,119.59,165.87,161.05,110.00,29.81,153.04,265.18,152.50,190.76,67.41,100.51,27.00,86.69,78.68,16.91,89.94,35.64,7.68,35.17,21.00,1,주먹 쥐기 (Fist)
344.00,649.00,125.00,572.00,22.00,204.99,136.42,236.47,220.49,45.05,187.27,68.24,17.00,197.01,196.52,267.09,312.93,85.03,394.44,257.94,145.00,246.24,156.46,201.52,193.71,101.06,175.17,178.80,90.00,23.11,163.79,257.35,145.60,195.94,75.16,91.47,38.00,80.51,89.67,27.81,82.07,46.07,12.92,24.96,32.00,1,주먹 쥐기 (Fist)
336.00,638.00,105.00,638.00,80.00,182.15,166.46,255.47,192.61,27.77,202.04,36.27,49.00,250.44,179.50,317.99,265.96,67.10,421.38,223.37,211.00,268.28,133.16,218.12,186.27,120.46,182.98,163.29,115.00,146.41,142.32,238.58,88.81,154.61,151.56,45.20,166.00,129.88,66.11,49.19,56.14,76.29,68.80,43.78,88.00,1,주먹 쥐기 (Fist)
252.00,551.00,130.00,520.00,26.00,222.71,128.74,278.93,173.62,18.60,245.06,15.57,93.00,271.21,193.68,313.91,250.38,85.47,401.31,225.13,190.00,278.25,129.77,227.45,176.57,123.04,173.82,165.74,105.00,97.74,100.31,285.12,140.51,109.84,172.74,87.38,218.00,116.88,58.44,39.71,69.12,74.14,78.30,56.76,101.00,1,주먹 쥐기 (Fist)
328.00,594.00,135.00,594.00,42.00,206.72,132.27,263.41,188.81,24.51,258.48,30.60,109.00,196.63,115.68,390.26,204.42,152.57,333.99,218.30,112.00,234.08,116.05,230.81,171.03,169.90,130.91,166.96,58.00,113.66,122.31,269.57,140.36,91.59,169.23,103.73,240.00,103.29,44.02,48.36,69.87,88.53,78.35,43.01,86.00,1,주먹 쥐기 (Fist)
304.00,551.00,198.00,605.00,20.00,166.87,117.37,260.93,180.40,60.19,252.19,15.41,64.00,181.72,101.83,402.10,186.08,153.85,338.78,225.46,133.00,191.48,76.19,297.55,103.04,152.48,164.24,193.83,126.00,108.96,114.90,265.26,129.39,95.06,160.89,109.61,251.00,85.11,20.38,81.10,36.69,73.05,56.33,69.98,120.00,1,주먹 쥐기 (Fist)
344.00,605.00,110.00,490.00,20.00,139.05,75.80,320.63,117.61,48.39,215.19,47.68,127.00,178.18,103.94,396.39,191.93,143.26,344.43,217.83,122.00,193.26,85.15,292.35,103.82,161.58,163.74,202.14,136.00,166.26,177.29,139.27,187.45,31.00,286.79,148.40,125.00,87.70,36.64,87.83,36.69,57.40,77.65,58.48,98.00,1,주먹 쥐기 (Fist)
296.00,530.00,120.00,551.00,76.00,142.99,129.87,288.49,125.00,104.34,161.94,102.00,183.00,190.61,151.86,344.00,237.92,181.20,293.11,266.93,175.00,190.64,137.10,327.66,50.70,128.15,206.10,149.37,82.00,166.26,177.29,139.27,187.45,31.00,286.79,148.40,125.00,70.98,26.80,135.88,27.31,16.11,132.11,83.65,38.00,1,주먹 쥐기 (Fist)
231.00,616.00,120.00,594.00,39.00,155.35,202.38,343.30,56.85,106.98,238.18,54.37,102.00,157.49,104.27,360.52,267.00,174.66,246.60,321.88,230.00,189.22,139.86,332.30,49.65,125.12,201.21,154.32,87.00,102.52,144.46,105.36,237.99,89.45,295.69,84.42,189.00,69.19,34.32,142.17,31.40,8.19,128.76,76.29,46.00,1,주먹 쥐기 (Fist)
312.00,480.00,245.00,551.00,4.00,155.74,196.36,328.91,69.97,122.98,246.30,60.93,86.00,190.57,116.78,390.20,236.33,139.29,243.24,358.61,270.00,254.10,179.13,342.81,40.79,44.26,169.84,235.39,176.00,84.79,154.37,84.44,250.00,78.98,277.86,104.36,168.00,81.63,30.74,148.49,48.85,16.93,137.45,56.30,66.00,1,주먹 쥐기 (Fist)
414.00,638.00,151.00,605.00,24.00,203.27,240.02,343.25,73.24,119.75,274.42,46.13,164.00,94.59,173.16,306.52,184.11,83.27,320.00,433.96,368.00,202.89,126.43,290.46,72.95,80.00,206.70,277.10,229.00,75.65,175.84,76.63,232.77,65.64,299.42,88.32,190.00,72.56,23.56,138.49,45.89,25.13,147.11,47.05,76.00,1,주먹 쥐기 (Fist)
378.00,572.00,204.00,638.00,26.00,227.79,265.99,369.14,54.04,93.93,249.53,46.20,138.00,12.52,274.93,344.67,94.92,55.02,221.47,389.48,266.00,134.42,83.37,260.26,124.91,47.52,138.03,246.50,160.00,112.87,243.90,146.21,192.39,142.33,264.32,135.28,113.00,49.63,2.92,131.25,68.59,35.58,127.85,64.94,53.00,1,주먹 쥐기 (Fist)
328.00,572.00,125.00,520.00,24.00,124.30,201.85,334.04,149.91,99.09,164.21,137.84,34.00,101.15,216.75,234.12,86.27,94.95,197.81,411.28,154.00,130.16,85.46,264.01,122.54,42.77,141.17,246.27,165.00,38.86,226.71,111.47,109.79,195.91,317.19,200.82,17.00,64.14,17.40,119.46,68.26,49.75,126.34,74.64,38.00,1,주먹 쥐기 (Fist)
304.00,572.00,120.00,605.00,57.00,110.76,207.30,347.42,147.11,83.53,165.21,121.99,50.00,131.64,232.95,229.95,62.01,104.19,174.52,390.20,187.00,127.35,90.21,268.50,118.12,46.23,141.72,248.39,160.00,46.47,218.87,101.34,117.39,192.26,328.16,206.80,6.00,52.64,11.09,132.99,53.34,53.54,136.93,81.54,23.00,1,주먹 쥐기 (Fist)
288.00,583.00,151.00,583.00,36.00,128.92,180.96,324.08,175.92,84.69,148.83,98.23,79.00,89.55,124.64,137.18,166.40,217.13,62.22,297.27,300.00,125.75,100.12,268.06,123.71,51.27,133.19,240.32,171.00,108.06,155.87,70.43,86.12,255.10,283.76,203.57,69.00,48.77,25.72,133.49,57.38,65.82,120.95,80.42,39.00,1,주먹 쥐기 (Fist)
304.00,605.00,135.00,594.00,28.00,123.95,196.21,320.20,178.27,100.47,133.45,91.83,95.00,119.05,85.52,97.34,162.11,205.36,101.66,339.39,256.00,124.41,98.47,272.72,119.54,56.19,128.20,235.67,176.00,160.89,123.14,119.93,35.51,236.44,284.62,184.11,15.00,48.77,25.72,133.49,57.38,65.82,120.95,80.42,39.00,1,주먹 쥐기 (Fist)
328.00,572.00,125.00,583.00,51.00,123.11,192.57,328.08,170.43,104.84,126.45,92.66,103.00,169.47,90.67,116.29,110.16,163.71,92.71,287.83,308.00,183.10,94.03,225.72,99.72,106.80,97.72,156.68,255.00,125.89,117.93,97.50,39.05,272.99,259.44,162.22,29.00,61.90,35.03,120.21,53.15,65.20,123.06,94.32,57.00,1,주먹 쥐기 (Fist)
288.00,583.00,130.00,561.00,33.00,156.49,182.16,302.05,168.44,88.36,124.15,130.57,159.00,105.32,38.96,53.24,131.47,108.01,149.75,233.43,374.00,178.18,96.15,222.63,104.69,106.20,101.17,152.12,260.00,121.74,110.98,105.87,31.40,264.21,270.12,170.28,18.00,72.60,36.69,124.88,42.19,75.06,114.11,83.65,46.00,1,주먹 쥐기 (Fist)
336.00,594.00,156.00,572.00,24.00,156.49,182.16,302.05,168.44,88.36,124.15,130.57,159.00,76.89,13.80,70.92,97.67,102.97,110.17,257.45,330.00,128.68,145.41,173.92,121.59,155.71,50.17,190.56,209.00,141.21,46.55,166.70,45.19,254.93,216.68,110.07,84.00,20.02,79.95,69.26,66.84,122.11,59.13,29.04,10.00,1,주먹 쥐기 (Fist)
344.00,594.00,186.00,696.00,31.00,64.49,274.11,219.40,202.20,166.47,37.73,41.14,67.00,92.03,48.43,33.32,132.59,68.09,107.78,271.62,287.00,92.12,194.83,179.98,79.20,132.88,98.34,167.99,265.00,105.80,218.91,232.56,162.27,112.23,268.88,68.71,260.00,22.81,75.31,70.60,70.09,122.01,56.81,25.71,15.00,1,주먹 쥐기 (Fist)
361.00,561.00,168.00,540.00,14.00,36.60,297.82,226.60,175.93,169.51,53.36,68.09,100.00,91.46,25.28,37.45,151.74,39.55,135.66,274.25,254.00,94.50,209.00,212.76,56.60,107.90,90.05,167.07,232.00,106.38,189.01,183.56,157.54,59.89,322.39,117.01,314.00,30.58,89.87,93.79,52.77,96.75,71.26,32.63,43.00,1,주먹 쥐기 (Fist)
352.00,616.00,120.00,530.00,26.00,47.51,304.27,274.39,149.37,122.88,71.45,51.23,52.00,79.43,59.70,91.20,110.91,85.93,198.82,265.54,189.00,78.73,241.73,188.21,42.43,45.15,152.66,160.49,154.00,163.49,223.81,205.07,232.36,98.29,267.24,79.66,239.00,25.17,90.66,89.17,47.51,92.14,77.25,38.08,49.00,1,주먹 쥐기 (Fist)
281.00,480.00,174.00,583.00,31.00,26.42,342.49,251.81,96.94,96.96,134.39,97.02,11.00,159.72,116.50,92.37,56.36,197.70,287.70,244.74,64.00,107.06,179.46,136.47,98.67,98.25,214.36,158.33,90.00,72.78,132.53,112.60,255.07,116.55,287.33,136.51,146.00,14.27,99.81,93.24,43.01,89.27,69.41,27.08,38.00,1,주먹 쥐기 (Fist)
320.00,540.00,192.00,583.00,12.00,27.58,318.53,233.08,114.63,118.25,152.77,120.92,35.00,149.79,106.96,83.10,65.39,198.95,289.59,241.87,54.00,175.17,122.04,76.65,138.71,70.92,186.41,187.92,162.00,40.87,106.25,109.24,284.49,136.26,258.24,105.41,178.00,78.02,40.20,29.42,26.42,28.99,96.56,40.20,26.00,1,주먹 쥐기 (Fist)
387.00,616.00,140.00,649.00,54.00,178.37,226.42,117.78,123.79,106.08,202.70,55.11,121.00,149.79,106.96,83.10,65.39,198.95,289.59,241.87,54.00,195.00,124.14,86.80,126.02,52.47,176.62,171.44,142.00,27.20,114.82,161.97,268.88,87.19,310.78,160.14,123.00,64.69,45.44,36.30,36.24,18.18,111.56,55.09,41.00,1,주먹 쥐기 (Fist)
304.00,551.00,186.00,594.00,11.00,170.74,223.35,112.64,129.73,113.70,210.69,62.71,129.00,103.26,145.68,151.35,28.23,147.92,220.60,183.39,17.00,146.60,82.46,32.73,177.19,39.42,122.09,115.02,83.00,68.85,155.51,190.43,226.81,89.10,292.10,123.41,166.00,60.71,44.10,33.46,41.04,15.16,106.65,49.04,34.00,1,주먹 쥐기 (Fist)
369.00,583.00,130.00,510.00,22.00,139.45,182.91,70.47,162.80,118.20,179.69,18.38,84.00,121.02,90.69,128.71,81.74,182.06,174.73,132.15,72.00,138.52,62.20,43.74,169.50,18.74,142.24,136.02,104.00,32.41,85.66,241.36,225.34,61.83,340.65,109.87,261.00,61.07,45.69,35.46,42.43,13.19,106.74,47.91,32.00,1,주먹 쥐기 (Fist)
328.00,627.00,96.00,594.00,88.00,135.22,135.56,88.88,138.58,68.63,181.02,65.01,134.00,124.61,134.72,90.25,92.18,233.67,176.86,77.26,127.00,181.22,60.04,149.50,74.95,112.13,128.87,57.38,4.00,76.25,106.71,283.09,182.39,97.24,297.04,89.14,217.00,95.07,17.98,56.17,43.86,56.09,158.31,70.80,30.00,1,주먹 쥐기 (Fist)
224.00,561.00,145.00,605.00,42.00,205.86,134.64,191.20,54.59,152.25,255.86,61.03,30.00,117.99,132.12,101.08,82.68,234.84,186.09,66.87,138.00,163.69,41.26,145.17,62.43,118.24,146.80,62.67,24.00,28.42,23.49,287.66,219.02,171.47,234.60,75.47,132.00,112.44,35.20,71.94,57.69,48.39,141.31,54.11,12.00,1,주먹 쥐기 (Fist)
296.00,490.00,211.00,540.00,11.00,213.67,142.05,193.49,61.74,152.44,247.98,53.27,38.00,65.90,190.26,143.96,144.14,308.63,107.82,138.57,56.00,74.61,85.72,227.96,50.33,193.62,69.30,62.30,67.00,47.00,87.48,224.17,274.24,184.71,248.16,99.88,67.00,67.30,39.86,87.18,91.59,89.11,129.13,8.50,34.00,1,주먹 쥐기 (Fist)
369.00,649.00,120.00,572.00,26.00,134.67,74.98,260.60,78.49,230.34,212.39,28.99,119.00,118.46,125.70,178.26,126.06,358.22,103.15,192.88,10.00,105.53,57.10,208.60,38.05,217.67,77.30,80.11,98.00,55.28,94.90,217.80,279.58,192.73,238.28,96.96,78.00,59.61,49.85,96.99,97.20,82.72,123.04,18.49,24.00,1,주먹 쥐기 (Fist)
328.00,460.00,198.00,441.00,7.00,116.90,80.25,279.71,97.08,217.34,202.07,6.44,95.00,27.77,234.89,61.23,19.42,349.49,239.58,305.56,155.00,56.16,96.62,183.05,25.08,211.48,138.49,119.21,161.00,187.01,179.92,327.76,165.89,85.38,386.50,165.91,75.00,54.24,66.80,103.33,81.32,74.34,143.81,8.64,45.00,1,주먹 쥐기 (Fist)
273.00,460.00,204.00,561.00,6.00,146.28,37.25,297.15,136.01,254.48,152.76,52.74,40.00,135.00,288.97,160.84,109.66,449.27,156.80,252.37,43.00,86.84,135.58,105.18,80.96,284.90,86.29,106.34,82.00,204.94,186.17,346.27,147.80,69.03,374.71,155.24,53.00,80.59,89.42,78.79,58.46,119.18,111.25,38.66,0.00,1,주먹 쥐기 (Fist)
387.00,583.00,135.00,594.00,48.00,146.80,135.28,198.18,111.63,346.89,62.04,150.39,59.00,135.00,288.97,160.84,109.66,449.27,156.80,252.37,43.00,91.64,135.72,102.37,79.56,281.64,84.60,103.63,87.00,188.52,202.45,353.07,130.61,39.56,384.03,157.00,20.00,66.41,91.00,93.78,43.97,126.56,113.84,52.13,15.00,1,주먹 쥐기 (Fist)
281.00,572.00,135.00,594.00,45.00,116.88,100.33,223.73,58.19,355.58,77.68,200.59,114.00,149.48,272.26,151.34,88.07,441.71,175.23,263.21,21.00,70.83,150.67,92.12,100.02,291.86,66.56,87.47,108.00,188.62,224.07,374.87,111.14,40.51,364.43,146.67,42.00,45.42,109.01,104.25,42.76,139.67,96.52,40.01,6.00,1,주먹 쥐기 (Fist)
304.00,500.00,238.00,540.00,3.00,93.17,118.27,204.47,80.66,388.65,38.37,173.59,74.00,204.14,178.45,57.35,142.00,535.54,86.98,194.99,115.00,118.43,98.80,144.12,121.61,343.38,17.73,43.43,160.00,184.43,130.92,326.14,138.62,128.10,220.36,111.86,198.00,71.83,82.65,121.59,16.12,166.32,68.83,48.35,34.00,1,주먹 쥐기 (Fist)
387.00,605.00,120.00,561.00,36.00,114.19,92.71,230.47,65.74,410.23,20.43,168.62,48.00,189.99,209.74,85.36,120.55,555.95,85.96,158.32,159.00,87.67,134.77,133.95,87.66,359.08,49.72,20.16,208.00,185.32,120.89,307.76,153.91,133.56,215.66,115.10,219.00,56.08,93.24,101.39,19.80,170.08,59.07,67.82,56.00,1,주먹 쥐기 (Fist)
320.00,616.00,135.00,594.00,51.00,82.80,120.78,220.92,39.62,405.68,44.45,179.97,16.00,189.99,209.74,85.36,120.55,555.95,85.96,158.32,159.00,90.51,132.77,120.50,75.82,348.69,63.70,25.69,223.00,222.82,65.11,260.02,201.46,186.14,186.72,139.66,155.00,54.81,92.21,105.76,17.80,190.87,52.27,42.82,31.00,1,주먹 쥐기 (Fist)
273.00,551.00,174.00,649.00,28.00,74.91,123.77,227.45,34.21,413.36,37.05,174.10,24.00,235.81,172.55,17.35,159.81,487.84,155.89,88.35,230.00,90.51,132.77,120.50,75.82,348.69,63.70,25.69,223.00,284.15,4.52,292.91,171.75,140.93,247.51,90.80,221.00,53.25,94.15,102.77,20.25,193.31,50.08,40.05,28.00,1,주먹 쥐기 (Fist)
352.00,594.00,135.00,605.00,39.00,103.27,138.65,201.28,21.59,434.11,39.56,144.71,56.00,287.06,124.65,39.85,127.48,495.44,130.15,135.94,176.00,128.46,76.08,117.11,50.00,355.28,98.12,65.16,166.00,306.11,25.95,314.38,150.88,130.12,227.81,110.02,199.00,76.45,67.24,118.01,23.35,189.13,23.09,28.67,1.00,1,주먹 쥐기 (Fist)
320.00,638.00,80.00,510.00,51.00,74.02,74.10,194.78,88.14,409.80,105.56,77.90,123.00,308.95,103.26,55.46,108.45,513.89,121.91,121.31,198.00,186.99,45.97,74.40,10.00,406.55,39.27,5.20,226.00,190.59,120.19,320.32,167.06,11.03,228.70,248.90,60.00,73.45,69.58,119.43,21.26,186.28,21.13,29.86,2.00,1,주먹 쥐기 (Fist)
252.00,520.00,168.00,616.00,24.00,103.06,33.63,150.15,104.85,461.58,72.88,128.60,71.00,281.95,121.82,69.60,95.21,539.52,95.57,116.94,229.00,204.63,59.94,56.65,20.59,392.61,50.12,23.05,208.00,200.35,103.49,298.52,186.12,31.86,248.51,269.57,38.00,85.80,69.18,106.51,14.32,178.12,26.16,40.51,15.00,1,주먹 쥐기 (Fist)
369.00,605.00,156.00,605.00,20.00,103.06,33.63,150.15,104.85,461.58,72.88,128.60,71.00,295.58,124.59,48.95,116.42,535.85,73.89,126.79,251.00,183.50,34.87,66.87,40.25,401.24,56.78,47.80,182.00,231.53,139.78,263.32,245.73,93.83,162.85,208.45,133.00,84.26,67.69,107.06,16.28,179.14,28.14,42.50,17.00,1,주먹 쥐기 (Fist)
387.00,510.00,266.00,638.00,8.00,44.15,33.42,152.15,145.60,501.61,30.96,106.32,130.00,283.33,68.44,125.49,183.83,423.29,97.53,231.64,368.00,178.29,158.64,144.17,191.42,231.32,194.30,133.49,352.00,241.79,183.74,300.46,218.84,72.28,177.92,219.06,89.00,85.53,12.71,67.39,78.64,100.65,60.10,40.88,63.00,1,주먹 쥐기 (Fist)
423.00,649.00,130.00,605.00,31.00,161.05,210.96,116.38,160.55,327.27,226.06,200.84,69.00,253.87,138.90,153.83,147.14,372.36,185.27,319.51,456.00,167.27,146.36,145.00,194.79,225.43,207.58,148.26,367.00,241.79,183.74,300.46,218.84,72.28,177.92,219.06,89.00,94.38,22.82,57.16,77.16,102.68,50.71,29.96,52.00,1,주먹 쥐기 (Fist)
352.00,594.00,168.00,661.00,48.00,215.58,248.23,103.61,126.18,318.54,187.37,173.32,13.00,215.79,238.87,256.28,250.25,319.89,139.43,229.59,352.00,128.38,146.49,186.66,236.56,196.72,198.38,114.17,324.00,217.04,223.68,293.64,302.61,187.11,88.80,199.76,32.00,58.68,33.13,87.61,114.11,76.01,57.03,18.83,15.00,1,주먹 쥐기 (Fist)
281.00,572.00,115.00,551.00,39.00,150.69,260.83,187.41,207.85,236.72,216.79,195.55,75.00,264.36,207.38,248.00,254.37,242.89,195.63,200.62,275.00,123.41,150.54,189.58,235.54,201.55,195.29,116.28,329.00,224.72,228.32,311.81,290.39,192.35,69.41,195.49,53.00,45.70,46.05,87.57,114.28,88.65,44.67,10.23,28.00,1,주먹 쥐기 (Fist)
281.00,551.00,145.00,594.00,28.00,146.04,303.44,218.11,199.42,273.34,171.57,162.32,28.00,182.82,179.63,165.33,166.34,224.50,285.63,234.63,184.00,73.77,202.98,168.40,183.85,201.17,247.94,124.79,276.00,155.05,121.70,214.20,184.36,123.77,90.41,174.93,206.00,28.49,61.59,69.42,93.34,87.49,64.38,28.69,7.00,1,주먹 쥐기 (Fist)
378.00,627.00,151.00,572.00,26.00,137.56,209.81,275.04,304.28,269.65,91.68,85.47,77.00,33.29,121.10,105.05,270.05,96.12,225.29,136.28,351.00,56.16,239.15,115.97,203.68,150.71,209.50,95.83,329.00,150.52,111.66,221.75,174.77,133.81,81.11,176.29,195.00,28.07,67.93,53.80,93.77,68.86,57.66,9.13,27.00,1,주먹 쥐기 (Fist)
320.00,540.00,192.00,583.00,22.00,158.32,233.34,213.37,314.35,215.52,125.70,56.09,144.00,70.82,147.53,62.17,247.36,53.16,256.44,118.21,394.00,58.70,243.05,154.39,156.34,119.18,220.25,70.45,386.00,158.48,122.07,211.58,169.50,141.88,79.80,182.26,184.00,22.04,80.00,50.03,68.07,53.04,75.49,20.45,53.00,1,주먹 쥐기 (Fist)
320.00,605.00,130.00,616.00,39.00,129.53,247.27,214.35,276.81,181.43,164.70,56.32,183.00,37.93,114.53,82.92,218.68,52.64,289.33,101.19,427.00,58.09,238.94,155.90,153.22,122.75,224.72,68.13,391.00,137.97,113.78,212.54,189.36,136.40,95.93,201.04,162.00,22.49,85.93,44.87,69.38,49.35,69.52,14.47,47.00,1,주먹 쥐기 (Fist)
328.00,605.00,105.00,583.00,57.00,108.36,269.97,193.74,284.68,179.07,148.67,61.94,159.00,74.11,84.12,110.62,186.27,52.79,234.74,191.07,322.00,160.68,110.39,288.72,94.76,53.84,107.77,189.36,258.00,94.97,139.19,175.71,176.31,178.62,53.49,158.48,205.00,62.17,53.65,94.32,22.20,12.31,55.46,41.89,7.00,1,주먹 쥐기 (Fist)
281.00,583.00,192.00,672.00,16.00,213.78,181.91,287.17,189.99,88.21,192.03,157.17,53.00,52.42,65.66,120.81,164.30,62.95,244.55,213.07,300.00,88.79,153.52,266.82,25.06,125.84,126.78,260.77,186.00,42.33,250.17,102.30,70.71,152.32,146.92,267.71,94.00,42.18,47.28,94.12,13.15,32.27,72.93,61.55,27.00,1,주먹 쥐기 (Fist)
405.00,672.00,115.00,594.00,45.00,135.68,204.48,299.76,160.13,32.82,276.78,241.77,32.00,103.67,121.42,66.32,176.78,59.17,298.74,265.44,244.00,107.02,153.59,250.28,23.41,134.74,146.33,278.47,166.00,42.33,250.17,102.30,70.71,152.32,146.92,267.71,94.00,36.83,42.69,99.88,7.28,30.71,67.32,56.51,21.00,1,주먹 쥐기 (Fist)
312.00,638.00,130.00,627.00,45.00,115.84,196.17,338.58,121.49,12.33,248.84,207.78,7.00,179.83,190.29,105.26,101.41,134.84,229.43,207.75,331.00,141.81,188.98,214.25,23.41,165.10,112.38,251.98,210.00,21.34,250.87,82.72,52.50,139.57,155.09,255.03,116.00,49.26,59.68,90.29,20.25,45.99,62.57,49.33,4.00,1,주먹 쥐기 (Fist)
273.00,500.00,151.00,530.00,22.00,140.30,262.82,309.90,134.16,73.77,264.05,174.09,86.00,129.44,187.14,50.39,177.56,208.92,245.40,211.73,425.00,133.14,173.41,210.46,32.56,179.51,113.84,249.53,226.00,53.68,311.62,119.03,116.11,113.54,87.94,278.88,41.00,42.83,49.60,81.07,30.61,58.97,73.88,53.89,13.00,1,주먹 쥐기 (Fist)
304.00,551.00,120.00,561.00,42.00,144.43,278.12,322.81,120.07,71.57,249.68,172.43,70.00,163.82,264.70,135.31,160.31,235.43,169.79,172.68,338.00,133.94,156.54,171.35,66.48,185.36,84.66,241.93,186.00,21.39,262.26,75.35,109.55,67.52,38.46,286.58,10.00,45.34,52.82,72.11,36.88,61.49,64.88,47.70,4.00,1,주먹 쥐기 (Fist)
320.00,616.00,145.00,594.00,33.00,164.33,252.85,267.65,164.92,136.50,186.24,155.40,2.00,92.78,180.00,120.45,256.20,331.10,76.32,138.40,242.00,123.21,147.71,185.79,77.80,208.17,61.88,231.71,163.00,22.63,273.63,71.87,87.69,50.74,35.84,284.08,32.00,39.59,44.43,75.15,43.28,70.48,59.13,39.97,5.00,1,주먹 쥐기 (Fist)
320.00,572.00,156.00,583.00,26.00,129.75,232.11,257.32,199.48,169.35,175.30,141.74,47.00,120.75,188.77,88.00,257.03,342.98,69.04,127.65,209.00,123.21,147.71,185.79,77.80,208.17,61.88,231.71,163.00,34.26,269.95,52.13,93.05,45.88,21.62,294.67,10.00,34.69,38.92,71.07,47.38,68.22,58.54,45.87,1.00,1,주먹 쥐기 (Fist)
328.00,561.00,120.00,510.00,39.00,83.89,180.56,201.13,241.62,196.56,144.81,178.25,12.00,70.10,215.13,124.38,206.29,309.87,111.27,107.21,158.00,55.67,47.30,40.91,116.81,165.12,149.13,109.11,17.00,146.74,185.89,91.44,217.52,171.20,147.95,206.97,138.00,9.58,40.65,42.84,34.06,49.88,84.09,16.99,30.00,1,주먹 쥐기 (Fist)
252.00,490.00,174.00,510.00,16.00,104.45,36.86,151.97,187.86,48.48,309.27,65.16,159.00,227.72,61.60,222.84,246.01,160.91,266.61,132.89,1.00,63.30,29.72,63.78,145.04,128.29,190.90,72.98,27.00,231.37,99.53,170.51,223.76,151.06,99.33,289.20,43.00,22.14,26.93,43.02,49.04,34.88,98.53,15.69,45.00,1,주먹 쥐기 (Fist)
336.00,583.00,145.00,594.00,31.00,116.40,48.02,167.78,171.94,39.51,296.18,71.76,143.00,237.60,51.15,231.99,236.92,160.08,260.12,128.52,10.00,46.95,46.26,73.86,130.43,108.81,203.01,52.20,50.00,283.70,35.93,182.24,160.46,89.42,80.98,222.28,110.00,39.14,11.45,30.27,51.24,44.14,91.09,12.49,28.00,1,주먹 쥐기 (Fist)
352.00,551.00,217.00,605.00,20.00,103.46,23.92,144.77,192.77,31.57,293.58,135.31,72.00,252.14,46.33,229.09,225.52,179.94,257.38,129.74,11.00,144.18,57.57,33.35,76.11,164.68,210.04,50.80,152.00,258.03,71.74,224.67,188.04,56.64,63.23,172.25,164.00,57.04,21.02,13.17,33.54,54.85,85.23,21.73,47.00,1,주먹 쥐기 (Fist)
328.00,627.00,115.00,540.00,22.00,133.93,68.50,187.41,152.63,43.87,259.45,88.47,119.00,233.10,54.93,302.54,164.77,236.34,204.85,132.90,87.00,115.11,37.38,22.15,106.08,191.82,198.28,78.13,182.00,264.29,77.05,182.28,232.94,103.87,48.41,141.72,218.00,61.84,26.92,16.05,31.32,49.28,90.32,15.93,41.00,1,주먹 쥐기 (Fist)
328.00,530.00,180.00,616.00,28.00,88.13,57.65,156.76,186.27,91.28,209.48,50.40,169.00,224.96,104.82,258.72,242.63,234.45,109.88,159.80,184.00,138.97,39.59,8.25,111.02,193.63,172.65,101.60,211.00,275.35,38.01,171.69,214.45,137.76,45.65,145.93,262.00,60.79,25.81,14.14,29.41,49.34,92.26,13.94,39.00,1,주먹 쥐기 (Fist)
336.00,572.00,162.00,627.00,28.00,104.03,45.21,147.78,197.28,95.34,198.01,49.86,185.00,235.29,74.12,235.15,259.70,208.44,83.32,169.05,216.00,123.53,56.88,32.00,82.86,168.43,143.87,121.91,241.00,306.30,6.92,129.85,256.32,152.31,73.59,124.74,218.00,60.22,27.79,14.96,28.16,43.74,89.29,19.41,45.00,1,주먹 쥐기 (Fist)
361.00,649.00,156.00,684.00,36.00,143.80,4.21,107.49,228.04,128.80,201.65,46.22,144.00,268.25,68.06,195.18,296.71,247.73,97.80,174.99,172.00,127.42,30.99,26.28,76.32,147.02,134.10,135.17,267.00,371.00,74.63,96.77,283.05,84.75,12.92,178.05,286.00,59.27,24.99,11.97,25.18,41.67,90.22,21.71,48.00,1,주먹 쥐기 (Fist)
396.00,720.00,115.00,684.00,68.00,203.57,65.09,116.87,193.87,85.94,246.28,83.50,212.00,380.20,175.30,234.65,258.38,276.51,166.90,139.12,287.00,126.40,26.05,36.21,66.37,144.78,129.70,133.27,257.00,471.52,161.65,188.57,201.56,146.48,96.44,79.55,185.00,66.83,35.38,19.51,28.65,47.47,100.21,28.85,59.00,1,주먹 쥐기 (Fist)
273.00,561.00,125.00,520.00,26.00,198.10,59.42,108.88,201.32,91.72,254.27,91.36,220.00,358.66,157.13,213.13,280.19,298.46,188.59,133.59,309.00,167.07,60.95,59.17,89.20,80.24,71.26,162.69,190.00,343.81,167.79,148.57,326.02,188.51,224.60,72.72,33.00,76.27,41.17,20.18,20.52,37.90,90.99,25.91,49.00,1,주먹 쥐기 (Fist)
281.00,551.00,145.00,627.00,33.00,194.85,139.90,134.52,195.06,57.08,192.88,39.89,96.00,268.08,183.65,226.46,291.00,283.51,152.92,223.32,188.00,139.33,56.89,38.59,113.21,63.41,41.41,189.21,160.00,360.64,136.27,116.24,341.98,175.97,240.52,104.49,0.00,64.31,43.62,30.30,30.02,39.06,87.40,31.36,37.00,1,주먹 쥐기 (Fist)
369.00,672.00,105.00,572.00,51.00,164.61,88.45,82.16,250.46,111.65,227.10,96.72,39.00,280.45,150.68,192.46,323.64,316.10,179.91,257.05,154.00,164.31,40.21,30.08,102.18,82.75,32.94,214.17,135.00,354.81,187.32,154.85,296.40,121.29,234.69,152.63,55.00,69.67,38.29,26.13,33.42,45.01,90.66,36.67,31.00,1,주먹 쥐기 (Fist)
281.00,605.00,145.00,638.00,42.00,158.91,87.08,83.61,252.24,110.45,219.10,89.23,47.00,303.08,78.37,179.41,365.82,264.41,79.37,158.57,259.00,169.94,34.46,24.73,107.84,77.85,29.03,208.53,141.00,332.13,169.34,210.63,247.12,115.45,176.79,240.59,163.00,84.35,19.81,39.67,50.57,39.23,71.09,16.73,51.00,1,주먹 쥐기 (Fist)
312.00,583.00,145.00,583.00,24.00,151.58,92.19,91.52,244.48,103.53,225.04,95.16,39.00,304.70,96.50,210.71,338.94,241.78,94.96,181.33,227.00,152.45,57.86,47.05,102.49,87.33,5.70,190.93,166.00,323.23,187.43,231.14,226.11,93.46,196.73,226.96,141.00,77.08,29.65,26.19,60.31,56.00,56.56,4.99,69.00,1,주먹 쥐기 (Fist)
336.00,572.00,120.00,551.00,45.00,135.58,108.17,100.70,241.05,116.81,224.61,89.06,55.00,320.06,52.56,189.93,365.55,200.96,99.68,204.79,183.00,162.17,50.56,51.83,77.65,112.16,19.32,184.04,191.00,354.75,145.70,233.42,216.69,88.36,237.28,220.81,98.00,77.04,31.12,22.54,51.74,64.40,57.04,15.93,81.00,1,주먹 쥐기 (Fist)
296.00,583.00,110.00,540.00,51.00,158.28,91.79,114.16,217.50,115.45,242.31,94.14,79.00,312.15,61.30,182.31,374.04,201.58,95.37,207.93,172.00,172.03,87.97,97.80,85.00,108.42,35.53,181.62,145.00,395.88,130.30,275.31,174.11,48.32,220.84,210.20,141.00,73.18,54.61,8.19,72.47,76.34,39.88,9.68,56.00,1,주먹 쥐기 (Fist)
273.00,583.00,174.00,696.00,26.00,203.49,112.80,167.58,213.28,166.87,187.53,70.43,24.00,291.90,68.91,161.83,388.24,180.75,115.69,210.79,194.00,182.55,41.15,93.11,42.72,161.17,87.98,172.49,91.00,212.11,159.49,228.94,234.23,150.99,348.44,195.72,327.00,78.93,43.85,19.38,67.36,88.98,27.41,22.64,43.00,1,주먹 쥐기 (Fist)
405.00,684.00,110.00,605.00,51.00,164.10,45.00,203.86,61.00,289.52,149.35,133.87,129.00,98.06,187.25,253.19,274.70,342.84,101.13,193.88,0.00,147.39,75.95,32.60,36.24,202.93,136.06,158.28,27.00,144.44,187.79,321.67,176.66,125.78,255.75,216.46,232.00,55.11,59.05,26.60,35.81,101.09,15.40,56.32,8.00,1,주먹 쥐기 (Fist)
281.00,540.00,145.00,583.00,45.00,142.09,56.27,151.00,74.40,291.04,198.28,174.45,184.00,139.51,174.05,216.07,315.29,345.20,142.89,199.80,43.00,147.39,75.95,32.60,36.24,202.93,136.06,158.28,27.00,146.92,190.59,315.80,186.63,136.30,250.40,224.73,221.00,44.70,60.08,38.98,29.83,110.19,1.70,45.12,22.00,1,주먹 쥐기 (Fist)
281.00,638.00,88.00,572.00,42.00,115.33,127.24,162.56,45.35,354.56,134.90,150.03,113.00,85.07,145.05,217.59,351.93,272.60,204.15,205.92,130.00,54.77,108.59,139.62,103.59,74.40,129.91,109.41,102.00,146.37,220.11,336.30,175.60,118.51,242.82,193.58,254.00,26.49,51.10,44.73,51.48,89.98,23.68,58.11,0.00,1,주먹 쥐기 (Fist)
320.00,572.00,135.00,540.00,33.00,111.68,133.12,170.56,37.64,348.81,136.79,148.20,121.00,97.89,189.93,264.51,306.40,226.25,219.80,207.31,185.00,67.28,107.30,128.98,101.04,66.47,125.04,105.92,122.00,146.37,220.11,336.30,175.60,118.51,242.82,193.58,254.00,16.96,42.15,38.91,54.08,90.00,17.81,54.75,11.00,1,주먹 쥐기 (Fist)
273.00,561.00,120.00,551.00,36.00,79.91,147.17,198.56,56.85,332.10,170.83,184.82,66.00,98.79,160.16,241.32,288.85,235.51,210.45,202.38,216.00,25.06,75.87,102.40,41.11,119.54,83.62,94.85,182.00,116.41,254.09,347.33,201.94,181.24,179.04,136.90,319.00,9.51,34.19,30.93,46.62,97.25,15.90,53.92,3.00,1,주먹 쥐기 (Fist)
312.00,572.00,151.00,594.00,33.00,65.96,140.98,187.79,74.40,355.80,146.84,162.32,90.00,98.79,160.16,241.32,288.85,235.51,210.45,202.38,216.00,22.10,66.71,91.60,41.77,112.39,94.29,98.38,171.00,100.38,252.21,321.82,230.41,178.32,198.52,156.95,286.00,4.57,31.33,29.68,44.92,93.68,19.76,56.16,8.00,1,주먹 쥐기 (Fist)
320.00,572.00,168.00,572.00,20.00,43.51,109.79,146.80,60.07,336.43,177.76,203.31,49.00,55.85,155.24,164.34,256.52,215.97,285.87,265.91,139.00,29.23,78.59,98.86,30.08,118.67,104.68,107.09,159.00,84.31,191.14,226.91,203.02,85.95,236.08,158.87,398.00,20.53,31.62,18.29,29.97,101.03,35.61,69.38,24.00,1,주먹 쥐기 (Fist)
304.00,510.00,168.00,572.00,18.00,75.87,18.12,142.11,32.14,282.77,187.68,124.02,141.00,191.00,176.97,207.43,83.67,101.37,238.46,62.71,349.00,80.98,118.59,88.03,67.54,67.60,102.94,59.35,212.00,149.24,101.62,280.04,91.05,196.16,128.59,113.92,286.00,69.20,44.20,31.94,45.80,52.22,38.92,20.99,26.00,1,주먹 쥐기 (Fist)
352.00,540.00,156.00,520.00,20.00,66.11,94.73,64.32,82.46,204.35,261.63,112.09,220.00,208.04,177.72,227.15,103.12,119.54,221.35,83.55,328.00,111.20,129.28,62.14,85.56,75.26,78.41,89.85,181.00,149.24,101.62,280.04,91.05,196.16,128.59,113.92,286.00,74.48,45.26,35.05,49.58,53.08,32.92,26.98,20.00,1,주먹 쥐기 (Fist)
344.00,649.00,115.00,605.00,57.00,121.40,143.04,56.33,121.66,228.23,207.92,93.32,157.00,174.36,251.74,242.19,115.66,204.54,125.06,179.70,230.00,87.74,141.56,89.92,109.00,59.83,48.41,119.17,151.00,154.94,85.05,283.19,113.04,179.40,121.96,99.79,264.00,61.77,61.19,51.93,69.35,35.78,23.23,50.27,4.00,1,주먹 쥐기 (Fist)
281.00,616.00,125.00,672.00,64.00,33.62,148.65,31.83,189.53,187.82,212.40,101.56,69.00,166.81,197.31,186.23,75.17,212.46,107.86,229.88,174.00,97.37,122.37,90.66,99.40,39.88,37.53,136.36,131.00,189.48,130.34,371.12,148.92,98.17,194.73,55.42,164.00,63.02,74.14,63.27,76.40,48.59,16.42,39.94,9.00,1,주먹 쥐기 (Fist)
304.00,605.00,145.00,605.00,31.00,54.74,127.98,29.62,179.11,164.99,232.59,107.59,46.00,166.81,197.31,186.23,75.17,212.46,107.86,229.88,174.00,97.37,122.37,90.66,99.40,39.88,37.53,136.36,131.00,162.51,132.05,347.71,125.73,117.25,227.00,61.37,131.00,57.60,67.54,64.93,85.44,52.36,9.05,36.72,20.00,1,주먹 쥐기 (Fist)
320.00,616.00,101.00,540.00,28.00,61.05,120.34,37.58,186.46,169.13,224.98,108.07,54.00,190.95,191.21,165.75,63.51,241.78,74.98,219.69,207.00,114.19,142.02,73.51,91.09,35.55,16.09,130.85,175.00,121.73,169.13,367.44,161.25,78.12,206.18,72.67,174.00,60.61,66.84,60.98,83.35,49.79,5.70,37.85,24.00,1,주먹 쥐기 (Fist)
320.00,530.00,156.00,594.00,48.00,54.31,128.42,33.50,180.89,160.45,218.29,116.44,70.00,151.29,225.33,207.07,22.47,243.26,49.94,229.73,249.00,86.87,152.57,46.16,55.15,32.18,36.45,149.57,211.00,164.73,129.08,324.90,144.81,94.21,225.29,110.69,217.00,63.47,64.45,59.44,85.96,52.68,8.70,35.92,21.00,1,주먹 쥐기 (Fist)
304.00,684.00,92.00,605.00,54.00,54.20,130.26,26.42,173.30,152.53,221.43,123.26,78.00,252.28,128.66,208.47,111.00,163.07,130.85,306.12,350.00,103.43,135.97,63.77,56.75,24.79,45.69,165.39,229.00,225.91,122.61,315.95,208.31,33.66,162.83,45.70,152.00,66.46,61.48,61.33,87.46,52.37,6.98,38.57,24.00,1,주먹 쥐기 (Fist)
320.00,616.00,162.00,684.00,51.00,59.00,172.57,29.97,164.25,170.20,178.32,77.00,31.00,282.95,119.94,241.21,109.66,194.36,101.88,273.89,317.00,115.42,124.83,67.38,45.22,36.46,48.01,153.43,217.00,216.75,113.07,305.08,206.52,38.37,152.14,35.02,140.00,89.31,50.20,85.50,67.27,32.13,23.61,13.78,1.00,1,주먹 쥐기 (Fist)
320.00,638.00,140.00,627.00,31.00,97.16,99.83,63.38,79.51,135.77,101.50,15.73,54.00,251.21,99.17,222.48,155.46,204.03,102.54,228.63,271.00,88.79,138.96,91.11,61.52,58.61,76.01,125.18,187.00,227.34,134.98,321.78,184.70,60.19,147.22,28.32,118.00,75.90,43.65,84.36,82.01,14.99,37.59,6.84,21.00,1,주먹 쥐기 (Fist)
336.00,594.00,130.00,561.00,31.00,46.04,116.37,51.75,101.67,83.56,106.00,68.81,109.00,272.31,148.56,185.31,160.59,167.11,151.34,186.18,217.00,98.34,142.65,79.47,72.80,58.24,89.48,114.94,172.00,225.05,121.97,328.82,188.94,69.76,161.19,42.63,96.00,73.72,33.72,97.70,74.30,15.66,37.38,7.17,7.00,1,주먹 쥐기 (Fist)
328.00,605.00,125.00,540.00,33.00,7.76,114.52,98.65,71.55,121.86,66.52,26.66,62.00,270.95,119.72,217.33,129.03,135.36,181.89,175.11,184.00,92.14,111.27,75.39,58.42,31.19,108.43,109.41,135.00,237.56,132.78,360.81,158.15,91.32,129.23,14.11,128.00,77.10,24.83,103.58,66.57,22.35,30.46,3.38,16.00,1,주먹 쥐기 (Fist)
288.00,572.00,130.00,583.00,42.00,34.30,135.62,89.78,101.19,122.77,34.58,32.30,30.00,270.95,119.72,217.33,129.03,135.36,181.89,175.11,184.00,90.22,116.22,79.76,53.46,26.21,108.08,111.49,130.00,206.97,93.04,345.33,175.79,130.90,101.39,31.00,171.00,70.70,32.64,107.66,62.17,30.24,21.46,12.14,25.00,1,주먹 쥐기 (Fist)
312.00,616.00,130.00,638.00,61.00,7.75,96.64,58.77,119.40,91.86,31.10,69.42,9.00,234.43,101.22,265.54,79.08,90.14,207.36,154.71,239.00,97.39,110.48,72.29,55.66,25.16,100.91,119.13,120.00,134.52,28.68,415.51,110.44,152.67,117.33,63.77,84.00,49.11,47.27,132.53,41.11,39.86,42.91,13.71,0.00,1,주먹 쥐기 (Fist)
288.00,684.00,92.00,649.00,61.00,17.33,114.31,81.76,101.12,70.40,54.76,93.12,33.00,149.57,72.82,356.99,167.94,197.83,99.31,237.47,127.00,46.23,113.84,74.49,113.28,83.37,41.94,176.59,61.00,85.10,77.18,461.65,72.95,98.64,139.72,11.15,139.00,23.09,56.75,143.28,63.13,15.88,40.49,14.58,28.00,1,주먹 쥐기 (Fist)
320.00,572.00,168.00,561.00,20.00,17.33,114.31,81.76,101.12,70.40,54.76,93.12,33.00,149.57,72.82,356.99,167.94,197.83,99.31,237.47,127.00,46.23,113.84,74.49,113.28,83.37,41.94,176.59,61.00,95.93,67.76,463.42,63.51,97.52,150.56,11.75,150.00,23.09,56.75,143.28,63.13,15.88,40.49,14.58,28.00,1,주먹 쥐기 (Fist)
320.00,490.00,186.00,510.00,8.00,15.71,124.87,95.84,90.43,55.04,55.08,84.42,17.00,169.39,91.00,376.31,186.45,214.63,108.47,218.01,147.00,64.23,131.04,91.66,131.11,95.91,46.41,162.03,79.00,156.97,82.19,524.10,59.48,49.07,106.44,52.96,88.00,32.91,65.29,152.87,72.01,6.05,30.93,8.92,18.00,1,주먹 쥐기 (Fist)
361.00,572.00,168.00,605.00,26.00,23.06,133.87,102.75,97.65,61.32,48.04,85.82,26.00,138.76,62.83,357.96,177.49,241.22,105.99,193.21,179.00,75.45,141.65,93.86,133.20,85.25,51.67,168.29,67.00,94.04,13.25,482.28,41.87,37.62,147.71,133.52,3.00,27.97,59.55,152.31,69.64,8.14,28.88,11.72,12.00,1,주먹 쥐기 (Fist)
328.00,551.00,156.00,572.00,24.00,7.31,122.89,108.18,89.44,57.78,32.08,84.38,42.00,222.10,125.57,312.92,83.67,245.51,85.17,175.16,277.00,109.55,159.32,65.70,93.61,90.22,14.82,165.64,108.00,104.89,40.98,460.70,32.56,62.79,180.71,161.95,30.00,52.75,80.26,123.73,40.61,40.76,53.75,43.86,21.00,1,주먹 쥐기 (Fist)
320.00,605.00,115.00,627.00,48.00,46.29,126.08,69.20,57.28,23.64,30.64,78.40,81.00,229.77,128.95,301.93,79.70,254.43,90.42,170.37,266.00,103.37,161.80,75.60,97.17,83.14,4.98,170.24,118.00,118.01,83.35,417.82,77.23,81.42,152.18,137.35,15.00,64.22,82.86,110.80,33.24,38.74,38.78,28.80,5.00,1,주먹 쥐기 (Fist)
328.00,627.00,130.00,616.00,54.00,69.00,115.41,64.88,44.01,46.87,7.69,88.57,57.00,222.21,139.60,312.02,59.09,273.26,111.94,155.11,244.00,100.91,175.08,80.73,83.65,97.36,19.55,158.80,103.00,117.51,78.17,418.72,78.85,91.97,154.83,137.20,26.00,56.94,96.48,106.78,12.73,61.02,37.52,21.37,18.00,1,주먹 쥐기 (Fist)
312.00,616.00,151.00,605.00,33.00,62.87,122.77,57.57,36.67,49.20,1.44,95.23,49.00,222.21,139.60,312.02,59.09,273.26,111.94,155.11,244.00,98.44,128.62,120.26,115.75,113.56,63.97,112.90,53.00,154.59,117.85,362.57,143.01,105.90,102.99,125.66,39.00,58.41,101.47,102.05,9.85,58.38,33.31,19.22,13.00,1,주먹 쥐기 (Fist)
312.00,561.00,140.00,530.00,16.00,59.91,130.19,51.89,33.96,55.24,6.76,87.36,57.00,238.13,166.46,282.33,88.32,243.46,121.61,124.20,213.00,102.63,134.81,108.06,126.57,104.93,73.52,96.99,37.00,98.27,54.76,416.75,163.48,169.52,39.08,121.78,103.00,43.98,80.66,125.68,23.35,81.96,5.94,24.10,19.00,1,주먹 쥐기 (Fist)
328.00,583.00,105.00,572.00,68.00,62.86,122.53,46.95,12.04,77.06,28.76,64.04,81.00,163.46,166.19,307.85,114.69,195.50,129.22,41.37,112.00,94.42,139.60,104.22,117.80,92.03,73.95,84.57,24.00,66.68,47.33,413.89,192.84,162.65,67.79,132.05,70.00,52.72,78.80,129.94,29.21,93.99,18.23,33.49,33.00,1,주먹 쥐기 (Fist)
273.00,605.00,115.00,561.00,51.00,81.31,105.73,91.77,55.73,91.61,67.59,40.07,128.00,154.11,176.02,300.38,123.07,187.01,132.92,43.24,123.00,136.77,97.14,150.85,87.32,91.82,58.26,58.03,23.00,56.41,162.56,301.05,179.97,80.91,114.57,92.62,193.00,52.72,78.80,129.94,29.21,93.99,18.23,33.49,33.00,1,주먹 쥐기 (Fist)
281.00,627.00,130.00,616.00,48.00,117.20,77.41,118.47,62.65,118.25,62.49,46.41,89.00,143.30,186.44,290.04,116.50,196.87,122.88,45.61,112.00,146.77,87.48,155.87,78.77,81.93,65.56,57.90,13.00,66.84,171.75,292.68,169.29,91.80,103.84,94.51,182.00,69.72,61.82,137.81,23.02,77.84,27.96,39.31,50.00,1,주먹 쥐기 (Fist)
304.00,616.00,125.00,572.00,31.00,149.15,45.89,113.34,37.80,91.22,40.59,50.42,121.00,164.92,177.57,291.74,135.20,196.95,102.46,62.47,90.00,151.35,85.15,153.00,81.61,84.64,60.58,59.66,18.00,58.76,169.68,289.36,172.35,97.78,98.52,101.32,171.00,69.72,61.82,137.81,23.02,77.84,27.96,39.31,50.00,1,주먹 쥐기 (Fist)
304.00,551.00,130.00,520.00,33.00,171.16,28.55,91.38,23.77,88.15,63.96,36.15,97.00,122.80,162.85,339.94,168.30,150.24,97.26,115.98,36.00,147.90,83.68,157.90,77.62,82.01,57.52,63.32,23.00,68.59,158.75,309.25,191.48,88.87,106.66,119.51,151.00,69.72,61.82,137.81,23.02,77.84,27.96,39.31,50.00,1,주먹 쥐기 (Fist)
266.00,572.00,115.00,572.00,42.00,187.52,39.93,76.11,45.40,108.76,47.50,53.96,119.00,122.80,162.85,339.94,168.30,150.24,97.26,115.98,36.00,153.80,97.01,155.70,69.35,67.18,61.71,77.66,38.00,72.14,148.14,314.58,194.81,99.86,96.13,108.51,162.00,69.72,61.82,137.81,23.02,77.84,27.96,39.31,50.00,1,주먹 쥐기 (Fist)
304.00,616.00,140.00,638.00,39.00,191.39,47.92,80.32,47.13,103.71,47.51,46.01,111.00,122.80,162.85,339.94,168.30,150.24,97.26,115.98,36.00,153.55,87.67,146.96,78.29,65.66,71.09,87.59,48.00,72.14,148.14,314.58,194.81,99.86,96.13,108.51,162.00,73.06,39.88,119.43,32.53,73.28,47.13,59.10,28.00,1,주먹 쥐기 (Fist)
344.00,696.00,92.00,594.00,54.00,192.30,41.11,27.92,101.97,140.36,44.36,17.02,55.00,118.51,170.53,351.93,176.92,161.98,104.56,122.10,24.00,153.55,87.67,146.96,78.29,65.66,71.09,87.59,48.00,72.53,143.18,261.89,184.22,73.73,95.07,79.80,217.00,77.73,35.81,113.51,37.80,67.07,44.85,52.10,35.00,1,주먹 쥐기 (Fist)
296.00,583.00,168.00,638.00,48.00,180.80,18.27,32.36,101.49,161.99,46.61,40.14,31.00,111.64,170.18,356.65,169.65,156.09,106.06,120.56,35.00,153.55,87.67,146.96,78.29,65.66,71.09,87.59,48.00,105.58,96.72,278.30,107.38,15.78,166.52,117.23,294.00,53.28,39.84,111.76,59.17,48.49,63.71,29.03,63.00,1,주먹 쥐기 (Fist)
288.00,561.00,145.00,551.00,16.00,158.55,15.66,29.91,133.38,165.81,66.61,11.28,63.00,62.63,130.09,314.34,123.94,126.96,61.90,120.65,36.00,116.57,52.40,106.46,71.45,65.75,64.59,106.54,89.00,144.63,61.79,249.72,111.68,54.01,132.06,79.95,253.00,45.53,38.44,104.64,63.60,44.09,55.79,32.59,55.00,1,주먹 쥐기 (Fist)
344.00,490.00,204.00,540.00,11.00,143.68,31.95,22.90,133.18,149.10,49.71,23.00,46.00,134.15,208.14,395.53,64.88,49.97,41.28,139.45,118.00,152.35,88.34,129.60,107.30,45.12,52.09,121.16,125.00,80.61,126.69,312.07,52.80,104.91,139.20,17.78,188.00,60.45,50.75,116.60,76.16,29.24,48.42,38.25,40.00,1,주먹 쥐기 (Fist)
361.00,561.00,145.00,470.00,8.00,176.41,30.75,55.34,166.15,133.61,39.45,50.84,13.00,124.17,199.64,393.01,74.09,42.15,42.09,141.20,128.00,141.88,81.33,133.95,107.04,34.17,44.61,123.45,136.00,59.82,209.79,341.31,140.43,150.05,63.75,119.31,290.00,74.99,66.32,114.26,85.28,36.25,44.65,38.66,56.00,1,주먹 쥐기 (Fist)
304.00,432.00,198.00,510.00,16.00,161.08,15.85,49.53,166.24,145.47,52.56,63.50,3.00,289.62,291.11,273.79,211.57,191.63,153.82,202.48,301.00,211.73,107.49,51.25,24.19,73.00,39.13,138.90,219.00,171.55,270.99,276.24,207.94,62.73,177.49,41.90,173.00,100.36,88.05,84.42,63.81,58.98,71.88,32.65,24.00,1,주먹 쥐기 (Fist)
320.00,510.00,180.00,530.00,22.00,155.04,8.37,56.25,174.23,138.43,44.90,59.34,5.00,392.60,319.32,159.31,273.12,158.32,135.56,187.78,184.00,247.70,115.77,61.84,58.18,50.13,41.02,142.77,169.00,256.18,281.20,190.29,166.09,57.52,120.48,74.79,259.00,121.92,96.77,64.66,40.50,37.64,43.49,48.03,56.00,1,주먹 쥐기 (Fist)
328.00,583.00,174.00,661.00,33.00,162.60,20.00,44.49,175.79,141.15,40.27,59.94,21.00,416.01,309.27,158.81,249.97,127.66,108.12,172.09,217.00,259.19,108.89,84.33,70.84,31.17,18.20,130.21,192.00,210.09,312.49,215.98,220.29,61.57,147.29,118.01,315.00,121.92,96.77,64.66,40.50,37.64,43.49,48.03,56.00,1,주먹 쥐기 (Fist)
344.00,605.00,162.00,583.00,14.00,170.14,43.46,65.47,207.51,109.71,32.08,50.65,11.00,399.91,348.01,117.56,284.23,100.23,64.62,143.62,261.00,263.79,91.30,91.51,56.30,52.18,38.43,148.05,170.00,190.34,365.19,192.00,215.06,102.09,94.78,95.32,262.00,122.05,94.96,66.57,41.62,39.53,44.70,50.02,58.00,1,주먹 쥐기 (Fist)
344.00,490.00,162.00,530.00,22.00,169.90,51.10,79.71,206.20,119.56,42.92,58.68,5.00,404.32,261.47,195.68,347.13,173.87,78.38,83.80,354.00,261.92,34.69,68.34,32.57,70.77,50.66,92.66,227.00,189.23,333.76,233.96,257.05,137.56,65.12,111.20,220.00,116.08,53.74,84.59,26.83,58.52,5.63,21.03,12.00,1,주먹 쥐기 (Fist)
312.00,520.00,204.00,594.00,12.00,160.33,59.68,87.59,167.24,141.30,5.87,31.85,34.00,393.75,245.67,210.60,408.44,122.49,7.07,153.62,269.00,249.01,75.26,33.17,120.42,33.98,38.58,181.47,138.00,201.70,336.02,222.31,258.52,138.72,78.89,139.56,187.00,109.92,61.11,73.98,19.21,28.51,41.95,35.94,51.00,1,주먹 쥐기 (Fist)
387.00,627.00,140.00,594.00,31.00,141.20,109.38,79.09,202.77,52.45,105.53,130.13,72.00,393.75,245.67,210.60,408.44,122.49,7.07,153.62,269.00,245.64,84.58,31.19,120.00,24.80,31.60,172.47,148.00,185.63,350.07,205.74,236.66,120.49,100.68,161.50,165.00,104.85,77.64,58.41,15.81,22.43,30.47,29.60,34.00,1,주먹 쥐기 (Fist)
328.00,616.00,151.00,661.00,48.00,138.23,117.09,69.57,222.95,43.41,91.29,106.81,48.00,393.75,245.67,210.60,408.44,122.49,7.07,153.62,269.00,229.38,98.44,11.17,94.00,34.30,38.43,190.52,122.00,269.88,261.35,289.16,242.79,63.19,179.34,247.50,76.00,115.54,64.07,72.17,32.39,8.93,38.17,37.81,17.00,1,주먹 쥐기 (Fist)
296.00,616.00,105.00,540.00,39.00,141.76,120.14,77.50,227.18,35.72,93.61,100.59,40.00,454.86,203.89,219.63,370.47,138.77,62.30,205.87,204.00,251.08,104.12,36.13,97.27,33.41,42.16,202.12,97.00,289.74,246.30,291.73,223.49,48.42,171.94,231.30,96.00,121.00,63.97,71.44,33.84,14.93,32.21,32.55,23.00,1,주먹 쥐기 (Fist)
273.00,551.00,120.00,605.00,48.00,136.46,113.62,74.29,221.33,31.66,99.96,97.60,33.00,433.92,200.69,236.32,388.49,126.46,77.29,219.09,183.00,246.11,99.61,34.40,102.11,29.90,40.82,202.91,92.00,318.99,247.21,264.27,216.82,80.50,160.06,249.53,63.00,127.00,68.47,65.76,28.23,14.03,37.13,38.49,17.00,1,주먹 쥐기 (Fist)
320.00,627.00,145.00,672.00,48.00,121.47,99.08,85.93,230.60,25.45,85.21,99.17,49.00,443.77,209.33,227.03,394.12,115.63,79.25,222.86,172.00,241.32,94.89,38.41,103.45,34.67,45.10,204.07,97.00,342.40,274.26,236.08,250.57,80.60,190.43,243.39,97.00,135.43,77.43,60.10,26.08,6.26,36.22,29.90,26.00,1,주먹 쥐기 (Fist)
352.00,684.00,135.00,627.00,36.00,113.47,96.85,93.07,237.03,33.23,88.29,101.17,41.00,435.92,197.45,225.12,383.94,113.75,73.83,222.94,160.00,209.87,85.80,78.03,63.53,52.15,12.24,181.71,54.00,356.64,306.82,246.02,256.36,48.47,159.99,236.43,64.00,122.71,67.18,52.87,8.25,12.32,50.78,20.47,44.00,1,주먹 쥐기 (Fist)
336.00,594.00,140.00,561.00,24.00,78.35,122.36,99.26,216.02,34.70,108.64,81.98,81.00,439.40,204.23,235.77,378.15,123.52,63.79,219.32,149.00,221.29,68.22,79.69,80.62,78.27,37.44,161.92,26.00,357.59,268.70,169.05,331.66,59.39,151.80,207.81,13.00,116.87,77.45,29.24,23.41,20.21,28.38,28.51,20.00,1,주먹 쥐기 (Fist)
320.00,594.00,135.00,583.00,33.00,66.84,154.34,78.96,188.15,9.25,76.80,105.26,49.00,438.68,203.61,256.84,350.29,101.14,95.59,242.00,182.00,222.38,58.61,89.58,74.03,77.96,29.34,170.97,36.00,343.02,258.29,184.56,327.29,88.83,178.49,191.39,45.00,113.94,60.87,41.59,23.77,35.35,28.64,38.40,3.00,1,주먹 쥐기 (Fist)
328.00,583.00,135.00,594.00,42.00,64.91,143.86,94.82,180.25,24.37,64.98,120.82,33.00,413.59,158.27,233.41,409.42,95.37,90.82,158.87,89.00,215.11,32.22,138.02,47.30,27.69,76.68,102.03,33.00,305.59,212.87,160.67,381.10,100.77,126.92,235.00,9.00,102.95,37.62,46.37,53.76,45.96,14.02,38.18,34.00,1,주먹 쥐기 (Fist)
304.00,605.00,162.00,649.00,31.00,68.11,160.59,123.03,132.28,47.85,84.98,65.42,90.00,392.03,122.02,192.26,441.78,129.21,50.68,202.25,133.00,221.35,16.10,142.40,31.02,11.97,84.67,86.16,50.00,167.62,44.59,22.84,433.20,79.45,258.75,65.58,170.00,91.58,47.47,36.64,54.82,24.96,31.13,26.89,11.00,1,주먹 쥐기 (Fist)
361.00,572.00,174.00,594.00,22.00,84.33,107.78,156.24,106.23,97.77,98.25,43.67,147.00,300.59,21.27,134.87,366.24,80.47,189.86,74.51,7.00,204.73,39.59,118.48,31.78,15.38,83.16,71.41,74.00,108.47,95.11,82.39,361.77,81.80,245.42,148.49,86.00,87.36,53.43,30.83,49.04,24.56,25.59,30.50,17.00,1,주먹 쥐기 (Fist)
328.00,583.00,125.00,540.00,33.00,91.28,100.19,163.68,98.49,97.65,100.56,39.93,139.00,245.50,93.70,204.62,300.91,7.99,151.33,125.47,66.00,157.20,85.14,104.97,29.07,44.89,125.96,96.14,19.00,100.66,104.71,84.15,356.12,71.99,238.39,138.93,96.00,77.46,62.32,25.57,47.10,34.80,31.11,21.15,6.00,1,주먹 쥐기 (Fist)
281.00,561.00,105.00,551.00,51.00,44.79,127.87,169.21,97.29,142.53,144.26,33.61,92.00,265.77,80.79,192.41,290.72,23.30,161.62,139.37,88.00,91.02,129.12,170.79,61.74,56.07,61.80,97.09,88.00,208.12,108.16,184.81,271.66,119.61,128.44,89.46,206.00,59.55,68.37,40.93,65.07,26.92,37.44,38.75,24.00,1,주먹 쥐기 (Fist)
288.00,572.00,180.00,696.00,33.00,14.44,139.74,224.82,44.29,117.94,97.84,59.55,148.00,298.77,94.91,213.68,261.38,24.34,129.78,131.61,55.00,109.02,127.94,160.85,71.22,72.56,60.16,110.39,106.00,102.18,24.29,145.56,362.38,224.01,89.13,171.07,319.00,41.61,65.03,56.26,68.62,14.82,19.11,20.78,5.00,1,주먹 쥐기 (Fist)
352.00,627.00,92.00,520.00,45.00,6.80,142.83,221.14,48.60,124.43,97.80,67.42,156.00,180.83,46.76,99.02,229.26,159.74,64.88,214.26,82.00,52.41,92.44,131.69,46.17,102.49,121.66,178.59,176.00,108.63,30.23,136.40,367.61,225.35,97.67,181.02,329.00,30.39,50.71,57.92,47.41,37.74,41.24,39.92,28.00,1,주먹 쥐기 (Fist)
288.00,594.00,125.00,583.00,39.00,30.79,120.69,206.19,69.35,145.17,116.51,90.99,180.00,161.05,102.27,149.22,155.39,152.45,31.13,143.46,8.00,84.58,48.91,56.29,123.79,151.50,61.10,102.80,97.00,112.81,41.23,128.57,376.96,234.80,87.11,170.53,318.00,44.33,25.87,40.30,42.30,35.72,34.25,28.47,1.00,1,주먹 쥐기 (Fist)
281.00,551.00,135.00,572.00,31.00,135.07,42.24,106.01,148.98,187.39,22.17,55.95,74.00,153.55,104.16,93.65,177.75,226.86,73.78,67.53,68.00,89.43,45.56,52.60,123.33,147.14,60.00,106.44,102.00,115.85,58.95,138.94,366.01,217.75,99.30,187.79,340.00,44.33,25.87,40.30,42.30,35.72,34.25,28.47,1.00,1,주먹 쥐기 (Fist)
336.00,638.00,130.00,649.00,51.00,128.01,38.21,105.70,152.53,195.06,26.23,62.56,66.00,160.33,84.18,83.14,197.23,239.27,84.23,48.76,90.00,110.24,24.72,63.43,102.40,145.98,78.20,99.35,81.00,114.56,63.23,150.78,355.49,214.25,101.24,181.85,328.00,47.33,24.37,39.50,42.05,37.20,37.23,30.60,2.00,1,주먹 쥐기 (Fist)
336.00,583.00,186.00,594.00,22.00,107.77,13.57,70.39,188.85,194.86,14.28,24.10,106.00,139.34,116.10,116.14,185.05,224.10,85.06,43.20,123.00,56.30,102.14,27.60,124.85,78.57,156.98,137.05,0.00,146.30,95.53,147.75,332.42,160.80,149.67,184.61,274.00,32.73,25.02,27.60,59.03,30.51,49.76,46.91,19.00,1,주먹 쥐기 (Fist)
344.00,627.00,120.00,572.00,45.00,129.99,65.81,39.65,175.00,128.59,64.42,95.07,35.00,207.23,98.78,111.45,114.53,148.12,78.05,106.44,199.00,56.30,102.14,27.60,124.85,78.57,156.98,137.05,0.00,116.46,62.82,116.24,363.39,146.06,180.36,204.83,241.00,31.34,24.02,24.66,59.01,33.44,49.35,43.95,16.00,1,주먹 쥐기 (Fist)
336.00,627.00,168.00,638.00,36.00,143.61,76.02,55.60,159.00,140.99,51.98,80.41,51.00,207.23,98.78,111.45,114.53,148.12,78.05,106.44,199.00,70.56,101.50,35.13,113.16,80.84,154.89,160.05,23.00,82.73,51.20,96.82,353.62,123.57,168.57,174.90,275.00,33.07,14.69,25.30,47.01,28.37,42.85,54.45,28.00,1,주먹 쥐기 (Fist)
304.00,583.00,110.00,540.00,36.00,96.22,90.29,55.03,166.09,137.04,70.27,60.29,99.00,121.46,13.88,108.43,54.00,101.63,175.52,45.88,98.00,48.16,119.15,52.12,91.27,105.63,138.01,183.50,48.00,21.00,127.18,167.03,270.06,209.21,145.95,261.28,188.00,33.07,14.69,25.30,47.01,28.37,42.85,54.45,28.00,1,주먹 쥐기 (Fist)
288.00,561.00,151.00,583.00,26.00,50.05,137.56,103.00,120.93,180.90,22.44,64.96,51.00,111.79,45.38,141.39,21.00,133.33,149.69,41.80,131.00,59.03,108.18,43.12,97.62,111.39,127.08,191.89,59.00,17.82,108.18,151.22,263.88,215.85,131.63,282.40,166.00,31.29,16.31,24.42,45.01,26.67,44.66,53.82,26.00,1,주먹 쥐기 (Fist)
320.00,627.00,88.00,540.00,57.00,50.05,137.56,103.00,120.93,180.90,22.44,64.96,51.00,108.98,26.76,133.77,39.12,155.25,151.74,49.94,164.00,17.90,143.10,53.94,137.75,94.04,94.73,218.12,106.00,45.13,124.40,139.09,305.77,186.65,89.23,317.34,123.00,7.73,31.55,44.50,50.54,32.53,42.91,56.91,50.00,1,주먹 쥐기 (Fist)
238.00,451.00,192.00,500.00,9.00,84.31,174.64,72.70,206.65,165.53,89.48,93.93,39.00,196.37,117.96,66.69,156.52,163.57,270.53,150.03,296.00,63.21,144.80,94.85,124.04,40.95,119.58,240.78,163.00,139.12,137.59,53.49,300.50,278.34,175.58,275.74,217.00,40.73,39.51,30.95,25.94,32.13,72.81,64.33,83.00,1,주먹 쥐기 (Fist)
304.00,540.00,151.00,572.00,20.00,84.31,174.64,72.70,206.65,165.53,89.48,93.93,39.00,260.74,163.80,40.24,181.69,211.16,214.10,110.17,231.00,55.04,135.59,86.35,113.04,32.50,130.52,242.43,174.00,212.39,137.10,38.10,224.02,272.78,154.02,280.13,140.00,51.06,50.47,41.43,36.06,39.79,63.12,64.23,72.00,1,주먹 쥐기 (Fist)
361.00,561.00,180.00,627.00,24.00,84.31,174.64,72.70,206.65,165.53,89.48,93.93,39.00,271.35,165.81,32.29,172.53,201.81,216.50,111.27,242.00,57.54,141.49,84.57,113.36,35.29,135.20,241.19,180.00,187.05,155.83,17.83,230.77,304.24,177.86,275.56,107.00,49.55,48.97,40.23,35.44,41.57,62.66,65.16,70.00,1,주먹 쥐기 (Fist)
378.00,649.00,125.00,583.00,48.00,51.44,224.41,80.57,223.62,186.51,77.12,91.09,89.00,222.61,208.93,97.29,216.93,223.04,191.11,114.91,308.00,57.54,141.49,84.57,113.36,35.29,135.20,241.19,180.00,173.65,198.68,59.66,189.76,279.11,135.09,297.60,150.00,45.12,50.50,49.83,50.01,45.12,56.07,54.34,85.00,1,주먹 쥐기 (Fist)
266.00,530.00,140.00,572.00,36.00,53.57,215.04,90.96,237.19,201.31,68.06,89.71,104.00,234.86,177.98,93.18,238.38,253.96,165.39,117.69,339.00,57.55,139.62,73.78,115.95,54.95,117.03,212.99,215.00,178.84,215.00,72.40,183.86,267.54,149.02,280.23,129.00,43.91,38.35,36.68,49.25,60.12,43.05,41.47,100.00,1,주먹 쥐기 (Fist)
304.00,583.00,125.00,572.00,39.00,57.57,213.43,76.74,231.04,205.69,52.57,84.75,120.00,234.29,185.44,82.99,230.95,257.67,154.51,116.33,350.00,82.85,180.48,35.98,63.56,65.97,68.45,161.03,270.00,137.09,233.19,166.43,69.20,146.41,193.32,161.73,5.00,46.06,44.35,35.97,43.29,62.62,37.17,35.66,106.00,1,주먹 쥐기 (Fist)
328.00,605.00,135.00,583.00,39.00,44.06,231.99,77.40,208.78,188.10,33.47,73.46,144.00,227.38,187.13,99.97,214.97,242.14,142.61,108.16,372.00,45.55,138.21,78.88,60.44,57.56,26.46,118.03,313.00,168.32,175.82,128.72,118.53,153.49,197.57,98.73,58.00,41.87,40.54,41.65,43.01,58.90,34.30,29.71,112.00,1,주먹 쥐기 (Fist)
320.00,627.00,151.00,661.00,39.00,70.33,200.31,105.69,223.29,158.94,47.65,56.92,176.00,249.14,162.08,111.99,239.58,211.56,154.93,91.09,405.00,22.58,125.98,92.99,36.24,80.80,44.22,142.32,287.00,240.03,103.52,189.48,107.49,75.90,247.82,173.48,20.00,41.87,40.54,41.65,43.01,58.90,34.30,29.71,112.00,1,주먹 쥐기 (Fist)
352.00,661.00,115.00,594.00,54.00,141.24,168.41,164.35,166.24,169.42,23.36,116.37,105.00,352.85,52.11,221.58,190.47,236.37,59.65,186.00,295.00,42.04,119.91,103.78,48.92,95.92,52.22,157.87,267.00,262.00,99.75,207.51,86.13,89.22,225.84,155.94,2.00,64.84,25.84,56.09,49.24,66.51,16.32,47.21,89.00,1,주먹 쥐기 (Fist)
281.00,572.00,135.00,583.00,31.00,91.78,149.99,176.93,207.85,134.65,73.60,171.37,50.00,287.34,108.36,209.62,255.31,199.40,8.76,251.96,229.00,37.18,124.19,98.96,52.33,94.80,51.51,160.49,262.00,204.44,74.92,229.10,121.70,86.32,187.83,137.90,68.00,46.59,44.94,39.18,67.42,56.28,5.85,61.41,69.00,1,주먹 쥐기 (Fist)
312.00,500.00,211.00,572.00,1.00,80.51,131.09,200.92,194.86,158.44,64.09,149.57,74.00,219.62,161.36,287.36,255.48,282.26,82.83,179.50,312.00,22.88,148.54,99.15,72.20,119.43,72.54,158.12,287.00,193.01,61.40,251.04,107.90,103.67,182.35,132.19,46.00,37.23,63.72,49.53,77.42,77.28,21.71,54.15,90.00,1,주먹 쥐기 (Fist)
396.00,530.00,140.00,594.00,39.00,94.46,183.00,186.96,241.35,179.55,101.32,122.00,126.00,196.83,198.52,357.38,160.59,265.81,61.42,245.53,215.00,33.06,160.32,118.60,64.29,110.38,53.89,151.92,267.00,196.55,82.86,245.03,126.66,122.63,164.54,121.61,24.00,38.70,66.30,55.25,72.62,75.18,16.74,53.19,84.00,1,주먹 쥐기 (Fist)
352.00,627.00,156.00,638.00,51.00,98.26,194.12,200.91,235.38,189.34,85.75,122.95,110.00,196.83,198.52,357.38,160.59,265.81,61.42,245.53,215.00,22.21,162.01,112.17,75.93,119.18,50.99,145.01,255.00,196.55,82.86,245.03,126.66,122.63,164.54,121.61,24.00,30.98,72.17,55.68,82.76,87.08,21.38,47.85,69.00,1,주먹 쥐기 (Fist)
304.00,605.00,140.00,594.00,28.00,98.26,194.12,200.91,235.38,189.34,85.75,122.95,110.00,181.97,216.65,379.23,139.47,250.86,44.33,243.87,237.00,52.06,138.44,96.78,87.66,146.60,73.22,121.40,225.00,173.55,107.13,292.39,83.49,72.82,137.87,73.63,30.00,36.83,64.54,47.92,88.46,93.88,29.35,43.74,61.00,1,주먹 쥐기 (Fist)
352.00,530.00,211.00,583.00,11.00,90.03,156.32,192.43,264.32,205.44,119.16,97.72,46.00,209.95,186.46,365.21,151.72,266.16,55.10,256.51,268.00,110.56,78.59,36.81,142.00,157.36,18.70,179.02,285.00,173.55,107.13,292.39,83.49,72.82,137.87,73.63,30.00,51.42,51.57,40.50,99.25,97.09,20.41,55.94,76.00,1,주먹 쥐기 (Fist)
344.00,594.00,101.00,500.00,42.00,89.16,133.67,170.83,284.69,222.80,95.17,111.43,70.00,242.95,171.91,388.38,123.81,233.73,22.99,232.30,235.00,121.86,71.02,34.62,138.25,144.36,21.63,166.20,272.00,209.81,139.95,330.48,63.32,73.37,101.29,113.30,10.00,66.20,50.92,52.44,90.14,82.18,19.82,41.15,61.00,1,주먹 쥐기 (Fist)
266.00,551.00,110.00,551.00,61.00,85.36,108.70,150.44,271.50,198.02,116.36,87.53,42.00,154.35,160.45,299.65,199.82,235.87,79.60,145.61,135.00,94.23,95.06,51.45,218.66,134.25,79.47,106.53,190.00,158.81,91.69,300.85,19.72,46.69,54.55,159.99,61.00,34.50,34.40,31.87,136.49,72.61,47.10,14.08,9.00,1,주먹 쥐기 (Fist)
266.00,594.00,140.00,616.00,39.00,105.17,124.04,139.18,306.23,206.18,127.89,51.32,4.00,133.62,137.85,312.76,179.01,182.74,49.96,198.06,189.00,99.43,95.39,54.10,217.22,123.52,74.63,109.09,201.00,119.32,85.92,328.56,28.79,89.90,77.04,130.80,17.00,43.40,31.89,50.81,130.73,54.28,43.49,5.97,28.00,1,주먹 쥐기 (Fist)
328.00,594.00,151.00,594.00,26.00,135.46,121.03,107.22,295.20,173.32,142.10,84.32,37.00,143.24,110.55,345.70,147.36,203.11,41.08,165.75,156.00,123.96,79.92,38.00,188.41,142.46,68.88,115.86,172.00,141.65,63.30,297.68,35.47,110.31,84.46,127.96,16.00,45.18,30.76,51.72,128.79,55.60,42.07,4.98,26.00,1,주먹 쥐기 (Fist)
328.00,480.00,198.00,480.00,6.00,185.44,94.75,85.16,247.68,201.90,94.15,42.36,13.00,119.67,279.14,311.94,186.36,200.33,146.63,101.73,13.00,51.91,150.32,110.88,193.57,133.37,54.68,174.09,99.00,207.61,43.04,313.65,132.02,177.09,154.64,126.02,87.00,4.44,72.36,84.89,125.48,53.22,0.54,42.49,16.00,1,주먹 쥐기 (Fist)
320.00,530.00,135.00,520.00,24.00,137.87,145.38,50.72,234.92,184.18,50.40,56.64,67.00,119.67,279.14,311.94,186.36,200.33,146.63,101.73,13.00,56.87,146.20,108.91,198.40,129.10,53.31,179.06,94.00,237.48,81.37,365.53,133.20,135.99,105.04,135.96,35.00,8.14,81.94,94.46,113.53,62.64,12.43,31.11,4.00,1,주먹 쥐기 (Fist)
320.00,510.00,186.00,605.00,28.00,129.52,159.59,34.77,219.06,199.90,51.20,42.29,51.00,127.22,285.45,364.47,148.66,134.81,148.90,170.51,86.00,30.67,167.89,78.14,192.31,87.01,32.09,238.26,33.00,229.51,78.35,352.29,165.56,151.26,96.63,160.84,2.00,18.26,84.65,92.73,113.00,53.71,8.77,39.74,15.00,1,주먹 쥐기 (Fist)
336.00,649.00,130.00,616.00,33.00,128.93,162.37,31.82,220.30,195.69,55.97,50.22,59.00,134.41,311.42,379.91,108.24,148.78,133.27,214.21,130.00,27.37,169.18,83.07,187.32,90.11,31.10,242.40,28.00,238.83,106.24,376.84,174.39,119.00,79.79,129.16,35.00,23.31,82.09,87.00,119.00,52.32,4.86,36.69,9.00,1,주먹 쥐기 (Fist)
344.00,594.00,140.00,583.00,39.00,139.00,154.46,52.90,243.98,182.35,32.13,27.86,35.00,115.32,278.59,346.92,126.91,181.70,107.04,243.71,163.00,18.67,178.85,89.40,188.29,79.67,40.33,236.48,39.00,194.52,39.92,309.57,248.85,131.98,32.93,51.71,113.00,23.31,82.09,87.00,119.00,52.32,4.86,36.69,9.00,1,주먹 쥐기 (Fist)
312.00,627.00,130.00,672.00,68.00,110.32,190.18,38.18,253.31,142.87,23.67,31.41,5.00,91.24,253.02,336.12,103.60,173.63,141.01,222.07,129.00,32.90,164.60,97.65,173.40,80.28,54.88,234.63,54.00,257.90,81.50,303.95,241.53,209.83,64.40,44.84,191.00,23.52,95.10,81.59,133.00,61.38,18.70,34.89,23.00,1,주먹 쥐기 (Fist)
273.00,540.00,162.00,551.00,16.00,103.37,197.67,45.87,260.93,144.75,15.80,24.14,3.00,65.33,254.31,361.78,80.28,147.07,121.44,231.76,161.00,59.73,154.67,123.96,178.84,54.61,46.17,228.10,27.00,226.23,78.86,333.07,209.61,222.65,81.36,76.05,223.00,17.83,89.80,96.56,133.84,57.49,30.65,33.31,38.00,1,주먹 쥐기 (Fist)
361.00,616.00,125.00,530.00,26.00,152.03,182.69,42.34,279.52,110.09,36.63,25.11,52.00,178.53,179.80,270.98,74.28,74.94,185.92,257.22,277.00,42.88,137.21,136.70,98.98,61.54,121.63,194.78,59.00,185.69,114.85,364.36,216.90,251.73,93.38,36.29,181.00,36.05,80.82,88.47,109.04,33.88,44.97,35.81,63.00,1,주먹 쥐기 (Fist)
320.00,561.00,174.00,627.00,33.00,82.38,153.19,34.52,214.61,40.82,108.89,98.85,128.00,208.63,150.63,284.57,57.58,50.92,155.09,257.34,246.00,14.51,160.95,102.84,87.30,92.89,152.38,178.00,93.00,212.27,84.56,375.39,185.31,282.01,125.50,29.45,148.00,30.07,85.96,83.55,108.37,29.71,45.83,36.71,69.00,1,주먹 쥐기 (Fist)
336.00,605.00,192.00,684.00,26.00,74.39,140.35,45.09,224.45,38.81,100.61,85.27,112.00,191.09,171.06,262.72,78.59,30.81,142.47,267.78,224.00,26.34,196.89,98.93,52.20,97.13,142.46,205.95,57.00,240.98,83.25,421.39,204.43,285.39,90.79,34.36,194.00,9.62,110.29,63.54,83.49,28.64,63.05,47.59,44.00,1,주먹 쥐기 (Fist)
369.00,605.00,156.00,594.00,22.00,100.70,205.06,89.82,179.20,35.12,135.35,74.06,47.00,191.09,171.06,262.72,78.59,30.81,142.47,267.78,224.00,39.61,207.92,114.22,58.83,81.21,133.72,190.42,73.00,240.98,83.25,421.39,204.43,285.39,90.79,34.36,194.00,11.31,113.69,65.90,84.34,33.12,57.11,42.34,50.00,1,주먹 쥐기 (Fist)
344.00,572.00,135.00,561.00,33.00,98.26,199.95,83.75,172.88,34.98,143.35,79.15,39.00,199.84,189.80,231.14,119.68,14.13,108.88,227.38,266.00,58.49,221.15,89.67,40.46,80.51,63.21,115.67,149.00,242.74,62.17,437.08,216.45,272.98,75.33,39.08,172.00,14.43,119.20,43.94,62.82,53.40,47.35,20.82,72.00,1,주먹 쥐기 (Fist)
336.00,627.00,115.00,572.00,57.00,99.55,200.97,86.80,168.00,42.20,137.80,72.02,47.00,199.97,222.12,201.16,118.71,37.83,141.86,260.26,233.00,44.69,208.55,76.59,31.06,94.46,49.64,104.66,163.00,216.34,113.68,372.48,163.38,319.82,8.47,105.39,100.00,26.70,132.92,41.83,67.98,54.24,41.89,35.78,57.00,1,주먹 쥐기 (Fist)
266.00,520.00,211.00,594.00,18.00,99.55,200.97,86.80,168.00,42.20,137.80,72.02,47.00,211.39,197.25,201.33,149.57,63.45,164.76,288.21,202.00,57.89,117.03,71.32,128.13,114.76,132.35,175.44,62.00,194.63,131.83,379.43,198.44,280.80,50.81,63.31,143.00,31.50,94.62,15.15,34.99,96.77,24.08,76.83,14.00,1,주먹 쥐기 (Fist)
336.00,551.00,180.00,572.00,8.00,56.41,132.13,90.86,138.29,94.33,98.59,140.55,23.00,245.08,197.64,164.29,159.18,78.38,165.59,260.64,245.00,97.22,116.23,110.01,139.20,77.11,120.43,155.71,102.00,229.00,146.87,336.18,179.33,287.34,88.85,39.27,187.00,61.91,92.94,21.01,63.60,86.21,46.86,54.04,45.00,1,주먹 쥐기 (Fist)
423.00,672.00,130.00,649.00,48.00,76.98,114.66,185.77,231.95,69.39,188.42,76.56,72.00,169.85,144.66,233.40,233.81,155.29,233.00,253.58,323.00,79.86,100.07,108.09,158.60,80.56,134.00,156.81,123.00,175.73,95.51,369.60,128.83,341.70,121.38,74.76,242.00,41.00,76.97,31.28,61.13,105.35,68.16,52.97,67.00,1,주먹 쥐기 (Fist)
304.00,561.00,135.00,561.00,33.00,67.79,95.29,178.71,230.08,93.39,209.26,81.40,96.00,89.23,68.03,246.67,265.14,154.48,159.35,229.83,242.00,73.72,37.14,168.10,190.54,18.88,71.03,137.37,60.00,95.56,32.16,341.08,115.92,308.53,142.80,12.74,161.00,28.98,50.06,56.87,88.09,86.83,58.02,45.12,40.00,1,주먹 쥐기 (Fist)
281.00,530.00,130.00,520.00,24.00,83.37,56.52,211.52,269.07,86.10,201.38,62.06,57.00,89.23,68.03,246.67,265.14,154.48,159.35,229.83,242.00,77.12,34.09,171.13,186.68,22.80,74.78,139.81,65.00,95.56,32.16,341.08,115.92,308.53,142.80,12.74,161.00,28.98,50.06,56.87,88.09,86.83,58.02,45.12,40.00,1,주먹 쥐기 (Fist)
312.00,583.00,120.00,605.00,51.00,90.33,52.09,217.90,269.36,78.67,196.47,67.23,65.00,73.42,72.84,183.95,235.85,201.51,205.87,177.47,169.00,140.22,79.74,149.97,152.86,74.12,95.43,96.12,1.00,95.56,32.16,341.08,115.92,308.53,142.80,12.74,161.00,47.35,52.91,39.10,65.12,109.66,80.76,32.75,17.00,1,주먹 쥐기 (Fist)
328.00,530.00,174.00,661.00,45.00,98.29,54.71,216.11,261.38,84.54,204.39,60.05,57.00,94.53,49.27,194.04,125.54,198.08,324.77,94.08,50.00,97.18,41.32,192.74,112.77,107.81,139.25,68.20,45.00,97.29,74.94,369.84,72.12,315.66,139.64,53.21,206.00,59.31,63.97,27.97,66.94,106.91,71.65,41.40,29.00,2,손가락 펴기 (Open)
312.00,605.00,101.00,520.00,36.00,129.21,85.25,184.75,261.62,99.40,179.95,91.96,89.00,89.64,44.94,201.91,131.49,189.56,332.38,86.69,39.00,130.46,58.43,173.69,135.83,108.59,170.73,46.63,84.00,76.58,66.24,311.36,80.78,377.97,192.31,115.67,269.00,56.47,61.25,27.94,64.03,109.45,71.64,44.30,32.00,2,손가락 펴기 (Open)
304.00,583.00,162.00,672.00,45.00,135.80,92.18,180.29,269.60,91.65,180.36,84.44,81.00,100.39,45.72,162.83,169.50,151.76,334.91,52.05,5.00,112.16,66.57,153.32,160.65,83.98,180.59,37.03,116.00,76.58,66.24,311.36,80.78,377.97,192.31,115.67,269.00,42.26,57.80,12.07,73.25,91.77,57.35,21.79,9.00,2,손가락 펴기 (Open)
344.00,661.00,145.00,638.00,31.00,112.72,99.20,151.60,283.34,108.25,144.29,58.75,10.00,151.37,140.04,188.49,158.81,213.32,277.46,79.39,126.00,115.16,50.49,169.95,151.45,68.41,174.88,35.91,133.00,149.97,32.72,232.31,146.29,436.15,170.26,89.61,182.00,45.87,47.82,26.94,61.07,98.30,43.05,13.96,6.00,2,손가락 펴기 (Open)
361.00,616.00,156.00,638.00,26.00,112.72,99.20,151.60,283.34,108.25,144.29,58.75,10.00,151.37,140.04,188.49,158.81,213.32,277.46,79.39,126.00,123.43,79.92,166.73,125.60,76.98,148.23,41.94,164.00,257.97,140.67,162.63,134.77,340.21,122.57,99.09,290.00,45.87,47.82,26.94,61.07,98.30,43.05,13.96,6.00,2,손가락 펴기 (Open)
336.00,540.00,145.00,520.00,22.00,124.09,113.70,143.51,278.73,112.68,129.26,72.36,6.00,130.42,134.90,208.94,166.11,214.70,297.52,72.44,105.00,104.93,69.78,140.54,145.00,105.90,119.94,55.31,193.00,164.62,101.19,123.35,239.20,371.84,79.89,165.13,397.00,50.98,57.15,35.02,53.08,96.01,48.00,11.36,5.00,2,손가락 펴기 (Open)
304.00,530.00,140.00,520.00,26.00,94.54,106.11,125.42,309.73,91.69,120.03,104.25,38.00,71.79,188.31,234.06,236.68,144.06,270.00,93.93,180.00,68.10,108.51,105.84,115.45,101.80,153.28,62.09,141.00,164.00,250.15,69.72,311.30,208.19,220.25,158.65,233.00,50.98,57.15,35.02,53.08,96.01,48.00,11.36,5.00,2,손가락 펴기 (Open)
304.00,583.00,168.00,672.00,33.00,29.94,155.79,61.18,301.11,155.95,97.91,47.37,27.00,70.25,210.06,220.87,231.42,160.76,259.46,89.51,158.00,78.10,96.88,99.37,126.46,113.55,154.34,72.28,129.00,112.92,186.66,121.95,373.91,199.10,291.51,224.67,155.00,40.27,63.20,38.28,46.32,87.37,57.56,19.58,6.00,2,손가락 펴기 (Open)
361.00,594.00,168.00,616.00,28.00,46.73,139.31,66.26,318.10,161.43,86.10,43.60,44.00,63.21,197.66,242.43,253.03,156.34,238.69,98.47,136.00,110.84,85.31,66.77,117.96,99.16,176.47,39.70,162.00,79.36,191.79,169.85,406.40,147.81,273.47,169.84,210.00,45.23,58.25,33.29,42.20,89.03,62.33,24.55,11.00,2,손가락 펴기 (Open)
336.00,561.00,140.00,490.00,22.00,46.73,139.31,66.26,318.10,161.43,86.10,43.60,44.00,112.98,193.47,238.19,272.62,94.06,180.95,156.09,70.00,135.00,101.61,66.41,93.21,81.62,151.48,64.47,137.00,149.42,129.06,191.17,472.63,103.79,323.66,94.76,292.00,77.67,36.93,39.56,35.44,54.05,55.17,13.58,24.00,2,손가락 펴기 (Open)
273.00,530.00,130.00,551.00,31.00,51.32,141.27,59.75,311.10,155.03,80.87,48.64,51.00,103.03,199.90,228.72,263.52,86.93,179.26,166.09,60.00,84.15,20.71,21.62,113.23,22.79,112.21,140.98,56.00,192.41,86.38,234.04,497.41,74.31,280.67,124.62,249.00,68.07,33.15,27.20,23.26,49.97,65.75,26.49,37.00,2,손가락 펴기 (Open)
312.00,583.00,145.00,605.00,39.00,48.03,120.45,64.29,311.41,157.63,83.65,71.81,75.00,72.83,231.83,208.87,278.51,79.32,162.11,137.06,92.00,92.74,27.33,34.59,87.21,14.52,97.69,114.17,91.00,162.56,114.61,225.75,524.06,42.15,257.75,143.60,216.00,63.60,21.30,41.04,46.07,29.75,36.20,9.89,6.00,2,손가락 펴기 (Open)
320.00,649.00,135.00,696.00,45.00,132.92,29.78,72.39,208.61,60.70,51.93,34.66,28.00,90.43,215.20,197.46,259.05,58.20,140.32,123.55,115.00,89.12,22.40,36.11,91.05,15.10,93.37,112.39,96.00,137.23,136.91,266.38,552.40,65.96,259.09,136.44,263.00,62.25,22.99,38.37,44.78,26.76,35.23,12.54,3.00,2,손가락 펴기 (Open)
344.00,572.00,198.00,638.00,20.00,93.06,42.98,91.70,215.41,36.20,60.47,74.65,68.00,85.05,215.34,208.43,253.14,50.28,130.42,122.27,126.00,38.89,53.67,99.10,71.25,75.38,155.26,126.20,33.00,154.78,147.94,329.12,494.98,115.11,312.59,127.27,186.00,53.31,35.92,41.67,56.92,34.26,31.20,0.66,16.00,2,손가락 펴기 (Open)
369.00,616.00,120.00,540.00,28.00,44.46,100.02,177.47,132.42,63.50,117.49,35.07,20.00,117.07,169.10,249.23,185.27,78.65,177.04,125.41,40.00,47.23,44.79,95.66,81.22,80.80,161.43,127.40,23.00,170.62,141.82,326.65,481.13,99.23,292.65,132.93,206.00,56.84,32.97,37.67,55.79,32.92,28.16,4.30,20.00,2,손가락 펴기 (Open)
320.00,572.00,135.00,583.00,45.00,48.98,102.98,179.48,129.24,63.73,109.78,28.79,12.00,107.11,179.20,254.92,177.60,76.98,177.49,125.85,29.00,32.41,50.74,84.69,81.50,74.04,160.69,124.80,8.00,149.27,161.08,347.73,465.28,108.17,278.90,148.85,228.00,50.86,33.54,40.24,50.00,26.97,22.16,9.94,26.00,2,손가락 펴기 (Open)
296.00,572.00,168.00,616.00,24.00,26.16,118.37,205.56,100.24,94.77,98.32,11.28,20.00,149.05,141.26,213.63,210.30,39.16,153.30,119.94,13.00,38.31,52.48,90.31,75.54,68.04,156.49,121.99,2.00,104.82,204.34,377.43,434.73,63.73,276.20,107.01,183.00,31.47,27.73,31.87,48.51,41.66,39.51,14.10,5.00,2,손가락 펴기 (Open)
369.00,661.00,135.00,672.00,48.00,78.17,62.77,162.02,137.00,135.18,137.63,58.87,77.00,202.64,136.69,210.34,183.87,91.91,207.70,149.25,43.00,20.52,26.00,94.96,79.06,62.85,122.51,98.81,32.00,246.45,181.61,459.85,334.32,153.54,203.19,45.55,31.00,40.05,36.71,43.55,36.67,40.97,45.14,26.10,7.00,2,손가락 펴기 (Open)
336.00,638.00,130.00,627.00,33.00,109.87,37.41,177.38,119.00,145.77,106.03,36.72,45.00,248.84,183.19,263.13,133.84,98.57,164.48,102.83,12.00,29.13,57.60,63.09,109.88,94.02,101.58,73.40,64.00,211.70,144.38,417.48,373.19,188.77,167.72,87.46,14.00,35.70,24.99,38.20,36.35,30.84,44.65,37.51,19.00,2,손가락 펴기 (Open)
320.00,572.00,125.00,520.00,28.00,89.66,42.39,153.88,140.63,169.74,94.47,42.00,21.00,205.97,102.01,221.28,119.44,187.57,185.37,32.07,101.00,42.51,74.23,56.20,116.08,84.74,99.83,92.25,44.00,195.33,29.80,430.26,333.44,241.74,285.66,72.27,104.00,36.34,23.63,40.51,33.38,33.48,46.62,35.18,16.00,2,손가락 펴기 (Open)
281.00,530.00,105.00,441.00,45.00,84.05,79.25,160.64,131.21,160.97,97.78,53.59,101.00,228.79,118.97,291.86,39.20,174.53,106.55,109.08,15.00,81.30,100.88,102.70,71.84,59.96,140.29,41.71,95.00,342.41,191.94,625.81,144.09,80.29,207.10,135.09,93.00,29.11,24.36,25.64,40.80,37.18,65.61,31.44,3.00,2,손가락 펴기 (Open)
231.00,540.00,162.00,627.00,42.00,175.64,146.18,265.54,33.94,65.10,164.39,82.91,4.00,228.79,118.97,291.86,39.20,174.53,106.55,109.08,15.00,71.38,102.32,92.69,83.55,43.58,156.81,29.22,112.00,236.43,123.30,582.82,139.18,172.00,292.77,230.65,200.00,26.36,25.80,39.19,27.29,52.59,52.84,28.29,17.00,2,손가락 펴기 (Open)
312.00,605.00,130.00,572.00,33.00,167.65,144.55,262.34,40.00,58.21,172.26,90.84,12.00,159.69,69.36,319.95,50.12,138.91,159.20,60.14,90.00,73.41,94.35,87.26,90.55,37.80,162.35,28.42,122.00,186.12,150.90,622.75,91.92,142.14,242.92,195.45,148.00,26.20,24.58,45.27,21.40,47.06,51.69,30.49,10.00,2,손가락 펴기 (Open)
328.00,594.00,135.00,572.00,36.00,146.42,159.47,279.74,32.00,59.00,159.75,67.99,12.00,148.73,74.53,330.90,45.88,130.41,157.62,60.11,79.00,76.78,61.64,54.73,115.68,31.23,171.12,31.90,89.00,271.21,51.66,537.69,166.88,220.72,217.05,195.64,48.00,25.53,22.48,45.11,23.35,46.23,54.04,28.36,13.00,2,손가락 펴기 (Open)
288.00,583.00,96.00,520.00,42.00,199.50,86.67,216.29,105.00,43.08,194.29,52.13,85.00,159.29,63.87,327.89,56.52,120.68,164.72,57.79,68.00,101.38,61.76,82.43,95.19,97.89,109.49,70.47,161.00,342.85,59.63,565.39,147.98,157.01,167.86,157.05,144.00,21.62,8.53,32.48,34.89,60.12,40.21,41.52,1.00,2,손가락 펴기 (Open)
266.00,520.00,135.00,551.00,39.00,243.86,54.97,240.37,126.19,99.50,125.05,45.72,15.00,193.13,34.70,361.29,61.72,123.01,123.81,85.72,109.00,103.07,66.70,86.92,90.20,95.15,114.47,65.48,156.00,315.37,17.82,504.40,208.69,200.41,117.15,136.21,205.00,22.10,11.36,21.51,31.02,54.04,51.80,24.68,16.00,2,손가락 펴기 (Open)
304.00,572.00,110.00,423.00,31.00,233.23,38.05,209.55,152.96,123.13,101.02,63.18,16.00,171.35,44.29,327.31,100.96,92.04,95.90,126.94,151.00,104.50,83.63,88.27,91.08,85.09,102.75,84.65,176.00,339.16,113.31,567.95,235.76,318.22,13.38,130.76,333.00,22.10,11.36,21.51,31.02,54.04,51.80,24.68,16.00,2,손가락 펴기 (Open)
252.00,540.00,168.00,594.00,31.00,234.69,94.89,233.30,136.37,124.33,117.00,103.58,76.00,178.76,62.98,318.45,98.15,52.37,113.06,169.06,194.00,111.90,80.11,108.31,68.45,62.11,110.42,103.95,199.00,339.17,120.70,562.21,245.52,317.54,3.32,130.46,322.00,26.02,10.56,14.30,32.28,47.46,57.24,29.96,8.00,2,손가락 펴기 (Open)
320.00,594.00,145.00,605.00,39.00,234.69,94.89,233.30,136.37,124.33,117.00,103.58,76.00,181.74,117.97,265.52,152.74,70.46,60.00,126.22,139.00,119.41,87.38,116.02,71.17,66.16,101.07,98.08,189.00,317.25,150.13,472.40,219.91,238.22,90.77,126.07,413.00,31.35,16.07,16.38,26.57,46.28,51.24,27.97,14.00,2,손가락 펴기 (Open)
304.00,540.00,168.00,540.00,9.00,213.49,110.10,194.88,144.90,91.83,152.87,118.11,116.00,178.61,142.35,246.26,152.95,88.81,90.19,141.07,171.00,91.20,57.49,127.35,44.10,52.42,74.47,96.92,159.00,283.74,166.71,461.44,122.64,324.70,75.70,165.41,315.00,42.35,26.38,27.31,25.08,56.99,59.41,28.44,3.00,2,손가락 펴기 (Open)
361.00,572.00,135.00,572.00,31.00,207.42,108.64,194.37,137.42,89.42,150.02,117.24,108.00,166.40,155.42,272.97,109.33,50.50,78.60,139.47,127.00,106.20,67.93,112.44,38.08,37.69,72.70,105.04,144.00,302.55,179.18,432.14,121.59,325.63,106.78,194.48,283.00,39.56,25.05,26.56,22.09,58.74,59.84,28.14,0.00,2,손가락 펴기 (Open)
296.00,520.00,156.00,583.00,26.00,184.87,90.49,216.37,130.61,113.26,141.34,112.08,132.00,146.17,146.26,322.67,113.53,60.57,55.85,122.57,179.00,125.89,72.44,108.70,18.36,52.67,60.02,87.76,165.00,302.55,179.18,432.14,121.59,325.63,106.78,194.48,283.00,54.67,25.22,15.16,27.80,51.71,51.20,26.37,19.00,2,손가락 펴기 (Open)
312.00,616.00,120.00,638.00,42.00,200.87,106.48,205.42,114.98,121.68,127.47,105.27,148.00,175.82,180.18,320.44,72.95,54.12,37.07,107.33,223.00,95.08,102.06,69.66,42.15,62.58,18.79,43.58,213.00,324.41,198.91,440.32,121.41,309.24,113.26,214.99,261.00,46.22,36.12,33.00,43.46,34.15,36.12,30.01,37.00,2,손가락 펴기 (Open)
336.00,627.00,140.00,627.00,39.00,171.15,86.11,193.29,126.59,107.62,95.66,85.79,181.00,144.24,146.83,289.07,64.01,33.87,29.24,93.82,257.00,95.83,97.08,74.33,44.29,60.04,13.98,38.68,218.00,281.54,188.17,395.32,76.66,327.84,104.68,249.98,216.00,46.47,27.17,29.93,40.79,29.45,27.17,32.34,46.00,2,손가락 펴기 (Open)
344.00,605.00,162.00,649.00,36.00,176.34,84.38,201.26,133.72,99.65,92.29,79.81,189.00,111.26,132.05,266.13,31.02,66.76,52.91,116.57,224.00,94.25,80.31,82.07,74.04,91.93,44.92,70.40,186.00,298.37,175.56,404.00,76.94,349.74,90.77,262.28,194.00,47.35,29.13,27.51,37.85,31.58,25.40,32.50,49.00,2,손가락 펴기 (Open)
320.00,583.00,110.00,530.00,31.00,176.34,84.38,201.26,133.72,99.65,92.29,79.81,189.00,121.63,127.85,261.50,32.57,72.25,63.59,127.09,213.00,99.34,75.80,92.83,79.61,97.75,55.25,83.92,171.00,303.31,165.83,397.27,67.08,346.90,100.60,260.13,204.00,49.38,29.20,24.94,37.34,28.88,24.97,33.49,46.00,2,손가락 펴기 (Open)
304.00,510.00,186.00,551.00,16.00,176.41,61.84,187.38,113.53,115.68,113.86,56.82,212.00,107.36,146.24,281.50,51.97,63.37,76.18,146.99,193.00,69.01,150.42,41.73,37.36,76.32,101.54,151.92,90.00,336.63,91.79,295.66,118.15,269.22,64.15,262.10,94.00,25.58,52.92,34.72,9.43,42.55,18.90,57.60,17.00,2,손가락 펴기 (Open)
328.00,583.00,120.00,561.00,39.00,172.11,83.41,94.58,104.18,51.03,51.50,150.52,115.00,128.21,108.15,268.88,60.75,20.69,87.56,186.07,150.00,89.61,115.56,18.25,11.66,48.84,117.77,183.66,48.00,338.12,87.75,298.64,98.00,206.04,128.28,259.69,28.00,22.98,55.75,33.69,8.25,39.85,19.81,54.60,20.00,2,손가락 펴기 (Open)
312.00,572.00,198.00,696.00,36.00,172.11,83.41,94.58,104.18,51.03,51.50,150.52,115.00,123.66,119.69,242.67,37.59,27.14,84.95,210.97,117.00,40.74,139.74,83.47,58.31,19.23,122.64,226.41,20.00,297.56,181.29,409.57,26.00,234.45,240.32,252.29,96.00,25.94,54.51,36.68,5.39,40.18,22.60,51.80,23.00,2,손가락 펴기 (Open)
352.00,649.00,105.00,530.00,26.00,160.96,100.32,117.31,98.01,71.66,75.44,165.75,91.00,114.89,145.55,292.46,28.43,79.86,66.54,242.85,62.00,64.49,148.11,73.30,62.77,42.27,113.45,239.95,50.00,320.99,142.35,381.11,49.40,276.24,262.06,247.12,138.00,16.45,51.59,33.37,13.00,49.95,31.95,45.13,33.00,2,손가락 펴기 (Open)
304.00,500.00,156.00,530.00,31.00,149.76,102.92,128.03,82.20,74.21,64.33,160.93,107.00,161.45,63.92,304.35,103.37,127.55,61.35,280.34,21.00,7.94,95.88,38.46,24.08,72.48,72.22,254.91,110.00,312.40,146.07,376.66,44.94,279.37,260.54,243.10,148.00,11.80,42.81,42.95,13.42,44.79,28.55,49.09,22.00,2,손가락 펴기 (Open)
281.00,583.00,96.00,520.00,54.00,136.35,96.01,123.03,86.03,59.36,64.52,159.62,92.00,104.50,122.84,241.85,109.00,126.72,82.14,300.06,84.00,45.65,134.63,76.42,15.13,74.08,36.78,256.92,149.00,343.07,159.97,407.61,19.42,257.07,236.65,222.22,179.00,15.56,57.79,33.31,27.66,56.49,39.47,52.51,7.00,2,손가락 펴기 (Open)
245.00,551.00,130.00,551.00,31.00,195.16,152.45,181.79,36.40,57.87,54.78,145.08,33.00,125.27,113.69,253.19,89.89,110.45,83.79,301.36,105.00,27.10,122.86,68.01,23.43,60.20,17.40,252.42,169.00,221.43,46.02,384.37,144.42,145.25,109.05,124.71,307.00,15.56,57.79,33.31,27.66,56.49,39.47,52.51,7.00,2,손가락 펴기 (Open)
320.00,605.00,140.00,594.00,28.00,132.56,101.10,162.94,44.78,125.67,67.81,130.85,35.00,64.51,105.69,293.53,83.52,58.36,72.56,289.18,170.00,49.67,119.89,49.88,22.20,33.92,26.25,238.20,197.00,221.43,46.02,384.37,144.42,145.25,109.05,124.71,307.00,15.87,58.01,30.42,30.59,57.15,37.82,53.79,10.00,2,손가락 펴기 (Open)
336.00,572.00,174.00,627.00,24.00,123.04,104.36,177.30,39.46,121.26,70.36,137.21,19.00,79.98,119.58,273.11,104.79,72.06,64.51,279.87,192.00,37.00,141.72,78.76,17.03,46.41,55.12,216.73,226.00,214.06,31.38,400.53,122.49,167.17,113.74,103.28,329.00,27.23,70.26,32.29,36.62,42.36,37.28,43.56,5.00,2,손가락 펴기 (Open)
361.00,572.00,168.00,594.00,24.00,125.30,156.70,222.67,18.97,81.33,34.70,101.32,76.00,70.79,87.59,274.88,102.31,102.25,41.22,258.01,224.00,37.00,141.72,78.76,17.03,46.41,55.12,216.73,226.00,225.89,69.92,386.21,138.24,150.47,70.21,156.93,275.00,12.44,55.78,17.30,49.66,36.26,31.06,31.73,20.00,2,손가락 펴기 (Open)
328.00,572.00,151.00,627.00,26.00,108.17,127.93,230.73,32.45,49.00,21.97,78.99,109.00,70.79,87.59,274.88,102.31,102.25,41.22,258.01,224.00,48.54,151.92,67.48,13.93,49.55,56.40,200.73,242.00,265.82,123.13,332.37,188.56,107.10,125.17,111.29,330.00,17.40,58.29,20.00,47.76,40.41,26.98,27.21,25.00,2,손가락 펴기 (Open)
361.00,605.00,125.00,583.00,39.00,161.66,155.29,165.99,54.20,76.14,57.15,43.30,174.00,141.56,119.63,214.97,127.80,49.55,55.22,173.40,309.00,20.04,156.66,97.47,44.28,34.24,47.71,172.56,273.00,265.82,123.13,332.38,188.56,107.10,125.17,111.29,330.00,8.58,62.45,28.60,35.78,51.54,14.15,14.29,38.00,2,손가락 펴기 (Open)
328.00,638.00,135.00,661.00,54.00,177.61,153.70,158.97,63.70,62.44,52.26,51.89,158.00,163.56,141.62,226.85,111.04,70.86,35.57,194.65,287.00,34.77,143.94,95.92,45.12,20.00,38.84,163.17,288.00,288.72,120.88,345.20,167.16,109.05,127.88,112.12,353.00,15.56,73.80,39.48,32.25,53.86,22.92,26.11,26.00,2,손가락 펴기 (Open)
320.00,594.00,174.00,627.00,22.00,162.47,165.89,148.30,76.28,67.66,62.90,66.52,142.00,133.69,119.76,194.77,136.01,93.58,43.56,222.03,254.00,68.24,110.82,127.73,78.64,50.43,72.02,174.67,254.00,288.72,120.88,345.20,167.16,109.05,127.88,112.12,353.00,3.35,59.28,42.57,15.52,70.81,31.57,41.73,9.00,2,손가락 펴기 (Open)
344.00,605.00,125.00,572.00,39.00,162.47,165.89,148.30,76.28,67.66,62.90,66.52,142.00,133.69,119.76,194.77,136.01,93.58,43.56,222.03,254.00,40.49,133.28,107.57,91.07,65.93,104.30,180.20,217.00,246.80,197.88,341.03,100.77,91.68,203.84,68.67,276.00,4.17,59.85,39.57,16.55,72.19,31.71,44.05,6.00,2,손가락 펴기 (Open)
320.00,561.00,145.00,561.00,33.00,162.47,165.89,148.30,76.28,67.66,62.90,66.52,142.00,129.01,138.20,214.05,118.93,71.75,62.58,228.17,232.00,58.30,138.39,87.84,63.70,59.00,121.41,178.69,182.00,250.48,177.37,311.91,84.17,122.13,229.20,57.95,245.00,5.99,58.80,38.84,14.76,73.47,33.02,43.11,8.00,2,손가락 펴기 (Open)
304.00,572.00,125.00,540.00,33.00,162.47,165.89,148.30,76.28,67.66,62.90,66.52,142.00,127.92,79.72,171.38,89.82,66.61,102.28,232.65,170.00,64.59,90.31,148.80,45.22,28.58,127.83,168.60,121.00,253.02,176.32,319.58,94.34,128.28,231.77,53.52,234.00,22.99,42.52,52.60,16.40,57.52,16.06,47.59,9.00,2,손가락 펴기 (Open)
312.00,605.00,145.00,672.00,51.00,168.56,153.70,160.95,89.94,53.67,52.26,73.76,126.00,126.16,75.39,183.72,68.41,44.61,100.82,237.71,192.00,45.60,115.27,141.84,69.43,18.69,119.42,160.96,96.00,206.10,269.84,376.38,169.61,117.98,200.47,86.00,123.00,34.35,32.08,62.56,26.93,58.66,26.48,48.48,3.00,2,손가락 펴기 (Open)
336.00,638.00,145.00,605.00,36.00,151.77,177.68,168.16,81.25,62.65,28.87,81.46,102.00,118.34,129.11,248.17,106.83,92.89,68.72,203.40,126.00,95.80,83.86,102.19,78.39,38.50,78.78,136.60,43.00,267.96,186.51,289.91,145.03,82.87,148.25,160.08,32.00,34.35,32.08,62.56,26.93,58.66,26.48,48.48,3.00,2,손가락 펴기 (Open)
304.00,572.00,151.00,572.00,22.00,195.97,149.39,120.17,36.36,110.23,26.04,97.70,54.00,155.52,61.80,244.33,84.72,116.70,48.23,157.17,49.00,51.08,78.96,146.83,44.78,63.72,33.40,112.43,3.00,228.14,202.29,294.18,103.04,49.39,110.96,191.21,10.00,32.55,30.00,66.44,30.68,62.03,28.25,45.20,1.00,2,손가락 펴기 (Open)
336.00,583.00,135.00,594.00,31.00,164.01,143.89,136.36,59.68,123.33,57.59,108.59,22.00,87.87,104.90,166.33,11.05,103.90,83.24,109.30,34.00,68.30,92.50,144.35,28.43,61.97,18.65,98.80,24.00,164.21,193.18,242.60,122.87,112.10,173.93,168.86,54.00,32.55,30.00,66.44,30.68,62.03,28.25,45.20,1.00,2,손가락 펴기 (Open)
361.00,616.00,168.00,616.00,31.00,98.02,99.06,117.12,70.72,182.49,62.98,128.48,102.00,60.15,114.74,144.01,44.01,131.99,83.33,133.43,1.00,61.57,20.50,84.88,95.71,33.16,80.42,53.07,96.00,88.27,144.35,162.93,209.98,127.46,139.54,176.09,42.00,46.17,14.56,57.82,11.66,40.01,49.52,22.71,24.00,2,손가락 펴기 (Open)
336.00,638.00,115.00,605.00,61.00,106.56,47.50,55.08,63.25,119.24,28.03,74.70,11.00,35.20,118.52,201.70,98.39,85.77,49.09,54.71,88.00,50.68,32.70,99.01,99.62,27.01,93.43,45.94,111.00,92.11,101.12,188.30,199.42,74.68,111.23,186.19,12.00,20.14,25.66,87.48,20.88,29.11,69.03,19.15,54.00,2,손가락 펴기 (Open)
273.00,594.00,130.00,594.00,39.00,74.15,85.72,101.79,104.00,152.56,69.37,62.38,36.00,30.18,122.86,192.16,103.77,95.27,45.70,44.38,99.00,41.97,37.03,100.28,109.11,36.85,90.92,53.26,101.00,92.11,101.12,188.30,199.42,74.68,111.23,186.19,12.00,11.09,30.58,93.40,20.62,18.93,68.78,10.55,43.00,2,손가락 펴기 (Open)
296.00,520.00,180.00,551.00,12.00,47.91,124.07,125.21,124.96,119.27,61.70,83.57,4.00,62.07,172.77,206.13,150.42,63.79,93.57,96.38,47.00,47.89,38.74,105.39,111.07,40.30,94.37,59.03,95.00,37.99,164.03,191.15,208.73,37.73,184.38,122.42,64.00,22.50,34.51,100.28,32.39,12.35,78.15,6.39,31.00,2,손가락 펴기 (Open)
344.00,551.00,156.00,551.00,20.00,37.27,133.70,119.36,112.43,115.69,49.45,68.23,13.00,82.97,191.02,227.13,144.07,50.44,75.97,77.41,68.00,36.34,28.22,96.02,99.92,36.09,106.25,70.94,83.00,37.57,182.77,233.73,168.24,76.14,165.04,163.65,21.00,26.45,38.37,104.14,33.24,9.33,74.20,7.17,35.00,2,손가락 펴기 (Open)
361.00,649.00,140.00,638.00,48.00,66.39,141.79,152.21,137.88,84.13,16.87,35.58,46.00,25.23,183.99,210.29,219.65,28.03,100.51,66.51,145.00,28.89,17.54,100.04,104.71,46.94,97.76,61.53,94.00,36.94,185.54,228.47,172.66,83.72,169.94,174.54,10.00,13.64,22.41,103.51,54.74,13.51,64.03,27.88,57.00,2,손가락 펴기 (Open)
304.00,572.00,168.00,605.00,24.00,9.66,92.82,135.84,176.82,62.01,43.07,23.09,103.00,34.88,159.42,180.93,227.11,54.77,133.47,93.59,178.00,56.77,53.39,57.08,70.01,78.18,104.32,51.87,137.00,51.04,205.09,243.25,153.08,93.92,149.02,155.94,32.00,16.53,23.41,89.37,54.33,25.35,71.86,42.63,72.00,2,손가락 펴기 (Open)
344.00,540.00,156.00,561.00,24.00,24.40,108.74,121.94,167.05,77.05,57.04,39.04,119.00,116.61,61.44,120.03,322.05,113.48,89.96,11.07,80.00,71.58,65.92,53.96,86.27,83.93,85.62,44.38,116.00,53.49,115.43,154.74,219.62,192.99,73.13,131.38,132.00,38.14,30.25,72.06,84.21,40.36,42.39,22.89,42.00,2,손가락 펴기 (Open)
328.00,551.00,140.00,551.00,33.00,31.20,114.02,115.56,173.62,72.13,54.82,32.02,111.00,152.68,42.07,153.78,315.91,84.30,67.14,43.65,123.00,62.82,74.50,24.94,72.57,117.92,53.49,39.56,82.00,122.29,127.57,187.03,183.41,185.53,88.71,115.65,56.00,31.69,32.31,65.29,85.70,50.29,33.43,26.39,31.00,2,손가락 펴기 (Open)
304.00,520.00,186.00,510.00,16.00,31.20,122.24,111.47,154.87,99.30,83.57,33.70,71.00,216.67,117.60,228.96,231.25,78.52,147.84,42.18,38.00,69.06,24.29,84.93,18.03,151.87,65.45,68.98,21.00,175.12,187.46,247.69,126.13,127.30,114.27,145.77,118.00,40.97,14.81,87.93,63.32,55.25,39.10,46.83,8.00,2,손가락 펴기 (Open)
328.00,616.00,140.00,627.00,39.00,24.40,114.96,118.67,147.46,106.34,91.42,40.93,63.00,191.06,74.97,235.34,232.08,60.89,196.31,96.43,17.00,68.35,29.03,83.61,22.36,149.95,70.44,71.81,16.00,140.12,136.65,242.52,112.29,91.02,180.09,206.73,184.00,39.62,20.57,86.70,61.98,51.34,44.96,52.82,2.00,2,손가락 펴기 (Open)
320.00,572.00,140.00,561.00,33.00,9.66,100.04,130.92,142.05,108.87,83.42,24.93,79.00,191.06,74.97,235.34,232.08,60.89,196.31,96.43,17.00,65.69,17.32,72.04,32.02,134.95,82.43,76.73,1.00,142.17,139.27,262.44,91.35,76.07,164.97,185.78,163.00,39.62,20.57,86.70,61.98,51.34,44.96,52.82,2.00,2,손가락 펴기 (Open)
281.00,530.00,135.00,561.00,31.00,40.42,115.42,142.23,112.72,139.56,98.28,12.20,110.00,174.12,50.01,206.14,253.25,127.72,237.08,76.60,58.00,70.70,18.87,81.26,26.93,131.30,84.96,77.74,9.00,125.12,77.08,208.74,149.81,44.81,201.11,99.95,52.00,32.17,25.06,71.26,61.66,57.28,45.35,41.92,22.00,2,손가락 펴기 (Open)
304.00,572.00,115.00,530.00,42.00,71.44,115.23,174.14,105.39,126.80,66.75,21.88,78.00,159.45,63.37,262.37,195.27,138.99,171.31,68.13,8.00,97.06,29.30,87.14,55.90,110.78,102.15,89.43,21.00,138.68,53.55,271.31,120.07,47.35,127.95,135.80,127.00,35.43,19.13,69.25,67.60,53.59,50.58,42.39,28.00,2,손가락 펴기 (Open)
304.00,605.00,140.00,627.00,54.00,71.44,115.23,174.14,105.39,126.80,66.75,21.88,78.00,175.46,71.67,238.01,214.98,171.98,147.29,74.59,41.00,108.05,32.68,79.55,58.87,121.43,91.17,80.71,10.00,145.80,92.30,230.96,174.73,98.14,84.19,163.93,182.00,65.07,19.57,37.50,78.55,85.08,22.21,37.74,4.00,2,손가락 펴기 (Open)
304.00,627.00,162.00,616.00,18.00,93.32,83.62,151.47,112.72,155.78,67.79,46.98,46.00,213.49,114.45,258.10,183.63,161.09,151.85,85.53,3.00,83.45,48.28,105.53,84.65,128.30,73.31,55.53,17.00,161.05,113.79,241.00,174.10,97.84,86.09,158.92,160.00,52.18,7.27,45.78,89.89,89.20,25.32,38.42,17.00,2,손가락 펴기 (Open)
361.00,583.00,145.00,616.00,36.00,93.32,83.62,151.47,112.72,155.78,67.79,46.98,46.00,180.62,89.17,225.58,209.72,190.54,137.96,113.33,36.00,99.70,25.44,104.51,82.02,112.62,80.95,32.59,40.00,161.05,113.79,241.00,174.10,97.84,86.09,158.92,160.00,56.54,9.73,47.83,87.73,85.74,30.15,37.90,22.00,2,손가락 펴기 (Open)
320.00,605.00,120.00,594.00,42.00,96.27,82.21,151.19,107.94,141.14,83.32,54.85,30.00,149.39,95.84,221.04,192.75,167.93,168.21,80.53,3.00,97.50,28.65,99.79,77.03,107.83,85.73,27.85,45.00,150.06,116.41,238.30,174.83,91.26,96.86,152.76,171.00,46.81,21.59,28.92,70.83,68.22,47.41,34.56,41.00,2,손가락 펴기 (Open)
336.00,627.00,135.00,605.00,42.00,121.45,57.80,94.76,48.88,103.78,128.58,93.34,33.00,174.87,66.87,191.98,222.70,185.82,198.85,49.40,30.00,97.44,29.00,96.50,77.32,108.42,81.36,31.72,40.00,160.14,106.88,229.43,185.78,97.77,106.15,143.91,182.00,46.84,18.76,29.85,72.40,68.45,48.79,33.79,44.00,2,손가락 펴기 (Open)
328.00,583.00,174.00,616.00,24.00,150.16,44.22,70.37,42.58,84.66,125.98,80.61,1.00,214.73,12.18,146.63,206.40,125.91,181.39,103.03,33.00,95.23,32.89,93.88,71.34,103.30,80.01,35.20,34.00,210.99,46.29,176.51,202.36,39.88,110.00,207.34,117.00,44.18,17.70,22.65,62.63,57.07,53.39,41.84,32.00,2,손가락 펴기 (Open)
336.00,551.00,156.00,572.00,26.00,142.16,50.79,67.29,34.71,76.71,132.00,82.26,7.00,214.73,12.18,146.63,206.40,125.91,181.39,103.03,33.00,95.23,32.89,93.88,71.34,103.30,80.01,35.20,34.00,223.65,46.63,184.33,183.36,37.73,91.27,186.85,138.00,41.72,23.07,16.66,59.08,61.31,47.66,36.22,38.00,2,손가락 펴기 (Open)
328.00,561.00,151.00,561.00,28.00,112.13,83.28,34.38,52.50,91.46,99.16,67.65,26.00,230.49,76.20,60.22,214.76,56.52,94.55,104.40,55.00,105.30,26.22,98.31,60.41,101.44,69.24,37.86,45.00,214.50,44.16,107.45,228.42,49.50,26.46,132.35,215.00,57.26,8.75,29.81,43.93,57.43,31.10,16.22,58.00,2,손가락 펴기 (Open)
328.00,627.00,120.00,605.00,48.00,128.79,71.38,50.42,41.23,81.63,86.31,56.64,50.00,196.44,55.92,85.28,267.76,7.08,56.12,150.04,110.00,57.30,47.62,134.66,72.67,56.79,38.56,79.36,93.00,214.50,44.16,107.45,228.42,49.50,26.46,132.36,215.00,33.84,20.17,41.25,63.95,36.06,38.75,11.19,82.00,2,손가락 펴기 (Open)
312.00,616.00,162.00,661.00,36.00,118.62,65.64,66.09,12.81,49.90,101.40,43.91,82.00,141.42,123.45,90.31,295.30,70.04,78.96,74.63,34.00,62.89,46.62,129.73,77.70,52.21,41.82,85.35,99.00,154.81,129.45,72.70,306.56,147.32,76.76,150.24,115.00,21.94,27.40,52.56,59.48,46.61,26.93,2.71,70.00,2,손가락 펴기 (Open)
369.00,661.00,130.00,616.00,36.00,117.77,97.85,30.85,51.62,44.73,142.08,43.99,123.00,73.53,226.82,88.85,205.18,108.93,132.48,183.59,144.00,55.97,41.06,127.86,72.92,56.41,51.73,94.51,109.00,117.74,189.18,44.75,277.28,128.59,64.41,155.64,180.00,19.46,27.71,52.93,56.61,46.82,29.49,4.00,73.00,2,손가락 펴기 (Open)
312.00,540.00,140.00,551.00,33.00,116.13,105.60,34.90,51.00,36.74,135.95,43.97,115.00,65.39,237.59,80.65,192.09,92.19,112.73,166.11,124.00,60.67,13.68,83.95,116.21,12.14,32.36,69.96,63.00,93.31,210.42,23.78,239.43,93.37,34.00,133.44,139.00,18.04,22.47,39.36,63.81,30.91,29.92,13.32,56.00,2,손가락 펴기 (Open)
304.00,572.00,135.00,583.00,42.00,130.56,95.42,12.91,75.00,33.62,136.41,59.03,91.00,99.06,249.29,124.56,160.11,111.31,94.59,144.12,80.00,64.64,13.24,80.56,117.64,12.12,28.44,69.69,68.00,129.95,221.53,65.72,224.83,59.95,15.15,104.86,95.00,20.27,20.54,36.63,66.37,33.21,27.28,10.77,59.00,2,손가락 펴기 (Open)
304.00,661.00,120.00,661.00,51.00,145.09,103.50,23.39,76.69,18.06,124.36,44.19,107.00,17.17,172.43,117.85,234.34,198.84,160.85,169.17,9.00,84.20,15.49,91.12,98.79,30.79,48.42,79.81,48.00,31.74,137.31,84.82,322.72,140.18,102.24,62.80,5.00,37.89,3.71,41.62,59.20,41.88,44.90,25.35,41.00,2,손가락 펴기 (Open)
336.00,605.00,168.00,594.00,24.00,90.10,50.52,38.51,130.98,45.29,69.39,11.12,162.00,61.94,98.69,192.67,211.29,193.87,90.64,117.02,66.00,52.38,35.56,59.84,115.00,56.66,74.89,109.50,15.00,1.27,104.35,115.22,318.76,119.56,86.76,75.34,28.00,31.13,10.69,34.66,65.97,48.60,49.33,30.78,34.00,2,손가락 펴기 (Open)
328.00,572.00,135.00,530.00,22.00,68.24,29.81,57.68,136.01,35.05,87.36,16.14,138.00,61.94,98.69,192.67,211.29,193.87,90.64,117.02,66.00,39.86,54.84,63.27,99.72,61.34,71.74,89.50,35.00,1.27,104.35,115.22,318.76,119.56,86.76,75.34,28.00,20.17,28.77,35.14,64.12,50.17,54.04,26.09,54.00,2,손가락 펴기 (Open)
320.00,551.00,140.00,605.00,42.00,59.42,32.70,58.06,120.81,22.86,86.32,0.21,154.00,53.44,100.42,232.25,210.26,166.39,81.09,170.07,12.00,39.86,54.84,63.27,99.72,61.34,71.74,89.50,35.00,21.00,105.43,135.40,318.00,98.17,66.30,53.85,6.00,25.34,36.33,47.11,52.15,38.27,43.03,22.66,42.00,2,손가락 펴기 (Open)
312.00,627.00,130.00,605.00,39.00,59.30,40.30,51.43,118.41,30.64,80.70,8.19,146.00,53.44,100.42,232.25,210.26,166.39,81.09,170.07,12.00,43.34,69.15,57.01,79.76,57.49,39.75,114.13,3.00,31.54,99.34,143.27,307.00,100.20,76.72,64.77,17.00,12.31,41.36,42.39,57.70,32.86,24.07,23.50,21.00,2,손가락 펴기 (Open)
312.00,572.00,180.00,649.00,22.00,58.43,23.64,96.78,72.45,62.56,31.80,56.69,97.00,63.55,89.99,231.19,209.34,176.63,70.22,179.08,1.00,52.90,34.51,26.17,111.43,91.87,27.59,136.51,32.00,19.96,131.61,157.78,308.77,76.14,96.56,94.99,50.00,22.57,28.21,29.86,70.58,46.25,25.58,28.71,7.00,2,손가락 펴기 (Open)
378.00,627.00,140.00,605.00,31.00,81.49,34.94,106.94,111.02,80.56,38.85,111.84,39.00,41.56,110.27,252.17,187.38,178.65,53.80,192.09,21.00,70.65,20.92,11.51,105.91,83.36,15.30,129.95,12.00,28.75,140.81,168.65,297.83,86.75,97.13,87.10,39.00,33.53,18.32,21.86,75.18,40.65,16.01,28.32,18.00,2,손가락 펴기 (Open)
296.00,540.00,125.00,530.00,39.00,47.47,32.94,67.06,138.29,71.14,78.26,146.37,1.00,125.99,108.48,208.32,211.59,113.66,105.43,232.25,108.00,60.65,19.86,7.81,115.74,91.07,8.81,131.63,2.00,46.61,143.84,167.19,315.09,122.47,162.55,92.50,36.00,36.39,17.92,23.50,72.56,38.65,18.99,26.87,15.00,2,손가락 펴기 (Open)
273.00,540.00,140.00,540.00,20.00,19.50,87.54,73.30,179.03,123.38,61.94,117.48,54.00,164.53,149.09,241.60,174.75,155.89,64.67,224.97,65.00,31.53,27.23,27.78,114.86,63.96,42.08,115.93,36.00,119.44,214.15,242.28,245.08,166.59,97.26,58.51,40.00,39.56,20.82,27.40,70.66,42.48,16.75,29.99,19.00,2,손가락 펴기 (Open)
336.00,583.00,145.00,594.00,28.00,19.50,87.54,73.30,179.03,123.38,61.94,117.48,54.00,143.83,122.00,214.99,194.67,166.14,60.97,236.89,33.00,29.07,30.96,32.21,103.95,60.51,34.34,123.66,25.00,101.62,194.79,232.12,255.54,186.83,98.14,55.65,62.00,38.54,18.83,27.10,68.88,42.75,17.42,31.94,21.00,2,손가락 펴기 (Open)
328.00,540.00,192.00,649.00,31.00,19.50,87.54,73.30,179.03,123.38,61.94,117.48,54.00,149.99,127.00,211.07,210.68,152.46,78.81,252.88,12.00,41.38,57.49,64.89,116.76,21.06,56.38,162.61,16.00,98.21,191.67,298.58,185.27,205.45,58.71,118.32,26.00,38.30,17.09,29.76,67.54,45.33,14.69,28.98,18.00,2,손가락 펴기 (Open)
320.00,572.00,125.00,510.00,18.00,16.28,82.54,67.23,183.83,131.29,57.27,111.79,46.00,158.36,113.60,158.42,248.64,206.03,31.05,200.69,67.00,43.82,62.36,68.62,112.38,25.08,51.43,157.64,11.00,71.47,124.54,224.28,260.86,300.41,76.58,213.20,121.00,39.71,30.81,21.08,42.45,71.44,16.70,16.83,12.00,2,손가락 펴기 (Open)
328.00,561.00,120.00,551.00,48.00,28.48,98.39,82.04,171.49,136.11,62.70,97.35,30.00,164.22,83.40,128.30,216.09,202.58,61.03,255.67,12.00,55.43,53.35,90.83,137.89,44.83,42.89,122.80,31.00,127.79,31.94,285.90,226.07,280.34,126.31,116.48,11.00,40.96,30.57,9.08,51.40,72.36,27.81,26.44,24.00,2,손가락 펴기 (Open)
266.00,583.00,145.00,627.00,42.00,74.73,65.63,128.86,129.39,93.36,163.75,10.33,73.00,173.38,37.23,190.97,154.16,130.87,86.15,187.04,90.00,42.89,42.10,77.08,148.92,44.51,56.42,116.41,46.00,122.06,42.16,275.69,237.02,290.56,137.21,111.73,0.00,44.83,35.66,8.47,48.02,77.53,25.54,20.48,18.00,2,손가락 펴기 (Open)
336.00,616.00,156.00,661.00,26.00,53.88,44.35,108.26,153.33,72.30,183.23,28.20,97.00,192.52,103.89,139.90,113.23,85.46,162.13,157.83,166.00,27.85,26.13,79.58,159.81,58.81,42.16,117.34,30.00,154.41,148.98,296.17,251.87,228.70,111.75,157.56,110.00,38.56,28.98,1.83,54.12,83.15,29.56,13.85,11.00,2,손가락 펴기 (Open)
378.00,605.00,135.00,561.00,28.00,64.43,31.61,142.77,165.85,139.68,183.44,56.91,23.00,218.29,133.70,161.51,82.35,64.13,141.17,154.28,133.00,27.85,26.13,79.58,159.81,58.81,42.16,117.34,30.00,135.64,136.60,274.18,272.59,244.50,131.02,167.16,132.00,24.69,26.18,12.39,49.24,87.30,15.63,25.68,25.00,2,손가락 펴기 (Open)
304.00,540.00,145.00,551.00,31.00,64.43,31.61,142.77,165.85,139.68,183.44,56.91,23.00,104.37,141.28,68.88,114.87,57.95,202.08,155.22,12.00,9.62,34.74,94.67,143.22,54.57,59.19,103.93,5.00,35.10,195.66,251.16,325.22,152.43,44.09,188.86,22.00,6.81,43.21,27.81,30.08,67.30,33.81,18.30,5.00,2,손가락 펴기 (Open)
288.00,510.00,145.00,500.00,24.00,16.43,49.93,148.22,189.61,183.48,136.81,24.40,71.00,14.49,234.15,151.09,89.27,82.38,107.15,180.67,107.00,22.42,11.87,106.15,125.87,35.24,82.04,87.79,18.00,64.52,289.60,339.91,257.10,148.14,84.37,130.04,116.00,6.81,43.21,27.81,30.08,67.30,33.81,18.30,5.00,2,손가락 펴기 (Open)
312.00,638.00,120.00,638.00,51.00,6.17,65.83,164.13,176.95,172.88,145.26,25.70,55.00,78.83,184.52,117.96,154.30,143.32,79.91,236.89,173.00,34.45,8.50,120.81,115.88,49.19,73.41,101.28,3.00,68.05,229.37,284.75,347.18,92.03,155.31,90.66,224.00,28.83,41.19,55.81,11.05,51.59,50.31,18.77,34.00,2,손가락 펴기 (Open)
320.00,594.00,162.00,605.00,36.00,6.17,65.83,164.13,176.95,172.88,145.26,25.70,55.00,120.59,191.36,153.59,165.46,145.49,61.06,194.06,130.00,26.73,13.61,118.55,99.76,55.42,81.76,123.27,19.00,68.05,229.37,284.75,347.18,92.03,155.31,90.66,224.00,24.23,36.04,52.79,5.10,45.60,56.29,22.35,40.00,2,손가락 펴기 (Open)
296.00,583.00,135.00,551.00,26.00,21.21,66.21,154.55,189.61,188.82,132.40,24.66,39.00,87.41,154.55,122.11,206.83,188.86,36.40,152.49,86.00,29.05,17.28,123.16,96.17,58.75,76.95,118.62,14.00,17.99,181.04,236.09,395.60,133.21,189.08,130.10,170.00,22.56,23.46,61.94,14.87,52.47,48.82,21.55,27.00,2,손가락 펴기 (Open)
320.00,551.00,140.00,551.00,28.00,13.49,71.28,162.39,185.00,191.37,124.46,24.90,31.00,83.46,133.77,133.45,214.16,178.95,54.71,168.19,107.00,23.41,41.24,99.18,73.54,97.15,46.04,94.41,26.00,92.39,89.96,264.80,366.00,178.02,91.08,39.48,268.00,20.10,26.71,56.65,14.04,49.81,50.80,25.56,21.00,2,손가락 펴기 (Open)
336.00,605.00,156.00,605.00,36.00,52.82,29.43,159.66,152.11,162.76,103.92,44.36,11.00,92.86,122.04,154.88,194.12,164.96,35.20,158.94,85.00,22.98,26.84,89.87,88.54,101.16,50.87,94.20,42.00,92.39,89.96,264.80,366.00,178.02,91.08,39.48,268.00,17.38,26.60,57.47,19.03,54.81,46.22,20.95,26.00,2,손가락 펴기 (Open)
320.00,627.00,125.00,649.00,57.00,34.98,50.65,137.14,169.43,139.75,116.26,61.15,35.00,55.66,127.38,163.36,244.68,83.32,87.97,182.74,2.00,22.98,26.84,89.87,88.54,101.16,50.87,94.20,42.00,67.96,105.62,255.64,363.88,209.68,148.76,158.43,149.00,12.48,20.13,75.24,25.50,50.95,63.43,38.94,8.00,2,손가락 펴기 (Open)
304.00,638.00,120.00,583.00,45.00,40.89,69.43,117.54,150.94,145.59,85.76,52.64,4.00,103.67,129.43,261.35,187.54,121.44,36.51,121.40,96.00,10.19,23.30,96.51,107.70,119.46,34.13,80.15,22.00,107.78,112.82,297.60,321.40,167.42,149.55,120.14,192.00,28.09,18.43,90.55,18.03,30.24,55.12,18.04,33.00,2,손가락 펴기 (Open)
296.00,572.00,130.00,530.00,31.00,23.47,78.08,100.84,186.08,117.48,56.57,77.29,36.00,97.68,133.84,257.19,197.62,118.04,47.08,113.91,107.00,13.98,20.14,87.10,104.81,120.22,38.11,93.69,37.00,44.42,150.93,266.96,337.90,167.89,204.96,97.34,256.00,30.15,18.28,89.41,15.23,33.05,53.35,19.10,30.00,2,손가락 펴기 (Open)
281.00,540.00,130.00,520.00,26.00,49.63,123.70,54.65,171.21,163.24,66.55,34.90,11.00,97.68,133.84,257.19,197.62,118.04,47.08,113.91,107.00,69.38,52.53,29.83,43.97,62.99,82.38,31.71,25.00,96.12,279.88,369.35,221.43,48.17,94.34,134.68,127.00,28.58,22.01,94.41,17.80,33.65,48.43,19.95,25.00,2,손가락 펴기 (Open)
328.00,594.00,156.00,661.00,45.00,44.96,117.15,59.81,179.07,165.00,65.40,27.33,19.00,94.54,114.45,237.25,218.05,130.30,46.82,135.86,85.00,46.50,47.30,36.18,45.69,41.94,112.15,10.67,56.00,56.86,206.27,264.01,327.37,109.48,181.41,240.08,24.00,36.17,5.99,87.21,42.45,18.68,30.07,32.00,2.00,2,손가락 펴기 (Open)
336.00,605.00,162.00,572.00,24.00,44.40,116.20,56.98,177.77,171.49,71.70,35.33,11.00,86.45,111.98,243.98,206.65,156.73,25.26,95.37,129.00,54.97,84.86,39.68,18.00,36.24,97.28,38.08,14.00,77.61,218.41,276.33,315.77,99.48,161.08,228.14,3.00,37.42,18.29,67.38,43.01,8.90,44.15,48.45,26.00,2,손가락 펴기 (Open)
328.00,583.00,120.00,530.00,39.00,89.54,163.17,7.60,116.71,123.78,14.19,32.73,73.00,86.45,111.98,243.98,206.65,156.73,25.26,95.37,129.00,36.58,63.26,56.49,43.00,27.01,113.63,60.01,11.00,49.12,122.86,184.48,401.39,181.03,141.25,231.88,94.00,39.58,20.67,64.74,45.88,10.39,41.17,46.92,23.00,2,손가락 펴기 (Open)
273.00,520.00,151.00,583.00,31.00,27.19,102.39,66.39,120.17,161.36,66.13,95.71,136.00,166.37,21.60,211.14,213.51,181.89,120.96,154.07,33.00,32.46,62.64,60.87,43.29,31.64,108.63,56.57,6.00,123.01,69.87,201.05,375.69,136.57,92.92,195.38,16.00,34.92,20.39,64.36,47.54,15.28,38.16,46.61,18.00,2,손가락 펴기 (Open)
328.00,583.00,140.00,572.00,28.00,23.30,92.46,100.39,74.43,117.33,36.16,52.50,86.00,188.37,31.22,230.34,192.60,160.13,105.92,143.89,55.00,37.33,59.54,61.52,48.26,35.24,105.21,55.13,1.00,112.23,66.39,190.05,386.39,144.61,82.98,188.39,5.00,34.92,20.39,64.36,47.54,15.28,38.16,46.61,18.00,2,손가락 펴기 (Open)
344.00,627.00,145.00,672.00,54.00,18.24,67.88,116.14,100.90,131.06,67.88,50.46,46.00,112.64,55.79,172.54,235.85,163.59,144.01,166.52,142.00,37.33,59.54,61.52,48.26,35.24,105.21,55.13,1.00,69.76,72.69,184.11,377.36,63.83,201.54,299.78,126.00,16.14,43.36,51.56,44.28,13.66,58.67,64.83,5.00,2,손가락 펴기 (Open)
336.00,649.00,151.00,649.00,24.00,66.20,27.71,163.61,79.62,83.48,27.71,39.61,94.00,130.71,183.12,277.93,156.04,27.56,7.04,101.01,3.00,42.51,54.83,65.17,42.30,29.26,109.73,58.44,5.00,205.40,183.79,332.61,229.24,99.58,161.64,151.72,23.00,16.14,43.36,51.56,44.28,13.66,58.67,64.83,5.00,2,손가락 펴기 (Open)
361.00,583.00,145.00,572.00,24.00,112.78,22.19,182.78,33.12,105.87,52.06,64.11,45.00,85.27,160.22,236.55,209.46,37.45,47.96,98.19,52.00,61.46,58.29,57.81,46.52,46.39,84.85,39.40,20.00,140.60,169.55,309.42,247.25,122.70,218.61,101.51,89.00,29.06,51.77,28.15,54.41,40.63,54.95,39.20,22.00,2,손가락 펴기 (Open)
336.00,530.00,168.00,572.00,26.00,126.04,33.66,173.57,43.19,114.19,50.80,48.90,61.00,34.45,199.33,268.04,206.07,43.00,45.41,125.59,12.00,65.10,63.79,52.10,52.00,47.95,88.72,44.76,14.00,115.43,193.67,336.22,217.35,142.78,187.80,115.11,56.00,35.66,61.59,32.81,46.69,37.65,47.61,46.67,12.00,2,손가락 펴기 (Open)
344.00,627.00,130.00,605.00,36.00,158.85,63.82,126.68,83.38,68.07,34.31,96.88,13.00,73.63,155.33,225.42,249.88,83.40,89.37,165.73,56.00,63.82,59.21,55.53,54.12,52.94,88.57,49.75,9.00,144.71,140.00,292.70,246.45,194.30,174.63,135.03,2.00,32.68,53.72,23.20,54.04,46.38,37.61,52.41,2.00,2,손가락 펴기 (Open)
328.00,616.00,168.00,708.00,45.00,162.68,66.20,125.80,80.65,68.75,38.84,89.60,21.00,138.51,119.14,227.05,263.43,100.10,61.25,100.78,9.00,65.17,73.82,71.03,32.02,69.91,71.53,76.63,19.00,247.04,132.19,370.03,156.44,233.06,142.74,187.89,159.00,40.18,55.26,27.92,45.31,35.48,51.39,50.11,19.00,2,손가락 펴기 (Open)
328.00,616.00,135.00,616.00,24.00,161.85,69.88,118.73,88.32,62.00,46.80,84.45,29.00,148.55,123.91,237.79,253.06,89.35,54.05,110.83,2.00,70.96,78.05,52.00,20.40,65.61,51.66,94.51,40.00,253.36,142.96,380.49,145.77,222.30,147.91,177.78,148.00,30.36,45.38,16.33,56.61,43.83,55.73,56.13,31.00,2,손가락 펴기 (Open)
369.00,551.00,156.00,561.00,24.00,153.94,25.65,159.90,112.04,33.94,89.90,85.55,78.00,109.91,55.81,204.28,287.90,107.31,23.86,172.93,78.00,52.79,51.89,57.19,51.16,37.85,25.95,116.66,71.00,247.85,85.27,383.40,149.94,224.21,234.00,89.83,60.00,10.59,13.09,36.14,56.32,21.10,72.97,33.11,2.00,2,손가락 펴기 (Open)
312.00,540.00,156.00,605.00,31.00,151.02,17.65,159.37,118.23,27.10,86.79,80.59,70.00,156.99,42.61,286.82,214.11,23.86,90.22,132.46,20.00,36.93,16.21,42.58,60.21,70.99,42.51,104.25,35.00,237.94,78.99,362.09,170.79,245.91,252.23,69.53,38.00,17.71,15.02,47.64,43.08,13.41,58.98,44.60,12.00,2,손가락 펴기 (Open)
369.00,696.00,110.00,616.00,48.00,114.98,62.38,94.25,93.00,97.02,87.19,147.89,143.00,61.43,94.71,208.90,318.43,143.28,206.52,205.42,144.00,48.92,31.61,61.79,77.88,75.76,49.30,109.96,15.00,184.72,51.35,317.36,212.93,213.88,248.43,141.98,124.00,17.16,3.08,52.53,51.86,4.75,47.96,61.51,29.00,2,손가락 펴기 (Open)
304.00,594.00,145.00,616.00,45.00,102.72,82.63,75.70,70.00,94.16,97.45,125.04,120.00,45.95,144.46,247.61,298.65,126.70,183.78,154.14,90.00,35.27,30.26,54.40,73.01,65.76,48.00,120.90,0.00,125.79,92.47,388.80,152.51,144.62,182.07,98.83,28.00,33.99,19.20,71.51,39.12,20.58,47.79,43.77,10.00,2,손가락 펴기 (Open)
281.00,540.00,156.00,561.00,18.00,141.75,79.30,75.28,84.31,138.70,143.73,87.34,73.00,75.54,129.49,201.44,350.71,175.87,214.17,100.16,36.00,35.27,30.26,54.40,73.01,65.76,48.00,120.90,0.00,208.53,119.37,306.93,246.29,50.93,86.32,161.82,72.00,7.24,22.17,67.23,63.57,42.40,39.58,32.40,17.00,2,손가락 펴기 (Open)
344.00,561.00,140.00,551.00,28.00,133.80,72.65,81.56,91.07,143.73,150.22,84.61,65.00,118.65,161.41,215.31,342.58,149.39,170.34,141.36,80.00,56.76,9.19,35.02,71.18,72.15,69.97,98.97,22.00,229.50,140.33,313.92,241.42,50.63,106.26,141.42,51.00,10.63,18.17,63.49,65.00,42.54,36.88,33.85,21.00,2,손가락 펴기 (Open)
320.00,616.00,110.00,561.00,51.00,141.48,80.54,74.81,87.21,140.25,151.82,85.69,57.00,86.87,128.73,182.32,375.36,171.27,146.30,168.10,113.00,65.43,11.81,38.58,81.15,79.19,62.93,107.92,12.00,200.62,118.98,282.93,271.92,30.18,124.10,110.79,20.00,20.67,12.97,55.81,76.22,53.50,48.84,26.38,9.00,2,손가락 펴기 (Open)
266.00,572.00,151.00,638.00,45.00,147.05,84.88,76.53,93.52,147.25,155.64,82.10,64.00,58.41,106.81,171.02,373.13,125.23,153.12,144.64,61.00,65.43,11.81,38.58,81.15,79.19,62.93,107.92,12.00,166.61,136.75,265.46,268.15,85.18,139.01,159.92,75.00,32.12,24.61,64.38,72.84,44.97,39.45,38.33,23.00,2,손가락 펴기 (Open)
304.00,616.00,130.00,616.00,33.00,160.76,86.24,100.44,105.80,140.55,132.15,101.94,40.00,71.39,127.49,201.05,340.15,123.67,170.95,145.77,94.00,69.08,20.43,42.60,71.18,79.40,70.73,111.70,2.00,165.84,179.65,302.38,224.18,79.30,98.10,132.10,31.00,35.57,29.31,69.09,67.90,42.17,38.89,33.34,18.00,2,손가락 펴기 (Open)
336.00,572.00,105.00,490.00,31.00,163.14,82.06,104.30,99.49,134.00,138.99,94.02,48.00,37.70,72.49,166.81,346.16,79.03,225.60,142.80,149.00,81.53,51.47,36.61,84.06,116.40,31.80,117.27,42.00,176.79,105.16,191.08,294.38,259.53,94.87,206.15,151.00,33.57,27.93,71.44,68.07,19.76,26.79,13.84,5.00,2,손가락 펴기 (Open)
273.00,540.00,145.00,583.00,36.00,170.86,27.55,83.62,77.00,190.57,137.36,155.88,15.00,94.90,76.90,247.20,239.97,184.86,157.26,200.26,40.00,82.75,54.14,32.66,89.19,112.58,34.77,113.48,36.00,201.60,166.72,244.89,247.88,237.10,45.05,144.18,85.00,28.01,17.72,59.55,79.91,22.49,17.88,15.72,17.00,2,손가락 펴기 (Open)
312.00,530.00,204.00,594.00,16.00,173.76,22.33,42.97,126.00,196.00,100.07,116.62,34.00,138.76,129.84,292.45,231.31,179.98,147.43,152.04,93.00,108.66,90.20,90.94,129.40,150.37,62.53,68.55,23.00,199.50,147.75,227.68,265.20,255.43,56.18,122.19,63.00,33.68,25.71,64.08,79.10,30.45,10.05,22.72,25.00,2,손가락 펴기 (Open)
378.00,661.00,125.00,616.00,39.00,186.38,35.23,83.91,132.82,237.58,58.23,106.64,76.00,114.01,104.06,332.83,100.72,306.64,106.11,25.51,224.00,72.67,48.36,88.36,109.42,189.79,82.88,39.36,66.00,218.60,144.75,244.67,241.59,220.99,12.75,164.13,107.00,21.62,19.54,71.48,66.12,36.60,6.50,35.71,38.00,2,손가락 펴기 (Open)
320.00,583.00,156.00,594.00,28.00,169.85,12.99,81.79,110.31,250.40,42.13,116.87,100.00,89.31,64.89,289.16,114.61,333.10,91.51,20.45,268.00,97.62,64.38,63.16,85.09,192.32,85.74,27.84,92.00,209.86,136.53,233.71,251.34,224.89,5.52,172.98,118.00,29.59,16.67,63.86,67.08,33.35,14.49,43.25,46.00,2,손가락 펴기 (Open)
304.00,480.00,186.00,520.00,12.00,148.83,25.70,104.75,121.49,264.19,43.12,98.71,76.00,95.44,73.01,286.16,66.57,413.78,215.46,121.39,132.00,115.45,67.70,53.57,79.62,207.81,96.00,39.30,74.00,58.61,51.71,252.94,235.91,36.92,184.52,175.13,70.00,61.76,21.95,69.89,35.11,66.30,24.50,27.97,13.00,2,손가락 펴기 (Open)
361.00,551.00,156.00,540.00,26.00,181.53,10.52,88.67,95.48,296.23,41.03,69.44,43.00,137.45,131.26,350.35,37.11,354.31,162.27,61.65,197.00,134.11,61.19,69.64,100.28,191.74,75.14,20.15,95.00,62.74,120.18,328.67,165.47,97.59,143.01,120.19,6.00,60.06,21.41,67.89,35.85,67.16,26.38,28.80,11.00,2,손가락 펴기 (Open)
312.00,627.00,145.00,649.00,42.00,127.53,46.55,60.68,69.58,310.65,54.16,17.14,14.00,120.41,119.55,318.32,112.36,366.66,174.60,65.47,273.00,126.97,70.38,60.75,99.13,195.69,66.77,9.67,106.00,90.26,109.47,312.50,219.43,134.19,195.96,66.12,94.00,51.84,34.49,63.80,20.52,80.15,24.75,19.35,29.00,2,손가락 펴기 (Open)
328.00,551.00,198.00,605.00,18.00,139.32,36.68,76.26,85.48,299.02,56.95,7.70,30.00,125.76,128.61,326.66,113.77,355.75,164.54,56.05,262.00,144.39,31.40,63.24,57.22,237.69,77.94,32.35,148.00,90.26,109.47,312.50,219.43,134.19,195.96,66.12,94.00,52.58,22.03,52.66,30.89,91.80,36.64,16.34,42.00,2,손가락 펴기 (Open)
344.00,583.00,140.00,572.00,24.00,129.78,38.20,65.56,91.55,276.20,50.78,23.85,55.00,75.15,29.40,232.26,225.89,314.95,70.75,59.10,149.00,152.42,38.79,47.31,62.24,227.94,49.35,12.89,118.00,46.45,68.23,281.50,253.65,178.18,169.80,105.66,50.00,53.02,25.11,35.06,28.46,95.69,18.26,32.17,18.00,2,손가락 펴기 (Open)
320.00,561.00,130.00,530.00,28.00,129.35,46.66,53.92,76.92,277.40,40.85,37.49,71.00,74.59,50.87,244.41,231.16,288.30,73.00,36.34,182.00,153.54,24.00,62.27,48.88,239.94,35.98,23.41,103.00,51.28,90.83,328.20,215.13,167.37,170.36,20.03,136.00,53.28,42.00,46.44,13.45,78.80,21.39,15.43,35.00,2,손가락 펴기 (Open)
296.00,500.00,192.00,561.00,24.00,124.89,61.63,39.99,84.63,263.06,55.47,29.36,56.00,77.80,90.39,284.37,192.44,323.72,98.32,56.04,142.00,139.34,57.64,56.53,43.42,271.22,44.77,59.28,67.00,51.28,90.83,328.20,215.13,167.37,170.36,20.03,136.00,54.89,37.61,41.23,18.03,76.00,21.15,9.52,41.00,2,손가락 펴기 (Open)
328.00,627.00,145.00,638.00,31.00,135.03,50.83,42.30,72.18,253.08,69.31,33.74,40.00,104.52,71.58,268.89,219.97,326.44,164.22,104.30,76.00,136.24,60.43,61.40,38.60,271.72,39.80,54.59,72.00,41.47,67.73,331.30,207.51,133.32,255.39,99.26,49.00,56.91,37.78,41.82,16.55,74.04,23.16,12.10,38.00,2,손가락 펴기 (Open)
336.00,616.00,135.00,638.00,39.00,120.78,50.88,55.28,62.43,261.51,75.89,47.39,24.00,104.52,71.58,268.89,219.97,326.44,164.22,104.30,76.00,115.29,61.66,78.51,39.56,247.81,61.52,74.69,47.00,118.47,141.13,406.72,131.40,75.93,197.38,53.46,126.00,46.22,29.52,30.04,27.89,62.69,35.16,21.89,26.00,2,손가락 펴기 (Open)
320.00,551.00,145.00,583.00,24.00,67.36,47.87,103.67,33.02,208.72,103.96,7.27,78.00,83.56,50.87,252.71,232.00,343.48,166.43,100.39,97.00,121.12,64.90,80.49,34.01,243.97,63.98,78.46,41.00,70.82,99.63,379.60,151.79,23.18,207.65,86.09,181.00,25.57,9.46,24.79,30.41,66.74,25.15,17.24,47.00,2,손가락 펴기 (Open)
336.00,572.00,135.00,594.00,45.00,36.51,50.45,110.53,65.01,215.99,71.96,27.41,46.00,44.21,45.13,270.01,198.70,355.41,133.00,96.65,53.00,116.19,59.98,75.50,32.28,246.38,62.59,80.16,36.00,63.61,104.07,394.52,133.60,29.73,188.25,65.00,159.00,37.48,21.30,13.47,41.44,58.48,33.65,26.94,59.00,2,손가락 펴기 (Open)
320.00,594.00,180.00,638.00,28.00,49.35,58.29,122.69,67.19,203.95,61.76,43.20,30.00,58.44,26.74,248.10,214.77,377.38,111.01,93.63,31.00,66.27,42.19,82.21,44.91,172.13,132.61,110.67,111.00,147.88,73.28,262.34,251.86,136.55,60.04,83.19,11.00,34.87,19.56,15.85,40.52,55.62,36.63,29.93,62.00,2,손가락 펴기 (Open)
361.00,661.00,101.00,572.00,45.00,70.52,31.56,63.24,28.60,129.47,116.65,127.31,58.00,156.19,94.26,242.07,163.23,342.87,215.65,180.37,152.00,78.27,6.29,39.71,56.22,167.99,171.86,151.95,155.00,140.66,73.28,260.51,256.73,139.15,63.07,93.61,0.00,40.92,19.59,19.71,31.95,55.60,42.73,38.59,71.00,2,손가락 펴기 (Open)
288.00,583.00,140.00,583.00,33.00,47.25,28.90,47.37,24.04,139.12,140.09,148.17,82.00,198.75,137.01,294.27,110.82,297.92,199.75,127.76,99.00,109.13,61.67,74.89,113.53,110.32,159.73,88.43,91.00,137.87,81.93,249.85,266.54,147.93,53.22,85.49,11.00,50.42,18.01,36.38,30.59,39.78,45.34,26.84,54.00,2,손가락 펴기 (Open)
281.00,530.00,120.00,510.00,26.00,50.11,123.35,50.71,120.20,43.73,118.22,113.11,15.00,161.99,161.45,251.88,155.57,200.94,294.69,32.14,32.00,111.14,64.98,79.01,112.09,114.43,156.22,92.72,96.00,187.94,187.32,204.02,239.30,80.37,157.84,159.77,95.00,47.58,26.01,35.51,18.03,31.35,57.36,27.88,41.00,2,손가락 펴기 (Open)
312.00,551.00,186.00,638.00,28.00,57.78,129.68,55.22,120.00,44.96,111.81,110.21,7.00,179.15,193.07,280.61,135.09,186.42,263.36,29.45,0.00,113.90,72.48,89.65,141.22,112.42,126.23,113.48,126.00,148.73,161.94,170.01,283.25,118.59,188.98,190.00,139.00,47.58,26.01,35.51,18.03,31.35,57.36,27.88,41.00,2,손가락 펴기 (Open)
361.00,638.00,135.00,638.00,45.00,37.17,133.78,97.02,177.00,33.88,55.68,83.77,50.00,91.37,116.02,196.66,279.80,28.43,222.64,163.02,158.00,94.08,29.14,39.67,160.02,70.41,96.03,144.02,177.00,35.98,225.01,77.90,302.20,87.85,213.93,174.39,21.00,36.56,25.90,29.90,17.09,7.52,55.65,14.99,74.00,2,손가락 펴기 (Open)
344.00,638.00,130.00,583.00,33.00,29.23,119.11,84.24,177.72,29.48,49.21,75.63,67.00,102.27,189.07,271.53,269.19,100.87,166.74,101.59,71.00,83.44,4.82,45.41,182.91,94.95,90.41,136.02,151.00,11.41,268.00,109.95,262.37,44.86,173.17,154.48,64.00,34.96,32.87,36.90,20.62,0.67,49.78,15.36,67.00,2,손가락 펴기 (Open)
304.00,520.00,168.00,572.00,24.00,25.31,111.32,87.61,185.69,36.97,45.54,81.54,59.00,133.93,95.99,204.83,376.13,156.07,70.02,138.38,36.00,99.46,27.78,22.76,194.20,100.00,74.43,141.72,128.00,73.54,221.56,62.86,301.81,71.19,107.73,116.21,141.00,46.68,22.48,34.05,36.40,17.40,32.20,30.10,49.00,2,손가락 펴기 (Open)
320.00,561.00,130.00,510.00,22.00,20.56,107.35,95.59,185.17,32.33,53.04,73.97,67.00,125.03,96.90,198.57,376.00,153.38,60.06,147.55,46.00,40.98,51.56,74.76,141.53,66.88,10.86,193.54,60.00,167.26,263.35,150.59,233.48,51.86,148.09,189.12,46.00,42.89,20.97,30.24,35.17,19.35,30.43,34.10,45.00,2,손가락 펴기 (Open)
328.00,616.00,140.00,661.00,57.00,13.09,113.10,101.70,169.19,25.88,39.32,89.96,51.00,92.26,81.51,166.94,409.00,186.07,84.91,114.55,13.00,40.98,51.56,74.76,141.53,66.88,10.86,193.54,60.00,98.91,176.06,120.91,308.24,138.89,170.69,277.68,43.00,10.09,17.48,26.10,67.60,46.48,35.48,12.66,78.00,2,손가락 펴기 (Open)
304.00,594.00,174.00,649.00,22.00,16.48,128.24,92.04,170.70,41.57,44.58,75.71,67.00,60.93,54.25,167.68,410.33,172.15,84.55,145.63,46.00,84.90,53.94,115.60,116.28,100.68,53.47,150.72,104.00,136.26,96.54,235.15,273.24,157.45,232.18,168.31,76.00,15.38,17.38,20.17,67.07,50.76,35.19,16.39,84.00,2,손가락 펴기 (Open)
361.00,605.00,125.00,540.00,33.00,61.35,76.57,156.38,106.73,93.60,68.13,62.66,132.00,75.66,50.81,270.30,305.79,118.47,59.33,93.53,59.00,31.87,22.52,89.02,63.82,112.46,108.75,105.83,171.00,117.13,89.39,224.08,294.15,178.21,253.18,156.49,97.00,11.02,11.40,23.87,58.08,48.48,29.80,25.03,93.00,2,손가락 펴기 (Open)
304.00,572.00,140.00,583.00,39.00,37.72,78.10,151.44,104.00,96.70,74.54,80.16,156.00,24.90,39.00,245.56,316.48,65.64,74.64,122.49,114.00,32.18,22.96,93.50,59.82,115.72,106.94,106.57,166.00,62.37,51.12,261.51,294.43,172.92,217.64,173.50,42.00,14.97,4.61,20.65,58.22,56.31,37.59,17.18,85.00,2,손가락 펴기 (Open)
304.00,572.00,120.00,520.00,33.00,21.88,66.63,179.88,72.00,123.75,90.78,49.81,124.00,21.76,82.01,279.06,274.49,101.41,91.03,84.20,70.00,41.82,19.24,105.16,70.09,101.68,101.51,110.83,181.00,60.07,72.25,371.83,177.39,72.36,228.72,202.18,160.00,9.76,10.58,26.59,52.24,59.84,42.73,12.84,79.00,2,손가락 펴기 (Open)
304.00,583.00,156.00,649.00,36.00,32.24,54.59,191.96,73.76,111.85,74.86,65.81,140.00,22.01,59.49,251.89,286.36,103.61,122.71,53.65,38.00,31.63,27.45,108.32,63.25,102.18,91.91,118.56,192.00,9.48,68.50,371.68,199.12,20.80,210.07,258.33,226.00,21.57,8.15,23.24,52.47,55.01,47.49,15.09,67.00,2,손가락 펴기 (Open)
336.00,594.00,151.00,583.00,33.00,32.24,54.59,191.96,73.76,111.85,74.86,65.81,140.00,43.32,67.05,257.09,266.54,122.22,106.23,75.65,60.00,15.68,43.24,124.30,76.94,86.98,107.49,103.77,176.00,4.75,58.28,361.20,208.86,30.69,201.40,269.29,237.00,10.54,4.62,13.35,64.38,43.06,45.92,26.01,55.00,2,손가락 펴기 (Open)
312.00,572.00,130.00,551.00,26.00,40.18,49.10,184.00,72.44,119.85,74.39,71.77,148.00,22.34,46.27,235.24,277.14,140.18,108.59,96.29,82.00,65.20,41.56,112.61,69.43,64.85,141.06,53.80,126.00,87.83,39.00,311.72,260.23,69.55,288.06,188.20,150.00,9.57,5.58,11.49,64.63,44.04,47.36,24.02,57.00,2,손가락 펴기 (Open)
304.00,583.00,110.00,551.00,45.00,94.31,78.41,164.77,17.00,110.93,53.12,67.70,91.00,64.89,39.03,208.18,213.93,171.92,60.60,62.52,4.00,57.27,32.75,104.44,60.64,72.77,142.16,45.42,117.00,107.15,59.69,325.39,245.66,57.92,274.81,202.82,171.00,9.57,5.58,11.49,64.63,44.04,47.36,24.02,57.00,2,손가락 펴기 (Open)
281.00,572.00,145.00,638.00,48.00,100.18,85.37,170.68,21.21,104.26,57.86,63.15,98.00,75.80,49.56,217.49,206.79,161.28,70.12,58.41,15.00,54.40,28.61,100.76,61.98,69.07,145.17,49.04,122.00,76.92,51.20,274.18,288.78,103.23,287.25,230.58,226.00,14.58,19.69,5.95,68.35,58.68,38.68,35.62,42.00,2,손가락 펴기 (Open)
320.00,616.00,145.00,616.00,36.00,83.73,67.88,140.85,28.30,84.17,96.86,34.85,137.00,42.03,74.56,156.41,150.46,172.66,154.37,66.40,101.00,55.60,35.27,112.18,86.12,64.42,120.41,44.29,97.00,136.31,154.36,295.49,244.23,76.59,198.13,229.46,120.00,21.39,28.47,9.58,59.09,57.50,36.79,30.73,52.00,2,손가락 펴기 (Open)
336.00,649.00,140.00,583.00,24.00,90.72,83.23,151.65,45.79,68.48,81.72,55.41,113.00,133.21,171.92,224.79,81.02,74.66,122.97,92.49,3.00,45.13,12.26,67.48,106.21,28.17,87.63,77.08,51.00,83.21,115.65,240.50,297.90,131.59,143.38,265.03,65.00,19.61,27.25,11.17,60.83,61.17,33.91,31.06,56.00,2,손가락 펴기 (Open)
328.00,530.00,174.00,540.00,16.00,70.37,50.25,119.10,69.07,36.65,94.36,88.41,80.00,34.09,130.40,144.29,47.38,104.20,215.06,197.98,105.00,63.47,36.67,80.73,79.06,11.40,101.53,115.81,12.00,15.58,163.20,221.04,294.59,131.40,218.35,178.48,163.00,35.38,49.00,40.03,37.54,45.41,62.90,29.66,27.00,2,손가락 펴기 (Open)
320.00,572.00,105.00,510.00,42.00,54.01,38.32,116.58,84.96,44.32,71.16,66.69,104.00,63.41,182.05,187.89,47.38,53.74,155.90,134.94,39.00,41.44,18.20,96.92,60.21,33.22,125.98,139.90,13.00,88.51,236.19,290.13,222.45,58.41,212.70,250.32,90.00,26.61,40.46,37.98,44.65,52.53,69.62,31.52,18.00,2,손가락 펴기 (Open)
281.00,572.00,151.00,638.00,51.00,37.00,53.62,138.09,71.59,60.09,92.12,82.92,81.00,13.92,132.05,143.47,92.11,94.58,152.19,103.58,13.00,25.17,28.80,112.69,48.83,35.49,112.33,126.65,4.00,38.42,195.61,253.99,242.87,67.94,266.86,314.79,24.00,3.57,38.09,62.95,37.05,33.27,72.08,42.35,45.00,2,손가락 펴기 (Open)
312.00,594.00,168.00,605.00,24.00,30.39,61.57,143.52,64.66,53.27,89.19,79.43,89.00,20.06,121.15,154.73,108.41,72.70,128.38,110.79,20.00,63.17,10.42,117.52,28.07,73.49,114.84,114.92,42.00,102.01,237.68,323.68,162.48,34.94,176.45,241.33,119.00,4.94,39.84,64.25,35.06,32.12,70.34,40.55,43.00,2,손가락 펴기 (Open)
344.00,583.00,140.00,561.00,24.00,45.99,52.94,150.64,57.87,58.52,97.24,80.83,105.00,19.83,106.86,121.80,136.08,95.57,95.48,114.83,53.00,63.17,10.42,117.52,28.07,73.49,114.84,114.92,42.00,2.12,139.30,243.19,239.59,130.04,165.59,224.90,219.00,28.25,12.57,84.33,49.50,6.41,39.47,8.03,10.00,2,손가락 펴기 (Open)
328.00,551.00,145.00,572.00,31.00,69.64,64.98,174.50,35.85,34.63,73.78,70.61,81.00,62.53,71.31,115.76,161.38,61.60,131.36,127.56,10.00,47.48,26.51,106.83,38.90,96.09,86.88,100.72,13.00,75.41,83.89,279.51,210.32,134.74,110.55,203.98,142.00,20.46,12.59,76.24,56.22,15.36,37.83,0.97,1.00,2,손가락 펴기 (Open)
320.00,572.00,130.00,561.00,42.00,40.08,24.44,167.37,38.60,46.14,43.99,54.88,40.00,94.38,38.34,147.18,138.84,55.52,125.65,104.80,43.00,47.43,22.03,102.88,42.64,100.25,84.70,97.26,8.00,56.39,81.00,259.08,230.84,155.73,90.12,194.98,121.00,17.51,12.16,77.52,62.23,13.95,32.62,8.09,10.00,2,손가락 펴기 (Open)
320.00,605.00,145.00,594.00,39.00,44.65,39.03,153.11,52.33,61.33,50.44,49.91,24.00,69.87,65.03,129.40,166.01,30.79,149.89,78.04,76.00,45.97,21.23,98.53,45.97,101.27,83.06,101.82,13.00,50.33,73.54,257.67,228.85,151.50,99.78,202.92,132.00,17.51,12.16,77.52,62.23,13.95,32.62,8.09,10.00,2,손가락 펴기 (Open)
296.00,616.00,156.00,638.00,24.00,44.78,36.22,159.38,49.34,62.78,58.28,46.17,16.00,70.81,89.44,161.65,148.08,74.60,106.32,120.35,32.00,37.88,52.69,109.32,32.14,66.01,116.20,65.83,23.00,123.48,45.32,365.60,113.84,103.94,128.90,100.78,14.00,13.71,20.88,72.94,68.88,11.33,40.72,6.28,1.00,2,손가락 펴기 (Open)
352.00,540.00,156.00,572.00,22.00,47.51,43.19,177.90,15.03,37.45,101.64,35.26,32.00,52.89,98.24,126.37,189.71,97.49,88.58,162.89,11.00,37.88,52.69,109.32,32.14,66.01,116.20,65.83,23.00,46.55,62.11,318.94,115.52,49.25,205.85,40.62,63.00,13.59,33.40,82.62,60.90,4.83,37.77,9.88,15.00,2,손가락 펴기 (Open)
336.00,572.00,125.00,530.00,36.00,47.51,43.19,177.90,15.03,37.45,101.64,35.26,32.00,47.12,119.09,134.67,186.08,108.27,78.86,144.19,11.00,56.14,51.35,104.13,43.19,57.33,110.39,86.59,3.00,17.40,114.77,352.38,68.60,102.20,171.33,87.18,10.00,13.51,32.27,79.91,63.53,4.47,39.88,12.16,18.00,2,손가락 펴기 (Open)
296.00,594.00,135.00,594.00,39.00,52.93,55.88,174.46,22.67,49.49,107.86,43.47,16.00,59.85,100.24,112.73,207.96,129.86,59.81,133.33,33.00,51.27,47.25,99.70,47.01,52.51,113.57,89.63,8.00,30.85,93.02,312.34,100.40,126.12,184.27,130.11,33.00,22.63,39.64,81.69,58.52,16.87,26.88,12.23,5.00,2,손가락 펴기 (Open)
312.00,561.00,180.00,627.00,28.00,47.01,48.11,167.76,28.60,48.43,115.49,50.73,8.00,40.52,106.60,121.23,211.22,136.32,38.34,133.97,55.00,20.88,24.20,63.34,105.69,110.75,44.12,97.20,62.00,101.00,143.25,321.78,86.59,172.69,116.53,69.27,43.00,6.51,22.66,65.02,74.95,29.50,19.66,27.92,12.00,2,손가락 펴기 (Open)
328.00,561.00,156.00,561.00,16.00,18.75,47.51,131.25,68.01,94.04,77.26,3.75,55.00,29.89,102.91,114.48,222.01,144.43,44.75,129.02,44.00,31.88,34.26,73.14,102.36,111.13,53.63,89.03,51.00,57.33,68.32,245.91,162.36,244.19,43.18,89.64,120.00,25.69,21.02,53.41,74.53,46.01,24.21,5.81,20.00,2,손가락 펴기 (Open)
352.00,551.00,140.00,490.00,22.00,33.85,78.75,146.56,64.63,81.47,83.76,35.60,23.00,35.33,55.02,53.29,219.21,91.00,81.08,182.09,109.00,27.34,32.45,69.54,107.20,115.91,55.38,84.42,46.00,152.21,114.49,204.73,218.01,266.12,143.67,59.92,6.00,38.78,35.02,66.07,60.88,34.28,26.41,8.71,6.00,2,손가락 펴기 (Open)
281.00,530.00,130.00,583.00,48.00,45.37,46.45,93.39,119.34,130.19,80.93,88.68,32.00,152.97,68.40,136.03,101.64,118.87,42.78,65.15,10.00,22.15,38.16,73.99,105.22,109.84,59.86,94.41,56.00,152.21,114.49,204.73,218.01,266.12,143.67,59.92,6.00,25.24,24.79,51.90,70.72,47.10,49.61,31.53,18.00,2,손가락 펴기 (Open)
304.00,605.00,151.00,594.00,31.00,68.80,62.96,94.84,123.49,114.87,94.70,69.49,8.00,92.27,70.58,98.00,139.30,113.74,115.66,11.29,85.00,32.42,61.13,96.84,82.57,99.52,37.96,73.58,33.00,105.07,96.79,168.53,257.53,251.68,167.48,77.67,48.00,31.23,36.73,62.85,58.80,33.84,38.17,20.34,3.00,2,손가락 펴기 (Open)
336.00,627.00,130.00,594.00,51.00,53.29,47.12,79.24,138.97,124.16,110.67,64.40,8.00,90.27,125.02,146.35,107.42,160.87,93.70,43.76,30.00,12.58,45.99,92.76,81.50,74.53,17.70,61.07,8.00,93.84,164.26,224.55,215.24,186.02,86.10,39.33,36.00,39.25,45.47,70.83,53.25,33.34,38.89,24.04,12.00,2,손가락 펴기 (Open)
266.00,540.00,120.00,460.00,31.00,65.68,57.17,89.00,136.19,138.63,122.27,68.74,23.00,74.92,102.09,125.63,137.24,185.90,115.53,74.18,2.00,41.18,46.19,65.77,112.36,67.73,38.37,69.54,23.00,137.40,56.30,107.10,386.74,68.15,106.26,182.56,214.00,19.26,38.61,74.67,38.42,18.00,32.39,34.32,32.00,2,손가락 펴기 (Open)
252.00,520.00,151.00,530.00,18.00,112.54,84.95,85.61,195.83,143.03,128.54,49.48,37.00,61.90,131.39,176.78,133.42,214.84,42.06,46.04,72.00,57.98,41.95,52.13,114.98,52.44,22.82,57.30,6.00,191.44,128.96,174.63,379.01,23.89,49.78,128.47,139.00,13.77,42.60,80.65,33.94,23.93,37.06,32.32,26.00,2,손가락 펴기 (Open)
328.00,561.00,180.00,638.00,26.00,123.39,87.20,73.97,197.94,127.13,114.29,54.49,21.00,66.15,153.30,196.02,112.09,193.22,57.24,35.94,50.00,30.75,76.62,54.15,154.21,32.13,41.11,28.31,34.00,164.10,80.12,135.39,456.00,63.60,104.86,134.07,62.00,15.11,40.60,79.80,32.56,24.52,39.04,32.66,24.00,2,손가락 펴기 (Open)
378.00,649.00,180.00,744.00,24.00,113.62,121.17,122.14,247.35,111.45,67.71,97.87,29.00,119.94,100.64,226.51,167.48,198.65,119.57,82.74,48.00,47.84,109.57,39.81,163.78,14.87,10.20,58.63,1.00,264.66,217.98,289.22,486.66,176.77,79.77,125.75,234.00,13.99,45.83,75.22,38.01,19.88,43.56,37.03,17.00,2,손가락 펴기 (Open)
396.00,594.00,145.00,551.00,22.00,159.84,196.80,155.18,268.56,58.01,115.63,21.93,47.00,141.60,114.40,248.32,154.21,176.74,115.21,68.42,26.00,62.31,117.51,26.22,149.97,27.50,15.86,43.65,14.00,254.99,209.00,282.90,496.04,183.79,89.21,129.00,244.00,29.20,52.02,56.31,31.06,39.66,48.29,20.58,37.00,2,손가락 펴기 (Open)
320.00,561.00,151.00,572.00,26.00,159.84,196.80,155.18,268.56,58.01,115.63,21.93,47.00,99.29,70.43,240.51,192.30,160.78,146.88,73.64,18.00,68.24,116.63,21.67,147.63,23.61,16.31,49.11,8.00,233.19,203.16,294.22,504.00,193.04,81.67,131.39,222.00,42.19,49.99,57.70,18.11,38.06,36.29,32.78,24.00,2,손가락 펴기 (Open)
312.00,561.00,145.00,605.00,39.00,175.80,196.21,139.26,262.41,53.77,107.49,16.83,63.00,68.64,47.22,290.37,174.77,121.16,92.61,50.33,37.00,59.07,125.48,20.08,137.48,30.94,26.41,57.36,3.00,205.48,222.67,326.74,473.66,160.21,69.98,116.45,255.00,28.64,61.76,43.00,22.20,52.41,22.61,47.71,9.00,2,손가락 펴기 (Open)
328.00,649.00,92.00,540.00,61.00,154.67,213.79,147.75,240.16,75.55,84.99,35.32,87.00,122.40,80.20,226.67,282.70,32.71,96.89,102.29,146.00,60.65,188.82,47.58,126.32,39.21,42.19,61.09,61.00,190.37,254.55,335.51,461.62,171.83,97.58,140.03,223.00,31.95,100.30,37.51,24.70,42.62,49.55,21.98,48.00,2,손가락 펴기 (Open)
252.00,572.00,145.00,583.00,39.00,123.65,297.62,110.24,221.23,63.84,165.90,48.73,3.00,122.40,80.20,226.67,282.70,32.71,96.89,102.29,146.00,45.46,177.12,48.15,106.38,54.98,60.53,78.77,81.00,198.95,216.93,377.09,412.31,142.65,148.55,191.65,170.00,34.72,102.18,40.51,23.26,39.70,48.67,21.49,45.00,2,손가락 펴기 (Open)
296.00,572.00,162.00,627.00,28.00,123.65,297.62,110.24,221.23,63.84,165.90,48.73,3.00,120.11,91.10,206.11,304.58,17.89,80.40,97.88,124.00,24.18,184.53,74.94,111.95,64.73,54.61,51.79,54.00,198.49,221.98,405.52,400.66,175.63,133.92,159.42,203.00,23.72,103.83,37.55,33.53,34.46,54.95,18.98,34.00,2,손가락 펴기 (Open)
361.00,605.00,135.00,572.00,31.00,98.99,304.25,145.04,224.41,69.98,181.76,38.65,52.00,111.58,48.16,211.23,312.14,58.49,92.59,118.58,80.00,66.71,144.99,66.75,70.83,109.30,92.40,17.92,9.00,222.18,177.72,415.64,348.93,201.63,164.79,119.48,258.00,26.50,101.34,34.99,34.54,36.71,57.94,18.18,31.00,2,손가락 펴기 (Open)
336.00,616.00,105.00,540.00,42.00,93.92,311.02,143.18,232.30,62.02,174.20,33.34,44.00,103.58,25.51,169.26,365.77,53.05,42.08,75.76,135.00,117.14,95.83,116.86,106.25,106.77,48.21,50.89,60.00,239.60,156.76,436.44,341.85,213.54,143.82,126.76,237.00,48.77,75.94,20.17,59.44,18.20,41.51,39.08,57.00,2,손가락 펴기 (Open)
266.00,500.00,168.00,561.00,26.00,173.76,228.12,228.25,260.89,90.86,103.48,59.89,42.00,127.39,27.41,217.51,379.53,104.03,11.85,38.98,186.00,93.62,110.97,105.41,93.05,134.32,54.78,73.93,88.00,170.12,210.22,405.33,275.23,282.86,102.86,147.75,166.00,51.71,73.98,23.71,58.69,15.55,40.40,35.08,53.00,2,손가락 펴기 (Open)
328.00,627.00,145.00,638.00,39.00,127.21,252.88,209.42,220.79,134.55,114.80,100.81,89.00,63.31,86.59,228.88,289.82,166.21,108.74,73.76,283.00,87.03,110.43,117.32,107.21,127.07,40.63,65.39,73.00,115.99,226.96,446.50,259.07,277.03,94.20,149.85,221.00,48.41,71.87,18.08,67.60,7.13,33.09,26.95,44.00,2,손가락 펴기 (Open)
344.00,616.00,162.00,627.00,20.00,95.55,250.08,241.30,245.66,137.04,78.18,77.54,49.00,57.58,96.35,239.86,294.77,169.05,101.40,66.26,272.00,87.88,103.22,126.75,111.09,120.06,50.97,67.61,84.00,90.87,217.59,475.79,291.50,246.98,117.32,133.53,188.00,50.74,63.16,26.44,67.03,12.18,44.06,34.84,55.00,2,손가락 펴기 (Open)
352.00,551.00,140.00,572.00,42.00,90.51,239.14,254.82,257.74,121.35,93.66,79.66,65.00,125.41,101.34,217.81,230.20,244.78,132.30,84.90,196.00,93.36,93.28,125.89,101.98,129.74,47.23,69.41,74.00,100.77,236.41,477.82,288.46,230.98,139.23,118.65,166.00,57.04,54.19,34.17,58.03,16.68,38.72,31.32,46.00,2,손가락 펴기 (Open)
288.00,638.00,88.00,572.00,51.00,96.38,217.18,252.38,244.24,135.00,84.20,85.94,43.00,29.12,32.99,141.67,189.07,301.50,230.10,178.33,98.00,68.23,120.11,156.37,119.33,138.16,68.54,92.27,42.00,137.04,131.69,371.37,177.39,293.01,228.28,57.57,54.00,38.81,68.74,40.83,62.03,36.00,47.65,39.12,26.00,2,손가락 펴기 (Open)
281.00,551.00,135.00,561.00,36.00,118.50,196.37,225.09,221.38,149.74,76.03,68.00,72.00,23.04,26.47,112.45,158.86,315.44,208.21,147.96,129.00,53.94,125.57,166.77,107.48,150.04,52.73,76.88,58.00,165.85,126.24,350.91,175.01,264.26,221.05,71.92,85.00,21.08,73.37,58.60,45.65,36.61,29.87,25.23,44.00,2,손가락 펴기 (Open)
273.00,561.00,110.00,583.00,45.00,66.09,202.07,265.93,190.54,203.71,47.93,42.25,127.00,23.04,26.47,112.45,158.86,315.44,208.21,147.96,129.00,18.08,119.17,151.35,76.24,93.69,109.11,146.74,12.00,110.96,98.56,328.64,120.02,270.61,256.86,123.14,140.00,3.75,68.17,66.09,40.11,17.85,46.89,42.88,25.00,2,손가락 펴기 (Open)
328.00,583.00,186.00,627.00,31.00,16.14,181.28,257.21,148.00,198.52,92.03,75.80,77.00,44.70,91.27,57.79,96.25,304.25,165.15,191.49,63.00,14.59,122.58,156.91,70.26,96.40,111.47,152.19,18.00,53.34,54.87,211.88,169.00,156.74,139.87,14.81,23.00,7.55,62.70,62.19,47.10,22.64,44.46,35.93,32.00,2,손가락 펴기 (Open)
344.00,638.00,140.00,583.00,22.00,36.86,137.23,208.34,183.74,151.26,50.29,25.77,129.00,24.29,63.57,100.57,88.14,344.28,122.56,214.87,19.00,15.75,117.65,153.47,70.86,101.37,109.82,155.66,23.00,39.66,69.05,228.22,148.00,138.35,119.79,35.55,9.00,7.55,62.70,62.19,47.10,22.64,44.46,35.93,32.00,2,손가락 펴기 (Open)
344.00,572.00,156.00,638.00,28.00,15.06,161.06,225.89,169.19,133.47,58.23,2.81,153.00,32.11,68.14,103.47,77.16,336.53,132.37,212.34,30.00,16.53,121.76,151.45,75.80,102.94,105.39,157.61,28.00,58.84,134.86,199.77,204.86,111.06,124.30,30.50,57.00,9.49,61.42,61.75,45.10,20.65,46.39,34.74,34.00,2,손가락 펴기 (Open)
352.00,605.00,110.00,572.00,54.00,35.58,188.62,216.63,203.53,123.45,21.72,42.44,113.00,75.49,111.08,75.80,86.31,321.63,125.03,208.74,14.00,27.43,120.14,186.45,78.75,80.44,72.59,162.24,63.00,50.50,112.49,232.66,193.00,79.23,114.00,62.00,90.00,23.44,64.71,74.60,46.57,30.69,34.16,40.73,19.00,2,손가락 펴기 (Open)
288.00,605.00,135.00,627.00,54.00,4.43,190.66,255.59,188.22,85.96,18.42,81.12,73.00,35.47,79.27,119.72,51.09,277.94,159.32,197.16,58.00,32.91,91.04,174.86,40.00,38.44,70.45,161.42,106.00,79.56,131.99,208.11,112.38,69.69,65.03,142.50,177.00,18.23,58.48,69.35,39.85,29.80,34.52,42.64,12.00,2,손가락 펴기 (Open)
320.00,638.00,145.00,638.00,36.00,63.81,141.46,224.18,124.78,58.74,82.99,142.99,5.00,89.54,95.06,115.62,42.64,251.68,224.39,171.93,124.00,32.91,91.04,174.86,40.00,38.44,70.45,161.42,106.00,118.60,131.53,258.10,98.00,17.02,113.22,103.79,122.00,17.50,55.61,70.47,40.85,32.60,32.15,42.86,15.00,2,손가락 펴기 (Open)
344.00,616.00,168.00,605.00,18.00,109.94,94.08,261.57,112.22,19.46,66.45,110.99,53.00,125.60,97.21,159.16,29.15,219.36,201.08,200.49,80.00,38.88,86.09,179.75,44.94,43.87,76.27,157.75,112.00,108.18,144.82,243.19,76.00,30.50,133.64,101.43,100.00,22.05,51.70,80.47,50.29,26.91,42.11,39.07,5.00,2,손가락 펴기 (Open)
336.00,510.00,135.00,441.00,22.00,90.49,115.71,240.76,87.28,5.59,85.60,109.17,78.00,99.25,165.67,139.52,122.49,135.04,247.77,290.74,15.00,38.88,86.09,179.75,44.94,43.87,76.27,157.75,112.00,168.78,275.62,323.98,151.45,107.24,142.27,131.47,231.00,30.28,56.36,84.26,48.37,22.05,36.88,45.18,14.00,2,손가락 펴기 (Open)
266.00,540.00,125.00,540.00,45.00,89.27,152.78,265.15,107.42,67.50,21.28,101.94,8.00,153.67,240.08,213.69,149.84,139.12,172.26,215.62,61.00,54.05,99.04,160.09,30.00,40.98,74.15,137.99,132.00,168.78,275.62,323.98,151.45,107.24,142.27,131.47,231.00,27.29,53.40,86.21,51.35,19.05,37.77,48.00,17.00,2,손가락 펴기 (Open)
273.00,572.00,162.00,649.00,39.00,84.52,153.07,258.18,101.83,70.92,22.80,101.10,1.00,84.01,207.00,185.05,212.61,97.68,122.83,159.78,133.00,50.91,93.04,163.51,25.46,35.79,70.17,132.15,138.00,81.52,286.01,339.99,231.81,173.98,81.63,158.80,143.00,16.48,43.34,98.60,51.48,26.73,26.64,35.04,4.00,2,손가락 펴기 (Open)
344.00,638.00,140.00,583.00,31.00,70.54,165.42,253.92,112.43,81.31,10.37,109.39,17.00,73.02,212.09,194.06,217.35,108.66,120.85,164.01,122.00,50.61,89.57,160.92,22.20,39.98,75.15,136.22,133.00,131.05,239.59,285.20,220.00,220.19,113.63,206.95,88.00,20.91,44.15,98.08,59.41,25.28,18.73,28.15,4.00,2,손가락 펴기 (Open)
320.00,583.00,130.00,551.00,31.00,94.29,141.64,234.99,96.83,103.90,14.40,130.25,41.00,103.78,180.62,167.49,247.25,126.41,96.65,168.36,89.00,69.24,96.25,129.30,51.66,54.77,54.75,122.00,165.00,194.06,165.02,258.37,295.75,240.62,37.92,131.06,164.00,19.86,51.12,88.14,59.14,15.51,15.40,24.02,15.00,2,손가락 펴기 (Open)
296.00,551.00,135.00,561.00,31.00,149.04,117.35,187.28,146.15,113.56,49.68,74.54,15.00,103.78,180.62,167.49,247.25,126.41,96.65,168.36,89.00,73.95,100.86,128.30,53.14,50.14,53.47,121.87,160.00,201.36,159.53,267.41,296.73,229.62,45.31,141.53,153.00,16.69,40.12,96.75,48.17,8.49,24.55,28.45,26.00,2,손가락 펴기 (Open)
328.00,605.00,135.00,583.00,42.00,117.10,102.57,182.27,135.94,153.55,86.47,37.28,55.00,122.51,172.70,200.37,217.35,93.65,74.88,153.55,56.00,27.21,60.30,92.46,98.66,69.23,29.01,112.33,113.00,197.82,156.71,258.30,307.67,226.03,47.10,150.16,142.00,15.77,34.23,94.99,49.73,5.61,16.32,21.48,17.00,2,손가락 펴기 (Open)
304.00,616.00,151.00,661.00,45.00,109.40,84.33,161.09,158.81,146.82,78.42,54.30,32.00,118.85,144.01,180.40,253.39,99.72,109.38,118.28,9.00,16.17,61.09,77.46,102.79,54.60,41.31,119.41,129.00,229.60,89.45,296.11,333.26,163.05,129.52,131.54,242.00,19.73,33.91,103.75,41.11,6.52,16.44,13.74,8.00,2,손가락 펴기 (Open)
320.00,605.00,125.00,540.00,36.00,125.32,37.47,130.70,170.10,111.78,66.56,47.83,79.00,148.51,108.14,219.36,221.52,55.78,65.49,151.70,35.00,21.47,73.92,78.83,88.77,55.44,26.90,107.94,114.00,196.76,130.02,253.73,373.13,120.19,169.11,159.05,285.00,12.62,40.23,98.84,39.20,9.56,24.73,5.74,1.00,2,손가락 펴기 (Open)
296.00,561.00,135.00,561.00,31.00,101.69,62.57,115.53,200.17,81.99,51.84,73.39,111.00,127.84,130.11,203.71,238.17,52.99,54.10,173.26,57.00,33.14,29.22,30.72,118.11,30.96,46.60,62.57,63.00,137.54,190.42,248.60,401.25,153.27,153.29,100.58,219.00,12.62,40.23,98.84,39.20,9.56,24.73,5.74,1.00,2,손가락 펴기 (Open)
304.00,540.00,130.00,470.00,28.00,67.88,83.53,75.54,216.12,89.52,88.24,33.89,71.00,29.89,208.98,259.88,192.17,50.37,91.25,79.83,41.00,41.38,31.32,23.37,111.40,39.84,36.95,72.32,73.00,31.72,260.07,357.16,308.06,226.83,112.64,212.24,332.00,18.61,36.61,93.03,39.05,15.55,23.53,11.74,5.00,2,손가락 펴기 (Open)
288.00,572.00,162.00,616.00,36.00,22.59,99.94,73.49,169.01,134.45,45.67,89.62,127.00,29.89,208.98,259.88,192.17,50.37,91.25,79.83,41.00,38.06,25.94,21.23,116.04,44.38,34.54,78.22,79.00,13.89,262.41,370.48,294.40,208.09,128.04,191.24,310.00,26.28,39.00,92.32,31.06,14.17,19.31,5.40,3.00,2,손가락 펴기 (Open)
328.00,594.00,145.00,572.00,28.00,17.95,97.94,97.47,155.55,116.69,45.80,68.84,103.00,24.12,204.14,260.22,195.43,40.77,85.76,76.99,52.00,48.28,12.30,14.41,98.23,63.56,36.94,52.05,44.00,13.89,262.41,370.48,294.40,208.09,128.04,191.24,310.00,16.32,17.75,69.65,41.77,39.78,11.08,25.76,29.00,2,손가락 펴기 (Open)
312.00,572.00,145.00,594.00,33.00,28.89,115.60,90.29,135.43,128.20,39.89,59.37,79.00,41.37,173.56,230.88,226.92,70.44,117.56,77.51,19.00,57.24,22.22,18.82,89.05,54.69,40.28,55.38,54.00,19.66,229.82,337.70,315.24,240.49,152.08,178.86,277.00,33.85,4.67,53.36,29.73,35.07,23.29,6.39,8.00,2,손가락 펴기 (Open)
320.00,627.00,105.00,594.00,45.00,28.89,115.60,90.29,135.43,128.20,39.89,59.37,79.00,52.15,163.34,222.37,224.12,70.68,108.37,80.02,30.00,17.29,31.00,51.27,81.06,71.73,79.22,69.40,94.00,61.66,195.57,328.69,283.80,219.83,153.68,180.21,321.00,24.85,9.86,50.49,38.33,43.67,32.01,9.08,1.00,2,손가락 펴기 (Open)
320.00,572.00,162.00,594.00,33.00,5.78,102.42,71.88,116.78,125.63,63.88,50.88,103.00,95.61,151.89,239.46,181.60,31.26,123.91,62.07,14.00,11.69,36.89,55.44,75.06,66.06,74.42,68.13,88.00,71.23,195.45,338.20,275.80,212.27,144.77,183.13,310.00,12.61,24.60,35.73,37.34,36.48,26.96,7.06,14.00,2,손가락 펴기 (Open)
320.00,594.00,140.00,583.00,33.00,13.86,108.22,79.55,106.61,111.11,53.47,60.69,87.00,46.45,120.35,156.01,176.92,57.80,131.23,76.54,98.00,15.47,34.24,57.44,75.43,66.03,74.01,69.41,83.00,110.40,135.79,242.30,204.22,92.28,19.83,294.67,168.00,14.32,32.59,30.81,26.48,29.12,21.63,8.08,3.00,2,손가락 펴기 (Open)
328.00,616.00,135.00,583.00,42.00,48.15,54.08,22.37,67.42,76.12,89.02,120.13,25.00,103.42,79.89,155.68,103.09,62.32,173.74,84.96,22.00,22.53,38.30,67.42,65.49,56.78,67.70,63.55,93.00,153.16,110.08,270.06,162.86,80.87,33.55,251.95,211.00,12.00,32.27,28.59,27.20,26.20,19.04,10.98,0.00,2,손가락 펴기 (Open)
273.00,551.00,135.00,530.00,24.00,48.15,54.08,22.37,67.42,76.12,89.02,120.13,25.00,82.43,98.01,134.95,111.41,82.43,194.74,103.05,1.00,24.20,13.76,63.65,73.82,41.48,41.26,44.30,120.00,53.31,226.62,164.95,169.66,52.79,133.47,140.75,330.00,5.79,43.69,15.98,13.60,32.22,33.84,4.59,15.00,2,손가락 펴기 (Open)
296.00,510.00,151.00,530.00,22.00,36.41,93.47,25.63,67.42,40.82,72.01,84.30,73.00,57.98,223.30,126.69,60.90,142.27,138.46,26.83,129.00,15.58,24.76,53.34,83.67,50.12,32.20,35.61,131.00,69.68,270.87,185.05,123.15,81.96,115.30,179.05,277.00,12.16,52.54,21.17,11.05,37.64,29.18,4.42,6.00,2,손가락 펴기 (Open)
344.00,616.00,145.00,672.00,45.00,26.00,88.30,27.80,90.25,59.12,89.70,81.11,97.00,25.50,205.02,93.77,91.08,171.03,162.09,55.95,162.00,7.19,36.74,44.06,90.97,38.48,36.74,49.94,116.00,66.60,266.91,67.06,215.65,197.01,211.43,261.47,156.00,11.04,45.85,10.01,3.16,51.01,36.63,18.12,8.00,2,손가락 펴기 (Open)
361.00,672.00,110.00,627.00,61.00,58.53,139.32,92.58,124.46,38.19,26.88,81.54,32.00,95.74,263.85,128.50,173.77,216.35,42.86,87.01,41.00,27.57,38.41,35.39,112.70,53.52,38.41,74.77,91.00,119.90,323.83,93.24,193.38,195.35,150.66,234.27,222.00,39.63,64.16,36.63,31.14,55.58,6.85,16.44,22.00,2,손가락 펴기 (Open)
273.00,551.00,115.00,500.00,45.00,44.53,87.76,90.18,167.59,93.15,53.48,99.46,23.00,49.05,209.98,81.85,205.92,268.79,52.31,140.98,13.00,47.46,57.44,18.06,122.89,36.64,49.50,57.85,111.00,89.02,246.04,34.40,275.36,276.56,148.45,255.70,305.00,42.55,67.16,38.45,31.00,52.59,9.59,13.49,19.00,2,손가락 펴기 (Open)
245.00,520.00,151.00,520.00,16.00,94.52,88.31,148.88,205.10,90.65,16.91,104.12,36.00,88.24,150.46,142.49,283.92,269.07,43.80,61.75,83.00,47.46,57.44,18.06,122.89,36.64,49.50,57.85,111.00,195.18,234.66,171.96,292.50,233.36,76.13,181.10,164.00,25.13,52.88,58.13,60.00,50.49,34.17,16.02,10.00,2,손가락 펴기 (Open)
320.00,540.00,151.00,561.00,22.00,94.52,88.31,148.88,205.10,90.65,16.91,104.12,36.00,152.87,183.12,199.70,258.14,205.95,48.31,99.06,18.00,36.42,56.80,31.18,139.34,10.97,35.71,66.58,85.00,174.19,217.22,163.15,312.19,252.64,66.27,169.33,143.00,30.63,60.82,70.41,61.61,36.79,29.69,3.89,4.00,2,손가락 펴기 (Open)
352.00,616.00,135.00,594.00,48.00,49.21,40.56,190.10,248.56,80.59,41.66,57.56,20.00,101.94,128.49,208.09,311.17,177.17,103.28,135.27,37.00,36.42,56.80,31.18,139.34,10.97,35.71,66.58,85.00,143.67,184.77,188.29,324.78,230.53,97.23,196.90,176.00,18.44,43.90,73.40,78.26,29.96,42.46,17.29,21.00,2,손가락 펴기 (Open)
296.00,594.00,156.00,605.00,33.00,51.89,40.87,183.29,253.21,88.39,48.47,50.39,28.00,78.87,91.38,261.85,302.73,145.57,76.60,119.65,17.00,56.15,82.43,7.05,122.89,32.65,61.15,65.17,59.00,111.86,157.14,312.22,210.54,204.33,67.74,66.04,41.00,14.82,40.09,78.37,79.31,25.85,37.58,12.39,16.00,2,손가락 펴기 (Open)
312.00,572.00,135.00,551.00,31.00,56.66,58.57,180.77,234.31,103.97,59.72,26.63,52.00,78.87,91.38,261.85,302.73,145.57,76.60,119.65,17.00,29.72,69.65,33.72,101.86,54.05,84.51,64.14,32.00,83.68,108.61,313.68,257.86,151.26,132.72,2.86,24.00,19.40,40.60,76.16,84.17,21.65,35.23,8.84,11.00,2,손가락 펴기 (Open)
296.00,551.00,145.00,561.00,24.00,40.21,27.87,211.09,215.23,96.76,64.58,7.91,84.00,63.50,59.52,291.42,302.80,163.67,36.08,97.54,26.00,29.72,69.65,33.72,101.86,54.05,84.51,64.14,32.00,78.88,97.71,324.31,251.22,161.25,125.33,13.11,13.00,23.40,38.41,78.94,85.16,21.06,34.04,10.45,15.00,2,손가락 펴기 (Open)
352.00,594.00,162.00,605.00,31.00,71.24,56.34,188.04,249.65,60.22,62.08,47.54,124.00,75.79,81.29,271.48,324.75,151.93,16.14,84.05,48.00,45.36,53.84,47.88,90.27,70.46,93.01,75.21,49.00,86.98,106.69,317.77,260.19,161.35,126.69,23.95,2.00,25.24,36.48,80.79,83.24,22.96,35.77,10.23,13.00,3,엄지 굽히기 (Thumb Flex)
304.00,551.00,140.00,540.00,22.00,55.31,53.75,178.83,257.60,48.34,55.81,62.86,140.00,34.57,51.37,277.42,328.47,76.84,75.83,49.25,124.00,75.39,24.27,78.00,66.89,57.55,58.92,44.63,14.00,39.05,109.57,292.91,294.28,114.68,173.53,75.74,52.00,44.62,20.16,84.19,80.00,19.35,15.02,21.43,36.00,3,엄지 굽히기 (Thumb Flex)
320.00,561.00,135.00,572.00,36.00,55.31,53.75,178.83,257.60,48.34,55.81,62.86,140.00,34.60,61.01,268.47,339.32,79.49,66.85,52.95,113.00,59.74,34.59,82.87,46.10,82.28,37.49,20.15,13.00,19.77,129.47,270.91,310.64,134.01,153.04,58.13,30.00,42.59,19.35,86.54,77.00,22.35,15.08,23.51,39.00,3,엄지 굽히기 (Thumb Flex)
312.00,583.00,151.00,627.00,39.00,49.32,61.75,177.35,253.53,56.33,48.16,67.27,148.00,33.83,71.51,259.13,337.75,88.16,69.07,45.40,124.00,61.30,36.17,71.88,54.92,90.02,39.75,9.99,24.00,63.01,90.16,290.37,340.90,138.32,142.35,56.46,14.00,41.06,14.73,91.79,77.23,21.03,11.00,21.75,33.00,3,엄지 굽히기 (Thumb Flex)
336.00,605.00,156.00,627.00,31.00,52.97,56.28,170.61,260.50,59.53,45.13,69.63,156.00,32.32,77.44,261.28,326.84,79.03,75.00,55.28,113.00,61.53,55.59,65.58,46.87,99.26,22.61,30.88,3.00,105.93,91.30,266.04,372.71,175.36,119.36,41.61,30.00,40.28,25.73,93.50,66.27,31.22,2.43,26.47,22.00,3,엄지 굽히기 (Thumb Flex)
328.00,572.00,125.00,500.00,26.00,81.83,81.93,128.87,238.80,103.97,52.74,90.39,101.00,44.35,83.29,240.63,324.75,86.40,95.80,76.28,92.00,64.36,46.93,57.28,56.72,109.14,12.65,40.46,7.00,82.14,66.86,295.83,393.16,199.58,92.27,44.57,60.00,40.97,24.33,91.53,66.12,32.55,1.96,28.21,20.00,3,엄지 굽히기 (Thumb Flex)
288.00,561.00,125.00,572.00,42.00,78.43,73.94,125.63,246.45,110.08,52.72,97.54,93.00,93.85,132.02,216.73,273.89,35.82,63.97,34.60,143.00,84.34,48.61,37.43,58.52,105.83,36.75,25.18,19.00,106.37,108.83,287.09,364.44,195.94,53.11,62.86,102.00,56.71,32.13,82.38,46.17,44.67,21.07,8.60,40.00,3,엄지 굽히기 (Thumb Flex)
296.00,551.00,168.00,594.00,28.00,91.94,54.13,77.63,237.12,131.92,91.59,49.68,141.00,33.83,83.78,176.49,276.37,67.93,107.30,66.74,208.00,61.94,29.61,32.98,80.81,127.33,52.83,36.40,42.00,104.95,79.21,223.36,309.59,128.34,80.73,117.38,180.00,39.99,15.22,71.07,47.80,60.42,35.75,8.41,57.00,3,엄지 굽히기 (Thumb Flex)
336.00,627.00,135.00,627.00,42.00,113.11,73.35,71.71,212.25,107.87,68.47,74.00,116.00,41.20,102.00,132.05,232.02,41.41,63.87,23.02,163.00,37.26,4.61,17.16,89.47,112.40,54.74,15.74,17.00,104.95,79.21,223.36,309.59,128.34,80.73,117.38,180.00,21.53,11.21,52.86,29.97,62.17,33.44,11.51,38.00,3,엄지 굽히기 (Thumb Flex)
312.00,561.00,168.00,594.00,20.00,74.45,36.13,40.79,211.61,111.52,66.88,108.71,77.00,32.27,92.13,134.48,234.08,49.84,60.28,13.02,153.00,30.61,49.73,36.32,49.40,92.08,25.52,66.82,70.00,43.24,15.22,235.62,259.73,149.16,76.11,129.54,86.00,16.68,36.13,57.23,29.55,37.62,19.72,13.68,63.00,3,엄지 굽히기 (Thumb Flex)
352.00,605.00,110.00,530.00,31.00,38.52,100.53,68.55,105.22,14.11,59.91,81.69,184.00,53.24,53.91,86.31,152.51,55.24,77.37,97.29,238.00,16.53,33.08,46.01,86.98,53.40,33.59,106.93,111.00,40.11,24.26,228.24,250.60,155.26,66.30,121.86,96.00,9.83,27.03,42.23,16.97,31.13,12.39,28.40,78.00,3,엄지 굽히기 (Thumb Flex)
304.00,540.00,151.00,605.00,36.00,22.58,86.33,61.69,108.81,2.70,64.77,93.45,200.00,53.24,53.91,86.31,152.51,55.24,77.37,97.29,238.00,16.53,33.08,46.01,86.98,53.40,33.59,106.93,111.00,39.58,58.63,188.99,271.82,113.78,105.96,164.12,52.00,15.04,34.33,39.16,28.64,21.49,24.53,17.75,64.00,3,엄지 굽히기 (Thumb Flex)
328.00,605.00,130.00,583.00,54.00,6.64,83.33,81.26,86.16,25.03,76.53,70.81,176.00,46.90,43.13,92.54,142.24,58.36,85.29,90.26,227.00,17.57,38.05,46.62,82.22,55.26,30.73,109.91,116.00,39.12,55.26,187.92,262.67,114.39,111.07,175.01,41.00,18.63,40.32,44.65,31.62,27.43,19.24,20.06,70.00,3,엄지 굽히기 (Thumb Flex)
281.00,605.00,151.00,627.00,33.00,20.11,94.68,93.62,81.79,22.25,61.69,85.81,191.00,49.52,49.85,98.52,146.70,69.36,96.27,88.13,216.00,18.07,41.41,42.50,83.93,50.26,35.60,108.71,111.00,34.68,47.23,208.89,250.93,135.62,107.59,194.27,19.00,18.63,40.32,44.65,31.62,27.43,19.24,20.06,70.00,3,엄지 굽히기 (Thumb Flex)
320.00,594.00,120.00,540.00,36.00,12.25,86.75,95.25,73.98,30.06,55.39,93.24,199.00,53.32,53.72,120.05,127.26,64.00,83.25,85.20,238.00,21.65,43.99,30.68,98.03,57.30,24.44,107.16,126.00,39.27,56.53,202.13,260.50,142.43,99.64,201.55,8.00,19.26,40.85,42.95,29.07,23.71,22.31,19.45,75.00,3,엄지 굽히기 (Thumb Flex)
281.00,561.00,135.00,594.00,26.00,25.90,96.54,80.44,78.79,40.27,56.26,104.68,214.00,54.14,50.65,122.47,122.54,55.29,81.30,89.56,228.00,25.65,40.74,35.87,95.34,63.26,25.15,111.67,116.00,22.73,26.39,187.40,277.97,130.50,66.64,215.13,25.00,19.09,39.72,40.96,30.87,25.57,20.31,20.29,73.00,3,엄지 굽히기 (Thumb Flex)
352.00,605.00,145.00,616.00,39.00,25.90,96.54,80.44,78.79,40.27,56.26,104.68,214.00,52.87,41.79,114.11,132.50,64.56,90.31,81.27,239.00,33.56,27.95,52.43,78.85,47.36,36.62,98.91,133.00,21.59,26.94,176.40,287.06,141.41,74.98,214.28,14.00,17.39,31.93,37.81,35.00,26.48,26.73,15.07,81.00,3,엄지 굽히기 (Thumb Flex)
328.00,594.00,156.00,616.00,33.00,25.50,114.97,69.51,91.21,64.18,33.01,104.34,190.00,53.38,3.49,77.41,155.08,82.03,49.07,122.37,196.00,32.11,43.88,51.61,76.16,50.42,52.51,84.28,149.00,73.82,100.19,162.60,253.00,122.81,99.95,201.99,90.00,16.71,23.10,46.74,27.02,15.63,26.36,24.72,70.00,3,엄지 굽히기 (Thumb Flex)
320.00,594.00,130.00,572.00,28.00,25.50,114.97,69.51,91.21,64.18,33.01,104.34,190.00,63.72,36.25,92.34,130.97,51.17,68.82,89.88,229.00,29.80,40.22,46.83,81.15,55.41,55.80,79.29,154.00,73.82,100.19,162.60,253.00,122.81,99.95,201.99,90.00,19.39,24.57,40.54,33.62,12.85,33.23,32.72,62.00,3,엄지 굽히기 (Thumb Flex)
304.00,561.00,120.00,540.00,39.00,18.06,110.48,73.43,96.33,69.70,31.34,98.27,198.00,63.45,25.09,71.19,148.00,57.10,73.63,72.79,251.00,22.90,50.96,35.44,85.07,50.97,64.66,109.11,123.00,82.98,123.46,122.11,239.03,90.85,67.91,269.60,3.00,19.39,24.57,40.54,33.62,12.85,33.23,32.72,62.00,3,엄지 굽히기 (Thumb Flex)
296.00,594.00,140.00,605.00,42.00,21.99,125.40,59.86,71.55,36.67,67.10,136.60,158.00,69.87,32.61,71.22,141.74,46.14,78.72,77.80,240.00,28.47,66.87,50.64,70.01,35.62,49.34,96.62,139.00,102.79,145.25,141.02,217.04,70.55,51.27,247.98,25.00,9.10,35.11,29.56,43.46,8.49,29.89,26.22,73.00,3,엄지 굽히기 (Thumb Flex)
312.00,605.00,156.00,638.00,31.00,37.10,140.96,45.16,57.69,32.73,53.42,120.80,174.00,43.60,3.27,41.09,170.39,48.05,111.05,88.78,207.00,36.66,47.30,40.12,86.45,27.33,25.28,87.61,170.00,35.22,91.93,93.56,259.33,97.29,86.87,115.90,163.00,4.21,39.47,27.75,41.76,3.83,27.16,27.08,68.00,3,엄지 굽히기 (Thumb Flex)
336.00,561.00,151.00,583.00,26.00,29.02,103.61,87.40,50.60,21.28,65.64,84.11,222.00,43.60,3.27,41.09,170.39,48.05,111.05,88.78,207.00,61.05,61.03,64.92,69.07,3.72,31.99,84.64,144.00,45.50,101.57,104.53,250.20,88.97,79.77,123.61,152.00,20.19,37.85,18.30,57.27,13.06,12.63,29.64,52.00,3,엄지 굽히기 (Thumb Flex)
328.00,572.00,145.00,551.00,20.00,59.20,109.30,94.57,22.63,41.93,34.30,98.68,190.00,22.69,24.23,50.12,151.95,59.05,116.45,85.73,186.00,38.33,38.05,54.62,89.00,19.30,37.60,79.62,121.00,30.91,62.02,93.49,276.88,111.64,95.58,146.39,109.00,27.71,44.36,10.35,56.14,11.10,20.59,30.36,60.00,3,엄지 굽히기 (Thumb Flex)
352.00,561.00,162.00,561.00,28.00,75.04,123.84,84.05,16.00,30.87,48.93,96.29,206.00,88.11,52.29,21.48,131.46,65.84,106.84,84.33,120.00,62.61,60.91,37.57,103.71,38.51,41.11,71.46,94.00,88.62,77.95,155.85,232.00,53.93,33.14,141.96,175.00,39.54,58.10,12.44,42.19,4.72,15.74,25.04,46.00,3,엄지 굽히기 (Thumb Flex)
320.00,616.00,135.00,605.00,45.00,82.08,131.30,76.34,24.00,27.25,46.09,94.04,198.00,45.84,23.76,38.48,186.32,60.50,86.80,100.05,65.00,44.22,58.28,70.55,81.02,48.34,44.01,61.95,61.00,77.71,67.00,149.47,240.87,58.71,22.51,148.08,186.00,29.82,48.16,14.23,46.96,23.68,38.13,24.80,21.00,3,엄지 굽히기 (Thumb Flex)
320.00,594.00,162.00,627.00,33.00,65.93,121.64,85.99,40.00,4.98,67.59,79.31,166.00,48.79,14.67,32.58,187.30,53.02,78.67,102.54,54.00,65.22,32.22,70.74,49.04,50.29,57.06,61.78,9.00,49.05,61.55,218.75,200.66,39.78,108.98,83.40,89.00,30.58,49.33,15.63,45.18,23.36,36.40,24.64,23.00,3,엄지 굽히기 (Thumb Flex)
320.00,561.00,145.00,561.00,26.00,66.86,113.35,96.94,32.98,17.27,83.45,70.10,150.00,53.32,35.67,23.89,166.46,33.36,57.67,102.36,33.00,62.92,36.30,64.74,54.82,47.20,57.13,62.30,3.00,24.67,17.63,183.36,243.82,74.22,138.66,62.63,45.00,24.31,39.46,21.30,50.61,32.44,35.22,29.59,33.00,3,엄지 굽히기 (Thumb Flex)
328.00,594.00,125.00,551.00,33.00,66.86,113.35,96.94,32.98,17.27,83.45,70.10,150.00,46.00,28.96,34.45,165.37,35.80,50.49,99.67,22.00,63.33,41.30,62.94,53.76,52.19,60.55,63.76,8.00,33.50,25.11,195.56,240.25,82.68,139.81,84.77,77.00,14.83,25.14,41.37,36.36,23.65,24.74,15.15,12.00,3,엄지 굽히기 (Thumb Flex)
320.00,605.00,145.00,638.00,42.00,54.92,80.92,103.38,56.86,25.17,87.89,33.97,111.00,46.00,28.96,34.45,165.37,35.80,50.49,99.67,22.00,66.49,45.66,67.54,47.85,50.69,54.55,59.94,2.00,30.85,14.52,184.59,251.24,93.66,148.81,95.43,88.00,19.35,23.99,40.72,44.28,32.01,18.07,11.42,3.00,3,엄지 굽히기 (Thumb Flex)
328.00,594.00,151.00,616.00,31.00,52.51,80.73,97.67,52.77,25.94,91.63,41.88,119.00,46.00,28.96,34.45,165.37,35.80,50.49,99.67,22.00,44.11,53.29,43.25,51.89,78.38,39.22,36.61,29.00,90.55,71.24,176.67,259.28,99.49,75.69,23.55,12.00,14.97,27.57,36.08,46.65,35.49,13.11,10.14,2.00,3,엄지 굽히기 (Thumb Flex)
328.00,627.00,115.00,605.00,45.00,45.47,119.29,56.57,24.00,21.62,47.77,12.33,72.00,111.16,38.89,100.17,99.61,48.48,116.15,37.35,44.00,61.73,34.19,38.43,70.52,93.29,53.00,22.57,49.00,101.53,80.57,187.26,248.65,88.53,80.57,30.36,23.00,33.83,8.76,51.40,31.89,33.93,11.54,17.51,21.00,3,엄지 굽히기 (Thumb Flex)
304.00,561.00,145.00,572.00,33.00,67.08,74.80,62.91,24.00,56.85,12.83,58.44,24.00,75.40,24.36,95.08,104.36,59.82,148.84,9.42,88.00,61.73,34.19,38.43,70.52,93.29,53.00,22.57,49.00,64.77,81.11,164.00,263.59,86.37,81.11,62.96,67.00,28.18,12.90,52.46,27.66,29.14,17.54,21.57,27.00,3,엄지 굽히기 (Thumb Flex)
328.00,616.00,140.00,583.00,33.00,67.08,74.80,62.91,24.00,56.85,12.83,58.44,24.00,86.42,7.12,74.18,125.42,52.20,153.84,27.57,110.00,76.84,31.95,29.32,55.54,77.46,64.10,8.54,65.00,59.20,111.23,187.66,233.94,54.29,101.12,47.97,34.00,28.18,12.90,52.46,27.66,29.14,17.54,21.57,27.00,3,엄지 굽히기 (Thumb Flex)
328.00,616.00,151.00,649.00,45.00,59.08,71.37,70.69,32.00,64.28,5.07,52.35,32.00,94.22,16.60,61.25,132.91,73.79,165.26,17.84,88.00,62.13,20.45,20.78,66.71,68.85,68.95,13.86,86.00,71.45,52.23,124.01,278.29,59.54,178.12,98.86,43.00,38.25,26.67,45.91,21.02,32.53,24.75,26.59,10.00,3,엄지 굽히기 (Thumb Flex)
320.00,583.00,130.00,530.00,28.00,45.12,56.92,75.03,35.78,54.65,18.54,60.70,16.00,98.49,33.71,77.12,113.25,64.94,143.68,21.53,110.00,60.25,13.40,12.26,59.41,61.39,73.43,8.63,76.00,68.56,50.14,120.83,285.81,68.86,185.31,108.82,53.00,35.06,16.97,37.52,32.02,26.69,35.75,36.42,1.00,3,엄지 굽히기 (Thumb Flex)
296.00,583.00,125.00,530.00,31.00,45.12,56.92,75.03,35.78,54.65,18.54,60.70,16.00,100.04,31.67,67.78,118.98,73.96,134.59,27.20,121.00,57.86,28.19,26.61,71.03,47.90,88.02,19.33,61.00,109.78,47.43,46.96,339.43,99.26,197.37,43.29,22.00,39.21,18.71,27.63,33.53,37.69,29.02,25.42,10.00,3,엄지 굽히기 (Thumb Flex)
273.00,530.00,145.00,583.00,36.00,65.10,83.02,111.92,63.63,19.50,47.23,75.97,55.00,154.82,99.64,110.88,70.23,44.94,164.44,70.92,46.00,54.25,37.44,30.70,65.30,47.80,78.98,8.36,72.00,163.44,75.02,44.83,307.19,53.62,149.22,80.53,33.00,35.39,14.06,27.38,38.33,39.87,30.73,20.90,15.00,3,엄지 굽히기 (Thumb Flex)
336.00,627.00,135.00,594.00,36.00,65.10,83.02,111.92,63.63,19.50,47.23,75.97,55.00,90.55,55.71,63.80,134.16,110.89,167.50,136.92,20.00,46.60,44.83,24.99,51.61,62.33,82.74,24.15,56.00,152.70,74.70,34.18,316.59,59.19,138.45,87.60,44.00,26.22,5.76,18.78,42.06,46.74,21.65,28.34,5.00,3,엄지 굽히기 (Thumb Flex)
320.00,616.00,151.00,661.00,42.00,65.89,78.46,105.04,56.86,27.50,50.81,83.91,63.00,46.90,84.51,98.12,133.51,101.32,193.83,98.00,24.00,50.86,46.05,30.75,48.37,66.64,80.30,29.59,50.00,89.87,172.63,111.73,276.93,53.81,218.51,114.40,66.00,4.73,23.78,10.92,25.00,28.51,43.27,24.69,27.00,3,엄지 굽히기 (Thumb Flex)
320.00,572.00,145.00,561.00,18.00,66.27,47.77,81.23,79.40,33.09,66.40,53.81,31.00,38.10,95.40,107.03,122.64,91.30,182.84,104.57,13.00,35.35,32.38,24.58,63.69,62.95,64.97,43.31,33.00,89.87,172.63,111.73,276.93,53.81,218.51,114.40,66.00,14.71,16.09,1.87,33.54,33.62,49.99,31.84,37.00,3,엄지 굽히기 (Thumb Flex)
344.00,572.00,130.00,561.00,33.00,73.49,70.39,73.72,68.01,56.44,90.37,41.55,7.00,69.67,76.97,123.64,136.88,65.35,153.00,124.55,31.00,30.39,27.38,29.15,61.98,67.74,69.79,40.38,38.00,73.35,165.23,137.58,272.12,85.32,244.80,70.41,22.00,26.30,20.90,13.33,30.15,22.32,51.08,20.50,25.00,3,엄지 굽히기 (Thumb Flex)
312.00,572.00,145.00,605.00,42.00,67.64,66.87,81.54,60.54,58.67,96.39,43.02,1.00,85.01,91.23,145.38,117.89,51.91,151.48,121.14,9.00,14.59,19.62,42.78,46.10,58.63,63.06,46.59,21.00,65.47,180.89,158.27,250.13,68.42,222.86,91.29,44.00,19.46,11.96,12.03,39.12,24.34,58.83,11.50,16.00,3,엄지 굽히기 (Thumb Flex)
312.00,583.00,168.00,638.00,36.00,60.34,70.25,86.29,57.97,64.80,95.98,38.56,7.00,77.43,69.24,141.51,131.14,30.12,136.87,129.87,13.00,33.66,18.77,50.88,42.19,75.95,76.78,55.12,2.00,126.33,104.06,171.00,259.35,121.29,171.81,158.92,121.00,18.76,7.06,21.95,39.62,14.34,49.34,21.18,26.00,3,엄지 굽히기 (Thumb Flex)
336.00,605.00,135.00,551.00,24.00,68.33,62.64,90.43,50.29,71.85,101.74,32.68,15.00,80.04,62.13,151.29,123.04,34.15,147.80,121.60,2.00,41.53,19.69,60.73,32.25,67.72,66.79,54.12,8.00,126.33,104.06,171.00,259.35,121.29,171.81,158.92,121.00,15.66,6.07,19.45,48.51,13.98,46.27,29.14,35.00,3,엄지 굽히기 (Thumb Flex)
328.00,583.00,151.00,616.00,24.00,75.90,55.55,98.30,48.51,72.86,93.74,40.09,7.00,67.99,62.76,135.52,139.31,27.26,165.52,101.26,20.00,45.15,18.00,62.40,32.06,66.47,71.25,52.17,2.00,105.89,104.45,163.88,266.05,128.29,153.71,151.30,99.00,17.52,18.33,36.48,54.12,4.37,40.32,21.05,17.00,3,엄지 굽히기 (Thumb Flex)
344.00,561.00,140.00,572.00,36.00,88.73,53.53,102.96,64.38,57.32,105.15,24.12,23.00,48.60,52.50,152.35,121.20,58.79,162.49,134.25,13.00,43.10,27.54,71.04,21.10,55.81,72.96,46.14,9.00,81.94,84.84,200.48,225.20,84.30,197.37,153.00,143.00,16.91,16.77,33.78,58.60,6.77,36.48,22.96,12.00,3,엄지 굽히기 (Thumb Flex)
320.00,616.00,151.00,638.00,42.00,84.52,48.08,108.88,64.01,52.78,105.96,17.35,31.00,41.73,45.15,163.06,111.51,53.43,154.83,124.03,2.00,46.36,14.45,44.82,39.96,43.94,62.11,29.57,45.00,87.43,114.35,175.43,240.44,78.57,219.53,149.66,176.00,15.93,15.26,32.00,57.38,6.52,33.48,25.36,9.00,3,엄지 굽히기 (Thumb Flex)
328.00,638.00,151.00,649.00,33.00,90.63,72.01,88.09,40.01,69.76,93.47,21.81,55.00,113.86,121.87,168.14,99.46,120.14,77.96,88.53,75.00,47.36,20.44,48.50,37.16,38.38,66.63,32.24,39.00,114.46,187.85,215.91,178.93,28.09,232.06,192.30,99.00,15.93,15.26,32.00,57.38,6.52,33.48,25.36,9.00,3,엄지 굽히기 (Thumb Flex)
320.00,540.00,156.00,551.00,18.00,91.02,66.21,86.89,40.61,76.79,85.99,29.40,63.00,41.52,82.85,92.76,174.39,179.66,53.09,131.36,151.00,47.46,33.64,63.90,23.43,51.13,50.74,21.50,55.00,109.06,173.24,185.82,202.43,15.87,261.19,221.98,67.00,8.33,6.68,32.66,64.64,10.51,37.41,40.21,6.00,3,엄지 굽히기 (Thumb Flex)
344.00,594.00,130.00,540.00,33.00,84.74,67.86,102.34,56.44,77.20,71.59,45.33,79.00,33.11,97.12,83.10,178.51,183.88,34.90,110.64,129.00,55.88,33.26,64.14,18.97,52.20,41.44,14.42,76.00,179.70,237.30,213.80,157.28,119.60,165.26,113.13,176.00,12.95,17.91,44.61,55.23,8.86,26.29,30.27,6.00,3,엄지 굽히기 (Thumb Flex)
312.00,583.00,168.00,638.00,36.00,90.16,72.45,97.80,56.01,70.37,69.75,52.59,87.00,33.11,97.12,83.10,178.51,183.88,34.90,110.64,129.00,32.04,17.66,28.23,56.32,31.67,69.23,39.56,114.00,77.40,129.50,107.49,264.76,195.62,183.27,51.35,284.00,11.49,12.00,41.54,60.88,16.81,18.87,27.49,14.00,3,엄지 굽히기 (Thumb Flex)
344.00,627.00,151.00,638.00,33.00,49.63,25.59,80.66,8.06,40.98,104.86,92.84,135.00,34.43,73.40,47.40,194.10,165.88,72.54,152.00,173.00,26.01,27.09,17.89,64.50,57.12,44.48,27.51,88.00,32.26,101.72,141.16,278.28,239.34,87.26,93.32,176.00,12.65,12.47,43.09,59.55,16.31,19.61,27.22,12.00,3,엄지 굽히기 (Thumb Flex)
328.00,561.00,145.00,561.00,28.00,21.17,33.25,32.29,56.57,33.06,52.29,67.70,80.00,53.45,91.32,67.30,167.06,143.47,66.01,129.54,142.00,26.01,27.09,17.89,64.50,57.12,44.48,27.51,88.00,20.15,83.68,120.51,299.23,260.75,65.34,108.55,154.00,6.78,6.44,36.32,65.80,23.41,18.40,24.48,4.00,3,엄지 굽히기 (Thumb Flex)
320.00,561.00,156.00,605.00,24.00,25.82,20.31,47.58,56.57,29.93,49.03,73.41,64.00,60.62,25.38,32.87,209.48,84.31,122.29,124.36,76.00,23.53,21.49,34.15,57.07,47.79,55.96,43.99,67.00,20.72,94.63,121.13,296.18,262.84,59.02,113.75,143.00,8.08,6.07,40.71,59.48,17.15,27.84,32.73,16.00,3,엄지 굽히기 (Thumb Flex)
361.00,627.00,135.00,605.00,39.00,23.70,44.88,58.03,17.00,19.26,82.39,107.89,23.00,51.08,34.50,22.14,217.08,87.34,132.50,130.70,65.00,29.30,33.23,38.63,41.48,31.97,71.95,59.92,51.00,61.07,72.92,172.49,242.55,219.08,90.78,133.74,87.00,10.10,7.94,43.69,56.82,14.90,24.96,29.86,13.00,3,엄지 굽히기 (Thumb Flex)
328.00,616.00,135.00,616.00,51.00,28.72,47.97,65.84,21.93,23.29,74.87,99.91,31.00,11.12,63.17,34.99,250.23,43.46,121.47,95.33,109.00,38.24,43.05,48.60,40.01,38.34,65.03,50.50,61.00,6.66,55.04,141.76,265.19,170.58,145.60,153.32,32.00,29.90,33.61,46.97,50.36,20.05,30.70,4.21,20.00,3,엄지 굽히기 (Thumb Flex)
288.00,540.00,180.00,583.00,18.00,52.04,84.12,78.04,44.01,78.60,72.87,50.00,87.00,41.74,63.84,21.79,270.98,39.82,144.27,66.52,141.00,11.77,43.22,57.92,10.05,50.39,84.93,37.57,111.00,18.25,44.97,157.42,246.35,168.27,132.11,151.70,54.00,15.01,22.21,32.03,65.28,31.71,45.70,19.07,35.00,3,엄지 굽히기 (Thumb Flex)
336.00,561.00,151.00,551.00,22.00,28.48,60.86,54.74,41.77,88.85,95.22,43.98,111.00,52.48,73.64,32.65,279.12,28.91,133.32,77.41,130.00,17.41,49.15,63.74,11.18,52.97,78.96,33.70,105.00,35.93,95.70,111.29,279.03,119.05,151.86,179.37,108.00,10.85,31.63,32.59,70.01,39.48,34.37,6.47,15.00,3,엄지 굽히기 (Thumb Flex)
328.00,561.00,130.00,530.00,31.00,12.80,55.14,55.41,57.56,98.90,81.20,40.56,95.00,71.83,94.61,47.60,265.05,44.41,148.28,56.44,152.00,26.73,29.43,68.75,48.26,90.85,55.43,19.69,67.00,142.44,196.05,174.50,211.18,214.51,53.43,99.64,0.00,15.52,36.63,37.58,65.39,34.66,32.71,5.02,20.00,3,엄지 굽히기 (Thumb Flex)
304.00,583.00,151.00,616.00,36.00,42.63,47.03,24.95,69.63,129.42,79.99,40.19,63.00,88.45,107.20,47.37,248.07,53.34,149.50,74.02,130.00,10.75,22.10,52.76,49.24,97.26,62.94,26.48,51.00,89.72,172.74,122.24,270.19,226.70,11.91,62.87,65.00,3.74,29.52,34.26,71.02,35.52,23.07,11.92,32.00,3,엄지 굽히기 (Thumb Flex)
320.00,583.00,174.00,661.00,33.00,49.50,42.18,19.58,76.32,128.65,73.64,40.94,71.00,88.45,107.20,47.37,248.07,53.34,149.50,74.02,130.00,13.27,13.63,49.50,71.85,113.29,40.53,28.62,74.00,84.82,201.27,145.39,256.96,262.10,35.55,95.98,20.00,6.87,33.37,42.36,63.60,26.66,32.07,8.72,23.00,3,엄지 굽히기 (Thumb Flex)
344.00,627.00,135.00,572.00,26.00,49.50,42.18,19.58,76.32,128.65,73.64,40.94,71.00,101.77,163.42,109.05,203.00,77.56,84.48,86.90,196.00,8.34,16.30,44.76,72.78,117.80,36.23,32.70,79.00,84.82,201.27,145.39,256.96,262.10,35.55,95.98,20.00,3.13,23.70,35.89,70.04,22.63,39.75,16.05,13.00,3,엄지 굽히기 (Thumb Flex)
328.00,561.00,140.00,551.00,28.00,47.84,49.08,11.83,83.24,122.75,78.95,34.60,63.00,66.33,113.37,114.09,162.19,129.55,72.53,136.22,251.00,6.26,27.28,38.28,83.55,118.78,40.05,21.96,68.00,53.41,151.96,161.33,253.03,290.16,87.85,21.82,107.00,16.93,12.96,45.09,60.61,13.77,39.78,2.61,27.00,3,엄지 굽히기 (Thumb Flex)
304.00,572.00,125.00,551.00,42.00,47.58,47.91,27.50,97.08,133.32,82.04,14.21,39.00,49.37,115.18,180.02,121.20,137.03,44.07,70.29,185.00,31.73,49.73,57.98,82.61,93.87,53.77,47.87,94.00,109.81,210.71,259.19,156.31,192.65,36.14,98.68,9.00,9.75,14.17,37.18,67.96,4.81,47.45,6.58,36.00,3,엄지 굽히기 (Thumb Flex)
288.00,594.00,125.00,616.00,51.00,53.25,76.68,41.12,122.97,101.77,101.56,44.91,71.00,73.77,71.21,165.09,77.08,191.01,46.33,32.37,131.00,62.01,68.26,85.02,51.97,116.68,22.77,24.10,63.00,86.09,145.88,244.58,181.16,186.22,99.97,156.34,56.00,31.64,31.51,53.51,57.14,35.79,18.35,27.49,3.00,3,엄지 굽히기 (Thumb Flex)
304.00,605.00,151.00,627.00,36.00,69.56,114.21,46.88,107.71,116.53,61.56,11.12,31.00,84.22,60.22,174.73,69.66,186.82,48.80,33.03,142.00,45.40,70.34,87.99,59.68,113.19,16.50,29.81,42.00,142.08,111.95,323.90,117.32,107.13,62.87,111.33,31.00,34.62,32.65,56.26,54.15,35.08,18.49,24.61,6.00,3,엄지 굽히기 (Thumb Flex)
320.00,561.00,145.00,520.00,22.00,67.54,110.61,51.71,115.52,111.98,56.22,14.07,23.00,62.36,77.76,158.39,54.41,203.39,69.29,36.56,164.00,58.15,51.91,65.26,80.23,91.61,38.30,50.94,19.00,36.43,94.55,257.56,224.90,67.53,172.42,174.61,149.00,23.10,39.73,58.08,54.92,47.36,14.87,16.56,20.00,3,엄지 굽히기 (Thumb Flex)
312.00,520.00,174.00,510.00,14.00,68.93,104.07,23.56,126.12,80.73,67.55,44.77,9.00,61.42,145.81,222.08,70.66,120.60,55.40,110.35,57.00,54.24,74.91,80.05,74.43,77.04,58.93,73.88,4.00,99.20,134.45,358.02,223.76,60.75,93.90,63.38,21.00,23.19,58.68,76.93,36.40,35.95,30.05,23.98,1.00,3,엄지 굽히기 (Thumb Flex)
344.00,583.00,145.00,583.00,36.00,72.51,116.50,23.28,112.00,80.15,83.32,60.44,25.00,39.75,142.22,202.56,63.79,133.25,77.15,132.32,35.00,54.24,74.91,80.05,74.43,77.04,58.93,73.88,4.00,81.86,135.15,340.48,244.98,73.26,107.79,45.42,1.00,18.18,52.93,73.44,39.36,41.72,37.63,28.21,7.00,3,엄지 굽히기 (Thumb Flex)
312.00,605.00,162.00,661.00,42.00,67.46,108.59,29.74,108.23,87.75,89.90,67.32,33.00,8.55,173.77,212.03,107.47,91.94,61.05,94.37,79.00,58.78,75.06,74.05,75.31,82.92,57.08,77.99,10.00,77.20,182.34,359.76,264.75,109.66,51.82,99.87,55.00,11.78,56.52,86.98,24.76,27.09,33.10,28.80,11.00,3,엄지 굽히기 (Thumb Flex)
312.00,605.00,120.00,572.00,33.00,35.75,89.21,75.08,67.88,67.89,93.18,53.03,16.00,15.51,151.91,190.09,107.67,95.25,77.49,85.20,101.00,44.59,85.70,81.38,90.09,87.12,44.70,84.82,25.00,62.22,151.20,326.78,294.66,139.13,35.47,132.19,88.00,13.62,51.11,81.86,29.41,29.96,37.59,33.17,17.00,3,엄지 굽히기 (Thumb Flex)
320.00,583.00,125.00,551.00,36.00,31.61,94.09,76.73,73.76,60.98,86.05,49.51,8.00,45.99,134.15,177.46,140.51,62.65,45.21,88.96,68.00,34.59,95.68,76.32,92.18,94.61,54.66,83.80,15.00,57.23,138.50,310.14,326.17,154.59,52.22,85.02,23.00,27.13,37.12,85.75,24.08,15.52,22.76,19.35,2.00,3,엄지 굽히기 (Thumb Flex)
304.00,572.00,151.00,605.00,39.00,44.76,78.17,89.97,64.50,48.83,70.89,39.97,8.00,26.98,127.82,154.39,146.75,52.29,40.66,91.76,36.00,13.94,116.95,47.48,64.62,70.38,42.07,78.73,44.00,58.87,123.41,291.63,344.61,176.55,60.74,83.85,1.00,6.46,48.51,64.78,45.04,26.00,20.60,3.23,19.00,3,엄지 굽히기 (Thumb Flex)
320.00,594.00,151.00,572.00,26.00,28.89,91.25,77.66,51.22,57.22,65.92,29.46,24.00,46.22,104.97,123.81,178.51,26.55,20.97,101.44,69.00,13.94,116.95,47.48,64.62,70.38,42.07,78.73,44.00,73.59,102.51,274.39,356.20,170.67,68.35,76.65,22.00,4.50,48.61,63.13,45.04,22.66,16.94,4.58,15.00,3,엄지 굽히기 (Thumb Flex)
328.00,583.00,151.00,627.00,33.00,28.89,91.25,77.66,51.22,57.22,65.92,29.46,24.00,67.86,83.20,126.62,174.39,48.36,40.40,86.14,47.00,17.67,130.86,33.31,45.79,49.53,21.57,94.71,23.00,168.79,66.21,311.75,282.21,107.47,35.91,154.54,75.00,5.34,47.32,64.56,43.05,22.27,18.84,2.81,17.00,3,엄지 굽히기 (Thumb Flex)
320.00,530.00,151.00,540.00,22.00,42.89,100.68,61.67,40.00,57.71,50.34,45.12,8.00,20.84,129.97,75.05,227.07,81.55,91.13,46.94,6.00,17.67,130.86,33.31,45.79,49.53,21.57,94.71,23.00,97.53,38.22,236.89,341.21,31.48,92.03,230.53,151.00,9.92,61.27,52.03,45.88,9.32,28.29,11.29,31.00,3,엄지 굽히기 (Thumb Flex)
328.00,616.00,110.00,583.00,54.00,48.81,108.66,58.79,33.94,49.94,57.43,37.36,16.00,43.50,120.91,99.49,232.60,81.34,112.93,29.49,39.00,65.24,96.86,79.35,34.66,52.35,73.44,32.97,87.00,75.69,77.09,234.77,303.46,93.80,94.76,160.58,73.00,14.73,47.36,53.58,65.97,14.04,37.80,31.55,52.00,3,엄지 굽히기 (Thumb Flex)
296.00,616.00,135.00,627.00,45.00,49.51,78.42,37.89,33.94,43.50,86.13,29.61,64.00,37.39,114.72,102.50,221.92,72.46,114.04,25.87,50.00,65.24,96.86,79.35,34.66,52.35,73.44,32.97,87.00,64.26,81.01,182.05,354.84,112.14,147.95,136.09,18.00,33.72,54.71,40.36,72.95,13.87,43.09,18.27,33.00,3,엄지 굽히기 (Thumb Flex)
320.00,627.00,145.00,616.00,33.00,56.06,81.33,30.98,28.84,35.50,85.66,22.91,56.00,78.36,179.65,36.87,215.28,35.02,91.71,57.36,116.00,60.93,92.09,84.03,38.42,57.34,74.99,34.90,82.00,82.35,143.63,147.40,339.01,157.99,100.17,144.50,83.00,38.42,59.60,35.50,68.60,9.33,38.31,19.20,38.00,3,엄지 굽히기 (Thumb Flex)
320.00,616.00,110.00,594.00,39.00,40.41,66.65,45.16,43.08,33.42,97.52,8.67,40.00,111.47,216.50,39.32,171.35,15.43,127.14,40.98,72.00,70.77,105.68,74.76,49.20,63.76,88.81,38.96,67.00,103.71,181.07,180.58,296.59,123.37,102.55,152.18,40.00,36.21,57.12,36.05,70.18,10.19,35.66,19.21,41.00,3,엄지 굽히기 (Thumb Flex)
304.00,520.00,151.00,551.00,31.00,24.70,51.78,47.92,40.00,18.64,81.63,24.21,56.00,92.58,209.62,37.56,190.96,69.38,199.54,99.86,2.00,65.04,99.05,64.09,39.20,52.89,113.05,48.38,41.00,103.71,171.20,130.58,292.29,157.44,90.24,200.83,25.00,33.74,57.15,22.90,54.45,9.83,45.47,31.69,21.00,3,엄지 굽히기 (Thumb Flex)
320.00,605.00,156.00,616.00,28.00,15.17,48.61,37.61,24.00,32.86,92.29,9.57,40.00,92.58,209.62,37.56,190.96,69.38,199.54,99.86,2.00,66.98,102.16,59.15,44.18,57.82,110.92,47.41,46.00,111.20,179.40,135.70,281.30,147.14,97.10,190.10,14.00,38.60,63.89,14.91,49.20,9.68,46.70,23.95,29.00,3,엄지 굽히기 (Thumb Flex)
344.00,661.00,110.00,605.00,61.00,30.07,67.24,14.38,33.94,39.82,95.11,29.79,64.00,63.40,110.26,122.65,251.92,162.55,237.48,41.02,98.00,47.61,67.39,83.08,53.82,81.82,127.70,65.52,81.00,46.02,94.86,52.52,297.60,168.40,182.00,107.11,71.00,16.94,27.81,46.26,30.00,48.68,82.55,15.33,68.00,3,엄지 굽히기 (Thumb Flex)
266.00,583.00,135.00,583.00,36.00,16.65,24.65,47.89,32.56,85.35,136.62,71.67,110.00,91.65,89.19,168.93,214.22,135.45,176.04,52.17,35.00,37.51,43.08,82.29,88.60,99.04,89.42,32.81,42.00,51.74,77.66,87.43,229.93,96.26,137.87,170.05,2.00,25.68,32.17,52.89,8.00,45.16,63.95,8.01,46.00,3,엄지 굽히기 (Thumb Flex)
296.00,530.00,140.00,500.00,20.00,62.23,51.04,70.71,75.29,84.85,94.80,44.63,62.00,85.37,64.96,187.57,261.36,180.86,132.89,89.73,18.00,37.03,45.40,78.25,86.98,94.20,93.71,37.36,47.00,73.76,45.88,45.25,275.73,114.65,182.74,235.43,85.00,23.35,16.99,64.02,17.89,60.57,63.78,23.99,30.00,3,엄지 굽히기 (Thumb Flex)
328.00,605.00,145.00,627.00,45.00,49.32,35.98,77.63,81.41,100.76,93.60,50.24,46.00,85.37,64.96,187.57,261.36,180.86,132.89,89.73,18.00,33.80,62.00,64.16,70.94,97.85,90.86,20.36,30.00,106.91,45.68,78.78,251.07,81.70,148.74,217.08,51.00,21.84,19.84,61.36,19.42,62.38,66.15,26.81,27.00,3,엄지 굽히기 (Thumb Flex)
304.00,649.00,96.00,530.00,57.00,53.33,39.60,69.73,74.43,104.77,99.48,56.75,38.00,54.86,108.72,180.00,301.97,199.30,108.72,90.00,26.00,34.31,82.92,74.30,82.80,117.30,77.41,43.54,54.00,148.26,48.16,106.06,222.70,95.43,181.14,225.69,93.00,16.06,37.74,68.09,41.48,77.05,42.54,18.03,51.00,3,엄지 굽히기 (Thumb Flex)
259.00,583.00,156.00,638.00,42.00,88.59,64.98,81.74,117.89,148.73,38.82,11.70,99.00,54.86,108.72,180.00,301.97,199.30,108.72,90.00,26.00,46.53,77.96,44.31,61.03,143.74,48.88,71.61,85.00,86.31,110.08,156.29,163.98,83.26,214.02,234.13,180.00,17.63,39.96,74.08,40.31,71.55,46.01,15.43,45.00,3,엄지 굽히기 (Thumb Flex)
328.00,605.00,156.00,605.00,24.00,78.82,65.85,58.39,106.78,169.46,31.78,27.42,123.00,24.85,111.05,205.73,271.41,209.92,79.74,119.61,59.00,51.11,81.68,44.29,65.19,144.31,53.71,67.95,80.00,86.31,110.08,156.29,163.98,83.26,214.02,234.13,180.00,22.67,47.09,70.63,55.23,73.62,46.76,13.23,30.00,3,엄지 굽히기 (Thumb Flex)
352.00,594.00,135.00,594.00,36.00,88.23,94.44,63.24,136.97,175.52,22.88,24.38,91.00,24.85,111.05,205.73,271.41,209.92,79.74,119.61,59.00,35.11,65.74,29.69,58.19,159.82,63.39,63.43,64.00,95.22,121.01,156.02,176.64,63.62,196.06,224.40,202.00,14.68,37.22,62.16,57.01,83.51,42.17,16.80,20.00,3,엄지 굽히기 (Thumb Flex)
312.00,583.00,130.00,551.00,31.00,76.70,79.96,47.25,133.18,191.43,22.09,38.72,75.00,24.85,111.05,205.73,271.41,209.92,79.74,119.61,59.00,17.59,54.79,18.31,78.34,148.47,67.38,62.21,85.00,57.82,154.25,226.85,125.90,106.04,121.24,177.47,278.00,16.51,38.88,63.85,55.08,84.54,40.35,17.44,18.00,3,엄지 굽히기 (Thumb Flex)
328.00,605.00,145.00,627.00,45.00,84.00,82.71,50.69,125.32,195.36,19.81,46.71,67.00,54.93,62.37,178.13,251.18,223.63,15.81,85.18,16.00,16.71,57.36,23.68,80.01,144.84,62.00,64.14,79.00,121.27,68.15,183.52,66.73,186.05,105.14,122.03,365.00,6.49,40.82,71.34,53.60,73.37,20.39,28.73,5.00,3,엄지 굽히기 (Thumb Flex)
328.00,627.00,162.00,649.00,33.00,84.00,82.71,50.69,125.32,195.36,19.81,46.71,67.00,65.81,68.15,187.43,240.28,231.84,25.73,82.81,5.00,47.65,16.92,38.83,130.42,95.13,19.99,106.95,27.00,187.18,37.65,237.23,22.20,191.49,60.99,176.52,299.00,15.14,23.17,50.48,74.43,52.38,28.83,43.26,26.00,3,엄지 굽히기 (Thumb Flex)
328.00,561.00,162.00,551.00,22.00,114.30,54.62,21.57,156.85,164.59,12.44,72.51,35.00,33.28,16.47,146.63,239.01,282.07,79.02,71.80,50.00,70.27,16.39,61.57,138.16,99.47,26.22,80.00,54.00,118.72,48.30,182.25,54.08,266.98,31.32,252.30,223.00,37.89,0.17,49.88,80.23,65.20,5.83,36.51,3.00,3,엄지 굽히기 (Thumb Flex)
336.00,583.00,130.00,530.00,26.00,127.22,38.91,30.21,160.08,166.78,9.39,63.53,51.00,63.37,27.57,170.80,195.24,284.83,63.21,92.18,6.00,61.48,20.52,64.02,152.16,88.42,30.41,65.93,69.00,99.35,112.54,236.14,104.10,238.85,94.24,173.14,309.00,44.20,6.88,56.78,73.82,68.43,11.86,34.48,10.00,3,엄지 굽히기 (Thumb Flex)
328.00,594.00,130.00,583.00,61.00,131.80,35.32,37.65,152.35,173.54,1.66,64.84,43.00,85.24,46.14,191.92,194.00,263.59,51.25,73.24,28.00,67.21,2.59,44.20,146.54,70.24,31.93,53.66,89.00,105.77,116.99,246.15,98.84,229.61,84.46,180.33,298.00,33.00,17.71,48.87,85.43,90.28,29.03,28.78,32.00,3,엄지 굽히기 (Thumb Flex)
273.00,605.00,135.00,616.00,39.00,127.93,36.30,47.36,163.25,199.50,29.37,67.05,12.00,25.40,80.99,199.91,109.00,221.39,42.04,20.50,113.00,68.40,18.14,54.36,130.97,73.47,29.82,54.01,105.00,58.51,150.91,256.13,159.89,179.41,91.19,211.24,233.00,34.94,24.99,55.82,79.31,88.30,26.90,32.03,24.00,3,엄지 굽히기 (Thumb Flex)
320.00,583.00,168.00,638.00,28.00,127.93,36.30,47.36,163.25,199.50,29.37,67.05,12.00,23.69,59.74,177.99,111.20,237.93,53.12,34.48,135.00,62.58,11.83,59.76,134.41,85.44,24.46,61.26,117.00,43.91,172.90,278.00,155.43,171.96,70.57,207.03,255.00,34.94,24.99,55.82,79.31,88.30,26.90,32.03,24.00,3,엄지 굽히기 (Thumb Flex)
336.00,583.00,140.00,561.00,20.00,133.68,29.42,49.05,159.93,191.76,30.50,63.75,4.00,81.55,73.17,157.46,38.01,173.01,97.26,65.82,57.00,45.60,38.15,89.48,106.51,76.89,52.56,36.62,87.00,83.62,143.89,259.98,199.11,128.29,33.83,222.12,299.00,17.19,54.93,78.54,55.97,58.47,14.73,12.70,65.00,3,엄지 굽히기 (Thumb Flex)
352.00,561.00,145.00,551.00,28.00,60.93,115.05,127.78,87.69,155.23,75.90,62.47,82.00,99.53,95.16,177.74,31.00,167.61,75.88,43.88,79.00,39.54,47.05,92.76,102.79,68.28,44.32,45.93,97.00,115.55,152.77,284.46,198.31,147.22,44.35,199.50,267.00,20.18,62.52,85.86,48.47,54.50,12.56,11.25,57.00,3,엄지 굽히기 (Thumb Flex)
320.00,583.00,151.00,627.00,36.00,41.11,132.40,143.39,72.40,135.97,69.47,58.84,58.00,80.55,67.81,146.03,22.00,116.27,67.81,17.08,132.00,31.27,51.97,85.28,113.23,77.55,46.94,34.96,86.00,55.25,61.30,184.85,325.19,146.27,131.26,101.27,140.00,23.37,56.86,87.36,45.04,38.55,26.55,23.92,41.00,3,엄지 굽히기 (Thumb Flex)
328.00,616.00,145.00,638.00,36.00,41.11,132.40,143.39,72.40,135.97,69.47,58.84,58.00,84.67,74.19,153.15,24.60,123.61,58.74,8.83,121.00,31.27,51.97,85.28,113.23,77.55,46.94,34.96,86.00,63.75,52.32,190.07,325.74,153.88,126.95,110.35,151.00,16.89,52.69,78.57,54.04,36.89,34.86,32.92,32.00,3,엄지 굽히기 (Thumb Flex)
320.00,572.00,135.00,540.00,33.00,25.13,122.73,127.39,82.13,138.41,85.40,71.49,42.00,58.39,8.42,84.50,99.61,116.36,20.33,70.35,44.00,7.88,28.11,90.76,76.92,41.05,17.09,31.29,47.00,73.50,42.40,199.99,315.77,144.71,123.19,100.52,141.00,12.95,31.66,67.43,58.31,18.68,32.71,13.86,56.00,3,엄지 굽히기 (Thumb Flex)
288.00,551.00,135.00,572.00,36.00,12.75,94.39,119.73,63.63,110.02,65.88,43.40,71.00,62.28,29.81,97.58,107.94,143.48,15.34,44.30,76.00,14.99,46.91,69.77,88.24,27.97,9.96,49.84,26.00,14.94,97.63,193.01,327.06,160.94,69.30,38.06,75.00,16.41,25.71,72.04,52.80,24.65,27.62,15.65,50.00,3,엄지 굽히기 (Thumb Flex)
344.00,672.00,125.00,649.00,54.00,27.26,81.09,133.67,50.45,120.05,64.64,59.37,55.00,91.87,58.21,34.01,171.48,200.04,81.94,65.53,143.00,45.94,76.14,63.24,66.85,23.05,33.95,18.85,57.00,47.00,88.72,152.04,369.63,204.88,25.57,37.40,31.00,28.33,49.74,48.14,70.77,44.19,5.49,35.20,20.00,3,엄지 굽히기 (Thumb Flex)
320.00,649.00,135.00,649.00,42.00,5.67,91.33,111.01,39.00,110.08,49.12,89.33,23.00,144.75,111.71,69.14,192.77,211.44,60.60,20.23,88.00,45.94,76.14,63.24,66.85,23.05,33.95,18.85,57.00,95.57,134.31,118.16,386.43,193.36,77.44,30.91,86.00,34.25,52.13,50.92,66.84,45.58,1.53,31.57,26.00,3,엄지 굽히기 (Thumb Flex)
320.00,572.00,135.00,561.00,31.00,2.50,93.92,107.49,47.00,102.27,42.49,95.67,15.00,133.92,105.72,60.91,202.32,222.42,68.80,14.63,77.00,42.68,77.59,59.89,64.14,27.91,32.85,22.54,52.00,103.29,143.84,124.75,377.16,184.48,72.29,27.85,76.00,34.25,52.13,50.92,66.84,45.58,1.53,31.57,26.00,3,엄지 굽히기 (Thumb Flex)
312.00,561.00,130.00,520.00,33.00,14.19,79.54,123.48,49.65,93.88,26.74,104.91,1.00,100.03,124.23,87.69,226.92,207.34,25.54,53.88,121.00,48.91,64.49,54.66,77.39,33.90,43.48,32.66,37.00,105.46,132.98,44.63,429.30,122.36,145.90,117.02,31.00,25.66,63.09,49.32,60.03,41.35,13.39,31.36,14.00,3,엄지 굽히기 (Thumb Flex)
288.00,583.00,140.00,616.00,42.00,53.79,42.74,142.79,88.46,74.78,58.78,101.17,39.00,94.18,167.69,128.32,194.56,174.18,60.26,12.90,77.00,57.11,43.31,33.15,70.86,49.16,21.87,28.62,59.00,133.66,162.91,74.05,402.93,99.10,114.70,84.61,2.00,29.24,54.94,41.21,67.98,48.95,20.96,30.70,5.00,3,엄지 굽히기 (Thumb Flex)
336.00,649.00,140.00,627.00,36.00,46.78,45.22,147.11,90.25,66.84,62.27,105.20,47.00,93.92,111.22,150.34,265.69,98.13,124.53,83.94,11.00,64.70,39.12,26.17,49.24,32.52,37.94,24.73,37.00,58.30,97.30,59.99,454.02,33.31,109.50,49.29,78.00,34.42,52.35,31.63,63.06,38.91,20.92,37.54,19.00,3,엄지 굽히기 (Thumb Flex)
336.00,616.00,145.00,616.00,36.00,46.78,45.22,147.11,90.25,66.84,62.27,105.20,47.00,102.35,126.77,183.00,250.80,92.88,118.26,52.61,22.00,64.57,29.35,12.95,48.17,42.04,44.26,27.12,22.00,30.97,124.33,145.94,398.97,73.91,53.86,74.29,8.00,37.55,59.48,38.02,53.45,35.26,12.67,29.13,9.00,3,엄지 굽히기 (Thumb Flex)
296.00,530.00,135.00,510.00,26.00,62.72,75.72,144.46,103.46,53.78,91.55,74.34,15.00,119.31,64.73,177.54,310.54,42.48,167.84,46.53,86.00,67.11,24.54,8.75,43.19,37.58,45.47,27.33,27.00,42.04,52.37,137.35,460.54,103.93,41.80,129.22,81.00,49.88,24.68,15.02,54.42,5.23,22.33,10.34,26.00,3,엄지 굽히기 (Thumb Flex)
288.00,520.00,168.00,616.00,26.00,59.00,63.42,130.56,91.21,39.34,105.27,59.39,0.00,194.31,37.96,259.98,294.38,127.23,87.35,51.49,1.00,96.01,15.88,36.73,51.87,47.30,22.45,30.51,6.00,42.04,52.37,137.35,460.54,103.93,41.80,129.22,81.00,61.81,20.16,27.50,42.49,17.90,16.11,13.66,13.00,3,엄지 굽히기 (Thumb Flex)
361.00,649.00,120.00,616.00,45.00,80.13,71.60,105.13,120.80,73.05,96.97,97.55,41.00,128.33,28.06,229.58,360.31,162.11,91.01,106.34,65.00,48.03,32.12,40.03,29.43,47.88,29.60,63.86,54.00,59.81,51.30,151.53,441.62,81.93,29.83,136.95,103.00,44.82,15.58,22.73,52.35,30.12,29.41,30.05,4.00,3,엄지 굽히기 (Thumb Flex)
328.00,661.00,140.00,649.00,42.00,72.82,63.98,100.46,116.21,73.27,102.78,103.88,49.00,65.40,99.43,291.64,365.47,207.52,32.49,74.60,13.00,48.03,32.12,40.03,29.43,47.88,29.60,63.86,54.00,69.44,54.98,203.96,402.86,95.06,63.39,165.89,191.00,26.48,19.25,44.13,39.40,39.90,11.02,9.75,18.00,3,엄지 굽히기 (Thumb Flex)
304.00,583.00,110.00,510.00,31.00,24.98,29.82,54.23,158.50,118.02,54.92,88.99,1.00,63.66,112.98,309.89,343.82,187.38,52.47,68.59,9.00,32.53,47.47,54.66,41.73,16.35,37.48,81.65,89.00,34.02,61.24,167.63,441.46,135.14,91.96,178.93,232.00,25.49,19.54,45.79,36.67,37.09,10.77,11.41,15.00,3,엄지 굽히기 (Thumb Flex)
281.00,520.00,145.00,551.00,36.00,16.07,58.78,66.18,177.86,98.27,85.07,84.95,40.00,65.42,131.67,327.09,360.72,200.28,112.56,66.31,72.00,35.21,48.10,52.46,37.80,15.04,38.27,79.86,83.00,46.31,135.87,193.67,423.18,140.15,109.49,191.46,156.00,25.49,19.54,45.79,36.67,37.09,10.77,11.41,15.00,3,엄지 굽히기 (Thumb Flex)
288.00,594.00,140.00,594.00,36.00,56.07,97.60,105.59,147.09,74.55,84.18,103.06,0.00,71.90,153.11,349.08,340.19,178.29,102.16,68.58,50.00,39.34,45.38,47.48,33.97,19.79,34.18,79.39,88.00,85.24,172.78,237.27,379.78,96.24,66.83,164.32,200.00,25.49,19.54,45.79,36.67,37.09,10.77,11.41,15.00,3,엄지 굽히기 (Thumb Flex)
320.00,616.00,130.00,616.00,42.00,56.07,97.60,105.59,147.09,74.55,84.18,103.06,0.00,82.15,118.64,333.84,358.83,165.07,125.52,101.63,6.00,44.28,40.57,45.43,37.54,17.15,39.15,81.71,83.00,58.83,168.17,228.95,374.13,92.02,34.27,111.24,276.00,32.99,13.21,44.68,33.73,31.15,18.48,17.47,24.00,3,엄지 굽히기 (Thumb Flex)
328.00,638.00,140.00,616.00,39.00,39.58,112.17,139.56,121.79,96.01,45.93,63.64,40.00,159.74,146.66,404.97,285.20,103.35,39.19,21.70,93.00,39.44,45.02,41.97,34.41,20.86,42.44,85.70,78.00,91.56,205.57,270.85,330.15,48.05,14.80,149.12,232.00,35.97,14.19,47.43,30.81,29.66,17.57,14.57,21.00,3,엄지 굽히기 (Thumb Flex)
288.00,551.00,125.00,530.00,31.00,54.56,59.29,103.38,171.77,89.08,57.77,12.98,96.00,39.86,33.09,315.29,370.30,22.95,90.32,102.83,214.00,39.44,45.02,41.97,34.41,20.86,42.44,85.70,78.00,32.10,97.66,217.12,354.32,107.35,120.90,267.99,113.00,15.41,10.85,35.18,34.00,7.01,35.58,8.72,2.00,3,엄지 굽히기 (Thumb Flex)
296.00,551.00,135.00,561.00,36.00,68.44,37.27,119.74,164.20,109.95,33.81,28.89,72.00,71.07,64.92,369.71,319.13,79.32,51.82,49.81,116.00,39.44,45.02,41.97,34.41,20.86,42.44,85.70,78.00,111.56,122.02,292.92,274.24,74.88,96.26,188.16,201.00,13.92,13.94,39.97,28.84,9.37,30.03,3.05,4.00,3,엄지 굽히기 (Thumb Flex)
320.00,638.00,125.00,627.00,45.00,68.44,37.27,119.74,164.20,109.95,33.81,28.89,72.00,5.72,49.49,307.54,380.28,126.75,115.87,101.31,50.00,41.83,54.55,33.27,42.94,11.48,32.44,94.38,68.00,68.98,57.21,247.54,310.79,139.76,154.22,157.01,267.00,16.05,20.22,29.26,38.42,13.01,28.27,12.52,18.00,3,엄지 굽히기 (Thumb Flex)
336.00,605.00,156.00,638.00,42.00,72.91,32.74,123.07,159.91,119.81,42.94,31.12,96.00,40.66,91.84,309.98,367.45,141.12,84.20,57.37,94.00,49.99,34.20,56.73,38.47,18.68,23.88,112.66,42.00,137.77,73.40,322.28,231.09,129.82,64.85,188.83,149.00,20.07,29.22,34.15,33.54,17.95,21.92,4.06,9.00,3,엄지 굽히기 (Thumb Flex)
312.00,627.00,110.00,561.00,36.00,90.91,27.11,146.82,136.07,96.04,51.59,19.64,72.00,83.81,130.79,352.62,324.87,97.39,89.01,100.09,50.00,30.33,43.25,62.58,10.00,45.29,51.27,129.12,12.00,83.56,31.14,273.66,279.06,184.81,100.27,206.95,94.00,19.27,25.42,28.47,39.00,23.56,15.99,5.19,3.00,3,엄지 굽히기 (Thumb Flex)
304.00,572.00,140.00,572.00,33.00,60.29,52.34,133.74,135.83,93.81,83.24,30.35,40.00,42.51,124.23,313.76,313.16,107.55,90.60,169.95,27.00,30.33,43.25,62.58,10.00,45.29,51.27,129.12,12.00,30.91,72.26,286.50,259.35,170.82,46.61,210.29,149.00,20.66,26.15,28.52,37.95,23.52,18.56,2.56,6.00,3,엄지 굽히기 (Thumb Flex)
320.00,594.00,135.00,594.00,39.00,44.30,67.62,146.27,119.94,78.62,71.38,26.04,56.00,56.49,143.34,329.18,291.17,85.72,99.80,154.07,5.00,21.49,35.92,66.64,18.97,36.78,54.86,128.47,2.00,23.96,93.10,308.46,238.21,151.84,59.71,198.99,127.00,18.32,23.53,25.70,40.80,26.36,19.60,1.05,9.00,3,엄지 굽히기 (Thumb Flex)
320.00,572.00,174.00,616.00,28.00,66.84,59.43,126.32,125.23,64.82,75.84,41.85,80.00,21.51,104.06,291.11,292.75,85.55,140.87,144.49,37.00,60.23,74.89,96.30,48.47,20.91,56.01,118.09,37.00,97.04,102.19,279.08,230.98,89.15,122.21,134.82,21.00,16.45,21.60,24.38,40.26,25.12,20.38,2.05,7.00,3,엄지 굽히기 (Thumb Flex)
336.00,583.00,135.00,561.00,26.00,108.55,95.70,145.70,81.01,49.49,38.32,11.42,32.00,47.10,101.05,302.30,230.23,25.06,96.17,139.38,26.00,30.79,55.83,71.92,47.43,53.91,52.83,106.12,70.00,60.88,48.36,232.15,285.41,138.10,147.00,104.96,34.00,16.45,21.60,24.38,40.26,25.12,20.38,2.05,7.00,3,엄지 굽히기 (Thumb Flex)
320.00,561.00,130.00,540.00,36.00,84.75,57.00,105.62,106.96,24.22,9.00,45.50,9.00,58.41,50.13,215.05,257.65,69.66,143.06,145.36,114.00,36.70,52.80,67.78,38.08,58.51,48.17,100.61,80.00,96.43,40.08,173.13,304.73,101.52,174.78,166.65,42.00,24.97,21.12,15.44,39.01,16.27,12.88,7.04,16.00,3,엄지 굽히기 (Thumb Flex)
296.00,572.00,125.00,561.00,39.00,89.37,55.11,105.90,89.00,55.60,36.29,27.43,23.00,147.14,64.48,184.98,183.63,75.22,54.60,171.54,25.00,34.50,65.95,82.78,35.00,51.24,34.77,88.99,95.00,182.49,127.58,223.77,225.38,56.39,90.19,79.27,46.00,27.40,19.51,15.00,36.01,17.02,13.31,4.29,13.00,3,엄지 굽히기 (Thumb Flex)
296.00,605.00,135.00,627.00,42.00,94.82,62.06,113.70,81.88,52.07,29.78,26.81,15.00,126.64,63.86,166.22,198.71,96.37,45.74,189.90,3.00,32.42,43.20,76.11,60.00,26.24,11.89,66.00,120.00,74.30,100.72,124.02,301.54,70.82,48.30,43.25,163.00,23.19,30.23,6.89,37.36,11.48,12.25,9.10,2.00,3,엄지 굽히기 (Thumb Flex)
328.00,616.00,140.00,616.00,45.00,54.58,22.08,94.99,72.44,91.62,53.30,46.16,32.00,90.68,152.06,102.02,148.37,125.69,80.45,96.29,99.00,33.23,44.70,71.78,60.21,24.67,12.64,61.01,125.00,68.40,161.58,159.44,264.20,94.42,16.72,21.78,98.00,26.58,37.99,2.11,28.79,20.33,17.97,0.12,11.00,3,엄지 굽히기 (Thumb Flex)
288.00,572.00,120.00,500.00,24.00,54.58,22.08,94.99,72.44,91.62,53.30,46.16,32.00,82.99,133.56,88.37,169.54,146.75,89.29,74.38,121.00,47.85,40.70,56.96,80.16,14.32,10.06,80.31,105.00,66.67,91.47,79.19,349.11,185.85,106.08,114.16,4.00,18.29,36.09,11.43,34.83,28.36,29.92,11.93,23.00,3,엄지 굽히기 (Thumb Flex)
296.00,551.00,125.00,561.00,48.00,78.56,13.52,76.30,78.79,102.84,44.64,47.56,8.00,69.11,138.28,27.15,165.47,153.08,123.04,135.20,56.00,52.76,37.48,59.33,80.00,19.04,10.17,76.31,110.00,100.40,117.45,113.09,332.57,181.56,83.88,69.81,59.00,23.40,32.11,9.65,39.66,27.36,34.16,17.63,29.00,3,엄지 굽히기 (Thumb Flex)
296.00,594.00,162.00,638.00,31.00,108.49,30.12,93.02,51.22,71.76,35.62,36.15,40.00,75.97,178.56,56.92,122.00,109.27,79.04,103.84,100.00,31.57,59.35,37.66,102.00,37.06,31.26,68.20,132.00,91.72,95.52,94.15,354.04,202.56,98.84,65.84,81.00,15.45,40.06,3.91,35.85,19.96,35.57,24.48,37.00,3,엄지 굽히기 (Thumb Flex)
352.00,583.00,156.00,500.00,18.00,72.27,60.66,37.62,104.00,91.05,50.92,61.32,104.00,80.61,149.98,38.33,131.59,97.89,61.11,100.45,132.00,22.84,85.42,44.43,106.61,48.75,19.14,70.23,101.00,93.75,120.09,93.03,361.58,222.62,128.81,81.72,111.00,4.40,50.81,9.17,48.08,30.97,43.29,18.58,24.00,3,엄지 굽히기 (Thumb Flex)
296.00,520.00,186.00,594.00,22.00,72.27,60.66,37.62,104.00,91.05,50.92,61.32,104.00,63.98,161.13,24.82,160.37,124.60,78.45,117.17,163.00,68.55,112.44,95.00,59.68,15.78,35.23,90.96,152.00,104.34,116.41,122.81,330.14,212.14,153.20,112.30,144.00,14.41,56.12,19.00,53.85,34.54,29.30,20.74,38.00,3,엄지 굽히기 (Thumb Flex)
328.00,510.00,186.00,530.00,11.00,76.54,64.77,45.60,96.66,92.32,46.95,63.40,112.00,95.56,170.73,106.37,236.48,88.24,49.58,60.69,35.00,129.22,126.86,127.34,59.17,45.31,52.85,46.54,91.00,69.10,80.89,88.30,313.10,116.94,191.03,209.18,241.00,48.38,57.09,37.55,30.46,2.39,58.90,37.79,4.00,3,엄지 굽히기 (Thumb Flex)
352.00,627.00,105.00,561.00,48.00,90.42,63.71,53.01,104.31,105.95,62.27,66.43,96.00,83.61,178.89,102.31,251.10,110.24,66.66,65.13,13.00,86.85,150.21,154.49,30.00,79.26,103.47,35.71,40.00,95.79,71.52,163.82,236.14,174.77,215.38,142.78,164.00,42.96,59.96,38.82,36.06,8.10,61.68,43.70,2.00,3,엄지 굽히기 (Thumb Flex)
288.00,572.00,174.00,638.00,33.00,66.53,81.65,68.79,85.04,125.67,83.84,83.96,72.00,103.44,128.55,58.96,214.61,140.77,95.04,84.37,42.00,127.96,87.48,95.74,34.00,92.97,152.68,76.22,24.00,97.94,122.35,140.99,245.88,178.85,290.03,123.79,87.00,44.96,57.05,35.83,37.16,10.01,60.98,46.63,5.00,3,엄지 굽히기 (Thumb Flex)
336.00,616.00,145.00,594.00,33.00,97.67,50.34,42.68,68.35,124.74,100.68,115.20,40.00,102.31,171.15,102.08,181.02,129.41,105.94,105.94,86.00,130.50,83.19,96.53,34.37,95.90,151.57,73.12,19.00,115.10,143.95,161.17,224.85,196.64,271.81,116.17,109.00,44.96,57.05,35.83,37.16,10.01,60.98,46.63,5.00,3,엄지 굽히기 (Thumb Flex)
320.00,572.00,140.00,572.00,36.00,97.67,50.34,42.68,68.35,124.74,100.68,115.20,40.00,92.05,160.41,99.16,197.08,108.53,101.05,114.63,108.00,131.38,82.18,101.42,29.43,91.07,148.90,74.51,24.00,93.76,132.59,146.63,232.54,215.35,268.99,104.17,131.00,44.97,56.37,37.78,36.06,7.02,58.05,48.30,8.00,3,엄지 굽히기 (Thumb Flex)
304.00,627.00,92.00,561.00,51.00,89.69,48.65,26.69,64.50,137.49,113.43,102.39,56.00,136.31,151.57,53.68,236.76,81.96,67.06,132.15,163.00,167.97,75.73,87.94,91.71,114.76,71.76,106.30,106.00,39.70,158.40,180.03,183.20,229.29,237.44,150.78,76.00,57.21,47.76,17.88,58.25,21.04,49.73,57.97,31.00,3,엄지 굽히기 (Thumb Flex)
273.00,561.00,120.00,561.00,42.00,106.78,47.46,59.25,8.06,163.25,52.66,143.25,7.00,114.47,167.62,74.81,223.57,100.68,47.73,136.91,185.00,181.40,72.60,102.87,88.12,100.39,86.27,101.33,91.00,39.70,158.40,180.03,183.20,229.29,237.44,150.78,76.00,72.04,35.92,28.24,57.14,16.27,42.42,56.51,15.00,3,엄지 굽히기 (Thumb Flex)
296.00,551.00,145.00,572.00,26.00,127.29,51.34,78.63,32.02,139.88,65.65,133.52,17.00,104.84,177.59,76.98,231.87,93.15,57.58,138.22,175.00,166.42,84.83,96.90,102.96,100.29,95.02,104.27,76.00,61.78,134.31,182.70,156.24,218.49,265.70,120.97,108.00,62.05,45.89,20.43,67.12,26.09,33.83,61.45,5.00,3,엄지 굽히기 (Thumb Flex)
336.00,605.00,140.00,605.00,33.00,87.60,76.03,93.11,50.45,139.90,75.13,141.51,57.00,132.18,158.03,104.78,215.57,109.24,81.52,158.25,142.00,152.35,99.52,108.52,102.00,86.21,97.62,95.80,91.00,93.41,141.69,225.84,135.42,185.98,255.03,154.62,64.00,56.71,50.58,23.53,67.74,23.56,39.75,56.56,11.00,3,엄지 굽히기 (Thumb Flex)
336.00,605.00,156.00,638.00,45.00,49.72,115.88,132.62,81.88,101.61,94.23,118.47,17.00,132.18,158.03,104.78,215.57,109.24,81.52,158.25,142.00,137.94,112.68,127.01,81.01,101.98,80.27,113.32,70.00,99.96,151.62,231.97,145.78,196.31,248.77,148.92,75.00,58.65,50.22,20.65,70.71,25.90,41.59,53.66,14.00,3,엄지 굽히기 (Thumb Flex)
304.00,594.00,125.00,530.00,22.00,68.24,101.79,128.54,95.67,87.27,118.15,101.24,7.00,128.19,139.78,113.40,206.93,108.41,95.79,136.28,164.00,143.22,114.16,128.79,82.57,99.22,65.40,128.20,55.00,111.67,77.11,287.46,143.41,218.27,165.31,162.76,161.00,55.70,39.65,32.26,71.20,47.14,45.62,30.96,37.00,3,엄지 굽히기 (Thumb Flex)
312.00,540.00,145.00,551.00,26.00,57.94,98.61,107.72,79.20,103.48,137.19,80.40,31.00,140.84,108.25,145.27,237.19,78.81,63.80,166.81,132.00,144.98,94.95,104.51,107.20,75.53,54.27,152.43,30.00,76.96,93.68,242.02,95.34,188.45,122.52,203.17,212.00,54.82,41.37,32.90,69.23,47.40,44.97,29.34,39.00,3,엄지 굽히기 (Thumb Flex)
320.00,561.00,156.00,605.00,39.00,65.52,83.13,89.02,99.36,82.38,134.83,104.04,7.00,133.12,114.13,142.50,234.35,71.58,57.30,174.78,122.00,163.32,63.95,88.96,115.95,99.57,47.21,128.47,61.00,49.73,96.07,251.30,120.24,232.16,134.46,160.10,168.00,61.75,32.75,23.91,68.12,39.96,37.20,25.97,48.00,3,엄지 굽히기 (Thumb Flex)
304.00,594.00,162.00,649.00,31.00,71.93,75.29,92.18,103.46,81.41,129.36,96.30,15.00,133.12,114.13,142.50,234.35,71.58,57.30,174.78,122.00,163.32,63.95,88.96,115.95,99.57,47.21,128.47,61.00,43.03,91.32,262.26,128.43,229.26,138.60,170.97,179.00,61.75,32.75,23.91,68.12,39.96,37.20,25.97,48.00,3,엄지 굽히기 (Thumb Flex)
369.00,661.00,130.00,583.00,33.00,88.61,61.72,109.16,89.64,97.69,146.34,110.27,2.00,55.64,71.32,213.25,265.85,149.57,128.55,202.03,44.00,137.40,68.64,65.86,128.71,125.13,73.15,131.71,35.00,54.14,34.96,309.62,98.00,169.88,67.69,108.71,96.00,46.95,31.32,17.75,68.88,40.86,47.17,22.08,33.00,3,엄지 굽히기 (Thumb Flex)
296.00,530.00,156.00,572.00,31.00,88.61,61.72,109.16,89.64,97.69,146.34,110.27,2.00,47.54,63.44,213.92,257.40,146.14,119.95,200.75,54.00,109.16,62.91,76.82,105.38,112.19,54.63,139.92,65.00,43.42,53.25,319.92,120.00,148.64,45.70,105.88,74.00,39.72,26.90,9.71,60.02,48.38,47.42,26.44,42.00,3,엄지 굽히기 (Thumb Flex)
312.00,583.00,115.00,540.00,33.00,76.07,52.49,121.46,77.79,106.55,146.44,107.84,14.00,65.64,10.87,153.05,226.15,102.51,153.93,193.07,19.00,77.10,54.14,147.28,76.03,75.25,74.65,103.53,6.00,43.63,43.88,310.00,120.42,147.87,38.97,109.86,64.00,35.53,11.12,14.53,60.02,33.64,32.99,13.08,20.00,3,엄지 굽히기 (Thumb Flex)
328.00,594.00,174.00,696.00,48.00,69.22,30.27,142.71,62.77,83.57,129.44,103.01,10.00,35.47,22.97,183.05,194.88,69.51,154.96,185.65,52.00,86.51,97.15,142.74,7.28,16.71,102.56,82.29,75.00,130.91,125.11,304.15,255.20,62.48,135.28,90.13,199.00,35.53,11.12,14.53,60.02,33.64,32.99,13.08,20.00,3,엄지 굽히기 (Thumb Flex)
352.00,672.00,135.00,638.00,31.00,80.99,93.54,159.28,33.53,102.08,65.68,92.71,74.00,135.02,82.60,208.37,247.75,96.07,123.76,159.95,152.00,88.93,59.60,104.99,41.59,22.49,108.64,79.17,114.00,130.91,125.11,304.15,255.20,62.48,135.28,90.13,199.00,33.99,13.08,15.48,60.42,31.72,34.77,14.65,22.00,3,엄지 굽히기 (Thumb Flex)
344.00,627.00,105.00,551.00,48.00,83.01,98.88,167.26,26.00,94.29,72.16,94.75,66.00,145.43,91.78,219.32,239.74,86.33,131.37,164.12,141.00,118.17,56.10,85.31,52.63,39.59,131.03,96.41,74.00,118.40,118.37,281.88,298.17,98.04,153.20,105.81,156.00,48.46,13.42,2.51,45.88,33.67,42.07,29.46,37.00,3,엄지 굽히기 (Thumb Flex)
273.00,551.00,140.00,551.00,31.00,98.99,110.48,158.59,61.85,98.77,93.27,129.88,19.00,130.24,89.26,214.21,254.81,91.21,152.37,179.96,120.00,118.17,56.10,85.31,52.63,39.59,131.03,96.41,74.00,125.59,134.30,295.81,298.20,101.62,132.80,89.36,177.00,43.54,8.53,3.06,44.72,38.67,41.80,34.29,42.00,3,엄지 굽히기 (Thumb Flex)
312.00,572.00,156.00,594.00,31.00,92.48,102.93,151.37,65.37,106.76,92.99,137.72,11.00,122.18,133.81,261.67,221.43,36.34,120.37,128.10,175.00,55.90,17.93,40.21,105.31,82.05,93.44,34.27,138.00,103.87,101.67,265.17,331.18,134.45,105.58,59.42,210.00,28.98,13.32,20.19,25.30,35.48,57.64,21.68,22.00,3,엄지 굽히기 (Thumb Flex)
344.00,638.00,135.00,638.00,48.00,29.58,49.00,108.71,131.94,99.64,151.48,69.60,82.00,111.34,64.03,209.03,289.68,67.42,163.10,51.12,252.00,45.86,32.77,52.57,100.42,71.09,88.48,49.27,123.00,57.31,85.05,276.89,342.50,120.04,136.81,136.06,133.00,30.79,8.37,19.64,24.08,41.28,63.48,22.68,16.00,3,엄지 굽히기 (Thumb Flex)
304.00,583.00,145.00,594.00,28.00,22.88,52.04,114.45,130.23,91.72,143.94,75.40,74.00,109.78,67.47,227.46,278.30,47.25,131.10,81.84,220.00,45.86,32.77,52.57,100.42,71.09,88.48,49.27,123.00,49.02,104.27,298.79,321.29,99.01,140.51,115.46,155.00,30.87,8.60,21.54,22.09,40.14,62.43,21.46,18.00,3,엄지 굽히기 (Thumb Flex)
328.00,605.00,115.00,561.00,33.00,30.66,44.53,107.24,138.10,87.86,140.76,79.25,66.00,109.78,67.47,227.46,278.30,47.25,131.10,81.84,220.00,48.42,39.01,63.93,97.01,46.12,112.83,35.92,148.00,81.83,64.27,280.95,336.01,77.33,179.70,89.81,199.00,30.87,8.60,21.54,22.09,40.14,62.43,21.46,18.00,3,엄지 굽히기 (Thumb Flex)
296.00,540.00,151.00,605.00,36.00,70.35,17.56,117.08,136.94,68.68,130.41,83.11,106.00,159.20,23.13,229.42,265.75,26.02,145.17,72.43,285.00,48.54,43.91,68.77,92.01,48.00,110.15,35.75,143.00,114.62,65.23,306.14,305.94,55.50,149.44,96.98,166.00,37.38,2.07,26.93,13.15,31.36,54.90,30.37,9.00,3,엄지 굽히기 (Thumb Flex)
336.00,627.00,135.00,594.00,28.00,44.36,24.10,85.09,168.76,37.21,107.18,107.21,138.00,126.79,21.74,197.34,298.67,57.09,137.69,96.87,318.00,52.52,36.14,68.01,92.44,41.90,112.94,33.59,133.00,56.65,31.99,252.27,338.51,11.28,142.09,115.99,102.00,31.66,4.27,21.51,13.60,31.08,48.99,36.18,3.00,3,엄지 굽히기 (Thumb Flex)
344.00,594.00,168.00,649.00,39.00,44.40,43.94,79.76,174.72,61.93,139.12,76.31,106.00,74.30,58.45,170.21,299.93,71.83,183.06,45.74,264.00,71.88,42.41,89.68,69.58,64.68,92.89,48.50,156.00,84.17,85.03,291.79,264.76,88.40,90.01,137.14,200.00,18.70,15.69,26.27,4.00,19.33,57.36,26.73,16.00,3,엄지 굽히기 (Thumb Flex)
320.00,583.00,120.00,551.00,33.00,44.40,43.94,79.76,174.72,61.93,139.12,76.31,106.00,59.25,70.09,186.40,278.09,51.03,162.16,67.68,286.00,36.13,11.16,72.33,82.38,82.29,58.24,83.73,192.00,33.66,77.71,238.89,306.89,122.21,56.96,184.52,254.00,24.15,13.54,20.47,10.00,14.82,57.69,25.81,22.00,3,엄지 굽히기 (Thumb Flex)
304.00,561.00,135.00,572.00,33.00,44.40,43.94,79.76,174.72,61.93,139.12,76.31,106.00,74.16,80.06,157.78,284.02,60.84,150.84,99.46,319.00,11.50,16.64,94.76,61.55,97.40,73.84,57.81,165.00,44.40,148.29,238.32,269.63,163.33,130.45,107.59,177.00,22.76,12.49,20.77,10.20,15.79,56.46,26.57,24.00,3,엄지 굽히기 (Thumb Flex)
328.00,627.00,140.00,638.00,45.00,3.53,84.43,103.52,135.77,48.35,115.84,58.72,65.00,89.92,113.17,167.19,251.10,28.10,136.63,74.36,285.00,17.97,13.86,87.16,69.20,106.93,74.42,50.85,155.00,28.24,103.24,185.32,321.29,215.28,178.82,58.59,122.00,21.78,3.66,12.68,22.09,4.46,68.37,19.63,12.00,3,엄지 굽히기 (Thumb Flex)
328.00,616.00,145.00,627.00,39.00,35.52,62.63,75.06,150.10,79.20,86.07,73.46,33.00,106.86,63.71,81.20,286.31,90.82,71.10,95.99,199.00,15.41,9.28,84.01,76.38,108.60,68.22,48.66,144.00,80.55,115.28,155.65,308.45,216.65,167.08,98.42,177.00,27.03,6.06,4.69,22.80,8.11,62.32,25.87,20.00,3,엄지 굽히기 (Thumb Flex)
320.00,583.00,151.00,583.00,24.00,42.99,64.77,76.83,143.39,74.96,93.63,66.52,41.00,106.86,63.71,81.20,286.31,90.82,71.10,95.99,199.00,31.68,42.64,119.67,56.30,81.32,34.55,68.57,108.00,122.92,156.65,187.64,266.01,175.19,142.10,80.64,134.00,18.80,9.04,11.29,31.58,11.06,62.68,34.77,29.00,3,엄지 굽히기 (Thumb Flex)
336.00,561.00,135.00,540.00,28.00,49.28,72.05,84.78,139.09,70.31,90.31,74.43,33.00,74.49,31.23,63.21,305.22,109.80,100.92,63.06,232.00,29.41,25.15,106.30,23.60,46.25,10.84,106.04,69.00,79.81,84.83,94.51,284.15,142.04,44.37,189.24,22.00,2.48,29.01,22.81,40.46,26.48,48.67,16.27,9.00,3,엄지 굽히기 (Thumb Flex)
320.00,561.00,162.00,594.00,31.00,42.05,43.96,74.91,112.93,39.27,106.83,105.73,1.00,39.27,85.55,47.82,227.50,38.38,115.71,172.04,121.00,14.99,15.85,84.91,48.08,58.39,37.64,132.74,42.00,120.27,124.97,135.37,244.18,98.22,71.85,145.28,22.00,2.48,29.01,22.81,40.46,26.48,48.67,16.27,9.00,3,엄지 굽히기 (Thumb Flex)
336.00,594.00,151.00,583.00,31.00,46.60,43.63,81.99,108.00,40.56,98.88,99.08,9.00,72.20,114.32,67.05,201.42,8.56,83.13,144.09,154.00,44.23,42.94,47.17,56.04,19.61,30.46,95.80,88.00,88.37,97.02,117.15,260.17,87.44,103.57,115.65,54.00,16.62,33.16,7.83,32.28,25.40,36.45,21.01,8.00,3,엄지 굽히기 (Thumb Flex)
328.00,583.00,168.00,627.00,31.00,26.46,36.98,54.33,71.55,33.56,65.30,83.65,64.00,45.35,107.64,83.31,182.24,23.65,59.40,129.97,186.00,67.79,60.32,64.59,36.72,22.45,5.43,109.95,60.00,41.30,110.66,175.22,200.82,47.11,81.72,176.15,22.00,16.62,33.16,7.83,32.28,25.40,36.45,21.01,8.00,3,엄지 굽히기 (Thumb Flex)
304.00,561.00,125.00,540.00,31.00,26.32,38.82,47.54,78.79,31.07,69.03,87.19,72.00,50.95,100.74,72.93,191.56,30.20,61.66,130.91,197.00,52.44,65.49,39.36,65.52,30.88,26.09,121.42,29.00,55.96,59.80,135.44,242.03,23.14,129.01,214.02,76.00,16.62,33.16,7.83,32.28,25.40,36.45,21.01,8.00,3,엄지 굽히기 (Thumb Flex)
296.00,572.00,115.00,551.00,42.00,65.32,84.63,27.18,73.76,78.71,25.41,58.24,24.00,92.37,36.79,96.86,167.29,82.24,31.31,113.59,131.00,58.27,84.41,51.04,63.03,42.15,20.12,120.91,49.00,120.72,35.31,191.64,203.57,102.86,59.05,190.30,11.00,19.00,27.44,13.43,26.57,25.39,30.51,15.42,2.00,3,엄지 굽히기 (Thumb Flex)
288.00,561.00,168.00,572.00,22.00,81.31,98.38,43.14,58.24,72.87,41.40,70.04,40.00,106.54,18.08,117.91,145.78,69.34,44.80,123.54,153.00,43.56,65.10,31.18,86.02,63.85,41.01,132.54,72.00,136.50,56.94,211.22,182.49,92.84,58.55,184.31,11.00,20.84,25.43,17.79,25.18,30.77,34.37,19.96,8.00,3,엄지 굽히기 (Thumb Flex)
336.00,583.00,151.00,616.00,33.00,74.08,96.38,40.32,60.93,79.32,47.22,77.78,48.00,116.68,28.96,122.64,152.28,58.19,22.97,106.52,131.00,27.22,70.49,54.15,94.02,69.42,19.37,104.09,36.00,122.14,50.27,221.25,174.00,137.93,52.09,159.25,66.00,20.84,25.43,17.79,25.18,30.77,34.37,19.96,8.00,3,엄지 굽히기 (Thumb Flex)
320.00,561.00,140.00,540.00,26.00,61.18,111.25,61.07,40.00,60.60,50.99,54.18,24.00,114.97,8.42,139.39,132.91,37.19,20.33,87.15,110.00,32.42,60.39,45.47,104.18,80.42,28.20,93.91,25.00,117.59,24.96,156.58,239.00,192.43,66.98,126.41,131.00,19.96,35.24,8.04,28.18,28.70,28.04,23.85,18.00,3,엄지 굽히기 (Thumb Flex)
304.00,572.00,125.00,540.00,31.00,69.52,79.27,43.85,64.50,78.76,81.52,33.47,8.00,106.29,58.74,98.00,121.00,52.32,74.19,32.32,55.00,41.36,51.08,49.70,108.23,77.37,18.77,103.91,35.00,119.97,59.76,138.30,245.02,204.17,87.10,166.78,77.00,20.86,32.84,10.29,30.87,25.91,25.13,24.66,21.00,3,엄지 굽히기 (Thumb Flex)
312.00,551.00,168.00,605.00,33.00,79.45,59.77,71.67,56.00,50.65,56.67,45.97,24.00,102.29,91.47,124.34,78.00,24.06,48.92,74.68,98.00,41.36,51.08,49.70,108.23,77.37,18.77,103.91,35.00,122.71,85.63,177.15,202.34,160.22,43.47,124.19,121.00,17.26,34.05,13.03,28.86,22.07,20.17,25.00,27.00,3,엄지 굽히기 (Thumb Flex)
328.00,638.00,125.00,627.00,45.00,78.88,57.69,66.25,64.00,53.12,57.69,49.38,32.00,128.71,94.35,77.16,95.44,76.62,88.92,125.66,153.00,36.76,49.30,48.68,110.54,73.12,17.35,100.38,30.00,153.66,110.33,132.20,234.36,144.67,47.08,49.11,197.00,27.70,41.13,3.88,17.46,30.40,22.32,25.33,39.00,3,엄지 굽히기 (Thumb Flex)
304.00,572.00,135.00,551.00,31.00,78.88,57.69,66.25,64.00,53.12,57.69,49.38,32.00,138.57,104.43,81.18,86.68,71.43,78.40,117.35,142.00,36.76,49.30,48.68,110.54,73.12,17.35,100.38,30.00,135.81,89.46,118.68,252.10,164.58,67.68,34.63,218.00,25.70,39.13,2.34,18.36,32.14,24.22,25.16,41.00,3,엄지 굽히기 (Thumb Flex)
304.00,572.00,130.00,561.00,36.00,64.64,81.36,42.39,88.00,49.08,34.48,60.40,8.00,83.68,57.68,26.35,128.80,116.20,72.49,106.60,87.00,41.33,58.89,41.02,115.66,63.38,27.28,100.68,40.00,62.30,55.38,47.57,299.17,129.56,66.60,89.50,141.00,17.70,33.15,6.75,11.40,34.27,16.77,30.11,32.00,3,엄지 굽히기 (Thumb Flex)
312.00,616.00,125.00,594.00,48.00,53.22,91.88,41.31,89.44,34.29,43.88,47.13,24.00,83.68,57.68,26.35,128.80,116.20,72.49,106.60,87.00,49.23,71.00,51.89,99.49,77.01,21.23,108.52,20.00,29.42,83.80,64.10,276.29,104.32,34.71,70.13,174.00,23.93,32.98,8.42,19.31,43.27,18.61,38.37,23.00,3,엄지 굽히기 (Thumb Flex)
304.00,594.00,162.00,638.00,33.00,39.77,93.26,56.89,73.76,47.61,46.71,62.63,8.00,92.33,50.64,18.76,138.31,120.12,61.97,98.70,98.00,48.16,72.04,41.75,106.79,74.19,30.67,117.22,9.00,83.73,37.83,23.88,319.58,57.07,27.33,86.71,229.00,29.45,28.30,17.10,18.11,40.51,10.53,29.37,32.00,3,엄지 굽히기 (Thumb Flex)
336.00,605.00,140.00,594.00,24.00,39.77,93.26,56.89,73.76,47.61,46.71,62.63,8.00,121.27,10.48,25.72,123.17,76.13,90.72,140.10,54.00,50.35,76.17,42.31,103.25,79.09,26.03,112.37,14.00,133.88,69.57,75.03,292.04,63.48,28.19,49.37,175.00,28.16,32.06,16.74,22.09,43.87,6.62,25.80,36.00,3,엄지 굽히기 (Thumb Flex)
344.00,561.00,140.00,561.00,33.00,63.67,116.98,73.06,50.60,70.90,25.52,44.34,32.00,121.27,10.48,25.72,123.17,76.13,90.72,140.10,54.00,35.98,54.84,21.40,120.00,93.06,27.29,90.66,36.00,110.42,37.98,63.59,321.97,52.14,58.87,34.13,142.00,27.97,30.29,14.89,22.00,45.51,5.90,24.60,38.00,3,엄지 굽히기 (Thumb Flex)
296.00,540.00,135.00,520.00,31.00,33.12,88.46,41.73,73.76,98.96,45.07,49.73,72.00,128.80,62.94,72.66,124.91,52.56,130.85,96.17,108.00,25.60,49.31,14.25,111.14,100.31,12.99,104.46,20.00,109.91,60.17,122.47,302.29,113.61,60.68,84.25,205.00,27.97,30.29,14.89,22.00,45.51,5.90,24.60,38.00,3,엄지 굽히기 (Thumb Flex)
304.00,605.00,151.00,672.00,39.00,37.99,94.82,57.82,60.93,107.31,21.96,33.26,48.00,115.03,51.76,61.34,146.32,33.05,152.46,89.72,130.00,16.54,60.34,30.66,96.83,83.54,29.95,94.59,37.00,89.02,17.30,101.77,346.35,142.12,105.13,129.24,250.00,22.62,34.77,19.31,23.41,37.66,13.82,27.14,46.00,3,엄지 굽히기 (Thumb Flex)
344.00,627.00,140.00,638.00,42.00,24.89,59.85,30.07,98.95,147.24,37.55,24.58,8.00,69.56,99.33,117.65,172.79,95.61,126.72,99.65,64.00,27.60,45.35,25.86,89.01,81.71,41.61,93.45,52.00,82.50,96.11,188.26,341.50,199.17,66.84,55.31,152.00,14.63,45.74,29.81,13.60,44.90,8.84,20.13,35.00,3,엄지 굽히기 (Thumb Flex)
312.00,605.00,125.00,551.00,24.00,29.70,44.05,43.19,96.33,142.68,22.18,26.53,24.00,49.86,131.28,142.61,146.66,94.50,110.99,101.76,97.00,37.52,39.30,35.12,80.26,72.71,40.54,90.06,42.00,82.50,96.11,188.26,341.50,199.17,66.84,55.31,152.00,31.20,34.26,32.42,28.23,42.01,25.22,12.93,17.00,3,엄지 굽히기 (Thumb Flex)
304.00,520.00,156.00,583.00,36.00,36.22,37.38,56.50,80.40,130.08,32.17,18.34,8.00,84.04,114.63,157.51,176.48,134.59,75.32,129.94,138.00,26.25,38.34,28.66,74.85,63.98,49.86,82.97,30.00,80.67,98.64,183.87,340.65,198.87,77.59,60.48,141.00,17.40,33.20,18.43,36.07,29.94,37.89,16.99,3.00,3,엄지 굽히기 (Thumb Flex)
336.00,638.00,125.00,605.00,36.00,36.22,37.38,56.50,80.40,130.08,32.17,18.34,8.00,29.16,99.19,102.97,215.10,170.61,22.45,183.22,193.00,20.66,29.11,50.42,51.87,58.29,24.75,105.42,56.00,86.42,104.35,194.87,329.67,188.76,84.17,69.80,130.00,15.06,31.47,17.70,38.29,32.56,36.74,16.24,6.00,3,엄지 굽히기 (Thumb Flex)
336.00,638.00,140.00,638.00,45.00,37.31,53.05,41.37,96.33,132.39,25.34,10.29,8.00,49.62,68.53,113.41,271.02,208.97,85.68,108.41,116.00,20.66,29.11,50.42,51.87,58.29,24.75,105.42,56.00,53.30,20.65,180.69,349.86,135.96,123.26,167.49,32.00,18.52,13.48,35.27,29.61,39.25,33.65,22.01,13.00,3,엄지 굽히기 (Thumb Flex)
304.00,572.00,151.00,594.00,31.00,37.31,53.05,41.37,96.33,132.39,25.34,10.29,8.00,49.62,68.53,113.41,271.02,208.97,85.68,108.41,116.00,10.45,55.10,64.52,33.62,78.75,28.56,81.18,30.00,79.71,38.30,233.16,299.64,99.90,132.70,117.99,86.00,18.52,13.48,35.27,29.61,39.25,33.65,22.01,13.00,3,엄지 굽히기 (Thumb Flex)
320.00,530.00,156.00,530.00,22.00,34.21,54.97,45.07,88.36,136.94,17.50,7.93,16.00,34.79,89.48,109.12,287.96,208.02,93.23,119.46,137.00,13.13,47.20,53.46,24.04,77.72,29.26,73.49,18.00,82.29,66.27,200.44,336.54,28.15,203.80,91.51,161.00,7.54,21.15,41.81,29.43,38.76,44.60,24.77,2.00,3,엄지 굽히기 (Thumb Flex)
320.00,561.00,130.00,520.00,36.00,39.76,59.04,37.20,88.00,132.94,15.06,9.92,24.00,78.09,155.63,180.40,251.87,139.78,30.79,125.96,60.00,8.93,46.67,53.46,27.80,73.11,27.12,72.45,13.00,179.06,171.99,291.45,256.63,105.82,123.59,110.57,54.00,2.81,24.53,50.34,20.62,30.26,38.16,18.81,11.00,3,엄지 굽히기 (Thumb Flex)
304.00,627.00,145.00,661.00,39.00,39.76,59.04,37.20,88.00,132.94,15.06,9.92,24.00,23.42,143.85,151.46,304.01,98.55,29.05,169.54,5.00,3.18,39.80,44.61,23.09,80.60,36.47,70.97,23.00,70.61,132.66,221.96,347.33,162.05,180.38,178.21,56.00,5.68,27.43,50.18,23.85,25.31,39.52,13.16,19.00,3,엄지 굽히기 (Thumb Flex)
352.00,627.00,151.00,627.00,39.00,8.61,32.98,26.50,100.24,153.62,32.98,50.05,24.00,32.32,185.87,193.89,292.87,86.84,52.15,115.54,60.00,21.56,19.10,30.54,7.07,88.91,20.18,82.67,2.00,44.53,185.43,268.17,320.66,192.82,114.50,154.59,10.00,8.30,30.33,53.02,21.40,23.67,36.93,15.74,16.00,3,엄지 굽히기 (Thumb Flex)
312.00,572.00,135.00,561.00,31.00,8.61,32.98,26.50,100.24,153.62,32.98,50.05,24.00,15.07,142.86,159.05,336.62,52.03,95.47,72.46,104.00,30.58,11.73,37.62,17.03,79.00,20.84,73.93,12.00,36.77,153.75,239.30,352.10,224.94,96.28,164.97,43.00,12.76,17.98,43.90,34.48,7.20,20.75,32.71,1.00,3,엄지 굽히기 (Thumb Flex)
304.00,551.00,145.00,561.00,22.00,8.61,32.98,26.50,100.24,153.62,32.98,50.05,24.00,57.90,126.15,178.23,335.15,94.02,77.18,109.79,61.00,21.75,18.51,24.04,23.35,76.56,19.98,57.16,29.00,78.36,137.02,261.79,337.93,224.47,101.42,121.47,34.00,23.74,23.35,52.15,30.59,12.74,26.74,22.68,10.00,3,엄지 굽히기 (Thumb Flex)
336.00,605.00,135.00,583.00,36.00,8.61,32.98,26.50,100.24,153.62,32.98,50.05,24.00,57.90,126.15,178.23,335.15,94.02,77.18,109.79,61.00,23.07,19.73,26.56,27.20,72.04,22.42,62.07,24.00,85.87,145.37,272.77,326.96,213.77,105.45,129.22,23.00,13.06,11.38,42.22,42.43,15.62,29.02,17.97,22.00,3,엄지 굽히기 (Thumb Flex)
312.00,649.00,115.00,649.00,61.00,30.88,45.28,20.49,89.44,128.32,64.98,53.83,8.00,59.76,46.11,181.44,349.04,173.21,19.59,112.90,149.00,44.23,24.86,51.25,23.77,92.29,4.90,43.36,49.00,95.65,58.50,256.59,332.03,176.78,190.32,213.72,65.00,24.25,20.38,56.72,47.41,38.37,47.29,28.74,6.00,3,엄지 굽히기 (Thumb Flex)
288.00,551.00,180.00,594.00,20.00,38.84,53.27,17.46,97.32,135.58,59.68,48.31,0.00,70.29,35.13,192.38,338.50,166.20,23.45,105.04,138.00,0.84,52.03,58.14,67.60,96.47,44.56,53.22,94.00,162.76,67.15,325.78,259.76,123.61,135.13,141.42,9.00,13.34,11.34,46.69,57.38,46.57,58.15,35.63,17.00,3,엄지 굽히기 (Thumb Flex)
336.00,551.00,140.00,520.00,18.00,18.37,37.28,49.21,97.32,138.42,70.78,24.67,32.00,17.95,81.45,173.28,357.88,198.34,77.13,59.83,84.00,10.16,41.59,47.33,67.03,88.52,52.15,63.06,105.00,14.98,85.10,253.92,331.25,41.22,214.31,95.32,161.00,8.53,24.46,52.62,68.25,55.68,48.64,33.37,4.00,3,엄지 굽히기 (Thumb Flex)
336.00,540.00,168.00,572.00,26.00,17.99,33.37,46.17,89.44,131.88,78.63,19.37,40.00,77.00,142.86,249.55,281.55,120.82,59.03,144.01,171.00,19.01,58.91,59.30,39.05,63.28,60.56,91.05,133.00,62.10,138.31,309.53,284.29,34.72,148.87,64.68,95.00,24.53,40.01,68.57,56.73,40.29,43.30,27.72,12.00,3,엄지 굽히기 (Thumb Flex)
328.00,583.00,151.00,594.00,28.00,26.52,48.61,35.52,88.00,118.50,92.29,10.94,56.00,98.63,149.77,265.82,270.31,117.94,38.24,122.69,149.00,44.82,66.40,51.87,48.01,64.91,71.56,67.50,107.00,20.94,131.66,277.10,318.06,74.18,128.35,59.83,52.00,20.91,37.89,67.41,59.82,40.23,40.10,26.07,16.00,3,엄지 굽히기 (Thumb Flex)
344.00,594.00,186.00,672.00,33.00,65.65,85.55,8.07,48.00,116.36,89.68,45.32,16.00,52.99,190.90,297.36,208.49,54.85,40.73,78.93,75.00,72.83,64.31,25.56,74.46,90.52,42.36,89.20,137.00,77.84,204.71,320.46,275.63,108.74,121.92,114.34,141.00,22.96,37.20,65.07,61.72,43.05,37.12,24.12,19.00,3,엄지 굽히기 (Thumb Flex)
344.00,605.00,130.00,530.00,24.00,73.41,89.62,15.91,48.66,123.40,83.34,37.45,24.00,56.36,157.91,264.85,230.52,26.15,71.97,88.60,42.00,76.79,61.53,21.15,72.73,86.84,46.84,86.73,132.00,13.98,135.43,248.30,346.84,179.58,108.99,188.83,216.00,29.80,28.05,54.78,71.28,36.20,45.51,35.05,7.00,3,엄지 굽히기 (Thumb Flex)
312.00,561.00,130.00,572.00,42.00,55.75,97.54,25.29,25.30,142.61,59.51,22.16,48.00,95.87,114.77,260.04,184.30,71.56,73.44,57.55,119.00,72.14,71.31,21.99,82.28,90.93,51.14,86.32,122.00,71.13,132.17,251.90,334.44,182.79,156.95,127.32,150.00,31.07,25.06,55.46,69.64,34.34,45.35,32.06,10.00,3,엄지 굽히기 (Thumb Flex)
312.00,605.00,145.00,638.00,45.00,58.60,90.01,18.79,24.00,141.25,55.08,24.09,56.00,83.51,104.75,228.81,214.04,80.19,105.94,59.30,152.00,72.20,76.37,17.87,80.81,84.95,52.95,84.11,128.00,29.39,98.51,209.03,378.27,226.32,200.35,103.63,106.00,32.94,36.68,41.64,81.84,21.02,55.95,20.29,24.00,3,엄지 굽히기 (Thumb Flex)
312.00,583.00,162.00,605.00,28.00,58.86,97.35,17.76,32.00,133.52,57.64,30.35,64.00,106.89,69.08,196.81,198.76,121.52,70.86,81.71,99.00,69.83,75.17,23.73,86.68,83.33,58.47,80.20,134.00,61.26,23.87,174.75,379.56,199.71,166.81,128.24,181.00,37.25,38.94,38.70,79.31,21.81,50.04,23.48,18.00,3,엄지 굽히기 (Thumb Flex)
328.00,594.00,125.00,540.00,28.00,55.52,94.58,25.11,32.98,128.78,65.11,38.23,72.00,136.98,38.87,217.98,166.31,97.39,68.21,53.26,132.00,73.36,72.37,23.23,87.80,87.42,63.10,75.84,139.00,81.26,13.20,190.67,359.70,183.36,157.92,125.06,161.00,29.76,42.20,33.87,86.73,16.26,45.95,26.81,10.00,3,엄지 굽히기 (Thumb Flex)
296.00,510.00,156.00,510.00,20.00,61.30,91.23,20.66,25.30,133.27,72.42,46.04,80.00,20.18,155.13,116.29,183.37,182.89,94.91,67.42,249.00,63.23,83.14,13.68,77.20,96.81,68.27,64.96,150.00,82.35,141.89,101.87,406.78,93.46,58.91,223.65,10.00,10.76,60.69,15.44,81.88,35.07,43.80,30.00,29.00,3,엄지 굽히기 (Thumb Flex)
296.00,551.00,130.00,551.00,28.00,115.76,44.93,71.60,68.35,79.71,72.64,31.25,24.00,59.66,213.44,158.51,120.93,132.88,111.55,43.98,173.00,84.22,66.78,33.71,74.01,96.46,66.83,44.80,171.00,158.35,200.33,172.55,342.03,42.71,122.83,149.27,86.00,4.01,70.08,18.70,71.02,33.55,51.46,22.56,18.00,3,엄지 굽히기 (Thumb Flex)
328.00,594.00,156.00,661.00,42.00,100.22,60.87,63.84,64.50,81.20,87.68,45.53,8.00,38.46,209.90,138.65,137.13,147.38,133.14,62.58,151.00,65.02,70.28,35.96,95.01,78.49,55.72,32.48,192.00,76.27,203.06,134.68,407.41,59.02,218.14,52.09,186.00,9.20,67.87,8.26,70.01,43.98,62.45,14.86,7.00,3,엄지 굽히기 (Thumb Flex)
328.00,627.00,151.00,616.00,33.00,82.41,80.62,82.48,88.36,57.88,67.14,21.53,32.00,53.94,264.16,163.61,106.57,82.06,83.08,14.21,227.00,61.33,67.79,41.96,95.13,83.61,61.33,32.98,186.00,81.80,252.53,185.69,371.62,70.63,194.73,98.65,131.00,18.81,75.14,14.36,59.01,38.11,55.70,24.57,18.00,3,엄지 굽히기 (Thumb Flex)
320.00,572.00,115.00,530.00,39.00,89.17,77.86,69.80,88.36,49.46,66.58,9.48,48.00,21.40,231.41,131.22,139.43,98.31,99.98,44.84,260.00,68.74,86.58,39.20,115.11,83.28,79.87,34.68,166.00,55.12,204.33,156.11,414.95,122.83,223.78,141.31,78.00,21.13,78.14,16.96,59.14,36.17,55.18,21.57,15.00,3,엄지 굽히기 (Thumb Flex)
281.00,540.00,140.00,551.00,33.00,98.04,100.90,85.07,119.27,36.09,47.31,32.47,17.00,87.81,186.55,155.13,170.07,30.38,13.71,76.22,151.00,70.12,65.41,16.67,116.73,62.44,93.53,42.50,141.00,84.33,198.30,232.76,370.79,135.91,126.70,111.79,176.00,24.94,61.42,33.88,31.26,12.05,36.68,12.05,13.00,3,엄지 굽히기 (Thumb Flex)
312.00,594.00,140.00,594.00,33.00,99.69,77.31,62.44,123.23,15.13,26.11,53.23,7.00,49.97,165.49,113.24,206.71,73.29,44.88,119.18,108.00,56.76,80.98,55.37,77.62,33.04,98.33,64.50,101.00,84.33,198.30,232.76,370.79,135.91,126.70,111.79,176.00,14.11,58.67,24.87,32.28,22.05,24.71,24.50,26.00,3,엄지 굽히기 (Thumb Flex)
336.00,627.00,140.00,638.00,54.00,99.69,77.31,62.44,123.23,15.13,26.11,53.23,7.00,67.73,99.17,128.26,251.79,85.55,68.33,59.16,184.00,56.76,80.98,55.37,77.62,33.04,98.33,64.50,101.00,131.50,85.16,286.51,348.14,153.79,188.09,77.71,58.00,23.77,38.09,53.92,10.30,23.91,60.08,12.82,10.00,3,엄지 굽히기 (Thumb Flex)
296.00,583.00,130.00,530.00,22.00,70.26,79.22,29.51,139.09,43.21,59.86,53.16,33.00,109.49,56.63,171.06,222.70,45.02,26.80,79.35,141.00,39.40,55.43,33.99,114.76,70.19,63.51,77.68,63.00,92.02,106.82,246.34,390.13,195.36,195.22,89.31,16.00,20.69,41.59,51.16,13.93,27.42,62.63,16.82,14.00,3,엄지 굽히기 (Thumb Flex)
296.00,551.00,125.00,551.00,39.00,45.56,70.38,8.26,167.29,52.86,54.63,38.29,1.00,78.42,79.04,164.16,248.51,57.35,33.68,95.35,109.00,36.11,31.27,10.16,113.16,68.59,88.86,76.76,89.00,49.05,112.54,247.00,391.39,188.69,219.37,94.24,59.00,27.17,31.27,47.46,14.32,28.81,62.83,27.26,25.00,3,엄지 굽히기 (Thumb Flex)
312.00,605.00,140.00,627.00,48.00,23.16,50.88,40.25,156.21,22.76,35.40,61.07,33.00,87.25,78.19,154.68,254.83,67.99,44.66,98.99,98.00,53.68,18.02,36.86,67.27,27.02,73.63,66.77,43.00,16.56,101.01,290.40,346.57,149.13,174.68,72.04,14.00,35.93,29.32,32.73,28.64,41.34,73.19,17.68,10.00,3,엄지 굽히기 (Thumb Flex)
320.00,616.00,168.00,649.00,33.00,18.88,29.66,54.05,133.15,30.62,57.85,37.69,9.00,93.72,86.26,145.92,263.80,67.14,37.33,99.62,109.00,50.42,21.42,38.19,80.16,18.07,102.99,67.02,5.00,114.85,205.33,239.37,377.00,85.91,107.92,94.56,105.00,40.40,36.82,28.45,28.16,34.98,64.20,19.88,19.00,3,엄지 굽히기 (Thumb Flex)
352.00,649.00,125.00,572.00,31.00,43.20,69.51,77.99,127.00,38.82,94.84,4.53,31.00,145.43,174.11,190.01,225.68,36.24,89.93,95.78,21.00,47.42,17.32,33.27,84.38,22.65,107.87,66.72,0.00,114.85,205.33,239.37,377.00,85.91,107.92,94.56,105.00,39.42,26.39,21.77,39.12,41.23,57.51,23.50,30.00,3,엄지 굽히기 (Thumb Flex)
288.00,572.00,115.00,583.00,51.00,19.29,56.45,57.70,151.00,36.74,108.14,27.87,55.00,132.45,153.68,159.38,257.57,38.81,106.24,102.40,12.00,27.57,33.12,40.14,103.25,37.12,95.07,83.49,30.00,92.68,194.20,194.88,402.34,59.15,54.78,102.79,50.00,37.25,29.26,27.76,39.12,46.95,59.02,25.25,36.00,3,엄지 굽히기 (Thumb Flex)
273.00,551.00,130.00,540.00,28.00,20.96,79.64,77.90,155.96,71.99,118.65,14.90,16.00,139.35,163.07,163.35,251.79,63.57,114.78,108.19,20.00,23.94,64.66,71.67,84.12,18.52,85.06,55.95,2.00,125.09,242.00,223.70,348.21,32.70,117.22,71.09,115.00,37.25,29.26,27.76,39.12,46.95,59.02,25.25,36.00,3,엄지 굽히기 (Thumb Flex)
328.00,594.00,151.00,638.00,42.00,20.96,79.64,77.90,155.96,71.99,118.65,14.90,16.00,139.35,163.07,163.35,251.79,63.57,114.78,108.19,20.00,31.94,52.76,69.56,107.70,43.65,66.09,31.70,28.00,52.71,145.54,129.19,414.04,79.64,190.34,87.09,213.00,25.75,19.28,19.67,40.52,35.31,72.50,23.98,50.00,3,엄지 굽히기 (Thumb Flex)
336.00,605.00,168.00,616.00,31.00,24.62,61.22,87.27,170.42,97.14,84.09,25.55,56.00,68.20,83.66,138.37,258.31,128.06,46.68,47.65,75.00,43.11,59.64,81.13,103.85,38.64,78.05,43.66,16.00,81.82,126.99,163.95,351.14,127.05,193.57,108.00,107.00,15.90,8.88,8.70,30.08,45.33,67.52,28.23,39.00,3,엄지 굽히기 (Thumb Flex)
328.00,616.00,101.00,510.00,28.00,56.59,83.21,119.21,142.84,69.94,94.28,10.23,24.00,46.97,108.88,200.88,196.09,87.67,56.34,95.51,10.00,14.36,30.87,67.95,132.00,63.78,101.87,71.78,13.00,64.89,94.60,124.94,387.29,164.15,230.77,146.07,66.00,15.90,8.88,8.70,30.08,45.33,67.52,28.23,39.00,3,엄지 굽히기 (Thumb Flex)
296.00,540.00,130.00,572.00,48.00,29.03,51.60,112.72,162.73,84.38,90.32,41.72,8.00,74.92,55.30,175.02,219.97,131.21,78.35,149.41,44.00,16.55,17.71,89.64,129.02,48.95,98.31,52.09,13.00,122.03,5.61,150.98,356.29,185.95,152.28,57.60,155.00,10.07,8.00,13.32,35.74,39.90,73.09,34.13,33.00,3,엄지 굽히기 (Thumb Flex)
288.00,561.00,156.00,561.00,26.00,38.95,44.48,149.63,136.24,46.75,120.84,12.53,32.00,139.54,37.81,227.41,168.29,90.01,103.30,90.07,22.00,11.62,14.44,85.81,134.01,52.58,101.88,50.76,18.00,176.60,51.31,205.14,303.16,131.31,170.47,108.10,100.00,16.09,4.28,8.81,34.23,34.87,79.53,40.98,26.00,3,엄지 굽히기 (Thumb Flex)
328.00,627.00,145.00,638.00,48.00,31.59,37.77,144.39,142.84,48.04,128.69,17.35,40.00,87.17,19.61,185.36,210.80,134.12,158.19,75.32,77.00,18.76,16.09,99.51,136.89,28.73,71.90,54.41,12.00,79.32,76.56,207.58,291.91,147.39,173.64,203.62,8.00,11.78,12.28,7.08,25.32,39.57,83.47,48.75,17.00,3,엄지 굽히기 (Thumb Flex)
304.00,605.00,135.00,572.00,28.00,8.73,15.45,156.46,131.52,25.52,117.25,8.69,17.00,61.93,74.49,218.95,182.19,92.64,118.37,74.31,12.00,14.00,13.85,94.64,141.79,31.56,68.60,54.69,17.00,71.87,96.64,228.48,270.98,126.63,183.54,188.56,13.00,11.81,8.33,11.10,26.57,44.43,82.21,52.11,12.00,3,엄지 굽히기 (Thumb Flex)
320.00,605.00,105.00,572.00,42.00,1.72,14.36,164.28,124.33,31.15,114.77,8.75,25.00,67.45,80.68,229.54,171.71,85.67,115.29,74.65,23.00,26.62,43.16,95.53,152.61,9.76,74.06,72.87,18.00,71.65,87.78,219.00,273.72,123.47,204.96,181.79,35.00,16.03,12.00,7.08,35.17,46.75,74.74,56.07,3.00,3,엄지 굽히기 (Thumb Flex)
296.00,551.00,135.00,561.00,36.00,39.95,29.83,161.97,112.15,42.79,82.02,47.05,65.00,41.87,117.79,232.78,164.48,21.97,64.06,129.49,99.00,31.62,47.61,100.45,148.07,4.82,76.10,68.32,13.00,91.37,141.12,278.49,198.18,63.58,146.05,187.50,42.00,7.35,21.44,11.54,35.17,35.71,57.05,61.17,15.00,3,엄지 굽히기 (Thumb Flex)
320.00,616.00,125.00,572.00,36.00,20.82,28.13,139.46,135.94,40.65,58.06,70.46,89.00,50.80,84.82,200.44,197.23,51.57,36.68,162.24,132.00,36.25,49.50,103.22,146.01,7.56,71.40,73.31,18.00,87.96,100.32,244.53,211.70,23.42,154.77,187.57,84.00,15.27,8.15,16.35,21.93,21.79,50.83,63.28,29.00,3,엄지 굽히기 (Thumb Flex)
320.00,605.00,151.00,616.00,39.00,27.89,50.97,123.86,135.24,61.98,76.08,51.97,65.00,100.59,63.17,175.25,210.22,45.62,90.67,111.39,78.00,24.71,63.33,119.29,122.59,24.96,48.92,98.14,44.00,133.91,89.69,270.13,154.77,66.79,99.93,214.75,19.00,15.27,8.15,16.35,21.93,21.79,50.83,63.28,29.00,0,휴식 (Relax)
328.00,616.00,151.00,616.00,33.00,42.99,65.11,132.82,119.27,52.11,74.96,59.40,81.00,111.52,71.07,183.48,200.00,34.70,83.18,119.24,89.00,30.47,74.32,129.63,117.78,26.27,51.59,89.65,33.00,123.16,80.82,259.22,161.21,68.09,88.95,223.90,8.00,4.31,13.00,22.41,10.30,13.44,37.03,71.96,14.00,0,휴식 (Relax)
312.00,572.00,135.00,551.00,28.00,35.07,62.74,125.09,120.07,57.18,81.00,61.59,89.00,75.84,27.37,145.69,220.51,48.56,97.27,143.43,133.00,14.80,55.06,131.83,88.51,59.25,48.13,80.87,0.00,31.51,19.94,252.30,102.49,159.12,170.12,128.79,106.00,7.95,14.88,27.15,14.87,18.35,41.82,67.55,19.00,0,휴식 (Relax)
312.00,561.00,130.00,540.00,31.00,20.79,90.23,126.52,80.60,23.92,41.42,75.15,49.00,91.14,76.04,185.80,154.30,47.78,23.57,142.42,45.00,15.59,53.37,126.93,91.26,61.45,45.72,82.56,5.00,34.01,51.37,283.27,72.50,142.53,161.04,160.72,74.00,7.95,14.88,27.15,14.87,18.35,41.82,67.55,19.00,0,휴식 (Relax)
320.00,594.00,156.00,627.00,36.00,20.42,58.78,95.35,92.44,49.19,35.82,103.59,17.00,72.36,57.48,164.96,171.97,65.56,11.41,157.42,23.00,52.54,25.58,109.13,62.13,92.96,85.54,61.65,36.00,24.98,42.13,259.70,67.47,174.88,189.14,201.27,30.00,22.75,8.07,15.60,5.10,15.48,40.43,53.29,34.00,0,휴식 (Relax)
328.00,605.00,151.00,616.00,36.00,67.06,55.41,75.60,53.67,38.80,29.96,48.60,72.00,23.27,73.87,171.18,148.37,90.19,61.72,109.00,77.00,73.33,13.15,126.16,46.01,77.15,69.41,76.35,15.00,86.73,114.87,313.25,17.20,115.45,113.14,154.37,106.00,16.13,13.81,23.47,13.04,10.48,35.85,47.74,42.00,0,휴식 (Relax)
320.00,583.00,135.00,583.00,26.00,60.97,47.93,68.43,60.93,46.75,32.10,41.27,80.00,33.70,62.93,160.26,158.93,100.52,70.85,98.17,88.00,59.89,27.34,113.36,35.85,84.82,71.24,91.76,1.00,55.47,76.64,265.67,69.72,148.50,83.86,159.11,161.00,27.24,4.26,24.95,19.85,5.52,20.83,45.40,58.00,0,휴식 (Relax)
328.00,561.00,145.00,540.00,26.00,58.07,40.66,62.49,58.24,45.13,35.93,46.97,72.00,77.55,39.50,143.60,153.00,107.31,74.05,141.51,44.00,52.06,48.99,121.99,19.70,62.39,53.14,69.08,22.00,100.90,120.56,289.28,110.26,84.42,82.96,128.02,85.00,30.40,9.24,29.95,23.43,5.77,25.63,43.60,53.00,0,휴식 (Relax)
328.00,594.00,151.00,605.00,33.00,58.07,40.66,62.49,58.24,45.13,35.93,46.97,72.00,97.85,55.67,161.75,131.00,85.32,54.56,123.12,66.00,62.75,49.13,72.26,32.98,74.71,3.15,38.92,72.00,18.68,28.70,194.46,185.18,148.88,104.42,112.21,10.00,29.03,6.43,28.54,26.91,10.75,28.47,40.54,48.00,0,휴식 (Relax)
328.00,594.00,156.00,638.00,39.00,51.81,38.77,30.49,58.24,28.13,20.42,54.94,104.00,68.59,10.32,121.79,142.08,79.67,11.73,105.47,120.00,73.48,74.61,70.32,36.72,49.52,28.45,42.37,46.00,57.17,65.16,184.87,223.61,102.85,127.25,138.16,56.00,28.66,8.27,21.69,21.93,16.12,28.94,33.29,39.00,0,휴식 (Relax)
344.00,616.00,145.00,605.00,33.00,64.45,53.36,51.93,16.00,34.45,41.96,34.32,48.00,93.14,62.27,155.21,93.81,26.84,46.87,103.84,65.00,72.09,65.99,59.84,46.62,49.81,36.60,44.36,35.00,95.78,107.61,226.54,193.66,85.33,84.26,102.95,12.00,31.31,10.69,28.37,15.81,15.64,25.80,26.73,32.00,0,휴식 (Relax)
320.00,561.00,140.00,551.00,26.00,62.56,53.46,45.61,24.00,35.20,46.19,34.85,40.00,42.87,41.72,98.27,142.89,48.31,100.70,114.09,1.00,73.92,65.85,56.64,48.76,44.99,36.16,45.07,40.00,68.96,94.32,184.10,267.43,18.17,44.21,38.28,75.00,19.93,11.41,33.58,33.62,11.87,11.03,4.73,10.00,0,휴식 (Relax)
304.00,540.00,130.00,540.00,33.00,62.56,53.46,45.61,24.00,35.20,46.19,34.85,40.00,43.45,104.98,132.36,121.50,47.62,96.49,127.86,64.00,77.58,69.51,59.27,44.42,48.28,32.89,42.49,35.00,92.09,123.55,209.49,254.69,48.18,21.20,62.71,43.00,22.78,9.07,28.68,35.85,11.12,7.73,1.72,5.00,0,휴식 (Relax)
320.00,605.00,151.00,638.00,39.00,62.56,53.46,45.61,24.00,35.20,46.19,34.85,40.00,43.45,104.98,132.36,121.50,47.62,96.49,127.86,64.00,37.33,23.77,16.80,78.77,51.29,14.04,29.95,11.00,32.14,68.91,158.07,317.44,101.43,47.47,128.47,23.00,20.16,7.99,29.35,33.29,8.55,4.92,4.34,2.00,0,휴식 (Relax)
336.00,616.00,151.00,616.00,33.00,36.04,41.36,45.13,46.65,57.95,9.02,21.79,0.00,75.50,115.25,147.07,132.50,78.69,38.20,69.00,1.00,23.05,19.69,27.09,72.42,62.19,15.69,33.09,5.00,27.41,89.93,186.80,306.78,115.82,48.22,78.56,32.00,17.21,5.73,27.06,35.00,11.21,7.82,1.38,5.00,0,휴식 (Relax)
320.00,561.00,145.00,583.00,28.00,36.04,41.36,45.13,46.65,57.95,9.02,21.79,0.00,24.86,65.92,92.22,184.10,129.19,65.92,19.27,56.00,5.49,37.55,45.28,53.71,45.10,4.90,22.65,15.00,35.82,100.89,197.37,295.85,104.89,37.41,85.38,21.00,9.53,2.35,20.11,41.68,13.91,7.51,9.11,3.00,0,휴식 (Relax)
320.00,561.00,135.00,540.00,28.00,36.04,41.36,45.13,46.65,57.95,9.02,21.79,0.00,21.95,23.71,89.71,201.44,133.09,23.71,61.74,12.00,20.51,24.25,46.99,49.37,51.58,18.27,19.06,31.00,63.68,65.63,202.80,297.13,111.92,49.06,131.30,55.00,7.92,12.40,24.92,37.36,4.17,4.26,5.19,8.00,0,휴식 (Relax)
336.00,605.00,145.00,605.00,36.00,28.05,46.63,39.54,51.22,65.73,1.37,27.44,8.00,30.85,22.97,100.51,191.91,122.21,28.96,51.15,23.00,26.40,24.80,52.95,43.42,45.68,16.09,21.18,25.00,74.64,73.75,213.71,286.25,100.94,38.94,126.25,44.00,5.74,10.93,22.04,40.26,6.25,5.88,7.88,11.00,0,휴식 (Relax)
320.00,594.00,168.00,661.00,36.00,20.72,47.31,32.02,57.69,61.50,8.12,19.89,0.00,24.49,13.61,90.45,204.02,112.45,34.36,37.03,45.00,17.67,18.11,47.29,50.77,50.78,43.95,51.23,8.00,45.15,37.29,185.73,321.71,122.31,104.14,163.57,66.00,4.21,15.79,22.79,39.05,4.32,9.83,0.25,3.00,0,휴식 (Relax)
352.00,616.00,151.00,605.00,33.00,31.12,40.66,51.08,48.66,48.04,35.93,59.89,40.00,70.39,49.32,135.67,162.79,82.21,70.59,69.12,10.00,37.33,27.04,67.92,34.83,29.96,27.04,30.53,13.00,109.90,98.17,247.45,266.33,62.65,52.24,110.43,1.00,5.34,17.78,24.78,37.05,2.47,7.86,1.81,5.00,0,휴식 (Relax)
320.00,583.00,140.00,561.00,28.00,31.12,40.66,51.08,48.66,48.04,35.93,59.89,40.00,59.43,44.59,127.45,171.06,71.24,81.20,76.01,21.00,21.65,30.69,61.12,48.30,30.66,32.13,19.70,29.00,52.34,83.56,212.99,309.01,99.14,91.04,54.63,65.00,7.83,13.99,22.05,37.48,8.67,7.37,9.65,13.00,0,휴식 (Relax)
304.00,561.00,135.00,551.00,31.00,9.82,63.90,58.73,57.69,67.58,39.36,46.12,16.00,29.37,75.05,148.86,146.69,99.38,69.90,73.99,23.00,13.25,46.25,73.94,43.42,14.77,16.83,26.37,13.00,65.07,141.35,261.90,267.15,52.87,29.66,116.78,0.00,12.70,17.07,26.39,32.56,6.77,2.93,5.70,8.00,0,휴식 (Relax)
320.00,594.00,145.00,605.00,39.00,9.82,63.90,58.73,57.69,67.58,39.36,46.12,16.00,30.27,64.36,138.23,156.59,96.72,78.32,81.09,34.00,14.00,38.37,65.96,53.34,12.63,8.34,31.15,3.00,46.07,121.69,243.35,285.46,69.84,33.51,138.43,22.00,2.74,4.07,18.54,37.22,19.30,10.07,12.66,5.00,0,휴식 (Relax)
320.00,605.00,156.00,638.00,33.00,13.32,65.96,61.27,53.67,59.93,46.67,49.61,8.00,50.13,56.83,139.83,143.69,140.10,35.19,44.78,10.00,18.25,39.44,69.98,53.24,3.14,13.57,30.33,14.00,54.48,133.44,279.77,247.20,56.12,66.31,75.52,76.00,8.85,5.03,24.02,31.40,16.75,7.12,5.68,2.00,0,휴식 (Relax)
328.00,583.00,145.00,572.00,28.00,13.32,65.96,61.27,53.67,59.93,46.67,49.61,8.00,45.50,48.00,129.06,154.57,145.99,31.59,35.18,21.00,17.41,34.46,63.99,59.21,2.86,15.50,33.61,20.00,33.00,102.17,247.23,279.47,87.42,90.20,86.22,109.00,3.96,0.88,20.09,34.66,21.12,11.19,1.59,7.00,0,휴식 (Relax)
320.00,561.00,130.00,551.00,31.00,21.32,58.41,53.99,57.69,63.96,44.32,57.38,0.00,57.95,15.34,113.50,153.39,166.40,29.81,67.88,12.00,36.74,9.54,60.74,66.65,24.94,33.60,17.06,6.00,93.71,41.49,243.98,275.86,114.62,114.89,56.11,22.00,5.59,8.68,24.04,29.41,16.07,4.33,8.01,1.00,0,휴식 (Relax)
288.00,551.00,135.00,551.00,33.00,76.27,24.16,80.26,32.98,13.85,96.29,9.65,56.00,119.02,58.73,166.77,88.68,107.83,78.26,19.75,53.00,46.73,12.16,70.33,57.98,22.01,24.33,24.03,4.00,147.69,85.21,296.58,222.32,65.65,61.41,79.78,76.00,5.59,8.68,24.04,29.41,16.07,4.33,8.01,1.00,0,휴식 (Relax)
320.00,605.00,145.00,616.00,33.00,76.27,24.16,80.26,32.98,13.85,96.29,9.65,56.00,75.84,31.65,135.77,103.77,123.28,119.92,54.74,97.00,42.07,7.19,67.40,60.80,26.54,23.20,28.90,9.00,91.96,34.61,265.43,240.44,100.81,37.21,142.12,141.00,2.39,10.77,24.24,26.00,9.56,4.46,7.15,6.00,0,휴식 (Relax)
336.00,605.00,156.00,616.00,31.00,61.28,8.46,87.87,51.22,19.02,93.60,26.59,24.00,45.18,86.91,176.67,59.62,59.60,104.02,10.74,32.00,29.93,20.70,84.49,42.72,20.13,21.76,5.96,17.00,88.44,94.07,323.55,173.62,48.78,44.06,68.70,65.00,0.96,8.80,22.30,27.86,9.96,5.15,8.65,8.00,0,휴식 (Relax)
312.00,551.00,140.00,551.00,26.00,60.80,3.74,79.87,56.57,24.39,99.85,33.24,16.00,51.98,46.31,129.89,111.40,76.29,148.52,64.68,22.00,29.06,12.94,74.73,52.33,31.13,22.20,12.41,28.00,67.17,39.63,253.92,233.65,128.92,113.46,60.98,22.00,12.48,7.63,18.00,26.17,3.22,15.09,5.09,5.00,0,휴식 (Relax)
304.00,561.00,135.00,561.00,33.00,57.04,34.99,74.83,82.37,45.82,68.29,28.71,48.00,86.06,80.61,151.99,113.60,28.26,97.24,26.26,33.00,28.98,23.11,78.25,47.52,28.80,32.95,3.89,12.00,85.97,88.35,277.49,204.39,106.31,103.48,29.86,33.00,12.48,7.63,18.00,26.17,3.22,15.09,5.09,5.00,0,휴식 (Relax)
320.00,605.00,151.00,627.00,36.00,57.04,34.99,74.83,82.37,45.82,68.29,28.71,48.00,72.82,38.45,109.15,156.31,62.32,93.10,56.14,77.00,30.28,17.30,72.27,53.46,34.62,38.89,9.25,6.00,85.00,53.24,234.02,244.75,144.96,139.82,44.38,77.00,9.37,6.49,13.51,28.23,10.95,14.56,7.86,3.00,0,휴식 (Relax)
328.00,616.00,151.00,627.00,33.00,62.07,35.37,69.72,89.44,48.45,67.15,21.44,40.00,105.83,54.84,116.15,176.01,44.27,59.23,4.60,22.00,42.47,17.09,66.60,53.76,28.58,31.75,10.57,22.00,153.38,105.60,230.82,228.01,101.30,61.26,76.89,10.00,12.10,11.36,17.48,23.71,9.45,10.72,3.29,2.00,0,휴식 (Relax)
312.00,572.00,135.00,551.00,26.00,41.75,21.21,61.22,102.45,72.45,51.21,3.59,16.00,75.01,22.05,83.17,205.34,77.02,32.86,30.62,11.00,32.68,8.18,58.92,63.64,37.55,37.86,20.47,32.00,99.59,55.16,178.84,282.01,149.54,77.65,130.57,64.00,5.00,6.57,10.98,29.70,18.95,0.89,6.88,12.00,0,휴식 (Relax)
312.00,561.00,140.00,551.00,31.00,34.20,15.06,53.42,108.81,69.89,59.04,7.19,24.00,42.06,27.23,75.73,221.35,68.13,65.74,16.42,22.00,6.70,19.86,35.47,73.06,26.52,9.87,10.29,4.00,31.32,108.94,136.28,301.97,107.57,34.13,42.25,46.00,4.63,10.93,14.92,26.40,16.59,5.88,3.55,7.00,0,휴식 (Relax)
328.00,594.00,151.00,616.00,42.00,10.21,9.02,43.74,96.66,53.09,41.36,16.84,0.00,22.19,49.21,96.30,203.21,49.10,51.40,15.48,0.00,6.70,19.86,35.47,73.06,26.52,9.87,10.29,4.00,23.99,98.40,126.40,312.27,118.01,40.69,44.15,57.00,9.75,4.38,9.29,34.00,23.95,13.74,10.05,2.00,0,휴식 (Relax)
320.00,616.00,151.00,627.00,33.00,10.21,9.02,43.74,96.66,53.09,41.36,16.84,0.00,48.51,35.93,78.79,224.29,27.14,67.07,40.82,33.00,12.32,22.36,24.47,79.20,20.82,15.30,1.94,15.00,48.31,89.75,87.32,340.77,90.87,78.66,50.95,9.00,14.73,8.16,13.43,31.95,20.32,12.31,5.06,3.00,0,휴식 (Relax)
320.00,572.00,140.00,561.00,26.00,24.07,19.20,31.98,91.21,57.86,30.19,13.06,16.00,56.78,44.29,86.94,216.37,20.27,56.09,33.70,22.00,15.72,27.17,22.90,75.29,17.39,15.68,3.77,10.00,56.44,98.40,94.90,332.21,82.25,68.99,47.50,1.00,10.13,3.71,10.13,36.69,22.93,15.94,2.29,8.00,0,휴식 (Relax)
320.00,551.00,145.00,551.00,26.00,24.07,19.20,31.98,91.21,57.86,30.19,13.06,16.00,51.26,7.19,52.84,248.65,22.87,36.86,49.29,21.00,15.72,27.17,22.90,75.29,17.39,15.68,3.77,10.00,51.13,49.01,54.24,363.42,49.36,63.62,76.65,55.00,10.17,13.31,20.65,35.06,10.83,3.60,11.86,5.00,0,휴식 (Relax)
320.00,572.00,145.00,594.00,36.00,24.07,19.20,31.98,91.21,57.86,30.19,13.06,16.00,76.47,37.97,74.13,229.82,30.52,26.36,21.32,12.00,18.40,26.65,14.86,67.18,21.74,5.62,10.00,21.00,88.73,59.58,87.27,330.31,30.71,31.05,36.16,11.00,7.64,10.77,18.62,38.05,11.70,4.46,14.50,8.00,0,휴식 (Relax)
320.00,605.00,151.00,616.00,36.00,24.81,22.87,30.78,83.52,58.05,29.75,21.06,24.00,54.84,24.17,55.74,248.85,51.26,24.17,10.69,34.00,13.98,22.07,12.58,71.59,19.45,7.93,16.00,27.00,44.74,17.52,58.39,362.08,24.20,18.31,11.29,33.00,2.14,12.44,23.47,39.29,3.70,3.65,10.90,0.00,0,휴식 (Relax)
336.00,616.00,151.00,616.00,33.00,19.81,7.41,17.39,80.40,73.49,43.19,36.45,40.00,9.62,68.62,88.79,227.48,70.03,68.62,56.89,21.00,10.83,1.07,9.12,59.93,40.35,13.07,9.14,6.00,28.76,48.09,112.44,322.89,76.61,64.65,60.70,32.00,2.79,14.39,25.32,37.36,4.72,3.00,10.61,2.00,0,휴식 (Relax)
312.00,551.00,145.00,540.00,26.00,25.50,17.13,10.18,56.57,62.49,21.78,21.48,16.00,9.62,68.62,88.79,227.48,70.03,68.62,56.89,21.00,18.08,9.27,14.14,51.11,37.01,9.27,3.93,16.00,18.19,40.33,104.88,332.21,84.08,74.48,71.46,43.00,6.69,9.33,26.13,39.81,6.52,9.33,9.89,9.00,0,휴식 (Relax)
304.00,561.00,130.00,561.00,33.00,24.92,10.61,8.49,56.57,75.39,25.60,28.12,0.00,37.02,68.62,104.44,219.01,81.71,68.62,32.13,23.00,15.17,9.94,23.50,45.35,50.06,22.87,15.60,31.00,36.82,71.24,138.30,307.00,116.39,75.69,39.70,12.00,6.69,9.33,26.13,39.81,6.52,9.33,9.89,9.00,0,휴식 (Relax)
320.00,594.00,151.00,616.00,39.00,37.14,25.60,23.57,40.79,62.97,10.61,15.63,16.00,46.72,78.63,115.29,208.06,70.85,58.96,30.75,12.00,18.71,14.91,27.85,40.52,46.50,18.70,12.00,26.00,36.82,71.24,138.30,307.00,116.39,75.69,39.70,12.00,3.04,5.07,23.10,43.83,14.51,10.78,15.58,1.00,0,휴식 (Relax)
336.00,627.00,151.00,627.00,33.00,13.94,13.86,30.22,51.22,74.97,13.86,13.58,40.00,56.03,29.95,122.62,214.18,91.88,23.56,71.81,64.00,8.76,11.56,30.73,39.00,51.98,20.41,13.88,15.00,55.74,68.91,160.28,286.25,142.22,29.79,60.07,64.00,9.72,5.12,29.07,38.29,13.24,4.21,8.79,8.00,0,휴식 (Relax)
320.00,572.00,140.00,561.00,28.00,2.12,28.46,45.73,40.00,59.73,9.27,14.97,24.00,66.71,39.13,133.62,203.57,81.54,12.75,64.70,53.00,4.15,15.81,35.72,34.00,47.12,15.81,10.11,20.00,55.74,68.91,160.28,286.25,142.22,29.79,60.07,64.00,4.98,7.24,25.43,41.73,18.06,1.24,3.81,13.00,0,휴식 (Relax)
320.00,561.00,135.00,551.00,28.00,2.12,28.46,45.73,40.00,59.73,9.27,14.97,24.00,24.49,12.75,124.57,219.58,91.75,39.13,68.78,9.00,20.08,5.10,33.77,37.58,47.52,5.10,8.39,36.00,28.47,39.74,159.17,284.92,149.38,47.25,84.91,12.00,6.02,15.24,29.65,36.62,14.88,6.76,11.45,5.00,0,휴식 (Relax)
304.00,561.00,140.00,572.00,36.00,22.94,31.65,67.07,32.00,39.31,16.67,9.31,48.00,43.46,67.41,176.08,172.28,37.24,27.92,47.43,64.00,30.64,15.50,44.44,28.02,36.80,7.33,9.37,25.00,82.91,93.42,213.61,230.38,94.45,33.69,38.85,43.00,3.24,13.29,26.78,39.12,17.49,9.13,14.08,2.00,0,휴식 (Relax)
320.00,605.00,151.00,616.00,36.00,15.53,24.00,61.71,40.00,32.43,24.00,16.57,56.00,10.65,48.38,157.10,193.15,45.01,60.91,49.49,97.00,19.94,9.35,37.71,39.41,29.95,19.96,24.80,9.00,28.87,56.88,190.09,248.17,88.07,98.06,36.14,108.00,6.81,17.86,27.85,34.79,11.81,11.87,10.52,12.00,0,휴식 (Relax)
328.00,605.00,156.00,616.00,28.00,13.25,11.79,70.69,43.08,33.15,22.38,11.32,40.00,33.56,77.76,187.01,163.81,10.18,44.04,65.80,53.00,24.67,24.80,51.43,32.76,19.08,19.57,9.92,25.00,68.10,108.24,246.28,190.19,24.85,64.23,52.39,43.00,4.33,14.87,24.86,37.64,14.28,14.87,12.13,15.00,0,휴식 (Relax)
328.00,561.00,140.00,551.00,28.00,13.25,11.79,70.69,43.08,33.15,22.38,11.32,40.00,11.19,45.72,157.86,191.40,42.63,71.90,96.51,20.00,16.29,17.14,43.80,43.57,8.16,30.03,10.08,36.00,4.18,51.78,202.10,230.52,49.39,115.29,116.83,22.00,12.92,10.44,21.78,36.12,8.80,10.44,6.74,1.00,0,휴식 (Relax)
296.00,551.00,130.00,540.00,28.00,12.15,14.78,72.53,56.57,55.45,6.12,14.90,64.00,71.15,60.24,179.04,168.07,58.99,25.33,32.24,85.00,10.46,29.94,56.91,45.22,24.06,16.04,13.76,15.00,83.10,100.77,258.06,179.85,65.13,42.61,42.77,65.00,17.91,15.03,26.58,31.14,3.87,6.49,7.85,6.00,0,휴식 (Relax)
320.00,583.00,151.00,605.00,36.00,12.15,14.78,72.53,56.57,55.45,6.12,14.90,64.00,60.57,49.25,168.12,178.89,68.92,33.45,24.44,96.00,12.63,19.27,47.17,55.79,26.99,23.26,22.79,4.00,46.23,59.07,219.13,220.51,104.73,67.89,54.42,109.00,9.91,7.43,22.09,33.62,8.31,3.58,17.00,16.00,0,휴식 (Relax)
328.00,605.00,156.00,616.00,36.00,11.38,19.31,68.74,62.48,62.59,3.31,13.67,56.00,39.43,42.16,162.40,177.37,88.22,21.69,64.49,42.00,22.86,17.20,49.92,59.51,35.13,12.42,17.53,15.00,64.38,70.90,236.92,207.29,120.79,8.97,30.34,44.00,12.03,14.06,30.58,24.70,7.25,8.39,7.17,6.00,0,휴식 (Relax)
320.00,561.00,145.00,583.00,26.00,11.38,19.31,68.74,62.48,62.59,3.31,13.67,56.00,34.63,31.67,152.05,188.29,98.84,31.67,72.80,31.00,22.86,17.20,49.92,59.51,35.13,12.42,17.53,15.00,54.13,59.98,225.92,218.28,131.70,17.32,34.21,33.00,6.03,5.05,23.96,31.14,17.15,17.96,6.30,4.00,0,휴식 (Relax)
320.00,561.00,135.00,540.00,28.00,11.38,19.31,68.74,62.48,62.59,3.31,13.67,56.00,34.02,20.16,126.21,198.31,102.34,42.14,63.90,75.00,11.84,2.33,45.73,67.80,40.86,17.79,16.48,1.00,21.89,46.32,210.53,227.48,133.13,59.80,79.44,109.00,7.57,9.42,29.24,26.42,16.64,15.08,3.30,4.00,0,휴식 (Relax)
304.00,561.00,130.00,572.00,36.00,20.78,37.38,74.37,48.66,30.66,32.17,45.35,24.00,72.53,75.13,166.56,147.58,47.88,12.96,60.08,20.00,24.64,21.82,65.00,52.63,20.43,26.98,26.20,20.00,64.58,90.14,251.32,185.74,89.36,38.31,35.56,65.00,7.02,6.52,26.55,29.07,19.58,17.07,5.14,7.00,0,휴식 (Relax)
328.00,605.00,151.00,616.00,39.00,9.72,22.18,58.37,64.50,27.23,44.05,60.77,8.00,55.29,54.15,123.82,178.39,47.97,64.62,80.93,34.00,18.69,17.58,61.16,57.43,20.95,32.97,32.00,26.00,38.60,60.14,207.59,223.96,83.91,105.57,43.02,11.00,17.08,11.64,30.60,26.00,16.60,4.07,11.32,6.00,0,휴식 (Relax)
328.00,594.00,156.00,616.00,31.00,27.01,26.15,54.01,65.97,8.91,46.17,43.65,32.00,77.03,81.45,139.71,155.57,17.08,51.50,76.49,1.00,9.16,33.02,77.43,47.52,6.31,24.86,7.55,0.00,89.25,109.19,246.92,184.50,28.91,63.64,14.27,44.00,15.08,9.72,28.62,28.00,18.54,3.09,13.32,8.00,0,휴식 (Relax)
312.00,561.00,140.00,551.00,26.00,19.02,18.24,46.61,73.76,1.84,53.55,42.60,40.00,46.28,51.10,107.72,182.24,40.38,76.26,96.05,32.00,2.31,22.44,67.55,58.42,11.70,34.39,10.34,11.00,26.42,57.87,191.85,237.90,59.84,98.15,79.20,109.00,5.95,12.19,28.38,30.87,15.30,11.72,5.03,5.00,0,휴식 (Relax)
320.00,572.00,135.00,551.00,31.00,8.07,10.39,36.68,78.79,17.84,39.45,39.99,24.00,9.86,64.35,115.42,159.20,37.60,25.63,50.06,23.00,17.41,21.20,70.91,58.69,21.34,20.11,7.05,5.00,62.46,102.98,223.24,210.44,50.07,23.51,28.98,33.00,6.72,14.19,30.35,29.07,13.36,10.80,4.39,3.00,0,휴식 (Relax)
320.00,583.00,151.00,616.00,42.00,8.07,10.39,36.68,78.79,17.84,39.45,39.99,24.00,8.51,53.40,104.43,169.80,48.08,27.13,40.39,34.00,9.40,12.55,59.94,69.58,31.01,21.32,16.40,16.00,8.29,50.24,169.62,264.52,104.09,50.83,72.88,22.00,9.51,10.74,25.78,37.48,11.90,20.65,12.47,11.00,0,휴식 (Relax)
328.00,605.00,151.00,616.00,33.00,7.30,2.54,29.07,82.37,24.18,35.69,45.83,32.00,51.09,33.72,96.09,164.00,61.22,22.69,84.10,10.00,17.92,3.83,54.52,73.39,35.04,9.24,11.59,0.00,60.04,66.25,173.28,261.93,107.46,24.25,8.15,43.00,13.41,15.46,30.31,34.21,6.94,15.91,9.25,6.00,0,휴식 (Relax)
320.00,561.00,151.00,572.00,26.00,18.05,15.21,32.62,68.82,14.70,50.84,30.89,16.00,51.09,33.72,96.09,164.00,61.22,22.69,84.10,10.00,28.84,12.96,63.88,63.16,24.11,19.85,9.28,11.00,60.04,66.25,173.28,261.93,107.46,24.25,8.15,43.00,11.06,8.26,24.22,42.54,10.90,14.96,12.82,4.00,0,휴식 (Relax)
320.00,572.00,130.00,540.00,31.00,18.05,15.21,32.62,68.82,14.70,50.84,30.89,16.00,33.01,2.59,77.33,167.29,66.31,48.70,62.74,23.00,10.67,18.54,49.23,74.03,27.62,38.99,22.71,32.00,47.73,55.18,149.22,278.79,102.97,61.30,80.30,33.00,14.44,11.00,27.63,40.31,6.97,11.00,8.46,1.00,0,휴식 (Relax)
312.00,594.00,135.00,594.00,39.00,19.31,20.31,31.60,56.57,8.33,49.03,46.29,32.00,36.75,12.53,85.14,156.52,55.31,38.66,65.03,12.00,20.83,39.46,62.80,59.03,7.83,34.48,17.36,11.00,67.73,76.77,169.04,258.31,81.06,43.32,61.65,11.00,5.09,0.00,18.20,50.60,15.45,0.00,3.49,12.00,0,휴식 (Relax)
312.00,594.00,151.00,627.00,36.00,33.39,36.30,47.38,46.65,7.68,38.71,34.48,16.00,23.74,23.81,57.11,166.63,53.06,42.56,69.94,21.00,10.00,33.20,53.08,67.96,15.07,43.43,25.90,0.00,8.67,46.73,125.27,295.63,80.71,86.08,69.52,65.00,4.74,8.00,21.85,48.66,11.15,8.00,6.90,4.00,0,휴식 (Relax)
336.00,605.00,156.00,605.00,28.00,6.69,28.46,44.00,24.00,43.73,9.27,44.66,24.00,54.53,75.91,89.47,118.98,8.02,16.94,88.51,33.00,16.14,48.03,62.33,58.05,16.75,19.22,3.66,26.00,73.63,108.48,177.62,246.07,17.08,28.57,32.14,0.00,4.74,8.00,21.85,48.66,11.15,8.00,6.90,4.00,0,휴식 (Relax)
320.00,561.00,135.00,551.00,31.00,6.69,28.46,44.00,24.00,43.73,9.27,44.66,24.00,42.95,65.21,71.25,132.46,15.93,28.81,108.17,55.00,4.96,32.08,46.66,73.82,31.29,22.24,15.34,42.00,32.07,69.94,139.05,286.81,57.58,63.41,54.35,54.00,6.40,9.43,21.73,48.09,7.17,9.43,2.73,9.00,0,휴식 (Relax)
304.00,572.00,135.00,561.00,33.00,19.10,13.69,40.88,33.94,64.74,33.05,20.71,0.00,55.31,84.23,86.52,110.00,35.01,40.23,75.18,22.00,23.85,24.86,48.07,73.68,36.16,4.90,12.37,21.00,62.34,98.47,172.71,257.19,47.88,20.62,52.19,1.00,9.21,12.38,24.61,45.10,6.47,6.55,4.43,6.00,0,휴식 (Relax)
320.00,605.00,145.00,627.00,39.00,19.10,13.69,40.88,33.94,64.74,33.05,20.71,0.00,26.69,40.23,45.57,147.58,74.17,84.23,37.28,22.00,23.85,24.86,48.07,73.68,36.16,4.90,12.37,21.00,19.89,54.49,133.27,296.89,91.88,57.28,90.89,45.00,3.94,7.68,19.57,46.10,7.39,7.68,15.71,7.00,0,휴식 (Relax)
328.00,627.00,151.00,627.00,36.00,13.11,5.74,36.76,40.00,68.11,33.45,27.38,8.00,56.31,47.11,84.96,132.00,95.24,59.90,87.42,44.00,14.02,8.88,42.82,77.49,35.67,20.86,3.64,37.00,67.20,64.13,168.68,273.88,99.36,44.31,4.63,42.00,11.90,15.37,26.87,38.33,10.54,3.14,10.44,1.00,0,휴식 (Relax)
320.00,583.00,145.00,572.00,26.00,17.79,11.79,48.90,32.98,52.20,22.38,21.33,8.00,73.32,68.97,103.69,110.00,74.42,44.93,73.75,22.00,21.83,11.45,56.13,63.56,21.17,15.26,11.87,22.00,67.20,64.13,168.68,273.88,99.36,44.31,4.63,42.00,5.19,8.98,21.37,42.06,20.13,12.86,13.98,11.00,0,휴식 (Relax)
328.00,551.00,140.00,551.00,26.00,17.79,11.79,48.90,32.98,52.20,22.38,21.33,8.00,62.22,54.05,121.66,122.54,91.13,13.53,83.90,32.00,11.76,1.79,48.79,68.80,16.08,24.55,22.69,11.00,52.15,55.93,173.75,273.99,105.13,53.08,66.06,23.00,15.15,18.85,31.88,31.24,21.85,8.52,6.07,2.00,0,휴식 (Relax)
320.00,583.00,140.00,594.00,39.00,9.79,12.25,51.02,32.00,46.15,29.56,17.08,0.00,69.06,63.43,132.53,112.77,80.43,17.04,75.48,21.00,4.92,17.08,58.51,55.97,9.29,11.05,11.92,27.00,69.16,77.11,195.59,252.17,83.13,31.11,47.39,1.00,7.17,11.65,26.16,36.88,29.85,16.13,8.35,10.00,0,휴식 (Relax)
312.00,605.00,151.00,616.00,36.00,9.79,12.25,51.02,32.00,46.15,29.56,17.08,0.00,34.83,24.52,129.32,139.30,86.13,60.93,37.42,23.00,8.55,11.19,48.44,63.78,6.94,16.33,16.87,38.00,13.14,40.49,173.76,268.52,84.72,50.44,58.93,64.00,5.11,13.74,32.04,31.30,27.95,9.33,10.09,0.00,0,휴식 (Relax)
336.00,616.00,151.00,616.00,31.00,23.99,6.63,46.50,35.78,48.56,38.63,32.38,16.00,25.62,50.92,171.89,112.38,42.13,41.49,79.97,21.00,24.54,24.15,51.98,54.59,20.75,0.82,6.41,22.00,58.35,97.61,231.34,209.35,19.82,22.49,24.52,1.00,5.11,13.74,32.04,31.30,27.95,9.33,10.09,0.00,0,휴식 (Relax)
312.00,551.00,140.00,540.00,26.00,18.48,1.37,39.74,43.08,42.81,46.63,40.28,24.00,35.35,22.08,155.66,141.16,41.91,67.78,111.43,53.00,14.86,14.61,40.98,64.47,28.90,11.34,10.78,11.00,41.80,46.52,184.22,253.97,73.13,98.46,80.92,77.00,10.90,8.93,35.49,28.07,19.85,8.27,5.98,16.00,0,휴식 (Relax)
312.00,561.00,135.00,551.00,33.00,21.67,17.00,27.55,51.22,58.11,37.08,27.76,8.00,77.93,47.51,187.96,130.46,2.12,29.81,77.39,9.00,15.39,20.56,37.54,59.84,35.76,10.56,13.52,27.00,103.97,97.96,229.98,211.37,61.41,70.65,52.24,12.00,10.90,8.93,35.49,28.07,19.85,8.27,5.98,16.00,0,휴식 (Relax)
320.00,605.00,151.00,638.00,39.00,21.67,17.00,27.55,51.22,58.11,37.08,27.76,8.00,36.35,14.28,151.23,174.35,44.52,54.24,75.73,35.00,15.39,20.56,37.54,59.84,35.76,10.56,13.52,27.00,41.71,43.60,174.72,268.33,127.36,124.86,100.49,54.00,9.18,7.04,33.47,31.76,11.42,18.23,10.44,3.00,0,휴식 (Relax)
336.00,627.00,151.00,616.00,33.00,6.77,24.00,11.70,62.48,72.36,24.00,31.34,24.00,42.65,65.05,173.98,179.48,57.84,11.16,61.10,20.00,6.66,15.91,26.88,60.02,39.10,15.46,7.54,6.00,61.25,93.68,209.03,244.00,118.82,59.57,25.82,22.00,10.90,9.04,35.35,30.02,10.00,16.38,8.44,5.00,0,휴식 (Relax)
312.00,561.00,145.00,561.00,26.00,6.77,24.00,11.70,62.48,72.36,24.00,31.34,24.00,15.61,42.60,141.67,211.62,89.42,42.60,62.16,53.00,15.17,25.50,35.53,50.22,29.11,6.48,3.52,16.00,29.47,63.04,177.21,276.52,151.37,68.70,7.20,55.00,2.33,9.73,28.37,38.21,4.80,16.77,5.53,18.00,0,휴식 (Relax)
320.00,551.00,140.00,561.00,28.00,1.44,30.19,18.93,56.57,69.90,19.20,29.96,32.00,32.47,68.74,141.05,224.54,92.94,26.67,78.72,10.00,10.18,17.20,28.28,53.71,27.50,12.42,14.43,27.00,36.53,75.72,182.75,273.89,130.38,17.89,59.22,11.00,9.76,17.73,34.54,33.29,4.18,9.68,2.52,10.00,0,휴식 (Relax)
320.00,583.00,140.00,583.00,36.00,14.57,31.41,14.45,46.65,54.09,28.38,27.38,48.00,51.27,90.55,162.44,204.44,71.02,11.87,60.51,32.00,21.83,24.86,39.56,39.66,13.55,4.90,5.20,11.00,57.45,97.58,204.59,251.96,111.37,37.03,39.33,11.00,5.24,13.40,28.11,40.25,11.57,2.08,10.23,2.00,0,휴식 (Relax)
320.00,605.00,145.00,627.00,36.00,14.57,31.41,14.45,46.65,54.09,28.38,27.38,48.00,38.31,71.96,141.77,226.68,63.47,35.02,22.55,76.00,11.86,14.87,31.44,45.97,6.08,14.87,14.35,1.00,45.56,61.89,180.48,269.45,65.08,110.59,61.71,87.00,8.38,16.22,30.08,38.28,11.82,5.57,6.40,7.00,0,휴식 (Relax)
328.00,616.00,151.00,616.00,31.00,17.28,11.79,20.50,40.00,44.85,22.38,46.19,24.00,73.31,103.72,176.56,192.46,22.86,38.14,64.57,32.00,5.71,12.53,39.49,36.24,12.47,12.53,2.86,17.00,97.92,108.23,229.82,219.13,38.80,89.33,10.96,32.00,6.46,14.22,28.09,40.16,13.80,6.62,6.21,9.00,0,휴식 (Relax)
312.00,551.00,140.00,551.00,28.00,9.74,12.25,14.22,48.00,37.12,29.56,54.16,16.00,19.52,51.55,135.46,232.61,35.71,92.06,117.86,22.00,1.44,7.86,34.78,40.72,13.62,17.38,7.64,22.00,27.06,46.58,183.51,262.09,44.74,148.60,67.21,44.00,4.60,9.42,27.02,38.05,12.85,13.39,9.97,2.00,0,휴식 (Relax)
312.00,561.00,140.00,551.00,31.00,6.31,16.00,25.48,50.60,48.77,16.00,39.24,32.00,47.16,65.46,173.85,199.62,50.71,62.79,68.45,44.00,10.03,4.31,36.20,37.48,22.66,10.17,3.90,11.00,68.60,97.58,238.66,211.37,88.35,78.86,35.39,32.00,9.51,13.52,31.85,33.06,7.86,8.68,8.33,3.00,0,휴식 (Relax)
320.00,594.00,151.00,605.00,36.00,6.31,16.00,25.48,50.60,48.77,16.00,39.24,32.00,36.80,54.46,163.74,209.86,60.05,70.85,67.42,55.00,5.54,1.91,30.25,43.42,27.43,13.80,9.90,5.00,35.63,66.79,210.96,239.27,116.39,78.72,64.34,65.00,5.07,4.87,27.13,33.96,9.52,10.69,14.96,13.00,0,휴식 (Relax)
320.00,605.00,151.00,627.00,36.00,12.94,11.79,24.71,48.66,40.88,22.38,37.29,40.00,38.10,40.28,173.74,197.12,85.22,17.77,68.99,1.00,11.59,12.80,26.50,43.29,31.42,2.87,4.05,16.00,46.60,82.95,239.56,211.62,144.16,44.20,11.90,11.00,13.96,11.70,35.23,24.35,3.43,1.06,5.34,3.00,0,휴식 (Relax)
328.00,572.00,145.00,561.00,26.00,9.19,19.20,32.08,40.79,37.16,30.19,40.02,48.00,28.06,30.54,162.76,208.06,95.44,16.71,70.30,10.00,16.57,16.56,30.88,38.33,26.48,6.92,3.31,11.00,13.75,50.11,206.96,244.00,176.37,38.79,44.71,44.00,1.91,4.60,25.99,31.14,16.43,11.95,7.69,10.00,0,휴식 (Relax)
312.00,551.00,140.00,551.00,26.00,9.19,19.20,32.08,40.79,37.16,30.19,40.02,48.00,26.24,25.15,147.68,209.61,107.99,40.74,96.59,44.00,7.06,18.25,23.67,41.23,26.39,15.20,12.22,0.00,53.96,39.69,202.67,240.92,175.77,91.05,31.38,21.00,10.05,14.44,32.37,24.70,15.46,8.69,4.50,0.00,0,휴식 (Relax)
304.00,561.00,130.00,551.00,33.00,27.38,32.10,54.09,11.31,14.45,47.93,14.57,16.00,79.03,77.90,197.64,155.54,53.50,47.68,50.79,11.00,19.81,38.74,39.82,23.35,7.02,21.19,13.59,21.00,118.01,104.59,265.48,176.26,113.14,40.72,35.78,44.00,8.10,12.95,30.55,26.42,17.44,10.41,6.38,2.00,0,휴식 (Relax)
320.00,594.00,151.00,627.00,36.00,21.63,24.27,47.75,17.89,21.67,55.89,10.48,8.00,48.06,63.17,170.82,169.94,61.65,90.67,22.18,54.00,8.84,30.60,31.99,31.91,5.21,32.18,24.48,32.00,59.61,72.03,226.34,205.64,84.90,106.82,117.80,131.00,6.01,16.33,32.70,23.19,14.99,3.05,3.70,8.00,0,휴식 (Relax)
336.00,605.00,156.00,627.00,31.00,27.39,23.58,59.72,22.63,18.33,44.77,31.30,32.00,60.59,98.42,199.00,132.06,19.54,66.79,58.26,10.00,13.93,38.24,45.93,27.29,17.15,23.49,7.37,11.00,102.00,140.52,288.88,146.51,22.54,48.20,67.86,55.00,4.43,14.35,30.70,25.18,16.90,4.70,5.66,10.00,0,휴식 (Relax)
328.00,561.00,140.00,551.00,24.00,34.72,31.34,67.37,17.89,10.46,41.30,23.37,24.00,30.94,57.72,159.20,161.44,50.53,95.16,102.22,34.00,3.10,27.39,36.80,38.21,24.92,31.97,13.54,0.00,26.04,74.60,226.07,218.69,64.67,111.82,112.82,32.00,11.05,9.21,28.18,27.73,13.86,10.64,10.57,5.00,0,휴식 (Relax)
312.00,561.00,135.00,561.00,33.00,10.75,17.13,68.87,40.79,24.65,21.78,12.89,0.00,52.33,75.20,178.51,127.14,46.81,30.42,50.09,32.00,13.93,16.67,43.96,42.94,32.44,16.67,3.63,16.00,38.45,103.09,256.87,199.90,69.00,63.49,61.11,23.00,11.05,9.21,28.18,27.73,13.86,10.64,10.57,5.00,0,휴식 (Relax)
312.00,605.00,140.00,616.00,42.00,10.75,17.13,68.87,40.79,24.65,21.78,12.89,0.00,41.27,31.32,134.73,169.29,89.72,41.56,60.45,76.00,18.83,19.05,48.83,38.59,27.76,19.05,4.77,11.00,40.74,48.09,204.84,253.84,123.84,79.34,7.86,78.00,13.04,8.23,21.74,37.54,15.81,17.95,8.46,11.00,0,휴식 (Relax)
328.00,605.00,151.00,627.00,33.00,17.00,9.27,65.07,48.66,28.42,28.46,6.76,8.00,85.40,35.34,130.72,164.44,93.44,12.76,32.25,22.00,11.24,8.42,48.15,45.28,29.83,20.33,15.55,0.00,104.92,47.58,213.84,250.97,119.60,16.50,73.48,12.00,17.80,13.04,26.26,34.41,11.08,13.04,3.84,6.00,0,휴식 (Relax)
320.00,583.00,140.00,561.00,26.00,17.00,9.27,65.07,48.66,28.42,28.46,6.76,8.00,85.40,35.34,130.72,164.44,93.44,12.76,32.25,22.00,11.24,8.42,48.15,45.28,29.83,20.33,15.55,0.00,83.76,25.60,191.97,272.89,141.29,5.73,94.40,10.00,7.99,11.40,20.40,42.94,14.98,11.40,6.28,4.00,0,휴식 (Relax)
312.00,551.00,140.00,551.00,28.00,16.71,13.69,57.60,56.57,28.23,33.05,14.65,0.00,40.91,45.39,106.85,176.78,86.73,52.98,78.71,76.00,10.68,11.32,44.95,48.84,28.21,25.02,12.06,5.00,55.64,59.43,168.86,289.12,120.83,71.13,58.57,66.00,5.38,18.77,26.46,39.85,7.93,5.97,3.99,4.00,0,휴식 (Relax)
304.00,561.00,135.00,572.00,33.00,36.13,28.46,62.34,58.24,8.29,9.27,10.75,24.00,59.29,100.32,154.63,127.42,34.86,29.23,24.20,21.00,16.68,19.85,54.78,39.81,18.10,12.96,22.21,11.00,88.61,100.36,208.67,248.17,81.38,48.90,56.90,22.00,4.30,17.02,24.81,41.76,8.73,4.27,5.83,6.00,0,휴식 (Relax)
320.00,605.00,145.00,616.00,36.00,28.13,27.31,54.34,65.97,0.29,4.69,18.75,32.00,19.63,74.80,121.17,162.11,33.16,81.36,37.37,33.00,14.87,19.59,50.19,44.38,13.10,15.11,25.46,16.00,26.09,89.63,169.07,280.27,46.71,101.39,84.78,43.00,5.85,16.91,27.70,40.20,1.30,12.25,2.22,2.00,0,휴식 (Relax)
328.00,605.00,151.00,638.00,33.00,14.68,40.25,50.43,71.55,16.11,13.11,7.30,16.00,38.77,105.85,152.58,136.47,21.95,52.63,6.63,11.00,19.99,28.84,51.76,41.44,20.24,4.75,23.58,5.00,61.21,168.83,233.19,215.52,48.55,38.31,91.83,44.00,7.21,18.63,29.69,38.21,1.60,10.99,0.52,0.00,0,휴식 (Relax)
320.00,561.00,140.00,540.00,28.00,14.68,40.25,50.43,71.55,16.11,13.11,7.30,16.00,30.21,73.45,124.80,166.23,54.11,71.28,39.20,44.00,10.99,18.75,40.90,52.35,20.61,6.36,30.03,6.00,28.15,115.27,181.99,268.08,80.41,92.17,150.18,109.00,8.04,11.17,28.49,38.21,7.66,14.67,8.05,8.00,0,휴식 (Relax)
296.00,561.00,130.00,540.00,31.00,27.66,35.62,35.39,85.04,37.30,30.12,20.75,40.00,66.69,62.63,142.07,154.43,60.71,27.31,19.48,0.00,12.22,24.14,34.35,54.12,39.10,16.48,13.34,15.00,108.13,141.74,228.63,234.31,132.55,38.97,63.37,22.00,12.59,10.78,33.15,33.24,8.31,9.68,3.69,3.00,0,휴식 (Relax)
320.00,605.00,151.00,616.00,39.00,32.95,42.26,41.23,79.20,32.74,22.77,15.42,32.00,33.71,43.05,109.60,187.18,93.51,25.24,49.46,33.00,9.17,18.15,29.00,59.91,43.37,21.83,9.29,21.00,55.33,87.93,177.82,288.11,181.71,88.47,30.17,33.00,0.85,7.68,26.23,37.12,21.30,8.55,12.06,10.00,0,휴식 (Relax)
320.00,594.00,156.00,627.00,33.00,30.54,34.55,34.40,85.04,38.22,21.68,16.23,24.00,18.95,18.49,110.03,187.30,90.45,18.49,8.95,10.00,19.39,11.96,19.12,65.76,50.96,21.70,24.04,5.00,54.16,43.71,197.23,283.85,196.90,42.33,70.96,43.00,7.70,9.35,31.70,31.06,19.84,1.60,5.15,3.00,0,휴식 (Relax)
328.00,583.00,140.00,572.00,26.00,42.56,31.65,45.91,71.55,19.43,16.67,17.65,48.00,39.87,19.65,131.72,165.47,69.19,19.65,26.40,12.00,29.36,20.97,27.26,57.14,41.33,13.19,14.24,15.00,73.82,60.34,218.19,262.92,175.90,32.05,58.32,22.00,2.48,12.50,26.10,35.38,26.36,5.64,4.23,4.00,0,휴식 (Relax)
328.00,551.00,140.00,551.00,28.00,50.07,38.77,53.48,64.50,16.28,20.42,16.01,40.00,8.07,49.51,115.33,176.41,53.34,62.54,65.25,55.00,19.29,12.11,19.89,63.78,41.82,2.30,8.69,26.00,6.90,22.72,205.70,279.73,162.96,51.30,90.27,54.00,8.99,20.49,29.67,30.00,21.97,4.90,4.51,4.00,0,휴식 (Relax)
312.00,583.00,145.00,583.00,33.00,26.17,18.37,56.64,56.57,8.72,44.35,33.93,16.00,28.68,70.41,133.88,156.17,34.34,48.71,49.77,33.00,15.23,17.02,27.85,55.97,31.17,12.18,11.37,15.00,49.00,66.66,247.13,239.01,122.29,50.76,50.05,10.00,7.01,19.09,27.71,31.62,23.37,6.90,6.09,6.00,0,휴식 (Relax)
320.00,594.00,156.00,627.00,33.00,19.65,20.42,64.63,48.66,11.82,38.77,25.94,24.00,7.82,61.11,109.62,172.53,16.87,65.74,52.74,0.00,18.10,1.02,16.70,68.80,24.44,25.08,22.81,1.00,32.25,57.25,206.21,278.93,82.39,124.89,28.15,66.00,4.77,21.45,27.52,27.51,15.55,6.46,7.37,3.00,0,휴식 (Relax)
344.00,616.00,156.00,627.00,31.00,44.26,14.31,58.87,53.67,43.30,52.34,11.14,56.00,62.00,106.54,142.39,131.05,38.70,10.76,40.32,55.00,31.04,20.25,34.32,60.17,12.66,26.11,18.61,20.00,98.22,122.46,256.12,231.04,45.57,82.36,48.32,0.00,3.14,19.56,25.58,29.41,16.18,8.45,9.27,5.00,0,휴식 (Relax)
328.00,572.00,135.00,551.00,28.00,56.55,24.45,74.27,40.00,41.50,36.36,7.67,40.00,32.66,76.43,112.93,157.26,57.77,25.97,53.17,88.00,28.61,16.95,31.05,65.00,8.28,30.90,22.29,25.00,44.57,82.72,203.72,283.24,26.53,121.69,113.32,65.00,11.17,9.17,20.25,28.44,2.19,9.48,4.93,9.00,0,휴식 (Relax)
312.00,551.00,130.00,551.00,33.00,49.63,26.53,66.03,51.22,56.93,26.53,20.79,24.00,47.62,80.36,131.62,135.09,90.05,33.73,62.81,34.00,34.80,29.12,45.35,63.20,28.43,16.37,5.98,4.00,78.35,132.84,239.38,250.79,85.43,46.69,52.06,11.00,11.17,9.17,20.25,28.44,2.19,9.48,4.93,9.00,0,휴식 (Relax)
312.00,594.00,151.00,627.00,39.00,50.94,34.17,71.65,46.65,52.69,24.99,15.71,32.00,37.06,70.20,120.78,145.78,99.76,44.06,72.46,23.00,26.23,18.38,36.39,74.17,32.85,23.15,9.84,7.00,18.53,68.88,176.02,314.33,137.60,58.87,75.94,77.00,10.59,5.87,13.28,33.29,11.79,10.66,9.19,4.00,0,휴식 (Relax)
328.00,605.00,151.00,605.00,33.00,43.39,21.78,57.48,60.93,63.99,17.13,21.14,48.00,17.22,27.51,121.29,143.54,116.78,51.55,18.98,77.00,16.71,16.20,41.08,75.71,40.14,12.22,9.72,4.00,39.40,67.17,180.96,305.79,152.82,5.10,31.10,23.00,15.04,8.12,17.68,29.21,11.63,5.66,4.25,1.00,0,휴식 (Relax)
312.00,583.00,140.00,561.00,26.00,38.54,24.00,59.21,58.24,57.03,24.00,14.30,40.00,38.94,40.68,143.05,121.82,95.11,29.66,40.90,55.00,11.98,20.39,46.01,70.83,35.67,15.69,6.22,1.00,31.28,57.23,170.10,316.76,163.79,9.82,22.73,12.00,8.04,10.80,13.45,33.97,18.54,4.83,4.33,8.00,0,휴식 (Relax)
320.00,561.00,145.00,551.00,28.00,38.54,24.00,59.21,58.24,57.03,24.00,14.30,40.00,21.07,5.27,126.76,136.47,96.62,27.32,82.78,11.00,11.98,20.39,46.01,70.83,35.67,15.69,6.22,1.00,62.47,19.98,146.76,318.91,155.45,55.70,85.97,77.00,3.13,18.79,19.68,29.15,16.12,3.30,3.88,0.00,0,휴식 (Relax)
320.00,583.00,145.00,594.00,36.00,46.39,17.13,55.81,56.57,49.29,21.78,22.27,48.00,40.51,27.27,145.28,117.60,74.85,5.53,65.94,33.00,17.68,18.25,50.98,65.00,29.97,20.02,12.11,5.00,106.33,63.58,185.52,275.38,114.44,37.35,45.23,33.00,2.92,16.72,17.37,31.76,18.84,5.53,6.54,3.00,0,휴식 (Relax)
320.00,616.00,151.00,627.00,36.00,46.39,17.13,55.81,56.57,49.29,21.78,22.27,48.00,14.71,40.31,106.84,154.93,65.32,52.72,68.56,88.00,11.18,15.41,42.48,68.54,24.01,30.96,22.92,16.00,37.29,56.81,135.10,301.47,77.49,117.76,70.32,54.00,8.69,19.13,21.48,28.86,14.30,8.48,5.52,5.00,0,휴식 (Relax)
328.00,583.00,151.00,594.00,28.00,27.20,25.60,29.39,60.93,43.68,10.61,24.17,16.00,36.45,61.70,120.23,142.04,43.72,38.43,53.89,66.00,24.94,16.01,53.83,49.93,17.37,23.70,11.59,5.00,66.32,110.80,177.97,253.82,32.86,78.20,18.80,0.00,6.77,16.26,18.65,31.78,16.57,11.47,8.22,8.00,0,휴식 (Relax)
328.00,561.00,140.00,561.00,31.00,29.60,28.46,33.76,53.67,50.59,9.27,16.99,24.00,20.86,51.92,80.02,180.75,39.91,65.94,30.06,22.00,13.98,19.71,43.68,56.64,10.60,32.67,19.40,16.00,16.73,80.86,137.12,285.92,23.84,103.17,36.81,55.00,9.73,9.79,20.10,31.02,10.46,8.72,0.34,0.00,0,휴식 (Relax)
304.00,572.00,135.00,561.00,31.00,20.81,36.36,18.98,62.48,63.74,24.45,2.77,40.00,41.11,71.14,85.62,172.66,18.09,44.53,43.86,44.00,8.40,40.58,49.36,43.42,31.57,13.68,3.61,5.00,52.38,125.61,176.92,239.43,54.22,37.47,37.98,11.00,11.61,10.10,22.10,29.02,9.61,7.35,2.12,2.00,0,휴식 (Relax)
328.00,605.00,151.00,616.00,36.00,20.81,36.36,18.98,62.48,63.74,24.45,2.77,40.00,19.41,51.12,63.62,193.68,25.52,39.08,65.27,66.00,2.68,33.00,38.42,53.31,37.46,16.82,12.06,16.00,27.75,82.65,137.77,274.85,89.98,25.90,81.90,55.00,1.86,5.28,20.38,31.02,0.59,2.85,11.86,12.00,0,휴식 (Relax)
328.00,594.00,151.00,627.00,36.00,20.81,36.36,18.98,62.48,63.74,24.45,2.77,40.00,29.70,57.13,61.18,186.32,22.09,31.01,24.72,23.00,13.29,36.21,37.01,50.01,43.67,6.21,7.90,5.00,90.00,80.06,166.98,241.28,121.67,51.12,28.22,21.00,7.10,6.97,28.08,23.71,8.27,7.17,6.08,4.00,0,휴식 (Relax)
320.00,572.00,140.00,551.00,24.00,28.78,36.72,15.52,56.57,59.26,21.06,5.26,48.00,18.70,46.56,50.24,197.31,31.32,29.87,20.43,12.00,9.25,31.54,32.41,54.92,48.45,2.24,11.53,0.00,58.25,50.85,135.96,271.84,152.14,75.29,49.58,53.00,2.36,10.95,23.93,29.00,14.67,15.81,10.71,5.00,0,휴식 (Relax)
312.00,561.00,135.00,530.00,28.00,21.32,30.63,10.12,62.48,64.34,14.63,12.94,56.00,17.16,22.89,44.72,198.22,47.24,57.11,34.62,45.00,19.33,14.56,22.20,55.11,50.65,20.25,9.98,21.00,56.31,49.37,157.56,261.84,170.67,108.77,48.83,44.00,7.34,15.94,27.91,25.61,16.13,13.64,5.91,0.00,0,휴식 (Relax)
320.00,583.00,151.00,616.00,39.00,18.31,6.63,13.95,50.60,42.54,38.63,14.85,32.00,50.15,47.06,77.34,165.47,22.83,29.08,32.59,12.00,24.33,16.27,26.66,50.22,45.67,17.53,6.62,16.00,67.17,59.13,168.45,250.88,159.72,97.78,39.97,33.00,2.68,12.25,21.69,32.25,24.12,18.81,2.09,8.00,0,휴식 (Relax)
320.00,616.00,145.00,627.00,36.00,25.22,5.74,18.88,43.08,42.14,33.45,6.93,40.00,18.92,14.94,67.87,176.78,61.90,53.26,71.80,32.00,15.28,7.26,20.54,53.31,42.01,22.79,11.48,6.00,19.43,78.59,166.51,268.16,155.60,73.22,68.13,43.00,10.11,17.94,25.86,29.12,22.62,10.87,6.11,0.00,0,휴식 (Relax)
320.00,583.00,151.00,594.00,31.00,17.23,2.54,22.79,40.79,35.05,35.69,1.74,48.00,41.14,43.53,98.91,147.58,49.10,22.92,40.03,0.00,17.47,13.80,37.66,35.00,28.47,1.91,10.11,27.00,60.13,121.59,208.90,228.60,113.81,46.60,26.56,0.00,8.17,15.97,23.95,31.05,24.47,9.84,8.06,2.00,0,휴식 (Relax)
320.00,561.00,135.00,530.00,26.00,9.96,9.27,30.56,32.98,41.73,28.46,6.46,40.00,8.51,22.47,84.90,165.00,79.46,34.49,21.05,33.00,6.87,10.89,28.12,46.40,12.52,14.26,24.85,43.00,40.27,86.74,179.20,283.70,92.93,58.46,70.45,97.00,8.18,13.95,26.38,30.41,18.03,13.54,7.76,11.00,0,휴식 (Relax)
304.00,561.00,130.00,561.00,36.00,30.77,20.91,35.19,35.78,45.23,8.66,29.82,16.00,35.50,59.38,122.64,132.46,61.00,10.19,41.93,11.00,19.38,31.70,45.15,37.66,27.22,14.10,14.85,22.00,84.21,124.51,219.59,253.39,49.40,56.42,34.56,53.00,5.33,11.38,23.38,33.38,20.55,13.95,10.71,14.00,0,휴식 (Relax)
320.00,605.00,151.00,627.00,39.00,24.95,13.86,27.31,43.08,40.14,13.86,37.05,8.00,17.12,40.91,107.41,149.62,80.88,31.44,58.39,33.00,13.33,24.41,37.47,48.51,28.68,25.10,22.09,11.00,36.48,66.30,180.67,306.87,56.11,119.54,66.36,13.00,7.67,2.73,22.64,37.59,12.81,23.46,3.54,1.00,0,휴식 (Relax)
336.00,616.00,156.00,627.00,31.00,25.09,19.31,28.91,51.22,55.85,3.31,28.14,24.00,52.48,65.91,141.66,125.42,57.88,44.14,53.55,22.00,18.32,28.88,43.86,48.17,37.66,19.24,11.76,22.00,87.42,95.97,236.34,274.17,30.71,70.12,13.62,63.00,10.50,5.73,25.60,34.99,10.61,20.57,1.30,4.00,0,휴식 (Relax)
320.00,572.00,135.00,551.00,26.00,25.09,19.31,28.91,51.22,55.85,3.31,28.14,24.00,41.52,55.00,131.81,136.06,68.08,55.00,62.10,33.00,10.01,19.14,34.57,58.14,46.01,25.25,2.04,32.00,44.48,53.00,200.85,315.24,71.67,96.64,50.53,106.00,6.86,7.03,22.23,41.04,3.54,18.07,9.29,14.00,0,휴식 (Relax)
312.00,561.00,145.00,561.00,31.00,18.23,14.78,26.80,56.57,62.51,6.12,25.95,16.00,26.78,49.19,147.11,133.82,50.79,49.19,15.19,22.00,5.21,14.18,35.30,58.86,47.14,19.26,8.02,26.00,27.68,49.66,227.25,303.73,87.56,31.14,39.33,40.00,10.69,11.98,26.66,37.54,2.20,14.92,5.48,9.00,0,휴식 (Relax)
312.00,594.00,135.00,605.00,42.00,4.83,25.60,41.47,46.65,50.44,10.61,36.67,32.00,17.35,38.91,136.14,144.68,61.57,59.73,11.01,33.00,11.86,20.56,51.11,43.17,31.38,32.33,8.88,42.00,16.86,38.77,216.39,314.70,98.27,26.88,49.36,29.00,3.71,11.42,18.88,48.88,13.57,3.41,13.91,5.00,0,휴식 (Relax)
312.00,616.00,140.00,627.00,39.00,13.23,41.36,53.37,33.94,46.25,9.02,21.65,16.00,38.72,23.56,130.25,162.41,56.11,29.95,59.63,22.00,11.86,20.56,51.11,43.17,31.38,32.33,8.88,42.00,49.42,41.27,211.47,317.21,108.46,56.24,16.67,95.00,10.92,19.35,25.54,45.31,14.05,10.94,5.91,3.00,0,휴식 (Relax)
328.00,572.00,151.00,583.00,24.00,15.86,32.98,63.36,24.00,24.27,32.98,2.85,8.00,38.72,23.56,130.25,162.41,56.11,29.95,59.63,22.00,14.02,15.04,62.19,27.86,26.34,41.88,9.07,26.00,70.55,62.97,232.51,295.45,86.54,52.43,8.37,73.00,6.74,14.59,20.60,51.87,21.05,17.18,2.70,10.00,0,휴식 (Relax)
320.00,561.00,135.00,540.00,28.00,8.04,28.11,55.58,32.00,18.22,38.91,9.91,16.00,36.87,35.20,107.99,187.32,56.66,14.58,34.53,22.00,6.40,10.12,48.46,36.77,12.59,57.88,25.06,10.00,45.54,62.75,194.25,316.08,96.98,119.70,83.96,3.00,11.09,18.01,25.46,49.82,19.22,15.74,5.92,2.00,0,휴식 (Relax)
312.00,561.00,135.00,572.00,36.00,8.04,13.11,55.58,35.78,18.22,40.25,9.91,0.00,66.84,67.78,133.95,163.53,23.68,22.08,41.40,11.00,17.93,15.58,54.35,27.86,28.10,48.10,11.63,26.00,93.61,117.47,237.22,266.10,43.50,75.35,37.84,52.00,11.09,18.01,25.46,49.82,19.22,15.74,5.92,2.00,0,휴식 (Relax)
320.00,605.00,145.00,627.00,36.00,8.04,13.11,55.58,35.78,18.22,40.25,9.91,0.00,34.05,53.89,108.16,189.25,33.47,53.89,58.70,44.00,14.69,15.72,49.39,32.57,29.64,49.59,11.24,31.00,18.20,77.79,178.58,308.18,86.11,109.11,74.97,128.00,1.84,11.19,28.15,49.09,13.32,3.85,10.33,14.00,0,휴식 (Relax)
328.00,605.00,156.00,616.00,28.00,11.05,25.30,47.77,45.25,33.76,25.30,6.39,16.00,23.27,87.05,130.72,167.55,20.10,45.85,57.11,0.00,23.28,35.12,48.55,32.89,46.89,31.78,18.06,10.00,72.71,145.61,227.79,248.21,54.87,23.22,14.32,42.00,1.84,11.19,28.15,49.09,13.32,3.85,10.33,14.00,0,휴식 (Relax)
336.00,561.00,140.00,561.00,31.00,27.02,33.94,60.36,35.78,34.11,33.94,9.73,0.00,10.81,66.00,109.88,187.97,41.39,66.00,73.87,22.00,13.04,26.24,37.88,43.42,55.67,20.83,26.00,1.00,23.11,95.39,177.93,293.78,109.81,44.40,63.58,13.00,6.21,3.74,26.54,50.22,8.35,7.88,3.38,6.00,0,휴식 (Relax)
304.00,561.00,130.00,551.00,31.00,13.26,37.52,48.02,50.60,50.02,37.52,25.47,16.00,53.17,65.21,121.08,176.34,61.30,28.81,23.10,33.00,2.54,29.68,30.88,49.40,60.35,32.42,21.85,14.00,71.34,105.59,200.62,262.92,104.45,37.97,42.09,63.00,10.93,1.37,31.12,45.35,5.68,8.01,6.63,11.00,0,휴식 (Relax)
320.00,594.00,145.00,605.00,36.00,13.26,37.52,48.02,50.60,50.02,37.52,25.47,16.00,44.46,55.08,110.10,187.32,71.33,36.36,13.21,44.00,7.63,35.46,35.77,44.41,54.36,31.40,20.08,8.00,60.38,95.05,189.68,273.48,115.41,48.43,51.56,74.00,7.55,3.80,27.86,46.82,1.14,12.71,10.47,16.00,0,휴식 (Relax)
320.00,616.00,145.00,627.00,36.00,13.26,37.52,48.02,50.60,50.02,37.52,25.47,16.00,53.61,19.05,105.05,192.11,89.95,19.05,67.95,11.00,6.30,27.36,28.16,50.91,51.87,38.67,17.11,2.00,52.26,45.49,186.80,263.92,111.28,84.72,45.84,23.00,11.75,13.26,34.06,37.58,11.13,6.33,9.07,6.00,0,휴식 (Relax)
320.00,561.00,151.00,572.00,26.00,16.34,35.47,44.49,48.00,35.06,23.11,33.64,32.00,53.61,19.05,105.05,192.11,89.95,19.05,67.95,11.00,26.76,33.49,41.45,39.00,35.73,18.01,32.08,19.00,63.10,55.37,197.66,252.96,100.28,74.15,36.49,12.00,3.67,11.08,25.14,42.80,17.48,14.60,17.69,4.00,0,휴식 (Relax)
312.00,561.00,135.00,540.00,26.00,15.67,29.75,37.42,56.00,36.32,22.87,37.25,40.00,10.01,25.43,87.33,206.67,94.86,44.89,46.38,33.00,12.26,17.92,28.58,54.12,21.09,17.11,48.01,35.00,29.76,40.94,169.76,274.56,105.54,84.03,74.79,75.00,10.89,23.11,30.07,33.42,24.14,6.01,4.72,9.00,0,휴식 (Relax)
312.00,561.00,135.00,561.00,36.00,34.97,6.12,23.25,60.93,12.86,14.78,40.69,16.00,45.03,76.71,136.58,158.64,40.00,20.20,62.08,22.00,18.34,9.49,41.45,52.35,27.36,7.86,28.79,14.00,95.57,106.06,230.24,215.59,40.37,19.83,9.17,9.00,7.52,18.94,25.20,37.44,28.82,10.07,2.44,14.00,0,휴식 (Relax)
312.00,605.00,151.00,627.00,36.00,42.97,3.31,30.01,53.67,19.24,19.31,35.14,24.00,18.74,64.76,116.51,179.07,37.73,53.15,80.20,55.00,4.53,7.10,28.33,68.26,24.61,17.14,23.22,2.00,35.59,82.67,187.41,262.34,81.14,57.34,66.87,67.00,11.76,20.23,25.74,32.89,29.91,3.26,8.51,4.00,0,휴식 (Relax)
344.00,605.00,156.00,616.00,31.00,18.25,28.69,21.07,73.76,35.37,51.31,16.61,56.00,46.04,97.73,146.86,149.62,6.31,36.58,76.14,11.00,8.29,15.58,33.83,70.09,34.53,17.30,22.05,9.00,65.39,130.19,228.10,226.68,50.71,37.73,25.85,12.00,11.76,20.23,25.74,32.89,29.91,3.26,8.51,4.00,0,휴식 (Relax)
320.00,572.00,135.00,561.00,31.00,19.64,34.81,29.06,68.82,37.62,46.01,20.65,48.00,24.05,76.46,127.79,167.91,24.55,55.75,90.23,11.00,8.29,15.58,33.83,70.09,34.53,17.30,22.05,9.00,23.53,90.72,191.31,263.82,90.90,79.18,53.53,32.00,1.35,10.83,22.24,31.00,26.39,7.79,9.56,15.00,0,휴식 (Relax)
304.00,561.00,130.00,540.00,28.00,15.18,34.42,27.27,75.47,45.62,47.66,28.01,40.00,33.39,69.90,147.47,146.76,56.93,20.92,44.38,44.00,10.18,21.66,34.18,73.16,39.61,8.54,29.18,1.00,63.77,110.47,228.79,233.19,75.21,46.07,34.27,55.00,10.87,15.31,32.37,20.00,17.76,7.31,4.80,4.00,0,휴식 (Relax)
320.00,583.00,156.00,605.00,39.00,11.13,40.79,34.57,71.55,43.17,40.79,20.02,48.00,22.56,60.56,136.61,157.50,65.49,30.50,34.98,55.00,6.10,16.67,29.31,77.83,44.47,9.70,34.04,6.00,44.90,88.74,207.45,254.83,97.21,67.19,54.17,77.00,5.38,0.31,25.13,25.00,6.10,22.31,16.32,11.00,0,휴식 (Relax)
320.00,616.00,145.00,627.00,39.00,11.13,40.79,34.57,71.55,43.17,40.79,20.02,48.00,38.72,11.91,135.37,155.56,94.69,28.74,89.41,0.00,5.12,12.80,24.68,81.84,43.92,2.87,24.25,4.00,75.37,52.73,213.87,254.66,102.48,46.12,59.31,10.00,16.32,10.78,34.54,17.49,7.39,16.49,10.49,0.00,0,휴식 (Relax)
320.00,572.00,145.00,572.00,28.00,18.44,36.96,38.49,68.35,36.65,45.72,25.97,40.00,49.70,19.05,146.14,144.68,84.86,19.05,78.98,11.00,13.75,20.84,32.96,73.06,34.62,11.73,32.83,6.00,75.37,52.73,213.87,254.66,102.48,46.12,59.31,10.00,9.15,7.47,29.03,24.70,9.99,21.45,14.62,8.00,0,휴식 (Relax)
312.00,572.00,135.00,551.00,26.00,10.48,34.81,30.72,75.89,39.65,46.01,30.95,32.00,24.14,14.58,130.75,153.21,94.13,35.20,58.90,44.00,8.79,11.73,25.91,78.60,28.14,20.84,40.15,16.00,18.37,28.96,189.13,277.78,109.37,50.49,18.69,66.00,9.37,16.26,35.04,23.02,16.80,11.47,6.49,2.00,0,휴식 (Relax)
304.00,551.00,140.00,551.00,33.00,15.82,20.73,36.56,72.00,15.88,63.64,31.25,56.00,56.16,66.79,173.65,104.62,40.40,21.15,82.04,10.00,20.56,17.74,36.64,66.47,23.21,19.63,35.10,0.00,76.20,93.22,247.17,220.81,44.63,16.99,46.31,1.00,5.91,12.00,30.44,28.02,21.11,9.05,3.64,7.00,0,휴식 (Relax)
328.00,616.00,145.00,627.00,36.00,23.81,14.69,44.44,64.00,18.97,55.79,26.11,48.00,2.88,54.14,133.08,141.50,60.02,74.88,114.42,65.00,15.57,12.76,32.39,70.09,18.70,24.23,36.81,5.00,16.63,71.42,205.24,262.34,69.88,82.35,110.16,65.00,3.77,12.38,31.04,28.64,22.07,7.92,7.46,2.00,0,휴식 (Relax)
336.00,605.00,156.00,627.00,33.00,14.32,46.65,48.34,71.55,26.87,46.65,17.88,16.00,42.01,94.73,158.25,118.85,28.61,58.62,103.23,21.00,12.69,20.65,45.45,56.08,42.23,10.74,25.50,21.00,74.97,138.39,256.39,215.23,37.35,65.43,60.79,11.00,3.75,14.16,33.00,26.68,20.07,9.35,5.46,4.00,0,휴식 (Relax)
320.00,572.00,135.00,551.00,31.00,14.32,46.65,48.34,71.55,26.87,46.65,17.88,16.00,24.03,76.05,137.67,139.46,47.28,75.22,112.45,1.00,2.76,11.38,36.47,65.46,44.47,20.31,23.34,31.00,23.66,92.61,209.42,263.10,91.35,116.45,85.25,65.00,6.63,9.61,30.58,28.23,18.27,14.34,1.75,9.00,0,휴식 (Relax)
296.00,561.00,130.00,540.00,33.00,9.69,51.83,46.70,85.04,50.73,22.67,32.25,40.00,52.28,86.61,148.03,132.38,38.59,23.05,76.54,54.00,12.27,16.33,41.08,62.29,56.54,11.19,32.33,16.00,76.11,121.44,241.01,240.10,99.81,61.13,33.93,22.00,9.59,9.31,32.68,25.50,15.96,12.54,3.01,6.00,0,휴식 (Relax)
312.00,583.00,145.00,605.00,36.00,17.40,59.44,54.56,79.20,47.62,28.61,24.43,32.00,30.34,65.62,126.03,154.32,60.38,28.67,61.63,76.00,18.01,22.33,47.05,56.32,51.80,9.25,26.73,22.00,43.63,88.58,208.46,272.97,132.48,83.72,43.80,55.00,2.51,6.90,23.89,31.14,8.03,17.79,11.94,4.00,0,휴식 (Relax)
336.00,616.00,156.00,627.00,36.00,13.60,40.00,46.32,97.65,67.59,40.00,3.57,8.00,27.44,27.93,115.57,167.16,69.45,26.79,112.14,21.00,12.53,17.30,45.38,57.97,61.40,15.58,5.74,43.00,57.69,58.49,208.10,279.43,137.83,11.09,84.86,32.00,11.74,10.16,27.64,24.70,8.73,7.80,6.78,6.00,0,휴식 (Relax)
320.00,572.00,145.00,561.00,26.00,21.20,40.79,53.46,93.30,61.67,40.79,7.58,16.00,38.42,35.48,125.95,157.08,58.69,21.93,101.19,32.00,21.43,26.67,55.14,48.38,51.75,15.18,15.55,33.00,57.69,58.49,208.10,279.43,137.83,11.09,84.86,32.00,3.00,13.62,17.85,33.62,9.76,7.64,14.18,16.00,0,휴식 (Relax)
320.00,551.00,135.00,530.00,28.00,29.14,47.66,59.59,86.53,59.11,34.42,6.45,8.00,25.22,18.94,99.26,186.04,72.83,67.98,59.73,86.00,5.49,14.80,48.10,55.47,52.54,30.25,30.52,17.00,46.17,45.15,174.99,316.08,134.14,86.72,27.32,65.00,8.23,21.62,18.56,31.40,15.40,0.81,6.22,8.00,0,휴식 (Relax)
312.00,572.00,145.00,583.00,36.00,15.21,19.31,74.53,73.76,27.69,3.31,37.19,24.00,57.53,49.69,126.54,162.05,41.80,42.25,74.51,53.00,6.95,20.61,56.93,46.75,41.79,21.62,22.71,28.00,79.17,76.82,204.70,288.17,101.23,66.20,18.28,32.00,3.24,18.29,13.58,36.35,19.74,4.84,1.87,3.00,0,휴식 (Relax)
320.00,594.00,151.00,616.00,36.00,15.21,19.31,74.53,73.76,27.69,3.31,37.19,24.00,36.69,42.25,109.96,178.83,48.61,49.69,83.35,31.00,9.06,4.62,44.65,58.60,34.82,27.25,24.50,44.00,34.82,66.12,169.35,322.14,90.32,97.68,61.35,23.00,2.51,19.69,11.97,36.00,20.65,4.49,5.64,8.00,0,휴식 (Relax)
336.00,605.00,151.00,605.00,31.00,18.51,22.87,78.18,73.76,30.54,29.75,23.41,8.00,32.28,77.79,133.01,155.68,8.21,11.80,88.42,75.00,29.51,18.36,56.42,49.04,22.02,6.98,16.55,23.00,68.48,125.68,212.86,277.37,34.06,33.31,42.80,42.00,5.48,22.51,14.64,33.00,17.67,1.81,3.94,5.00,0,휴식 (Relax)
312.00,561.00,135.00,551.00,26.00,13.29,23.11,70.20,81.58,27.43,35.47,28.25,16.00,18.09,57.60,112.23,175.86,27.79,12.01,104.82,97.00,15.32,11.75,37.57,69.43,1.96,14.35,23.62,2.00,16.57,82.21,166.24,321.21,23.34,46.41,90.11,96.00,7.93,12.28,10.27,35.47,16.22,11.19,13.87,8.00,0,휴식 (Relax)
312.00,572.00,135.00,561.00,36.00,14.77,30.12,66.95,83.52,35.39,35.62,21.16,8.00,35.41,61.04,119.45,164.48,35.64,40.89,63.39,53.00,19.00,21.55,40.52,68.12,11.95,8.93,21.50,12.00,49.80,106.70,191.41,290.80,51.59,20.79,24.57,30.00,10.90,13.09,13.24,32.70,13.24,9.30,10.90,5.00,0,휴식 (Relax)
320.00,594.00,145.00,616.00,39.00,14.77,30.12,66.95,83.52,35.39,35.62,21.16,8.00,25.52,40.89,97.48,186.30,55.98,61.04,41.44,31.00,19.00,21.55,40.52,68.12,11.95,8.93,21.50,12.00,21.86,63.02,148.18,332.05,86.90,63.02,27.95,14.00,5.71,5.18,12.30,38.42,12.30,15.91,5.71,6.00,0,휴식 (Relax)
328.00,616.00,151.00,616.00,36.00,5.09,27.51,52.75,89.44,47.20,19.87,36.93,24.00,56.76,12.01,88.03,186.30,68.20,57.60,84.41,75.00,3.96,24.88,37.88,69.05,25.96,7.29,15.07,4.00,75.49,39.47,150.79,316.93,112.35,58.28,37.56,51.00,14.28,6.32,22.30,31.24,2.32,6.32,7.83,4.00,0,휴식 (Relax)
320.00,572.00,145.00,572.00,26.00,16.84,41.30,57.39,75.47,34.71,31.34,24.38,8.00,77.74,32.43,107.88,165.47,47.93,40.15,67.32,54.00,2.04,29.75,42.61,64.13,22.99,6.06,17.42,1.00,96.37,59.24,171.62,296.14,92.47,38.56,21.62,30.00,7.32,7.81,20.56,36.89,6.16,7.81,13.03,11.00,0,휴식 (Relax)
320.00,551.00,140.00,551.00,26.00,11.89,33.94,49.39,80.00,38.65,33.94,23.09,0.00,28.09,43.66,83.19,185.65,77.77,25.06,69.10,11.00,4.74,25.72,39.56,65.25,26.23,10.50,21.83,6.00,45.88,37.61,149.92,294.85,117.98,41.92,74.91,46.00,5.29,17.79,29.79,32.57,7.51,2.33,10.60,1.00,0,휴식 (Relax)
320.00,594.00,135.00,594.00,36.00,19.65,32.34,46.43,67.88,23.26,42.07,22.38,16.00,31.24,54.20,93.27,176.01,68.42,17.94,60.76,0.00,25.74,31.61,53.88,45.31,10.44,12.28,1.22,15.00,61.36,70.55,180.26,262.09,86.72,19.30,42.23,13.00,2.78,15.72,27.90,35.44,10.22,4.57,12.53,2.00,0,휴식 (Relax)
312.00,605.00,156.00,649.00,36.00,27.46,39.05,53.86,62.48,24.84,34.10,24.33,8.00,22.50,47.20,73.86,194.45,81.73,41.93,32.41,33.00,10.14,11.37,37.03,56.64,29.70,32.60,19.91,36.00,49.47,66.09,133.34,291.14,130.19,109.36,66.84,85.00,2.75,16.92,30.78,34.37,11.28,5.63,8.11,3.00,0,휴식 (Relax)
344.00,605.00,156.00,594.00,31.00,21.90,14.63,41.25,40.00,34.36,30.63,67.64,40.00,50.17,86.23,108.06,162.11,39.90,15.69,75.17,11.00,28.93,15.68,52.89,41.23,25.59,27.17,11.26,10.00,92.31,120.08,180.74,244.12,84.85,73.23,13.04,31.00,2.04,15.09,28.87,36.35,13.28,7.63,6.18,5.00,0,휴식 (Relax)
320.00,551.00,140.00,551.00,28.00,29.85,22.63,49.21,32.00,36.23,22.63,59.72,32.00,37.94,58.91,84.54,187.04,52.72,46.51,106.53,43.00,23.93,11.71,48.51,45.88,30.58,31.57,15.97,5.00,69.15,89.86,146.19,276.88,114.64,103.09,43.79,23.00,9.11,8.00,29.29,36.12,12.90,5.48,14.16,3.00,0,휴식 (Relax)
312.00,561.00,130.00,551.00,31.00,14.17,17.89,43.55,40.00,60.22,17.89,41.24,8.00,77.31,76.07,120.05,161.31,17.41,32.52,66.66,12.00,11.01,28.38,57.98,44.15,30.72,10.99,10.27,31.00,116.13,139.56,200.09,226.11,53.84,27.31,34.73,53.00,14.05,8.95,34.21,31.14,7.97,1.95,9.86,2.00,0,휴식 (Relax)
328.00,605.00,140.00,616.00,39.00,14.64,10.61,36.20,46.65,63.91,25.60,39.49,0.00,44.51,43.32,92.47,192.72,50.35,65.13,69.36,45.00,15.00,33.10,62.89,39.29,25.73,10.01,5.51,26.00,63.51,85.68,155.53,272.95,96.30,44.61,89.61,108.00,6.98,5.22,29.37,34.89,10.75,11.61,11.72,15.00,0,휴식 (Relax)
328.00,616.00,151.00,627.00,36.00,16.30,3.31,30.70,51.22,69.00,19.31,38.15,8.00,24.47,39.02,126.88,185.33,63.59,43.19,55.82,20.00,2.48,29.39,61.60,46.04,25.47,11.83,12.90,10.00,33.50,91.70,208.34,242.26,66.17,55.29,40.82,11.00,12.91,10.54,36.34,28.02,5.50,9.10,5.50,7.00,0,휴식 (Relax)
312.00,583.00,145.00,572.00,26.00,16.30,3.31,30.70,51.22,69.00,19.31,38.15,8.00,35.45,49.99,137.07,174.35,53.50,33.62,57.28,9.00,2.48,29.39,61.60,46.04,25.47,11.83,12.90,10.00,23.83,80.85,198.23,253.16,77.16,64.83,49.23,0.00,3.13,12.33,29.59,34.71,14.79,17.94,6.62,3.00,0,휴식 (Relax)
320.00,551.00,145.00,551.00,26.00,16.30,3.31,30.70,51.22,69.00,19.31,38.15,8.00,15.30,38.86,142.75,182.19,70.50,11.90,89.45,34.00,7.14,23.40,57.74,49.68,23.30,16.27,8.01,16.00,55.63,46.24,210.02,253.03,77.96,76.63,20.51,65.00,6.88,22.25,35.89,29.07,12.16,9.95,8.05,7.00,0,휴식 (Relax)
320.00,561.00,140.00,561.00,33.00,29.42,12.69,30.55,40.00,54.97,35.31,23.56,24.00,57.90,80.04,186.55,140.77,31.84,32.47,46.47,10.00,18.13,17.79,63.91,41.87,15.95,5.79,15.76,5.00,99.62,82.87,253.96,209.46,34.09,33.80,36.73,21.00,5.10,20.74,34.06,30.87,14.10,10.38,9.97,9.00,0,휴식 (Relax)
320.00,605.00,145.00,627.00,39.00,21.43,9.02,22.66,46.65,48.63,41.36,15.70,32.00,19.29,47.95,170.93,162.80,63.01,71.84,4.84,54.00,9.83,15.68,54.36,49.93,6.09,10.21,23.40,5.00,42.39,29.81,232.13,233.48,74.32,47.51,112.63,55.00,10.89,24.07,36.84,28.00,12.36,6.04,3.37,4.00,0,휴식 (Relax)
328.00,605.00,156.00,616.00,33.00,8.33,22.77,19.31,40.79,46.29,42.26,31.60,16.00,33.50,64.46,198.42,137.89,42.98,63.49,33.82,21.00,19.97,16.33,56.95,42.43,22.53,11.19,20.26,16.00,70.08,78.27,280.96,186.46,49.08,25.50,64.28,0.00,7.89,21.18,33.84,31.00,15.36,6.43,6.37,7.00,0,휴식 (Relax)
320.00,572.00,135.00,540.00,28.00,8.33,22.77,19.31,40.79,46.29,42.26,31.60,16.00,12.66,42.47,181.25,154.30,60.78,80.44,53.92,1.00,10.05,19.54,46.99,52.35,25.73,20.25,28.09,26.00,19.61,38.27,231.05,238.66,122.59,100.88,71.97,76.00,4.79,12.66,31.33,32.89,15.09,14.82,5.67,4.00,0,휴식 (Relax)
312.00,572.00,135.00,551.00,31.00,16.04,23.44,16.77,40.79,58.91,27.03,24.47,32.00,31.53,31.86,199.49,131.18,37.73,38.09,35.65,43.00,6.54,35.36,41.86,52.95,37.73,19.33,12.55,10.00,68.63,99.07,272.15,203.53,104.34,67.49,34.85,11.00,9.68,14.25,35.89,28.23,10.09,10.34,0.72,1.00,0,휴식 (Relax)
312.00,594.00,145.00,605.00,39.00,21.84,30.98,24.76,32.98,60.86,30.98,24.12,24.00,15.17,13.75,177.72,151.57,58.05,36.18,49.91,65.00,6.54,35.36,41.86,52.95,37.73,19.33,12.55,10.00,47.79,73.43,241.93,233.79,135.47,90.84,39.32,22.00,4.35,4.12,28.22,35.38,12.41,14.66,12.28,14.00,0,휴식 (Relax)
328.00,616.00,145.00,638.00,36.00,18.89,24.23,22.48,35.78,68.84,30.81,23.30,16.00,66.15,51.55,174.25,142.51,51.96,39.64,22.32,0.00,2.99,35.16,37.96,54.12,39.11,14.76,17.23,15.00,97.34,115.34,260.93,217.00,104.72,12.94,88.57,65.00,14.29,7.08,35.63,28.84,4.68,4.68,4.90,4.00,0,휴식 (Relax)
328.00,572.00,145.00,572.00,28.00,21.97,24.45,29.71,28.84,65.64,36.36,26.95,24.00,44.58,40.22,153.09,164.44,73.76,50.22,37.95,22.00,10.70,42.99,42.19,44.60,29.13,20.14,11.52,5.00,75.54,93.46,238.93,239.00,125.40,30.84,110.54,87.00,7.23,8.13,29.08,35.78,11.88,6.15,9.86,4.00,0,휴식 (Relax)
320.00,572.00,135.00,551.00,28.00,28.90,31.41,35.76,25.30,60.03,28.38,20.65,16.00,26.55,62.44,134.53,170.06,72.03,62.22,32.43,11.00,10.43,22.72,21.69,55.32,27.31,29.25,25.04,16.00,30.36,83.67,220.21,258.31,96.50,70.98,37.93,11.00,7.97,16.10,32.30,32.98,9.39,2.17,2.16,4.00,0,휴식 (Relax)
296.00,561.00,135.00,561.00,31.00,19.21,21.06,66.41,25.30,21.71,36.72,29.88,32.00,57.38,106.06,165.74,128.16,30.54,19.83,33.05,33.00,31.16,23.86,28.86,41.68,6.69,35.57,4.45,5.00,62.93,115.71,251.27,228.12,64.73,47.74,44.14,22.00,7.97,16.10,32.30,32.98,9.39,2.17,2.16,4.00,0,휴식 (Relax)
328.00,605.00,145.00,616.00,39.00,12.65,13.52,60.13,28.84,27.87,44.64,36.55,40.00,5.07,83.21,120.96,155.57,34.93,35.52,72.44,87.00,26.83,19.08,24.18,46.07,4.76,40.49,0.68,10.00,18.00,70.98,214.37,262.69,53.01,88.88,85.12,87.00,3.35,18.93,31.40,32.14,8.62,10.18,13.13,7.00,0,휴식 (Relax)
328.00,594.00,162.00,627.00,31.00,16.01,17.00,66.82,43.08,17.00,37.08,29.62,24.00,28.61,106.02,134.89,131.80,20.86,21.07,55.92,54.00,27.67,16.91,40.23,42.45,27.55,23.79,31.63,22.00,88.04,119.27,269.41,208.49,23.09,23.16,72.50,11.00,3.35,18.93,31.40,32.14,8.62,10.18,13.13,7.00,0,휴식 (Relax)
328.00,583.00,135.00,561.00,31.00,16.01,17.00,66.82,43.08,17.00,37.08,29.62,24.00,13.53,84.15,113.22,149.03,42.70,41.22,62.29,32.00,23.50,12.18,36.01,47.30,29.58,27.45,36.33,27.00,36.66,66.00,223.37,253.82,68.59,66.00,116.96,44.00,7.33,12.85,27.00,33.84,10.63,11.70,9.61,1.00,0,휴식 (Relax)
312.00,572.00,135.00,561.00,31.00,0.44,11.79,64.88,58.24,5.75,22.38,24.93,40.00,47.75,66.79,112.81,128.41,45.16,21.15,40.72,76.00,8.86,15.95,42.36,53.34,41.56,11.64,26.45,11.00,54.40,70.41,248.10,227.20,90.93,29.16,51.46,22.00,12.33,14.28,30.51,29.15,5.92,6.94,9.49,4.00,0,휴식 (Relax)
328.00,594.00,151.00,616.00,36.00,16.17,8.00,50.47,64.50,21.43,8.00,23.92,56.00,36.83,60.59,102.07,138.83,56.01,31.55,37.04,87.00,14.70,9.95,36.50,58.59,46.66,9.95,26.81,5.00,14.14,29.16,204.48,269.70,133.34,70.41,12.36,66.00,4.69,5.75,21.92,34.21,12.01,4.35,12.70,14.00,0,휴식 (Relax)
320.00,605.00,151.00,627.00,36.00,16.17,8.00,50.47,64.50,21.43,8.00,23.92,56.00,29.10,16.21,83.21,132.46,67.58,30.78,80.86,33.00,20.60,7.14,36.01,61.59,47.79,7.14,24.14,11.00,63.60,47.99,199.82,262.27,141.78,41.00,78.77,10.00,11.34,4.35,26.26,27.02,7.42,5.75,13.22,4.00,0,휴식 (Relax)
328.00,583.00,140.00,583.00,28.00,22.65,6.12,53.17,60.93,17.52,14.78,21.18,64.00,50.51,11.00,103.41,110.55,46.54,11.00,58.86,55.00,20.60,7.14,36.01,61.59,47.79,7.14,24.14,11.00,83.65,66.84,221.13,240.30,119.78,22.02,61.08,12.00,6.34,4.31,21.43,31.06,12.27,10.17,17.26,1.00,0,휴식 (Relax)
312.00,561.00,135.00,551.00,26.00,18.81,11.79,45.18,68.35,9.55,22.38,18.17,72.00,12.16,45.35,79.93,122.98,62.99,45.35,25.04,99.00,16.73,3.09,29.80,67.48,43.58,17.10,33.48,1.00,59.57,83.06,186.68,255.62,114.05,54.01,74.48,88.00,7.31,17.26,23.92,26.31,11.99,12.73,4.79,12.00,0,휴식 (Relax)
312.00,572.00,135.00,561.00,31.00,25.54,27.51,42.21,64.50,22.38,19.87,30.09,56.00,34.48,75.58,106.71,94.63,33.88,24.07,41.99,66.00,30.02,22.54,45.50,53.01,31.17,16.00,12.69,22.00,102.73,137.96,231.80,204.86,59.99,40.90,34.21,33.00,9.30,18.78,25.91,24.33,10.02,10.73,6.78,10.00,0,휴식 (Relax)
328.00,594.00,156.00,638.00,36.00,18.58,23.44,34.96,72.44,23.87,27.03,38.04,48.00,12.52,68.45,90.20,108.89,45.41,40.07,56.54,44.00,10.04,19.16,30.96,71.11,10.18,36.92,13.01,43.00,9.85,92.98,164.06,262.34,78.06,136.84,78.45,65.00,4.26,19.55,24.58,24.33,11.46,7.35,14.63,2.00,0,휴식 (Relax)
336.00,605.00,151.00,627.00,36.00,7.15,39.45,22.56,73.76,44.56,10.39,16.46,72.00,22.68,91.33,107.61,88.68,19.24,11.32,50.38,77.00,6.29,34.46,42.46,65.73,22.25,27.11,4.29,27.00,68.91,154.84,216.90,215.59,39.60,90.88,54.05,11.00,7.55,24.09,29.25,19.42,6.56,5.08,10.59,7.00,0,휴식 (Relax)
328.00,583.00,145.00,572.00,26.00,20.75,55.21,37.30,58.24,35.39,12.32,27.66,56.00,11.87,80.42,97.16,98.39,27.54,17.55,56.68,88.00,6.29,34.46,42.46,65.73,22.25,27.11,4.29,27.00,42.65,124.04,188.81,244.63,72.30,109.08,79.55,44.00,5.71,13.12,22.80,25.50,13.81,9.79,12.99,20.00,0,휴식 (Relax)
328.00,561.00,135.00,551.00,31.00,20.75,55.21,37.30,58.24,35.39,12.32,27.66,56.00,46.11,64.44,108.75,88.68,35.96,37.60,26.95,33.00,8.72,33.72,45.13,64.20,31.82,18.57,10.53,37.00,83.97,122.86,223.34,220.10,82.74,23.08,14.52,43.00,10.20,14.09,26.87,22.02,10.44,8.92,8.75,15.00,0,휴식 (Relax)
320.00,594.00,151.00,605.00,39.00,18.39,56.92,41.61,50.60,28.02,18.54,27.02,64.00,25.25,49.40,86.83,110.55,54.40,55.90,31.04,11.00,3.38,29.44,39.13,70.18,35.72,12.63,16.52,43.00,51.30,94.02,191.13,252.96,114.69,15.89,38.84,76.00,7.54,5.97,19.00,31.30,18.98,18.77,3.72,4.00,0,휴식 (Relax)
320.00,605.00,151.00,616.00,36.00,18.39,56.92,41.61,50.60,28.02,18.54,27.02,64.00,24.65,18.03,83.39,118.47,65.35,55.34,41.46,44.00,12.95,13.50,35.92,70.86,44.51,25.53,6.11,27.00,18.34,32.87,192.14,255.64,121.39,49.21,45.78,11.00,14.56,3.76,24.24,28.64,13.91,12.24,7.40,12.00,0,휴식 (Relax)
336.00,616.00,151.00,605.00,31.00,31.69,21.68,53.73,17.89,16.40,34.55,26.52,24.00,77.79,37.83,136.89,70.43,15.72,27.33,24.78,11.00,28.08,9.78,51.12,55.11,29.96,24.71,14.15,43.00,61.98,49.75,235.37,212.40,77.39,34.68,10.73,55.00,14.56,3.76,24.24,28.64,13.91,12.24,7.40,12.00,0,휴식 (Relax)
304.00,551.00,140.00,540.00,28.00,24.19,31.61,31.65,40.79,26.16,57.90,42.72,0.00,28.72,33.63,116.72,112.38,63.78,46.12,67.42,65.00,24.16,5.00,48.24,56.32,31.05,29.17,18.04,48.00,26.19,26.69,205.27,239.64,83.63,107.13,72.09,131.00,6.55,13.91,27.24,28.44,4.76,8.97,4.52,1.00,0,휴식 (Relax)
304.00,561.00,135.00,551.00,28.00,41.79,40.27,42.29,43.08,39.91,48.44,35.68,24.00,33.06,66.63,145.62,100.44,52.63,49.48,48.45,32.00,27.39,22.38,67.34,31.38,4.89,10.25,22.60,21.00,100.15,98.73,270.24,177.72,15.53,62.94,38.81,55.00,7.34,16.49,30.23,25.50,3.70,10.78,1.58,4.00,0,휴식 (Relax)
320.00,594.00,151.00,627.00,39.00,49.73,40.14,49.90,35.78,33.08,44.42,33.33,16.00,24.05,59.45,137.64,111.20,62.71,59.97,50.10,21.00,15.78,14.57,54.33,41.87,12.06,24.20,38.08,5.00,40.84,80.57,224.38,227.26,77.44,114.13,96.80,11.00,5.33,16.10,28.76,28.18,4.80,18.78,6.42,12.00,0,휴식 (Relax)
328.00,605.00,151.00,627.00,33.00,34.65,51.93,50.80,45.25,39.72,29.78,28.02,0.00,13.04,71.96,153.33,109.55,46.31,35.02,39.88,54.00,10.46,27.82,61.12,33.84,13.54,12.32,22.62,21.00,60.86,138.22,263.03,196.42,71.41,55.24,31.74,55.00,5.84,17.81,30.58,26.42,5.02,17.40,4.62,10.00,0,휴식 (Relax)
328.00,572.00,140.00,561.00,26.00,34.65,51.93,50.80,45.25,39.72,29.78,28.02,0.00,19.21,50.42,131.85,131.46,65.44,44.87,38.85,76.00,15.46,18.07,50.31,44.38,24.16,18.91,16.19,32.00,15.99,90.45,211.95,248.91,126.40,74.20,36.59,110.00,11.42,8.56,24.37,32.53,15.01,20.66,8.16,0.00,0,휴식 (Relax)
328.00,561.00,140.00,551.00,28.00,32.60,57.02,55.53,40.00,41.78,26.77,22.55,8.00,62.83,25.86,132.22,142.08,44.87,3.91,63.03,32.00,26.07,19.41,49.45,43.00,24.50,8.09,19.36,21.00,67.74,110.23,227.48,240.21,119.29,4.13,40.68,34.00,19.37,10.41,29.95,27.46,13.84,12.95,0.68,8.00,0,휴식 (Relax)
320.00,594.00,140.00,605.00,39.00,31.58,57.90,59.69,33.94,36.32,31.61,16.26,16.00,52.51,19.41,121.50,152.28,54.88,8.09,73.71,21.00,26.07,19.41,49.45,43.00,24.50,8.09,19.36,21.00,50.85,88.60,205.49,262.19,141.03,21.11,60.42,12.00,9.49,1.69,20.81,37.16,24.64,5.58,10.64,19.00,0,휴식 (Relax)
320.00,594.00,151.00,638.00,39.00,35.44,51.53,51.90,40.00,28.72,39.61,9.49,24.00,37.17,16.52,105.51,167.06,39.49,29.92,41.56,54.00,15.43,7.98,40.24,45.88,21.49,15.82,27.51,37.00,84.22,50.24,188.14,279.38,122.24,77.11,60.09,99.00,11.77,12.52,27.92,34.06,21.20,10.55,5.71,6.00,0,휴식 (Relax)
344.00,627.00,151.00,605.00,31.00,64.69,19.87,56.82,32.98,43.75,27.51,41.00,8.00,74.29,62.52,150.06,123.75,29.02,33.30,90.88,1.00,22.32,21.34,52.19,31.38,6.84,19.25,13.83,21.00,127.58,91.01,229.71,238.61,80.68,46.07,24.99,55.00,11.77,12.52,27.92,34.06,21.20,10.55,5.71,6.00,0,휴식 (Relax)
320.00,551.00,140.00,551.00,28.00,56.73,24.99,48.83,40.79,41.90,34.17,48.68,16.00,31.90,54.97,119.35,157.26,42.29,75.46,127.02,44.00,9.41,10.02,39.55,41.87,10.14,35.18,6.34,5.00,48.63,44.61,186.52,285.27,62.75,109.86,69.38,32.00,3.77,15.68,29.07,34.53,16.69,15.68,2.50,14.00,0,휴식 (Relax)
304.00,561.00,135.00,551.00,31.00,32.40,41.36,48.82,56.57,73.33,9.02,30.30,16.00,13.12,94.88,145.70,137.88,69.49,59.88,104.05,0.00,10.18,22.41,47.89,33.84,12.53,25.37,16.30,21.00,69.94,115.25,248.78,232.42,14.43,47.93,44.89,44.00,2.14,20.65,34.04,29.61,13.71,10.74,3.57,9.00,0,휴식 (Relax)
312.00,594.00,145.00,616.00,39.00,33.28,46.34,64.80,46.65,66.60,12.51,31.78,0.00,2.23,85.17,135.53,148.37,79.04,67.88,104.80,11.00,10.18,22.41,47.89,33.84,12.53,25.37,16.30,21.00,30.26,81.35,215.76,268.60,54.95,71.35,83.09,88.00,11.03,13.45,30.23,34.67,1.60,11.28,16.55,4.00,0,휴식 (Relax)
336.00,616.00,156.00,638.00,33.00,28.84,49.30,61.84,53.67,72.80,16.06,32.43,8.00,53.38,88.42,146.97,142.51,100.33,13.90,91.36,44.00,21.46,23.84,50.59,33.53,25.50,10.76,8.58,0.00,58.84,122.84,261.82,234.54,93.15,16.53,4.48,1.00,12.85,14.62,32.01,33.02,1.45,9.29,14.71,2.00,0,휴식 (Relax)
320.00,572.00,140.00,561.00,26.00,28.84,49.30,61.84,53.67,72.80,16.06,32.43,8.00,33.75,68.78,124.97,164.44,121.65,21.57,86.23,66.00,10.55,13.48,39.61,44.15,34.81,6.35,19.17,11.00,31.28,78.97,220.38,277.50,132.48,59.10,48.46,43.00,9.92,2.17,23.80,41.87,12.34,7.83,11.08,11.00,0,휴식 (Relax)
320.00,561.00,130.00,540.00,28.00,28.84,49.30,61.84,53.67,72.80,16.06,32.43,8.00,38.07,28.34,115.77,173.30,122.34,22.82,114.21,22.00,10.89,9.28,35.63,53.01,42.03,24.45,4.61,10.00,87.53,66.35,231.85,272.81,152.15,61.71,35.95,33.00,16.62,5.83,29.56,37.22,12.64,0.17,8.85,3.00,0,휴식 (Relax)
312.00,572.00,145.00,594.00,36.00,52.80,47.31,67.94,48.00,49.95,8.12,18.47,32.00,80.07,48.93,156.97,132.42,79.64,29.43,73.96,66.00,16.82,15.11,41.41,48.27,36.18,19.59,3.71,4.00,98.53,76.66,242.82,261.84,141.24,50.75,25.10,22.00,11.62,4.21,25.31,41.59,17.63,5.12,9.01,2.00,0,휴식 (Relax)
312.00,594.00,145.00,616.00,42.00,45.68,41.04,59.95,56.00,44.75,15.36,15.88,40.00,38.66,9.94,133.46,155.57,61.64,71.69,31.81,109.00,12.72,12.96,38.60,51.62,35.76,19.85,7.06,1.00,42.76,34.46,219.47,278.44,142.03,49.00,51.63,54.00,4.94,17.68,31.42,37.34,17.54,11.10,17.24,12.00,0,휴식 (Relax)
328.00,616.00,145.00,605.00,31.00,36.19,17.13,56.49,60.93,38.45,21.78,34.47,16.00,39.02,58.14,174.98,118.43,30.89,57.34,86.73,54.00,12.14,19.85,45.24,45.00,26.87,12.96,8.01,9.00,70.97,84.99,267.15,228.60,88.56,6.04,15.80,0.00,7.69,20.15,34.31,34.37,14.54,8.49,14.28,9.00,0,휴식 (Relax)
320.00,572.00,135.00,551.00,26.00,36.19,17.13,56.49,60.93,38.45,21.78,34.47,16.00,20.41,42.19,156.94,137.35,14.56,76.52,107.16,32.00,11.73,5.00,31.32,58.59,16.74,5.00,23.61,25.00,19.17,45.52,217.10,269.77,79.61,81.90,86.91,76.00,5.35,21.45,34.90,34.93,15.49,14.14,3.06,4.00,0,휴식 (Relax)
304.00,561.00,140.00,561.00,33.00,28.42,27.51,44.46,73.76,58.27,19.87,14.83,40.00,26.60,65.07,173.41,122.81,58.56,38.28,80.06,76.00,18.45,12.08,35.55,54.41,11.44,12.08,13.32,14.00,68.67,105.09,259.43,223.18,13.81,59.54,28.28,10.00,5.35,21.45,34.90,34.93,15.49,14.14,3.06,4.00,0,휴식 (Relax)
328.00,605.00,145.00,627.00,36.00,28.42,27.51,44.46,73.76,58.27,19.87,14.83,40.00,21.45,32.33,140.66,155.43,77.31,49.77,84.46,109.00,16.49,7.61,30.61,59.20,6.78,16.86,10.82,9.00,44.70,57.05,200.48,277.49,59.58,119.32,63.53,56.00,6.75,12.92,30.85,38.47,16.02,11.53,9.07,6.00,0,휴식 (Relax)
336.00,605.00,156.00,616.00,33.00,34.28,33.05,37.55,79.20,65.93,13.69,15.37,32.00,63.36,36.86,136.39,155.71,102.30,7.19,64.39,65.00,24.38,16.34,31.32,57.00,21.66,16.34,18.76,25.00,99.25,98.78,219.40,250.79,58.98,68.88,3.30,9.00,11.72,13.58,34.92,34.13,11.02,8.10,6.16,1.00,0,휴식 (Relax)
320.00,561.00,135.00,561.00,28.00,34.28,33.05,37.55,79.20,65.93,13.69,15.37,32.00,31.94,3.91,105.71,188.41,133.30,25.86,53.93,32.00,19.74,11.68,26.34,62.00,23.13,21.16,21.84,30.00,55.29,56.39,175.46,293.03,102.58,87.33,44.43,53.00,3.66,6.22,26.58,41.01,11.97,3.64,12.99,10.00,0,휴식 (Relax)
304.00,561.00,135.00,551.00,31.00,18.50,25.60,22.13,91.21,75.02,10.61,26.60,48.00,26.34,29.86,84.52,195.21,134.49,22.77,74.13,65.00,3.80,16.33,23.38,64.03,36.17,11.19,21.97,14.00,44.41,81.95,168.49,283.21,113.98,9.41,51.37,34.00,9.89,4.56,30.88,35.81,4.34,7.95,5.10,2.00,0,휴식 (Relax)
320.00,594.00,145.00,605.00,36.00,13.93,43.44,18.57,78.79,52.61,28.30,4.67,24.00,55.55,58.94,107.17,163.87,102.67,10.67,44.19,32.00,2.42,22.33,29.24,58.24,31.82,9.25,18.29,20.00,44.41,81.95,168.49,283.21,113.98,9.41,51.37,34.00,4.90,7.10,26.12,39.96,7.01,12.79,0.70,3.00,0,휴식 (Relax)
328.00,605.00,156.00,638.00,33.00,7.79,35.78,10.66,86.16,53.58,35.78,5.21,16.00,4.30,60.25,64.41,189.25,79.43,60.25,13.11,22.00,13.59,16.33,24.31,64.50,41.17,11.19,11.02,36.00,44.54,73.07,138.60,299.49,124.76,96.41,43.89,53.00,2.31,12.09,26.35,37.58,3.64,10.86,4.82,2.00,0,휴식 (Relax)
328.00,572.00,140.00,561.00,26.00,18.05,32.98,24.29,80.40,30.40,32.98,21.55,40.00,12.05,70.85,70.26,180.41,70.26,54.46,12.05,11.00,18.32,20.31,28.98,60.21,36.62,11.38,13.26,31.00,54.41,82.74,147.62,290.06,114.81,89.60,33.91,43.00,4.00,9.51,21.54,42.15,8.13,14.27,9.48,7.00,0,휴식 (Relax)
312.00,551.00,135.00,540.00,28.00,18.05,32.98,24.29,80.40,30.40,32.98,21.55,40.00,30.95,40.40,30.17,209.42,40.42,79.17,52.02,32.00,12.21,10.74,23.54,66.07,38.53,20.65,22.45,21.00,40.66,42.97,105.50,323.74,118.10,121.87,44.93,33.00,13.94,17.43,16.69,39.32,8.60,3.51,6.72,4.00,0,휴식 (Relax)
