a0,a1,a2,a3,a4,a0_f1,a0_f2,a0_f3,a0_f4,a0_f5,a0_f6,a0_f7,a0_f8,a1_f1,a1_f2,a1_f3,a1_f4,a1_f5,a1_f6,a1_f7,a1_f8,a2_f1,a2_f2,a2_f3,a2_f4,a2_f5,a2_f6,a2_f7,a2_f8,a3_f1,a3_f2,a3_f3,a3_f4,a3_f5,a3_f6,a3_f7,a3_f8,a4_f1,a4_f2,a4_f3,a4_f4,a4_f5,a4_f6,a4_f7,a4_f8,a0_rms,a0_mav,a0_wl,a0_zc,a1_rms,a1_mav,a1_wl,a1_zc,a2_rms,a2_mav,a2_wl,a2_zc,a3_rms,a3_mav,a3_wl,a3_zc,a4_rms,a4_mav,a4_wl,a4_zc,label,action_name
0.00,0.00,0.00,0.00,0.00,0.00,0.00,0.00,0.00,0.00,0.00,0.00,0.00,0.00,0.00,0.00,0.00,0.00,0.00,0.00,0.00,0.00,0.00,0.00,0.00,0.00,0.00,0.00,0.00,0.00,0.00,0.00,0.00,0.00,0.00,0.00,0.00,0.00,0.00,0.00,0.00,0.00,0.00,0.00,0.00,0.00,0.00,0.00,0.00,0.00,0.00,0.00,0.00,0.00,0.00,0.00,0.00,0.00,0.00,0.00,0.00,0.00,0.00,0.00,0.00,0,휴식 (Relax)
7.50,-10.31,10.31,0.00,1.88,8.00,8.00,8.00,8.00,8.00,8.00,8.00,8.00,11.00,11.00,11.00,11.00,11.00,11.00,11.00,11.00,11.00,11.00,11.00,11.00,11.00,11.00,11.00,11.00,0.00,0.00,0.00,0.00,0.00,0.00,0.00,0.00,2.00,2.00,2.00,2.00,2.00,2.00,2.00,2.00,1.94,0.94,8.00,1.00,2.66,1.29,11.00,1.00,2.66,1.29,11.00,1.00,0.00,0.00,0.00,0.00,0.48,0.23,2.00,0.00,0,휴식 (Relax)
-0.50,-30.25,-0.69,-20.62,-0.12,8.00,8.00,8.00,8.00,8.00,8.00,8.00,8.00,43.37,41.51,38.57,34.79,30.53,26.39,23.22,22.00,11.00,11.00,11.00,11.00,11.00,11.00,11.00,11.00,22.00,22.00,22.00,22.00,22.00,22.00,22.00,22.00,2.00,2.00,2.00,2.00,2.00,2.00,2.00,2.00,1.94,0.94,16.00,2.00,8.25,4.81,33.00,1.00,2.66,1.29,22.00,2.00,5.33,2.58,22.00,1.00,0.48,0.23,4.00,0.00,0,휴식 (Relax)
14.50,-7.56,9.62,22.00,1.75,22.38,17.89,11.79,8.00,11.79,17.89,22.38,24.00,53.33,48.56,41.42,33.00,24.58,17.44,12.67,11.00,20.33,15.56,8.42,0.00,8.42,15.56,20.33,22.00,8.58,16.84,24.45,31.11,36.58,40.65,43.15,44.00,3.70,2.83,1.53,0.00,1.53,2.83,3.70,4.00,4.21,2.62,32.00,3.00,8.45,5.59,55.00,1.00,3.64,2.41,33.00,3.00,7.78,2.75,66.00,1.00,0.66,0.44,6.00,0.00,0,휴식 (Relax)
21.00,24.06,4.25,10.31,1.62,43.97,34.17,25.58,25.30,27.85,24.99,14.85,0.00,40.85,53.31,59.06,55.00,43.05,28.08,15.82,11.00,24.93,16.67,5.95,6.00,13.35,16.67,16.63,16.00,17.31,27.33,35.30,39.66,40.21,37.83,34.55,33.00,5.30,3.46,1.42,2.00,3.27,3.46,2.68,2.00,6.86,4.88,40.00,3.00,10.45,6.10,88.00,2.00,3.78,2.84,38.00,3.00,8.22,3.95,77.00,1.00,0.78,0.61,6.00,0.00,0,휴식 (Relax)
12.00,22.69,-6.44,9.62,7.12,57.11,41.36,29.02,25.30,19.39,9.02,11.36,16.00,46.36,74.30,77.63,59.24,31.10,6.71,7.31,11.00,22.66,19.25,10.74,7.81,17.44,21.34,16.71,11.00,28.31,37.16,39.55,34.79,29.25,32.23,40.23,44.00,12.01,8.16,7.46,8.25,6.31,4.62,8.02,10.00,7.48,6.00,48.00,3.00,11.97,6.62,88.00,2.00,4.11,2.96,49.00,4.00,8.59,4.98,77.00,1.00,2.00,1.31,12.00,0.00,0,휴식 (Relax)
-11.50,-9.62,-6.12,-22.00,-0.88,52.61,43.19,34.61,32.98,26.29,7.41,14.39,24.00,38.48,65.05,79.40,69.57,40.20,11.16,16.71,22.00,23.28,24.22,14.21,12.08,18.77,17.01,14.69,16.00,11.20,35.20,55.68,56.09,31.19,14.58,50.78,66.00,12.01,8.16,7.46,8.25,6.31,4.62,8.02,10.00,7.98,6.25,72.00,4.00,12.22,7.56,121.00,3.00,4.39,3.08,49.00,4.00,10.29,5.50,110.00,2.00,2.00,1.31,20.00,1.00,0,휴식 (Relax)
4.00,-29.56,14.81,0.00,-3.69,54.33,36.21,27.70,32.00,32.69,15.00,18.24,32.00,17.64,67.78,112.09,85.91,24.77,22.08,23.38,11.00,19.17,15.40,24.94,24.60,35.77,21.66,14.11,33.00,11.20,35.20,55.68,56.09,31.19,14.58,50.78,66.00,11.10,9.80,10.06,11.18,7.95,5.82,7.24,7.00,8.00,6.50,88.00,5.00,14.40,10.23,143.00,3.00,5.81,4.53,71.00,5.00,10.29,5.50,132.00,2.00,2.20,1.41,23.00,1.00,0,휴식 (Relax)
18.50,-17.19,8.12,0.00,1.19,57.06,13.86,40.19,56.00,43.77,13.86,25.24,8.00,21.19,88.08,124.28,70.43,8.36,15.11,2.74,11.00,19.95,23.84,34.59,31.11,33.21,10.76,15.97,22.00,11.20,35.20,55.68,56.09,31.19,14.58,50.78,66.00,10.86,7.81,8.68,11.70,9.85,7.81,8.11,5.00,9.26,7.88,104.00,5.00,15.05,11.52,154.00,3.00,6.15,5.20,77.00,5.00,10.29,5.50,132.00,2.00,2.21,1.49,28.00,2.00,0,휴식 (Relax)
9.50,15.12,-2.88,10.31,1.06,58.24,19.31,55.10,58.24,29.27,3.31,11.77,24.00,20.39,78.27,130.05,79.32,3.44,25.50,9.08,22.00,19.95,23.84,34.59,31.11,33.21,10.76,15.97,22.00,8.57,30.78,66.48,55.00,24.08,16.21,46.77,77.00,10.21,6.40,9.80,13.60,9.83,6.40,6.57,7.00,9.47,8.31,112.00,5.00,15.50,12.03,187.00,4.00,6.15,5.20,88.00,6.00,10.63,6.53,143.00,3.00,2.22,1.55,28.00,2.00,0,휴식 (Relax)
1.00,4.12,-2.88,9.62,3.75,57.35,27.31,56.30,50.60,29.18,4.69,19.23,16.00,20.39,78.27,130.05,79.32,3.44,25.50,9.08,22.00,19.95,23.84,34.59,31.11,33.21,10.76,15.97,22.00,13.83,37.56,72.98,44.00,35.00,6.44,54.20,66.00,8.28,8.55,14.66,13.04,5.26,7.68,11.35,2.00,9.33,8.00,120.00,5.00,15.50,12.03,198.00,4.00,6.15,5.20,88.00,6.00,10.91,7.39,143.00,3.00,2.41,1.78,31.00,2.00,0,휴식 (Relax)
8.00,-16.50,13.06,-1.38,-4.06,52.64,40.25,44.19,48.00,43.80,13.11,3.74,32.00,12.40,70.41,127.60,98.39,25.38,29.16,18.56,0.00,13.73,25.56,25.98,44.78,41.74,14.17,2.45,39.00,13.83,37.56,72.98,44.00,35.00,6.44,54.20,66.00,10.11,5.55,14.36,16.03,3.25,7.69,14.32,1.00,9.38,8.00,128.00,2.00,16.04,13.06,220.00,5.00,6.98,6.17,105.00,7.00,10.91,7.39,154.00,4.00,2.61,1.95,39.00,3.00,0,휴식 (Relax)
22.00,36.44,-8.62,-1.38,3.62,45.13,58.04,18.01,80.00,32.78,21.72,34.24,0.00,34.95,99.89,98.38,116.93,49.14,61.78,51.56,33.00,15.61,27.63,22.24,42.54,46.52,15.50,7.08,44.00,13.83,37.56,72.98,44.00,35.00,6.44,54.20,66.00,5.83,9.91,9.92,16.49,7.59,6.46,18.81,6.00,10.77,9.25,144.00,5.00,18.54,14.87,275.00,6.00,7.25,6.41,127.00,8.00,10.91,7.39,154.00,4.00,2.76,2.12,47.00,4.00,0,휴식 (Relax)
-2.50,3.44,2.00,8.94,6.12,43.51,59.04,23.61,80.40,25.27,15.06,27.41,8.00,34.95,99.89,98.38,116.93,49.14,61.78,51.56,33.00,11.37,21.92,27.90,37.12,47.52,14.55,13.03,50.00,15.14,39.13,70.49,45.35,44.99,12.75,44.42,77.00,3.18,15.04,5.57,24.33,6.50,13.03,14.30,2.00,10.48,8.81,168.00,6.00,18.54,14.87,308.00,6.00,7.21,6.38,138.00,9.00,11.15,8.08,165.00,5.00,3.16,2.39,50.00,4.00,0,휴식 (Relax)
-10.50,13.75,-4.00,8.25,0.00,43.51,59.04,23.61,80.40,25.27,15.06,27.41,8.00,45.20,104.52,101.44,110.00,38.75,63.87,59.90,44.00,11.37,21.92,27.90,37.12,47.52,14.55,13.03,50.00,19.63,35.20,80.10,34.79,46.15,14.58,51.81,66.00,4.51,15.45,7.43,24.08,4.52,11.20,14.42,0.00,10.48,8.81,176.00,6.00,18.85,15.47,319.00,6.00,7.21,6.38,144.00,10.00,11.34,8.59,165.00,5.00,3.12,2.25,56.00,3.00,0,휴식 (Relax)
-10.50,-17.88,-8.69,-23.38,-2.00,43.51,59.04,23.61,80.40,25.27,15.06,27.41,8.00,32.03,113.04,79.49,128.28,28.27,56.52,73.54,66.00,16.31,24.08,32.41,32.76,51.84,19.54,10.57,45.00,24.72,55.08,64.91,46.67,67.94,36.36,64.12,44.00,4.51,15.45,7.43,24.08,4.52,11.20,14.42,0.00,10.48,8.81,176.00,6.00,19.40,16.50,352.00,7.00,7.48,6.65,149.00,10.00,12.83,9.80,198.00,6.00,3.12,2.25,58.00,3.00,0,휴식 (Relax)
-3.00,-26.81,6.62,-22.00,-4.81,35.88,52.59,16.05,88.36,17.27,7.10,26.77,0.00,46.10,144.92,71.06,114.84,17.78,85.51,67.89,33.00,6.44,28.77,25.64,39.60,51.80,28.57,15.81,34.00,45.45,75.58,78.41,34.79,60.41,24.07,60.20,66.00,5.10,18.36,9.18,24.02,2.80,10.25,16.43,3.00,10.15,8.38,176.00,6.00,20.57,17.79,352.00,6.00,7.61,6.88,154.00,10.00,14.02,11.00,198.00,3.00,3.32,2.48,59.00,4.00,0,휴식 (Relax)
12.00,-4.81,1.94,10.31,3.00,19.92,53.30,12.03,91.21,27.81,22.08,35.29,16.00,46.10,144.92,71.06,114.84,17.78,85.51,67.89,33.00,9.66,23.85,22.85,43.28,47.46,30.42,20.60,29.00,34.61,71.26,68.33,45.35,69.90,31.17,65.20,77.00,3.35,15.90,6.48,27.02,0.56,7.95,19.25,6.00,10.58,9.00,184.00,7.00,20.57,17.79,352.00,6.00,7.44,6.56,148.00,9.00,14.27,11.69,209.00,7.00,3.41,2.62,65.00,4.00,0,휴식 (Relax)
-4.50,24.75,-4.06,18.56,5.50,13.41,60.11,20.03,83.52,30.52,18.84,28.13,8.00,8.94,142.82,48.36,112.18,72.38,81.90,44.97,88.00,9.66,23.85,22.85,43.28,47.46,30.42,20.60,29.00,24.35,98.75,83.16,55.00,45.53,13.02,39.38,33.00,6.43,16.90,11.01,28.46,8.38,15.95,11.29,2.00,10.19,8.50,184.00,7.00,20.39,17.88,363.00,7.00,7.44,6.56,143.00,9.00,13.87,11.26,176.00,6.00,3.66,3.00,66.00,7.00,0,휴식 (Relax)
-11.50,2.06,-8.06,-12.38,-0.50,24.58,44.89,20.19,89.44,46.49,30.48,12.44,8.00,19.72,151.84,58.87,101.41,69.56,72.52,49.39,77.00,19.76,25.98,23.97,32.76,53.57,17.53,35.35,13.00,16.66,65.91,51.41,83.77,74.96,44.14,33.76,0.00,6.43,16.90,11.01,28.46,8.38,15.95,11.29,2.00,10.57,8.94,184.00,7.00,20.29,17.45,352.00,6.00,7.51,6.57,143.00,9.00,13.40,11.00,198.00,7.00,3.66,3.00,72.00,8.00,0,휴식 (Relax)
-10.00,-17.19,-2.69,-11.00,-2.38,43.55,41.36,44.19,68.82,44.65,9.02,36.41,16.00,28.75,109.04,46.95,118.98,109.12,30.61,88.37,33.00,23.96,31.71,29.97,27.80,47.64,23.51,30.96,19.00,32.23,55.08,55.12,94.63,62.09,36.36,41.81,22.00,6.00,15.05,11.50,29.15,9.83,16.05,12.61,0.00,10.39,8.50,176.00,7.00,19.82,17.19,374.00,7.00,7.51,6.48,137.00,8.00,13.47,11.00,198.00,4.00,3.71,3.09,68.00,7.00,0,휴식 (Relax)
13.50,6.19,2.62,21.31,0.00,38.79,35.31,41.88,73.76,52.51,12.69,43.82,24.00,50.74,100.18,68.56,101.41,95.54,42.69,66.40,55.00,21.29,22.77,27.87,22.80,46.35,32.58,28.94,30.00,26.73,51.39,44.12,103.77,69.62,44.24,51.54,33.00,9.79,14.03,17.50,23.71,5.37,11.96,11.71,6.00,10.85,9.12,176.00,7.00,18.64,15.81,363.00,7.00,7.27,6.30,143.00,9.00,14.27,11.77,198.00,7.00,3.41,2.62,62.00,3.00,0,휴식 (Relax)
11.50,15.81,1.94,8.25,-0.12,46.09,3.31,70.69,53.67,44.57,19.31,29.61,8.00,31.87,92.33,60.10,116.93,109.48,48.63,47.56,77.00,27.45,24.96,38.27,12.53,36.43,31.29,26.74,19.00,43.28,28.74,42.99,124.45,41.71,11.91,18.61,0.00,7.86,12.64,16.76,24.70,6.78,10.02,12.78,8.00,10.19,9.06,160.00,7.00,19.04,16.41,352.00,7.00,6.96,5.94,121.00,8.00,13.19,11.00,187.00,7.00,3.37,2.55,59.00,6.00,0,휴식 (Relax)
3.00,13.06,-7.69,-2.75,5.19,52.93,6.12,76.26,46.65,37.01,14.78,27.64,0.00,40.67,58.74,99.21,93.98,70.39,74.19,79.36,33.00,11.31,8.95,29.93,19.42,23.55,49.90,27.31,3.00,43.28,28.74,42.99,124.45,41.71,11.91,18.61,0.00,3.31,1.83,26.09,16.40,6.02,20.26,6.64,3.00,10.15,9.00,152.00,6.00,17.91,14.95,341.00,7.00,6.42,5.52,126.00,9.00,13.19,11.00,198.00,8.00,3.38,2.77,60.00,7.00,0,휴식 (Relax)
-26.50,-30.25,-2.00,-33.69,-5.50,13.90,34.42,98.05,43.08,30.45,47.66,36.02,40.00,30.70,69.66,92.02,104.36,73.50,85.13,86.32,22.00,9.61,6.53,40.10,16.00,16.47,39.77,28.92,8.00,11.24,60.56,41.93,149.62,8.82,30.50,48.93,33.00,1.76,6.78,22.66,20.59,10.53,23.20,6.66,8.00,11.91,9.81,176.00,7.00,18.85,15.81,352.00,7.00,6.07,5.00,120.00,8.00,15.78,13.06,220.00,7.00,3.66,3.00,71.00,8.00,0,휴식 (Relax)
5.50,-6.88,3.62,10.31,-0.50,13.90,34.42,98.05,43.08,30.45,47.66,36.02,40.00,9.19,87.93,104.56,99.61,51.51,73.05,81.59,44.00,11.21,9.57,36.38,22.00,10.49,38.22,33.24,14.00,11.24,60.56,41.93,149.62,8.82,30.50,48.93,33.00,1.76,6.78,22.66,20.59,10.53,23.20,6.66,8.00,11.91,9.81,200.00,7.00,18.60,15.64,363.00,7.00,6.12,5.17,126.00,9.00,15.78,13.06,264.00,8.00,3.66,3.00,73.00,7.00,0,휴식 (Relax)
12.50,14.44,-7.06,10.31,2.50,29.44,36.96,98.93,51.22,30.07,45.72,38.70,24.00,20.19,85.67,94.12,110.55,47.86,77.27,85.55,55.00,7.78,4.58,33.93,22.56,10.30,41.24,38.03,19.00,11.24,60.56,41.93,149.62,8.82,30.50,48.93,33.00,1.76,6.78,22.66,20.59,10.53,23.20,6.66,8.00,12.32,10.50,200.00,6.00,18.94,16.24,363.00,7.00,6.36,5.45,120.00,9.00,15.78,13.06,253.00,7.00,3.66,3.00,68.00,7.00,0,휴식 (Relax)
12.00,12.38,9.31,-0.69,-2.69,36.48,44.42,106.69,45.25,22.19,40.14,33.63,32.00,52.23,108.67,98.01,112.18,28.58,47.19,65.37,22.00,4.63,4.70,27.94,28.44,4.54,35.27,32.08,13.00,11.24,60.56,41.93,149.62,8.82,30.50,48.93,33.00,2.43,9.26,22.01,19.31,8.51,20.20,5.00,11.00,12.65,11.00,184.00,6.00,18.60,15.47,308.00,6.00,5.60,5.02,114.00,9.00,15.78,13.06,264.00,8.00,3.44,2.86,65.00,7.00,0,휴식 (Relax)
-10.00,-17.19,3.62,-11.00,-0.50,27.99,20.91,91.55,71.55,26.86,8.66,18.82,64.00,28.80,54.24,43.69,166.46,27.44,14.28,42.81,33.00,13.66,6.32,33.13,32.25,8.25,27.64,23.32,2.00,19.02,49.79,31.92,158.64,15.26,20.62,47.53,44.00,0.85,6.44,19.51,22.14,10.44,18.40,3.70,14.00,11.83,10.25,184.00,6.00,16.94,15.04,308.00,7.00,5.41,4.88,108.00,8.00,16.04,13.75,264.00,5.00,3.39,2.69,64.00,7.00,0,휴식 (Relax)
-9.50,-36.44,3.62,-9.62,-4.81,33.51,25.08,97.62,68.35,19.84,16.34,21.76,56.00,67.12,47.51,39.77,177.71,47.06,29.81,69.04,11.00,13.66,6.32,33.13,32.25,8.25,27.64,23.32,2.00,40.89,42.36,40.55,147.58,29.30,33.31,59.74,22.00,11.40,10.59,11.67,21.38,4.49,19.44,13.18,3.00,12.07,10.69,176.00,6.00,19.34,17.19,319.00,7.00,5.41,4.88,102.00,7.00,15.98,13.92,264.00,7.00,3.32,2.48,63.00,5.00,0,휴식 (Relax)
13.00,18.56,3.25,22.69,0.19,13.25,2.54,77.36,91.21,34.02,35.69,43.57,32.00,67.12,47.51,39.77,177.71,47.06,29.81,69.04,11.00,19.19,8.50,27.20,29.73,8.07,32.68,24.05,4.00,30.64,36.48,30.13,157.50,38.67,36.48,69.90,11.00,11.40,10.59,11.67,21.38,4.49,19.44,13.18,3.00,12.29,11.00,200.00,7.00,19.34,17.19,341.00,7.00,5.44,4.91,97.00,7.00,16.71,14.52,264.00,7.00,3.32,2.48,66.00,6.00,0,휴식 (Relax)
11.50,26.81,2.56,9.62,2.88,14.52,21.68,86.53,88.00,18.91,34.55,19.82,56.00,34.20,14.28,49.57,198.31,69.85,54.24,26.28,33.00,28.38,13.54,27.02,19.72,17.81,22.24,19.58,7.00,25.59,12.41,44.38,146.76,52.79,56.87,36.93,44.00,8.94,8.77,7.02,22.85,5.05,24.15,9.24,8.00,12.32,10.94,192.00,7.00,20.20,17.79,341.00,7.00,5.10,4.45,81.00,6.00,15.98,13.75,275.00,7.00,3.37,2.55,66.00,7.00,0,휴식 (Relax)
3.00,13.06,-7.44,-2.75,-0.44,20.50,27.71,94.46,80.00,13.39,27.71,26.78,48.00,53.22,54.24,92.47,163.53,35.89,14.28,65.34,11.00,21.61,19.81,11.81,18.03,30.69,21.85,17.42,23.00,44.87,14.58,65.02,125.42,33.12,35.20,57.53,22.00,10.71,12.50,8.98,18.36,1.26,19.84,11.96,3.00,12.29,10.75,184.00,6.00,19.14,16.33,330.00,7.00,5.09,4.63,87.00,7.00,14.81,12.38,253.00,7.00,3.10,2.35,61.00,7.00,0,휴식 (Relax)
-11.50,-29.56,3.56,-12.38,-2.12,21.12,33.45,90.98,83.52,11.05,5.74,46.49,24.00,32.87,37.83,90.05,179.07,51.94,27.33,83.60,33.00,21.61,19.81,11.81,18.03,30.69,21.85,17.42,23.00,22.89,23.56,66.46,121.50,43.30,29.95,75.95,0.00,7.10,7.67,4.42,21.26,6.21,19.52,14.54,2.00,12.32,11.06,184.00,6.00,20.48,18.05,341.00,7.00,5.09,4.63,92.00,7.00,15.00,12.55,253.00,7.00,3.08,2.19,60.00,7.00,0,휴식 (Relax)
4.00,-5.50,3.19,10.31,0.25,14.85,25.60,83.70,91.21,16.91,10.61,52.22,16.00,3.60,53.11,121.30,158.64,30.45,9.11,68.38,0.00,18.51,16.34,11.55,20.81,36.43,16.34,20.81,17.00,13.78,34.49,77.34,110.55,33.09,22.47,69.52,11.00,3.97,7.39,8.20,17.20,6.47,15.54,13.97,4.00,12.33,11.00,192.00,7.00,19.45,17.19,341.00,7.00,5.11,4.61,87.00,7.00,14.27,11.77,242.00,7.00,2.68,1.84,56.00,5.00,0,휴식 (Relax)
10.50,26.12,-7.81,8.94,8.69,12.21,13.86,67.77,100.24,31.69,13.86,46.79,40.00,23.32,31.11,108.94,177.37,49.01,31.11,74.25,22.00,18.51,16.34,11.55,20.81,36.43,16.34,20.81,17.00,30.04,26.56,68.89,110.55,40.58,4.56,69.32,33.00,11.06,3.75,5.33,25.08,15.44,6.93,19.98,13.00,12.24,10.44,200.00,7.00,20.53,18.39,352.00,7.00,5.11,4.61,93.00,8.00,14.14,11.69,242.00,7.00,3.49,2.47,63.00,7.00,0,휴식 (Relax)
-21.00,13.06,-12.19,-13.06,-2.31,9.79,8.66,63.75,107.33,38.47,20.91,50.52,48.00,55.91,24.60,131.86,163.53,33.41,24.60,55.27,11.00,28.05,8.73,20.69,27.80,42.23,14.76,10.84,27.00,30.04,26.56,68.89,110.55,40.58,4.56,69.32,33.00,11.06,3.75,5.33,25.08,15.44,6.93,19.98,13.00,12.92,11.12,208.00,7.00,20.29,17.70,341.00,6.00,5.96,5.39,92.00,7.00,14.14,11.69,231.00,7.00,3.49,2.47,72.00,8.00,0,휴식 (Relax)
-11.50,-18.56,-1.81,-31.62,-5.00,29.68,16.34,39.88,120.00,47.53,25.08,34.03,24.00,38.00,7.89,112.67,184.39,53.88,46.00,42.82,33.00,34.00,3.24,22.04,24.60,36.59,18.86,16.70,21.00,52.96,28.44,35.35,128.28,62.71,59.56,41.15,22.00,6.88,8.31,6.01,29.73,19.46,10.15,15.03,8.00,12.95,11.62,216.00,7.00,20.84,18.99,363.00,7.00,5.90,5.34,102.00,7.00,15.50,12.72,242.00,7.00,3.72,2.62,75.00,3.00,0,휴식 (Relax)
-10.00,-46.50,14.50,-8.25,-1.88,53.62,35.69,40.80,101.82,24.92,2.54,55.05,48.00,60.97,58.73,139.02,176.28,51.97,38.19,100.16,32.00,25.01,14.22,30.99,34.79,38.07,29.83,26.62,10.00,74.73,46.67,55.57,110.00,44.46,46.67,53.87,0.00,6.34,10.10,7.99,29.12,17.87,10.10,16.75,10.00,12.81,11.75,208.00,7.00,23.76,21.25,395.00,7.00,6.90,5.94,108.00,7.00,15.31,12.72,253.00,7.00,3.76,2.77,72.00,6.00,0,휴식 (Relax)
13.50,8.19,13.12,33.69,0.50,46.53,33.45,32.82,107.63,26.81,5.74,63.05,56.00,71.75,66.41,149.69,165.30,41.38,27.19,89.21,21.00,25.20,33.46,50.14,34.79,16.40,22.37,18.07,32.00,43.86,47.33,42.24,132.46,63.30,65.53,85.38,33.00,9.81,13.49,11.14,23.41,17.12,6.79,13.81,4.00,13.18,12.19,200.00,7.00,23.37,20.56,405.00,7.00,7.44,6.03,103.00,7.00,17.60,14.52,264.00,7.00,3.41,2.44,63.00,5.00,0,휴식 (Relax)
18.50,26.75,1.75,8.94,3.00,41.59,72.64,44.53,83.52,21.19,44.93,26.50,8.00,21.26,84.15,151.06,177.34,66.03,41.22,48.33,34.00,29.98,36.59,50.49,29.15,20.62,18.14,15.95,26.00,36.99,89.44,83.87,108.34,30.45,21.69,42.45,11.00,3.07,15.59,15.91,22.00,10.45,4.11,16.38,4.00,12.24,11.12,176.00,6.00,23.51,20.47,405.00,7.00,7.39,5.78,108.00,6.00,15.66,13.06,242.00,6.00,3.30,2.25,61.00,2.00,0,휴식 (Relax)
-5.00,35.00,-13.25,-1.38,2.81,35.79,65.35,37.52,91.21,25.31,51.39,27.70,0.00,40.66,127.93,194.49,137.35,34.74,12.54,69.08,10.00,14.60,42.28,64.92,38.18,22.23,2.91,15.17,10.00,29.80,80.42,77.97,118.47,38.72,17.55,34.84,22.00,2.06,18.51,18.64,19.00,13.26,5.61,14.02,1.00,12.29,11.38,192.00,7.00,25.14,21.75,394.00,6.00,8.13,6.81,113.00,6.00,15.50,12.55,253.00,7.00,3.38,2.51,58.00,6.00,0,휴식 (Relax)
-4.00,2.69,-3.56,-11.00,-1.88,22.39,61.92,43.04,88.36,35.80,50.66,21.46,16.00,29.75,119.77,189.11,142.89,43.11,23.02,74.15,21.00,19.60,37.44,61.50,41.87,19.37,2.09,16.47,5.00,17.01,80.42,93.24,112.18,23.16,17.55,45.79,0.00,5.55,14.54,19.31,19.65,14.53,10.61,9.45,4.00,12.00,11.00,192.00,7.00,24.92,21.23,427.00,6.00,7.90,6.42,107.00,5.00,15.56,12.38,253.00,4.00,3.33,2.39,58.00,4.00,0,휴식 (Relax)
-18.00,-47.25,7.44,-10.31,-1.88,13.55,85.98,74.86,56.57,17.39,32.50,45.85,16.00,36.83,135.06,235.97,94.40,36.55,47.14,90.82,44.00,19.60,37.44,61.50,41.87,19.37,2.09,16.47,5.00,14.68,89.44,103.20,101.41,18.26,21.69,43.24,11.00,5.55,14.54,19.31,19.65,14.53,10.61,9.45,4.00,12.49,11.25,184.00,6.00,27.52,24.09,448.00,6.00,7.90,6.42,113.00,6.00,15.78,13.06,242.00,6.00,3.33,2.39,56.00,4.00,0,휴식 (Relax)
12.50,-4.94,7.12,0.00,-4.56,20.36,62.63,71.26,58.24,40.77,17.37,69.84,40.00,26.13,124.61,226.46,103.46,46.50,56.94,100.38,55.00,23.43,36.43,66.49,38.18,18.62,5.37,15.36,0.00,20.37,78.72,104.03,99.61,7.72,32.61,47.48,22.00,10.34,18.33,22.23,19.00,10.00,11.75,4.82,9.00,12.64,11.50,216.00,7.00,27.27,23.32,469.00,6.00,8.08,6.66,113.00,6.00,15.56,12.38,253.00,4.00,3.53,2.69,54.00,3.00,0,휴식 (Relax)
11.00,13.62,2.12,9.62,2.94,44.12,55.03,93.98,35.78,35.09,39.75,48.22,16.00,38.18,78.98,240.62,87.01,71.82,63.74,45.94,0.00,23.43,36.43,66.49,38.18,18.62,5.37,15.36,0.00,41.61,69.90,125.41,77.78,28.25,20.92,33.23,0.00,5.91,10.53,26.76,11.00,13.66,11.80,6.49,17.00,12.61,11.38,192.00,6.00,25.69,21.16,436.00,6.00,8.08,6.66,118.00,6.00,15.50,12.55,231.00,6.00,3.42,2.59,57.00,7.00,0,휴식 (Relax)
3.50,23.94,-3.50,10.31,-0.06,36.55,50.49,89.20,40.00,42.78,46.77,43.97,8.00,49.17,79.52,251.62,76.01,62.23,53.01,56.80,11.00,23.25,30.50,71.07,34.21,14.89,9.49,20.26,6.00,30.93,65.21,119.44,77.00,32.39,28.81,25.85,11.00,5.91,10.53,26.76,11.00,13.66,11.80,6.49,17.00,12.32,10.94,200.00,6.00,26.19,21.67,436.00,6.00,8.12,6.81,124.00,7.00,14.79,11.77,220.00,6.00,3.42,2.59,57.00,7.00,0,휴식 (Relax)
-3.50,3.31,-3.12,-10.31,0.12,27.21,35.18,98.78,28.84,35.58,44.29,48.14,24.00,29.56,63.70,243.65,78.85,69.27,35.94,76.52,33.00,26.61,25.86,76.38,29.70,12.19,3.91,14.34,0.00,19.47,46.00,133.79,55.00,48.70,7.89,45.79,11.00,4.59,10.07,26.77,8.00,13.92,14.65,3.54,14.00,11.99,10.50,200.00,7.00,25.46,20.64,447.00,6.00,8.13,6.88,113.00,6.00,14.79,11.77,231.00,7.00,3.33,2.39,54.00,3.00,0,휴식 (Relax)
-10.50,-37.25,12.50,0.69,-1.75,31.45,21.68,114.09,17.89,25.05,34.55,50.19,8.00,46.61,10.42,287.25,29.70,15.26,63.49,53.99,22.00,12.53,34.41,81.03,21.02,10.06,21.64,8.50,22.00,19.47,46.00,133.79,55.00,48.70,7.89,45.79,11.00,3.89,8.76,28.67,8.25,11.96,12.93,5.28,16.00,12.24,10.81,192.00,6.00,26.97,22.72,447.00,6.00,8.49,7.06,119.00,6.00,14.79,11.77,231.00,7.00,3.36,2.50,54.00,3.00,0,휴식 (Relax)
12.00,15.00,6.19,10.31,0.12,19.12,33.05,113.73,11.31,2.77,13.69,67.91,16.00,8.32,54.32,251.69,68.31,46.82,83.65,82.05,66.00,10.96,34.45,86.02,16.03,10.17,17.76,3.51,17.00,18.09,61.39,135.36,33.00,57.60,18.60,27.92,11.00,5.18,10.74,27.42,6.32,10.91,12.67,6.81,18.00,12.33,11.00,200.00,6.00,26.39,21.50,480.00,7.00,8.63,7.34,125.00,6.00,14.79,11.77,220.00,6.00,3.33,2.39,54.00,3.00,0,휴식 (Relax)
19.00,34.25,-4.44,20.62,5.75,18.94,37.73,129.09,11.31,14.05,29.67,52.41,0.00,39.73,90.36,267.50,68.95,37.38,96.70,41.03,22.00,14.81,38.60,83.67,17.46,16.14,18.65,3.32,11.00,22.80,63.72,146.07,34.79,46.89,17.20,33.36,0.00,11.04,15.91,30.89,10.00,8.40,9.74,6.12,12.00,13.23,12.00,200.00,6.00,27.77,22.34,469.00,6.00,8.70,7.56,125.00,6.00,15.50,12.55,231.00,6.00,3.65,2.84,51.00,6.00,0,휴식 (Relax)
-4.00,23.25,-9.44,-11.00,-1.56,24.42,44.84,119.98,25.30,23.87,42.77,36.54,16.00,39.73,90.36,267.50,68.95,37.38,96.70,41.03,22.00,14.81,38.60,83.67,17.46,16.14,18.65,3.32,11.00,26.90,76.52,134.59,15.56,48.99,37.49,44.65,22.00,2.69,15.85,20.67,9.43,3.66,5.54,15.88,1.00,12.96,11.50,192.00,6.00,27.77,22.34,469.00,6.00,8.70,7.56,125.00,6.00,15.56,12.38,242.00,3.00,2.89,2.31,48.00,3.00,0,휴식 (Relax)
-20.00,-48.69,5.25,-11.00,0.31,24.42,44.84,119.98,25.30,23.87,42.77,36.54,16.00,53.16,132.39,253.35,109.40,59.92,52.14,105.22,87.00,6.34,28.79,65.02,32.25,33.80,6.55,17.83,32.00,26.90,76.52,134.59,15.56,48.99,37.49,44.65,22.00,2.46,14.07,20.62,7.81,3.68,5.31,17.87,1.00,12.96,11.50,200.00,6.00,30.32,25.89,512.00,6.00,7.98,6.91,131.00,7.00,15.56,12.38,220.00,3.00,2.87,2.23,47.00,3.00,0,휴식 (Relax)
-12.00,-16.69,-5.75,-2.06,0.00,24.42,44.84,119.98,25.30,23.87,42.77,36.54,16.00,53.16,132.39,253.35,109.40,59.92,52.14,105.22,87.00,6.34,28.79,65.02,32.25,33.80,6.55,17.83,32.00,7.83,56.79,103.58,24.60,45.26,43.09,55.98,11.00,5.34,9.38,16.17,11.66,8.20,9.38,13.67,4.00,12.96,11.50,208.00,6.00,30.32,25.89,512.00,6.00,7.98,6.91,125.00,7.00,13.03,10.83,209.00,6.00,2.60,1.88,44.00,3.00,0,휴식 (Relax)
18.00,32.88,-9.38,7.56,5.50,11.09,50.84,119.16,46.65,27.67,15.21,42.52,48.00,34.95,104.68,194.30,186.68,114.27,42.51,83.82,0.00,17.16,8.21,43.95,52.50,47.18,16.63,14.84,10.00,27.08,67.78,106.06,39.66,23.69,22.08,38.64,11.00,12.15,10.06,10.84,17.20,6.98,3.28,18.92,4.00,13.42,12.00,216.00,6.00,28.87,23.25,513.00,7.00,7.82,6.88,130.00,7.00,12.73,10.74,176.00,6.00,2.92,2.31,48.00,7.00,0,휴식 (Relax)
-5.00,-0.12,2.31,8.94,2.31,6.23,35.69,103.90,56.57,42.99,2.54,56.49,64.00,34.95,104.68,194.30,186.68,114.27,42.51,83.82,0.00,28.05,2.93,37.33,50.25,37.66,9.67,7.87,21.00,16.12,46.00,84.49,55.00,19.97,7.89,20.78,33.00,14.52,12.97,12.98,15.65,3.99,3.13,17.69,1.00,13.23,11.62,232.00,7.00,28.87,23.25,524.00,7.00,7.13,6.19,130.00,8.00,10.45,9.20,154.00,6.00,2.97,2.48,48.00,6.00,0,휴식 (Relax)
-3.50,11.56,-8.00,-22.00,-5.19,28.19,16.34,89.91,75.47,45.78,25.08,32.52,40.00,26.52,93.69,183.52,197.03,117.41,48.33,74.61,11.00,38.05,13.61,44.81,39.32,37.06,10.71,16.80,10.00,42.07,26.94,70.80,79.32,13.04,26.94,52.23,0.00,12.13,7.55,6.98,23.09,7.64,7.55,19.75,7.00,12.32,10.38,208.00,6.00,28.47,22.77,524.00,6.00,7.40,6.50,125.00,8.00,11.67,9.62,176.00,3.00,3.21,2.51,56.00,7.00,0,휴식 (Relax)
-3.50,-48.00,6.69,-10.31,-1.88,28.19,16.34,89.91,75.47,45.78,25.08,32.52,40.00,81.63,74.48,187.84,187.30,30.97,39.56,160.59,76.00,26.95,16.37,27.46,42.15,20.95,22.23,37.80,11.00,53.07,34.49,80.02,73.79,13.74,22.47,41.51,11.00,14.79,10.50,10.78,22.09,4.82,7.33,16.31,2.00,12.32,10.38,208.00,6.00,29.81,25.38,556.00,7.00,6.82,6.19,131.00,9.00,11.97,10.40,176.00,6.00,3.16,2.39,54.00,3.00,0,휴식 (Relax)
-3.50,-14.62,11.62,20.62,-1.88,28.19,16.34,89.91,75.47,45.78,25.08,32.52,40.00,103.57,94.82,209.73,165.47,47.21,32.02,139.65,54.00,33.84,33.34,37.46,27.20,37.76,23.84,23.02,6.00,26.56,3.49,57.10,104.36,46.70,49.07,25.08,44.00,14.79,10.50,10.78,22.09,4.82,7.33,16.31,2.00,12.32,10.38,192.00,6.00,30.01,26.17,534.00,6.00,7.36,6.58,126.00,8.00,12.83,11.17,209.00,7.00,3.16,2.39,54.00,3.00,0,휴식 (Relax)
18.00,34.94,-9.38,8.25,2.81,43.74,24.23,93.74,64.00,33.58,30.81,38.52,0.00,46.20,40.50,185.46,196.92,91.56,111.25,94.38,33.00,21.42,25.37,23.92,38.83,44.90,39.35,20.80,22.00,30.40,23.56,71.88,99.61,43.91,29.95,26.34,22.00,9.81,8.08,12.95,22.20,2.78,2.95,21.27,7.00,12.17,10.75,184.00,6.00,28.93,24.42,546.00,7.00,7.61,6.88,148.00,9.00,12.60,11.00,209.00,7.00,3.21,2.51,56.00,7.00,0,휴식 (Relax)
-5.00,1.25,-3.69,-2.75,-0.50,28.77,15.00,77.80,80.00,22.70,36.21,53.33,16.00,50.22,49.10,195.40,187.86,93.73,102.18,92.74,22.00,12.90,32.28,29.38,33.84,51.50,30.85,16.81,11.00,30.40,23.56,71.88,99.61,43.91,29.95,26.34,22.00,5.19,11.47,17.84,17.26,2.22,5.70,16.54,2.00,11.96,10.25,208.00,7.00,28.84,23.72,557.00,6.00,7.48,6.65,148.00,9.00,12.60,11.00,209.00,7.00,2.92,2.31,51.00,7.00,0,휴식 (Relax)
-4.00,-29.00,2.31,-12.38,-0.31,12.82,27.15,71.68,81.58,38.63,42.70,37.38,0.00,32.83,9.99,165.85,216.37,137.45,104.84,82.10,22.00,12.90,32.28,29.38,33.84,51.50,30.85,16.81,11.00,10.32,29.95,76.65,99.61,34.91,23.56,38.88,44.00,7.36,8.50,17.43,18.03,4.29,7.05,14.54,1.00,11.66,9.50,200.00,7.00,29.63,25.62,579.00,7.00,7.48,6.65,148.00,9.00,12.83,11.17,220.00,7.00,2.84,2.09,48.00,6.00,0,휴식 (Relax)
-11.00,-4.94,-3.69,-11.00,-5.00,5.00,42.70,84.69,65.97,36.83,27.15,52.06,16.00,41.12,37.57,184.89,194.45,125.50,77.78,99.25,11.00,12.90,32.28,29.38,33.84,51.50,30.85,16.81,11.00,12.82,51.88,98.64,77.78,19.62,40.80,19.19,22.00,10.91,7.00,22.05,13.42,6.96,9.11,16.56,4.00,11.96,9.50,200.00,6.00,28.89,24.70,579.00,7.00,7.48,6.65,154.00,10.00,12.90,11.00,198.00,3.00,3.12,2.25,53.00,3.00,0,휴식 (Relax)
12.00,26.69,-3.69,9.62,5.62,11.46,36.21,72.20,71.55,52.36,15.00,64.83,32.00,40.81,21.71,163.99,212.19,143.70,55.85,119.18,33.00,12.90,32.28,29.38,33.84,51.50,30.85,16.81,11.00,14.42,38.26,91.96,83.77,2.43,62.13,6.42,0.00,9.16,4.92,18.54,16.97,12.53,15.09,18.53,10.00,12.33,10.50,216.00,7.00,29.66,25.90,568.00,7.00,7.48,6.65,137.00,9.00,12.83,11.17,209.00,7.00,3.44,2.77,62.00,7.00,0,휴식 (Relax)
-4.50,-8.38,7.69,8.94,-0.50,18.76,41.04,75.31,64.50,48.33,15.36,60.60,24.00,66.24,44.34,165.46,195.43,118.56,81.08,86.18,0.00,8.89,28.19,25.05,32.39,47.20,35.32,10.84,5.00,25.30,43.09,101.29,73.79,9.86,56.79,11.61,11.00,10.11,4.14,19.86,15.62,12.46,13.67,18.44,8.00,11.99,10.19,208.00,7.00,27.95,23.58,546.00,7.00,6.93,6.23,142.00,10.00,13.03,11.69,198.00,6.00,3.39,2.69,66.00,8.00,0,휴식 (Relax)
-3.50,3.31,-7.31,-22.00,-0.50,12.46,25.08,59.34,73.76,60.10,16.34,60.99,8.00,55.33,33.98,154.82,205.34,123.25,84.26,76.11,11.00,17.45,12.41,35.11,16.76,43.16,37.09,25.99,21.00,11.18,12.89,77.62,93.34,39.41,75.11,44.46,44.00,10.11,4.14,19.86,15.62,12.46,13.67,18.44,8.00,11.65,9.25,200.00,7.00,27.74,22.98,535.00,8.00,6.91,6.02,147.00,10.00,14.02,12.38,220.00,5.00,3.39,2.69,60.00,7.00,0,휴식 (Relax)
-9.50,-15.25,3.31,1.38,-2.00,39.88,20.42,57.84,53.67,36.27,38.77,52.04,40.00,13.73,52.39,128.75,188.73,68.63,118.23,120.16,44.00,11.54,17.84,29.92,16.03,37.50,42.56,31.13,27.00,32.87,9.11,90.53,79.32,41.46,53.11,24.91,22.00,2.78,12.09,21.21,12.17,9.22,9.47,13.91,16.00,10.67,7.44,184.00,6.00,26.40,21.88,546.00,9.00,6.93,6.15,153.00,11.00,12.83,11.17,209.00,7.00,3.12,2.25,54.00,3.00,0,휴식 (Relax)
13.50,18.44,7.31,21.31,2.69,24.08,4.88,42.13,68.35,47.16,54.04,48.30,56.00,21.28,63.30,137.30,177.90,71.98,107.27,113.48,33.00,5.10,28.44,36.39,1.00,49.85,28.44,24.35,11.00,9.73,27.33,60.38,108.34,74.45,37.83,29.67,11.00,7.62,9.55,16.21,17.12,13.92,5.89,11.01,21.00,11.21,8.75,192.00,7.00,25.78,21.19,503.00,9.00,6.91,6.19,142.00,10.00,13.73,11.77,231.00,7.00,3.16,2.43,57.00,7.00,0,휴식 (Relax)
4.00,24.69,-3.00,-11.69,-0.31,14.10,19.36,34.41,64.00,28.32,46.75,62.92,32.00,55.38,61.90,80.97,180.45,56.16,82.57,121.89,43.00,5.90,28.64,25.82,12.00,49.02,28.64,28.98,0.00,9.73,27.33,60.38,108.34,74.45,37.83,29.67,11.00,7.62,9.55,16.21,17.12,13.92,5.89,11.01,21.00,10.20,8.50,192.00,7.00,23.68,19.52,482.00,9.00,6.69,5.88,142.00,10.00,13.73,11.77,253.00,8.00,3.16,2.43,60.00,8.00,0,휴식 (Relax)
-12.00,1.31,-3.00,-0.69,-0.31,14.10,19.36,34.41,64.00,28.32,46.75,62.92,32.00,75.62,83.72,95.45,159.20,72.62,67.23,106.79,21.00,5.90,28.64,25.82,12.00,49.02,28.64,28.98,0.00,9.73,27.33,60.38,108.34,74.45,37.83,29.67,11.00,7.62,9.55,16.21,17.12,13.92,5.89,11.01,21.00,10.20,8.50,176.00,7.00,23.15,18.14,449.00,8.00,6.69,5.88,137.00,10.00,13.73,11.77,253.00,7.00,3.16,2.43,54.00,7.00,0,휴식 (Relax)
-10.00,-17.25,-3.31,-10.31,0.06,20.68,36.21,25.23,71.55,5.02,15.00,30.96,64.00,50.63,53.41,50.31,182.24,122.75,14.41,63.92,34.00,4.38,23.77,21.43,17.00,52.79,23.77,24.06,5.00,12.73,43.09,50.02,101.41,54.60,56.79,50.82,33.00,6.85,4.99,10.77,17.46,7.98,7.29,5.03,27.00,9.17,7.00,152.00,6.00,21.85,17.72,438.00,9.00,6.42,5.60,126.00,9.00,13.73,11.77,264.00,9.00,2.79,1.96,51.00,5.00,0,휴식 (Relax)
-2.00,-5.56,2.69,1.38,0.25,20.68,36.21,25.23,71.55,5.02,15.00,30.96,64.00,55.55,60.24,56.25,173.10,122.44,25.33,73.66,23.00,4.38,23.77,21.43,17.00,52.79,23.77,24.06,5.00,22.78,53.89,58.88,90.71,54.25,53.89,42.23,22.00,9.08,6.43,11.60,14.56,9.07,4.32,7.80,24.00,9.17,7.00,160.00,6.00,21.86,17.81,438.00,9.00,6.42,5.60,121.00,9.00,13.40,11.17,242.00,9.00,2.68,1.84,43.00,4.00,0,휴식 (Relax)
5.50,16.44,-3.62,10.31,-0.06,18.60,32.65,22.63,75.47,9.83,18.49,36.73,56.00,55.55,60.24,56.25,173.10,122.44,25.33,73.66,23.00,9.00,25.50,23.10,12.00,47.82,25.50,20.07,10.00,21.37,44.04,36.76,88.68,28.76,77.76,41.49,11.00,4.35,1.47,6.60,16.64,7.25,2.80,12.04,19.00,9.26,7.44,168.00,7.00,21.86,17.81,395.00,9.00,6.12,5.33,111.00,9.00,12.58,10.48,242.00,7.00,2.38,1.48,40.00,6.00,0,휴식 (Relax)
5.00,22.69,-7.62,-1.38,2.62,22.51,36.72,29.72,68.82,5.91,21.06,33.69,64.00,25.33,51.63,88.48,118.98,88.48,82.29,25.33,99.00,7.16,11.69,7.18,20.00,42.47,40.93,19.32,26.00,31.89,52.67,44.92,77.78,39.63,66.97,34.68,0.00,0.77,3.77,6.69,12.73,12.09,2.40,9.41,24.00,9.33,7.75,168.00,7.00,18.84,15.90,374.00,9.00,6.14,5.16,110.00,9.00,12.22,9.97,220.00,7.00,2.42,1.69,43.00,7.00,0,휴식 (Relax)
-10.50,9.62,-6.25,10.31,-0.50,15.98,28.84,24.55,73.76,13.68,28.84,35.48,72.00,52.41,84.47,118.55,93.34,61.50,55.03,26.73,66.00,29.02,10.32,21.60,18.87,26.54,25.49,16.34,4.00,21.09,41.91,35.86,80.08,43.80,61.72,26.58,11.00,2.55,5.54,8.69,11.40,11.11,2.30,9.52,22.00,9.68,8.12,160.00,7.00,18.19,15.30,330.00,6.00,5.15,4.22,88.00,8.00,11.32,9.11,220.00,8.00,2.35,1.62,41.00,7.00,0,휴식 (Relax)
-1.00,-49.94,8.75,-10.31,-2.19,10.59,16.00,42.89,57.69,20.51,16.00,26.45,48.00,62.25,59.57,144.96,69.26,39.96,101.34,98.87,21.00,16.18,11.67,16.29,33.53,11.06,33.64,24.63,12.00,13.27,35.67,47.18,59.24,59.99,57.67,47.19,11.00,3.31,5.87,8.24,8.06,14.95,7.18,9.68,17.00,7.94,6.38,144.00,6.00,20.75,16.95,362.00,9.00,5.39,4.69,99.00,9.00,11.32,9.11,231.00,9.00,2.32,1.43,40.00,6.00,0,휴식 (Relax)
-1.00,-16.56,-2.25,-19.94,-4.88,10.59,16.00,42.89,57.69,20.51,16.00,26.45,48.00,83.76,80.35,166.49,48.75,23.06,79.96,82.46,1.00,16.18,11.67,16.29,33.53,11.06,33.64,24.63,12.00,32.66,53.54,68.20,55.00,43.12,74.86,25.52,11.00,8.30,10.77,13.19,4.47,11.18,4.46,11.32,22.00,7.94,6.38,144.00,6.00,21.16,17.81,361.00,8.00,5.39,4.69,104.00,9.00,12.43,10.57,231.00,8.00,2.64,1.69,43.00,3.00,0,휴식 (Relax)
14.00,-6.94,8.44,22.00,2.94,17.02,0.00,49.90,50.60,28.18,0.00,39.32,64.00,62.42,61.93,163.54,61.52,39.53,71.71,77.41,23.00,17.44,15.37,19.82,28.79,15.80,37.44,25.48,17.00,3.20,23.96,71.36,22.00,64.79,107.36,19.51,44.00,5.60,8.55,12.03,2.24,12.80,6.70,13.87,25.00,8.72,7.50,152.00,7.00,20.00,16.44,350.00,8.00,5.73,5.08,109.00,9.00,13.47,11.00,275.00,5.00,2.75,1.84,46.00,7.00,0,휴식 (Relax)
5.00,13.69,-7.25,-11.00,-0.38,32.74,16.00,65.63,35.78,14.58,16.00,23.49,48.00,47.33,63.29,183.50,48.30,26.01,63.29,74.01,1.00,14.33,15.36,21.82,30.89,19.28,38.37,25.35,22.00,3.20,23.96,71.36,22.00,64.79,107.36,19.51,44.00,4.85,10.17,16.23,3.16,8.11,2.12,8.91,20.00,8.43,7.38,136.00,6.00,20.24,16.77,339.00,8.00,5.99,5.31,125.00,10.00,13.47,11.00,286.00,5.00,2.42,1.69,38.00,7.00,0,휴식 (Relax)
-9.50,4.06,-6.94,0.69,2.81,11.37,17.00,64.47,32.98,32.64,37.08,4.94,24.00,56.11,45.97,168.41,68.62,44.69,45.97,68.46,21.00,10.73,19.64,26.79,26.63,21.35,41.14,27.34,17.00,8.63,18.79,67.26,11.00,67.26,109.49,8.63,33.00,3.54,7.27,14.06,3.61,8.81,3.63,6.03,17.00,8.11,6.88,136.00,6.00,19.23,15.57,317.00,7.00,6.23,5.55,114.00,9.00,13.17,10.48,297.00,10.00,2.07,1.41,35.00,7.00,0,휴식 (Relax)
-16.50,-27.56,-1.25,-29.56,-2.06,16.20,32.98,80.06,17.89,23.68,32.98,13.83,40.00,64.33,23.97,179.43,65.00,32.70,67.97,81.25,1.00,5.63,30.30,31.72,22.36,10.58,30.30,20.05,28.00,51.30,29.52,104.82,45.35,23.72,75.25,52.52,77.00,3.16,5.58,15.02,5.39,6.81,1.69,7.63,19.00,9.15,7.62,144.00,6.00,20.43,17.12,339.00,7.00,5.78,4.84,103.00,8.00,14.92,12.12,297.00,10.00,2.14,1.47,40.00,8.00,0,휴식 (Relax)
-0.50,-4.88,4.06,-8.25,-4.75,16.20,32.98,80.06,17.89,23.68,32.98,13.83,40.00,66.91,17.66,190.25,54.00,25.36,60.60,71.46,10.00,12.77,25.89,38.63,11.70,14.49,21.99,13.06,39.00,41.91,26.62,97.08,44.00,19.31,64.27,62.72,88.00,5.12,7.01,19.96,5.83,9.82,5.91,6.23,14.00,9.15,7.62,152.00,6.00,20.42,17.12,339.00,6.00,5.65,4.92,98.00,8.00,14.29,11.34,297.00,9.00,2.46,1.84,41.00,3.00,0,휴식 (Relax)
6.50,4.75,4.06,13.06,2.94,1.04,37.08,89.84,8.00,11.62,17.00,15.51,24.00,71.98,22.02,186.74,58.31,5.52,66.84,49.68,32.00,12.77,25.89,38.63,11.70,14.49,21.99,13.06,39.00,37.20,34.84,102.22,55.00,11.53,72.94,55.12,77.00,4.97,2.14,19.26,10.44,9.57,9.46,9.63,9.00,9.04,7.69,136.00,6.00,20.04,16.34,317.00,6.00,5.65,4.92,93.00,8.00,14.66,11.95,297.00,10.00,2.54,1.84,44.00,8.00,0,휴식 (Relax)
7.00,15.75,4.38,3.44,2.94,7.83,29.56,82.34,16.00,17.86,12.25,22.81,16.00,71.98,22.02,186.74,58.31,5.52,66.84,49.68,32.00,8.20,21.05,39.01,7.21,15.19,18.47,17.78,34.00,41.67,13.67,80.50,59.24,10.58,79.67,52.94,55.00,4.97,2.14,19.26,10.44,9.57,9.46,9.63,9.00,8.43,7.12,128.00,6.00,20.04,16.34,317.00,6.00,5.27,4.53,82.00,7.00,13.31,10.74,275.00,9.00,2.54,1.84,41.00,7.00,0,휴식 (Relax)
-8.00,6.12,-6.31,2.75,5.56,23.11,16.00,83.52,22.63,11.10,16.00,6.88,32.00,52.43,41.00,170.25,69.66,16.67,47.99,68.80,10.00,6.54,16.85,43.87,6.08,10.22,23.45,12.83,39.00,42.23,20.20,83.51,49.19,18.55,76.71,59.01,44.00,10.86,5.48,23.93,5.00,5.57,8.00,15.57,3.00,8.49,7.00,128.00,3.00,18.88,15.14,306.00,6.00,5.50,4.77,93.00,8.00,13.19,10.31,264.00,8.00,2.91,2.30,44.00,7.00,0,휴식 (Relax)
-15.50,-14.50,4.31,-28.19,-7.00,30.19,17.89,91.34,17.89,3.74,17.89,14.30,24.00,30.99,61.78,179.42,54.41,20.77,55.41,56.23,32.00,6.94,18.62,40.69,1.00,8.91,28.27,8.30,45.00,36.85,37.05,110.26,45.35,35.65,52.36,89.23,11.00,4.47,3.00,26.25,10.77,11.67,6.56,21.97,4.00,9.15,7.62,136.00,6.00,19.18,15.75,306.00,6.00,5.60,5.02,104.00,9.00,15.05,12.29,286.00,8.00,3.43,2.62,57.00,4.00,0,휴식 (Relax)
22.50,16.44,3.94,4.12,-1.88,24.66,16.06,78.00,48.66,28.70,49.30,44.22,8.00,63.92,53.80,146.59,83.38,52.85,57.16,63.40,65.00,9.74,17.63,44.71,7.00,3.60,27.63,11.38,39.00,39.66,26.39,101.69,56.09,35.72,41.51,100.21,0.00,3.92,5.00,28.25,10.20,10.44,7.68,20.54,2.00,10.67,8.69,168.00,7.00,19.29,15.74,328.00,7.00,5.67,5.19,98.00,8.00,15.00,12.03,308.00,8.00,3.46,2.78,62.00,4.00,0,휴식 (Relax)
-1.50,4.75,-1.69,14.44,8.56,24.66,16.06,78.00,48.66,28.70,49.30,44.22,8.00,74.02,62.37,143.97,79.81,51.29,62.62,55.39,54.00,9.28,22.28,39.23,9.22,3.01,32.15,14.75,33.00,48.09,23.37,105.65,59.24,45.44,50.99,90.42,11.00,8.48,6.34,26.78,19.10,17.16,16.67,19.19,7.00,10.67,8.69,184.00,7.00,19.27,15.56,317.00,6.00,5.60,5.02,98.00,8.00,15.42,12.55,308.00,8.00,4.11,3.37,73.00,9.00,0,휴식 (Relax)
-8.50,5.44,3.94,4.12,-0.44,10.62,26.36,64.76,64.50,41.11,50.05,37.78,8.00,66.56,51.56,135.01,90.47,61.46,73.46,45.62,43.00,7.45,16.43,39.34,6.08,8.52,38.11,17.89,27.00,37.46,18.03,94.65,69.57,54.00,55.34,83.96,22.00,8.48,6.34,26.78,19.10,17.16,16.67,19.19,7.00,10.76,8.62,192.00,7.00,18.89,15.05,306.00,6.00,5.67,5.19,99.00,9.00,15.00,12.03,308.00,8.00,4.11,3.37,79.00,9.00,0,휴식 (Relax)
0.00,6.81,-7.06,-6.19,-2.12,4.49,34.26,67.33,64.00,34.96,43.57,37.30,0.00,63.76,43.48,116.63,88.01,49.21,57.09,67.48,65.00,7.45,16.43,39.34,6.08,8.52,38.11,17.89,27.00,26.53,10.19,91.31,73.79,57.41,59.38,86.64,11.00,8.30,5.57,23.52,24.08,19.05,17.23,15.73,2.00,10.58,8.00,184.00,3.00,17.60,14.02,295.00,6.00,5.67,5.19,110.00,10.00,15.05,12.29,308.00,9.00,4.09,3.28,78.00,8.00,0,휴식 (Relax)
-0.50,-2.81,3.25,-4.81,-2.00,11.65,30.12,59.33,72.00,38.60,35.62,35.41,8.00,75.72,59.26,123.70,66.01,37.52,59.78,46.92,43.00,8.24,22.00,31.65,13.42,5.85,38.47,20.20,16.00,13.48,12.75,109.69,55.00,35.42,39.13,91.17,33.00,9.66,7.39,24.61,24.00,17.06,15.54,17.49,4.00,10.38,7.69,176.00,6.00,17.00,13.34,241.00,6.00,5.44,4.91,105.00,10.00,14.54,11.69,286.00,8.00,4.12,3.38,76.00,5.00,0,휴식 (Relax)
7.00,4.81,3.56,15.81,2.69,19.62,33.71,56.68,72.44,30.75,40.98,40.01,0.00,37.16,10.19,69.72,85.91,16.74,59.38,41.31,11.00,7.64,17.01,29.48,16.28,5.67,35.84,21.27,11.00,21.79,19.05,93.19,70.43,34.33,19.05,106.97,55.00,5.26,3.48,19.76,29.00,16.50,10.67,22.48,9.00,10.54,8.25,184.00,7.00,12.28,10.14,220.00,7.00,5.09,4.63,94.00,9.00,15.05,12.29,297.00,9.00,4.15,3.48,78.00,9.00,0,휴식 (Relax)
6.50,13.75,3.19,13.75,-0.62,27.01,41.57,63.17,64.50,33.09,41.57,33.13,8.00,27.97,37.49,65.88,64.14,33.19,76.52,23.50,22.00,6.55,21.75,35.48,12.53,4.60,30.15,21.75,5.00,48.15,51.88,110.45,56.09,4.22,40.80,76.11,22.00,1.54,6.77,19.82,29.43,11.94,13.79,17.84,4.00,10.67,8.69,168.00,6.00,11.99,9.28,220.00,7.00,5.11,4.61,83.00,8.00,14.81,11.69,253.00,8.00,3.92,3.20,73.00,9.00,0,휴식 (Relax)
7.00,12.38,-6.81,4.12,-0.44,21.68,35.34,56.70,65.97,28.16,48.32,25.34,16.00,33.38,57.59,87.32,46.67,20.92,54.54,38.36,0.00,18.04,24.07,32.62,7.81,13.47,17.05,24.68,11.00,36.17,40.80,89.60,77.78,17.82,51.88,54.13,0.00,3.88,3.96,16.93,32.39,9.79,14.22,15.95,1.00,10.15,8.12,160.00,6.00,12.22,8.94,198.00,6.00,4.98,4.71,78.00,8.00,13.40,10.66,231.00,7.00,3.87,3.05,70.00,8.00,0,휴식 (Relax)
-15.50,-28.88,-6.81,-17.19,-2.31,28.86,41.94,67.36,43.08,51.98,25.94,49.23,8.00,49.77,55.08,72.74,34.79,62.49,36.36,81.97,44.00,18.04,24.07,32.62,7.81,13.47,17.05,24.68,11.00,38.39,46.89,89.93,77.00,17.32,53.70,64.62,11.00,5.88,3.83,15.73,32.76,9.04,15.34,16.50,3.00,10.76,8.62,168.00,6.00,13.95,11.17,231.00,7.00,4.98,4.71,78.00,8.00,14.01,11.52,242.00,7.00,3.92,3.14,69.00,7.00,0,휴식 (Relax)
0.00,-16.50,8.19,4.81,-0.12,21.86,34.17,59.61,46.65,54.91,24.99,56.52,16.00,70.97,75.58,93.01,15.56,53.69,24.07,61.31,22.00,7.32,12.47,25.04,21.84,28.47,11.77,32.75,5.00,38.39,46.89,89.93,77.00,17.32,53.70,64.62,11.00,8.72,6.55,17.57,29.83,12.03,12.38,16.93,0.00,10.58,8.00,176.00,3.00,14.55,12.38,209.00,6.00,5.11,4.61,89.00,9.00,14.01,11.52,231.00,7.00,3.85,2.92,66.00,6.00,0,휴식 (Relax)
6.50,3.44,2.81,-7.56,-2.12,4.94,17.89,61.37,28.84,73.20,17.89,43.12,8.00,38.81,48.56,74.73,45.35,82.76,17.44,45.06,11.00,10.85,15.59,30.12,21.00,25.40,15.59,27.39,1.00,20.71,33.00,77.71,80.08,20.29,33.00,57.31,11.00,8.72,6.55,17.57,29.83,12.03,12.38,16.93,0.00,9.89,7.69,168.00,7.00,12.73,10.23,209.00,7.00,5.11,4.49,88.00,8.00,12.12,9.80,220.00,8.00,3.85,2.92,65.00,6.00,0,휴식 (Relax)
13.50,2.75,2.81,13.06,5.19,17.44,28.84,77.28,17.89,60.53,28.84,45.73,8.00,31.22,49.79,82.74,44.00,75.43,20.62,44.47,0.00,10.85,15.59,30.12,21.00,25.40,15.59,27.39,1.00,10.96,45.35,93.46,59.24,7.30,45.35,56.50,11.00,10.12,10.82,20.17,19.31,20.89,17.91,9.50,11.00,10.48,8.50,168.00,6.00,12.60,9.62,198.00,6.00,5.11,4.49,88.00,8.00,12.43,9.71,220.00,8.00,3.86,3.14,65.00,6.00,0,휴식 (Relax)
-17.00,13.06,-7.50,-7.56,-2.50,15.08,7.10,69.32,11.31,72.21,52.59,50.52,32.00,30.45,59.38,92.68,33.00,70.80,10.19,49.08,11.00,1.01,10.32,34.81,23.71,15.51,11.73,38.09,10.00,24.78,23.37,74.78,70.43,29.30,50.99,55.67,33.00,6.04,5.97,15.22,21.63,24.86,18.77,7.05,16.00,11.27,9.12,200.00,7.00,13.03,9.97,198.00,6.00,5.42,5.00,99.00,9.00,12.12,9.80,231.00,9.00,3.87,3.06,73.00,7.00,0,휴식 (Relax)
-0.50,-17.88,3.50,-6.88,-0.31,22.63,11.40,76.18,8.00,64.53,47.98,50.76,24.00,32.38,29.95,99.09,46.67,37.83,23.56,78.07,44.00,1.01,10.32,34.81,23.71,15.51,11.73,38.09,10.00,35.77,18.03,78.10,62.23,27.10,55.34,59.18,22.00,3.55,5.35,14.84,19.21,25.62,20.33,9.11,13.00,11.12,8.62,200.00,6.00,13.40,11.17,220.00,7.00,5.42,5.00,99.00,9.00,12.22,10.14,231.00,9.00,3.82,2.84,72.00,7.00,0,휴식 (Relax)
-8.50,-16.50,-2.81,-16.50,-1.81,22.63,11.40,76.18,8.00,64.53,47.98,50.76,24.00,42.76,35.20,121.08,34.79,51.30,14.58,56.07,22.00,4.20,5.34,34.18,26.40,10.65,6.74,35.56,5.00,56.95,34.79,100.10,49.19,10.92,34.79,45.88,44.00,4.93,12.53,22.37,15.52,17.66,12.53,2.71,21.00,11.12,8.62,200.00,6.00,14.02,12.38,198.00,6.00,5.11,4.61,94.00,9.00,12.90,11.00,209.00,8.00,3.56,2.44,61.00,4.00,0,휴식 (Relax)
13.50,14.44,7.88,34.38,5.38,16.54,26.53,90.18,32.98,39.17,26.53,32.67,56.00,44.34,7.89,111.84,66.91,51.06,46.00,28.78,11.00,8.89,3.33,38.76,22.63,14.33,10.63,36.30,10.00,37.82,34.79,95.66,31.11,55.16,34.79,43.18,110.00,9.67,6.32,17.59,4.47,16.01,6.32,11.52,34.00,10.85,8.81,184.00,6.00,13.87,11.60,198.00,6.00,5.44,4.84,105.00,10.00,13.95,11.17,231.00,8.00,3.39,2.69,64.00,7.00,0,휴식 (Relax)
6.50,35.06,-12.12,1.38,-0.75,5.56,13.86,74.68,40.00,24.37,13.86,26.64,72.00,62.31,16.21,131.22,66.91,69.20,30.78,41.20,11.00,10.28,13.29,29.73,35.78,18.98,21.43,37.02,26.00,37.82,34.79,95.66,31.11,55.16,34.79,43.18,110.00,11.67,8.16,19.42,2.83,14.03,4.62,9.91,32.00,9.47,7.69,168.00,5.00,16.14,12.46,209.00,6.00,6.23,5.61,120.00,10.00,13.95,11.17,253.00,8.00,3.33,2.62,59.00,7.00,0,휴식 (Relax)
6.00,2.06,-2.12,12.38,2.62,11.08,14.78,76.03,33.94,26.45,6.12,23.77,80.00,62.31,16.21,131.22,66.91,69.20,30.78,41.20,11.00,10.28,13.29,29.73,35.78,18.98,21.43,37.02,26.00,37.82,34.79,95.66,31.11,55.16,34.79,43.18,110.00,6.78,3.70,15.73,4.47,12.18,1.53,8.85,26.00,9.59,8.00,160.00,5.00,16.14,12.46,242.00,6.00,6.23,5.61,124.00,9.00,13.95,11.17,253.00,8.00,2.64,2.06,53.00,7.00,0,휴식 (Relax)
-17.50,-39.19,8.56,-19.25,-2.25,3.23,19.31,82.70,28.84,34.44,3.31,20.30,88.00,23.48,50.99,151.46,85.91,91.73,23.37,58.52,33.00,5.57,14.80,25.19,40.31,23.97,24.22,39.75,21.00,16.34,48.77,110.70,22.00,36.15,31.77,40.73,132.00,6.40,4.83,17.03,4.00,10.44,0.83,8.00,28.00,10.28,8.50,176.00,6.00,19.04,15.64,286.00,7.00,6.54,5.88,124.00,9.00,14.81,12.38,275.00,8.00,2.70,2.12,56.00,8.00,0,휴식 (Relax)
13.50,4.81,7.56,12.38,-5.06,19.23,3.31,70.29,43.08,43.00,19.31,16.27,104.00,23.48,50.99,151.46,85.91,91.73,23.37,58.52,33.00,13.09,30.43,30.88,37.00,23.69,8.48,27.38,37.00,35.90,26.94,91.23,44.00,47.08,26.94,41.51,154.00,7.96,7.83,19.87,1.00,13.01,2.17,10.23,25.00,10.85,9.19,208.00,7.00,19.04,15.64,319.00,7.00,6.55,5.70,113.00,8.00,15.00,12.55,308.00,9.00,2.95,2.22,59.00,8.00,0,휴식 (Relax)
20.00,14.44,2.56,21.31,5.44,42.39,21.78,81.87,40.79,57.60,17.13,31.35,80.00,31.46,48.98,149.25,101.41,93.79,41.41,36.52,11.00,13.09,30.43,30.88,37.00,23.69,8.48,27.38,37.00,64.73,28.08,101.41,55.00,19.55,53.31,55.25,121.00,3.65,6.06,20.77,8.06,14.67,9.66,18.11,17.00,12.00,10.00,208.00,6.00,19.34,15.73,319.00,6.00,6.55,5.70,118.00,8.00,15.78,13.15,297.00,8.00,3.22,2.65,65.00,8.00,0,휴식 (Relax)
4.00,24.06,-7.75,0.00,-0.38,42.39,21.78,81.87,40.79,57.60,17.13,31.35,80.00,43.95,67.78,169.57,88.68,72.26,22.08,57.42,33.00,5.81,30.78,31.05,38.60,21.24,15.77,38.36,26.00,57.24,17.20,90.45,64.14,27.06,63.72,65.32,110.00,5.06,3.43,17.78,8.94,12.97,11.67,21.02,14.00,12.00,10.00,224.00,6.00,20.29,16.59,319.00,6.00,6.81,6.16,129.00,9.00,15.56,12.38,319.00,5.00,3.16,2.44,68.00,8.00,0,휴식 (Relax)
-3.50,-17.88,-2.38,-19.94,-0.38,38.38,22.38,81.08,43.08,58.52,11.79,23.68,88.00,42.37,38.11,148.77,118.47,59.21,38.11,86.11,66.00,9.37,35.97,36.95,32.89,15.79,15.44,32.77,32.00,57.39,21.12,86.54,85.91,16.48,56.43,32.33,143.00,5.06,3.43,17.78,8.94,12.97,11.67,21.02,14.00,11.99,10.06,232.00,7.00,20.53,17.53,363.00,7.00,6.79,6.12,123.00,8.00,16.14,13.32,330.00,9.00,3.16,2.44,68.00,8.00,0,휴식 (Relax)
-25.50,-26.12,2.94,2.06,-6.94,48.86,52.55,110.84,17.89,28.01,30.84,52.13,56.00,79.03,53.11,176.74,110.00,31.79,9.11,64.02,22.00,3.00,25.67,32.47,38.01,9.91,25.12,26.28,43.00,57.39,21.12,86.54,85.91,16.48,56.43,32.33,143.00,12.06,5.51,22.87,8.54,12.97,8.70,25.45,7.00,13.63,11.50,232.00,6.00,21.26,18.73,330.00,6.00,6.56,5.80,129.00,9.00,16.14,13.32,330.00,9.00,3.63,2.70,73.00,6.00,0,휴식 (Relax)
28.44,25.44,-3.38,21.31,5.56,24.66,28.67,87.14,65.49,33.77,67.50,95.03,7.00,24.05,1.89,127.79,165.00,24.55,64.11,90.23,33.00,6.55,24.39,36.54,34.06,6.15,20.62,27.13,38.00,27.78,39.13,66.55,122.98,44.31,12.75,70.26,99.00,5.56,3.11,16.49,16.28,20.93,5.68,29.52,1.00,14.81,11.99,273.00,7.00,21.20,18.05,374.00,7.00,6.28,5.45,119.00,9.00,16.25,13.23,330.00,9.00,3.87,3.10,84.00,9.00,0,휴식 (Relax)
-4.56,22.69,-12.06,-0.69,5.19,24.66,28.67,87.14,65.49,33.77,67.50,95.03,7.00,22.88,45.35,142.05,170.77,47.22,45.35,52.15,11.00,17.37,20.92,22.58,50.25,15.07,24.99,32.08,17.00,27.78,39.13,66.55,122.98,44.31,12.75,70.26,99.00,7.27,9.04,19.57,18.36,19.00,10.21,28.55,5.00,14.81,11.99,298.00,7.00,21.47,17.45,352.00,6.00,6.73,5.81,124.00,9.00,16.25,13.23,341.00,10.00,4.10,3.52,82.00,9.00,0,휴식 (Relax)
-19.06,0.69,-6.38,-1.38,-0.94,42.16,6.37,67.28,89.36,45.14,80.56,87.90,31.00,22.88,45.35,142.05,170.77,47.22,45.35,52.15,11.00,28.33,18.86,31.20,45.54,13.93,14.15,31.96,28.00,19.22,45.45,75.93,113.25,41.18,18.83,75.64,88.00,9.12,10.43,21.49,16.64,17.35,8.32,27.96,3.00,15.58,13.06,306.00,7.00,21.47,17.45,374.00,6.00,6.85,5.92,129.00,9.00,15.98,12.72,319.00,9.00,4.04,3.42,80.00,9.00,0,휴식 (Relax)
-9.56,-40.56,9.31,-21.31,-7.12,66.02,25.12,77.77,90.43,24.12,56.66,85.93,7.00,24.93,64.11,135.54,187.00,71.92,1.89,96.08,33.00,23.95,22.38,27.31,50.29,18.92,10.25,34.85,33.00,50.99,58.03,86.29,101.41,11.77,51.80,87.88,55.00,3.91,16.20,23.58,26.08,9.14,12.22,22.48,10.00,15.41,12.76,282.00,6.00,23.89,20.80,407.00,7.00,7.17,6.27,134.00,9.00,16.71,13.23,319.00,6.00,4.24,3.30,79.00,8.00,0,휴식 (Relax)
4.94,4.12,3.62,20.62,-0.25,43.72,12.90,54.48,114.13,38.94,40.74,81.24,17.00,35.93,75.11,145.80,177.37,62.42,12.89,86.23,22.00,19.62,33.36,32.68,48.17,17.07,14.80,25.76,22.00,20.26,25.50,53.65,133.82,21.81,78.27,98.93,22.00,2.09,14.21,21.58,27.20,10.85,14.21,21.45,12.00,14.79,12.06,282.00,7.00,23.62,20.28,418.00,7.00,7.02,6.12,128.00,8.00,17.34,14.09,363.00,9.00,4.21,3.22,84.00,8.00,0,휴식 (Relax)
11.94,23.38,-6.69,-2.06,2.56,35.47,27.60,55.24,117.44,26.62,39.70,89.32,1.00,17.69,53.89,120.33,202.83,82.47,53.89,67.39,22.00,20.13,27.26,22.28,59.14,27.87,18.63,15.68,11.00,17.02,16.94,52.51,132.46,18.83,75.91,98.32,33.00,2.55,12.53,20.78,29.68,8.73,12.53,23.86,9.00,15.09,12.55,282.00,7.00,23.93,19.77,440.00,7.00,7.17,6.27,133.00,8.00,17.05,13.58,374.00,10.00,4.26,3.42,85.00,9.00,0,휴식 (Relax)
-4.56,-10.31,-1.69,-3.44,-2.44,36.63,34.78,63.10,109.77,24.04,44.99,82.70,9.00,27.80,60.91,127.72,194.61,72.19,48.38,65.75,11.00,20.13,27.26,22.28,59.14,27.87,18.63,15.68,11.00,32.56,28.81,73.32,110.55,8.55,65.21,92.17,11.00,2.55,12.53,20.78,29.68,8.73,12.53,23.86,9.00,14.81,11.99,274.00,7.00,23.49,18.82,440.00,7.00,7.17,6.27,127.00,7.00,15.90,12.55,319.00,9.00,4.26,3.42,82.00,9.00,0,휴식 (Relax)
-11.06,-29.56,4.62,-22.00,-1.94,29.28,34.09,54.13,119.00,5.25,68.99,59.57,33.00,16.41,16.94,88.29,226.77,84.37,75.91,60.77,33.00,18.46,31.87,26.99,54.15,25.23,14.97,10.90,6.00,22.93,26.94,58.23,118.47,50.59,26.94,78.16,44.00,5.45,6.71,14.78,36.67,1.22,6.71,16.07,17.00,14.79,12.06,274.00,7.00,24.51,20.80,440.00,7.00,6.85,5.92,112.00,7.00,15.06,11.00,308.00,3.00,4.04,3.08,76.00,7.00,0,휴식 (Relax)
-2.56,-15.12,8.31,0.00,-4.62,27.76,41.42,61.00,112.00,12.86,63.61,67.55,25.00,70.95,43.53,111.54,196.77,31.13,22.92,87.70,22.00,35.00,15.36,20.85,56.61,4.63,6.16,15.07,15.00,22.93,26.94,58.23,118.47,50.59,26.94,78.16,44.00,10.27,2.52,17.72,34.79,4.43,11.56,20.23,12.00,14.75,11.88,282.00,7.00,22.97,20.11,418.00,7.00,6.55,5.81,107.00,7.00,15.06,11.00,319.00,3.00,4.21,3.42,76.00,7.00,0,휴식 (Relax)
20.44,17.19,2.94,21.31,3.38,37.52,27.54,49.50,120.80,25.49,67.02,82.22,9.00,61.26,34.49,101.02,206.67,33.31,22.47,98.06,33.00,40.99,17.73,26.73,50.92,7.31,5.62,9.15,9.00,18.73,27.33,52.58,122.98,59.74,37.83,85.74,33.00,10.27,2.52,17.72,34.79,4.43,11.56,20.23,12.00,15.60,13.01,282.00,7.00,23.32,20.71,407.00,7.00,6.56,5.80,101.00,6.00,15.78,11.95,308.00,7.00,4.21,3.42,79.00,7.00,0,휴식 (Relax)
2.94,13.75,3.25,8.25,3.06,60.68,34.00,64.27,102.53,35.71,46.63,66.96,33.00,52.20,62.13,111.12,189.89,21.73,38.26,43.37,22.00,36.33,12.90,24.42,52.80,7.58,10.47,4.33,4.00,41.94,58.10,78.48,94.63,38.76,31.31,56.25,66.00,8.57,7.25,18.22,33.54,9.07,11.72,19.50,17.00,14.78,12.06,266.00,6.00,21.48,18.56,363.00,6.00,6.29,5.53,101.00,6.00,14.81,11.69,286.00,6.00,4.26,3.45,76.00,7.00,0,휴식 (Relax)
-4.06,13.06,-6.75,-2.06,-2.12,45.05,18.32,50.15,114.34,50.90,30.76,66.24,49.00,60.22,72.94,122.11,179.07,20.71,34.84,53.05,11.00,27.45,7.55,37.48,38.83,22.02,9.54,19.30,20.00,30.96,48.98,70.07,101.41,47.18,41.41,45.50,77.00,9.91,9.27,21.19,30.59,7.63,9.27,18.62,14.00,14.55,11.57,266.00,7.00,21.73,19.08,352.00,6.00,6.17,5.50,107.00,7.00,14.66,11.09,286.00,7.00,4.11,3.28,70.00,7.00,0,휴식 (Relax)
4.94,-28.19,8.94,-11.00,-4.44,33.66,8.97,55.12,104.85,51.40,42.16,60.72,33.00,22.21,59.59,114.59,176.34,64.37,70.14,88.79,33.00,27.74,2.68,33.81,41.87,25.32,14.52,23.71,25.00,10.40,55.34,87.25,79.32,25.97,18.03,78.26,44.00,6.01,13.80,18.34,30.41,17.45,1.91,15.20,3.00,13.66,10.45,258.00,8.00,22.67,20.54,385.00,7.00,6.49,5.81,112.00,7.00,14.02,9.62,275.00,1.00,3.98,3.26,67.00,7.00,0,휴식 (Relax)
4.94,6.19,3.25,20.62,3.38,33.66,8.97,55.12,104.85,51.40,42.16,60.72,33.00,11.35,77.11,135.29,154.39,57.98,50.24,76.12,11.00,27.27,8.60,39.43,34.21,31.13,11.05,18.23,14.00,16.76,34.79,66.78,98.39,45.36,34.79,98.28,22.00,6.53,10.80,15.58,33.38,19.49,4.83,14.38,0.00,13.66,10.45,250.00,7.00,21.64,19.34,374.00,7.00,6.29,5.53,112.00,7.00,15.00,11.52,286.00,7.00,4.08,3.42,75.00,8.00,0,휴식 (Relax)
4.44,4.81,-2.75,7.56,0.38,33.43,0.97,53.09,100.72,47.36,47.34,67.66,41.00,26.23,55.90,122.10,157.50,77.93,49.40,76.94,11.00,27.27,8.60,39.43,34.21,31.13,11.05,18.23,14.00,45.69,11.00,75.64,88.68,33.11,11.00,78.10,55.00,6.53,10.80,15.58,33.38,19.49,4.83,14.38,0.00,13.69,10.56,226.00,7.00,21.29,18.39,363.00,7.00,6.29,5.53,112.00,7.00,13.87,11.17,275.00,7.00,4.08,3.42,71.00,7.00,0,휴식 (Relax)
2.44,2.75,-7.06,-13.75,5.56,38.81,31.34,81.79,74.41,35.60,15.35,35.95,9.00,59.21,50.49,143.47,125.42,60.03,28.96,65.21,22.00,34.88,13.11,39.61,28.79,32.27,1.47,16.03,25.00,37.74,8.42,64.70,99.61,43.65,20.33,77.69,66.00,19.22,17.44,23.41,20.62,6.50,13.19,8.25,13.00,11.71,8.87,169.00,6.00,20.02,16.16,308.00,6.00,6.49,5.81,111.00,6.00,14.29,11.69,275.00,7.00,3.97,3.37,64.00,8.00,0,휴식 (Relax)
-26.00,-16.50,-11.44,-22.00,-1.94,61.83,40.60,59.59,56.57,28.30,46.81,23.00,48.00,24.20,29.95,104.42,143.42,97.00,23.56,57.45,66.00,44.54,23.09,49.38,19.72,22.37,8.98,20.99,15.00,48.15,41.51,67.50,104.36,39.18,26.39,71.71,22.00,11.70,9.54,16.84,23.85,7.76,17.97,9.97,21.00,11.49,9.00,168.00,6.00,19.45,16.50,330.00,7.00,7.11,6.44,106.00,6.00,14.55,11.00,264.00,3.00,3.73,3.07,72.00,7.00,0,휴식 (Relax)
-2.00,-3.44,-2.06,-20.62,-6.12,61.83,40.60,59.59,56.57,28.30,46.81,23.00,48.00,39.18,27.33,114.90,116.93,76.06,37.83,71.63,33.00,34.72,17.92,44.67,17.00,19.04,17.11,30.34,5.00,68.65,56.87,89.50,83.77,17.33,12.41,79.60,44.00,10.15,11.26,24.45,14.76,6.18,21.66,14.32,8.00,11.49,9.00,176.00,6.00,18.12,15.38,319.00,7.00,6.49,5.81,111.00,6.00,15.50,12.72,264.00,7.00,3.74,3.12,71.00,7.00,0,휴식 (Relax)
19.50,-13.06,19.19,22.00,3.69,22.70,38.93,42.84,73.76,67.77,54.44,21.94,8.00,60.66,30.78,136.85,103.77,65.17,16.21,53.55,55.00,19.74,39.46,67.42,11.00,14.40,27.15,3.64,33.00,46.77,58.10,83.69,94.63,24.95,31.31,97.70,66.00,7.95,8.26,21.82,17.46,8.61,24.61,17.17,5.00,11.65,8.94,192.00,7.00,18.33,15.81,286.00,6.00,7.96,6.46,118.00,6.00,16.50,13.75,286.00,4.00,3.85,3.31,74.00,7.00,0,휴식 (Relax)
2.50,16.50,-7.81,-1.38,3.06,15.31,54.44,57.79,62.48,61.74,38.93,6.19,24.00,13.86,69.48,129.70,64.14,10.22,49.32,17.50,110.00,20.51,25.20,56.01,19.42,18.29,43.02,15.48,49.00,29.72,77.81,103.23,77.78,10.46,15.39,76.00,44.00,4.67,7.05,25.24,16.28,13.99,17.44,7.29,15.00,11.21,8.12,192.00,6.00,16.50,14.44,275.00,6.00,8.00,6.56,141.00,7.00,15.50,12.72,264.00,7.00,3.58,3.07,67.00,6.00,0,휴식 (Relax)
-12.50,15.81,-7.12,10.31,5.69,18.06,41.94,48.97,75.47,75.02,25.94,9.82,40.00,18.41,79.93,140.20,55.00,18.24,39.97,22.01,99.00,23.85,25.55,61.86,27.20,25.21,37.03,4.96,38.00,34.47,67.78,95.49,85.91,20.91,22.08,65.27,33.00,8.58,13.00,31.19,10.44,9.28,17.46,12.63,9.00,11.65,8.94,200.00,7.00,16.94,15.04,253.00,6.00,8.17,6.77,130.00,6.00,14.79,11.86,253.00,7.00,3.87,3.44,67.00,8.00,0,휴식 (Relax)
-18.50,-4.12,-7.12,-31.62,-2.00,40.49,52.75,74.17,64.50,53.15,41.19,23.05,8.00,18.36,70.70,122.09,44.00,35.71,47.55,53.29,66.00,23.85,25.55,61.86,27.20,25.21,37.03,4.96,38.00,52.33,65.05,113.49,69.57,27.03,11.16,93.91,66.00,6.94,9.70,30.24,12.81,12.33,15.16,16.65,4.00,12.24,9.50,192.00,6.00,15.50,13.75,242.00,6.00,8.17,6.77,125.00,6.00,16.90,14.09,297.00,7.00,3.84,3.38,70.00,6.00,0,휴식 (Relax)
-2.50,6.19,-2.12,1.38,-2.00,40.49,52.75,74.17,64.50,53.15,41.19,23.05,8.00,13.84,63.98,115.26,55.00,35.88,58.38,64.13,55.00,23.85,25.55,61.86,27.20,25.21,37.03,4.96,38.00,52.33,65.05,113.49,69.57,27.03,11.16,93.91,66.00,6.94,9.70,30.24,12.81,12.33,15.16,16.65,4.00,12.24,9.50,200.00,6.00,15.54,13.84,231.00,7.00,8.17,6.77,124.00,5.00,16.90,14.09,308.00,7.00,3.84,3.38,70.00,6.00,0,휴식 (Relax)
12.00,4.12,8.56,10.31,2.69,39.61,36.69,83.79,65.97,30.33,59.31,14.74,32.00,39.51,32.23,83.59,64.14,66.18,37.16,39.91,88.00,27.13,23.40,66.20,24.60,20.51,41.79,7.52,33.00,59.47,33.00,115.60,66.91,44.72,33.00,87.86,33.00,4.94,6.00,26.52,16.40,13.51,19.95,16.18,9.00,12.33,9.50,208.00,7.00,13.95,12.03,220.00,7.00,8.40,7.12,130.00,6.00,16.25,13.15,297.00,9.00,3.87,3.44,72.00,9.00,0,휴식 (Relax)
-11.50,2.75,3.88,-11.00,-0.62,35.27,35.37,75.90,73.76,31.58,67.15,21.12,40.00,61.49,14.58,85.21,46.67,54.95,35.20,48.93,66.00,22.59,21.77,62.38,29.15,17.36,44.39,12.36,28.00,51.36,39.02,104.81,77.78,54.48,43.19,92.62,22.00,5.63,1.48,28.84,13.93,8.51,17.94,14.70,4.00,12.64,10.06,208.00,7.00,13.19,10.66,187.00,6.00,8.17,6.77,130.00,6.00,16.50,13.75,297.00,5.00,3.62,3.12,67.00,9.00,0,휴식 (Relax)
-9.50,3.44,-11.12,-8.94,-0.44,23.15,24.27,75.64,86.53,3.49,55.89,11.40,8.00,51.67,16.21,74.44,55.00,63.36,30.78,52.71,55.00,6.77,11.83,69.30,27.46,15.56,49.96,4.60,44.00,25.08,48.98,90.47,88.68,64.74,41.41,70.02,55.00,5.78,4.47,25.88,16.76,8.01,19.55,13.43,1.00,11.74,9.50,192.00,7.00,12.73,10.23,187.00,6.00,8.60,7.03,146.00,7.00,15.66,13.32,286.00,7.00,3.57,2.99,67.00,9.00,0,휴식 (Relax)
-23.50,-46.50,4.88,-28.19,-4.94,36.03,28.30,107.25,62.48,34.99,43.44,23.82,40.00,52.53,62.41,65.02,54.41,33.96,92.87,81.27,120.00,6.77,11.83,69.30,27.46,15.56,49.96,4.60,44.00,27.02,61.39,127.65,55.00,22.84,18.60,109.45,11.00,12.55,11.70,25.49,16.28,3.01,11.70,19.70,9.00,13.11,10.62,200.00,5.00,17.10,13.50,241.00,7.00,8.60,7.03,151.00,7.00,16.94,14.44,297.00,7.00,3.73,3.07,67.00,6.00,0,휴식 (Relax)
15.50,-2.12,8.88,4.81,-0.06,31.75,32.98,100.19,75.47,44.31,32.98,39.77,56.00,72.65,76.00,87.01,38.83,12.15,76.00,60.70,98.00,22.15,27.68,67.46,34.21,31.00,36.85,11.55,28.00,27.02,61.39,127.65,55.00,22.84,18.60,109.45,11.00,10.55,10.84,23.57,18.25,1.72,10.03,21.68,11.00,13.70,11.50,232.00,6.00,16.43,12.73,240.00,6.00,8.76,7.39,140.00,6.00,16.94,14.44,319.00,7.00,3.70,2.95,69.00,8.00,0,휴식 (Relax)
7.50,6.81,-1.44,14.44,2.44,31.75,32.98,100.19,75.47,44.31,32.98,39.77,56.00,39.70,82.86,79.37,68.62,27.83,82.86,27.74,65.00,13.94,22.28,57.44,43.42,34.95,37.81,22.29,17.00,30.46,79.93,136.21,45.35,5.77,39.97,89.86,33.00,4.71,15.88,19.39,21.10,9.72,13.78,14.12,3.00,13.70,11.50,240.00,6.00,15.30,11.27,218.00,6.00,8.46,6.80,146.00,7.00,17.27,14.87,297.00,6.00,3.52,2.88,64.00,8.00,0,휴식 (Relax)
0.00,17.12,-1.06,25.44,2.44,26.92,26.45,92.88,82.37,52.31,40.06,34.99,48.00,30.31,93.18,89.50,65.92,21.79,72.73,38.32,76.00,13.95,25.59,53.06,46.62,38.91,32.85,17.46,23.00,30.46,79.93,136.21,45.35,5.77,39.97,89.86,33.00,4.71,15.88,19.39,21.10,9.72,13.78,14.12,3.00,13.56,11.00,248.00,4.00,15.83,11.78,229.00,6.00,8.39,6.46,140.00,6.00,17.27,14.87,297.00,6.00,3.52,2.88,61.00,7.00,0,휴식 (Relax)
-7.00,-4.19,-10.44,-26.81,-5.25,17.10,29.67,94.87,75.89,48.60,37.73,40.71,64.00,37.20,83.42,82.23,76.79,30.63,62.53,47.66,87.00,21.31,35.55,57.65,38.90,29.90,42.78,23.58,13.00,16.37,70.85,129.73,55.00,48.19,54.46,109.73,11.00,5.18,13.35,14.92,24.08,13.68,17.72,16.60,8.00,13.53,11.12,256.00,7.00,15.79,11.79,251.00,7.00,8.80,6.85,145.00,6.00,18.23,15.81,330.00,6.00,3.77,3.16,63.00,7.00,0,휴식 (Relax)
1.50,-43.81,20.81,-4.81,-4.56,13.26,37.38,102.75,68.35,41.62,32.17,40.18,56.00,76.71,86.21,118.23,87.32,35.15,96.28,43.85,33.00,7.91,23.31,30.37,61.72,43.40,64.18,43.72,15.00,16.37,70.85,129.73,55.00,48.19,54.46,109.73,11.00,13.13,20.40,19.76,17.46,8.20,7.35,17.38,3.00,13.33,10.69,232.00,7.00,19.34,14.31,272.00,6.00,10.22,8.36,173.00,7.00,18.23,15.81,341.00,6.00,3.66,3.12,55.00,6.00,0,휴식 (Relax)
0.00,8.81,-7.50,15.12,5.94,33.67,20.91,92.23,64.00,26.16,8.66,54.66,32.00,64.44,66.64,99.78,107.02,54.60,101.61,63.20,11.00,11.76,27.22,30.39,59.62,38.90,63.17,40.80,10.00,32.16,38.11,109.45,79.32,76.46,38.11,118.54,22.00,9.40,12.53,12.47,25.00,15.90,9.44,23.73,11.00,12.00,9.00,208.00,3.00,19.24,14.04,315.00,7.00,9.91,8.12,191.00,8.00,18.19,15.64,363.00,7.00,3.94,3.32,61.00,7.00,0,휴식 (Relax)
7.50,28.75,-7.19,13.06,5.12,41.65,25.08,98.32,56.00,21.22,16.34,47.20,40.00,70.52,35.46,112.34,124.02,63.48,119.31,30.20,44.00,9.67,22.31,25.67,64.26,39.64,66.21,40.20,5.00,65.06,33.00,131.63,66.91,57.26,33.00,97.61,11.00,17.88,12.44,19.33,24.74,13.87,3.65,11.05,2.00,12.16,9.62,192.00,6.00,20.61,15.31,326.00,7.00,10.06,8.36,168.00,7.00,17.91,14.95,319.00,6.00,3.74,3.25,51.00,6.00,0,휴식 (Relax)
-6.50,15.69,-10.12,-17.19,4.94,18.97,7.41,71.90,64.50,11.32,43.19,15.20,72.00,97.22,40.04,145.10,100.00,31.17,86.52,62.15,11.00,36.07,28.04,24.17,60.83,9.32,33.55,42.85,38.00,27.64,20.11,93.75,110.55,93.51,42.11,66.71,55.00,20.85,15.37,22.03,21.84,10.89,3.14,14.04,1.00,10.67,8.69,192.00,7.00,20.63,14.70,304.00,6.00,8.90,7.05,145.00,6.00,17.38,15.04,330.00,7.00,3.91,3.44,51.00,6.00,0,휴식 (Relax)
-20.50,-25.56,-0.44,-15.81,-2.75,38.78,35.93,87.47,40.00,26.80,40.66,46.46,40.00,53.87,9.70,139.25,136.47,51.35,58.00,102.04,33.00,31.12,23.05,19.44,65.76,4.79,29.51,43.58,43.00,30.02,29.81,101.48,110.55,78.43,47.51,85.64,33.00,16.10,11.55,22.74,23.71,9.54,7.91,18.68,6.00,11.65,9.50,192.00,6.00,21.28,16.17,348.00,7.00,8.80,6.85,155.00,6.00,17.81,15.81,319.00,7.00,3.94,3.47,56.00,7.00,0,휴식 (Relax)
10.50,18.44,4.88,6.88,2.44,22.96,29.96,72.25,53.67,39.38,55.41,60.91,24.00,53.87,9.70,139.25,136.47,51.35,58.00,102.04,33.00,22.40,17.83,22.13,68.31,10.94,32.59,46.91,32.00,39.15,32.23,112.45,99.61,73.58,37.16,74.67,44.00,14.05,12.07,25.71,21.10,6.91,5.69,16.55,3.00,11.91,9.81,216.00,7.00,21.28,16.17,370.00,7.00,8.78,7.03,161.00,7.00,17.34,15.12,297.00,7.00,3.76,3.26,53.00,7.00,0,휴식 (Relax)
9.00,17.06,-6.12,4.81,-0.69,4.72,48.32,75.07,48.00,48.80,35.34,46.92,48.00,73.50,30.79,125.05,156.17,58.55,39.27,94.53,11.00,22.40,17.83,22.13,68.31,10.94,32.59,46.91,32.00,7.43,54.24,106.45,108.34,40.58,14.28,44.40,77.00,14.73,10.34,24.78,22.20,5.35,6.25,16.00,1.00,11.62,9.25,200.00,6.00,21.71,16.59,359.00,6.00,8.78,7.03,167.00,8.00,16.02,13.66,264.00,6.00,3.70,3.15,56.00,8.00,0,휴식 (Relax)
8.50,16.38,-1.12,15.12,2.00,11.65,56.08,83.02,40.00,41.10,36.54,47.86,40.00,81.63,40.22,131.07,151.92,47.66,50.22,93.50,22.00,22.40,17.83,22.13,68.31,10.94,32.59,46.91,32.00,4.29,65.05,116.56,98.39,45.97,11.16,51.72,66.00,15.66,5.54,28.37,18.38,5.74,2.30,15.91,6.00,11.82,9.62,184.00,6.00,22.06,17.02,359.00,6.00,8.78,7.03,161.00,7.00,16.44,14.27,264.00,6.00,3.67,3.12,54.00,8.00,0,휴식 (Relax)
-6.00,-25.56,9.88,-5.50,-2.69,12.42,47.93,74.65,46.65,45.63,32.10,49.31,16.00,72.37,43.28,99.14,183.14,51.17,75.93,85.27,55.00,22.40,17.83,22.13,68.31,10.94,32.59,46.91,32.00,19.48,55.34,102.31,110.00,39.05,18.03,63.91,44.00,16.66,8.77,24.02,22.20,4.86,3.01,15.43,11.00,11.14,9.25,176.00,6.00,22.99,18.92,403.00,7.00,8.78,7.03,167.00,8.00,16.04,13.75,264.00,6.00,3.70,3.15,56.00,8.00,0,휴식 (Relax)
-6.00,-13.19,-0.75,4.81,2.12,12.42,47.93,74.65,46.65,45.63,32.10,49.31,16.00,82.03,64.64,99.43,177.90,29.21,73.45,97.07,33.00,18.60,17.43,27.55,66.71,9.99,35.61,41.51,38.00,9.09,50.99,96.99,118.98,28.87,23.37,68.42,33.00,14.79,8.80,23.69,24.08,3.27,5.15,14.74,14.00,11.14,9.25,176.00,6.00,23.16,19.54,414.00,7.00,8.69,6.66,162.00,8.00,16.02,13.66,275.00,7.00,3.74,3.25,61.00,9.00,0,휴식 (Relax)
16.50,39.75,-1.38,35.06,1.94,16.68,24.27,56.07,62.48,44.21,55.89,64.00,40.00,57.85,41.49,68.18,210.45,36.76,100.15,126.86,0.00,27.40,11.53,29.32,57.01,5.20,35.20,35.92,48.00,38.93,23.37,53.15,147.99,68.39,50.99,77.37,77.00,12.40,11.40,20.89,26.40,6.24,5.30,16.46,11.00,11.82,9.62,184.00,7.00,25.23,21.34,415.00,7.00,8.25,6.27,146.00,7.00,18.33,14.95,286.00,7.00,3.77,3.30,56.00,9.00,0,휴식 (Relax)
14.00,24.00,-1.00,0.00,-1.38,56.60,23.11,81.05,48.00,8.64,35.47,30.09,0.00,39.38,95.55,55.33,212.60,42.71,33.20,50.87,76.00,21.40,17.09,23.33,58.87,3.70,31.75,35.89,54.00,71.53,22.00,54.39,128.28,72.60,22.00,55.78,44.00,7.83,16.21,17.70,23.71,5.87,2.30,12.28,16.00,10.77,9.00,144.00,6.00,22.94,19.00,383.00,7.00,8.16,5.88,141.00,7.00,16.50,12.38,286.00,4.00,3.44,2.95,54.00,10.00,0,휴식 (Relax)
-8.50,11.62,-0.31,20.62,1.44,35.16,4.88,60.99,72.00,15.36,54.04,13.60,24.00,51.03,116.44,77.20,191.13,33.84,37.75,71.57,54.00,11.92,27.35,21.06,48.75,13.55,42.50,32.42,43.00,91.40,31.11,76.37,110.00,50.61,31.11,74.27,66.00,4.87,17.97,19.54,21.10,2.87,4.81,15.18,13.00,10.38,8.56,160.00,7.00,23.02,18.73,383.00,6.00,7.74,4.88,130.00,6.00,17.34,13.92,297.00,8.00,3.45,2.92,54.00,10.00,0,휴식 (Relax)
-7.50,-30.31,5.31,-21.31,-6.06,29.64,20.42,67.32,73.76,17.26,38.77,26.31,8.00,50.02,104.77,74.43,201.31,64.56,42.77,99.41,21.00,15.48,25.05,15.56,51.62,17.69,47.56,29.69,37.00,71.85,45.35,69.59,93.98,47.16,45.35,107.18,99.00,12.83,20.30,12.23,18.25,7.18,12.56,23.11,5.00,10.38,8.56,152.00,7.00,24.31,21.23,416.00,7.00,7.86,5.41,136.00,7.00,18.02,14.61,330.00,7.00,3.77,3.30,62.00,11.00,0,휴식 (Relax)
0.50,-6.94,9.62,22.69,-2.75,29.64,20.42,67.32,73.76,17.26,38.77,26.31,8.00,66.32,118.06,95.88,181.18,53.99,52.33,86.73,43.00,22.27,31.83,10.03,42.64,23.31,46.03,38.21,48.00,71.85,45.35,69.59,93.98,47.16,45.35,107.18,99.00,17.46,25.13,13.86,13.34,5.21,10.41,18.86,10.00,10.38,8.56,152.00,7.00,24.12,21.07,416.00,6.00,8.25,6.27,131.00,7.00,18.02,14.61,319.00,7.00,3.80,3.38,57.00,10.00,0,휴식 (Relax)
22.50,24.00,-2.00,8.94,1.75,26.69,35.93,66.49,86.53,33.66,40.66,11.59,40.00,34.93,85.15,82.21,197.47,81.71,85.15,89.00,76.00,28.36,41.83,19.44,37.12,14.40,39.78,28.47,38.00,71.22,35.43,50.44,88.68,44.94,82.04,79.60,55.00,12.62,18.78,5.99,13.93,12.99,16.10,16.13,18.00,11.74,9.69,168.00,7.00,24.84,21.75,406.00,7.00,7.72,5.88,109.00,7.00,16.14,13.32,308.00,9.00,3.53,3.09,62.00,11.00,0,휴식 (Relax)
-1.50,8.94,-0.56,7.56,4.06,26.69,35.93,66.49,86.53,33.66,40.66,11.59,40.00,30.14,55.00,139.76,147.99,54.38,55.00,71.80,11.00,28.50,30.69,19.39,19.72,29.65,17.88,6.40,15.00,72.54,56.27,70.72,66.91,23.02,62.06,84.35,77.00,16.55,21.65,11.89,5.39,11.92,5.76,16.93,7.00,11.74,9.69,192.00,8.00,21.02,18.05,363.00,7.00,5.50,3.97,81.00,6.00,15.90,13.06,286.00,8.00,3.31,2.83,54.00,10.00,0,휴식 (Relax)
-16.50,-2.06,-10.25,-13.06,-3.44,34.46,29.96,59.41,96.33,40.76,55.41,4.64,24.00,30.14,55.00,139.76,147.99,54.38,55.00,71.80,11.00,32.32,33.72,24.27,15.62,25.97,22.69,10.00,20.00,79.48,38.91,58.50,73.79,27.20,59.73,86.19,99.00,10.12,14.09,7.37,13.15,19.92,8.92,18.83,1.00,12.48,10.56,200.00,7.00,21.02,18.05,352.00,7.00,5.93,4.12,91.00,6.00,16.14,13.32,308.00,9.00,3.26,2.88,62.00,11.00,0,휴식 (Relax)
7.50,-31.62,21.00,-1.38,-2.94,34.46,29.96,59.41,96.33,40.76,55.41,4.64,24.00,41.36,0.00,169.99,118.47,45.45,0.00,113.24,66.00,8.84,6.16,33.17,21.63,45.19,44.16,34.69,48.00,88.03,40.80,66.41,64.14,16.66,51.88,88.83,88.00,4.54,7.24,14.71,14.32,18.29,1.24,20.01,7.00,12.48,10.56,208.00,7.00,21.96,19.59,374.00,7.00,7.92,5.88,119.00,7.00,15.98,12.72,286.00,8.00,3.13,2.81,62.00,11.00,0,휴식 (Relax)
14.00,2.06,7.69,17.88,-0.56,10.60,7.10,39.14,113.70,44.32,52.59,22.08,48.00,52.22,11.00,180.42,108.34,34.47,11.00,102.37,55.00,16.15,15.40,53.25,20.12,30.71,42.34,21.65,27.00,46.63,20.33,33.66,94.63,46.76,8.42,121.80,44.00,4.91,9.41,19.04,9.22,12.94,6.13,16.55,1.00,12.81,11.00,200.00,7.00,21.73,19.08,363.00,7.00,7.56,6.02,121.00,7.00,15.50,12.89,308.00,9.00,2.85,2.51,56.00,10.00,0,휴식 (Relax)
11.50,20.62,-8.00,-15.81,-0.69,29.67,32.98,64.15,93.64,4.54,32.98,18.96,8.00,13.73,47.86,184.31,99.61,54.66,63.26,50.43,0.00,13.15,11.78,52.68,24.70,33.94,46.49,22.53,22.00,35.68,19.05,41.66,88.68,40.01,19.05,111.04,55.00,4.64,7.42,19.64,10.63,11.36,7.42,15.08,1.00,11.30,9.94,168.00,6.00,20.90,17.70,341.00,6.00,7.79,6.25,131.00,7.00,14.54,12.29,319.00,10.00,2.78,2.40,51.00,9.00,0,휴식 (Relax)
-11.50,-11.00,3.00,5.50,2.31,15.37,24.00,51.31,108.81,16.35,24.00,34.87,8.00,16.55,32.61,162.67,121.50,74.40,78.72,40.09,22.00,13.15,11.78,52.68,24.70,33.94,46.49,22.53,22.00,25.29,15.56,51.51,79.32,34.77,15.56,121.90,44.00,4.64,7.42,19.64,10.63,11.36,7.42,15.08,1.00,11.65,10.50,192.00,7.00,20.94,17.88,374.00,5.00,7.79,6.25,131.00,7.00,14.55,12.38,341.00,11.00,2.78,2.40,51.00,9.00,0,휴식 (Relax)
-18.00,-9.62,-12.69,-46.75,-5.38,21.16,40.60,63.37,104.31,18.81,46.81,17.38,16.00,33.32,43.47,151.58,125.42,77.45,79.62,43.09,0.00,15.33,16.00,56.54,20.12,34.43,49.34,27.03,17.00,64.34,56.09,68.37,66.00,9.31,56.09,161.08,0.00,3.36,9.42,18.13,14.76,6.38,11.45,20.08,4.00,12.49,11.25,200.00,7.00,20.90,18.05,374.00,7.00,8.19,6.48,142.00,8.00,18.85,15.12,385.00,11.00,3.10,2.67,56.00,9.00,0,휴식 (Relax)
-9.00,-39.19,13.25,-2.06,-2.06,36.77,56.32,78.77,88.36,7.93,34.36,23.91,0.00,81.09,98.46,192.07,73.79,23.59,46.52,69.72,55.00,9.28,5.18,63.21,31.62,22.01,49.93,44.03,0.00,73.24,65.53,78.87,55.00,12.30,47.33,153.61,11.00,6.19,10.16,22.50,13.15,9.85,6.83,15.57,1.00,12.61,11.25,192.00,6.00,23.00,19.94,363.00,6.00,8.85,7.34,158.00,8.00,18.74,14.70,407.00,10.00,3.07,2.58,54.00,8.00,0,휴식 (Relax)
13.50,-7.56,2.56,-2.75,-0.19,14.44,46.53,78.92,89.44,31.10,42.46,39.45,24.00,65.88,84.10,173.54,85.91,17.93,30.21,91.10,77.00,10.24,2.22,58.26,34.71,17.13,47.38,48.70,5.00,67.68,63.26,78.41,56.09,22.92,47.86,150.42,22.00,5.32,11.07,21.05,15.13,9.64,6.59,14.42,3.00,12.87,11.81,216.00,7.00,21.90,18.56,385.00,6.00,8.67,6.99,158.00,7.00,18.45,14.09,396.00,10.00,3.03,2.48,51.00,7.00,0,휴식 (Relax)
12.00,22.69,-3.44,7.56,8.44,20.30,63.14,102.41,65.97,28.26,19.13,33.17,0.00,69.35,101.30,187.69,59.24,26.14,73.95,48.52,33.00,10.24,2.22,58.26,34.71,17.13,47.38,48.70,5.00,67.82,70.56,88.77,45.35,23.36,39.44,149.35,11.00,8.41,16.97,24.02,15.52,15.36,4.70,16.51,3.00,12.96,12.00,192.00,6.00,22.16,18.65,363.00,6.00,8.67,6.99,164.00,8.00,18.54,14.44,374.00,10.00,3.66,2.95,60.00,8.00,0,휴식 (Relax)
-10.50,23.38,-12.81,-11.69,-0.38,6.65,39.45,91.66,75.47,52.21,10.39,48.94,24.00,61.95,90.48,176.71,69.57,31.59,82.57,41.11,22.00,19.94,7.81,66.57,29.07,26.21,38.85,53.74,15.00,61.19,26.56,68.58,70.43,67.26,4.56,135.97,33.00,5.60,14.66,21.11,18.44,17.31,4.12,17.19,6.00,12.87,11.81,216.00,7.00,21.26,18.05,352.00,6.00,9.24,7.54,174.00,8.00,17.16,13.15,363.00,10.00,3.60,2.77,66.00,8.00,0,휴식 (Relax)
-16.50,-38.50,-2.81,-21.31,-2.25,34.66,34.55,117.24,51.22,48.23,21.68,19.74,8.00,32.18,51.26,166.65,79.32,85.77,97.33,86.00,88.00,19.94,7.81,66.57,29.07,26.21,38.85,53.74,15.00,60.98,19.05,87.63,59.24,61.39,19.05,148.67,11.00,3.60,14.74,20.96,18.97,18.19,5.54,17.46,4.00,13.11,11.62,200.00,6.00,22.68,19.25,407.00,7.00,9.24,7.54,184.00,8.00,18.02,14.61,352.00,9.00,3.65,2.84,65.00,7.00,0,휴식 (Relax)
-1.00,-14.44,7.50,2.06,-1.94,28.29,27.71,110.83,57.69,56.11,27.71,12.29,16.00,45.67,75.14,197.96,55.00,68.59,65.40,69.59,55.00,12.63,13.74,69.99,26.08,32.48,33.75,56.70,4.00,60.12,39.13,105.17,39.66,43.28,12.75,129.80,33.00,1.94,18.90,25.61,14.32,13.23,0.90,15.27,9.00,12.92,11.25,216.00,6.00,22.58,18.99,385.00,6.00,9.41,7.88,189.00,8.00,17.05,13.58,330.00,9.00,3.61,2.69,57.00,3.00,0,휴식 (Relax)
13.50,15.81,2.50,21.31,5.38,28.08,5.74,119.50,48.66,48.01,33.45,36.26,8.00,49.70,33.00,173.42,93.98,105.25,33.00,84.83,11.00,12.63,13.74,69.99,26.08,32.48,33.75,56.70,4.00,82.78,21.12,121.40,39.66,19.13,56.43,86.99,77.00,9.12,8.83,20.00,21.40,15.09,11.23,11.71,20.00,13.18,11.81,224.00,7.00,21.99,18.56,396.00,7.00,9.41,7.88,189.00,8.00,17.16,13.15,308.00,8.00,3.66,2.98,62.00,7.00,0,휴식 (Relax)
-2.50,35.06,-12.19,11.00,4.88,28.08,5.74,119.50,48.66,48.01,33.45,36.26,8.00,89.27,45.35,204.23,88.68,77.80,45.35,53.21,55.00,20.46,17.39,64.91,32.20,38.12,54.00,38.47,25.00,72.72,11.16,110.56,49.19,30.06,65.05,76.06,88.00,16.70,10.89,26.61,17.72,7.29,7.31,15.99,12.00,13.18,11.81,216.00,7.00,23.73,20.20,385.00,6.00,9.74,8.09,194.00,8.00,16.50,12.38,308.00,5.00,3.81,3.28,57.00,6.00,0,휴식 (Relax)
-1.00,13.75,-6.88,-9.62,1.88,10.00,19.60,114.23,50.60,32.77,19.60,25.03,16.00,78.30,34.36,194.45,99.61,85.38,46.98,44.82,66.00,23.50,22.37,69.37,28.32,33.19,51.45,43.33,20.00,50.76,11.16,108.00,62.23,27.90,65.05,95.82,66.00,16.70,10.89,26.61,17.72,7.29,7.31,15.99,12.00,11.96,10.25,192.00,6.00,23.17,19.59,396.00,6.00,9.88,8.36,199.00,8.00,16.44,12.72,330.00,9.00,3.81,3.28,57.00,6.00,0,휴식 (Relax)
-16.00,-37.81,8.44,-8.25,-7.31,12.95,31.65,128.41,35.78,24.83,16.67,25.43,0.00,38.20,40.48,207.07,118.98,41.49,88.31,97.99,11.00,22.29,17.17,61.61,36.62,32.71,55.63,54.20,9.00,30.64,31.77,128.49,49.19,6.36,48.77,81.93,88.00,14.86,7.82,32.65,18.79,7.20,5.73,3.00,25.00,12.65,11.00,192.00,4.00,24.89,21.31,440.00,7.00,10.11,8.81,205.00,9.00,16.27,12.72,308.00,8.00,4.06,3.18,59.00,6.00,0,휴식 (Relax)
14.00,16.50,-3.19,22.69,2.38,28.13,38.91,106.64,57.69,8.14,28.11,39.94,32.00,39.86,29.58,196.08,128.28,48.45,98.86,108.75,0.00,28.65,24.02,66.61,31.95,23.22,46.18,45.85,19.00,56.81,30.78,109.19,80.08,28.64,16.21,82.33,121.00,12.33,3.09,27.88,23.41,8.48,9.72,2.62,30.00,12.49,11.25,200.00,6.00,25.20,22.00,462.00,7.00,9.61,8.19,183.00,9.00,17.16,13.23,330.00,8.00,4.06,3.28,69.00,7.00,0,휴식 (Relax)
6.00,13.75,-6.44,0.69,10.50,28.13,38.91,106.64,57.69,8.14,28.11,39.94,32.00,56.24,35.72,182.44,155.56,18.19,86.23,76.24,44.00,9.74,5.29,39.55,59.03,20.34,23.54,39.64,47.00,56.81,30.78,109.19,80.08,28.64,16.21,82.33,121.00,10.54,11.03,30.36,31.11,20.14,14.37,11.40,16.00,12.49,11.25,200.00,6.00,24.44,20.97,429.00,6.00,8.30,7.24,176.00,9.00,17.16,13.23,330.00,8.00,4.83,3.94,76.00,7.00,0,휴식 (Relax)
-16.00,23.38,-10.12,-18.56,1.31,11.71,24.04,75.10,86.16,39.72,52.44,48.72,0.00,67.83,57.70,201.04,140.87,9.58,73.37,84.62,22.00,20.50,26.25,43.75,58.86,4.66,29.31,34.70,26.00,59.28,23.37,67.98,122.98,65.19,50.99,51.18,77.00,11.41,13.43,33.36,29.07,18.24,11.38,8.74,19.00,12.65,11.00,224.00,5.00,25.17,22.17,418.00,6.00,8.34,7.03,165.00,8.00,16.83,13.49,319.00,8.00,4.83,3.94,85.00,7.00,0,휴식 (Relax)
-21.50,-28.19,-0.44,-7.56,-3.56,49.76,60.11,78.12,80.40,41.89,18.84,25.98,40.00,73.29,44.89,160.52,187.00,50.58,25.43,106.38,33.00,17.68,23.10,38.76,63.79,9.64,29.06,33.36,21.00,59.28,23.37,67.98,122.98,65.19,50.99,51.18,77.00,11.52,13.15,32.68,30.61,19.37,10.25,7.76,21.00,13.18,11.50,208.00,6.00,25.49,22.69,440.00,6.00,8.24,6.80,164.00,7.00,16.83,13.49,308.00,7.00,4.90,4.06,87.00,7.00,0,휴식 (Relax)
2.00,-6.19,5.56,4.12,-7.94,42.05,53.30,70.13,88.36,49.79,22.08,23.70,48.00,73.29,44.89,160.52,187.00,50.58,25.43,106.38,33.00,17.68,23.10,38.76,63.79,9.64,29.06,33.36,21.00,69.73,31.77,78.47,112.18,61.49,48.77,40.68,66.00,18.72,21.12,40.78,25.63,10.00,12.33,12.74,11.00,13.11,11.25,224.00,7.00,25.49,22.69,462.00,6.00,8.24,6.80,154.00,7.00,16.44,12.89,264.00,7.00,5.30,4.43,84.00,6.00,0,휴식 (Relax)
23.50,4.12,4.56,11.69,1.56,27.69,60.11,63.65,100.24,55.51,18.84,55.75,8.00,62.85,34.79,149.54,196.77,59.85,34.79,108.30,22.00,27.10,37.40,51.82,48.05,12.08,13.09,21.88,5.00,16.00,57.67,61.54,114.84,10.09,35.67,14.52,11.00,10.91,13.67,34.63,33.24,13.48,13.67,18.12,3.00,13.99,11.62,240.00,7.00,25.47,22.52,440.00,7.00,7.87,6.62,127.00,6.00,13.17,10.48,231.00,6.00,5.09,4.19,91.00,7.00,0,휴식 (Relax)
-1.00,11.69,5.25,11.00,1.25,33.24,67.85,71.43,93.30,47.59,16.12,47.75,16.00,8.31,55.00,142.10,179.07,37.59,55.00,88.59,77.00,16.81,27.77,43.64,51.48,14.17,8.53,14.30,6.00,11.99,68.45,72.14,104.36,20.94,40.07,4.71,22.00,5.96,13.02,36.74,32.25,8.94,15.95,16.21,8.00,13.82,11.25,240.00,7.00,23.49,20.11,418.00,7.00,6.91,5.84,116.00,6.00,13.47,11.00,231.00,3.00,5.02,4.03,89.00,7.00,0,휴식 (Relax)
0.00,10.31,-0.38,10.31,6.69,18.75,54.83,63.58,102.45,46.37,28.88,33.69,32.00,16.91,76.84,163.02,157.50,16.46,33.37,100.67,55.00,10.83,27.27,46.41,46.07,18.16,5.31,19.37,0.00,19.34,75.25,79.23,101.41,20.80,29.52,13.26,11.00,5.24,20.63,45.70,23.35,11.71,7.23,17.41,1.00,13.27,10.00,240.00,3.00,23.49,19.77,385.00,6.00,6.77,5.47,116.00,6.00,13.73,11.77,220.00,6.00,5.29,4.23,86.00,6.00,0,휴식 (Relax)
-6.50,-9.62,-5.06,-20.62,-3.62,6.77,57.94,82.14,85.04,24.45,9.94,50.92,8.00,16.13,61.55,144.40,154.00,23.71,32.42,130.56,22.00,6.19,31.09,51.36,44.01,13.87,9.77,14.39,5.00,14.62,83.98,97.53,69.57,53.68,14.41,43.73,22.00,6.18,10.98,43.64,24.04,11.96,5.23,20.64,12.00,12.72,9.88,224.00,6.00,22.97,19.59,407.00,7.00,6.90,5.70,111.00,6.00,14.49,12.55,231.00,6.00,5.09,4.17,88.00,6.00,0,휴식 (Relax)
1.00,-17.88,4.94,0.69,-6.31,7.04,50.84,75.63,91.21,18.35,15.21,55.77,0.00,59.46,91.99,175.15,110.00,29.75,15.78,86.57,66.00,20.42,15.40,49.70,29.68,23.50,25.16,4.53,21.00,9.07,73.63,87.25,73.79,59.26,25.09,53.19,33.00,10.61,11.70,48.18,19.31,15.58,1.06,20.37,7.00,12.61,9.38,224.00,7.00,22.64,19.77,352.00,6.00,6.51,5.57,112.00,7.00,14.27,11.86,242.00,7.00,5.32,4.52,89.00,6.00,0,휴식 (Relax)
15.00,1.38,9.25,30.25,9.81,38.23,21.78,89.28,75.89,29.29,17.13,54.97,32.00,28.95,49.19,137.52,118.47,70.06,49.19,49.47,110.00,30.00,13.92,60.19,25.50,15.40,20.84,7.99,10.00,58.65,32.23,102.84,34.79,100.10,37.16,45.81,22.00,9.53,5.87,39.31,27.66,28.53,14.68,29.42,7.00,12.61,9.38,224.00,7.00,20.16,16.84,352.00,7.00,6.93,6.12,106.00,6.00,15.31,12.72,253.00,7.00,5.83,4.77,106.00,7.00,0,휴식 (Relax)
-1.00,30.94,-10.44,7.56,3.31,38.23,21.78,89.28,75.89,29.29,17.13,54.97,32.00,64.40,55.00,159.32,70.43,83.11,55.00,87.22,55.00,21.67,11.40,49.95,6.40,32.03,37.15,27.37,11.00,69.37,37.83,113.71,24.60,91.62,27.33,38.11,11.00,17.06,9.04,44.46,23.26,28.77,10.21,21.83,1.00,12.61,9.38,224.00,7.00,21.02,16.93,352.00,6.00,7.04,6.12,122.00,7.00,15.42,13.06,253.00,6.00,5.80,4.55,104.00,6.00,0,휴식 (Relax)
0.00,8.94,-9.44,-12.38,-2.31,27.85,17.13,87.91,72.44,45.12,21.78,41.81,16.00,64.40,55.00,159.32,70.43,83.11,55.00,87.22,55.00,31.60,20.74,62.82,11.70,23.23,22.44,16.72,5.00,46.08,6.44,110.50,31.11,107.09,37.56,18.30,22.00,11.15,10.38,38.94,28.79,34.65,14.08,15.83,7.00,12.00,8.00,208.00,2.00,21.02,16.93,352.00,6.00,7.31,6.38,106.00,6.00,15.00,12.55,264.00,7.00,5.76,4.61,110.00,7.00,0,휴식 (Relax)
-15.00,-20.62,5.56,-11.00,-1.94,30.54,14.78,102.90,56.57,39.81,6.12,57.24,32.00,21.22,34.79,157.18,44.00,89.91,34.79,91.56,110.00,16.90,23.43,50.68,16.28,36.88,24.02,22.94,21.00,47.77,15.56,131.43,22.00,85.86,15.56,33.83,0.00,7.09,16.25,39.64,27.29,31.78,8.12,21.46,1.00,12.61,9.38,224.00,7.00,20.16,16.84,363.00,7.00,7.04,6.12,117.00,7.00,15.06,12.38,242.00,3.00,5.71,4.57,107.00,7.00,0,휴식 (Relax)
8.50,12.38,-0.75,-0.69,-6.44,25.23,19.31,97.81,56.00,46.83,3.31,65.15,40.00,21.22,34.79,157.18,44.00,89.91,34.79,91.56,110.00,12.00,28.29,52.89,20.00,33.42,19.39,18.49,16.00,41.51,11.00,124.82,33.00,85.52,11.00,44.77,11.00,10.31,23.24,47.51,19.42,26.90,14.36,16.15,9.00,12.80,9.69,232.00,7.00,20.16,16.84,341.00,7.00,6.91,5.84,107.00,7.00,14.79,11.86,253.00,6.00,5.94,4.94,102.00,6.00,0,휴식 (Relax)
14.50,-11.69,5.56,-1.38,-1.88,17.22,51.31,117.00,24.00,31.08,28.69,41.08,8.00,29.59,11.00,139.73,55.00,84.60,11.00,62.47,77.00,16.96,24.22,47.92,23.35,35.95,14.80,13.56,11.00,33.66,20.33,131.06,34.79,75.32,8.42,34.40,0.00,4.52,21.72,44.20,19.24,20.00,17.78,16.55,16.00,12.72,9.88,208.00,6.00,17.16,14.44,308.00,7.00,6.54,5.49,102.00,7.00,14.49,11.34,220.00,5.00,5.54,4.50,97.00,5.00,0,휴식 (Relax)
-8.00,-10.31,9.88,20.62,1.12,25.42,38.31,94.98,33.94,53.42,48.71,42.60,16.00,27.24,16.21,126.34,73.79,105.45,30.78,41.23,55.00,9.01,27.63,51.98,17.72,46.78,15.50,3.52,0.00,33.66,20.33,131.06,34.79,75.32,8.42,34.40,0.00,4.52,21.72,44.20,19.24,20.00,17.78,16.55,16.00,12.33,9.00,224.00,3.00,17.16,14.52,308.00,7.00,7.02,6.12,102.00,7.00,14.49,11.34,220.00,5.00,5.54,4.50,91.00,6.00,0,휴식 (Relax)
0.50,11.69,-6.12,-11.69,-3.00,33.12,42.46,95.81,28.84,48.84,46.53,37.65,8.00,27.24,16.21,126.34,73.79,105.45,30.78,41.23,55.00,9.01,27.63,51.98,17.72,46.78,15.50,3.52,0.00,44.62,19.05,129.92,39.66,72.03,19.05,39.93,11.00,18.47,7.80,31.49,25.50,11.35,29.92,8.15,2.00,12.16,8.69,208.00,7.00,17.16,14.52,319.00,8.00,7.02,6.12,113.00,8.00,14.79,11.86,231.00,6.00,4.95,4.00,87.00,7.00,0,휴식 (Relax)
-0.50,-8.25,-1.75,-22.69,-2.69,17.47,26.77,80.39,43.08,59.72,57.02,25.95,8.00,58.46,28.96,124.12,46.67,94.32,50.49,18.74,22.00,15.53,19.54,42.55,22.67,39.17,24.94,10.84,10.00,44.62,19.05,129.92,39.66,72.03,19.05,39.93,11.00,23.23,4.68,32.50,22.02,16.31,25.38,11.24,7.00,11.48,7.75,200.00,6.00,16.27,13.75,286.00,8.00,6.42,5.50,108.00,8.00,14.79,11.86,231.00,6.00,4.97,3.98,82.00,6.00,0,휴식 (Relax)
-9.50,-9.62,3.88,8.94,2.00,11.28,15.36,71.32,40.00,45.93,41.04,40.46,8.00,36.98,31.31,103.53,64.14,72.95,58.10,31.37,0.00,21.45,13.54,42.89,18.60,44.78,22.55,4.87,4.00,31.41,4.56,114.35,55.00,85.67,26.56,48.12,11.00,19.56,5.02,27.54,26.08,19.21,24.31,16.07,12.00,9.89,7.25,184.00,6.00,14.49,12.38,264.00,8.00,6.48,5.61,108.00,8.00,14.66,11.95,253.00,7.00,4.95,4.00,82.00,7.00,0,휴식 (Relax)
6.00,21.31,-1.75,-2.06,-1.44,17.17,19.36,76.51,32.00,44.86,46.75,32.48,0.00,23.21,63.52,83.43,55.00,96.86,73.51,7.73,33.00,15.73,18.19,37.13,23.71,45.48,25.94,3.07,2.00,31.41,4.56,114.35,55.00,85.67,26.56,48.12,11.00,18.40,7.82,24.77,23.09,23.12,20.71,9.24,5.00,10.00,7.75,176.00,6.00,15.30,13.15,286.00,9.00,6.42,5.50,114.00,9.00,14.66,11.95,253.00,7.00,4.51,3.62,75.00,7.00,0,휴식 (Relax)
-0.50,-11.00,-1.38,-1.38,1.56,7.70,4.88,54.64,40.00,23.73,54.04,15.21,24.00,19.67,55.03,77.06,66.00,94.83,84.47,13.04,44.00,12.05,20.32,33.57,21.59,50.62,19.97,3.74,4.00,28.97,8.42,103.37,64.14,96.67,20.33,37.35,0.00,18.40,7.82,24.77,23.09,23.12,20.71,9.24,5.00,8.23,5.75,160.00,6.00,15.56,13.75,308.00,8.00,6.33,5.30,114.00,9.00,14.49,11.34,253.00,7.00,4.51,3.62,78.00,8.00,0,휴식 (Relax)
-15.50,-30.25,-5.69,-31.62,-5.94,22.10,18.84,58.67,28.84,38.64,60.11,21.55,8.00,39.35,69.27,34.46,79.32,137.78,58.56,38.88,0.00,15.62,20.27,40.90,11.18,42.52,29.38,8.93,7.00,41.25,51.88,98.76,56.09,90.03,40.80,81.09,44.00,13.80,14.28,18.19,22.02,24.00,28.25,14.79,13.00,9.15,6.69,176.00,9.00,17.17,14.78,330.00,9.00,6.39,5.23,113.00,8.00,16.44,12.72,286.00,7.00,4.75,3.80,80.00,9.00,0,휴식 (Relax)
0.50,-17.19,9.62,12.38,-2.25,22.10,18.84,58.67,28.84,38.64,60.11,21.55,8.00,65.88,102.08,47.44,55.00,123.05,53.76,6.92,33.00,7.80,27.42,31.31,11.66,48.19,34.70,19.91,18.00,41.25,51.88,98.76,56.09,90.03,40.80,81.09,44.00,9.86,24.91,24.09,11.05,13.14,24.97,12.57,2.00,9.15,6.69,184.00,9.00,17.38,14.61,319.00,8.00,6.85,5.92,124.00,9.00,16.44,12.72,297.00,7.00,4.31,3.22,72.00,8.00,0,휴식 (Relax)
7.50,24.75,3.94,10.31,2.44,19.60,27.35,54.53,24.00,53.25,46.86,26.81,24.00,50.94,79.62,20.37,83.77,149.12,43.47,29.84,66.00,7.94,38.39,35.18,6.08,37.64,37.79,10.90,7.00,50.32,63.19,82.44,70.43,73.34,63.19,64.56,11.00,12.16,22.52,19.54,12.53,11.10,28.41,15.97,3.00,9.15,6.69,184.00,7.00,18.45,16.16,352.00,9.00,6.73,5.81,118.00,8.00,15.78,11.86,275.00,7.00,4.32,3.33,74.00,9.00,0,휴식 (Relax)
14.50,22.00,-1.69,9.62,7.56,31.83,43.34,68.91,8.00,43.98,51.01,15.47,8.00,73.52,97.60,57.85,77.78,115.16,80.29,15.84,22.00,7.93,34.71,29.23,12.04,37.70,43.47,10.67,1.00,59.92,74.05,90.85,62.23,65.62,52.39,64.64,22.00,25.34,30.62,24.98,6.71,8.08,14.43,4.98,11.00,9.89,7.88,176.00,6.00,18.65,16.50,330.00,8.00,6.67,5.65,119.00,9.00,15.98,12.55,242.00,6.00,4.51,3.62,63.00,8.00,0,휴식 (Relax)
-0.50,0.00,-1.00,-9.62,-5.38,16.08,34.42,58.60,17.89,55.67,47.66,10.96,8.00,73.52,97.60,57.85,77.78,115.16,80.29,15.84,22.00,17.50,38.36,28.57,16.97,27.39,34.07,9.76,12.00,16.33,46.67,56.92,98.39,27.82,46.67,66.57,66.00,8.96,13.65,9.89,23.19,14.75,13.33,14.58,28.00,9.15,6.69,176.00,6.00,18.65,16.50,319.00,8.00,6.22,5.00,98.00,8.00,13.95,11.34,242.00,7.00,3.85,3.09,71.00,9.00,0,휴식 (Relax)
-0.50,-39.19,14.31,2.06,0.00,16.08,34.42,58.60,17.89,55.67,47.66,10.96,8.00,4.52,58.24,116.00,116.93,38.19,86.59,62.78,99.00,9.60,15.05,7.38,40.80,20.05,39.94,29.65,39.00,5.61,52.36,63.08,93.98,24.88,37.05,67.58,55.00,6.75,10.76,13.40,24.70,16.48,7.50,10.55,22.00,9.15,6.69,176.00,6.00,19.43,16.59,341.00,9.00,6.66,5.52,115.00,9.00,13.59,10.83,231.00,7.00,3.57,2.62,70.00,5.00,0,휴식 (Relax)
7.00,26.12,-12.69,1.38,2.81,23.32,27.26,50.76,25.30,57.32,55.65,15.81,0.00,6.77,51.26,107.99,124.45,36.05,97.33,73.39,110.00,9.60,15.05,7.38,40.80,20.05,39.94,29.65,39.00,15.50,41.51,52.58,104.36,14.91,26.39,74.06,44.00,6.20,9.64,10.74,27.51,19.47,5.01,10.54,19.00,9.33,7.25,168.00,7.00,20.16,17.36,374.00,9.00,6.66,5.52,126.00,9.00,13.40,10.14,231.00,7.00,3.64,2.86,73.00,9.00,0,휴식 (Relax)
5.50,23.38,-2.31,21.31,8.25,44.01,7.41,52.16,28.84,33.60,43.19,10.10,24.00,49.81,11.16,131.41,158.64,19.14,65.05,46.35,66.00,6.15,20.05,12.16,46.57,18.40,35.04,27.56,33.00,46.31,23.37,60.39,99.00,46.04,50.99,47.47,77.00,9.05,5.06,15.02,31.62,18.66,10.51,9.80,28.00,8.35,6.81,144.00,6.00,20.53,17.88,341.00,8.00,6.63,5.39,130.00,8.00,14.27,10.48,242.00,7.00,4.22,3.47,74.00,9.00,0,휴식 (Relax)
-9.50,22.69,-11.69,-0.69,1.75,34.28,14.31,36.27,43.08,28.02,52.34,23.74,40.00,59.84,1.89,141.90,152.82,26.53,64.11,46.90,77.00,12.45,24.82,15.04,50.09,10.90,37.60,28.00,43.00,46.31,23.37,60.39,99.00,46.04,50.99,47.47,77.00,14.57,6.45,22.62,25.46,11.07,11.24,12.71,20.00,8.59,6.88,152.00,7.00,21.11,18.56,319.00,7.00,7.26,5.86,134.00,7.00,14.27,10.48,264.00,8.00,3.98,3.25,75.00,9.00,0,휴식 (Relax)
-8.00,-30.94,4.31,-31.62,-7.81,40.12,31.41,31.61,56.57,13.22,28.38,16.98,16.00,46.77,23.37,141.43,172.18,46.97,50.99,47.16,99.00,12.45,24.82,15.04,50.09,10.90,37.60,28.00,43.00,39.43,9.76,60.66,104.36,75.61,72.31,80.46,44.00,12.14,9.02,22.76,30.81,7.70,18.02,19.17,13.00,8.00,6.00,128.00,2.00,22.42,19.94,374.00,8.00,7.26,5.86,145.00,8.00,16.44,12.89,275.00,7.00,4.45,3.69,82.00,9.00,0,휴식 (Relax)
7.00,-19.25,14.94,23.38,2.19,28.72,30.19,16.38,68.82,5.63,19.20,30.38,0.00,47.34,32.42,151.86,167.55,47.02,61.55,49.96,88.00,6.87,29.71,20.99,53.00,13.46,43.21,31.61,37.00,39.43,9.76,60.66,104.36,75.61,72.31,80.46,44.00,12.14,9.02,22.76,30.81,7.70,18.02,19.17,13.00,7.94,6.25,136.00,7.00,22.84,20.62,363.00,7.00,7.86,6.33,140.00,7.00,16.44,12.89,297.00,7.00,4.45,3.69,87.00,9.00,0,휴식 (Relax)
6.50,24.06,-7.06,-9.62,-2.81,22.38,37.08,11.79,73.76,11.79,17.00,22.38,8.00,42.52,31.17,144.97,177.71,57.69,71.26,58.07,77.00,6.87,29.71,20.99,53.00,13.46,43.21,31.61,37.00,39.43,9.76,60.66,104.36,75.61,72.31,80.46,44.00,12.14,9.02,22.76,30.81,7.70,18.02,19.17,13.00,8.11,6.69,136.00,7.00,23.41,21.31,385.00,7.00,7.86,6.33,157.00,8.00,16.44,12.89,319.00,8.00,4.45,3.69,92.00,10.00,0,휴식 (Relax)
6.00,-8.94,-2.06,0.00,1.88,15.18,44.77,18.48,67.88,8.03,23.58,29.99,0.00,42.52,31.17,144.97,177.71,57.69,71.26,58.07,77.00,6.87,29.71,20.99,53.00,13.46,43.21,31.61,37.00,18.39,30.36,76.39,83.77,53.64,73.28,91.51,22.00,8.07,10.29,25.79,28.18,8.03,15.82,22.75,8.00,8.25,7.00,128.00,7.00,23.41,21.31,418.00,8.00,7.86,6.33,156.00,7.00,15.56,11.00,297.00,4.00,4.41,3.61,92.00,10.00,0,휴식 (Relax)
-25.00,-49.25,8.62,-19.94,-5.62,31.08,39.19,12.53,80.00,23.43,39.19,43.73,16.00,83.41,12.04,102.55,218.22,88.52,98.00,16.04,120.00,8.97,28.99,16.78,57.31,15.53,45.60,26.93,42.00,51.38,18.60,50.25,101.41,52.97,61.39,104.43,11.00,15.76,3.44,18.44,35.47,6.08,9.39,27.40,0.00,10.15,8.00,144.00,7.00,26.54,24.00,428.00,7.00,8.11,6.72,161.00,7.00,16.14,12.46,308.00,9.00,4.62,3.88,97.00,10.00,0,휴식 (Relax)
-0.50,-14.50,3.25,-8.25,2.19,38.77,44.29,20.42,75.47,20.42,35.18,38.77,8.00,126.99,54.20,103.38,209.16,57.65,54.20,56.34,76.00,14.57,24.83,19.17,60.46,19.55,39.80,31.46,36.00,61.74,29.16,55.87,93.34,42.04,70.41,103.24,0.00,12.84,6.40,18.41,36.67,4.47,6.40,28.57,3.00,9.99,7.56,160.00,6.00,25.89,23.06,427.00,6.00,8.13,6.84,166.00,7.00,16.27,13.06,319.00,9.00,4.65,3.96,102.00,10.00,0,휴식 (Relax)
7.00,48.06,-12.12,13.06,2.19,32.72,36.30,17.83,82.37,27.39,38.71,38.02,0.00,83.23,48.30,49.84,263.92,100.80,48.30,106.39,21.00,4.76,34.79,9.46,68.96,28.85,31.46,37.52,26.00,53.82,20.71,45.23,101.41,37.84,81.17,107.39,11.00,12.84,6.40,18.41,36.67,4.47,6.40,28.57,3.00,10.15,8.00,152.00,7.00,28.70,26.06,471.00,7.00,8.68,7.39,177.00,8.00,16.60,13.58,308.00,9.00,4.65,3.96,94.00,9.00,0,휴식 (Relax)
5.50,22.62,-2.44,20.62,4.50,32.43,25.08,40.47,73.76,18.90,16.34,36.13,24.00,82.67,102.05,43.18,265.06,68.78,17.38,73.22,76.00,9.11,31.18,10.92,66.64,29.69,31.27,39.60,21.00,62.72,60.01,67.39,77.78,33.90,68.02,76.57,44.00,11.83,13.33,12.39,33.38,9.77,12.10,27.04,14.00,9.26,7.19,136.00,7.00,28.32,25.45,482.00,7.00,8.51,7.12,171.00,7.00,15.50,12.55,275.00,6.00,4.56,3.75,94.00,9.00,0,휴식 (Relax)
-10.00,-0.75,-1.75,-21.31,-1.62,27.55,20.91,36.47,81.58,26.80,8.66,35.91,32.00,98.59,120.42,65.04,243.25,54.15,31.10,76.03,54.00,7.58,32.72,19.65,56.94,21.94,40.07,42.09,10.00,38.61,33.11,40.25,110.55,38.30,96.49,60.41,77.00,13.30,14.02,14.05,31.40,8.43,10.17,27.76,12.00,9.59,7.75,144.00,7.00,27.78,24.00,460.00,7.00,8.23,6.56,166.00,7.00,16.25,13.23,319.00,9.00,4.48,3.59,95.00,9.00,0,휴식 (Relax)
-16.50,-50.00,4.25,-39.88,-8.00,16.36,9.27,55.63,80.40,25.46,28.46,48.88,8.00,33.62,125.12,84.11,264.50,25.07,106.61,100.91,22.00,7.58,32.72,19.65,56.94,21.94,40.07,42.09,10.00,32.46,66.44,80.25,118.47,82.64,48.59,104.14,22.00,4.76,19.89,8.40,31.40,16.02,10.21,35.58,2.00,10.38,8.50,144.00,7.00,30.14,26.50,514.00,7.00,8.23,6.56,166.00,7.00,19.00,15.64,341.00,9.00,4.92,4.12,96.00,9.00,0,휴식 (Relax)
0.50,-4.94,8.56,15.12,-0.44,19.41,16.34,68.84,64.50,9.49,25.08,34.56,24.00,19.54,155.92,115.69,234.83,22.60,88.27,95.37,11.00,3.78,43.33,25.42,47.80,26.13,35.51,47.71,21.00,32.46,66.44,80.25,118.47,82.64,48.59,104.14,22.00,5.62,28.88,16.74,22.56,10.88,2.84,26.79,11.00,9.58,7.69,144.00,6.00,29.41,25.31,535.00,7.00,8.51,7.12,171.00,7.00,19.00,15.64,374.00,9.00,4.47,3.69,89.00,8.00,0,휴식 (Relax)
15.50,16.38,-7.12,3.44,-0.75,22.08,20.42,72.78,68.35,16.00,38.77,18.95,40.00,23.59,146.13,114.64,240.13,33.23,92.57,100.10,22.00,3.41,39.16,20.81,50.99,23.75,38.14,52.07,26.00,34.01,61.72,84.25,122.98,87.41,41.91,93.75,33.00,4.51,25.77,14.23,24.17,15.08,2.81,21.85,16.00,10.38,8.50,160.00,7.00,29.67,26.00,513.00,7.00,8.68,7.39,170.00,7.00,18.94,15.30,374.00,8.00,4.25,3.38,84.00,8.00,0,휴식 (Relax)
7.00,2.62,4.56,13.75,2.06,28.93,28.38,80.78,60.93,10.27,31.41,26.92,32.00,65.10,139.86,155.58,203.21,50.18,52.86,71.59,22.00,14.14,38.90,24.01,43.42,34.75,27.37,41.13,15.00,41.92,66.97,95.24,113.25,76.49,52.67,102.11,22.00,6.84,26.50,16.52,21.47,12.94,3.45,24.43,13.00,10.54,8.88,160.00,6.00,27.95,23.58,458.00,6.00,7.87,6.62,154.00,7.00,19.25,15.81,385.00,8.00,4.28,3.45,84.00,8.00,0,휴식 (Relax)
-15.50,-26.94,3.56,-17.88,-7.31,5.31,18.49,74.18,73.76,31.12,32.65,49.60,8.00,15.44,107.62,126.68,239.84,102.32,10.20,45.53,77.00,4.65,28.14,8.42,56.82,43.36,15.95,26.06,1.00,21.64,45.72,89.96,125.42,73.89,71.90,114.38,0.00,3.35,18.26,9.40,27.59,19.55,13.44,31.66,3.00,11.12,9.62,184.00,7.00,28.09,23.94,491.00,7.00,7.36,6.19,144.00,7.00,19.78,17.02,396.00,9.00,4.65,3.81,88.00,9.00,0,휴식 (Relax)
8.50,-2.88,7.88,15.81,-1.62,5.31,18.49,74.18,73.76,31.12,32.65,49.60,8.00,33.26,77.51,152.12,218.60,102.08,24.43,65.78,44.00,15.02,17.66,13.79,52.50,49.11,16.50,34.48,10.00,10.95,36.25,99.66,116.93,63.73,68.82,111.83,11.00,13.78,7.28,18.57,21.54,11.61,9.33,27.76,14.00,11.12,9.62,192.00,7.00,27.15,22.23,513.00,7.00,7.61,6.48,139.00,7.00,19.04,16.41,407.00,10.00,4.09,3.47,87.00,9.00,0,휴식 (Relax)
22.50,30.12,-8.44,4.81,0.56,37.01,13.86,52.68,97.65,54.51,13.86,42.93,40.00,33.26,77.51,152.12,218.60,102.08,24.43,65.78,44.00,19.93,13.18,18.29,47.76,44.29,18.98,31.97,5.00,10.95,36.25,99.66,116.93,63.73,68.82,111.83,11.00,16.42,5.87,20.80,18.79,10.05,7.18,27.29,11.00,12.40,10.31,208.00,7.00,27.15,22.23,491.00,7.00,7.15,6.13,139.00,7.00,19.04,16.41,385.00,9.00,4.00,3.33,79.00,8.00,0,휴식 (Relax)
-2.00,-4.25,-3.06,2.75,2.94,44.37,20.91,57.87,93.30,48.43,8.66,39.41,32.00,14.10,90.17,157.28,206.17,90.86,35.90,43.92,66.00,15.15,15.76,19.21,46.10,44.05,24.93,32.15,1.00,43.14,32.23,114.48,94.63,60.58,37.16,97.14,22.00,12.29,8.77,25.52,17.12,0.32,3.01,24.19,1.00,12.17,9.75,216.00,7.00,26.40,21.03,513.00,8.00,7.16,6.19,133.00,7.00,17.61,14.44,330.00,8.00,3.72,2.95,72.00,8.00,0,휴식 (Relax)
-16.50,-4.94,3.62,4.12,0.12,31.61,25.08,36.49,114.54,61.27,16.34,28.76,8.00,14.53,90.09,168.24,196.92,83.80,24.93,53.69,55.00,14.65,17.72,30.19,35.44,34.00,17.72,28.39,10.00,26.11,45.45,93.05,113.25,43.66,18.83,84.53,44.00,11.71,8.80,22.66,20.10,3.28,5.15,22.86,2.00,12.80,10.50,232.00,7.00,26.14,20.43,469.00,7.00,6.26,5.50,117.00,7.00,16.44,13.41,297.00,7.00,3.64,2.80,70.00,6.00,0,휴식 (Relax)
-7.50,-13.19,-2.69,-17.19,-1.88,37.25,41.04,42.81,108.81,46.55,15.36,39.06,24.00,34.78,123.89,153.23,176.41,42.69,33.66,89.65,11.00,11.92,19.72,28.39,34.37,30.34,19.72,26.06,15.00,25.61,56.43,92.19,108.34,54.17,21.12,93.40,33.00,11.71,8.80,22.66,20.10,3.28,5.15,22.86,2.00,12.80,10.62,240.00,7.00,25.34,18.98,447.00,6.00,6.01,5.19,118.00,8.00,16.94,14.27,308.00,7.00,3.64,2.80,67.00,5.00,0,휴식 (Relax)
16.00,18.44,2.94,25.44,3.12,31.01,35.47,34.99,116.48,47.80,23.11,46.74,32.00,22.46,102.50,135.76,197.03,50.41,55.43,105.52,11.00,8.67,25.58,33.28,28.44,28.48,14.00,30.63,9.00,23.21,44.89,72.56,128.75,60.93,25.43,115.03,11.00,11.71,8.80,22.66,20.10,3.28,5.15,22.86,2.00,13.27,11.00,232.00,4.00,25.78,20.26,437.00,7.00,6.02,5.18,113.00,8.00,18.12,15.30,330.00,7.00,3.64,2.80,64.00,5.00,0,휴식 (Relax)
6.00,4.06,3.25,-8.25,-0.19,11.40,49.94,43.59,112.00,16.88,17.94,15.65,0.00,61.83,88.66,91.21,186.32,10.07,47.55,93.29,43.00,12.48,21.60,29.33,28.00,23.57,9.66,35.50,4.00,25.43,50.49,64.11,125.42,68.44,28.96,104.34,22.00,16.53,7.24,19.15,21.19,2.21,1.24,17.87,7.00,11.83,10.00,216.00,7.00,22.83,17.81,416.00,7.00,5.72,4.91,108.00,8.00,17.61,14.44,352.00,8.00,3.41,2.48,59.00,7.00,0,휴식 (Relax)
-2.00,13.00,3.25,12.38,2.81,11.40,49.94,43.59,112.00,16.88,17.94,15.65,0.00,94.83,114.91,107.35,153.39,22.96,20.40,84.65,10.00,12.48,21.60,29.33,28.00,23.57,9.66,35.50,4.00,34.11,72.31,74.66,104.36,49.18,9.76,122.65,0.00,16.53,7.24,19.15,21.19,2.21,1.24,17.87,7.00,11.83,10.00,216.00,7.00,22.61,17.38,361.00,6.00,5.72,4.91,92.00,7.00,17.77,14.27,352.00,8.00,3.41,2.48,62.00,8.00,0,휴식 (Relax)
-9.00,-15.88,-3.38,-18.56,-1.88,23.81,40.25,44.44,113.14,18.97,13.11,26.11,16.00,43.22,52.73,46.69,162.59,78.21,46.12,80.18,56.00,3.50,16.79,19.37,29.73,20.02,8.84,27.64,14.00,38.83,50.99,43.36,99.00,64.69,23.37,144.86,33.00,12.57,2.24,14.18,23.32,5.97,6.24,21.66,2.00,11.96,10.12,224.00,7.00,19.67,15.75,372.00,7.00,4.75,4.20,88.00,8.00,18.12,15.30,374.00,9.00,3.37,2.42,64.00,5.00,0,휴식 (Relax)
-0.50,-2.81,2.25,4.81,-1.38,31.81,43.19,52.36,105.22,24.41,7.41,22.69,8.00,51.31,54.14,63.13,132.00,81.13,35.37,88.03,23.00,6.07,12.00,17.29,24.17,25.87,12.00,30.51,8.00,58.45,61.39,49.26,77.00,44.55,18.60,137.08,11.00,11.94,6.61,14.38,16.97,5.83,5.69,18.78,10.00,11.82,9.62,216.00,6.00,18.29,14.04,361.00,7.00,4.71,4.06,94.00,9.00,16.94,14.27,352.00,9.00,3.00,2.28,58.00,5.00,0,휴식 (Relax)
14.00,8.19,1.88,3.44,0.62,12.72,21.78,45.33,111.43,47.01,17.13,34.73,16.00,51.31,54.14,63.13,132.00,81.13,35.37,88.03,23.00,12.01,6.00,22.52,22.36,23.08,6.00,29.93,14.00,36.46,39.66,27.47,80.08,51.86,39.66,141.11,11.00,11.94,6.61,14.38,16.97,5.83,5.69,18.78,10.00,12.17,10.25,224.00,7.00,18.29,14.04,318.00,7.00,4.64,3.83,88.00,8.00,16.37,12.98,330.00,9.00,3.00,2.28,53.00,4.00,0,휴식 (Relax)
-3.00,15.12,-3.75,21.31,5.81,19.71,6.12,60.17,96.66,47.35,14.78,20.13,0.00,18.13,23.56,89.83,77.78,76.38,29.95,35.42,88.00,6.51,11.09,18.53,16.49,27.73,4.59,32.71,20.00,35.95,39.66,66.06,24.60,16.79,39.66,113.74,55.00,6.59,13.09,14.27,12.04,13.96,9.30,15.55,3.00,11.27,9.38,224.00,8.00,14.49,12.38,286.00,7.00,4.71,4.06,89.00,9.00,13.73,10.48,297.00,10.00,2.92,2.13,52.00,9.00,0,휴식 (Relax)
-3.00,24.06,-12.44,0.00,2.62,19.71,6.12,60.17,96.66,47.35,14.78,20.13,0.00,45.32,56.43,120.92,59.24,43.42,21.12,64.70,55.00,18.05,27.24,34.65,23.35,15.03,16.85,19.69,1.00,24.96,28.96,58.58,34.79,26.27,50.49,108.22,66.00,7.32,16.00,17.26,9.06,11.94,6.63,16.55,0.00,11.27,9.38,208.00,7.00,15.66,13.32,275.00,6.00,5.38,4.63,83.00,8.00,13.47,9.62,308.00,6.00,3.00,2.34,55.00,9.00,0,휴식 (Relax)
-17.00,-28.19,-2.75,-20.62,-2.25,12.48,30.19,79.63,68.82,39.62,19.20,51.83,32.00,32.26,37.60,124.48,24.60,46.32,64.44,108.67,11.00,13.09,25.71,31.03,20.25,19.46,20.37,16.96,6.00,8.54,26.39,71.70,34.79,34.63,41.51,125.90,44.00,7.48,15.03,16.72,9.49,13.06,6.49,18.06,2.00,11.62,9.25,216.00,7.00,16.94,14.44,319.00,7.00,5.08,4.28,82.00,7.00,14.49,11.52,319.00,9.00,3.05,2.44,57.00,9.00,0,휴식 (Relax)
7.00,4.81,13.56,22.69,-0.06,12.48,30.19,79.63,68.82,39.62,19.20,51.83,32.00,32.26,37.60,124.48,24.60,46.32,64.44,108.67,11.00,6.53,32.94,36.92,30.08,13.75,22.29,26.25,5.00,12.39,17.44,61.61,45.35,45.21,48.56,136.71,33.00,9.51,16.27,19.25,6.71,10.20,4.62,15.20,1.00,11.62,9.25,216.00,7.00,16.94,14.44,319.00,7.00,6.11,4.88,99.00,8.00,15.30,11.95,330.00,9.00,2.97,2.21,49.00,8.00,0,휴식 (Relax)
13.00,23.38,-3.06,-0.69,-0.50,23.32,47.93,86.99,46.65,32.66,32.10,39.67,0.00,29.62,17.55,107.92,49.19,63.85,80.42,81.44,66.00,7.25,26.96,31.25,28.44,18.95,27.99,32.25,11.00,29.50,4.56,66.43,55.00,47.20,26.56,115.33,55.00,3.56,9.72,14.34,11.66,12.09,3.09,8.22,8.00,11.27,9.38,200.00,6.00,16.44,13.92,319.00,7.00,6.13,4.94,111.00,9.00,14.27,10.57,319.00,9.00,2.35,1.94,44.00,8.00,0,휴식 (Relax)
5.00,11.00,-2.38,10.31,5.00,23.32,47.93,86.99,46.65,32.66,32.10,39.67,0.00,46.69,37.33,127.99,44.00,44.30,58.71,81.12,44.00,14.12,21.53,32.81,39.32,13.15,19.09,22.26,0.00,29.50,4.56,66.43,55.00,47.20,26.56,115.33,55.00,5.33,3.25,19.80,10.20,4.44,7.84,15.74,0.00,11.27,9.38,192.00,6.00,16.50,13.75,297.00,4.00,5.81,4.55,95.00,8.00,14.27,10.57,319.00,9.00,2.60,2.25,48.00,9.00,0,휴식 (Relax)
-16.50,-29.56,-7.38,-41.94,-9.44,21.65,39.05,81.59,43.08,36.58,34.10,31.76,40.00,45.25,49.99,97.58,99.00,76.81,33.62,84.94,11.00,14.12,21.53,32.81,39.32,13.15,19.09,22.26,0.00,42.50,44.24,63.87,88.68,48.24,51.39,142.63,11.00,6.29,8.32,12.79,19.10,10.44,16.52,23.57,9.00,10.76,8.62,192.00,6.00,17.27,14.87,308.00,6.00,5.81,4.55,95.00,8.00,17.91,13.84,374.00,9.00,3.55,2.67,60.00,9.00,0,휴식 (Relax)
-15.50,-58.19,13.56,-8.25,-0.25,37.60,53.55,97.04,28.84,21.82,18.24,35.18,24.00,95.44,103.94,141.75,112.77,43.10,32.16,100.21,43.00,19.17,7.37,29.25,56.22,9.09,13.99,31.27,17.00,53.10,53.23,74.82,83.77,37.33,49.91,138.67,22.00,9.23,9.92,14.43,19.65,8.48,15.02,21.60,6.00,11.48,9.62,176.00,6.00,22.81,18.66,340.00,6.00,6.75,5.31,111.00,8.00,18.03,14.44,407.00,9.00,3.49,2.47,66.00,8.00,0,휴식 (Relax)
7.00,16.44,-3.06,2.75,-2.12,16.88,33.05,85.07,46.65,34.43,13.69,55.40,0.00,73.71,90.31,125.49,132.50,62.18,41.79,118.82,65.00,13.85,13.23,23.64,56.01,14.92,12.12,34.16,23.00,53.10,53.23,74.82,83.77,37.33,49.91,138.67,22.00,11.19,9.94,16.37,17.72,7.55,14.46,22.22,8.00,10.91,9.12,192.00,7.00,23.17,19.17,405.00,7.00,6.77,5.32,122.00,8.00,18.03,14.44,396.00,9.00,3.53,2.55,66.00,8.00,0,휴식 (Relax)
21.00,14.38,-7.75,11.69,8.19,30.50,44.35,109.86,40.79,16.55,18.37,23.48,32.00,49.34,102.39,141.74,149.03,44.28,55.21,86.14,32.00,8.97,17.53,20.37,61.01,14.72,16.27,33.59,18.00,30.19,75.91,99.28,77.00,22.71,16.94,127.69,11.00,6.44,18.87,18.30,23.35,3.46,7.87,24.49,19.00,11.96,10.00,184.00,6.00,23.08,18.39,372.00,6.00,7.01,5.59,121.00,7.00,17.60,13.32,363.00,8.00,4.08,3.14,72.00,8.00,0,휴식 (Relax)
-17.00,4.06,-7.06,-8.25,-0.62,4.98,12.51,85.19,72.44,48.10,46.34,11.52,64.00,52.98,91.79,131.04,158.09,53.31,66.19,75.46,21.00,2.34,23.49,27.77,61.81,4.99,6.51,31.53,29.00,45.41,43.53,73.49,110.00,17.74,22.92,112.03,44.00,5.18,16.10,15.32,25.61,5.28,5.73,24.79,22.00,12.29,10.12,216.00,7.00,22.80,17.96,372.00,6.00,7.20,5.70,121.00,7.00,16.73,13.06,352.00,8.00,4.04,2.98,78.00,8.00,0,휴식 (Relax)
-84.88,-16.56,-29.81,-18.56,19.06,98.07,87.94,153.35,128.14,86.49,86.64,86.78,34.00,58.27,73.25,129.66,171.19,37.86,51.86,93.88,43.00,38.33,42.98,61.79,26.93,40.78,36.58,56.55,7.00,51.18,39.13,78.53,110.55,23.61,12.75,119.88,33.00,24.21,30.62,29.23,20.62,20.23,15.37,28.61,43.00,25.06,16.41,282.00,7.00,23.17,19.17,383.00,7.00,10.49,6.76,146.00,5.00,17.27,13.92,341.00,7.00,6.37,4.55,96.00,8.00,1,주먹 쥐기 (Fist)
-17.38,26.75,-22.88,-37.12,-1.75,120.19,107.34,173.15,116.36,69.21,64.04,65.61,10.00,58.88,75.58,119.47,179.81,44.91,55.39,101.05,54.00,68.04,57.94,73.77,32.65,41.76,31.73,26.25,24.00,84.00,81.38,133.18,56.09,34.26,59.51,70.78,88.00,21.29,29.96,29.78,17.72,20.85,17.51,29.27,46.00,25.42,17.45,340.00,6.00,23.81,19.69,394.00,7.00,11.93,8.41,145.00,5.00,19.40,15.98,330.00,6.00,6.38,4.53,112.00,8.00,1,주먹 쥐기 (Fist)
-8.88,24.00,18.06,90.81,-15.94,126.16,109.41,171.99,109.12,65.84,67.45,70.48,18.00,89.86,66.79,93.21,209.42,17.77,21.15,94.96,10.00,54.95,60.82,84.26,22.47,58.76,47.57,9.39,41.00,99.73,45.98,146.39,135.65,136.56,153.77,46.84,201.00,13.29,38.90,42.67,24.76,32.05,21.08,33.40,33.00,25.52,18.02,340.00,5.00,24.19,19.25,383.00,7.00,12.80,9.20,181.00,6.00,30.18,19.51,443.00,9.00,7.53,5.04,127.00,8.00,1,주먹 쥐기 (Fist)
104.62,-29.62,39.88,30.75,4.56,121.76,182.94,273.62,112.87,38.17,106.49,142.22,122.00,68.46,82.26,80.48,225.02,39.48,8.80,106.95,12.00,52.65,93.33,117.71,56.57,56.22,23.28,43.02,6.00,130.66,78.81,179.17,125.94,134.22,142.38,31.63,168.00,14.98,30.96,39.44,20.12,38.25,28.98,40.01,25.00,37.12,23.70,444.00,6.00,25.27,21.14,427.00,7.00,16.32,11.55,205.00,6.00,31.21,22.06,501.00,9.00,7.58,5.30,146.00,9.00,1,주먹 쥐기 (Fist)
9.12,13.69,48.94,71.81,-13.62,116.23,175.16,269.44,119.88,41.75,107.84,147.42,130.00,79.38,71.32,91.41,217.69,45.79,10.39,116.66,23.00,89.56,136.71,132.76,78.49,12.12,41.81,23.41,53.00,209.49,143.34,215.38,50.09,65.36,122.25,74.58,247.00,18.90,40.23,30.84,10.30,37.59,40.12,52.90,12.00,36.95,23.27,524.00,6.00,25.50,21.57,460.00,8.00,20.60,15.59,211.00,5.00,36.29,27.34,525.00,8.00,8.35,5.91,159.00,9.00,1,주먹 쥐기 (Fist)
56.44,24.00,-27.50,-66.75,-8.69,171.47,211.89,238.86,106.04,48.32,90.30,175.90,189.00,89.19,65.00,95.14,226.14,51.66,15.58,105.69,12.00,64.70,127.52,149.72,97.91,14.55,54.09,45.02,78.00,136.20,139.50,270.04,79.06,38.21,90.55,148.79,334.00,32.79,44.71,16.31,7.81,51.18,37.93,38.72,27.00,39.71,26.81,575.00,5.00,26.00,22.00,460.00,8.00,21.77,16.56,279.00,6.00,40.00,29.56,647.00,8.00,8.53,6.02,160.00,7.00,1,주먹 쥐기 (Fist)
-10.06,-47.25,12.81,-22.38,8.94,163.51,212.03,246.85,98.05,45.94,84.84,178.16,197.00,67.94,87.39,158.02,187.97,126.60,91.56,40.65,64.00,91.01,117.04,125.50,85.70,38.17,59.10,72.01,105.00,128.07,159.02,290.27,68.95,19.96,106.54,133.74,312.00,26.83,46.93,17.64,6.08,55.49,42.57,34.72,33.00,39.79,27.31,626.00,6.00,28.04,24.94,481.00,8.00,21.78,17.11,311.00,7.00,40.41,30.59,668.00,8.00,8.80,6.34,173.00,9.00,1,주먹 쥐기 (Fist)
-47.12,-15.94,34.25,94.81,-6.75,137.07,235.69,258.98,103.73,76.66,115.79,183.39,166.00,62.09,88.31,150.03,177.71,130.13,99.57,39.31,75.00,127.27,83.15,136.26,125.17,53.12,83.15,38.11,64.00,170.47,58.43,315.58,191.39,135.07,231.24,153.46,187.00,31.27,42.26,21.47,1.41,54.04,47.52,33.71,38.00,41.35,29.25,641.00,5.00,27.52,24.08,480.00,7.00,23.48,19.47,318.00,6.00,46.89,36.59,749.00,8.00,8.95,6.69,187.00,8.00,1,주먹 쥐기 (Fist)
81.00,68.88,-43.19,-77.12,17.12,190.93,158.62,315.92,39.45,132.85,181.32,238.63,88.00,43.95,147.61,186.17,165.00,184.56,116.11,62.77,8.00,96.46,140.09,79.29,125.40,108.13,140.09,57.63,7.00,166.31,94.90,218.58,224.72,201.98,305.09,240.21,90.00,23.34,59.26,11.38,17.03,36.32,60.23,42.13,56.00,46.29,34.12,766.00,6.00,32.73,27.22,547.00,8.00,25.86,20.86,382.00,6.00,50.82,39.41,905.00,8.00,9.99,7.97,212.00,11.00,1,주먹 쥐기 (Fist)
-41.50,23.88,7.12,50.38,4.75,169.63,195.65,268.59,29.73,136.80,206.95,293.01,32.00,43.95,147.61,186.17,165.00,184.56,116.11,62.77,8.00,96.49,132.84,83.75,114.73,110.93,147.80,68.26,4.00,140.07,101.86,244.82,179.88,197.24,320.45,296.19,34.00,25.56,62.39,17.05,17.72,40.04,59.87,36.95,50.00,47.43,35.81,884.00,7.00,32.73,27.22,581.00,8.00,25.91,21.23,433.00,7.00,52.45,43.08,1025.00,8.00,10.06,8.28,218.00,10.00,1,주먹 쥐기 (Fist)
-16.00,-48.06,23.31,-35.88,-18.69,174.86,198.32,274.92,22.36,156.32,212.68,269.41,56.00,89.63,138.44,193.76,177.71,211.84,69.22,82.21,73.00,91.20,138.67,68.77,125.24,134.44,150.09,39.84,25.00,172.03,63.12,271.65,154.05,158.75,305.06,336.90,10.00,17.04,71.59,19.79,42.30,36.87,79.38,13.07,25.00,47.58,36.12,884.00,6.00,34.85,30.18,613.00,8.00,26.58,22.56,446.00,7.00,53.25,44.47,1059.00,8.00,11.09,8.98,228.00,9.00,1,주먹 쥐기 (Fist)
62.75,-27.06,21.19,-26.25,-4.94,138.43,256.08,191.34,106.08,230.47,289.54,204.62,140.00,89.63,138.44,193.76,177.71,211.84,69.22,82.21,73.00,83.30,169.56,34.79,156.17,108.55,123.76,69.92,9.00,150.96,84.95,250.93,173.53,141.26,285.89,353.23,32.00,17.81,67.71,16.24,42.01,33.65,83.29,9.11,21.00,50.10,40.03,968.00,7.00,34.85,30.18,602.00,8.00,27.00,23.09,424.00,6.00,52.30,43.44,1037.00,8.00,10.93,8.70,233.00,8.00,1,주먹 쥐기 (Fist)
-13.75,-39.38,73.88,125.38,-22.44,134.20,264.04,187.55,106.68,230.63,282.30,207.62,132.00,69.87,117.54,184.63,186.53,208.52,52.04,61.27,52.00,82.98,234.68,62.77,145.42,102.91,192.75,50.76,60.00,12.24,213.78,287.75,172.66,172.43,432.73,315.91,118.00,18.53,89.23,27.02,18.03,17.27,98.51,15.24,3.00,49.92,39.59,1020.00,7.00,32.94,28.70,537.00,7.00,32.97,27.00,464.00,5.00,61.38,52.41,1187.00,7.00,12.37,10.19,250.00,8.00,1,주먹 쥐기 (Fist)
137.25,15.62,3.81,-34.25,-12.62,88.88,372.52,301.39,39.85,108.00,357.17,251.55,276.00,69.87,117.54,184.63,186.53,208.52,52.04,61.27,52.00,85.21,243.31,76.98,128.47,116.92,181.27,41.10,43.00,21.14,204.74,265.92,192.77,162.94,445.84,324.45,140.00,26.04,94.94,27.00,21.63,11.24,99.37,4.31,10.00,61.22,50.56,1164.00,10.00,32.94,28.70,592.00,8.00,32.84,26.41,528.00,5.00,61.91,53.44,1337.00,8.00,12.80,11.00,248.00,7.00,1,주먹 쥐기 (Fist)
33.62,15.62,-13.50,19.38,43.25,93.48,378.70,321.97,40.50,132.79,359.54,230.21,250.00,69.87,117.54,184.63,186.53,208.52,52.04,61.27,52.00,84.56,242.25,76.52,128.14,112.89,180.95,44.93,48.00,20.06,196.99,272.47,185.44,140.94,443.61,340.90,162.00,32.71,108.99,58.00,20.00,23.94,128.04,34.20,44.00,61.78,52.59,1226.00,9.00,32.94,28.70,581.00,8.00,32.69,26.06,545.00,6.00,62.11,54.83,1370.00,9.00,16.73,13.12,297.00,8.00,1,주먹 쥐기 (Fist)
-101.75,-26.31,-59.75,-140.88,5.88,123.53,419.93,347.06,112.87,159.48,420.54,159.49,176.00,77.24,94.20,187.35,216.27,201.79,63.41,54.51,19.00,112.35,280.04,118.98,84.21,130.99,151.20,88.14,92.00,108.80,312.37,373.90,74.97,146.99,358.60,460.51,286.00,38.29,114.86,61.91,24.08,23.40,122.30,28.45,38.00,66.62,56.06,1292.00,10.00,33.61,30.19,603.00,8.00,35.83,29.19,569.00,6.00,71.70,61.61,1527.00,10.00,16.80,13.52,313.00,8.00,1,주먹 쥐기 (Fist)
-54.88,-15.31,3.31,23.69,9.62,81.88,370.34,297.15,117.64,138.51,469.31,109.53,126.00,77.24,94.20,187.35,216.27,201.79,63.41,54.51,19.00,69.60,235.38,100.05,99.32,177.36,104.92,134.12,139.00,66.27,265.15,332.48,119.85,201.81,304.32,514.85,341.00,26.31,105.06,67.80,33.29,34.90,117.28,20.92,26.00,62.83,53.72,1276.00,10.00,33.61,30.19,570.00,7.00,34.26,26.27,630.00,7.00,71.60,61.56,1673.00,11.00,16.10,12.75,295.00,8.00,1,주먹 쥐기 (Fist)
-23.88,28.69,-15.25,8.56,9.06,67.04,357.73,292.40,132.97,154.41,460.80,124.20,142.00,77.24,94.20,187.35,216.27,201.79,63.41,54.51,19.00,45.09,225.89,121.50,79.31,172.83,126.63,113.73,114.00,80.67,260.48,362.09,107.67,191.40,360.44,459.46,275.00,34.61,106.67,59.00,29.41,40.84,121.06,22.12,17.00,62.33,52.97,1300.00,10.00,33.61,30.19,614.00,8.00,33.01,24.31,605.00,7.00,70.30,58.51,1549.00,10.00,16.27,13.31,280.00,7.00,1,주먹 쥐기 (Fist)
-9.38,39.00,-3.88,12.88,-18.69,43.06,355.94,311.59,128.56,144.47,455.70,108.40,118.00,85.03,96.11,193.45,212.08,207.46,66.21,65.08,8.00,51.04,223.36,116.96,83.44,178.10,128.63,110.98,108.00,40.43,214.07,294.12,176.41,256.72,385.34,426.50,206.00,31.76,108.86,59.78,25.63,39.57,124.86,24.98,13.00,61.83,51.84,1196.00,9.00,34.30,30.88,570.00,7.00,33.02,24.52,592.00,7.00,67.47,54.73,1491.00,10.00,16.53,13.56,287.00,7.00,1,주먹 쥐기 (Fist)
61.31,45.19,-6.69,55.75,-4.00,69.10,338.23,289.02,155.46,165.33,433.64,105.15,91.00,159.64,85.87,269.13,142.89,132.26,121.31,15.33,85.00,83.24,191.04,132.64,63.69,152.74,146.52,118.36,143.00,62.40,247.69,302.73,177.37,279.21,375.67,426.66,172.00,29.77,119.68,51.25,24.08,50.51,115.20,14.98,24.00,59.78,49.73,1169.00,9.00,35.55,31.71,537.00,6.00,32.37,23.44,585.00,7.00,68.71,56.59,1490.00,10.00,16.48,13.38,282.00,6.00,1,주먹 쥐기 (Fist)
15.75,-29.06,-23.44,-47.56,17.06,50.53,363.12,284.76,159.35,187.17,408.95,117.15,66.00,116.99,112.92,262.35,125.16,134.26,164.13,59.05,129.00,142.10,129.55,199.79,25.63,137.97,79.80,138.42,75.00,64.21,166.82,404.44,57.38,256.55,277.46,491.51,49.00,33.84,95.98,80.47,7.28,70.50,111.22,16.44,55.00,59.89,50.53,1162.00,8.00,36.20,32.94,603.00,7.00,31.24,22.76,528.00,8.00,67.57,55.81,1457.00,10.00,16.77,13.81,301.00,7.00,1,주먹 쥐기 (Fist)
-65.12,5.31,-38.12,-68.56,31.31,137.34,284.82,395.92,55.23,211.03,354.77,221.47,48.00,100.90,134.91,282.19,104.04,112.70,153.06,38.96,107.00,145.70,128.43,201.16,30.36,142.57,84.17,134.42,80.00,64.21,166.82,404.44,57.38,256.55,277.46,491.51,49.00,61.27,106.13,96.36,46.53,93.30,85.59,31.18,11.00,61.26,50.66,1183.00,8.00,35.60,31.56,560.00,7.00,31.60,23.11,501.00,7.00,67.57,55.81,1435.00,10.00,18.44,14.98,300.00,6.00,1,주먹 쥐기 (Fist)
-101.56,-8.38,-11.75,-4.94,-9.69,211.25,312.07,451.01,132.50,276.42,328.08,133.18,41.00,122.70,110.16,252.37,99.61,94.85,171.48,36.38,64.00,155.99,141.69,184.59,31.78,127.90,80.60,155.78,58.00,55.96,147.48,411.06,38.01,273.22,293.20,469.68,71.00,53.72,91.23,106.03,51.43,108.37,70.85,47.11,5.00,66.47,55.26,1186.00,8.00,33.37,28.88,539.00,8.00,31.66,23.38,502.00,7.00,67.26,54.44,1375.00,9.00,18.56,15.31,326.00,6.00,1,주먹 쥐기 (Fist)
23.44,53.75,-13.56,42.75,-5.00,169.71,237.97,489.82,131.90,347.17,266.37,77.72,121.00,163.59,153.94,296.07,23.71,55.28,97.04,52.83,142.00,171.56,192.58,139.63,25.55,112.18,58.80,105.84,109.00,73.47,205.13,352.19,48.27,262.44,301.29,413.07,130.00,53.81,95.89,101.29,47.01,108.87,66.16,51.62,10.00,65.41,54.01,1183.00,8.00,35.80,31.00,517.00,6.00,30.60,22.19,426.00,6.00,63.28,50.75,1241.00,9.00,18.44,15.00,306.00,5.00,1,주먹 쥐기 (Fist)
3.31,-59.00,15.50,-5.94,-1.88,184.04,312.59,413.44,61.85,353.07,188.37,107.48,199.00,167.98,22.67,175.45,144.53,84.21,55.08,172.87,274.00,179.00,151.58,142.58,79.12,54.86,42.66,66.96,172.00,86.20,173.86,391.56,112.27,192.65,269.77,358.85,205.00,62.01,90.01,103.93,41.30,93.62,61.18,65.27,28.00,62.36,48.94,1082.00,7.00,35.13,30.88,593.00,9.00,28.74,20.38,408.00,6.00,60.16,46.06,1154.00,9.00,18.03,14.11,296.00,5.00,1,주먹 쥐기 (Fist)
-22.19,-2.94,-6.81,-33.38,-15.56,185.45,301.20,418.18,50.29,333.24,172.37,129.81,223.00,193.67,29.52,183.58,143.50,86.43,22.32,147.15,241.00,172.22,149.50,151.40,76.79,45.87,40.38,68.52,183.00,47.17,148.73,444.04,118.07,140.18,194.89,339.21,294.00,80.49,102.49,87.78,20.62,111.89,51.40,56.89,7.00,61.56,47.44,1082.00,8.00,34.38,29.18,571.00,8.00,28.78,20.54,413.00,7.00,59.38,44.67,1098.00,8.00,18.44,14.58,286.00,4.00,1,주먹 쥐기 (Fist)
31.25,25.31,0.62,7.88,-1.75,219.26,323.95,373.27,17.49,382.75,175.72,72.95,166.00,120.94,46.54,107.78,219.33,162.07,66.12,134.28,165.00,152.93,131.64,171.33,99.61,45.11,59.75,58.36,160.00,66.51,182.69,402.54,80.92,174.10,151.18,354.57,338.00,61.50,83.54,105.47,24.41,112.09,35.57,62.56,12.00,61.82,48.22,1055.00,8.00,32.93,28.19,583.00,9.00,28.20,19.00,419.00,8.00,58.79,43.25,1131.00,9.00,17.74,13.69,287.00,4.00,1,주먹 쥐기 (Fist)
-20.50,-49.38,29.25,-25.12,-18.00,147.34,244.72,449.80,69.58,384.61,148.90,39.31,82.00,141.93,34.36,119.07,219.18,172.48,85.13,145.49,144.00,158.79,137.64,172.00,99.13,40.37,65.45,54.79,154.00,66.51,182.69,402.54,80.92,174.10,151.18,354.57,338.00,72.91,92.99,105.51,34.93,101.64,23.61,71.97,24.00,60.19,45.75,1036.00,8.00,34.47,29.50,648.00,10.00,28.55,19.38,391.00,8.00,58.79,43.25,1003.00,9.00,18.26,14.25,285.00,4.00,1,주먹 쥐기 (Fist)
25.94,-59.06,49.31,26.19,-10.94,187.06,283.02,451.33,76.06,349.72,121.11,75.99,41.00,161.43,46.71,109.87,240.17,185.24,79.30,128.09,165.00,126.45,118.01,140.40,66.19,18.71,85.95,32.78,121.00,50.49,150.43,300.13,75.69,226.47,178.78,249.10,221.00,61.99,91.77,91.46,32.02,90.01,18.23,86.66,39.00,60.48,46.43,925.00,8.00,36.29,30.81,604.00,9.00,23.41,17.31,340.00,8.00,47.66,36.98,886.00,9.00,17.31,13.55,284.00,4.00,1,주먹 쥐기 (Fist)
40.88,37.56,3.00,2.81,-0.06,79.93,255.43,347.27,52.80,265.20,21.01,186.88,70.00,146.08,24.74,131.86,241.99,206.33,93.95,106.89,187.00,117.64,121.27,133.43,66.27,10.93,86.15,41.33,132.00,31.34,134.38,318.69,62.65,247.44,175.54,227.36,199.00,58.44,105.27,79.86,50.01,85.68,13.87,69.15,21.00,48.67,40.36,831.00,8.00,37.31,32.19,702.00,10.00,23.17,16.62,370.00,7.00,47.44,35.62,853.00,8.00,16.75,12.70,238.00,3.00,1,주먹 쥐기 (Fist)
10.50,5.25,-12.38,-56.06,-5.06,59.02,285.46,318.48,85.09,250.25,62.09,149.55,28.00,149.97,32.98,127.85,231.09,207.91,104.94,95.95,198.00,113.12,130.39,138.71,76.24,20.92,78.79,31.59,122.00,116.58,232.37,347.58,52.43,275.12,118.69,133.85,101.00,61.88,57.91,67.86,70.01,40.96,44.36,42.67,27.00,47.01,38.06,724.00,7.00,37.12,31.50,691.00,9.00,23.37,17.25,337.00,8.00,48.73,38.80,750.00,8.00,13.26,9.95,209.00,5.00,1,주먹 쥐기 (Fist)
-18.12,-27.75,-10.12,-20.12,17.19,86.97,211.67,292.51,137.59,176.84,128.70,120.81,46.00,149.97,32.98,127.85,231.09,207.91,104.94,95.95,198.00,122.90,90.94,95.91,90.97,54.84,34.79,13.34,78.00,71.14,170.75,234.75,149.33,218.34,54.69,97.11,12.00,62.05,65.12,78.73,62.01,32.07,51.16,46.89,39.00,41.49,32.86,698.00,8.00,37.12,31.50,713.00,10.00,19.42,14.50,276.00,7.00,36.63,29.97,625.00,7.00,13.90,10.89,229.00,6.00,1,주먹 쥐기 (Fist)
-27.12,-6.44,23.12,34.88,-2.12,94.95,201.75,276.70,146.82,185.61,122.09,117.65,30.00,154.49,40.27,118.06,220.19,217.00,105.85,103.20,187.00,123.61,88.99,95.34,101.21,55.82,44.10,1.66,90.00,71.14,170.75,234.75,149.33,218.34,54.69,97.11,12.00,57.55,66.75,71.27,53.74,38.26,51.43,55.79,50.00,40.65,31.73,674.00,8.00,36.91,30.81,691.00,9.00,20.09,15.25,293.00,7.00,36.63,29.97,669.00,8.00,13.75,10.30,249.00,7.00,1,주먹 쥐기 (Fist)
11.38,5.94,-5.88,-7.06,-8.00,102.54,206.64,264.91,128.70,199.42,114.46,131.34,54.00,138.75,18.32,117.91,218.19,213.88,124.07,113.00,165.00,123.61,88.99,95.34,101.21,55.82,44.10,1.66,90.00,45.51,139.79,211.05,181.18,235.17,87.50,72.04,21.00,47.50,82.59,81.29,42.94,22.01,63.99,38.20,32.00,40.65,31.47,698.00,8.00,36.29,29.44,691.00,10.00,20.09,15.25,311.00,7.00,36.16,29.30,713.00,9.00,13.72,10.00,228.00,9.00,1,주먹 쥐기 (Fist)
18.38,-52.94,50.12,15.62,-14.25,104.46,220.64,275.54,118.07,184.05,128.30,117.50,38.00,64.76,87.61,54.79,120.34,308.84,37.29,137.42,263.00,100.72,136.84,133.29,64.03,91.79,43.48,47.84,138.00,36.20,129.70,200.77,184.10,241.39,79.41,82.07,10.00,50.54,78.84,77.47,39.45,23.16,67.97,34.24,28.00,40.92,32.22,637.00,8.00,37.46,30.33,745.00,9.00,23.86,19.33,365.00,7.00,35.76,28.70,690.00,10.00,13.42,9.81,220.00,9.00,1,주먹 쥐기 (Fist)
37.62,14.81,7.44,29.44,-4.25,116.94,186.54,242.11,92.80,184.02,163.11,82.21,2.00,43.57,126.00,17.13,131.18,286.31,53.58,102.67,219.00,94.10,145.28,132.13,72.95,93.90,47.08,37.74,127.00,13.22,121.41,204.96,141.69,197.80,91.09,37.07,55.00,50.54,78.84,77.47,39.45,23.16,67.97,34.24,28.00,37.80,30.53,610.00,8.00,34.76,28.27,733.00,9.00,23.92,19.83,386.00,7.00,31.54,26.24,590.00,9.00,13.42,9.81,207.00,8.00,1,주먹 쥐기 (Fist)
37.12,75.56,-51.75,-75.00,21.56,110.81,190.01,242.13,99.30,191.68,167.48,74.31,6.00,126.38,129.65,116.97,56.65,359.31,114.62,39.35,119.00,119.44,144.90,159.85,61.98,122.68,75.06,28.74,98.00,48.25,153.05,245.35,131.64,206.55,109.52,76.61,14.00,53.52,79.95,80.14,42.06,24.51,67.78,32.55,25.00,38.24,30.91,522.00,7.00,39.58,30.81,767.00,10.00,26.66,21.19,432.00,8.00,35.78,29.12,676.00,10.00,13.70,10.05,216.00,9.00,1,주먹 쥐기 (Fist)
-78.56,8.56,-28.38,5.94,22.44,130.87,197.57,261.51,112.49,205.48,164.85,57.66,27.00,126.38,129.65,116.97,56.65,359.31,114.62,39.35,119.00,109.45,137.39,153.90,52.17,127.78,83.62,34.94,88.00,39.10,89.99,218.48,67.27,162.64,174.10,135.80,51.00,41.69,67.20,70.20,37.48,19.46,58.22,33.21,11.00,40.53,32.55,597.00,8.00,39.58,30.81,823.00,9.00,25.87,20.72,431.00,8.00,32.88,25.30,696.00,10.00,11.70,8.95,174.00,8.00,1,주먹 쥐기 (Fist)
-73.31,-33.38,-3.06,68.75,12.25,103.11,171.73,242.81,94.05,195.69,145.05,52.87,55.00,98.22,100.69,142.64,54.57,365.17,133.27,64.99,152.00,99.13,126.40,160.08,51.00,134.38,81.33,25.12,99.00,103.74,84.75,273.61,85.28,228.59,129.96,95.27,16.00,53.85,85.45,64.14,18.97,6.62,39.42,47.23,8.00,36.61,30.36,474.00,7.00,40.50,32.88,800.00,9.00,25.65,20.20,452.00,8.00,37.34,28.44,719.00,10.00,12.03,9.59,178.00,8.00,1,주먹 쥐기 (Fist)
44.62,55.38,-19.06,-16.12,2.94,88.97,155.93,251.24,108.41,212.60,162.02,47.50,38.00,92.54,98.87,152.85,66.29,353.35,121.31,53.08,140.00,99.13,126.40,160.08,51.00,134.38,81.33,25.12,99.00,42.32,39.25,224.50,54.00,252.77,159.48,115.94,82.00,56.19,88.11,59.25,18.03,11.27,43.62,42.34,3.00,37.66,31.16,568.00,8.00,39.36,32.22,767.00,9.00,25.65,20.20,435.00,7.00,35.66,27.36,764.00,11.00,12.05,9.70,185.00,5.00,1,주먹 쥐기 (Fist)
-4.88,17.62,-26.38,-83.19,2.75,93.33,159.13,243.34,104.65,216.46,168.08,43.86,30.00,122.31,77.15,179.90,110.21,318.98,79.87,28.27,64.00,122.89,131.72,158.96,66.71,136.54,39.27,67.72,56.00,80.08,64.41,278.04,149.00,321.01,66.31,62.78,13.00,56.67,87.56,57.57,21.02,9.68,43.00,45.30,6.00,37.67,31.39,594.00,8.00,37.12,29.58,746.00,9.00,26.30,20.14,422.00,6.00,41.60,32.66,804.00,8.00,12.07,9.91,170.00,5.00,1,주먹 쥐기 (Fist)
-49.94,-35.31,26.44,51.00,-1.19,104.54,151.28,238.15,133.20,236.72,168.14,69.33,61.00,116.19,99.96,147.54,94.58,343.69,101.62,61.17,31.00,115.77,151.56,125.74,45.88,171.07,18.21,100.12,21.00,5.98,74.76,207.58,167.72,389.78,35.55,76.27,90.00,55.58,75.84,67.25,26.40,11.02,36.52,33.45,9.00,39.45,33.57,584.00,7.00,38.21,31.90,768.00,9.00,27.12,22.08,471.00,7.00,43.29,34.12,899.00,10.00,11.41,9.09,158.00,6.00,1,주먹 쥐기 (Fist)
30.56,72.88,-45.69,-23.25,7.25,105.80,144.88,245.21,136.17,229.28,162.05,61.35,53.00,109.52,55.41,161.56,54.41,384.05,146.55,104.67,14.00,109.67,105.79,160.76,16.28,198.65,60.38,138.34,25.00,48.83,31.19,208.21,130.21,391.06,78.94,99.77,134.00,53.33,66.86,75.63,20.00,16.20,44.57,37.80,0.00,39.02,33.13,607.00,7.00,41.85,34.36,803.00,9.00,29.57,24.31,517.00,9.00,43.46,34.62,943.00,10.00,11.56,9.50,150.00,7.00,1,주먹 쥐기 (Fist)
-33.44,2.50,-8.19,29.00,2.81,103.85,129.02,257.69,121.64,229.99,178.02,76.73,69.00,104.72,51.30,132.06,49.19,389.88,117.08,66.88,40.00,104.28,78.30,157.20,24.19,218.66,34.45,117.08,15.00,15.39,72.29,247.49,110.06,352.58,116.60,122.78,178.00,45.42,54.37,79.96,13.89,11.31,24.54,39.75,23.00,39.68,34.26,623.00,7.00,39.97,30.88,859.00,9.00,28.66,22.84,534.00,9.00,43.99,35.50,954.00,10.00,10.53,8.48,145.00,5.00,1,주먹 쥐기 (Fist)
-21.88,-52.19,38.56,49.62,-15.94,94.90,105.17,248.98,109.04,281.95,146.40,46.08,12.00,102.83,61.84,121.07,59.24,379.14,113.34,69.11,29.00,100.92,81.54,146.37,25.63,206.95,30.95,118.04,3.00,29.65,85.89,263.98,89.32,370.42,111.01,117.75,156.00,47.51,53.01,82.99,10.63,14.99,24.57,42.64,27.00,39.24,34.14,623.00,7.00,38.97,30.02,815.00,9.00,27.48,21.99,533.00,10.00,45.20,36.70,954.00,10.00,10.85,8.70,152.00,7.00,1,주먹 쥐기 (Fist)
60.00,14.19,78.56,230.62,-16.81,100.98,96.33,265.95,91.05,294.80,153.53,54.11,6.00,115.24,44.12,130.62,70.43,366.90,94.42,70.18,7.00,161.12,35.34,213.36,104.39,209.04,58.97,124.22,77.00,269.40,253.79,299.13,285.34,482.30,197.00,239.51,396.00,63.26,37.91,99.28,26.25,22.89,15.78,26.33,9.00,40.69,35.12,673.00,8.00,38.09,28.98,847.00,10.00,34.14,27.80,562.00,7.00,74.74,51.00,1085.00,9.00,11.69,9.81,146.00,6.00,1,주먹 쥐기 (Fist)
181.50,122.25,-31.50,-74.38,-6.81,266.98,99.30,411.34,207.97,398.92,62.09,141.10,178.00,60.75,135.08,230.89,84.38,452.05,38.82,133.26,120.00,146.29,45.59,214.98,104.17,223.82,66.91,125.36,92.00,269.40,253.79,299.13,285.34,482.30,197.00,239.51,396.00,63.26,37.91,99.28,26.25,22.89,15.78,26.33,9.00,62.02,46.50,782.00,7.00,49.46,37.31,930.00,7.00,34.81,28.50,668.00,8.00,74.74,51.00,1347.00,10.00,11.69,9.81,133.00,5.00,1,주먹 쥐기 (Fist)
3.50,3.50,-6.81,-31.38,13.38,298.73,116.69,408.92,223.83,369.87,73.13,116.06,146.00,76.59,159.31,265.77,113.70,412.91,13.39,112.90,76.00,151.16,40.62,210.14,99.18,226.50,66.45,124.19,97.00,269.40,253.79,299.13,285.34,482.30,197.00,239.51,396.00,66.08,36.06,96.51,23.41,22.87,12.79,23.42,6.00,61.65,44.94,950.00,7.00,48.50,35.69,1024.00,7.00,34.72,28.27,659.00,7.00,74.74,51.00,1335.00,9.00,11.45,9.62,133.00,5.00,1,주먹 쥐기 (Fist)
-85.25,-49.44,0.62,13.31,-1.75,254.65,131.99,458.02,268.79,376.43,124.41,105.84,94.00,75.09,165.31,274.57,137.00,417.69,46.11,120.07,43.00,133.12,57.89,224.78,100.45,214.26,51.66,112.59,120.00,265.24,263.78,301.26,288.73,472.45,186.56,238.63,407.00,64.61,35.81,97.94,24.17,21.09,11.57,21.84,4.00,64.78,48.59,1002.00,7.00,49.93,37.49,1068.00,8.00,34.25,26.55,636.00,9.00,74.57,50.31,1335.00,9.00,11.42,9.50,141.00,6.00,1,주먹 쥐기 (Fist)
-8.25,-36.38,-10.06,-30.00,11.75,246.42,147.39,468.59,276.48,360.76,112.18,100.20,110.00,96.91,194.87,307.51,160.21,385.46,30.30,100.57,76.00,130.99,59.12,222.66,95.52,219.23,56.53,116.34,115.00,265.72,274.10,292.28,278.35,480.83,196.49,243.61,396.00,58.88,22.96,91.94,10.20,42.48,24.51,39.25,28.00,64.79,48.75,1070.00,7.00,50.78,39.30,1014.00,8.00,34.32,26.82,588.00,9.00,74.80,51.00,1357.00,9.00,11.49,9.53,150.00,7.00,1,주먹 쥐기 (Fist)
-29.25,-7.44,-10.75,-68.25,-10.75,245.36,190.44,450.12,236.22,389.82,123.77,135.60,62.00,40.69,136.10,285.29,208.66,351.78,88.08,64.14,141.00,146.22,66.17,153.72,107.42,211.40,36.69,55.02,184.00,306.94,313.89,231.00,262.62,508.79,184.55,191.04,472.00,62.05,17.11,84.24,2.83,42.65,23.39,34.90,20.00,65.10,49.41,1077.00,7.00,47.65,35.74,982.00,8.00,31.49,23.31,551.00,9.00,76.85,54.78,1389.00,9.00,10.84,9.09,162.00,8.00,1,주먹 쥐기 (Fist)
-25.19,-17.75,-4.38,-12.19,-5.94,280.77,223.24,385.20,204.83,423.65,158.19,73.54,127.00,50.81,139.24,276.52,202.48,359.05,97.76,58.56,152.00,163.44,67.20,147.81,127.12,190.84,15.48,76.22,162.00,336.32,311.41,243.76,295.55,475.84,161.76,219.86,439.00,64.36,14.13,82.38,2.24,39.77,21.31,35.29,23.00,64.77,47.98,1077.00,7.00,47.84,36.34,926.00,7.00,31.23,22.22,495.00,8.00,76.76,53.98,1336.00,8.00,10.71,8.93,141.00,7.00,1,주먹 쥐기 (Fist)
-6.12,-12.88,53.19,158.50,-9.19,324.59,222.48,366.70,251.15,376.01,109.25,122.53,78.00,128.79,125.97,212.30,271.30,286.73,104.36,127.85,74.00,67.70,150.45,84.97,193.60,139.55,88.72,178.63,59.00,77.21,531.57,24.24,382.20,461.52,101.12,480.49,178.00,38.33,40.18,72.54,26.02,30.76,6.89,39.98,51.00,63.97,45.39,976.00,8.00,45.36,32.47,859.00,6.00,32.22,24.77,535.00,9.00,84.09,61.56,1438.00,9.00,10.05,8.31,146.00,7.00,1,주먹 쥐기 (Fist)
77.75,39.38,-25.81,-48.44,-2.75,162.81,348.80,266.99,255.62,387.72,108.17,279.50,84.00,90.07,156.70,203.32,256.63,291.81,146.86,171.74,30.00,67.70,150.45,84.97,193.60,139.55,88.72,178.63,59.00,109.98,500.93,14.94,357.34,494.11,123.56,511.55,145.00,15.64,56.06,50.26,35.38,11.23,20.13,43.25,28.00,64.25,48.31,1063.00,7.00,46.48,35.33,870.00,7.00,32.22,24.77,588.00,9.00,84.90,63.37,1580.00,9.00,8.82,7.22,142.00,7.00,1,주먹 쥐기 (Fist)
-5.06,2.94,-19.50,-21.56,14.06,92.95,423.48,190.12,328.99,311.29,31.51,217.93,7.00,75.71,211.52,151.47,310.10,238.18,104.65,124.70,85.00,88.42,143.89,97.66,210.79,122.31,89.88,165.61,80.00,182.51,476.52,91.78,414.35,458.51,141.74,456.22,223.00,18.61,55.73,52.24,37.64,8.32,22.81,45.47,25.00,61.09,44.70,1022.00,7.00,44.76,32.69,815.00,6.00,32.62,25.56,577.00,8.00,84.03,60.58,1513.00,8.00,9.09,7.43,150.00,8.00,1,주먹 쥐기 (Fist)
-47.44,5.00,-42.62,-62.56,10.50,161.54,383.10,234.86,363.56,277.05,76.44,197.71,83.00,67.51,191.48,176.44,304.79,220.04,111.76,111.78,118.00,115.24,161.30,89.11,228.67,118.14,67.58,174.83,50.00,208.35,493.85,106.40,435.29,436.64,111.22,467.79,191.00,26.83,61.91,49.11,43.93,12.93,21.42,37.05,34.00,61.58,43.67,1020.00,6.00,43.80,30.62,782.00,6.00,34.22,26.73,592.00,8.00,85.15,62.08,1483.00,8.00,9.47,8.06,153.00,8.00,1,주먹 쥐기 (Fist)
-37.44,-36.25,40.19,70.81,-6.00,183.38,397.30,221.85,391.77,252.03,49.42,188.07,51.00,64.15,204.81,170.66,348.57,196.26,73.83,115.01,74.00,83.40,94.75,154.80,283.49,61.11,5.77,187.38,17.00,186.07,312.95,259.03,586.08,267.91,97.56,504.97,5.00,21.59,53.92,57.06,49.58,13.03,27.88,29.05,42.00,62.30,45.17,981.00,6.00,44.78,32.41,771.00,6.00,35.28,29.24,624.00,6.00,82.89,62.21,1489.00,8.00,9.59,8.25,167.00,8.00,1,주먹 쥐기 (Fist)
46.94,14.62,-9.31,-48.38,-2.88,169.89,297.24,327.80,449.95,164.38,114.02,153.28,55.00,97.60,145.36,233.09,348.57,130.63,11.38,125.21,8.00,83.96,129.16,138.46,265.11,28.28,35.90,190.64,57.00,143.20,382.62,214.29,551.49,291.03,172.89,510.32,72.00,21.31,52.57,58.04,50.93,14.59,25.94,30.92,40.00,62.01,46.58,992.00,6.00,43.25,30.62,715.00,6.00,34.60,27.18,601.00,8.00,83.60,62.84,1536.00,8.00,9.61,8.34,161.00,7.00,1,주먹 쥐기 (Fist)
-10.00,-13.50,3.50,3.19,5.31,154.50,327.96,315.81,424.87,178.90,145.56,143.27,88.00,33.86,221.84,194.26,271.02,133.65,79.81,149.60,70.00,104.05,122.25,104.09,219.32,70.01,78.66,186.99,108.00,185.83,365.23,183.84,501.39,345.99,210.02,499.69,127.00,22.37,52.82,56.28,48.80,12.14,27.56,28.79,43.00,61.83,45.25,986.00,6.00,40.56,27.44,681.00,6.00,32.67,25.81,582.00,7.00,82.67,60.66,1536.00,8.00,9.48,8.11,166.00,8.00,1,주먹 쥐기 (Fist)
-42.00,-12.81,-45.31,-97.12,10.94,154.50,327.96,315.81,424.87,178.90,145.56,143.27,88.00,26.67,228.45,202.47,272.57,122.67,71.31,147.95,59.00,76.02,98.56,138.68,238.21,97.20,98.33,178.80,143.00,83.31,324.10,290.66,556.13,396.35,241.09,454.71,234.00,18.45,48.27,62.16,53.26,14.99,27.21,27.27,49.00,61.83,45.25,1010.00,6.00,40.69,28.04,627.00,6.00,34.55,27.27,587.00,9.00,86.38,65.28,1621.00,9.00,9.79,8.58,153.00,7.00,1,주먹 쥐기 (Fist)
-63.06,-46.44,13.19,-9.38,-12.19,126.41,318.49,343.84,448.40,188.83,140.73,118.68,119.00,35.32,229.87,193.60,262.71,118.63,71.51,151.01,49.00,54.43,74.99,146.68,219.33,103.89,101.97,192.14,119.00,39.41,287.23,308.37,521.00,421.54,256.32,484.92,190.00,16.82,46.27,62.58,52.01,13.08,28.59,26.86,47.00,63.33,46.46,950.00,5.00,39.90,27.49,595.00,5.00,33.47,25.39,599.00,10.00,86.02,63.02,1510.00,9.00,9.63,8.48,174.00,8.00,1,주먹 쥐기 (Fist)
18.12,18.88,17.50,102.19,0.69,91.63,288.67,344.60,427.09,214.74,168.30,152.15,84.00,46.31,238.90,194.99,264.78,111.00,63.45,143.86,60.00,17.14,40.66,111.05,182.78,34.89,53.99,137.40,188.00,99.96,153.85,244.12,448.81,291.29,136.00,361.83,327.00,4.63,36.52,49.09,39.41,22.88,10.59,39.50,65.00,62.12,43.72,896.00,6.00,40.14,28.27,545.00,6.00,26.27,20.06,488.00,9.00,67.45,51.24,1308.00,9.00,8.67,7.73,178.00,9.00,1,주먹 쥐기 (Fist)
78.31,57.31,26.12,102.94,5.81,35.67,177.58,247.28,340.33,126.20,59.39,41.00,199.00,31.72,169.73,127.10,195.88,49.92,7.68,88.36,131.00,45.03,32.52,164.87,134.83,52.12,22.05,90.21,242.00,88.22,284.78,423.11,294.88,340.70,45.87,185.24,507.00,14.71,44.01,36.20,51.43,29.26,22.74,26.02,51.00,44.26,35.06,773.00,8.00,28.40,23.44,463.00,8.00,26.38,20.73,475.00,9.00,70.48,57.08,1277.00,9.00,8.60,7.71,164.00,8.00,1,주먹 쥐기 (Fist)
49.19,132.31,-2.88,128.12,-10.69,11.88,194.79,277.56,316.31,146.96,61.50,33.22,233.00,96.63,258.05,234.54,201.68,155.82,132.55,66.09,259.00,45.03,32.52,164.87,134.83,52.12,22.05,90.21,242.00,261.05,372.16,525.05,228.43,171.74,135.65,357.61,334.00,16.07,20.18,41.87,46.01,52.63,39.58,2.44,27.00,45.83,37.39,708.00,5.00,44.32,32.27,491.00,5.00,26.38,20.73,498.00,9.00,77.36,65.20,1269.00,5.00,8.50,7.52,167.00,8.00,1,주먹 쥐기 (Fist)
83.50,-9.44,-11.88,-52.44,1.12,167.16,235.42,318.55,223.49,61.55,118.35,153.14,62.00,137.79,269.26,238.20,161.45,132.35,107.97,60.21,215.00,31.80,45.77,175.81,121.61,56.27,37.86,106.07,226.00,211.98,378.38,549.16,173.57,175.77,183.43,407.74,279.00,13.18,22.70,43.75,43.01,53.38,40.41,2.68,24.00,46.60,40.25,677.00,5.00,42.41,29.87,619.00,6.00,26.54,21.09,497.00,8.00,78.54,67.67,1409.00,8.00,8.49,7.50,164.00,8.00,1,주먹 쥐기 (Fist)
-34.00,-52.75,13.75,-0.19,-0.94,146.04,240.56,333.85,200.50,85.27,132.69,173.87,38.00,129.51,274.21,247.54,166.71,140.09,112.26,67.20,204.00,45.89,25.56,155.72,135.79,78.27,56.81,125.66,204.00,241.28,342.95,505.43,182.46,219.31,202.66,439.89,235.00,28.16,23.90,29.80,45.22,42.66,36.15,17.41,9.00,47.33,41.38,772.00,6.00,43.17,30.47,630.00,6.00,26.72,21.78,519.00,9.00,77.81,65.63,1421.00,6.00,7.79,6.68,145.00,8.00,1,주먹 쥐기 (Fist)
-4.00,-19.06,1.75,-46.88,-7.94,167.27,213.39,303.72,212.44,98.53,134.30,195.72,6.00,125.32,284.73,256.49,157.31,130.10,101.95,57.36,215.00,55.43,26.82,157.42,124.74,73.76,53.30,115.38,220.00,261.28,300.27,495.40,142.35,201.34,216.66,422.51,278.00,28.16,23.90,29.80,45.22,42.66,36.15,17.41,9.00,46.52,39.88,804.00,6.00,43.39,31.07,652.00,6.00,26.51,21.12,525.00,9.00,75.45,63.95,1411.00,6.00,7.79,6.68,147.00,8.00,1,주먹 쥐기 (Fist)
17.44,-29.38,-9.25,-76.19,25.19,196.90,157.79,307.23,163.11,138.82,173.56,180.14,63.00,126.25,294.45,254.37,151.72,129.94,112.13,68.30,204.00,55.43,26.82,157.42,124.74,73.76,53.30,115.38,220.00,257.71,328.26,460.19,164.62,235.17,257.37,425.66,321.00,23.41,12.32,9.64,61.52,54.68,66.08,20.33,39.00,45.80,39.38,813.00,7.00,43.78,31.67,663.00,6.00,26.51,21.12,472.00,9.00,77.42,65.63,1256.00,5.00,10.12,8.19,177.00,9.00,1,주먹 쥐기 (Fist)
-100.44,-8.06,-33.38,-81.50,8.00,190.98,211.26,228.37,220.41,213.07,255.28,216.62,145.00,121.15,291.31,265.11,142.17,119.98,116.99,78.88,193.00,110.31,69.87,127.38,94.76,53.38,41.06,138.29,126.00,422.99,408.09,276.92,157.61,137.87,122.41,372.38,70.00,39.92,31.30,12.10,50.12,65.87,55.18,4.18,20.00,52.28,43.87,842.00,7.00,43.57,31.07,630.00,5.00,24.02,19.62,423.00,8.00,69.71,58.12,1068.00,8.00,10.01,8.25,188.00,7.00,1,주먹 쥐기 (Fist)
-69.75,-15.62,0.38,32.69,-10.69,301.10,272.25,172.43,176.26,257.81,192.94,115.36,10.00,166.09,268.59,238.26,176.83,86.60,114.45,127.07,138.00,90.53,55.15,109.07,114.63,72.81,55.91,143.72,106.00,347.96,426.36,239.56,215.23,214.87,191.17,358.59,7.00,34.92,27.87,13.35,54.56,70.57,56.90,4.29,15.00,51.74,43.50,785.00,7.00,42.76,29.16,608.00,5.00,23.55,18.42,453.00,9.00,69.48,58.60,1165.00,9.00,10.27,8.52,190.00,7.00,1,주먹 쥐기 (Fist)
38.19,-34.88,9.75,-62.62,-11.19,268.73,277.45,142.06,209.06,290.19,216.13,98.51,43.00,209.84,229.79,270.63,149.89,64.71,143.68,100.61,182.00,65.48,62.68,91.33,120.17,72.56,57.26,147.33,132.00,390.58,388.24,282.55,194.34,234.63,231.11,341.36,50.00,15.92,38.42,37.34,49.00,73.20,35.91,23.29,39.00,52.64,45.56,847.00,7.00,43.67,30.08,630.00,5.00,23.38,18.12,439.00,9.00,71.10,60.95,1220.00,10.00,10.26,8.44,189.00,9.00,1,주먹 쥐기 (Fist)
-5.31,-1.19,-8.44,-1.69,7.00,229.54,311.91,115.47,216.76,284.58,176.19,130.01,3.00,220.38,219.15,280.38,140.62,75.60,132.70,102.16,171.00,45.23,96.77,113.05,87.66,39.19,31.51,130.15,97.00,335.71,451.07,263.39,137.31,204.01,265.48,300.94,115.00,15.77,41.42,38.54,46.00,70.22,38.89,20.37,36.00,51.48,43.06,880.00,8.00,43.60,29.28,619.00,4.00,20.93,15.94,368.00,9.00,69.24,57.40,1140.00,9.00,10.11,8.25,190.00,9.00,1,주먹 쥐기 (Fist)
0.19,17.38,15.44,23.94,-10.75,198.09,350.47,141.25,178.73,249.45,204.90,90.83,43.00,180.82,251.15,289.99,119.24,113.45,105.04,106.08,116.00,52.61,74.03,86.29,104.24,26.96,8.82,110.81,67.00,369.90,423.88,217.05,176.82,146.07,264.85,254.77,173.00,17.84,44.39,36.00,46.17,72.28,36.57,23.70,40.00,50.57,40.59,797.00,8.00,42.94,29.73,586.00,4.00,18.09,14.06,338.00,9.00,66.51,53.56,1038.00,9.00,10.32,8.50,205.00,10.00,1,주먹 쥐기 (Fist)
42.75,-3.25,14.06,-11.12,-12.19,202.18,345.99,133.09,182.00,242.31,205.87,81.94,52.00,188.68,253.69,268.17,140.89,110.66,116.72,107.10,94.00,53.97,76.20,85.81,121.76,48.28,16.72,93.15,45.00,361.44,413.51,247.11,199.53,135.15,245.26,223.72,206.00,25.99,46.02,27.38,55.15,77.82,35.78,19.68,31.00,50.05,40.09,780.00,7.00,42.71,28.25,575.00,4.00,18.37,14.45,322.00,8.00,65.68,51.52,1016.00,9.00,10.75,9.06,199.00,9.00,1,주먹 쥐기 (Fist)
0.25,-64.88,-6.94,-80.06,10.44,201.55,343.89,132.88,189.41,244.57,201.09,75.27,60.00,197.71,299.11,245.56,142.41,162.27,63.75,131.05,148.00,45.92,85.55,100.15,113.60,58.57,27.41,78.09,29.00,357.32,500.67,265.88,151.12,221.50,151.52,126.77,303.00,20.00,49.21,28.36,55.90,83.54,32.01,21.29,25.00,50.01,39.56,790.00,7.00,45.73,30.00,640.00,6.00,18.34,14.44,293.00,8.00,68.80,55.45,984.00,8.00,11.01,9.44,216.00,10.00,1,주먹 쥐기 (Fist)
-67.88,-51.19,39.62,42.12,-16.75,193.82,370.07,160.97,180.49,274.47,171.54,64.42,90.00,198.61,340.80,279.16,100.88,140.97,103.30,96.24,105.00,123.56,7.31,70.10,53.85,85.57,96.10,9.00,58.00,421.06,373.11,124.92,39.32,334.18,66.48,59.11,444.00,47.87,21.22,54.24,27.86,91.08,6.13,46.71,4.00,51.99,41.91,837.00,8.00,47.52,32.69,618.00,6.00,18.00,14.12,288.00,8.00,65.66,53.36,1030.00,9.00,11.52,9.75,222.00,10.00,1,주먹 쥐기 (Fist)
54.44,-20.56,4.00,-34.50,-7.00,280.69,254.91,122.55,66.40,348.11,98.19,151.43,213.00,205.44,329.77,260.70,109.66,157.33,115.02,76.00,83.00,117.61,11.61,64.22,59.67,83.99,99.12,14.89,64.00,402.50,379.58,135.46,61.20,332.44,84.35,76.98,466.00,44.55,24.99,51.70,26.68,88.38,2.78,50.70,8.00,51.51,41.19,888.00,8.00,46.62,31.31,584.00,5.00,17.85,13.75,324.00,8.00,66.16,54.56,1005.00,9.00,11.32,9.50,218.00,8.00,1,주먹 쥐기 (Fist)
26.38,44.06,-10.62,14.56,11.44,297.29,249.61,139.07,57.78,354.85,89.82,134.44,196.00,221.16,336.69,266.07,91.02,138.36,120.09,97.97,105.00,99.16,33.44,54.87,58.55,105.77,106.33,12.08,42.00,323.30,351.29,111.43,97.45,409.55,20.33,11.84,385.00,40.51,30.13,56.68,18.03,96.94,11.76,42.81,1.00,51.89,42.25,862.00,8.00,47.60,32.69,616.00,6.00,17.88,13.75,328.00,9.00,62.01,49.31,1037.00,10.00,11.68,10.13,231.00,10.00,1,주먹 쥐기 (Fist)
-9.81,34.50,-13.19,-0.25,8.44,222.00,223.16,113.72,33.24,431.81,31.81,67.72,119.00,199.68,315.97,243.21,106.08,144.19,141.05,119.88,128.00,85.73,65.88,89.01,20.62,92.76,71.01,27.70,81.00,210.48,259.06,48.16,93.23,349.73,102.35,115.33,500.00,40.51,30.13,56.68,18.03,96.94,11.76,42.81,1.00,49.39,38.66,876.00,9.00,46.21,31.25,544.00,6.00,17.17,12.96,304.00,8.00,55.45,42.16,1023.00,11.00,11.68,10.13,216.00,9.00,1,주먹 쥐기 (Fist)
-29.19,20.50,-17.25,61.69,25.12,168.38,167.00,183.78,56.36,411.47,102.44,118.88,193.00,71.69,198.64,212.60,93.23,18.02,54.41,81.98,0.00,90.59,72.92,100.12,20.25,80.27,85.64,16.50,66.00,145.34,164.10,64.99,57.25,291.99,88.94,36.44,405.00,64.98,25.01,71.61,54.33,66.46,39.12,49.65,38.00,48.87,38.16,855.00,9.00,29.11,23.25,427.00,6.00,17.72,13.78,299.00,8.00,42.58,36.90,895.00,9.00,13.13,11.25,223.00,8.00,1,주먹 쥐기 (Fist)
0.75,72.31,-44.12,-47.00,11.38,169.27,72.37,252.73,87.42,336.42,60.79,99.19,98.00,135.74,225.37,151.35,152.86,54.39,111.35,138.77,67.00,117.43,73.97,95.99,53.46,110.79,72.64,40.42,100.00,143.81,150.57,66.45,38.08,312.80,70.00,42.91,426.00,76.75,25.98,66.58,54.33,77.52,35.23,40.34,26.00,43.02,33.16,760.00,7.00,34.50,27.44,439.00,5.00,20.83,15.64,301.00,7.00,43.71,38.38,950.00,9.00,13.45,12.00,233.00,7.00,1,주먹 쥐기 (Fist)
-52.31,-18.06,-27.19,-80.69,4.81,190.45,51.29,247.64,73.76,364.76,39.08,84.24,129.00,154.33,221.31,134.93,161.94,45.59,91.68,116.77,45.00,163.93,64.92,57.29,66.40,119.93,60.17,34.80,53.00,217.34,202.97,73.91,103.41,303.93,185.33,117.80,309.00,85.57,23.34,57.59,45.40,77.81,30.94,48.81,35.00,44.69,35.82,783.00,7.00,33.35,26.06,495.00,6.00,21.54,16.09,304.00,7.00,47.84,42.06,947.00,8.00,13.48,12.04,232.00,7.00,1,주먹 쥐기 (Fist)
-68.06,-38.00,3.19,54.19,6.62,270.58,108.39,168.83,23.85,374.89,122.15,153.96,45.00,136.82,248.41,126.19,191.71,75.27,88.79,86.79,12.00,169.72,61.58,51.74,61.72,113.93,64.14,30.04,59.00,154.62,137.05,106.56,103.41,367.85,232.64,183.78,243.00,101.97,14.45,52.40,46.84,59.94,48.94,29.92,16.00,47.94,41.05,779.00,7.00,34.71,28.12,506.00,6.00,21.44,15.66,323.00,7.00,49.80,44.71,1054.00,9.00,13.28,11.53,200.00,6.00,1,주먹 쥐기 (Fist)
10.00,14.94,2.88,-24.12,-8.31,303.30,140.19,146.33,54.57,342.35,99.27,120.97,78.00,142.89,216.31,158.38,181.18,100.47,116.18,71.05,21.00,165.77,66.45,51.88,65.07,112.11,69.14,25.35,64.00,133.62,122.14,126.00,123.49,356.05,231.10,164.73,264.00,84.62,44.05,28.23,17.69,43.27,79.21,16.65,17.00,46.83,39.50,732.00,7.00,34.68,27.93,539.00,6.00,21.44,15.75,293.00,7.00,48.90,43.23,1110.00,10.00,12.11,11.02,201.00,7.00,1,주먹 쥐기 (Fist)
4.38,24.56,-45.25,-94.25,5.88,229.38,120.79,129.27,115.84,303.60,142.54,48.82,168.00,142.55,205.96,171.60,202.62,106.94,95.22,72.45,1.00,173.01,55.16,64.68,75.80,122.78,79.86,11.35,78.00,161.57,124.16,128.42,134.65,373.94,252.64,146.73,294.00,84.67,46.65,25.24,20.00,40.86,77.90,14.57,14.00,42.05,33.02,711.00,7.00,35.24,29.13,539.00,5.00,22.97,16.62,307.00,7.00,51.88,45.34,1063.00,9.00,12.00,10.86,196.00,7.00,1,주먹 쥐기 (Fist)
-71.19,-77.81,25.31,-7.12,-5.44,232.61,115.27,135.32,112.81,308.95,149.54,48.63,175.00,180.70,194.07,216.05,200.41,180.94,92.17,94.06,75.00,170.27,61.46,51.52,64.85,143.28,86.24,13.41,101.00,215.33,102.76,193.60,195.43,311.02,186.80,170.84,228.00,82.73,45.53,27.13,17.46,36.61,79.76,10.40,9.00,42.75,33.62,677.00,7.00,40.51,34.34,624.00,6.00,23.86,18.06,368.00,8.00,49.95,42.62,1048.00,8.00,11.79,10.51,205.00,8.00,1,주먹 쥐기 (Fist)
-0.12,-5.19,41.44,96.81,-18.06,242.50,66.73,176.48,158.81,266.59,120.98,52.42,126.00,161.17,209.84,195.95,178.71,190.38,112.64,103.06,97.00,182.49,59.24,75.13,93.62,147.56,101.12,16.61,71.00,171.38,231.12,174.76,278.37,335.80,144.03,241.97,83.00,86.99,42.36,31.35,12.21,38.23,85.37,5.03,3.00,41.08,31.72,704.00,7.00,39.98,32.79,665.00,5.00,25.92,19.94,370.00,7.00,54.94,45.66,1096.00,8.00,12.27,10.93,200.00,7.00,1,주먹 쥐기 (Fist)
88.50,16.12,-23.31,-73.19,0.31,264.43,135.59,203.93,157.18,294.27,169.02,108.44,40.00,150.25,220.82,196.78,180.94,197.49,102.83,102.23,86.00,167.44,72.53,60.41,91.02,167.37,120.97,36.04,51.00,153.53,152.42,80.06,226.24,431.80,229.06,293.63,13.00,92.62,36.65,36.83,10.05,32.23,79.97,10.92,9.00,46.96,35.75,790.00,8.00,40.17,33.39,665.00,6.00,26.59,21.19,414.00,7.00,57.93,49.56,1250.00,9.00,12.17,10.60,200.00,7.00,1,주먹 쥐기 (Fist)
-12.00,6.50,18.69,76.69,16.44,247.57,128.89,180.20,134.10,318.20,193.00,124.97,16.00,171.56,206.68,175.80,159.62,218.41,98.77,112.10,64.00,167.44,72.53,60.41,91.02,167.37,120.97,36.04,51.00,166.07,156.61,103.94,195.44,445.98,260.57,306.04,47.00,62.67,64.98,47.35,20.02,33.31,76.13,40.65,39.00,46.99,36.12,850.00,9.00,39.59,32.19,654.00,6.00,26.59,21.19,456.00,8.00,60.12,51.69,1369.00,10.00,12.53,10.74,216.00,7.00,1,주먹 쥐기 (Fist)
-15.38,6.50,-20.69,-40.94,0.38,183.04,180.89,178.28,171.41,303.08,152.37,115.01,90.00,171.56,206.68,175.80,159.62,218.41,98.77,112.10,64.00,125.46,105.42,102.36,101.08,145.64,132.35,69.51,9.00,129.67,190.60,129.49,225.22,412.68,287.14,312.54,101.00,48.12,75.12,63.84,25.61,16.53,64.32,26.53,22.00,45.05,34.08,816.00,9.00,39.59,32.19,589.00,5.00,26.69,21.15,476.00,8.00,60.99,53.43,1415.00,10.00,11.87,9.59,208.00,6.00,1,주먹 쥐기 (Fist)
-13.38,-7.88,14.31,39.31,-4.88,151.90,212.57,209.68,196.46,275.10,143.10,101.24,58.00,150.48,167.25,159.32,108.46,267.35,45.12,60.79,118.00,140.17,102.64,97.96,115.69,129.65,127.69,81.20,7.00,227.72,82.62,40.89,316.19,308.23,287.36,311.24,209.00,55.34,76.69,62.80,35.78,18.81,52.41,24.16,10.00,44.97,34.00,746.00,8.00,36.65,28.39,589.00,6.00,26.94,22.06,460.00,8.00,59.73,52.44,1371.00,10.00,11.83,9.64,185.00,6.00,1,주먹 쥐기 (Fist)
37.69,10.06,-31.25,-143.94,-3.12,246.34,171.98,177.36,263.21,207.15,83.77,83.03,37.00,172.73,102.52,97.43,146.45,226.18,105.11,125.76,53.00,98.94,82.34,55.10,115.32,128.41,70.15,144.54,94.00,18.21,283.30,193.47,292.32,361.41,245.32,337.62,429.00,52.14,60.90,44.89,32.25,38.73,38.47,37.29,10.00,44.06,33.19,673.00,8.00,34.31,25.31,579.00,7.00,24.94,21.00,475.00,9.00,68.48,56.68,1490.00,10.00,10.42,8.25,178.00,6.00,1,주먹 쥐기 (Fist)
-49.19,-43.56,59.12,126.50,10.31,143.89,147.92,88.35,211.14,295.07,69.53,152.50,167.00,155.71,120.55,114.15,132.41,239.27,117.85,146.48,31.00,97.06,109.34,94.16,77.94,170.35,37.75,173.54,136.00,138.35,238.72,208.59,164.18,497.08,210.41,372.39,566.00,66.37,35.92,28.65,57.14,38.68,41.81,14.23,15.00,41.84,31.81,741.00,9.00,35.62,26.80,568.00,7.00,28.79,23.62,552.00,10.00,75.87,65.00,1725.00,10.00,10.21,7.98,174.00,6.00,1,주먹 쥐기 (Fist)
15.38,55.69,-22.31,-48.06,-17.25,138.61,131.47,47.69,251.79,260.46,74.67,133.60,126.00,167.08,118.40,117.69,122.92,250.82,117.39,155.77,19.00,105.39,84.42,80.90,67.45,182.40,14.25,186.01,161.00,76.65,193.07,121.83,145.34,527.29,165.13,386.40,653.00,46.16,54.10,20.81,63.07,61.65,40.36,9.99,38.00,39.66,29.25,762.00,10.00,36.66,27.44,657.00,8.00,29.36,24.85,630.00,10.00,76.39,65.57,1883.00,11.00,11.08,8.88,200.00,7.00,1,주먹 쥐기 (Fist)
15.38,-18.88,2.38,-24.31,-5.69,138.61,131.47,47.69,251.79,260.46,74.67,133.60,126.00,112.34,95.48,62.79,163.44,263.33,88.27,189.14,36.00,101.70,87.70,77.60,72.28,179.57,9.41,187.02,166.00,86.51,153.85,116.89,101.49,558.06,205.63,394.04,609.00,37.42,57.17,13.89,71.31,58.43,45.80,7.24,29.00,39.66,29.25,738.00,9.00,36.01,27.14,713.00,9.00,29.36,24.88,650.00,11.00,76.52,65.52,1848.00,11.00,11.16,9.06,192.00,7.00,1,주먹 쥐기 (Fist)
-30.19,-66.50,56.12,108.50,-19.88,155.96,109.50,63.72,228.97,283.13,96.22,144.87,103.00,56.22,54.89,79.96,133.30,332.61,169.37,176.30,50.00,45.18,108.34,24.09,86.02,246.59,72.73,209.98,98.00,63.66,187.93,84.37,110.57,590.32,237.92,415.41,574.00,9.23,58.90,31.97,68.41,37.04,2.65,41.00,74.00,40.36,30.79,761.00,9.00,39.72,30.75,710.00,9.00,32.69,27.88,679.00,11.00,79.11,68.25,1873.00,11.00,10.84,8.77,196.00,7.00,1,주먹 쥐기 (Fist)
97.44,-7.94,27.56,14.12,-10.38,76.75,166.32,43.95,254.92,336.58,155.57,221.39,17.00,113.36,70.96,165.52,44.91,265.60,104.03,156.39,39.00,41.24,120.86,93.38,50.09,239.34,63.47,159.71,171.00,39.23,222.09,56.88,65.07,592.45,221.54,368.57,628.00,33.15,55.41,48.59,45.69,59.95,26.35,23.71,50.00,47.36,36.06,839.00,9.00,34.67,26.95,674.00,6.00,31.74,27.12,689.00,9.00,78.63,67.48,1923.00,11.00,10.72,8.75,198.00,7.00,1,주먹 쥐기 (Fist)
63.31,75.50,7.00,82.25,10.44,41.18,215.46,155.69,161.94,395.42,173.39,107.43,131.00,27.05,106.93,171.56,91.30,313.31,150.86,151.45,128.00,72.42,115.49,119.97,9.49,201.17,28.06,195.42,130.00,166.76,281.84,224.45,137.30,429.86,190.71,540.99,454.00,30.35,57.43,49.32,46.96,61.76,28.64,23.59,47.00,48.82,37.31,845.00,9.00,39.72,30.75,741.00,9.00,30.74,25.75,677.00,9.00,78.73,68.25,1863.00,10.00,10.88,8.94,216.00,8.00,1,주먹 쥐기 (Fist)
7.06,5.75,-13.38,-73.69,-9.25,117.57,224.72,196.80,117.44,315.51,95.87,187.13,47.00,17.44,150.86,215.50,80.00,271.56,106.93,164.02,84.00,66.56,122.46,123.61,15.81,194.11,18.07,205.40,120.00,97.07,323.94,194.83,152.86,346.54,169.32,665.87,325.00,47.65,36.44,28.57,66.41,54.66,37.47,37.38,26.00,45.22,33.41,820.00,5.00,38.68,28.72,753.00,8.00,30.92,26.38,698.00,10.00,80.07,69.40,1950.00,10.00,10.81,8.78,220.00,8.00,1,주먹 쥐기 (Fist)
-23.44,-44.19,12.56,40.19,10.69,99.24,236.88,208.74,94.58,315.44,72.83,206.97,23.00,51.29,117.39,196.75,145.00,276.26,80.63,215.94,19.00,71.49,105.47,106.61,29.07,201.52,12.44,221.56,103.00,98.55,260.64,133.46,103.41,388.17,144.19,720.59,259.00,38.70,50.30,40.65,63.13,38.27,39.95,54.09,9.00,45.62,34.56,852.00,9.00,40.10,30.69,796.00,9.00,31.07,26.88,676.00,11.00,80.55,70.81,1996.00,11.00,11.07,9.19,227.00,8.00,1,주먹 쥐기 (Fist)
-14.44,0.88,-12.19,-60.31,-12.94,94.15,252.56,224.50,90.43,300.50,81.20,198.19,39.00,83.87,135.54,225.84,148.71,244.02,63.95,183.42,52.00,84.59,81.40,99.44,62.65,157.78,33.65,189.93,147.00,105.34,225.59,106.66,137.31,350.98,178.65,698.42,299.00,44.21,49.15,50.39,41.19,29.05,36.85,75.64,13.00,45.77,35.37,784.00,8.00,39.25,28.84,732.00,7.00,28.02,23.79,626.00,11.00,78.05,68.31,2011.00,12.00,11.39,9.45,241.00,8.00,1,주먹 쥐기 (Fist)
4.31,-54.38,21.44,13.62,-0.06,116.53,188.58,221.29,16.76,249.50,107.86,202.97,123.00,67.22,115.65,211.24,168.27,232.94,46.96,163.90,72.00,85.81,84.02,105.12,60.41,159.48,30.64,191.97,141.00,109.41,220.03,127.65,155.24,352.37,147.60,704.79,266.00,44.03,47.53,48.47,41.44,30.82,35.71,77.34,15.00,41.56,32.23,740.00,7.00,37.16,27.42,712.00,8.00,28.27,24.12,642.00,12.00,78.00,67.95,1974.00,12.00,11.38,9.32,241.00,8.00,1,주먹 쥐기 (Fist)
3.31,9.94,22.19,49.56,-1.00,121.51,190.11,236.86,5.00,240.11,109.89,193.59,107.00,62.57,107.25,215.68,170.77,226.67,57.89,172.93,61.00,88.43,72.64,97.68,71.84,150.48,36.45,191.97,129.00,124.03,193.55,86.36,194.36,311.47,136.18,698.12,219.00,50.85,32.77,49.17,26.68,21.76,50.50,69.59,0.00,41.45,31.90,646.00,6.00,37.25,28.06,755.00,8.00,27.52,23.46,576.00,11.00,75.26,65.38,1831.00,11.00,10.70,8.50,223.00,7.00,1,주먹 쥐기 (Fist)
39.12,73.44,-31.81,-41.00,4.81,130.11,156.59,213.97,40.00,196.30,149.49,158.02,62.00,85.38,118.44,271.63,117.55,281.82,48.92,149.29,117.00,88.43,72.64,97.68,71.84,150.48,36.45,191.97,129.00,95.52,233.19,87.03,177.72,279.30,165.71,679.35,178.00,53.41,31.25,52.12,26.17,19.76,48.14,69.83,3.00,37.14,28.73,577.00,5.00,41.45,31.56,811.00,8.00,27.52,23.46,588.00,11.00,73.18,62.50,1767.00,11.00,10.76,8.71,211.00,8.00,1,주먹 쥐기 (Fist)
-17.88,-3.88,-33.88,-91.25,11.38,130.11,156.59,213.97,40.00,196.30,149.49,158.02,62.00,75.52,108.15,268.00,122.09,284.61,59.28,151.02,128.00,131.64,71.75,144.25,29.73,159.26,79.07,163.42,82.00,258.18,124.90,247.07,55.08,371.25,337.21,562.89,6.00,44.52,29.89,47.84,17.26,11.39,48.07,67.82,12.00,37.14,28.73,626.00,6.00,41.42,31.36,889.00,9.00,28.76,25.12,551.00,10.00,74.72,64.50,1707.00,10.00,9.91,8.08,202.00,8.00,1,주먹 쥐기 (Fist)
-74.62,-53.81,4.88,10.38,8.19,178.85,123.68,263.56,12.00,242.59,177.10,106.09,10.00,12.52,54.85,320.10,70.43,338.06,29.89,127.15,63.00,95.75,42.93,138.64,27.20,195.21,101.38,136.12,46.00,205.49,106.01,220.78,109.04,421.82,375.45,517.37,48.00,47.46,32.09,45.82,18.03,12.10,50.40,66.29,15.00,41.31,31.92,686.00,8.00,43.65,33.59,932.00,9.00,27.80,23.48,556.00,10.00,74.05,62.42,1725.00,10.00,10.04,8.29,199.00,7.00,1,주먹 쥐기 (Fist)
-22.62,-30.75,21.75,33.06,-13.00,178.85,123.68,263.56,12.00,242.59,177.10,106.09,10.00,21.01,67.02,347.82,49.19,312.00,11.67,146.85,96.00,80.25,25.02,155.23,16.49,188.26,102.40,152.86,64.00,214.41,114.91,213.24,109.29,422.60,376.20,506.60,59.00,37.42,19.14,58.29,30.59,25.09,63.32,56.61,28.00,41.31,31.92,681.00,7.00,44.37,35.62,931.00,9.00,28.34,24.47,523.00,9.00,73.69,61.82,1550.00,9.00,10.58,9.00,218.00,6.00,1,주먹 쥐기 (Fist)
67.19,44.88,-4.12,31.75,-1.69,148.77,95.18,294.59,47.00,257.14,205.31,131.85,45.00,11.30,45.46,351.88,31.11,319.19,21.19,166.98,118.00,66.66,30.21,190.07,30.27,157.58,71.05,106.91,18.00,198.37,86.67,404.19,88.36,263.52,290.82,315.08,256.00,35.83,16.52,59.20,31.95,23.56,60.28,61.22,23.00,43.92,34.04,678.00,5.00,45.43,37.00,953.00,9.00,25.60,21.23,453.00,9.00,62.76,52.25,1282.00,10.00,10.56,8.98,214.00,9.00,1,주먹 쥐기 (Fist)
42.19,29.75,26.00,58.44,-8.88,127.69,18.17,385.63,121.46,146.10,98.31,122.56,67.00,74.11,35.76,417.01,49.19,253.22,64.35,100.98,52.00,61.69,13.61,195.06,33.11,140.13,53.80,91.02,0.00,160.50,47.07,395.90,101.71,209.12,245.47,272.35,315.00,49.07,38.07,39.31,11.05,16.50,62.51,32.23,52.00,42.24,33.19,634.00,5.00,45.32,37.41,864.00,6.00,24.04,20.25,399.00,9.00,57.47,49.17,1125.00,7.00,9.72,8.52,194.00,10.00,1,주먹 쥐기 (Fist)
39.06,-9.38,27.56,72.44,-7.00,162.25,66.94,381.94,112.04,164.35,124.55,94.69,17.00,21.58,42.41,382.70,71.22,232.05,138.64,42.13,26.00,115.36,74.67,124.31,43.32,148.67,32.48,74.58,71.00,290.25,130.49,274.45,75.74,260.49,101.52,261.48,459.00,47.25,36.21,41.29,13.04,15.54,61.62,30.41,54.00,43.38,36.05,634.00,5.00,42.29,33.50,830.00,8.00,22.96,19.31,380.00,9.00,58.24,48.62,1127.00,9.00,9.62,8.38,185.00,7.00,1,주먹 쥐기 (Fist)
44.38,21.56,-32.50,-98.38,7.62,219.35,113.49,327.98,53.08,205.80,140.50,142.42,76.00,24.98,28.15,359.46,57.07,261.36,159.09,54.26,59.00,100.43,67.27,132.14,41.01,163.67,47.48,84.12,86.00,239.40,117.38,320.50,56.00,310.18,76.84,293.02,510.00,41.25,34.32,43.33,13.93,21.53,67.30,34.71,48.00,44.78,38.83,596.00,5.00,42.59,34.24,810.00,7.00,23.97,20.25,383.00,9.00,62.19,52.20,1166.00,9.00,9.80,8.75,183.00,7.00,1,주먹 쥐기 (Fist)
-61.62,-4.44,-23.25,-8.00,9.00,219.35,113.49,327.98,53.08,205.80,140.50,142.42,76.00,78.45,86.88,300.32,120.50,217.94,173.42,30.51,5.00,40.49,111.41,110.61,109.00,149.50,47.49,35.30,18.00,155.84,200.44,334.78,158.00,308.20,89.82,205.44,408.00,18.97,52.77,31.49,13.93,27.41,45.73,32.64,74.00,44.78,38.83,569.00,5.00,39.22,30.74,779.00,8.00,22.39,19.59,364.00,9.00,57.96,48.38,1159.00,7.00,9.26,8.25,178.00,6.00,1,주먹 쥐기 (Fist)
-39.25,-36.06,3.88,23.62,10.69,135.59,197.91,310.05,65.07,247.39,65.63,44.92,42.00,62.91,69.31,300.28,120.50,229.94,194.06,40.52,27.00,37.81,129.14,93.93,110.32,132.98,29.50,48.33,36.00,165.63,179.80,352.08,159.52,329.58,91.84,184.28,386.00,23.00,73.48,12.48,20.62,10.52,51.25,24.67,53.00,42.05,35.72,557.00,5.00,40.12,31.95,723.00,7.00,21.77,18.61,372.00,10.00,58.28,49.41,1113.00,8.00,9.38,8.44,160.00,6.00,1,주먹 쥐기 (Fist)
-3.56,43.06,-11.12,-3.75,5.06,141.03,255.47,257.50,85.80,189.98,53.59,75.20,17.00,62.87,75.67,269.72,154.39,196.95,164.15,43.30,7.00,47.34,139.11,83.05,94.54,145.16,42.18,32.95,20.00,178.04,230.99,278.25,71.47,389.00,87.00,95.15,296.00,17.95,70.04,18.05,24.84,15.13,49.73,22.95,47.00,39.88,32.94,538.00,5.00,36.86,29.55,733.00,8.00,21.93,19.12,367.00,10.00,54.44,45.66,982.00,8.00,9.06,8.06,145.00,5.00,1,주먹 쥐기 (Fist)
-3.06,62.56,9.19,87.25,-11.81,146.29,260.02,251.21,79.91,191.16,57.56,71.43,9.00,52.36,30.97,314.69,167.94,197.71,160.20,93.59,63.00,24.74,143.47,74.02,102.88,140.21,55.56,6.15,7.00,134.94,291.69,281.32,168.34,365.02,171.30,110.23,120.00,16.03,70.48,18.33,26.17,13.56,51.41,24.07,49.00,39.87,32.82,506.00,4.00,40.16,33.49,702.00,7.00,21.66,18.59,362.00,10.00,55.39,44.66,966.00,8.00,9.21,8.19,141.00,5.00,1,주먹 쥐기 (Fist)
50.75,-27.75,-30.19,-128.25,-1.94,79.44,285.90,241.53,150.23,128.68,139.85,106.80,74.00,55.27,12.49,311.40,187.39,177.36,144.50,72.71,42.00,65.25,109.30,115.38,141.99,100.89,68.31,37.40,49.00,217.12,126.91,421.73,281.80,231.16,271.03,277.86,48.00,2.51,82.75,10.17,18.68,16.18,37.87,14.16,35.00,41.38,34.69,557.00,5.00,38.91,32.34,748.00,8.00,22.90,20.16,382.00,8.00,64.09,52.34,1094.00,8.00,8.76,7.57,125.00,4.00,1,주먹 쥐기 (Fist)
-53.31,-46.06,21.69,65.50,10.50,107.60,256.74,269.84,164.51,99.12,164.75,136.43,105.00,72.10,55.49,353.04,206.70,154.87,101.50,41.16,1.00,33.08,143.26,102.39,135.37,79.51,71.19,70.65,83.00,97.18,251.29,333.76,237.02,114.88,316.76,404.38,180.00,26.28,59.60,34.92,43.29,21.88,34.34,16.83,10.00,43.16,36.56,639.00,5.00,40.66,34.70,715.00,8.00,23.43,20.65,402.00,10.00,64.56,51.44,1220.00,8.00,8.54,7.50,126.00,5.00,1,주먹 쥐기 (Fist)
-13.31,-6.44,-14.88,-89.88,-15.56,123.60,242.21,281.41,178.24,101.08,162.24,120.58,89.00,34.67,41.66,324.24,163.53,195.47,74.83,63.77,55.00,65.54,120.47,74.68,96.52,107.80,64.29,105.96,122.00,201.38,216.05,288.77,131.85,179.57,310.57,493.94,286.00,14.67,65.95,31.16,47.42,22.58,47.68,28.21,5.00,43.30,37.23,678.00,5.00,37.93,31.74,693.00,7.00,23.07,20.52,441.00,9.00,68.56,57.52,1349.00,9.00,9.43,8.44,153.00,6.00,1,주먹 쥐기 (Fist)
10.19,-16.06,18.50,70.69,36.00,116.32,244.99,284.25,182.32,94.56,167.37,113.79,81.00,51.49,23.49,310.80,149.62,214.48,88.53,85.02,77.00,69.92,122.31,68.84,96.08,102.74,68.17,101.63,116.00,179.29,202.55,311.63,137.57,199.79,296.77,508.61,309.00,44.47,84.30,16.45,20.40,27.91,85.07,60.63,44.00,43.37,37.79,669.00,6.00,38.14,32.20,637.00,7.00,22.72,20.19,420.00,9.00,69.80,58.77,1423.00,9.00,13.24,10.50,201.00,6.00,1,주먹 쥐기 (Fist)
-40.75,62.62,-6.06,11.25,-12.94,180.91,287.45,203.27,121.21,48.30,248.23,95.19,0.00,62.38,12.51,300.11,140.87,215.94,77.53,74.20,66.00,63.11,100.40,76.57,71.11,110.26,93.15,94.91,91.00,141.33,149.10,341.40,87.46,211.24,351.08,494.26,254.00,33.63,67.37,28.63,5.00,29.46,95.35,73.82,61.00,43.69,37.19,668.00,6.00,36.90,31.34,637.00,7.00,21.46,18.44,438.00,12.00,69.08,56.31,1418.00,9.00,13.63,11.19,245.00,7.00,1,주먹 쥐기 (Fist)
36.69,26.56,-22.00,-26.94,-3.06,151.64,230.87,232.25,83.65,103.23,292.94,134.68,57.00,31.72,43.29,306.70,122.98,248.16,58.61,50.11,33.00,69.10,85.85,67.83,71.85,95.27,82.81,92.42,106.00,146.21,86.51,307.35,84.08,128.43,288.78,486.14,337.00,34.89,57.26,40.70,10.44,40.63,97.24,67.29,47.00,44.50,39.10,689.00,7.00,37.51,33.12,617.00,7.00,20.16,17.50,412.00,11.00,63.95,50.45,1346.00,10.00,13.40,10.70,251.00,7.00,1,주먹 쥐기 (Fist)
13.44,10.81,-20.38,-15.25,25.75,182.33,162.93,200.63,46.87,97.06,292.18,44.88,43.00,62.51,106.53,250.27,64.66,214.91,76.27,99.79,109.00,51.23,101.32,93.65,46.32,89.32,88.97,83.64,132.00,139.02,84.94,318.30,74.43,123.73,289.28,481.90,348.00,27.18,59.24,45.66,18.87,56.98,113.63,69.87,28.00,39.53,35.31,654.00,7.00,34.23,30.31,607.00,7.00,20.81,18.50,394.00,9.00,64.05,51.22,1335.00,9.00,14.82,12.03,259.00,7.00,1,주먹 쥐기 (Fist)
-49.56,28.00,2.06,59.94,-4.94,169.27,159.80,215.96,34.71,113.02,305.33,31.03,59.00,139.50,155.90,179.79,136.31,163.17,108.64,79.94,32.00,34.61,102.98,102.62,56.40,69.78,68.39,98.38,109.00,179.89,122.71,300.20,64.38,158.54,324.46,451.47,393.00,23.86,54.62,56.63,26.40,58.56,103.16,63.67,39.00,40.58,36.31,626.00,7.00,33.07,29.00,552.00,6.00,19.90,17.06,392.00,10.00,65.74,53.68,1402.00,10.00,14.35,11.43,278.00,8.00,1,주먹 쥐기 (Fist)
17.19,7.38,-22.31,-55.62,-3.06,127.09,127.16,245.76,73.68,107.28,262.30,74.47,15.00,119.35,154.82,178.91,132.54,141.58,130.64,93.91,10.00,19.16,90.85,88.81,78.72,93.04,93.79,74.97,135.00,92.92,48.54,243.07,151.16,235.94,410.62,376.05,480.00,23.00,52.82,57.31,25.24,56.59,104.06,65.27,37.00,37.93,33.56,672.00,8.00,32.33,27.80,563.00,6.00,20.71,18.23,389.00,11.00,66.95,55.88,1500.00,11.00,14.31,11.32,271.00,8.00,1,주먹 쥐기 (Fist)
-55.25,-63.19,10.19,-18.75,-15.94,23.08,23.19,230.10,145.89,34.06,330.15,39.79,120.00,89.34,225.82,105.26,219.33,179.24,93.05,36.22,97.00,21.54,69.66,64.85,71.70,96.17,82.59,98.82,111.00,38.89,97.15,167.24,173.28,247.67,367.86,452.95,402.00,24.47,54.72,58.78,26.93,55.56,103.46,67.22,35.00,38.96,33.91,751.00,9.00,35.90,30.94,595.00,6.00,19.09,16.54,414.00,12.00,65.64,53.34,1509.00,11.00,14.44,11.43,282.00,8.00,1,주먹 쥐기 (Fist)
10.38,-50.19,75.81,93.50,-27.88,28.91,23.50,193.52,131.03,73.84,330.90,7.32,78.00,107.84,256.64,77.24,223.38,196.51,75.47,56.59,65.00,37.41,107.06,85.06,109.46,133.92,104.17,135.63,73.00,38.10,85.64,168.94,183.83,259.63,371.48,464.62,390.00,40.96,64.23,74.47,23.19,47.16,118.72,50.51,52.00,36.87,31.55,805.00,10.00,37.81,32.94,573.00,5.00,25.30,19.21,421.00,11.00,66.64,54.19,1448.00,11.00,15.84,12.36,280.00,7.00,1,주먹 쥐기 (Fist)
121.38,-5.81,-9.12,-44.69,1.31,35.76,42.54,248.60,194.03,122.33,381.93,64.41,14.00,128.13,268.43,84.49,201.85,175.26,96.30,35.63,87.00,52.23,116.67,80.22,109.11,127.53,89.17,123.60,88.00,53.85,76.76,128.96,212.29,240.76,326.65,424.37,441.00,43.90,64.06,74.67,20.22,50.16,115.92,53.00,49.00,45.72,35.45,814.00,9.00,37.65,32.29,594.00,4.00,24.69,18.39,500.00,12.00,63.27,51.40,1499.00,12.00,15.81,12.15,306.00,8.00,1,주먹 쥐기 (Fist)
-27.06,4.50,-9.75,8.94,10.12,56.87,62.86,248.00,192.07,127.25,359.36,45.68,37.00,117.14,270.66,73.52,204.53,174.35,106.10,24.63,98.00,61.94,116.70,70.34,99.13,120.63,96.67,128.71,78.00,66.22,95.35,108.97,195.90,224.01,347.99,434.98,419.00,41.43,66.28,77.35,20.88,51.45,114.75,54.76,46.00,44.52,34.20,946.00,10.00,37.63,32.25,572.00,5.00,24.32,17.84,474.00,11.00,63.25,51.31,1521.00,12.00,15.91,12.36,312.00,8.00,1,주먹 쥐기 (Fist)
-27.56,-29.19,17.50,9.62,-11.44,63.14,66.33,240.70,184.07,119.29,363.83,49.51,29.00,107.22,280.04,70.90,193.96,164.48,102.97,35.04,87.00,72.10,108.97,64.72,99.25,132.00,96.25,127.14,90.00,63.30,84.86,108.66,203.69,214.11,353.85,436.57,408.00,57.02,43.35,61.92,43.42,40.48,125.41,64.50,23.00,44.17,33.76,914.00,10.00,37.00,31.56,528.00,5.00,24.69,18.69,486.00,11.00,63.08,50.62,1488.00,11.00,15.97,12.17,329.00,9.00,1,주먹 쥐기 (Fist)
43.31,16.19,21.38,39.19,-16.00,98.92,71.11,207.00,192.04,149.35,376.19,63.77,79.00,122.69,258.76,53.52,201.31,148.41,115.96,54.08,65.00,96.81,75.37,91.70,133.18,133.56,75.28,121.25,56.00,74.82,119.96,160.53,245.00,224.80,346.57,427.15,353.00,71.19,33.72,76.86,51.87,63.35,103.09,63.72,46.00,45.55,36.44,988.00,11.00,36.00,30.19,549.00,6.00,25.15,19.70,470.00,8.00,63.81,52.09,1419.00,10.00,16.43,12.50,318.00,9.00,1,주먹 쥐기 (Fist)
40.19,-41.94,9.38,-19.75,5.94,133.75,72.69,236.04,240.38,174.64,332.40,30.01,29.00,197.42,225.42,64.20,108.19,145.46,10.34,82.29,175.00,96.81,75.37,91.70,133.18,133.56,75.28,121.25,56.00,122.32,156.38,126.58,198.93,337.58,273.06,385.73,240.00,66.35,27.10,61.85,66.64,72.74,88.70,73.90,63.00,46.69,38.56,929.00,10.00,34.11,28.82,525.00,8.00,25.15,19.70,440.00,7.00,60.02,48.38,1259.00,10.00,16.30,12.45,332.00,9.00,1,주먹 쥐기 (Fist)
-28.62,20.31,-3.56,14.44,-6.75,117.01,129.93,159.25,271.66,255.65,252.72,70.06,54.00,176.96,199.78,48.13,142.89,117.22,33.95,126.15,219.00,106.20,76.05,89.11,102.24,153.47,50.26,100.76,25.00,48.93,13.01,50.49,51.74,429.00,125.06,318.77,83.00,65.41,31.20,61.27,64.62,70.51,87.97,78.46,68.00,45.53,37.38,897.00,10.00,34.09,28.69,569.00,7.00,23.72,18.01,397.00,7.00,49.41,40.37,1101.00,10.00,16.38,12.72,331.00,10.00,1,주먹 쥐기 (Fist)
23.38,26.56,-31.19,-24.00,15.06,102.95,55.76,171.95,206.78,283.47,228.82,139.69,134.00,193.71,127.55,122.21,121.00,192.57,59.31,59.43,143.00,116.33,41.61,139.22,112.31,141.46,74.15,62.33,29.00,77.77,97.86,118.05,129.03,402.92,46.26,276.73,6.00,67.01,28.28,64.12,61.85,67.52,89.86,81.46,71.00,43.95,35.50,915.00,11.00,32.80,27.26,537.00,7.00,24.54,18.11,389.00,6.00,47.38,38.50,983.00,10.00,16.54,12.93,326.00,10.00,1,주먹 쥐기 (Fist)
-47.62,3.88,-11.50,2.38,4.75,113.45,69.26,195.83,186.95,264.35,249.38,164.72,166.00,201.84,117.43,128.14,110.00,189.71,49.08,64.77,154.00,112.73,45.99,136.08,116.87,136.78,79.15,58.45,34.00,32.97,68.72,85.13,190.14,299.76,117.38,218.94,112.00,85.20,25.11,79.21,57.08,77.35,68.97,62.37,50.00,45.41,37.55,964.00,11.00,32.78,26.97,548.00,7.00,24.36,17.88,376.00,5.00,40.22,32.17,854.00,10.00,16.13,12.53,281.00,8.00,1,주먹 쥐기 (Fist)
-36.62,-48.12,33.38,58.38,-3.50,153.15,79.10,238.96,149.91,311.53,201.42,144.66,118.00,171.86,132.23,147.92,114.56,216.42,47.96,77.47,186.00,96.34,63.37,145.75,125.20,149.71,68.21,75.77,16.00,32.97,68.72,85.13,190.14,299.76,117.38,218.94,112.00,41.39,25.57,100.66,13.34,65.33,43.80,48.66,6.00,46.33,39.50,916.00,10.00,34.74,29.47,524.00,7.00,25.49,19.28,399.00,5.00,40.22,32.17,854.00,10.00,12.88,10.06,242.00,9.00,1,주먹 쥐기 (Fist)
56.62,50.62,2.69,-7.94,-15.12,47.29,149.75,263.76,106.02,351.57,141.71,189.62,10.00,159.86,130.44,159.20,103.09,206.90,37.75,75.82,174.00,85.37,69.85,156.49,115.94,153.67,66.53,64.91,27.00,31.21,59.03,80.12,198.66,294.50,113.49,229.11,101.00,35.63,27.79,106.37,13.34,70.82,40.99,46.14,12.00,47.20,40.25,935.00,10.00,33.50,28.91,588.00,8.00,25.42,19.10,414.00,5.00,40.27,32.56,888.00,10.00,13.24,10.39,245.00,9.00,1,주먹 쥐기 (Fist)
63.38,49.25,17.94,76.00,-2.94,11.36,184.84,299.73,70.03,374.48,128.65,158.33,46.00,180.35,148.18,159.46,111.89,214.00,16.36,85.58,152.00,45.58,79.13,170.01,98.27,109.67,103.86,104.71,17.00,104.75,139.85,81.45,156.32,182.24,193.04,342.10,12.00,33.37,27.04,106.68,16.28,68.73,43.81,48.27,9.00,49.37,42.50,927.00,10.00,35.06,29.94,577.00,8.00,25.13,18.95,432.00,7.00,44.12,36.50,968.00,11.00,13.26,10.56,227.00,7.00,1,주먹 쥐기 (Fist)
26.31,5.94,-1.69,47.12,26.31,9.15,194.72,306.03,71.59,358.47,143.48,175.09,29.00,172.40,137.41,149.03,121.64,225.00,15.53,94.86,141.00,38.59,75.94,153.69,123.79,121.74,79.97,87.14,9.00,172.81,182.78,88.46,234.21,215.00,118.54,271.95,66.00,31.93,23.81,103.21,16.03,67.19,40.24,44.56,13.00,49.76,43.56,899.00,9.00,34.85,29.42,599.00,8.00,24.21,17.73,429.00,8.00,45.27,38.73,914.00,10.00,12.72,10.31,226.00,8.00,1,주먹 쥐기 (Fist)
-17.19,104.56,-35.75,58.38,7.81,48.86,193.66,279.58,111.02,362.38,106.01,136.47,69.00,209.42,184.93,202.44,110.17,260.75,83.93,164.46,71.00,37.93,99.51,184.05,122.41,107.40,76.12,85.13,40.00,181.55,183.04,82.05,235.03,221.72,123.69,279.53,54.00,32.29,31.78,109.69,24.02,59.20,38.68,36.56,21.00,47.92,41.06,876.00,9.00,42.92,32.70,680.00,8.00,25.86,19.28,439.00,6.00,46.14,39.58,805.00,9.00,12.88,10.81,242.00,8.00,1,주먹 쥐기 (Fist)
15.25,12.56,-30.75,-103.69,-4.75,57.42,187.93,270.93,110.16,370.10,109.56,143.51,60.00,209.42,184.93,202.44,110.17,260.75,83.93,164.46,71.00,37.93,99.51,184.05,122.41,107.40,76.12,85.13,40.00,170.49,205.04,112.91,265.91,252.04,118.39,290.42,23.00,34.52,27.75,111.37,24.74,56.68,43.47,30.19,28.00,48.05,41.62,830.00,9.00,42.92,32.70,696.00,7.00,25.86,19.28,413.00,5.00,49.74,41.27,937.00,10.00,12.93,10.97,242.00,8.00,1,주먹 쥐기 (Fist)
-58.69,-72.81,5.88,-40.69,7.06,69.72,173.03,269.76,95.19,358.22,115.46,136.59,75.00,210.44,191.33,212.25,112.06,270.67,83.63,156.97,81.00,40.58,96.25,189.03,123.04,110.02,70.14,80.51,34.00,170.49,205.04,112.91,265.91,252.04,118.39,290.42,23.00,24.45,29.11,92.54,7.81,72.24,62.47,23.00,47.00,46.75,40.69,840.00,10.00,43.90,33.48,771.00,8.00,25.90,19.64,382.00,8.00,49.74,41.27,887.00,9.00,12.75,10.81,242.00,9.00,1,주먹 쥐기 (Fist)
-48.19,-51.81,-0.56,-2.69,28.50,56.24,206.04,234.26,100.90,371.18,153.93,140.84,115.00,210.44,191.33,212.25,112.06,270.67,83.63,156.97,81.00,47.64,106.21,134.95,51.55,84.18,60.27,25.71,39.00,220.57,265.04,73.40,186.30,190.68,38.63,271.45,57.00,46.58,53.60,80.09,63.20,43.51,47.11,53.24,10.00,48.30,43.19,733.00,9.00,43.90,33.48,749.00,8.00,19.07,15.69,309.00,6.00,46.11,35.98,785.00,8.00,13.24,10.81,238.00,8.00,1,주먹 쥐기 (Fist)
-23.50,120.56,-48.12,-47.38,-8.88,167.78,274.84,150.97,55.61,232.20,80.36,125.37,24.00,131.95,125.68,311.07,196.92,388.96,54.46,213.12,57.00,77.41,102.07,157.73,73.66,120.86,25.96,56.44,0.00,210.27,263.41,83.94,187.92,180.41,33.15,266.44,68.00,40.47,51.97,70.51,63.20,52.84,56.13,60.59,20.00,40.11,37.44,602.00,8.00,53.77,40.19,919.00,9.00,22.57,18.59,359.00,6.00,45.32,35.47,774.00,8.00,13.44,11.38,267.00,9.00,1,주먹 쥐기 (Fist)
21.94,-16.75,57.44,94.12,-3.00,111.02,282.34,113.56,101.08,215.85,129.46,140.73,81.00,138.54,118.59,301.90,191.05,397.17,63.02,217.15,68.00,65.57,157.56,93.66,59.24,174.44,45.04,127.44,71.00,106.33,337.17,169.16,87.46,209.65,96.00,351.20,36.00,40.52,62.07,62.38,77.16,44.79,43.44,55.39,6.00,39.69,37.06,651.00,9.00,53.92,40.88,1024.00,10.00,26.90,20.87,441.00,6.00,51.42,42.36,922.00,9.00,13.21,10.88,249.00,8.00,1,주먹 쥐기 (Fist)
25.88,-49.06,31.31,-51.12,-19.50,62.67,339.38,50.16,141.99,164.40,73.10,150.09,16.00,148.27,107.68,304.31,200.57,400.83,62.19,217.37,57.00,79.06,174.98,98.74,76.24,178.49,34.69,110.98,53.00,147.33,293.53,175.17,111.76,186.61,122.14,394.85,80.00,45.34,70.03,67.51,77.06,40.18,46.34,54.95,14.00,39.21,36.23,585.00,8.00,54.47,41.56,1013.00,9.00,27.84,21.85,460.00,6.00,53.02,44.77,1037.00,9.00,13.79,11.31,260.00,8.00,1,주먹 쥐기 (Fist)
60.19,58.44,-49.12,-104.44,27.50,64.56,365.00,55.62,126.40,189.49,79.75,133.01,43.00,92.53,155.91,249.12,179.97,456.78,109.48,246.37,1.00,20.02,150.72,25.78,119.81,251.13,91.51,82.72,20.00,268.72,236.99,313.51,96.40,325.46,184.58,263.73,59.00,21.39,53.88,27.80,125.04,9.98,54.74,58.23,62.00,41.21,37.71,621.00,8.00,56.50,45.06,1059.00,9.00,30.18,24.22,533.00,7.00,59.11,48.44,1033.00,10.00,14.84,12.12,287.00,8.00,1,주먹 쥐기 (Fist)
-104.62,-62.56,17.50,9.81,10.94,118.01,325.04,91.53,263.88,244.59,139.75,79.80,190.00,92.53,155.91,249.12,179.97,456.78,109.48,246.37,1.00,23.81,147.08,28.95,116.25,253.94,97.01,85.13,26.00,238.63,214.33,296.40,134.18,343.35,228.51,235.55,103.00,22.86,60.90,33.64,125.57,5.46,56.72,57.97,53.00,48.52,42.75,721.00,8.00,56.50,45.06,1115.00,9.00,30.37,24.50,589.00,8.00,58.61,47.21,1106.00,8.00,15.09,12.69,290.00,7.00,1,주먹 쥐기 (Fist)
-24.12,23.06,-9.81,-10.81,-1.69,112.79,319.80,88.51,265.93,240.91,141.74,80.68,198.00,76.43,148.03,262.12,186.34,442.09,119.93,268.17,21.00,14.28,157.97,35.80,107.45,247.15,101.67,93.60,37.00,245.93,235.25,280.31,126.24,329.61,243.81,231.47,125.00,24.67,70.80,42.96,115.62,4.99,48.10,54.45,63.00,48.23,42.25,745.00,7.00,56.81,46.44,1191.00,10.00,30.47,25.21,586.00,8.00,58.62,47.06,1084.00,10.00,14.82,12.06,280.00,7.00,1,주먹 쥐기 (Fist)
-13.56,1.75,-6.38,-43.12,-15.94,130.61,360.68,64.38,226.74,200.03,127.02,81.65,239.00,80.71,157.83,251.55,196.70,431.67,118.14,278.80,32.00,38.87,138.83,16.19,124.58,223.05,97.29,117.94,62.00,246.04,245.03,270.22,136.82,340.26,243.88,228.97,114.00,37.42,58.27,49.69,121.76,28.86,21.43,43.15,91.00,47.93,41.38,680.00,6.00,56.73,45.75,1191.00,9.00,29.53,23.50,571.00,8.00,59.06,47.75,1084.00,9.00,15.15,12.31,287.00,7.00,1,주먹 쥐기 (Fist)
-0.56,-59.88,-25.44,-98.50,5.88,129.71,325.90,112.38,216.34,191.05,90.23,89.85,287.00,100.24,209.64,251.56,220.27,438.47,163.97,237.91,22.00,24.83,140.09,13.63,135.15,221.90,86.75,132.70,77.00,231.09,296.07,292.68,193.88,341.49,182.01,301.71,220.00,34.60,56.82,46.72,124.60,29.66,20.69,41.72,94.00,46.47,38.76,688.00,6.00,58.75,49.12,1202.00,10.00,30.11,24.51,545.00,7.00,64.30,53.44,1090.00,9.00,15.21,12.52,298.00,7.00,1,주먹 쥐기 (Fist)
-62.12,-50.50,24.31,21.31,-0.62,119.10,326.15,105.70,239.21,211.92,67.30,93.90,310.00,98.29,204.69,241.98,228.78,430.15,173.49,234.25,32.00,19.13,133.19,9.68,143.59,211.08,98.72,122.69,65.00,221.60,294.20,337.68,166.53,297.79,224.38,258.83,175.00,26.60,49.24,45.43,127.39,36.10,17.42,48.05,86.00,48.03,40.12,651.00,7.00,58.16,48.50,1114.00,9.00,29.35,23.85,564.00,8.00,62.42,50.27,1140.00,9.00,15.06,12.08,292.00,8.00,1,주먹 쥐기 (Fist)
4.62,6.56,-22.75,-51.31,-4.69,87.49,289.14,159.22,240.71,173.81,119.75,116.06,250.00,95.76,197.84,264.19,213.64,403.04,191.01,237.77,65.00,38.91,103.07,23.78,124.26,235.30,78.34,141.79,96.00,201.01,260.37,361.70,123.75,333.32,178.16,312.75,229.00,13.38,34.55,61.09,111.83,24.24,33.05,31.64,103.00,45.40,36.38,705.00,8.00,57.37,46.44,1169.00,10.00,29.89,25.00,595.00,9.00,63.81,53.56,1125.00,9.00,14.14,11.15,283.00,8.00,1,주먹 쥐기 (Fist)
-28.56,-32.62,20.62,29.00,-5.00,87.22,183.60,247.67,133.93,142.02,124.99,60.84,359.00,103.79,144.73,245.30,285.93,392.14,216.39,206.73,12.00,44.87,97.89,25.41,119.28,236.80,77.32,139.79,90.00,167.64,192.99,324.69,179.11,365.60,201.54,252.10,160.00,13.51,34.19,64.55,109.77,21.65,28.76,36.63,98.00,41.88,33.56,709.00,7.00,57.08,45.75,1169.00,9.00,29.59,24.62,620.00,10.00,59.52,49.25,1177.00,10.00,13.98,10.88,254.00,7.00,1,주먹 쥐기 (Fist)
21.00,21.00,-11.06,-59.12,-13.81,97.13,161.67,246.73,129.47,164.87,101.21,70.91,334.00,103.97,166.34,266.43,280.17,371.53,237.64,194.35,34.00,65.26,95.07,18.17,132.38,215.99,94.86,139.85,111.00,129.25,100.89,183.62,277.91,227.30,276.05,353.95,302.00,29.49,26.47,84.22,78.77,13.43,40.56,69.83,63.00,40.64,32.00,716.00,8.00,57.34,47.12,1121.00,10.00,29.65,24.70,617.00,10.00,58.40,47.77,1262.00,11.00,13.57,10.19,247.00,7.00,1,주먹 쥐기 (Fist)
-17.50,-74.25,24.56,10.50,-7.12,103.17,157.49,224.87,153.39,149.00,123.39,52.78,358.00,164.83,108.27,211.28,105.80,277.71,410.70,117.96,222.00,36.47,69.87,70.07,99.28,194.13,147.63,133.40,165.00,145.93,166.28,184.28,239.28,252.79,186.06,315.55,212.00,38.11,24.78,94.49,73.35,12.84,29.57,61.23,74.00,40.87,32.69,723.00,9.00,54.42,44.66,1136.00,11.00,29.56,24.81,651.00,11.00,53.09,41.44,1162.00,11.00,13.67,10.39,240.00,6.00,1,주먹 쥐기 (Fist)
8.56,1.12,4.62,26.50,-4.44,107.57,180.20,201.50,159.20,135.84,113.59,83.64,325.00,178.08,129.51,232.51,94.37,260.40,400.90,122.78,200.00,56.12,48.14,89.83,127.81,171.26,132.21,145.94,134.00,165.51,76.45,90.18,332.61,203.25,137.07,336.86,116.00,35.52,28.33,94.39,68.88,17.84,26.37,59.23,79.00,39.64,30.44,674.00,9.00,54.13,43.25,1124.00,11.00,28.91,23.50,632.00,10.00,50.95,39.50,1121.00,11.00,13.51,10.12,230.00,5.00,1,주먹 쥐기 (Fist)
37.00,104.00,10.62,190.38,3.56,136.17,107.30,182.24,230.24,63.49,166.95,156.41,252.00,210.77,95.04,189.55,101.64,132.63,491.00,273.83,22.00,56.12,48.14,89.83,127.81,171.26,132.21,145.94,134.00,354.62,205.32,168.68,356.39,413.16,183.62,245.53,326.00,35.52,28.33,94.39,68.88,17.84,26.37,59.23,79.00,39.96,31.00,699.00,9.00,58.20,47.62,1217.00,11.00,28.91,23.50,627.00,9.00,70.78,51.25,1265.00,10.00,13.51,10.12,213.00,6.00,1,주먹 쥐기 (Fist)
74.19,60.44,-34.12,-17.56,5.12,237.31,89.79,85.56,272.92,153.63,63.84,75.18,361.00,320.44,216.04,309.21,122.67,98.89,370.65,153.04,143.00,21.09,80.86,125.80,162.09,175.52,100.45,111.66,170.00,321.79,175.64,146.25,386.80,427.49,189.34,232.11,359.00,36.94,22.33,78.82,48.17,39.62,15.80,54.31,54.00,43.72,33.81,727.00,9.00,58.68,48.56,1072.00,10.00,30.22,25.75,624.00,10.00,70.84,51.38,1431.00,10.00,11.40,8.36,175.00,5.00,1,주먹 쥐기 (Fist)
-18.81,-39.88,25.94,33.31,-6.00,237.31,89.79,85.56,272.92,153.63,63.84,75.18,361.00,149.81,153.91,270.77,275.86,112.99,258.84,77.47,314.00,95.22,84.31,117.67,159.88,119.92,28.80,32.84,249.00,381.05,204.73,127.72,367.38,388.63,166.40,193.41,425.00,36.97,20.59,77.67,49.52,40.96,14.84,53.62,52.00,43.72,33.81,771.00,9.00,50.82,42.86,1045.00,10.00,28.35,24.05,579.00,10.00,70.98,51.94,1338.00,10.00,11.32,8.25,181.00,6.00,1,주먹 쥐기 (Fist)
14.25,13.75,22.25,126.56,-5.81,222.55,74.81,86.15,282.80,169.20,56.95,71.19,344.00,169.55,137.29,249.96,270.30,110.92,266.21,95.18,336.00,66.50,49.30,81.36,124.04,83.73,48.23,18.39,286.00,389.43,202.95,116.52,379.11,400.46,176.36,202.85,413.00,35.81,23.51,80.60,51.74,39.83,12.06,51.68,49.00,43.18,32.75,795.00,10.00,50.91,43.38,1067.00,11.00,24.91,22.03,560.00,10.00,72.24,52.74,1284.00,9.00,11.39,8.41,164.00,6.00,1,주먹 쥐기 (Fist)
106.75,62.81,28.62,71.56,-17.94,271.78,115.60,152.75,343.08,225.91,35.15,72.12,272.00,258.34,26.40,193.59,379.46,217.57,169.87,23.60,225.00,64.78,43.71,77.99,125.87,84.78,42.30,14.32,280.00,444.39,134.07,88.33,416.82,390.71,70.97,98.53,525.00,37.20,22.49,80.25,50.45,37.83,10.21,49.93,47.00,50.21,37.25,856.00,10.00,52.36,44.29,1012.00,10.00,24.43,21.70,481.00,9.00,74.07,55.56,1270.00,9.00,11.18,8.30,126.00,5.00,1,주먹 쥐기 (Fist)
96.06,41.25,-13.81,-3.06,3.81,284.83,121.47,171.02,357.23,231.90,46.56,73.27,299.00,244.58,44.62,176.49,376.63,231.17,147.07,39.15,202.00,70.63,68.70,64.06,89.89,57.14,37.40,28.11,241.00,480.16,57.30,194.29,326.08,292.80,140.45,203.96,419.00,15.47,30.51,58.40,33.84,36.39,26.22,22.40,19.00,52.94,38.94,691.00,9.00,50.91,43.03,914.00,9.00,20.99,18.96,454.00,9.00,69.19,49.32,1221.00,9.00,8.11,6.54,130.00,6.00,1,주먹 쥐기 (Fist)
-21.50,-76.44,47.94,50.12,-0.12,311.18,114.66,161.31,287.21,143.80,42.64,75.50,210.00,241.05,54.77,157.39,397.54,242.02,160.58,32.41,223.00,80.57,82.34,31.54,111.04,92.80,14.20,22.49,277.00,484.84,27.84,216.29,302.08,327.96,135.52,161.87,464.00,11.96,34.93,42.94,18.60,19.44,12.64,39.33,36.00,45.82,34.75,722.00,6.00,52.60,44.51,946.00,9.00,24.09,20.94,490.00,11.00,70.36,52.48,1255.00,9.00,7.01,5.62,123.00,7.00,1,주먹 쥐기 (Fist)
8.00,-20.00,-11.38,-58.12,4.88,315.63,102.88,129.10,261.40,168.89,34.35,75.48,250.00,260.99,73.50,169.91,406.10,188.27,171.56,53.03,168.00,81.28,81.58,27.35,114.69,91.52,17.80,18.27,272.00,497.23,68.88,243.00,264.32,320.49,170.82,134.98,508.00,11.96,34.93,42.94,18.60,19.44,12.64,39.33,36.00,45.23,33.88,746.00,4.00,52.22,44.00,977.00,9.00,23.91,20.62,544.00,12.00,71.81,54.89,1333.00,10.00,7.01,5.62,112.00,7.00,1,주먹 쥐기 (Fist)
-24.00,23.31,-48.88,-124.00,3.88,315.63,102.88,129.10,261.40,168.89,34.35,75.48,250.00,252.72,74.86,158.91,416.83,186.93,181.64,59.68,157.00,98.13,115.77,42.94,144.62,126.15,57.71,22.70,232.00,554.79,145.09,321.60,229.80,399.77,92.78,167.51,426.00,22.56,49.52,27.92,11.05,15.51,8.91,31.22,20.00,45.23,33.88,762.00,5.00,52.46,44.69,956.00,9.00,26.88,23.39,564.00,10.00,77.68,59.88,1342.00,8.00,6.47,5.11,90.00,6.00,1,주먹 쥐기 (Fist)
-73.62,-52.69,-4.50,5.69,23.94,360.36,172.59,142.87,226.38,238.89,39.69,37.61,180.00,252.72,74.86,158.91,416.83,186.93,181.64,59.68,157.00,77.14,91.64,55.93,131.03,146.41,77.76,46.62,206.00,446.48,132.44,326.23,121.59,477.63,121.22,227.20,309.00,37.48,63.44,19.63,26.02,28.99,18.35,33.67,35.00,49.02,37.70,753.00,8.00,52.46,44.69,1022.00,10.00,25.85,21.56,561.00,9.00,72.90,53.69,1362.00,10.00,8.58,5.95,105.00,6.00,1,주먹 쥐기 (Fist)
-45.06,-1.44,-8.69,-35.56,-4.56,339.37,158.46,159.15,205.34,248.43,61.04,38.39,157.00,208.79,118.32,192.51,373.99,222.56,202.83,72.00,113.00,104.98,105.27,30.30,105.95,142.70,88.48,71.70,177.00,490.45,94.79,282.98,149.21,464.20,165.22,247.06,265.00,29.95,60.39,14.35,27.51,34.77,26.13,34.59,43.00,47.35,36.45,720.00,8.00,51.29,41.94,1021.00,9.00,25.50,21.06,518.00,8.00,73.46,55.38,1330.00,10.00,8.62,6.06,131.00,7.00,1,주먹 쥐기 (Fist)
2.44,9.56,-19.31,-27.25,3.25,331.38,160.08,166.40,202.08,253.71,57.77,39.63,165.00,208.79,118.32,192.51,373.99,222.56,202.83,72.00,113.00,95.11,107.41,29.11,111.83,133.41,86.56,78.95,167.00,450.37,137.54,309.03,181.82,421.58,198.23,257.31,222.00,32.15,59.14,17.33,24.70,34.04,27.91,34.23,46.00,47.34,36.31,728.00,9.00,51.29,41.94,988.00,9.00,24.91,20.44,485.00,7.00,71.71,53.03,1265.00,9.00,8.66,6.25,139.00,8.00,1,주먹 쥐기 (Fist)
-23.06,-13.81,-17.25,-25.19,8.69,308.94,180.90,167.34,224.37,231.21,52.59,31.57,141.00,194.91,117.65,190.23,395.38,201.15,185.10,71.22,91.00,124.32,80.54,60.60,139.29,112.55,63.47,98.24,134.00,474.39,119.12,325.33,164.58,405.81,206.16,257.11,189.00,37.04,50.87,21.63,29.21,42.91,30.23,39.13,37.00,46.24,34.81,704.00,9.00,50.64,40.56,955.00,9.00,25.05,20.53,452.00,6.00,71.99,53.86,1168.00,8.00,8.95,6.81,134.00,7.00,1,주먹 쥐기 (Fist)
-14.06,8.88,-2.25,1.75,7.44,320.63,165.67,181.52,219.25,231.45,42.82,29.45,125.00,197.89,125.19,200.61,393.02,194.82,174.18,69.07,80.00,113.89,96.52,53.23,132.10,122.34,47.83,105.18,118.00,441.23,129.12,230.28,89.31,475.10,184.42,243.20,92.00,46.83,32.74,21.55,46.62,36.81,13.78,23.66,57.00,46.38,35.57,672.00,8.00,50.45,39.88,870.00,9.00,24.66,19.66,429.00,5.00,68.21,49.53,1137.00,9.00,8.67,6.49,128.00,7.00,1,주먹 쥐기 (Fist)
-23.06,23.50,-20.50,-31.25,-3.75,314.09,173.35,169.78,203.97,246.58,27.73,29.72,109.00,239.49,7.20,151.46,278.44,278.18,138.04,103.46,38.00,132.43,74.37,36.29,93.48,164.70,24.85,118.97,74.00,441.23,129.12,230.28,89.31,475.10,184.42,243.20,92.00,47.85,32.18,19.75,45.54,34.14,16.75,26.29,54.00,45.72,34.70,656.00,8.00,45.56,35.44,818.00,9.00,24.65,19.25,432.00,9.00,68.21,49.53,1148.00,10.00,8.56,6.28,136.00,8.00,1,주먹 쥐기 (Fist)
-22.56,-10.19,39.25,77.00,-17.81,314.23,175.45,166.93,206.58,251.89,20.45,29.98,101.00,248.80,8.21,161.26,275.52,268.90,129.86,98.09,27.00,130.18,65.31,69.82,117.69,174.04,57.65,127.97,38.00,494.73,64.99,312.57,160.12,476.24,92.48,194.04,0.00,50.37,26.13,34.59,59.91,24.49,30.06,41.26,39.00,45.92,35.13,623.00,7.00,45.33,34.66,737.00,9.00,26.61,21.94,488.00,6.00,71.00,55.12,1085.00,6.00,9.67,7.34,143.00,7.00,1,주먹 쥐기 (Fist)
51.25,-45.00,87.06,116.06,-26.69,328.27,145.64,201.90,239.75,239.08,35.22,40.64,66.00,106.12,138.81,109.78,137.93,329.34,17.52,171.00,120.00,183.25,59.48,137.24,89.20,241.23,43.50,152.60,121.00,451.83,111.23,280.07,144.18,433.92,65.01,163.91,49.00,77.00,19.85,54.88,61.03,26.24,34.52,14.66,73.00,47.55,37.78,655.00,6.00,40.20,32.25,745.00,9.00,34.75,28.42,494.00,5.00,64.73,51.30,911.00,5.00,11.80,8.81,154.00,7.00,1,주먹 쥐기 (Fist)
177.44,44.44,-9.19,-55.25,-3.00,430.47,31.22,278.65,301.42,363.78,90.70,116.38,191.00,83.13,155.99,132.56,128.16,307.08,12.88,148.62,97.00,217.96,66.01,141.10,53.34,213.93,8.01,124.61,85.00,440.93,120.84,285.67,155.03,442.91,60.73,172.92,38.00,87.92,21.84,53.16,50.70,32.21,23.64,17.85,62.00,64.17,48.59,696.00,3.00,38.17,30.92,722.00,9.00,33.02,26.73,523.00,5.00,65.26,51.81,1028.00,5.00,11.67,8.50,166.00,3.00,1,주먹 쥐기 (Fist)
-18.06,-2.31,-2.69,21.06,15.75,454.28,42.19,271.96,283.62,354.03,74.18,92.44,167.00,124.66,157.43,117.12,88.32,304.61,56.86,105.25,53.00,194.25,77.09,161.14,60.90,223.74,22.25,102.64,61.00,451.59,118.05,274.81,153.64,440.69,51.16,183.72,27.00,68.94,34.27,72.34,61.07,51.53,13.48,29.53,42.00,63.48,47.84,858.00,4.00,36.48,28.06,711.00,9.00,32.63,25.20,522.00,5.00,65.43,52.67,1011.00,6.00,12.34,9.38,186.00,7.00,1,주먹 쥐기 (Fist)
-62.56,-52.25,-6.25,-56.25,-6.12,400.55,13.92,327.42,324.85,395.80,98.88,49.53,111.00,83.74,110.72,72.15,133.70,365.83,113.00,63.03,12.00,175.15,99.86,180.14,42.43,200.82,10.02,125.59,84.00,330.46,145.83,355.09,22.80,275.34,121.58,352.85,144.00,70.41,32.29,71.16,62.63,51.94,15.01,30.61,40.00,65.46,49.77,809.00,5.00,38.83,31.19,709.00,9.00,32.43,24.00,521.00,5.00,61.40,48.78,1051.00,11.00,12.39,9.50,196.00,8.00,1,주먹 쥐기 (Fist)
-38.00,-55.00,-28.81,-96.38,13.88,308.41,146.14,412.88,261.01,283.06,38.61,153.32,248.00,155.34,29.63,60.38,123.43,297.88,133.47,144.36,120.00,153.66,147.20,179.31,39.05,223.61,46.40,75.94,29.00,337.30,231.20,318.42,161.01,411.45,111.90,216.74,30.00,63.69,57.36,60.49,49.50,31.81,46.92,48.67,8.00,61.93,43.00,816.00,7.00,37.34,31.88,697.00,9.00,32.75,22.72,507.00,6.00,63.97,49.80,1034.00,9.00,12.21,9.23,198.00,8.00,1,주먹 쥐기 (Fist)
-59.06,12.75,1.19,30.25,1.88,319.07,277.44,385.55,115.21,274.89,139.04,109.68,89.00,198.81,55.38,89.92,86.56,267.45,89.76,119.74,76.00,152.08,142.42,193.27,28.65,214.50,57.85,68.25,13.00,323.67,229.97,338.43,164.92,409.08,133.90,211.62,52.00,63.69,57.36,60.49,49.50,31.81,46.92,48.67,8.00,59.40,37.21,735.00,6.00,34.80,29.69,643.00,7.00,32.56,22.37,474.00,6.00,64.40,51.34,1106.00,10.00,12.21,9.23,205.00,7.00,1,주먹 쥐기 (Fist)
10.44,-12.56,-20.19,-68.88,7.19,303.91,269.58,407.58,102.88,255.92,159.85,127.99,65.00,148.13,67.62,114.77,127.42,217.64,57.15,128.22,23.00,195.41,122.53,144.04,50.96,142.37,98.99,100.21,61.00,451.60,165.07,255.39,43.86,277.36,254.13,278.17,194.00,72.09,53.28,54.19,52.20,28.74,47.74,51.19,3.00,59.38,37.58,774.00,6.00,31.03,25.74,612.00,10.00,30.43,18.94,441.00,8.00,64.71,49.97,1103.00,10.00,12.32,9.36,206.00,6.00,1,주먹 쥐기 (Fist)
-34.06,28.69,-33.31,-27.56,20.88,353.50,248.01,369.92,155.36,208.20,184.47,182.80,9.00,119.31,111.36,157.21,111.20,222.24,54.82,102.87,67.00,223.46,103.81,163.49,51.55,148.83,98.58,72.85,31.00,440.60,173.84,247.90,34.13,269.10,258.59,288.13,205.00,92.55,36.27,68.94,33.29,14.33,62.00,56.39,18.00,59.84,37.46,790.00,6.00,31.74,26.23,612.00,10.00,31.59,20.81,416.00,8.00,64.37,49.45,1074.00,10.00,13.44,10.39,221.00,9.00,1,주먹 쥐기 (Fist)
-67.25,-2.25,-19.88,-1.75,2.69,414.42,196.38,402.51,149.97,203.47,204.86,124.00,70.00,129.64,88.73,155.22,143.69,195.82,50.83,81.31,100.00,198.51,128.32,140.64,75.71,130.88,119.49,48.07,6.00,338.31,287.99,144.65,101.24,254.64,316.86,173.27,90.00,95.50,33.27,71.58,31.76,17.32,59.02,54.22,15.00,62.25,40.06,773.00,8.00,30.87,24.97,569.00,10.00,29.99,19.25,385.00,7.00,57.82,44.06,970.00,9.00,13.46,10.56,218.00,8.00,1,주먹 쥐기 (Fist)
-2.12,15.69,-23.25,-21.00,6.62,356.77,257.88,342.54,211.68,150.62,264.72,87.57,132.00,142.13,101.42,96.66,166.53,141.67,56.21,46.70,165.00,222.16,108.01,141.50,74.67,106.76,144.74,23.50,20.00,365.99,262.14,141.91,98.15,216.80,360.71,132.41,46.00,83.35,45.10,74.42,19.85,27.55,50.85,40.72,0.00,60.28,37.42,812.00,6.00,28.86,22.36,537.00,10.00,30.58,20.53,384.00,6.00,57.83,43.38,948.00,10.00,12.47,9.78,192.00,5.00,1,주먹 쥐기 (Fist)
-4.12,25.31,12.69,20.25,-13.00,335.26,278.98,340.39,216.61,178.98,238.12,92.36,100.00,158.90,98.15,79.48,185.65,136.57,61.75,59.29,143.00,210.62,110.00,156.50,57.87,108.67,154.54,18.15,37.00,353.95,256.00,182.00,55.08,181.98,395.19,107.76,2.00,80.65,46.86,80.40,15.81,29.36,49.24,46.68,6.00,59.64,36.17,764.00,5.00,29.56,23.39,537.00,10.00,30.75,21.19,411.00,7.00,57.82,44.06,981.00,9.00,12.78,10.25,204.00,5.00,1,주먹 쥐기 (Fist)
11.88,-37.25,16.62,7.88,-12.12,335.26,278.98,340.39,216.61,178.98,238.12,92.36,100.00,106.80,143.48,78.90,216.93,84.09,114.93,111.93,88.00,202.53,95.62,182.72,71.40,76.63,162.01,29.06,4.00,358.44,240.05,197.87,64.64,175.96,392.49,110.86,24.00,81.27,42.99,87.83,28.46,15.36,61.48,33.43,8.00,59.64,36.17,756.00,5.00,30.87,25.47,581.00,10.00,30.82,21.34,417.00,7.00,57.76,44.02,992.00,9.00,13.15,11.11,198.00,5.00,1,주먹 쥐기 (Fist)
59.12,6.06,-11.69,-83.50,13.50,349.86,230.20,398.70,212.72,110.58,289.25,89.80,24.00,117.80,133.02,87.35,208.74,76.73,124.18,122.77,77.00,203.69,91.22,181.78,75.45,79.87,157.53,26.57,9.00,320.60,314.05,232.81,42.54,103.89,443.30,123.62,98.00,78.45,47.87,91.10,27.17,14.33,67.17,29.48,14.00,61.48,40.70,800.00,5.00,30.89,25.45,603.00,10.00,30.68,21.11,429.00,8.00,61.54,48.25,1055.00,11.00,13.45,11.44,224.00,6.00,1,주먹 쥐기 (Fist)
-99.81,-63.56,9.62,13.19,-2.81,297.32,325.71,432.15,117.15,62.20,386.14,132.64,73.00,49.97,187.65,45.04,162.93,139.92,166.82,200.95,9.00,210.44,80.69,171.06,69.77,85.21,168.03,29.25,2.00,312.55,321.96,243.49,52.39,111.23,432.31,123.13,87.00,87.01,37.17,80.39,16.28,24.92,72.89,28.80,25.00,66.63,45.14,957.00,6.00,34.70,29.42,656.00,9.00,30.78,21.80,430.00,9.00,61.34,47.56,1118.00,11.00,13.33,11.19,230.00,6.00,1,주먹 쥐기 (Fist)
19.19,13.50,-17.69,-78.19,-2.81,321.72,300.61,400.22,114.11,93.22,408.50,148.97,105.00,57.36,193.63,77.80,132.42,116.01,170.82,177.53,24.00,214.85,78.54,168.19,65.37,80.29,165.73,29.47,3.00,244.98,332.40,265.41,71.51,156.24,485.80,116.84,161.00,87.01,37.17,80.39,16.28,24.92,72.89,28.80,25.00,66.75,46.04,1078.00,7.00,32.93,27.88,698.00,10.00,30.58,21.52,395.00,9.00,64.54,52.19,1100.00,11.00,13.33,11.19,215.00,6.00,1,주먹 쥐기 (Fist)
-12.81,44.44,-9.44,54.50,12.19,321.72,300.61,400.22,114.11,93.22,408.50,148.97,105.00,37.19,211.93,68.92,122.18,134.00,199.43,169.64,57.00,163.15,77.00,146.37,60.41,86.06,188.71,71.41,55.00,186.27,306.69,229.76,54.13,106.89,484.86,139.09,102.00,55.57,42.28,55.52,16.28,50.20,100.77,19.84,7.00,66.75,46.04,1034.00,7.00,34.70,29.42,687.00,9.00,28.95,19.44,347.00,7.00,59.66,48.50,1193.00,12.00,12.90,10.71,221.00,7.00,1,주먹 쥐기 (Fist)
-23.06,19.00,-2.88,29.50,-6.44,230.57,251.27,336.07,149.68,163.10,477.07,186.77,13.00,40.88,266.56,120.98,68.95,82.83,147.94,165.17,2.00,68.04,97.95,43.80,52.00,19.14,88.29,33.67,50.00,72.50,196.81,105.27,75.80,138.11,399.82,77.73,230.00,37.71,44.34,32.08,28.02,35.87,76.94,31.27,19.00,65.00,42.69,916.00,7.00,34.02,27.88,621.00,10.00,15.15,13.23,253.00,7.00,46.12,40.50,1054.00,11.00,10.30,9.06,215.00,10.00,1,주먹 쥐기 (Fist)
21.06,-30.50,83.12,158.00,-22.56,121.14,98.92,159.51,125.73,122.73,285.51,97.21,207.00,79.87,205.80,98.51,91.92,126.15,142.53,161.85,86.00,126.78,125.84,115.31,110.92,91.09,30.21,112.34,130.00,221.79,380.35,215.90,208.93,178.08,220.84,182.13,414.00,41.97,51.50,32.26,37.80,47.47,73.88,44.86,33.00,38.85,31.20,754.00,8.00,32.24,27.88,632.00,9.00,26.19,18.86,339.00,8.00,61.46,48.75,1117.00,10.00,11.58,9.94,212.00,9.00,1,주먹 쥐기 (Fist)
156.06,98.81,-55.62,-98.06,3.00,150.48,239.05,187.63,253.93,265.56,239.15,168.57,351.00,13.51,210.61,22.97,169.00,211.45,225.59,172.85,177.00,99.11,58.67,126.53,101.98,124.51,90.21,175.25,198.00,143.31,298.10,282.57,212.32,188.40,106.78,312.96,573.00,43.62,60.44,25.51,43.86,40.81,68.76,36.07,24.00,55.71,39.56,850.00,7.00,40.96,32.54,713.00,11.00,29.79,21.03,477.00,9.00,65.15,52.31,1295.00,10.00,11.22,9.38,215.00,7.00,1,주먹 쥐기 (Fist)
-50.00,-36.81,34.56,77.00,5.00,146.29,227.18,196.23,249.61,270.47,249.44,177.05,366.00,20.96,205.88,13.24,173.09,210.47,216.66,173.17,167.00,95.51,84.71,97.58,73.76,116.19,116.24,198.31,227.00,151.30,268.23,180.43,118.79,147.62,182.81,396.28,684.00,48.02,49.00,40.92,56.04,49.50,53.32,25.00,8.00,56.42,40.50,1041.00,8.00,40.32,31.84,837.00,12.00,31.04,23.30,543.00,9.00,67.76,55.00,1426.00,11.00,10.99,9.00,196.00,8.00,1,주먹 쥐기 (Fist)
-4.00,-7.19,25.50,24.69,-13.38,144.63,229.46,180.77,234.20,259.02,265.44,181.58,382.00,68.41,155.42,46.55,126.61,164.07,238.67,157.22,221.00,90.33,113.57,93.90,99.01,164.36,107.75,176.64,178.00,196.69,194.85,226.16,217.85,260.62,73.44,349.16,567.00,33.61,53.18,44.38,46.39,74.61,32.61,33.08,18.00,56.22,39.50,1057.00,8.00,37.51,28.04,805.00,11.00,31.29,24.19,518.00,8.00,64.42,49.86,1343.00,10.00,11.17,9.33,204.00,7.00,1,주먹 쥐기 (Fist)
23.06,-27.12,24.38,25.38,-10.62,131.87,195.43,188.33,225.44,333.58,216.42,202.55,303.00,46.45,186.62,38.63,148.55,137.28,232.40,143.33,254.00,88.00,115.57,111.58,112.61,155.75,95.21,176.56,196.00,193.70,205.30,215.55,213.85,266.88,72.04,350.72,556.00,27.65,50.05,56.37,58.31,73.42,33.87,22.88,6.00,54.98,37.68,1018.00,8.00,38.14,29.62,805.00,10.00,31.86,25.45,492.00,7.00,64.10,49.34,1235.00,9.00,11.50,10.00,200.00,7.00,1,주먹 쥐기 (Fist)
55.38,35.44,4.75,19.31,-7.62,127.67,159.45,231.21,268.37,332.16,209.86,172.40,346.00,75.24,168.21,19.48,190.56,162.18,192.09,114.53,309.00,80.91,103.23,127.44,98.84,139.77,121.14,186.99,170.00,203.77,127.28,246.40,127.06,230.95,154.80,409.93,459.00,20.71,38.36,63.79,62.03,59.10,43.87,38.49,22.00,56.68,40.70,1005.00,7.00,39.00,30.62,827.00,10.00,31.48,24.62,495.00,7.00,61.57,44.52,1193.00,7.00,11.51,9.95,187.00,7.00,1,주먹 쥐기 (Fist)
25.31,3.81,41.56,80.56,-9.44,123.48,95.45,266.57,272.81,272.32,261.81,231.86,281.00,67.17,156.95,30.47,179.01,183.64,170.12,100.83,331.00,82.46,41.90,118.95,43.42,221.75,80.49,134.62,253.00,233.55,182.20,196.49,115.83,353.30,66.96,301.26,583.00,30.69,4.97,53.32,31.83,89.38,9.02,8.91,13.00,56.30,40.31,994.00,7.00,38.50,29.41,827.00,9.00,31.91,24.69,522.00,9.00,64.33,44.90,1229.00,7.00,10.10,8.67,173.00,7.00,1,주먹 쥐기 (Fist)
68.62,55.62,14.81,86.12,0.06,178.62,132.25,236.03,123.98,401.19,115.56,77.19,436.00,86.71,221.73,42.53,124.48,206.76,127.80,58.48,398.00,99.32,21.01,87.62,87.21,214.32,62.61,170.27,209.00,266.28,285.20,100.20,213.19,314.63,89.72,402.70,480.00,35.54,3.09,46.02,26.93,89.92,14.98,11.34,5.00,55.61,40.55,978.00,7.00,41.05,31.80,861.00,8.00,31.41,23.79,541.00,9.00,68.02,49.02,1219.00,7.00,9.91,8.07,179.00,6.00,1,주먹 쥐기 (Fist)
13.56,0.31,-29.50,-79.19,-7.69,194.77,165.04,207.88,114.42,405.12,128.35,107.25,403.00,84.03,212.55,36.09,132.32,200.12,131.39,52.22,409.00,100.51,19.41,82.77,87.69,209.86,66.60,165.33,214.00,264.54,256.89,136.69,227.34,350.29,102.87,444.57,437.00,46.38,21.97,33.67,45.22,70.92,21.71,20.07,25.00,55.54,40.44,1031.00,7.00,40.96,31.14,906.00,8.00,31.09,23.44,548.00,9.00,70.31,52.04,1343.00,7.00,9.69,7.94,168.00,6.00,1,주먹 쥐기 (Fist)
-11.94,-96.75,54.06,-12.81,-13.31,196.47,170.22,201.28,122.33,397.34,130.68,101.54,411.00,166.20,226.33,152.11,103.82,325.02,53.24,171.34,282.00,108.26,40.17,92.65,33.84,254.24,15.10,219.20,159.00,274.51,260.61,136.81,247.54,332.64,110.73,426.75,459.00,48.89,26.13,37.93,47.42,75.13,15.72,14.21,19.00,55.39,39.94,1040.00,8.00,47.63,37.28,945.00,8.00,34.07,26.56,629.00,8.00,70.36,52.44,1397.00,6.00,10.09,8.31,174.00,6.00,1,주먹 쥐기 (Fist)
19.50,-25.44,38.81,40.38,-11.06,194.10,170.44,208.12,128.41,412.57,108.86,113.13,386.00,155.29,216.19,146.38,114.16,327.92,47.31,182.13,271.00,114.36,65.90,128.54,40.61,262.81,39.13,189.87,195.00,240.92,224.15,177.96,267.88,347.22,154.05,405.59,504.00,49.44,26.70,41.56,43.83,76.67,18.58,18.18,23.00,55.61,40.81,1021.00,8.00,47.18,36.51,973.00,7.00,35.49,28.81,614.00,7.00,71.12,54.67,1357.00,7.00,10.32,8.56,150.00,5.00,1,주먹 쥐기 (Fist)
54.94,17.88,1.06,31.56,10.50,190.58,164.76,217.11,119.97,416.95,117.65,111.78,395.00,144.69,206.01,153.38,118.19,336.57,57.88,173.07,282.00,115.96,77.19,140.03,65.00,234.92,38.52,204.92,167.00,123.42,85.13,293.14,395.25,206.22,81.60,435.80,363.00,48.32,23.14,42.35,40.52,67.67,19.92,11.14,14.00,56.12,41.30,892.00,7.00,47.37,37.11,942.00,7.00,34.89,27.20,628.00,7.00,66.71,49.62,1261.00,9.00,9.48,8.00,154.00,6.00,1,주먹 쥐기 (Fist)
-28.12,12.50,-39.62,-112.81,-0.31,141.08,69.56,273.43,124.34,320.93,103.62,125.97,298.00,94.06,190.77,236.47,52.80,265.58,46.58,230.41,196.00,128.99,91.90,165.37,86.28,220.02,73.72,216.50,130.00,223.44,165.29,318.16,443.76,192.28,177.57,446.93,257.00,47.16,20.64,39.89,43.42,68.80,17.20,12.32,17.00,47.51,35.52,848.00,6.00,44.10,32.62,867.00,6.00,36.34,29.80,644.00,8.00,72.71,56.98,1316.00,8.00,9.46,7.85,165.00,7.00,1,주먹 쥐기 (Fist)
-78.19,-68.81,-39.00,-112.19,15.81,199.16,144.18,313.11,63.29,312.54,177.77,158.87,219.00,114.39,144.80,234.65,124.95,296.07,121.43,273.64,121.00,136.91,101.75,174.44,93.51,212.68,65.48,216.65,140.00,233.34,168.70,328.16,452.13,182.62,168.85,448.72,267.00,57.70,34.54,52.34,42.11,59.86,5.76,19.78,31.00,51.61,39.94,871.00,6.00,47.54,37.71,920.00,7.00,36.93,30.50,639.00,8.00,73.63,57.77,1187.00,7.00,10.28,8.84,165.00,8.00,1,주먹 쥐기 (Fist)
-88.38,-22.69,7.88,38.06,4.75,259.17,183.88,372.56,119.64,256.72,128.47,153.73,280.00,143.98,84.64,298.96,130.63,230.96,90.67,259.29,187.00,104.21,76.68,178.69,118.81,182.08,69.40,232.91,174.00,223.08,173.83,323.89,458.75,175.52,166.19,455.44,279.00,43.29,27.52,54.68,27.17,45.31,17.85,30.11,46.00,55.86,43.75,869.00,6.00,46.82,36.94,940.00,7.00,36.46,29.09,688.00,9.00,73.96,58.33,1305.00,7.00,9.14,7.78,160.00,8.00,1,주먹 쥐기 (Fist)
1.62,85.06,-86.12,-171.00,7.44,212.79,187.36,366.72,115.97,222.79,135.93,181.89,328.00,140.50,151.71,266.95,196.00,227.02,140.86,286.63,255.00,168.11,95.05,116.16,96.19,198.81,130.47,287.59,238.00,354.51,54.31,227.58,328.75,307.79,301.55,609.91,454.00,48.28,25.37,49.71,27.07,45.04,22.41,33.08,51.00,54.72,40.95,930.00,7.00,51.42,41.19,997.00,7.00,42.17,34.09,695.00,9.00,86.11,72.00,1385.00,7.00,9.31,8.13,146.00,7.00,1,주먹 쥐기 (Fist)
-112.81,-104.50,-11.75,-38.81,17.31,301.73,115.35,275.97,18.03,285.85,234.91,280.50,433.00,117.39,121.71,221.76,192.90,295.58,210.65,345.73,326.00,248.68,118.48,92.99,182.10,112.88,74.05,202.12,152.00,496.24,169.94,39.55,496.32,198.23,130.52,415.00,259.00,80.23,15.19,44.76,7.28,18.82,32.42,39.72,17.00,61.88,48.34,907.00,7.00,57.24,45.62,1056.00,7.00,38.36,31.53,621.00,8.00,78.32,68.36,1239.00,6.00,9.62,8.44,133.00,6.00,1,주먹 쥐기 (Fist)
-84.12,-82.25,11.88,-72.31,-20.75,489.49,130.94,147.08,250.20,116.71,123.10,53.98,198.00,179.64,283.25,45.34,387.94,241.27,183.96,153.79,130.00,189.93,155.25,21.89,198.81,117.07,135.89,121.05,66.00,475.93,154.03,76.88,481.17,231.96,136.63,377.78,219.00,58.89,34.29,15.06,33.73,12.19,63.34,68.33,14.00,55.36,46.86,714.00,4.00,55.14,45.12,931.00,8.00,34.14,26.97,558.00,8.00,75.36,65.23,1088.00,5.00,10.80,9.09,170.00,7.00,1,주먹 쥐기 (Fist)
42.31,30.31,-43.06,-34.38,21.69,429.84,122.36,63.28,267.44,210.85,220.50,89.48,93.00,158.11,234.19,44.71,395.59,294.34,235.78,99.10,75.00,212.87,90.54,86.61,141.74,182.04,199.25,91.32,1.00,499.82,140.96,126.28,378.82,326.88,240.46,309.57,108.00,61.22,25.92,22.81,33.06,17.92,69.70,77.29,23.00,54.53,44.77,800.00,5.00,55.42,45.48,1014.00,8.00,35.61,29.30,611.00,9.00,73.71,64.33,1074.00,5.00,11.68,9.73,193.00,7.00,1,주먹 쥐기 (Fist)
-45.69,-2.00,15.94,107.56,11.44,434.64,94.29,95.11,237.80,233.30,248.99,121.22,61.00,156.88,237.32,51.16,384.84,300.97,245.56,89.76,64.00,212.87,90.54,86.61,141.74,182.04,199.25,91.32,1.00,511.57,193.93,69.73,420.47,332.30,313.44,309.33,27.00,63.29,26.81,29.89,53.04,30.25,71.63,60.24,3.00,55.65,47.27,858.00,5.00,55.39,45.12,1025.00,8.00,35.61,29.30,670.00,10.00,78.35,68.76,1221.00,6.00,11.90,10.06,200.00,7.00,1,주먹 쥐기 (Fist)
10.81,-13.00,-30.00,-173.12,-22.50,433.08,86.47,97.83,241.11,236.17,246.41,113.57,69.00,156.88,237.32,51.16,384.84,300.97,245.56,89.76,64.00,204.95,97.44,64.71,184.27,150.47,196.22,125.92,48.00,425.40,27.71,172.16,606.16,193.75,441.76,454.57,186.00,67.63,12.38,40.59,56.30,45.49,86.60,53.42,14.00,55.52,46.89,879.00,6.00,55.39,45.12,970.00,7.00,36.21,30.50,701.00,9.00,89.94,78.75,1515.00,7.00,13.13,11.12,233.00,8.00,1,주먹 쥐기 (Fist)
-16.50,-8.88,-18.69,82.06,39.62,396.97,78.98,68.93,310.58,161.17,222.51,177.73,6.00,115.11,175.63,86.23,449.54,235.61,223.91,100.37,2.00,196.96,117.15,44.66,176.17,171.15,210.70,105.66,27.00,451.95,17.31,173.70,589.34,148.83,447.24,498.41,231.00,48.36,58.36,20.59,20.25,65.49,130.87,74.60,60.00,53.92,45.44,885.00,7.00,53.72,42.38,937.00,7.00,36.53,31.69,669.00,9.00,91.83,81.56,1704.00,8.00,16.62,13.38,294.00,7.00,1,주먹 쥐기 (Fist)
-42.50,13.81,-14.75,20.75,11.19,343.24,155.71,36.36,293.90,206.40,291.45,135.97,74.00,106.92,165.38,84.29,447.67,238.42,233.14,92.05,9.00,161.68,175.73,45.82,118.70,168.53,147.71,168.47,90.00,374.96,79.21,87.52,504.75,135.53,401.84,588.23,322.00,44.29,76.55,43.54,42.58,76.95,120.17,54.13,37.00,54.38,46.94,863.00,7.00,53.47,41.69,903.00,8.00,34.90,29.59,645.00,9.00,87.81,75.88,1759.00,8.00,16.66,13.44,312.00,9.00,1,주먹 쥐기 (Fist)
17.38,113.62,-21.69,47.81,-0.94,278.50,224.95,63.31,216.23,247.83,219.04,151.27,4.00,140.10,181.94,118.33,482.26,212.17,267.38,60.53,44.00,129.68,203.13,93.02,149.24,121.61,185.13,126.31,41.00,296.70,152.18,59.06,478.30,58.76,478.53,520.48,241.00,43.70,77.02,44.26,42.95,75.02,119.44,56.11,39.00,49.31,42.67,865.00,8.00,57.31,43.88,949.00,8.00,34.78,28.86,611.00,8.00,82.72,70.81,1613.00,7.00,16.64,13.31,315.00,10.00,1,주먹 쥐기 (Fist)
-11.06,-8.31,-30.75,-39.19,6.81,224.13,252.38,81.51,229.40,194.26,244.18,158.02,53.00,107.37,191.42,103.66,488.21,182.26,287.07,28.55,77.00,117.62,202.35,97.17,159.96,132.18,183.13,134.77,56.00,296.70,152.18,59.06,478.30,58.76,478.53,520.48,241.00,35.04,69.01,33.20,23.77,79.95,137.97,36.90,19.00,48.16,40.94,872.00,9.00,57.05,42.85,968.00,8.00,35.42,29.56,534.00,7.00,82.72,70.81,1635.00,7.00,16.45,12.91,318.00,11.00,1,주먹 쥐기 (Fist)
-30.62,-2.50,25.31,78.31,-7.94,169.23,248.43,73.69,281.60,201.73,261.79,129.94,2.00,183.63,119.97,68.14,407.49,206.24,290.81,54.46,160.00,71.85,170.66,69.75,131.93,156.14,156.48,131.34,7.00,347.08,177.67,57.12,467.40,68.80,465.11,532.50,297.00,30.01,58.78,21.22,22.20,88.99,127.15,46.45,31.00,48.51,41.38,862.00,9.00,53.16,38.62,907.00,8.00,30.96,26.02,574.00,8.00,84.89,74.31,1700.00,8.00,15.82,12.07,330.00,12.00,1,주먹 쥐기 (Fist)
65.81,69.94,27.56,167.38,-3.88,177.34,254.63,81.20,284.29,194.73,270.23,123.95,11.00,258.26,32.50,41.34,438.73,118.03,348.69,43.37,71.00,36.08,135.45,33.93,101.02,121.72,190.83,118.08,43.00,418.40,271.81,152.01,561.66,144.18,418.74,552.42,202.00,24.09,44.12,19.84,37.12,76.22,132.61,39.80,16.00,49.22,41.96,923.00,10.00,56.03,43.20,941.00,8.00,27.54,23.49,538.00,8.00,93.09,80.25,1795.00,8.00,15.16,11.12,314.00,11.00,1,주먹 쥐기 (Fist)
92.81,99.94,-12.75,30.19,-8.19,177.34,254.63,81.20,284.29,194.73,270.23,123.95,11.00,315.99,72.87,73.01,511.79,156.18,268.72,37.01,151.00,11.51,101.29,38.91,130.87,131.29,154.75,147.61,0.00,397.34,238.39,142.39,558.32,179.39,377.18,582.06,157.00,31.09,50.66,8.98,39.56,79.24,129.15,42.30,5.00,49.22,41.96,873.00,10.00,61.35,49.08,976.00,8.00,26.81,22.06,538.00,8.00,91.53,77.44,1784.00,7.00,15.29,11.46,308.00,10.00,1,주먹 쥐기 (Fist)
30.81,9.62,-31.50,-85.19,19.00,183.41,266.31,79.07,279.69,196.83,276.08,108.02,27.00,310.81,62.73,75.41,516.03,151.84,261.31,46.97,162.00,30.86,102.99,58.20,144.25,146.18,158.75,128.70,20.00,397.02,238.70,151.44,568.32,181.61,386.52,572.98,167.00,10.44,59.83,35.03,16.12,108.22,104.73,65.61,24.00,49.69,43.09,879.00,9.00,61.19,48.22,981.00,7.00,27.82,23.00,558.00,8.00,92.07,78.06,1900.00,8.00,15.92,12.25,320.00,10.00,1,주먹 쥐기 (Fist)
-98.31,-84.12,-2.12,-27.38,4.19,191.42,270.14,138.83,339.93,257.69,259.27,51.98,89.00,309.82,58.83,95.33,534.46,171.84,260.83,35.63,142.00,21.28,94.92,57.31,151.49,155.06,154.01,118.70,30.00,381.40,203.71,119.37,568.90,232.21,410.18,522.04,218.00,11.98,56.91,34.61,13.60,109.49,101.76,68.60,27.00,54.82,46.81,998.00,10.00,62.69,49.16,1034.00,8.00,27.67,22.53,539.00,7.00,90.28,74.88,1810.00,7.00,15.86,12.06,323.00,9.00,1,주먹 쥐기 (Fist)
-23.12,-11.81,15.31,40.75,0.81,174.51,246.90,124.93,347.32,274.21,236.35,45.06,118.00,305.96,51.92,90.85,538.76,176.53,253.29,37.36,131.00,41.26,117.78,37.15,137.06,155.14,132.37,98.29,53.00,402.65,237.51,102.28,534.96,250.40,403.21,490.17,252.00,7.44,62.10,29.46,17.80,105.61,98.31,74.35,33.00,53.60,45.00,982.00,9.00,62.51,48.64,995.00,7.00,26.28,20.73,457.00,7.00,88.94,72.75,1656.00,7.00,15.81,11.79,323.00,9.00,1,주먹 쥐기 (Fist)
40.88,100.44,0.31,93.81,-6.88,174.51,246.90,124.93,347.32,274.21,236.35,45.06,118.00,298.05,40.19,99.91,549.78,184.57,265.28,31.04,143.00,43.97,91.71,97.71,92.44,102.29,78.02,78.51,117.00,209.79,166.31,357.28,578.69,245.73,245.48,352.38,507.00,11.99,60.89,33.73,21.26,100.83,99.42,78.34,38.00,53.60,45.00,925.00,9.00,63.63,49.58,914.00,7.00,21.29,17.77,399.00,6.00,84.20,68.54,1605.00,7.00,15.90,12.14,319.00,9.00,1,주먹 쥐기 (Fist)
83.00,-18.38,67.19,62.88,-18.00,39.84,193.65,293.57,339.72,104.46,182.72,209.97,292.00,219.42,62.19,186.84,520.50,103.27,206.49,117.11,50.00,108.77,142.39,128.07,49.73,164.77,104.19,77.40,51.00,139.67,273.39,412.82,478.18,325.41,347.63,358.23,396.00,41.97,81.31,42.48,46.82,107.69,75.24,67.68,8.00,53.89,45.75,964.00,9.00,57.70,45.22,1017.00,8.00,27.43,22.89,441.00,8.00,85.09,69.11,1598.00,9.00,16.36,12.75,292.00,8.00,1,주먹 쥐기 (Fist)
64.56,-2.94,-1.69,-39.75,-9.25,144.70,325.00,359.72,194.79,186.25,112.59,73.88,141.00,121.77,163.36,226.03,419.15,123.43,205.65,25.73,155.00,76.58,109.83,146.18,19.10,172.72,107.64,85.44,17.00,113.50,309.40,393.14,460.10,290.08,310.37,368.23,438.00,24.94,61.47,55.16,56.85,94.23,55.26,74.83,12.00,52.79,44.38,840.00,8.00,51.42,40.66,923.00,7.00,26.30,20.45,453.00,8.00,83.24,66.16,1667.00,10.00,14.86,11.50,259.00,7.00,1,주먹 쥐기 (Fist)
7.19,-33.19,34.25,-9.50,-13.44,114.44,286.77,382.50,213.91,182.51,90.43,69.49,99.00,165.54,142.33,252.43,408.52,107.96,187.06,51.15,199.00,130.88,150.05,85.35,79.25,131.38,93.83,109.68,48.00,82.63,324.36,349.19,500.85,283.89,325.09,341.95,394.00,45.63,82.17,31.54,39.00,66.73,41.98,99.01,41.00,51.43,42.09,810.00,7.00,52.09,41.03,923.00,6.00,26.88,22.19,434.00,8.00,82.24,63.06,1553.00,9.00,14.84,11.37,256.00,7.00,1,주먹 쥐기 (Fist)
-18.31,-11.88,6.69,49.44,-8.44,123.50,295.40,359.16,234.57,160.87,69.17,85.18,75.00,155.08,138.22,242.02,419.32,97.25,177.24,62.07,210.00,116.40,150.29,86.52,86.33,108.57,81.63,118.25,71.00,124.70,344.32,367.48,485.84,239.88,310.75,303.98,347.00,56.88,85.91,41.19,54.12,68.73,35.51,83.11,25.00,50.56,40.40,778.00,7.00,51.87,40.69,934.00,6.00,25.92,20.39,414.00,7.00,79.64,60.49,1315.00,9.00,14.91,11.30,225.00,6.00,1,주먹 쥐기 (Fist)
54.00,28.00,-9.94,-18.50,19.44,134.22,282.32,355.28,258.21,195.73,111.49,47.24,118.00,114.03,83.37,247.29,412.17,146.43,241.02,18.42,144.00,118.92,142.78,95.05,77.41,106.54,72.28,119.48,81.00,66.40,169.63,513.77,306.81,171.27,177.87,131.69,156.00,55.18,116.94,20.90,62.68,41.13,27.69,37.30,25.00,52.33,42.75,821.00,7.00,51.63,42.12,978.00,7.00,25.57,19.92,420.00,8.00,61.35,48.00,1113.00,9.00,14.04,11.38,191.00,6.00,1,주먹 쥐기 (Fist)
-43.50,34.19,-28.69,-24.62,6.31,135.91,303.06,333.54,277.65,193.24,127.37,25.08,142.00,133.19,6.38,323.35,335.21,176.65,210.26,65.89,221.00,122.48,162.76,80.17,70.09,124.02,54.39,116.60,101.00,27.50,246.76,452.04,348.02,247.38,108.11,61.85,78.00,38.91,87.03,10.94,41.34,14.44,41.33,33.50,55.00,53.25,44.44,889.00,8.00,51.45,43.39,967.00,7.00,26.50,20.86,440.00,8.00,60.39,46.20,1057.00,8.00,10.99,9.27,179.00,6.00,1,주먹 쥐기 (Fist)
-36.44,-51.75,22.25,38.88,-3.81,128.68,288.67,344.90,269.45,179.22,128.41,10.52,157.00,108.32,37.67,308.02,335.66,208.97,228.91,94.98,254.00,105.75,142.37,73.24,102.42,150.56,56.36,106.39,134.00,36.17,216.90,437.89,393.91,281.81,53.95,18.47,22.00,32.19,78.78,23.44,53.71,28.01,42.95,26.56,41.00,52.48,43.38,842.00,7.00,52.89,44.94,953.00,7.00,27.02,22.09,483.00,9.00,61.12,48.00,1102.00,8.00,10.77,8.77,178.00,6.00,1,주먹 쥐기 (Fist)
42.94,8.25,-2.00,-57.00,-3.69,101.18,271.35,334.74,305.95,210.67,157.62,52.52,115.00,47.99,107.35,366.83,255.86,207.97,149.85,69.12,174.00,92.55,147.78,55.35,101.04,155.30,39.03,118.28,114.00,49.04,205.32,502.76,362.68,260.95,66.09,58.29,44.00,30.93,79.25,23.70,54.56,27.65,41.21,27.88,43.00,53.63,45.68,892.00,7.00,48.37,38.69,884.00,7.00,26.49,21.00,496.00,10.00,62.85,51.00,1115.00,8.00,10.80,8.86,169.00,5.00,1,주먹 쥐기 (Fist)
-16.06,-4.81,1.75,-27.38,-5.81,88.56,278.39,319.10,313.70,215.39,141.69,38.25,131.00,75.24,95.84,338.42,260.65,240.33,123.92,91.65,141.00,64.28,180.94,34.09,65.07,119.49,74.84,87.75,150.00,10.34,247.10,476.02,314.01,208.16,120.04,106.17,98.00,19.99,91.56,14.03,42.44,17.21,54.86,16.22,29.00,53.19,44.56,927.00,8.00,47.50,37.14,884.00,8.00,25.17,19.25,449.00,10.00,59.96,48.05,1027.00,7.00,10.74,8.49,158.00,4.00,1,주먹 쥐기 (Fist)
-18.50,-47.44,-7.50,-54.12,-3.00,53.05,315.83,298.41,280.69,176.47,169.24,68.71,92.00,53.31,85.65,335.50,282.21,252.98,124.99,112.93,119.00,90.46,155.87,20.42,72.01,108.59,95.48,61.19,178.00,98.53,149.55,417.89,371.21,169.65,204.70,192.31,198.00,22.70,88.73,17.03,44.20,14.29,56.60,13.52,26.00,51.47,42.12,830.00,7.00,48.56,38.17,850.00,7.00,24.78,18.44,460.00,11.00,60.71,47.89,965.00,7.00,10.67,8.38,156.00,4.00,1,주먹 쥐기 (Fist)
-29.88,-50.56,14.88,-11.00,-2.88,126.63,254.23,258.80,328.10,157.93,190.33,129.66,18.00,61.01,46.78,232.33,321.91,322.80,76.22,18.31,229.00,96.44,154.29,15.17,66.65,103.98,94.77,67.19,172.00,257.97,159.42,258.23,271.98,86.73,209.85,136.51,36.00,20.70,89.61,16.45,45.80,14.15,56.34,11.53,24.00,51.04,41.50,819.00,7.00,48.42,37.19,825.00,9.00,24.51,18.02,439.00,11.00,48.69,37.88,858.00,5.00,10.69,8.45,151.00,4.00,1,주먹 쥐기 (Fist)
-1.06,-32.12,-3.38,-69.62,-3.06,201.13,256.54,181.97,279.01,93.27,225.63,94.49,95.00,195.63,140.93,162.10,216.93,208.31,190.96,130.52,94.00,79.20,145.07,33.69,77.99,86.58,108.73,85.98,152.00,335.92,244.49,257.49,197.63,165.74,132.62,115.40,122.00,23.52,90.60,14.13,44.10,16.96,54.02,8.68,21.00,47.62,36.82,782.00,7.00,42.65,32.88,744.00,9.00,23.85,16.92,436.00,12.00,51.83,41.20,806.00,6.00,10.61,8.34,122.00,3.00,1,주먹 쥐기 (Fist)
-7.56,11.88,-10.56,29.75,22.94,221.43,276.63,176.05,259.40,115.69,201.93,91.37,71.00,195.63,140.93,162.10,216.93,208.31,190.96,130.52,94.00,66.61,113.09,51.87,56.36,87.49,73.81,63.35,187.00,255.73,160.62,127.31,161.51,274.33,27.98,152.71,260.00,23.52,90.60,14.13,44.10,16.96,54.02,8.68,21.00,47.51,36.13,657.00,8.00,42.65,32.88,693.00,9.00,21.23,15.01,411.00,12.00,45.64,38.19,853.00,7.00,10.61,8.34,133.00,4.00,1,주먹 쥐기 (Fist)
-6.88,47.19,-15.56,-47.25,-12.69,177.70,164.89,100.72,211.44,169.95,126.22,117.61,46.00,144.18,228.42,87.13,164.03,70.43,197.23,119.80,233.00,66.61,113.09,51.87,56.36,87.49,73.81,63.35,187.00,255.73,160.62,127.31,161.51,274.33,27.98,152.71,260.00,23.95,70.33,25.77,37.05,33.20,70.33,26.69,43.00,36.80,30.59,588.00,6.00,38.81,31.06,664.00,9.00,21.23,15.01,400.00,11.00,45.64,38.19,864.00,7.00,10.91,8.03,167.00,5.00,1,주먹 쥐기 (Fist)
-16.88,-48.81,27.62,60.94,-5.88,189.70,155.49,68.89,180.06,183.52,117.58,109.90,14.00,133.76,196.92,58.39,196.02,58.28,227.29,146.48,265.00,87.34,103.03,23.12,73.55,64.73,81.46,76.57,216.00,275.28,203.55,146.97,161.64,231.66,72.23,158.12,305.00,35.03,67.28,26.61,50.04,24.75,69.43,18.67,30.00,35.02,29.20,532.00,5.00,40.52,33.06,649.00,9.00,22.40,17.39,434.00,9.00,48.03,41.70,906.00,8.00,10.90,7.55,165.00,4.00,1,주먹 쥐기 (Fist)
23.56,-9.75,13.88,-0.38,-13.06,196.59,160.63,64.92,182.17,174.59,124.91,107.68,23.00,115.19,163.13,73.43,224.76,69.68,135.64,37.35,152.00,114.64,120.28,24.49,95.13,59.57,55.87,54.24,188.00,210.45,132.28,60.66,72.73,182.61,147.28,171.97,396.00,48.01,75.78,18.72,52.20,19.72,60.69,22.96,43.00,35.33,29.98,520.00,6.00,32.11,27.38,568.00,8.00,22.46,18.03,375.00,8.00,42.74,34.64,949.00,9.00,11.40,7.85,160.00,4.00,1,주먹 쥐기 (Fist)
59.12,21.19,-14.38,-46.81,6.62,187.99,151.74,58.92,173.49,172.49,133.76,102.86,32.00,122.16,141.30,52.74,254.05,75.58,141.30,6.44,119.00,42.80,44.35,52.85,151.27,33.40,26.93,33.40,112.00,122.14,186.05,141.51,159.68,126.72,150.74,207.23,275.00,29.25,54.78,39.72,72.57,5.94,39.94,34.46,64.00,34.31,29.20,546.00,6.00,32.48,28.06,579.00,8.00,17.39,14.30,337.00,10.00,40.95,32.79,903.00,8.00,11.03,8.19,171.00,5.00,1,주먹 쥐기 (Fist)
-34.62,-10.44,5.62,46.38,8.75,88.80,91.42,46.40,222.48,106.48,112.06,192.27,68.00,108.55,163.09,41.54,245.33,62.17,160.98,16.66,97.00,53.75,57.41,47.02,143.56,29.96,42.76,43.39,96.00,189.07,109.05,99.18,144.22,58.14,224.78,274.73,198.00,24.69,45.86,46.87,76.69,18.78,52.12,30.74,50.00,32.00,25.61,586.00,7.00,32.48,28.06,579.00,8.00,17.28,14.12,318.00,10.00,42.14,34.38,968.00,8.00,11.20,8.84,168.00,5.00,1,주먹 쥐기 (Fist)
-9.62,-11.12,2.44,2.38,1.88,75.91,100.43,58.53,234.73,122.48,99.03,176.31,52.00,117.86,154.54,52.51,235.09,51.28,171.34,26.55,86.00,47.98,57.41,28.62,118.19,12.69,64.86,61.53,67.00,189.07,109.05,99.18,144.22,58.14,224.78,274.73,198.00,31.98,50.63,41.89,63.95,15.74,49.24,29.24,64.00,32.07,25.44,586.00,6.00,32.14,27.39,557.00,8.00,15.51,12.31,294.00,10.00,42.14,34.38,956.00,8.00,10.83,8.53,170.00,5.00,1,주먹 쥐기 (Fist)
-17.62,-10.44,-7.88,-25.06,4.06,75.91,100.43,58.53,234.73,122.48,99.03,176.31,52.00,106.99,155.84,48.73,239.43,49.87,176.44,35.44,75.00,53.98,67.13,17.64,112.71,22.85,63.13,57.24,78.00,111.43,141.05,47.83,173.62,102.93,222.41,193.78,287.00,44.14,63.15,29.20,59.20,3.81,41.88,34.95,51.00,32.07,25.44,519.00,5.00,32.25,27.99,513.00,7.00,15.63,12.61,289.00,10.00,39.88,31.95,933.00,9.00,10.67,8.43,142.00,4.00,1,주먹 쥐기 (Fist)
9.56,66.12,-8.19,18.25,-0.44,87.50,144.03,11.91,197.57,93.08,78.64,147.91,1.00,129.47,170.43,33.25,260.54,71.54,171.62,52.59,52.00,49.68,62.43,20.44,108.30,26.28,66.51,57.85,83.00,117.08,142.55,37.68,164.61,101.26,231.51,187.22,298.00,20.33,44.37,47.76,36.67,20.41,20.33,56.82,27.00,28.55,21.05,444.00,9.00,34.63,29.61,580.00,8.00,15.42,12.34,269.00,10.00,40.10,32.72,966.00,9.00,9.03,6.80,133.00,5.00,1,주먹 쥐기 (Fist)
30.00,-28.38,16.50,6.56,0.12,53.08,138.04,84.70,151.33,20.11,136.14,160.94,72.00,74.27,82.62,121.09,241.25,144.01,113.82,125.74,36.00,9.29,63.28,47.21,95.01,66.75,13.54,53.94,30.00,119.61,151.69,30.38,171.33,111.83,220.74,189.96,287.00,13.72,45.63,47.59,33.73,18.38,29.29,47.85,36.00,27.86,22.12,461.00,5.00,32.52,26.97,592.00,8.00,13.50,11.62,244.00,8.00,40.13,32.94,910.00,8.00,8.75,6.11,122.00,3.00,2,손가락 펴기 (Open)
-12.50,2.56,0.56,20.38,-1.88,50.68,158.38,95.91,130.92,36.07,113.52,144.65,48.00,77.53,110.04,113.68,208.29,147.57,83.33,151.70,69.00,18.92,47.56,50.21,78.01,79.54,11.13,57.12,13.00,132.55,108.18,38.07,139.31,143.81,199.91,190.21,242.00,13.72,45.63,47.59,33.73,18.38,29.29,47.85,36.00,26.55,21.19,420.00,5.00,31.69,25.74,570.00,8.00,12.82,10.44,238.00,9.00,37.11,30.12,821.00,7.00,8.75,6.11,124.00,3.00,2,손가락 펴기 (Open)
13.62,3.94,4.88,-34.62,-8.44,67.84,125.91,117.97,115.17,45.43,104.72,115.80,14.00,82.22,105.98,94.71,210.60,130.19,62.86,164.84,91.00,8.10,58.07,39.22,78.64,77.52,22.08,57.57,2.00,132.55,108.18,38.07,139.31,143.81,199.91,190.21,242.00,16.38,52.46,42.52,35.85,23.82,29.56,43.63,43.00,24.07,18.27,386.00,5.00,31.07,24.20,559.00,8.00,12.80,10.41,237.00,9.00,37.11,30.12,843.00,8.00,9.01,6.49,128.00,3.00,2,손가락 펴기 (Open)
4.62,35.56,-19.81,-1.62,3.06,53.59,133.60,103.63,130.29,40.16,115.43,100.32,2.00,69.31,93.32,113.64,232.36,110.99,59.00,172.67,113.00,29.07,51.10,51.94,99.50,57.62,40.33,56.05,19.00,132.55,108.18,38.07,139.31,143.81,199.91,190.21,242.00,10.64,48.55,39.90,43.32,23.67,25.70,42.84,51.00,23.95,18.22,394.00,5.00,32.16,25.74,548.00,7.00,13.79,11.69,252.00,8.00,37.11,30.12,843.00,8.00,8.97,6.44,137.00,4.00,2,손가락 펴기 (Open)
-26.38,21.12,-23.88,27.25,11.19,69.46,138.14,103.26,136.06,24.92,131.43,84.45,18.00,43.26,42.77,121.70,246.26,115.51,43.49,179.57,58.00,43.19,61.21,48.80,102.11,68.91,36.90,61.87,4.00,66.84,58.19,89.33,194.99,125.25,261.93,136.77,176.00,8.08,54.90,26.14,49.65,36.38,38.93,39.74,37.00,24.73,18.97,410.00,6.00,31.66,25.59,549.00,7.00,14.89,12.62,235.00,7.00,36.69,29.41,843.00,9.00,9.41,7.16,146.00,5.00,2,손가락 펴기 (Open)
-18.88,-34.50,18.75,-16.06,-2.81,61.82,130.95,110.53,128.81,20.07,137.20,77.66,26.00,40.70,32.96,114.73,236.95,123.23,48.92,173.52,68.00,38.67,55.21,54.51,107.94,67.68,41.22,66.70,2.00,76.56,68.92,90.02,190.28,135.32,267.22,126.56,165.00,8.08,54.90,26.14,49.65,36.38,38.93,39.74,37.00,24.27,18.59,394.00,6.00,30.88,25.12,594.00,8.00,15.28,13.00,261.00,7.00,36.90,30.18,823.00,10.00,9.41,7.16,160.00,6.00,2,손가락 펴기 (Open)
-10.38,27.38,-18.31,-19.38,1.88,68.08,138.58,104.89,125.54,25.84,137.76,73.48,34.00,57.21,56.04,57.30,221.10,73.35,18.44,232.34,2.00,46.71,66.18,46.46,105.48,53.17,56.20,81.41,17.00,57.34,38.07,41.38,143.42,176.95,258.37,73.56,112.00,9.20,59.13,29.08,47.01,34.54,40.54,36.18,32.00,24.40,18.97,394.00,6.00,30.40,25.45,616.00,8.00,15.96,13.94,294.00,8.00,32.69,26.45,715.00,9.00,9.39,7.12,139.00,6.00,2,손가락 펴기 (Open)
-2.88,26.00,23.56,101.25,3.19,64.31,135.03,101.87,132.97,33.00,132.83,73.03,42.00,70.76,77.49,68.22,243.00,63.99,21.61,210.34,24.00,48.51,70.83,34.32,71.70,41.19,82.90,114.86,51.00,107.44,98.14,41.39,121.20,201.34,314.47,140.88,182.00,21.99,57.77,11.07,30.48,13.71,37.75,19.23,11.00,24.27,18.59,394.00,6.00,31.10,27.00,572.00,8.00,16.94,14.76,333.00,9.00,40.83,30.94,763.00,11.00,7.35,5.86,102.00,4.00,2,손가락 펴기 (Open)
35.56,37.69,-10.75,-55.12,-12.81,74.74,154.05,60.93,124.20,52.96,173.50,68.79,1.00,67.25,71.89,57.70,242.25,53.06,32.58,200.18,35.00,52.24,75.46,29.94,71.18,36.60,81.77,110.61,46.00,97.51,89.36,33.72,111.22,211.26,324.25,149.28,192.00,21.99,57.77,11.07,30.48,13.71,37.75,19.23,11.00,25.93,21.12,427.00,7.00,30.14,26.23,485.00,7.00,16.70,14.41,322.00,9.00,41.60,31.41,809.00,11.00,7.35,5.86,112.00,5.00,2,손가락 펴기 (Open)
1.56,-49.31,29.25,55.56,-6.81,88.08,169.82,55.66,108.23,39.72,161.31,73.66,17.00,67.25,71.89,57.70,242.25,53.06,32.58,200.18,35.00,52.24,75.46,29.94,71.18,36.60,81.77,110.61,46.00,86.95,87.19,39.28,111.07,208.63,318.38,143.13,181.00,21.99,57.77,11.07,30.48,13.71,37.75,19.23,11.00,25.70,20.44,419.00,6.00,30.14,26.23,540.00,8.00,16.70,14.41,350.00,10.00,40.58,30.55,852.00,11.00,7.35,5.86,110.00,5.00,2,손가락 펴기 (Open)
34.06,-27.62,28.50,30.50,-2.62,96.01,176.38,62.45,109.04,38.06,161.90,68.11,9.00,73.48,81.85,67.73,243.00,60.43,34.99,196.35,46.00,64.20,80.66,34.82,73.01,42.26,93.56,108.66,34.00,114.29,72.23,11.35,78.10,236.46,327.69,141.37,148.00,15.30,50.74,14.75,22.36,26.59,28.45,7.56,2.00,26.29,20.94,417.00,6.00,30.65,26.83,528.00,7.00,17.70,15.19,317.00,11.00,41.34,32.81,821.00,11.00,6.31,5.00,94.00,5.00,2,손가락 펴기 (Open)
35.75,58.56,-21.19,-5.88,11.00,70.30,173.32,44.20,82.38,14.33,146.28,45.38,18.00,40.75,43.30,48.18,287.84,103.26,44.71,204.18,91.00,59.77,82.13,29.93,77.88,47.14,97.70,110.17,29.00,153.76,36.40,62.14,97.20,196.19,280.07,127.21,202.00,17.45,52.93,20.47,27.86,25.49,28.26,11.44,4.00,22.97,19.25,317.00,5.00,33.91,29.99,584.00,7.00,18.03,15.46,346.00,11.00,38.71,29.86,756.00,11.00,6.78,5.38,105.00,6.00,2,손가락 펴기 (Open)
-29.75,21.81,-24.25,-23.75,8.00,76.31,167.97,39.92,81.30,7.26,138.53,37.88,26.00,28.91,61.23,89.88,294.49,105.75,63.23,179.90,47.00,47.05,110.79,39.27,89.89,51.33,96.37,92.70,60.00,131.47,99.07,63.84,59.23,231.30,216.75,114.56,268.00,17.45,52.93,20.47,27.86,25.49,28.26,11.44,4.00,22.23,18.75,358.00,6.00,34.01,30.31,618.00,7.00,19.04,16.75,346.00,9.00,37.93,28.19,734.00,10.00,6.78,5.38,102.00,6.00,2,손가락 펴기 (Open)
-43.75,8.75,-22.62,39.50,-0.81,67.35,199.90,71.85,113.22,34.92,112.08,5.88,58.00,45.14,94.23,112.46,262.43,73.13,30.23,206.37,80.00,59.23,134.66,64.43,69.31,25.41,77.63,113.66,34.00,126.71,67.39,22.02,18.44,273.71,201.15,109.62,312.00,14.56,50.21,23.11,30.68,23.31,31.25,11.41,1.00,24.68,20.75,366.00,6.00,33.60,29.34,629.00,7.00,19.92,17.95,335.00,8.00,39.28,31.06,767.00,11.00,6.77,5.29,108.00,7.00,2,손가락 펴기 (Open)
50.56,-44.88,52.38,67.50,8.00,82.89,152.14,84.62,139.62,98.83,127.77,69.66,133.00,39.96,80.19,121.02,268.81,63.89,21.38,227.99,102.00,29.88,123.41,81.55,122.65,61.88,15.07,177.07,30.00,139.37,141.07,117.42,100.98,280.37,174.58,178.81,200.00,17.55,51.27,20.95,29.83,24.66,33.57,13.16,2.00,27.45,22.55,441.00,9.00,34.98,30.89,606.00,7.00,23.99,21.08,414.00,11.00,41.87,33.50,758.00,7.00,6.95,5.50,111.00,7.00,2,손가락 펴기 (Open)
7.06,65.44,-39.75,-52.06,1.81,85.61,154.49,92.39,146.17,98.39,120.09,62.23,125.00,36.90,78.80,110.07,279.23,72.81,30.34,238.75,113.00,42.24,102.53,53.51,137.64,85.95,16.21,206.04,60.00,142.40,89.93,98.72,108.08,334.97,144.37,232.69,145.00,20.28,50.19,22.34,32.76,21.69,33.33,10.55,1.00,27.51,23.05,459.00,8.00,36.15,31.49,617.00,7.00,25.92,22.88,480.00,9.00,43.97,36.45,870.00,10.00,6.96,5.56,117.00,7.00,2,손가락 펴기 (Open)
-21.88,16.31,-17.38,-8.06,10.06,98.70,112.78,97.32,178.33,144.70,80.38,44.83,76.00,56.91,52.89,110.90,306.50,41.43,37.80,187.86,47.00,78.70,64.94,67.47,170.00,98.51,25.12,176.92,22.00,142.40,89.93,98.72,108.08,334.97,144.37,232.69,145.00,29.95,39.70,34.25,37.22,27.24,26.65,22.45,11.00,27.39,22.88,450.00,6.00,34.44,28.89,629.00,7.00,25.88,22.67,483.00,9.00,43.97,36.45,903.00,9.00,7.42,6.07,124.00,7.00,2,손가락 펴기 (Open)
-50.44,-57.00,13.94,-17.69,-8.62,131.75,74.27,136.30,206.79,124.47,89.28,42.51,115.00,48.80,86.01,68.11,344.35,83.76,77.65,176.39,4.00,67.92,74.27,56.93,175.45,109.42,35.29,172.79,11.00,161.71,101.91,116.51,101.79,321.67,124.71,251.06,123.00,27.10,44.60,33.15,41.59,25.28,22.07,27.26,16.00,30.12,25.31,457.00,5.00,37.20,32.25,705.00,8.00,26.11,23.45,510.00,10.00,44.20,37.11,859.00,8.00,7.68,6.42,136.00,8.00,2,손가락 펴기 (Open)
12.56,16.94,-7.06,31.81,0.62,131.75,74.27,136.30,206.79,124.47,89.28,42.51,115.00,39.62,54.97,89.21,330.92,104.08,98.39,186.96,29.00,81.56,71.71,60.31,161.98,114.77,44.76,174.12,5.00,74.22,17.70,157.96,188.96,236.83,131.06,310.56,35.00,31.11,39.12,23.69,37.66,13.35,11.40,37.58,28.00,30.12,25.31,512.00,6.00,37.29,31.79,748.00,8.00,26.10,23.20,506.00,10.00,43.01,36.96,881.00,9.00,7.18,5.66,134.00,8.00,2,손가락 펴기 (Open)
28.00,37.56,-7.69,-33.50,-6.88,108.21,73.63,154.59,226.68,101.56,112.31,56.69,90.00,39.52,51.77,84.63,351.48,114.14,100.11,171.81,7.00,75.66,65.44,68.05,156.58,108.04,45.87,179.31,15.00,84.96,28.69,147.74,190.38,236.22,141.38,315.60,24.00,31.05,36.41,31.28,29.83,11.48,13.21,43.33,36.00,30.95,26.88,497.00,5.00,38.28,32.65,759.00,8.00,25.80,22.73,501.00,10.00,43.46,37.56,914.00,9.00,7.39,6.14,133.00,9.00,2,손가락 펴기 (Open)
-14.00,-47.00,17.62,10.50,1.69,97.40,65.34,168.91,217.83,101.77,98.01,42.24,106.00,71.33,37.89,138.04,336.54,168.60,148.85,125.05,48.00,79.79,24.08,107.24,121.83,149.55,77.87,146.10,28.00,84.96,28.69,147.74,190.38,236.22,141.38,315.60,24.00,36.33,29.07,33.52,29.07,3.90,4.99,40.02,27.00,30.25,25.88,530.00,6.00,40.14,36.38,792.00,8.00,25.53,22.92,486.00,10.00,43.46,37.56,914.00,9.00,6.93,5.65,127.00,9.00,2,손가락 펴기 (Open)
0.50,4.56,-3.94,-12.88,4.19,93.42,43.49,169.47,197.85,123.51,107.26,66.12,82.00,20.20,76.59,117.29,282.81,191.16,200.69,73.49,103.00,66.00,46.47,108.30,107.91,155.09,100.25,125.07,51.00,75.15,36.78,127.70,195.06,220.68,135.66,322.67,46.00,29.32,37.05,39.63,21.10,4.17,3.06,41.72,19.00,29.71,24.44,538.00,7.00,38.28,32.65,781.00,8.00,25.15,21.80,471.00,10.00,42.72,36.36,936.00,10.00,6.96,5.61,125.00,8.00,2,손가락 펴기 (Open)
-23.00,-5.06,-42.38,-112.69,1.19,90.97,51.26,176.58,193.31,129.30,105.30,73.77,74.00,41.60,55.96,99.48,288.74,179.28,212.01,51.58,125.00,48.89,64.30,132.72,87.86,174.83,89.02,150.04,26.00,108.72,46.60,197.85,117.17,266.13,194.94,384.18,129.00,29.32,37.05,39.63,21.10,4.17,3.06,41.72,19.00,30.03,25.00,554.00,8.00,38.09,32.42,792.00,9.00,26.98,22.97,467.00,9.00,50.90,40.90,916.00,9.00,6.96,5.61,128.00,8.00,2,손가락 펴기 (Open)
-58.56,-74.00,15.38,-11.56,1.19,71.78,93.21,221.13,150.62,156.81,154.39,45.96,129.00,137.82,92.94,47.59,198.56,275.77,250.05,147.22,28.00,39.56,67.23,139.73,96.21,164.80,84.59,138.79,38.00,186.67,148.36,223.72,196.42,162.16,84.96,275.89,15.00,29.32,37.05,39.63,21.10,4.17,3.06,41.72,19.00,33.57,28.87,552.00,7.00,42.39,37.25,856.00,9.00,26.39,22.03,490.00,9.00,44.65,34.33,853.00,8.00,6.96,5.61,112.00,7.00,2,손가락 펴기 (Open)
-8.50,-17.56,19.62,-14.25,-12.94,69.15,117.55,218.91,188.61,110.77,111.07,55.17,80.00,188.66,147.33,102.08,181.03,264.22,196.39,102.07,83.00,66.40,83.34,155.53,79.65,172.79,61.01,120.14,66.00,165.57,131.42,253.29,177.20,174.13,79.81,232.90,28.00,27.70,35.57,37.69,21.00,6.12,4.55,39.73,21.00,32.23,27.25,566.00,7.00,41.71,36.87,822.00,8.00,26.82,23.17,456.00,8.00,42.53,32.31,743.00,7.00,6.70,5.45,120.00,8.00,2,손가락 펴기 (Open)
30.94,32.00,-5.88,0.25,-4.25,75.58,121.95,241.57,175.78,114.18,108.78,66.40,55.00,136.29,115.85,98.54,96.80,343.00,129.42,102.87,170.00,27.83,43.37,117.65,48.41,212.78,21.61,116.77,106.00,175.33,114.05,203.70,126.27,230.12,129.15,182.94,84.00,25.57,30.57,34.90,16.00,7.03,1.14,44.52,16.00,33.15,28.81,574.00,8.00,40.55,34.88,856.00,9.00,25.59,21.09,484.00,9.00,40.29,28.03,731.00,10.00,6.39,5.06,124.00,8.00,2,손가락 펴기 (Open)
-14.50,-53.69,17.25,22.94,0.44,51.76,77.23,204.30,127.91,170.77,155.07,97.62,2.00,138.25,102.69,77.54,105.82,357.99,133.18,119.33,191.00,20.24,32.33,118.76,36.06,206.22,34.04,109.65,88.00,175.04,105.86,205.64,121.25,226.22,119.13,189.75,73.00,26.25,27.40,38.12,16.76,2.24,3.91,40.71,21.00,31.81,27.06,623.00,9.00,41.95,36.39,854.00,9.00,24.44,19.72,456.00,9.00,39.81,27.43,720.00,10.00,6.29,4.73,115.00,8.00,2,손가락 펴기 (Open)
19.06,-37.44,26.50,-19.69,-14.00,49.01,52.37,218.74,113.74,160.52,131.22,89.41,23.00,151.63,18.98,102.09,54.74,404.42,68.71,30.88,91.00,41.93,45.37,76.99,24.41,240.92,60.54,86.95,44.00,167.97,83.86,227.28,141.51,210.38,128.18,184.50,95.00,23.40,33.90,17.10,10.30,25.39,27.70,37.67,46.00,30.26,25.30,590.00,9.00,40.52,36.38,830.00,9.00,25.09,20.94,463.00,9.00,40.13,28.69,742.00,10.00,6.84,5.50,128.00,9.00,2,손가락 펴기 (Open)
32.50,7.94,6.56,-19.69,-5.12,83.87,103.55,164.52,70.00,206.07,117.95,114.64,80.00,155.01,15.02,122.71,33.24,382.90,88.09,50.45,113.00,66.36,56.11,59.06,17.80,215.55,62.27,110.06,75.00,167.97,83.86,227.28,141.51,210.38,128.18,184.50,95.00,27.67,34.86,26.81,21.02,22.63,21.84,31.93,32.00,30.93,26.25,591.00,9.00,39.89,35.18,863.00,10.00,24.47,20.06,481.00,9.00,40.13,28.69,676.00,9.00,6.65,5.48,127.00,8.00,2,손가락 펴기 (Open)
-3.00,18.94,4.62,25.69,-0.12,123.28,126.83,168.17,44.94,175.11,94.17,81.30,40.00,155.01,15.02,122.71,33.24,382.90,88.09,50.45,113.00,89.11,59.77,83.54,20.25,209.74,37.53,80.26,44.00,149.27,87.28,215.35,121.25,211.15,109.42,197.79,117.00,27.67,34.86,26.81,21.02,22.63,21.84,31.93,32.00,29.12,23.75,525.00,9.00,39.89,35.18,819.00,9.00,23.67,18.70,402.00,8.00,38.88,27.31,685.00,10.00,6.65,5.48,123.00,7.00,2,손가락 펴기 (Open)
8.19,46.44,-21.44,61.12,8.88,74.96,138.07,118.37,18.36,198.98,48.20,36.47,11.00,215.13,101.06,205.25,56.72,312.47,95.06,46.84,25.00,82.00,116.24,51.43,91.59,135.46,41.70,5.30,35.00,126.82,107.99,192.59,113.51,189.34,132.10,177.76,94.00,27.67,34.86,26.81,21.02,22.63,21.84,31.93,32.00,25.36,20.59,490.00,8.00,40.60,34.80,741.00,8.00,20.16,17.06,339.00,8.00,36.12,25.88,596.00,9.00,6.65,5.48,126.00,8.00,2,손가락 펴기 (Open)
8.69,-34.62,-3.62,-58.56,2.88,69.71,145.53,113.69,12.04,191.17,56.13,44.02,3.00,111.77,73.98,162.49,132.42,218.28,204.87,157.77,86.00,62.19,83.34,17.71,91.78,112.19,69.82,36.35,70.00,106.12,127.70,188.75,133.96,204.02,120.87,198.54,115.00,27.67,34.86,26.81,21.02,22.63,21.84,31.93,32.00,25.12,20.15,458.00,7.00,37.51,33.92,784.00,9.00,17.85,14.88,339.00,8.00,37.85,27.19,673.00,9.00,6.65,5.48,123.00,8.00,2,손가락 펴기 (Open)
-44.38,-20.19,22.62,69.25,-5.94,67.98,174.22,133.25,23.41,198.84,44.46,13.39,34.00,57.71,127.51,212.65,163.47,209.43,166.00,108.43,31.00,44.35,78.87,32.69,135.20,96.25,69.97,12.53,26.00,166.27,114.73,134.89,136.68,190.53,154.22,263.89,182.00,15.42,34.93,22.58,39.05,4.18,31.08,14.11,13.00,27.32,22.33,482.00,8.00,37.00,33.44,719.00,8.00,18.16,14.95,336.00,8.00,41.83,31.38,794.00,9.00,6.10,5.32,114.00,8.00,2,손가락 펴기 (Open)
63.44,40.38,-38.12,-106.25,9.06,97.33,163.73,50.67,109.24,135.49,147.82,104.87,149.00,144.40,75.11,165.35,234.88,131.62,195.82,91.54,56.00,79.98,46.92,38.02,151.18,47.09,118.81,63.72,26.00,114.71,75.45,234.07,47.43,100.15,258.10,355.28,286.00,28.36,22.33,7.73,45.49,17.25,35.21,13.65,3.00,29.72,22.74,534.00,10.00,36.94,33.05,709.00,8.00,20.47,16.88,378.00,8.00,49.97,37.88,921.00,9.00,6.35,5.33,120.00,8.00,2,손가락 펴기 (Open)
-61.69,8.75,-8.12,64.00,14.31,87.50,103.90,44.31,120.77,59.13,218.03,180.69,227.00,124.92,66.32,150.16,225.32,113.91,217.36,106.44,78.00,79.98,46.92,38.02,151.18,47.09,118.81,63.72,26.00,112.48,82.56,232.42,38.18,89.46,267.02,363.61,298.00,40.35,10.40,6.45,55.90,14.01,40.37,7.59,9.00,33.59,26.23,647.00,9.00,36.22,31.84,720.00,8.00,20.47,16.88,408.00,8.00,50.84,38.62,1026.00,9.00,7.30,5.98,118.00,7.00,2,손가락 펴기 (Open)
-27.62,-58.81,12.50,-63.69,-16.94,138.93,40.25,68.50,180.89,112.70,200.50,130.87,162.00,107.85,69.85,52.53,337.93,138.55,135.81,41.67,41.00,58.88,68.36,45.93,162.54,45.61,115.01,49.14,4.00,146.49,30.18,187.80,84.43,108.79,275.75,386.73,351.00,29.44,21.33,7.35,62.20,25.78,52.18,12.09,21.00,33.25,26.12,636.00,8.00,36.84,32.69,707.00,8.00,20.62,17.06,402.00,8.00,53.31,42.02,1113.00,9.00,8.39,6.83,142.00,7.00,2,손가락 펴기 (Open)
26.38,23.75,-3.06,33.31,5.88,107.16,70.42,83.28,193.20,116.59,221.70,124.14,130.00,78.35,75.44,44.86,327.77,121.48,161.56,71.80,96.00,77.57,58.55,23.94,144.17,28.97,131.09,50.51,19.00,146.49,30.18,187.80,84.43,108.79,275.75,386.73,351.00,31.39,20.07,5.41,59.82,27.44,54.64,13.87,24.00,33.92,27.42,676.00,8.00,36.65,32.22,738.00,8.00,20.07,16.19,396.00,8.00,53.31,42.02,1188.00,10.00,8.48,6.98,162.00,8.00,2,손가락 펴기 (Open)
10.38,23.75,-12.44,-9.31,8.69,107.16,70.42,83.28,193.20,116.59,221.70,124.14,130.00,78.35,75.44,44.86,327.77,121.48,161.56,71.80,96.00,83.98,64.08,26.15,150.75,38.86,121.11,44.87,9.00,168.45,32.56,192.18,63.98,114.62,254.56,381.42,373.00,32.55,21.47,7.64,61.72,29.11,54.16,13.20,21.00,33.92,27.42,668.00,7.00,36.65,32.22,727.00,8.00,20.31,16.81,366.00,8.00,53.29,42.15,1127.00,10.00,8.64,7.15,162.00,8.00,2,손가락 펴기 (Open)
-21.12,-7.88,11.00,16.44,-0.12,113.64,72.84,82.66,196.98,123.58,216.08,119.16,138.00,98.27,56.85,66.17,326.22,136.38,144.58,71.47,74.00,83.76,10.71,30.87,115.41,76.94,93.50,35.33,48.00,80.93,85.81,78.83,106.23,84.98,162.74,329.19,489.00,32.55,18.57,5.41,59.46,32.03,56.03,14.32,18.00,34.18,27.98,661.00,8.00,36.55,32.00,685.00,8.00,17.33,14.62,336.00,8.00,47.85,37.44,1066.00,11.00,8.62,7.00,171.00,9.00,2,손가락 펴기 (Open)
14.44,-0.88,33.50,4.75,-20.56,96.05,30.39,34.14,139.34,136.20,228.80,68.21,209.00,34.27,90.74,83.05,262.27,127.82,155.23,117.67,10.00,101.44,13.46,46.05,137.08,83.21,83.92,37.00,24.00,80.92,92.98,71.97,100.65,93.08,162.38,336.44,478.00,48.73,12.64,28.04,78.49,37.12,31.21,16.77,43.00,31.64,24.99,654.00,11.00,33.00,28.00,643.00,8.00,19.16,15.94,354.00,8.00,47.84,37.34,1077.00,11.00,10.09,8.37,179.00,8.00,2,손가락 펴기 (Open)
28.88,-22.19,4.25,4.06,-5.81,120.95,33.65,11.97,170.21,166.46,192.71,103.11,168.00,44.59,90.14,72.54,263.01,118.31,165.37,128.55,1.00,89.92,11.03,50.58,132.82,95.21,73.64,46.34,12.00,86.36,93.32,78.40,91.07,83.46,170.32,326.55,489.00,44.88,8.64,26.13,76.32,41.07,28.06,19.30,47.00,32.41,25.72,630.00,10.00,33.36,28.69,610.00,7.00,18.77,15.28,356.00,7.00,47.83,37.08,1066.00,10.00,9.90,8.09,185.00,8.00,2,손가락 펴기 (Open)
36.38,43.81,-1.44,56.56,9.50,128.41,34.35,11.19,175.07,159.58,200.48,95.12,176.00,44.59,90.14,72.54,263.01,118.31,165.37,128.55,1.00,100.88,5.02,39.66,122.43,99.82,62.90,57.16,1.00,136.21,71.70,133.03,129.20,93.57,114.41,382.44,433.00,33.97,7.63,34.55,85.88,39.84,30.95,18.36,36.00,32.91,26.09,589.00,9.00,33.36,28.69,589.00,7.00,18.53,14.51,339.00,7.00,49.99,39.70,1100.00,10.00,10.20,8.50,196.00,8.00,2,손가락 펴기 (Open)
9.38,7.44,-6.38,-29.00,-1.19,160.39,31.56,24.08,151.35,157.78,185.71,125.70,144.00,51.86,36.15,34.27,273.08,118.04,153.57,91.16,53.00,86.10,20.13,46.94,129.25,89.88,55.99,73.81,16.00,81.24,118.47,132.20,105.54,72.38,88.46,434.76,378.00,38.34,2.72,30.52,83.67,44.54,29.64,21.61,31.00,32.57,24.77,582.00,8.00,31.50,26.24,612.00,7.00,18.44,14.38,333.00,7.00,50.22,40.75,1145.00,10.00,10.16,8.41,191.00,8.00,2,손가락 펴기 (Open)
-28.12,-15.94,11.38,55.12,0.00,124.92,58.97,44.44,182.28,122.71,203.98,159.38,104.00,72.12,26.19,12.42,252.05,136.56,139.79,97.44,31.00,79.80,30.91,41.78,118.70,101.75,51.31,64.04,4.00,155.52,53.68,57.82,33.97,25.38,145.47,497.56,300.00,31.53,15.48,29.58,72.07,54.01,20.30,34.02,18.00,33.28,26.72,605.00,9.00,30.33,24.70,590.00,7.00,17.73,13.67,332.00,8.00,51.99,42.38,1234.00,13.00,9.66,7.50,185.00,6.00,2,손가락 펴기 (Open)
-2.06,-14.56,5.38,18.38,-8.75,108.87,91.25,73.95,165.48,151.07,171.94,140.99,137.00,50.17,21.39,30.69,259.62,154.61,118.15,100.04,9.00,79.80,30.91,41.78,118.70,101.75,51.31,64.04,4.00,193.16,73.86,37.69,32.65,64.58,103.29,474.44,344.00,31.75,13.24,33.08,74.09,53.06,16.39,37.98,14.00,32.44,25.43,596.00,8.00,30.52,25.31,579.00,7.00,17.73,13.67,338.00,8.00,51.87,41.92,1224.00,12.00,9.84,7.81,189.00,8.00,2,손가락 펴기 (Open)
53.25,28.75,27.88,71.81,-13.81,123.17,74.59,92.66,220.11,157.41,124.31,147.08,196.00,60.17,28.43,32.09,269.82,153.09,109.16,98.84,2.00,76.35,45.33,56.78,98.60,121.76,74.60,70.88,28.00,233.83,130.86,92.98,84.65,53.25,137.66,484.66,287.00,31.20,22.84,45.58,61.85,67.85,30.20,26.17,29.00,35.23,27.94,647.00,8.00,31.05,26.00,590.00,8.00,19.09,15.12,331.00,7.00,54.88,45.04,1247.00,12.00,10.47,8.84,186.00,8.00,2,손가락 펴기 (Open)
75.38,-31.75,46.94,16.94,-8.56,151.86,143.25,169.28,208.09,223.17,148.41,113.80,118.00,62.15,59.67,56.13,251.24,73.20,130.03,99.98,90.00,87.00,124.21,81.27,81.49,75.86,72.85,102.73,51.00,219.84,109.19,80.70,98.74,87.19,143.11,480.62,253.00,33.77,42.63,48.03,51.62,60.05,27.14,38.03,9.00,40.24,32.25,674.00,7.00,29.32,24.62,568.00,10.00,21.50,16.32,335.00,9.00,53.59,43.18,1183.00,11.00,10.37,8.87,184.00,7.00,2,손가락 펴기 (Open)
28.31,30.12,-16.75,-29.75,2.62,162.84,173.65,180.43,175.10,199.37,158.51,133.79,151.00,23.23,46.54,70.97,185.33,37.66,195.20,123.99,156.00,86.02,120.85,83.03,76.66,79.95,77.72,107.42,56.00,222.39,108.73,50.25,67.42,112.35,127.93,462.46,210.00,34.03,44.57,45.83,54.42,57.68,24.68,36.75,12.00,40.89,33.73,664.00,7.00,29.20,24.62,623.00,9.00,21.71,16.59,370.00,9.00,51.03,40.16,1095.00,11.00,10.29,8.70,185.00,7.00,2,손가락 펴기 (Open)
-45.62,-35.19,-14.62,-24.19,7.81,164.18,180.36,170.60,175.23,193.62,144.65,120.28,136.00,26.19,36.11,60.70,186.30,48.25,204.02,127.10,167.00,99.23,127.63,117.03,91.61,54.88,52.19,73.46,22.00,258.16,175.00,138.99,51.74,113.98,72.22,404.34,121.00,39.47,47.11,57.99,51.35,46.72,11.96,38.85,25.00,39.67,32.67,622.00,7.00,29.90,25.31,623.00,9.00,21.58,16.38,306.00,6.00,49.08,38.31,913.00,10.00,10.43,8.79,175.00,7.00,2,손가락 펴기 (Open)
-31.88,-9.75,-21.19,-50.62,8.00,207.63,224.30,260.12,83.49,101.73,67.94,29.63,44.00,76.95,26.44,82.06,131.85,47.08,202.54,141.70,112.00,80.12,105.70,109.84,72.92,71.04,60.74,52.18,3.00,203.55,107.54,132.81,115.13,83.15,37.63,345.69,50.00,37.01,44.43,57.84,48.37,47.53,10.88,40.90,28.00,38.00,31.64,500.00,6.00,28.00,23.25,612.00,11.00,19.05,14.86,281.00,8.00,40.79,33.88,764.00,9.00,10.26,8.62,169.00,6.00,2,손가락 펴기 (Open)
-26.75,12.25,-1.19,7.19,1.06,168.12,178.56,254.77,90.87,91.19,86.02,16.46,2.00,76.95,26.44,82.06,131.85,47.08,202.54,141.70,112.00,65.70,90.20,123.55,85.45,57.10,45.33,61.60,13.00,245.54,131.00,89.34,110.55,42.44,40.84,302.45,5.00,20.92,28.66,73.72,49.24,30.63,14.71,26.10,11.00,34.15,28.75,478.00,6.00,28.00,23.25,559.00,11.00,18.59,14.11,280.00,7.00,38.79,31.06,688.00,9.00,9.28,7.83,145.00,5.00,2,손가락 펴기 (Open)
-12.75,7.56,-15.81,12.12,7.62,137.00,154.63,284.29,63.01,62.66,54.37,17.10,30.00,42.43,64.22,108.53,59.24,80.76,128.24,74.50,187.00,87.60,102.83,107.21,75.03,64.84,27.56,72.11,35.00,148.83,169.30,169.50,17.03,64.71,100.75,206.06,92.00,43.90,41.75,61.18,27.31,27.53,28.51,7.15,12.00,32.49,26.75,438.00,5.00,22.92,19.94,473.00,8.00,18.99,14.44,279.00,6.00,33.17,26.52,602.00,8.00,8.77,7.08,130.00,7.00,2,손가락 펴기 (Open)
19.69,39.19,-10.81,22.44,7.62,128.08,154.96,290.61,58.18,70.25,62.01,8.18,21.00,58.19,84.68,129.59,55.00,63.33,142.04,95.94,165.00,87.60,102.83,107.21,75.03,64.84,27.56,72.11,35.00,139.22,180.25,169.67,25.55,57.85,97.30,215.63,81.00,43.90,41.75,61.18,27.31,27.53,28.51,7.15,12.00,32.75,27.31,455.00,5.00,24.59,21.31,506.00,8.00,18.99,14.44,274.00,6.00,33.53,27.12,569.00,7.00,8.77,7.08,127.00,7.00,2,손가락 펴기 (Open)
-12.81,-3.44,-1.12,-11.94,-6.25,135.03,149.04,293.74,51.31,69.61,64.60,4.70,13.00,37.16,77.47,128.72,33.00,74.07,142.74,117.60,143.00,72.91,119.63,86.21,70.26,62.78,18.43,78.02,14.00,127.13,197.64,150.06,41.34,49.42,88.46,202.61,103.00,33.30,55.25,44.78,13.04,24.52,40.79,24.58,6.00,32.89,27.81,456.00,6.00,24.20,20.37,517.00,8.00,18.21,13.55,258.00,5.00,32.60,25.80,569.00,6.00,8.49,7.06,133.00,5.00,2,손가락 펴기 (Open)
0.69,-14.44,-5.44,-42.19,-7.56,114.42,189.03,253.75,80.45,35.37,61.44,43.01,27.00,37.16,77.47,128.72,33.00,74.07,142.74,117.60,143.00,76.72,108.87,90.82,59.30,73.29,13.49,86.31,3.00,139.37,195.48,186.44,74.71,10.72,53.54,198.72,147.00,34.73,66.10,47.26,23.09,13.92,29.94,14.23,5.00,31.49,25.40,432.00,6.00,24.20,20.37,517.00,8.00,18.22,13.28,239.00,5.00,34.38,28.44,591.00,6.00,8.68,7.49,113.00,4.00,2,손가락 펴기 (Open)
0.69,-3.44,18.31,64.88,4.88,114.42,189.03,253.75,80.45,35.37,61.44,43.01,27.00,37.16,77.47,128.72,33.00,74.07,142.74,117.60,143.00,78.00,102.90,83.69,59.30,66.51,24.11,74.86,15.00,157.08,145.87,212.02,79.32,68.29,26.11,241.59,226.00,27.13,55.04,22.33,28.43,18.50,26.21,18.95,30.00,31.49,25.40,415.00,6.00,24.20,20.37,506.00,8.00,17.21,12.31,232.00,8.00,38.17,32.00,703.00,7.00,7.35,6.38,112.00,8.00,2,손가락 펴기 (Open)
17.69,15.81,-10.00,-24.44,-3.25,114.42,189.03,253.75,80.45,35.37,61.44,43.01,27.00,74.77,47.41,152.70,55.00,42.53,111.87,134.78,99.00,76.48,106.82,72.91,70.26,60.49,14.88,85.83,4.00,148.81,156.40,201.11,70.43,73.26,33.58,251.49,237.00,26.65,56.06,21.44,30.00,16.89,24.44,17.00,28.00,31.49,25.40,424.00,6.00,23.65,19.94,462.00,8.00,17.40,12.88,256.00,8.00,38.51,32.69,737.00,7.00,7.28,6.25,104.00,8.00,2,손가락 펴기 (Open)
-12.75,-24.06,23.19,-20.25,-9.88,90.38,220.51,216.91,68.03,74.89,33.62,71.82,68.00,52.72,67.45,92.07,55.00,23.96,137.56,159.49,33.00,93.07,80.50,83.10,78.26,31.84,32.14,112.64,25.00,88.95,217.51,194.54,123.88,125.41,72.21,184.60,170.00,43.07,35.02,17.14,46.65,31.12,7.05,5.88,6.00,30.96,24.75,432.00,7.00,22.42,18.82,473.00,9.00,18.38,14.49,285.00,7.00,37.28,31.25,648.00,6.00,7.19,6.39,101.00,5.00,2,손가락 펴기 (Open)
-11.75,-32.31,-16.50,-61.94,-3.56,79.12,236.34,219.12,52.04,67.52,30.65,63.89,52.00,86.02,82.69,107.35,93.98,37.40,94.30,157.13,77.00,88.56,85.32,86.22,73.82,31.34,36.94,116.40,30.00,68.61,227.09,214.58,134.53,110.04,52.55,204.59,191.00,48.03,30.49,14.24,49.41,27.23,6.01,1.00,11.00,31.10,25.22,392.00,6.00,23.81,19.94,462.00,8.00,18.61,14.69,308.00,7.00,39.07,32.56,602.00,5.00,7.25,6.56,105.00,5.00,2,손가락 펴기 (Open)
1.75,-40.31,-10.44,-84.12,3.44,116.24,214.74,180.27,64.40,100.21,30.41,74.71,12.00,117.82,83.59,139.03,88.01,21.22,122.53,145.19,45.00,71.60,94.92,102.57,83.24,17.18,32.06,109.68,13.00,73.11,233.15,322.59,81.71,139.06,166.99,130.92,50.00,48.03,30.49,14.24,49.41,27.23,6.01,1.00,11.00,29.70,23.25,384.00,7.00,25.85,21.94,472.00,8.00,18.75,14.74,307.00,9.00,42.94,34.38,599.00,5.00,7.25,6.56,103.00,5.00,2,손가락 펴기 (Open)
-29.25,12.31,-4.12,87.56,43.19,100.30,210.70,190.49,77.90,113.00,33.27,88.12,4.00,96.99,97.15,134.90,110.00,42.61,131.92,132.57,23.00,66.86,94.51,103.38,87.20,21.94,28.92,109.51,18.00,21.25,269.50,339.82,148.07,127.93,208.39,163.00,19.00,32.47,46.78,57.89,90.34,24.84,57.91,52.97,41.00,30.42,24.25,357.00,7.00,25.95,22.10,482.00,8.00,18.78,14.91,289.00,9.00,48.17,39.12,718.00,6.00,13.22,8.94,140.00,7.00,2,손가락 펴기 (Open)
-47.06,13.69,-22.00,-49.12,-12.94,48.06,137.84,172.02,152.95,164.87,115.04,16.49,95.00,114.00,75.16,116.09,112.38,57.38,127.88,115.57,1.00,44.43,66.19,67.37,70.03,52.24,78.65,137.08,32.00,127.34,138.30,207.00,177.86,64.01,247.02,287.05,152.00,33.98,47.15,58.23,89.47,24.25,56.49,51.13,39.00,30.55,23.95,354.00,7.00,24.65,20.90,416.00,7.00,18.54,13.75,286.00,9.00,45.83,36.52,806.00,7.00,13.09,8.81,192.00,8.00,2,손가락 펴기 (Open)
20.81,0.62,-17.38,-35.00,10.62,97.81,77.58,120.64,137.13,112.06,68.11,57.74,33.00,100.61,101.85,144.76,80.36,57.47,104.41,85.38,32.00,99.85,33.55,14.29,4.47,50.36,54.13,76.48,42.00,186.81,89.25,187.32,234.80,121.75,269.16,221.66,86.00,56.36,39.61,41.02,69.34,15.21,60.89,69.09,62.00,23.39,19.59,373.00,8.00,23.37,18.66,361.00,6.00,13.55,10.47,222.00,8.00,46.20,36.25,772.00,6.00,13.07,9.05,206.00,9.00,2,손가락 펴기 (Open)
-58.75,-37.62,-12.06,-43.00,-9.81,200.80,48.53,53.04,34.53,128.73,112.38,46.29,136.00,118.56,110.37,167.88,93.48,48.21,29.78,12.12,108.00,104.85,32.32,19.24,8.06,45.79,49.81,80.99,37.00,211.22,99.77,215.52,222.63,102.78,239.05,249.54,118.00,47.60,46.77,49.73,64.85,9.65,57.95,74.65,71.00,26.11,21.31,386.00,4.00,23.77,19.80,338.00,6.00,13.78,10.70,227.00,8.00,47.39,37.75,782.00,5.00,13.31,9.54,221.00,9.00,2,손가락 펴기 (Open)
23.75,-7.00,19.19,50.88,13.62,150.30,7.52,26.94,60.46,107.88,132.72,101.59,192.00,116.73,89.72,146.13,112.29,43.10,13.35,11.33,130.00,79.31,57.54,29.59,32.76,54.73,23.47,108.98,9.00,187.06,41.31,171.65,285.95,152.56,180.71,296.28,184.00,55.06,37.98,49.10,73.01,0.83,50.37,77.96,80.00,25.77,20.03,464.00,9.00,22.75,18.25,348.00,6.00,14.53,11.79,255.00,9.00,49.10,41.02,858.00,7.00,13.70,10.17,245.00,10.00,2,손가락 펴기 (Open)
-16.75,23.94,-9.12,-6.19,-5.69,145.55,13.98,21.77,56.36,115.66,134.60,94.64,184.00,133.18,60.56,142.31,131.14,74.60,30.50,25.98,97.00,76.23,62.07,34.07,34.18,49.82,25.29,104.32,14.00,195.61,8.31,191.90,279.59,127.13,190.63,282.67,151.00,49.37,44.68,39.05,78.03,10.27,39.57,79.15,91.00,25.37,19.59,496.00,10.00,23.51,18.92,359.00,6.00,14.28,11.52,262.00,9.00,48.18,39.21,858.00,7.00,13.73,10.11,257.00,10.00,2,손가락 펴기 (Open)
20.75,43.88,-8.12,15.81,2.00,142.27,46.70,18.97,27.86,98.00,101.84,122.75,224.00,162.30,63.49,173.24,108.41,61.56,35.96,7.48,130.00,81.60,58.33,38.16,49.48,49.44,25.33,93.55,30.00,195.61,8.31,191.90,279.59,127.13,190.63,282.67,151.00,49.91,45.10,42.99,73.78,13.16,37.12,78.23,96.00,25.57,20.00,520.00,11.00,25.88,20.52,381.00,6.00,14.32,11.41,246.00,8.00,48.18,39.21,869.00,8.00,13.72,10.12,257.00,10.00,2,손가락 펴기 (Open)
-25.75,0.56,18.12,102.75,-9.06,133.58,41.00,20.59,10.20,117.72,77.92,136.10,248.00,151.31,53.70,166.25,117.32,71.11,46.89,18.46,141.00,85.10,46.15,10.46,50.60,76.86,28.19,89.83,58.00,271.08,81.81,212.35,301.48,208.12,119.70,323.80,70.00,55.36,34.32,48.73,66.85,15.68,44.32,71.61,111.00,26.41,21.50,535.00,11.00,25.73,19.95,392.00,6.00,14.92,12.36,269.00,9.00,54.56,44.94,950.00,8.00,13.86,10.20,269.00,11.00,2,손가락 펴기 (Open)
72.50,3.31,5.44,-18.81,-8.12,164.85,31.12,25.21,54.04,155.41,60.13,153.88,292.00,110.86,16.21,191.76,99.46,46.90,30.78,28.24,97.00,92.44,37.55,14.30,61.13,71.67,31.75,86.01,47.00,216.30,52.36,252.46,251.88,235.16,65.64,372.20,15.00,67.71,19.53,63.60,53.24,26.33,29.51,82.64,96.00,31.35,24.25,603.00,11.00,23.03,17.89,348.00,6.00,14.93,12.44,270.00,8.00,54.12,43.39,1042.00,9.00,13.93,10.16,254.00,10.00,2,손가락 펴기 (Open)
33.94,34.25,16.69,34.12,-4.38,204.49,42.91,59.67,66.61,163.53,46.57,152.86,251.00,134.55,32.42,160.81,131.85,76.24,61.55,61.13,64.00,103.59,25.55,25.87,59.14,64.06,20.52,94.09,59.00,245.87,42.57,224.11,238.08,219.45,56.50,405.13,18.00,63.75,23.01,62.61,51.48,29.67,26.28,86.48,92.00,32.53,25.93,623.00,10.00,24.65,19.44,370.00,5.00,15.48,13.27,277.00,7.00,54.83,45.97,1064.00,9.00,13.82,9.97,256.00,10.00,2,손가락 펴기 (Open)
1.44,-20.06,26.88,30.00,-12.25,196.59,43.43,59.82,73.25,171.51,41.71,156.87,243.00,129.66,31.17,161.24,134.12,84.17,71.26,71.21,53.00,132.57,22.04,42.42,30.27,92.56,48.85,68.18,30.00,294.79,49.26,244.74,178.13,285.42,48.10,343.41,48.00,65.69,22.47,60.99,53.31,29.43,26.14,88.47,90.00,32.45,25.49,656.00,10.00,25.06,20.30,414.00,5.00,16.96,15.27,266.00,6.00,54.76,46.62,952.00,8.00,13.92,10.06,250.00,9.00,2,손가락 펴기 (Open)
58.19,-8.38,20.88,1.94,0.94,242.22,30.54,18.77,63.35,200.02,14.05,201.21,191.00,129.79,40.07,151.49,144.81,88.31,68.45,63.80,64.00,132.57,22.04,42.42,30.27,92.56,48.85,68.18,30.00,264.50,89.49,165.93,156.16,322.06,83.68,293.07,127.00,68.15,24.19,58.45,52.20,32.30,24.19,85.86,93.00,35.67,28.56,699.00,12.00,25.15,20.83,403.00,5.00,16.96,15.27,243.00,5.00,51.13,41.07,895.00,7.00,13.89,9.83,255.00,9.00,2,손가락 펴기 (Open)
-30.25,-16.62,2.19,21.88,-4.06,208.48,69.85,75.67,13.93,180.64,60.50,258.05,134.00,154.02,83.45,120.49,141.43,44.43,56.57,87.06,20.00,140.36,31.92,31.57,41.19,83.93,48.57,57.53,19.00,262.15,57.57,178.76,189.13,305.12,95.51,288.39,160.00,68.15,24.19,58.45,52.20,32.30,24.19,85.86,93.00,36.03,29.00,758.00,10.00,24.71,20.50,370.00,4.00,16.84,14.94,226.00,4.00,51.38,42.02,917.00,9.00,13.89,9.83,252.00,10.00,2,손가락 펴기 (Open)
8.75,-6.31,3.69,-61.75,-13.94,211.22,55.05,70.62,5.83,164.96,70.24,273.25,118.00,144.30,77.11,115.43,152.40,42.61,50.24,91.89,9.00,132.36,31.30,49.11,49.65,63.47,37.92,41.44,5.00,287.58,94.93,217.23,198.60,251.45,97.33,309.01,214.00,68.55,25.79,60.40,52.92,31.38,22.64,85.37,95.00,36.06,29.09,798.00,11.00,24.39,19.81,370.00,4.00,15.45,13.44,186.00,3.00,53.72,45.38,961.00,8.00,14.01,9.92,256.00,10.00,2,손가락 펴기 (Open)
15.25,33.56,-2.00,62.69,11.88,208.20,52.09,91.36,19.24,179.64,75.07,255.36,142.00,79.06,112.27,49.57,170.39,32.65,115.28,106.76,75.00,131.31,21.73,52.14,41.04,67.03,29.46,41.32,16.00,200.05,137.18,124.48,91.35,248.20,116.02,408.82,335.00,74.29,29.30,52.15,36.06,12.46,28.52,90.27,114.00,36.23,29.41,790.00,12.00,24.83,19.88,404.00,5.00,15.13,12.75,186.00,4.00,54.56,46.19,1062.00,11.00,14.26,10.55,276.00,9.00,2,손가락 펴기 (Open)
-0.25,-22.75,7.94,-30.25,5.50,211.89,46.15,85.52,21.95,176.20,82.43,252.23,150.00,58.55,133.25,47.95,151.95,41.97,99.73,90.68,54.00,124.90,5.61,69.14,54.08,50.03,46.46,36.11,1.00,150.46,200.14,167.37,141.42,186.47,135.29,346.34,272.00,78.80,35.13,56.93,39.70,15.08,22.58,86.26,108.00,36.18,29.00,774.00,12.00,23.04,18.69,405.00,7.00,15.13,12.68,191.00,5.00,50.06,42.25,975.00,11.00,14.33,11.00,239.00,8.00,2,손가락 펴기 (Open)
-16.75,41.19,-18.06,-12.88,-6.25,205.74,54.15,82.81,15.56,168.20,89.84,252.39,158.00,37.84,157.42,80.33,138.19,14.51,104.43,121.97,87.00,135.95,17.64,64.59,47.13,46.67,58.98,31.94,17.00,247.81,149.80,92.36,128.58,151.32,235.59,248.89,170.00,33.00,29.22,30.56,34.06,46.13,36.14,46.40,56.00,35.89,28.50,766.00,12.00,25.24,21.27,471.00,8.00,15.81,13.80,197.00,6.00,45.39,37.48,841.00,10.00,9.35,8.06,198.00,10.00,2,손가락 펴기 (Open)
-3.75,-22.75,18.19,57.56,0.06,160.77,94.50,35.28,60.02,190.43,82.91,236.50,110.00,49.69,157.22,69.33,107.42,43.57,93.75,154.80,120.00,96.31,39.39,36.10,14.04,88.49,80.39,42.54,61.00,129.74,134.98,95.90,34.13,265.83,340.04,180.10,49.00,43.36,18.28,20.16,26.63,48.56,46.43,37.94,45.00,33.63,25.50,718.00,11.00,25.83,21.53,526.00,8.00,15.38,12.98,236.00,7.00,45.53,38.06,909.00,11.00,8.97,7.55,180.00,10.00,2,손가락 펴기 (Open)
36.62,30.19,4.19,29.06,-5.62,134.77,106.70,29.49,69.64,205.85,64.09,252.81,136.00,50.49,133.34,43.74,124.63,68.85,69.55,184.65,153.00,64.83,70.17,5.21,18.03,74.63,87.01,41.43,29.00,84.24,124.11,97.37,122.04,224.84,320.32,196.90,137.00,22.54,35.20,38.18,15.03,35.73,58.96,20.13,24.00,34.79,27.12,674.00,11.00,26.98,24.02,538.00,9.00,13.91,11.69,243.00,9.00,44.03,36.69,922.00,11.00,8.33,6.78,166.00,10.00,2,손가락 펴기 (Open)
38.06,15.12,2.50,12.62,2.81,49.72,145.79,150.04,72.20,96.65,184.85,154.01,15.00,106.09,68.56,26.04,83.77,100.75,134.34,146.55,88.00,38.51,87.90,22.46,33.29,55.70,62.91,30.30,56.00,135.67,107.42,79.10,151.60,168.73,273.18,213.21,50.00,30.49,33.13,39.07,24.02,26.75,59.70,12.36,15.00,30.46,24.94,597.00,10.00,24.56,22.86,517.00,9.00,12.61,10.31,210.00,8.00,40.41,32.83,835.00,10.00,8.23,6.71,151.00,10.00,2,손가락 펴기 (Open)
-19.44,-7.56,-13.06,-27.94,-2.81,48.28,148.16,141.71,86.98,105.68,203.09,132.49,9.00,117.08,60.34,35.22,73.79,90.89,126.34,147.66,99.00,58.16,89.65,23.26,49.65,33.66,40.84,29.32,79.00,83.52,145.25,125.93,198.57,114.36,222.12,255.15,5.00,22.01,25.71,17.85,33.24,28.64,50.05,10.80,7.00,30.86,25.87,616.00,10.00,24.20,22.26,506.00,9.00,12.87,10.69,199.00,8.00,40.59,33.31,824.00,10.00,6.87,5.52,138.00,10.00,2,손가락 펴기 (Open)
-5.44,4.12,-22.75,-7.31,20.75,63.10,123.20,118.28,67.98,137.55,209.27,100.72,41.00,107.17,61.33,37.91,69.57,92.55,126.82,145.28,110.00,61.66,93.88,28.21,52.63,34.11,43.17,29.92,74.00,105.52,123.44,110.92,189.61,111.90,201.68,276.58,27.00,24.26,44.62,37.84,23.02,51.58,32.21,31.86,30.00,29.51,24.12,592.00,9.00,23.93,21.48,495.00,10.00,13.36,11.00,209.00,8.00,39.99,31.94,824.00,10.00,8.71,7.03,155.00,10.00,2,손가락 펴기 (Open)
-49.94,-24.75,-2.75,-27.94,-3.62,27.70,179.18,172.09,30.41,163.81,188.10,48.63,97.00,81.43,59.27,103.91,22.00,30.11,87.29,189.40,44.00,57.17,78.40,28.67,65.86,22.20,42.15,41.11,58.00,85.42,137.75,102.26,169.26,132.38,194.47,298.27,49.00,24.23,35.38,38.61,13.04,55.73,22.28,40.41,40.00,32.20,26.42,592.00,8.00,22.84,19.94,484.00,10.00,12.57,10.00,202.00,7.00,40.59,33.31,754.00,9.00,8.63,6.78,168.00,10.00,2,손가락 펴기 (Open)
3.06,-2.75,-17.00,-80.81,-1.88,64.42,150.05,171.08,78.16,145.48,148.74,43.89,145.00,81.43,59.27,103.91,22.00,30.11,87.29,189.40,44.00,57.36,95.13,2.36,57.22,8.16,33.39,68.57,30.00,138.47,223.46,76.60,190.07,132.77,189.87,174.10,129.00,22.23,36.91,34.68,13.93,53.34,19.23,43.10,44.00,30.33,24.55,547.00,8.00,22.84,19.94,506.00,10.00,13.10,10.38,206.00,6.00,39.86,32.94,693.00,10.00,8.52,6.59,170.00,10.00,2,손가락 펴기 (Open)
-23.62,-2.75,-5.69,-7.19,16.62,20.59,152.66,92.13,119.10,62.71,64.52,121.50,230.00,81.43,59.27,103.91,22.00,30.11,87.29,189.40,44.00,56.88,95.15,2.69,62.20,4.50,36.88,63.73,35.00,116.59,221.88,73.65,172.59,153.66,183.99,174.22,151.00,16.58,36.67,28.97,12.08,76.96,31.03,40.83,20.00,27.34,21.62,543.00,11.00,22.84,19.94,473.00,9.00,13.18,10.65,205.00,5.00,39.26,31.56,713.00,9.00,9.42,7.59,186.00,9.00,2,손가락 펴기 (Open)
-57.12,-21.31,-14.94,-36.06,4.12,107.08,137.29,57.93,188.83,138.42,134.63,37.02,142.00,133.28,13.93,57.08,33.00,26.15,120.70,142.84,99.00,51.47,78.67,28.82,70.24,25.40,8.96,87.63,7.00,180.93,182.62,27.44,140.09,172.96,133.37,212.02,217.00,18.92,33.87,36.79,11.40,75.43,31.13,36.98,28.00,30.37,23.27,549.00,10.00,22.16,18.56,440.00,8.00,13.41,10.95,204.00,7.00,39.79,31.95,746.00,9.00,9.44,7.73,190.00,9.00,2,손가락 펴기 (Open)
-24.62,-0.69,36.31,73.06,-17.50,128.91,124.26,81.78,178.64,139.22,127.85,55.05,166.00,111.50,18.32,53.10,39.66,36.84,124.07,133.24,121.00,56.45,90.23,27.72,81.02,30.70,9.85,95.97,5.00,144.42,227.11,72.64,184.33,147.90,87.49,254.49,263.00,19.18,39.15,33.87,17.26,80.65,36.10,32.93,34.00,31.02,24.58,520.00,9.00,21.47,17.45,451.00,8.00,15.03,11.60,250.00,8.00,43.35,35.18,825.00,9.00,10.01,8.06,199.00,9.00,2,손가락 펴기 (Open)
110.94,29.56,35.19,56.88,-5.06,97.81,177.65,74.17,230.64,192.76,164.85,97.76,221.00,77.43,49.37,21.78,80.08,67.11,151.57,139.71,77.00,71.60,106.15,45.32,89.87,42.79,8.17,90.11,13.00,131.26,286.22,120.37,180.47,214.82,145.36,187.54,196.00,23.82,45.83,38.96,19.72,75.35,29.35,39.21,27.00,39.34,28.45,567.00,9.00,22.58,19.42,473.00,9.00,16.92,12.89,232.00,5.00,45.75,38.62,815.00,8.00,10.08,8.20,206.00,8.00,2,손가락 펴기 (Open)
50.19,135.81,-68.31,1.56,30.69,134.89,259.44,165.61,222.52,161.02,73.59,80.15,129.00,164.23,196.85,150.61,168.61,125.00,20.48,230.82,249.00,7.59,106.48,61.59,154.65,111.28,77.74,123.69,85.00,126.95,282.60,122.64,191.39,218.87,149.88,177.65,185.00,15.67,42.37,18.25,53.94,93.95,34.16,75.20,9.00,40.36,30.14,582.00,7.00,41.19,28.73,579.00,7.00,24.44,17.19,340.00,9.00,45.65,37.94,784.00,7.00,12.80,10.39,234.00,7.00,2,손가락 펴기 (Open)
-60.88,-14.88,-16.00,-13.50,15.62,81.45,242.05,148.36,285.19,218.71,64.65,131.79,66.00,175.20,202.85,154.90,163.88,118.03,14.21,220.19,238.00,20.20,125.83,80.62,162.79,109.01,66.05,104.77,64.00,177.94,259.81,58.99,194.59,179.33,142.81,143.87,120.00,44.27,73.46,50.70,68.25,63.54,2.81,46.22,24.00,43.31,33.36,689.00,9.00,40.85,28.22,685.00,7.00,24.77,17.88,386.00,7.00,41.55,34.50,663.00,5.00,12.83,10.80,220.00,6.00,2,손가락 펴기 (Open)
-56.44,-33.44,15.94,21.62,-3.50,28.16,289.57,214.08,300.11,178.46,30.45,61.09,137.00,124.38,219.78,196.38,215.36,153.26,62.73,165.77,183.00,14.13,110.53,82.14,178.19,124.81,73.22,87.87,47.00,144.43,289.47,84.77,161.55,145.65,124.62,148.82,86.00,34.51,61.78,45.64,79.61,66.38,11.46,40.97,38.00,45.62,35.42,673.00,8.00,41.49,28.10,652.00,6.00,25.11,18.94,408.00,8.00,39.58,31.84,607.00,5.00,12.61,10.25,234.00,7.00,2,손가락 펴기 (Open)
29.50,28.44,-10.69,-54.00,-7.69,54.06,256.60,194.13,331.51,202.00,36.19,30.36,170.00,174.66,159.42,144.74,243.82,214.62,123.32,115.30,117.00,18.78,118.95,60.73,170.50,140.65,94.73,66.97,25.00,122.97,310.53,83.81,168.62,152.38,145.59,136.57,108.00,33.83,61.31,56.71,87.32,53.44,10.52,40.93,25.00,46.25,37.56,745.00,9.00,41.24,29.08,652.00,6.00,25.13,18.94,409.00,10.00,41.07,33.12,673.00,8.00,12.72,10.20,224.00,6.00,2,손가락 펴기 (Open)
-19.50,-2.50,-20.38,-41.62,10.00,54.06,256.61,194.13,331.51,202.00,36.19,30.36,170.00,158.19,191.26,134.99,216.81,219.64,142.17,109.85,84.00,21.58,117.54,57.78,175.28,142.29,90.64,70.68,30.00,106.03,321.70,65.09,189.16,168.83,126.75,154.62,86.00,29.39,47.50,42.66,104.31,47.20,31.36,41.38,4.00,46.25,37.56,778.00,10.00,40.59,26.81,619.00,6.00,25.35,19.25,380.00,9.00,42.11,34.50,606.00,7.00,12.73,10.62,236.00,7.00,2,손가락 펴기 (Open)
-62.56,-45.81,2.06,-4.44,-6.81,21.63,261.23,133.02,392.18,215.64,94.18,76.35,107.00,158.12,197.17,124.24,223.68,228.68,143.46,106.33,95.00,35.90,98.25,72.99,183.17,119.32,96.89,63.67,7.00,99.52,313.78,35.38,178.03,114.44,154.65,89.39,153.00,30.31,50.43,41.00,102.73,49.87,33.69,41.15,1.00,48.98,41.01,783.00,9.00,41.27,27.24,608.00,5.00,24.61,17.81,389.00,10.00,39.33,30.87,616.00,7.00,12.81,10.77,246.00,8.00,2,손가락 펴기 (Open)
18.06,30.50,-21.62,-1.69,14.50,45.60,247.69,133.10,399.41,189.65,73.23,60.88,133.00,153.95,199.58,130.93,215.34,237.92,152.48,99.87,106.00,63.91,61.90,107.46,149.97,139.21,116.22,65.20,44.00,130.42,283.93,79.33,134.03,106.03,166.90,133.27,109.00,23.04,31.40,67.78,80.81,72.40,45.80,38.58,26.00,47.97,39.18,853.00,10.00,41.69,28.19,674.00,6.00,25.01,18.20,415.00,11.00,37.98,27.98,605.00,7.00,13.05,11.38,260.00,9.00,2,손가락 펴기 (Open)
-24.75,-12.12,5.06,21.00,-8.19,128.37,169.54,213.92,321.46,236.34,113.58,106.87,50.00,169.68,181.03,142.63,201.40,235.25,174.11,82.57,128.00,71.37,56.95,109.00,144.93,144.75,105.28,66.79,33.00,141.05,272.98,84.45,134.24,116.23,156.71,123.47,120.00,24.13,30.43,66.51,84.17,72.19,45.91,38.21,31.00,46.41,36.44,842.00,10.00,41.75,27.81,696.00,6.00,24.73,17.43,424.00,11.00,37.51,27.12,583.00,7.00,13.19,11.61,276.00,10.00,2,손가락 펴기 (Open)
30.19,18.81,-19.69,-42.94,10.44,99.46,200.69,197.99,335.48,224.70,120.97,127.84,17.00,138.94,213.54,110.80,228.64,204.16,194.96,52.84,161.00,81.45,67.34,92.95,163.23,125.08,121.45,57.53,53.00,173.78,248.33,70.10,167.19,96.59,187.69,146.64,87.00,19.24,49.60,50.17,101.26,52.44,35.75,35.88,53.00,47.06,38.66,883.00,10.00,41.92,29.13,718.00,7.00,25.24,18.52,440.00,12.00,38.99,29.20,627.00,7.00,13.20,11.88,271.00,10.00,2,손가락 펴기 (Open)
-53.38,-3.19,-9.69,-8.56,-0.62,151.34,179.51,158.63,399.70,154.21,112.27,168.69,54.00,138.94,213.54,110.80,228.64,204.16,194.96,52.84,161.00,81.45,67.34,92.95,163.23,125.08,121.45,57.53,53.00,193.30,248.98,48.44,167.59,84.67,178.90,138.09,109.00,25.17,36.22,64.63,93.48,41.35,24.42,36.12,68.00,48.92,40.34,923.00,10.00,41.92,29.13,707.00,8.00,25.24,18.52,429.00,11.00,38.93,29.24,638.00,6.00,12.74,10.91,258.00,10.00,2,손가락 펴기 (Open)
-30.38,-84.94,45.06,1.75,-18.12,151.34,179.51,158.63,399.70,154.21,112.27,168.69,54.00,188.33,227.58,69.04,274.15,189.13,235.64,104.22,109.00,93.76,45.37,96.82,197.01,97.27,144.32,91.27,17.00,186.18,240.76,55.44,178.55,73.70,183.75,139.25,120.00,32.49,35.26,66.34,100.65,38.46,32.38,38.27,60.00,48.92,40.34,890.00,9.00,46.38,31.18,770.00,8.00,27.64,21.05,470.00,11.00,38.87,28.69,585.00,7.00,13.29,11.28,274.00,10.00,2,손가락 펴기 (Open)
58.44,20.00,13.69,38.31,-8.12,147.99,144.81,174.50,432.14,136.25,146.79,171.84,19.00,163.62,197.61,100.75,290.23,157.17,268.15,134.10,76.00,112.16,57.86,81.04,205.00,117.98,122.32,69.46,39.00,190.34,121.98,109.47,222.20,157.79,78.50,128.77,1.00,32.49,35.26,66.34,100.65,38.46,32.38,38.27,60.00,50.77,43.08,949.00,9.00,46.58,32.38,877.00,9.00,27.81,21.56,489.00,10.00,35.37,27.73,554.00,7.00,13.29,11.28,264.00,9.00,2,손가락 펴기 (Open)
54.25,60.12,-21.69,-5.69,11.88,185.38,99.38,146.40,460.58,203.22,101.31,145.96,86.00,152.24,125.99,136.99,358.74,214.48,231.48,95.57,154.00,86.45,31.87,106.06,228.97,122.88,105.63,49.06,65.00,190.34,121.98,109.47,222.20,157.79,78.50,128.77,1.00,32.49,35.26,66.34,100.65,38.46,32.38,38.27,60.00,52.62,46.72,910.00,9.00,48.98,36.23,900.00,9.00,28.36,22.65,515.00,10.00,35.37,27.73,565.00,8.00,13.29,11.28,272.00,9.00,2,손가락 펴기 (Open)
-30.19,11.69,-16.06,-28.38,-0.12,206.54,107.74,123.75,440.60,196.16,97.92,159.81,63.00,184.92,123.36,125.11,338.79,232.73,213.94,100.03,99.00,76.73,25.56,108.03,232.82,130.76,104.31,53.40,55.00,200.38,123.42,99.02,215.80,147.40,71.30,124.84,10.00,32.49,35.26,66.34,100.65,38.46,32.38,38.27,60.00,51.49,45.46,962.00,10.00,47.98,34.69,923.00,9.00,28.61,23.20,468.00,9.00,34.71,27.22,475.00,7.00,13.29,11.28,262.00,10.00,2,손가락 펴기 (Open)
-51.25,-41.94,-21.56,29.50,18.19,175.54,78.81,143.15,457.07,221.64,78.24,187.94,32.00,165.04,106.07,145.73,359.88,254.70,195.91,101.76,77.00,47.27,82.06,65.94,169.46,78.27,165.99,83.33,127.00,154.39,89.68,134.10,179.74,121.22,89.68,100.74,56.00,43.75,55.41,27.55,64.44,12.00,75.31,15.84,103.00,52.85,47.16,846.00,9.00,48.88,36.06,945.00,9.00,26.62,20.83,478.00,9.00,30.18,23.62,518.00,8.00,12.89,11.54,271.00,11.00,2,손가락 펴기 (Open)
-26.56,-68.50,44.81,-9.62,-20.31,69.73,85.50,163.28,339.32,130.25,231.71,32.95,187.00,78.59,19.83,213.46,346.21,240.27,282.30,146.76,164.00,50.98,87.43,60.03,166.21,74.85,160.40,77.61,121.00,86.55,15.56,141.75,139.14,91.03,15.56,164.47,22.00,36.42,47.45,34.89,70.04,19.96,81.35,22.58,111.00,43.59,39.58,806.00,9.00,51.87,39.19,860.00,9.00,25.94,20.36,436.00,9.00,25.47,19.59,506.00,7.00,13.52,11.98,272.00,11.00,2,손가락 펴기 (Open)
48.12,15.50,-18.75,-68.25,-5.25,81.96,110.34,151.21,319.62,108.95,211.86,58.97,160.00,54.51,120.15,232.47,218.33,130.57,224.25,51.71,36.00,23.22,83.34,89.22,133.21,35.31,149.15,36.86,80.00,90.20,70.44,100.12,222.40,174.02,101.56,78.88,64.00,4.05,37.23,48.75,53.16,32.84,84.58,10.61,78.00,41.17,37.47,764.00,9.00,38.50,31.31,786.00,9.00,21.87,18.44,446.00,10.00,30.80,24.09,559.00,7.00,11.86,10.31,272.00,11.00,2,손가락 펴기 (Open)
-10.81,45.06,-18.12,27.38,20.38,57.96,101.31,182.21,298.61,82.03,214.17,86.43,129.00,3.20,82.75,272.84,222.20,83.46,257.58,50.76,19.00,29.98,75.56,91.80,140.01,36.70,155.31,28.83,70.00,73.62,57.05,121.62,219.11,187.03,118.14,57.83,86.00,10.00,32.85,51.41,58.94,38.05,89.92,16.04,72.00,39.96,36.02,821.00,10.00,40.19,33.08,797.00,9.00,22.25,18.91,413.00,9.00,31.56,25.30,623.00,8.00,12.40,10.78,278.00,11.00,2,손가락 펴기 (Open)
-41.81,-31.94,13.62,-13.19,-10.31,57.96,101.31,182.20,298.61,82.03,214.17,86.43,129.00,3.20,82.75,272.84,222.20,83.46,257.58,50.76,19.00,41.58,63.59,103.77,131.71,24.82,143.37,35.65,82.00,125.88,67.59,102.00,164.48,167.93,136.72,40.80,141.00,5.46,37.85,46.45,60.41,37.95,94.67,20.01,67.00,39.96,36.02,764.00,9.00,40.19,33.08,808.00,9.00,21.60,17.97,416.00,9.00,30.15,23.94,590.00,8.00,12.60,11.02,304.00,12.00,2,손가락 펴기 (Open)
-7.25,3.12,-30.50,-24.88,4.69,114.91,45.78,225.93,265.14,27.87,158.00,83.28,186.00,30.42,56.66,278.41,230.87,50.69,234.24,66.64,14.00,71.32,49.62,120.18,111.21,48.10,167.74,37.69,52.00,115.02,70.21,92.59,166.31,157.14,134.50,48.60,152.00,19.55,28.51,52.88,45.62,24.44,102.98,31.94,51.00,38.18,32.56,746.00,9.00,39.22,31.53,808.00,10.00,22.98,19.38,452.00,10.00,29.46,23.25,590.00,8.00,12.37,10.85,301.00,12.00,2,손가락 펴기 (Open)
-6.75,3.12,19.50,37.00,4.88,122.42,38.71,232.71,258.32,34.68,162.56,78.48,178.00,30.42,56.66,278.41,230.87,50.69,234.24,66.64,14.00,45.74,42.60,138.17,88.09,56.20,177.41,65.55,20.00,68.72,132.50,53.65,102.46,201.63,192.04,24.53,86.00,17.21,27.55,54.68,44.38,21.79,102.51,33.81,48.00,38.22,32.78,699.00,8.00,39.22,31.53,764.00,9.00,23.37,20.31,483.00,10.00,30.30,23.75,623.00,8.00,12.28,10.64,284.00,11.00,2,손가락 펴기 (Open)
-1.69,21.00,-20.56,-37.25,1.19,93.02,67.95,244.45,236.77,55.65,161.93,46.64,131.00,51.15,114.20,249.87,260.17,54.40,190.59,3.32,52.00,63.35,66.08,108.99,113.74,45.41,168.04,96.55,11.00,84.60,97.55,29.53,123.85,192.83,233.66,60.36,42.00,24.11,37.54,44.19,54.71,25.60,93.94,38.67,37.00,36.35,30.95,628.00,7.00,38.16,29.38,709.00,8.00,23.86,20.70,499.00,10.00,31.77,26.00,700.00,9.00,12.05,10.19,264.00,10.00,2,손가락 펴기 (Open)
0.31,21.69,-6.19,17.06,4.75,101.31,69.08,212.49,266.65,56.12,144.73,32.23,99.00,40.19,109.96,241.74,269.45,50.54,179.80,9.65,63.00,59.86,56.43,109.48,118.98,36.16,159.69,105.82,21.00,82.74,98.23,40.00,132.64,182.36,239.01,68.82,31.00,21.50,29.54,45.56,58.14,34.50,84.97,41.38,28.00,35.50,28.23,580.00,7.00,37.68,28.69,665.00,7.00,23.57,20.23,488.00,9.00,32.03,26.69,733.00,10.00,11.63,9.62,244.00,9.00,2,손가락 펴기 (Open)
-15.69,-11.31,-19.25,-33.81,3.88,101.31,69.08,212.49,266.65,56.12,144.73,32.23,99.00,40.19,109.96,241.74,269.45,50.54,179.80,9.65,63.00,64.21,76.26,137.63,94.76,24.76,129.36,130.08,52.00,90.02,148.44,52.15,108.56,147.88,231.21,117.24,35.00,21.99,35.60,57.37,46.04,40.49,76.63,43.93,14.00,35.50,28.23,539.00,7.00,37.68,28.69,665.00,7.00,23.96,20.22,477.00,8.00,32.39,26.79,722.00,10.00,11.42,9.23,224.00,8.00,2,손가락 펴기 (Open)
-33.69,-49.56,14.81,-2.88,-12.62,104.13,147.73,272.57,193.24,39.87,82.30,59.99,19.00,52.08,183.22,255.68,208.74,66.88,180.93,80.99,139.00,71.48,80.07,118.04,76.48,55.43,116.06,149.43,83.00,92.75,116.63,28.87,75.80,173.27,209.76,139.70,68.00,33.06,45.83,41.57,38.05,34.08,85.13,49.01,10.00,34.96,26.20,474.00,6.00,39.40,31.80,686.00,7.00,23.98,20.86,503.00,9.00,31.20,24.98,722.00,10.00,11.60,9.50,230.00,8.00,2,손가락 펴기 (Open)
40.81,-5.88,36.00,48.69,-5.31,133.65,116.71,203.44,171.01,124.87,129.37,137.84,69.00,63.01,192.52,266.66,201.42,57.26,171.70,71.52,128.00,109.35,121.95,147.94,41.88,52.46,104.21,139.82,38.00,133.59,103.48,77.56,86.95,129.56,264.36,126.13,13.00,37.82,50.81,44.81,33.06,38.64,80.35,48.92,5.00,34.89,27.91,531.00,5.00,39.41,32.02,644.00,6.00,25.67,23.25,470.00,8.00,33.63,28.06,766.00,10.00,11.68,9.81,219.00,8.00,2,손가락 펴기 (Open)
44.25,30.75,-10.12,-45.94,-1.44,200.79,175.28,241.37,98.02,128.25,57.30,94.33,4.00,60.31,200.64,240.15,135.59,139.11,60.30,97.05,10.00,47.56,73.10,96.16,35.47,114.45,70.80,170.46,24.00,81.21,75.05,61.11,48.75,157.74,308.30,153.31,41.00,20.00,38.87,28.63,36.67,52.95,64.92,58.69,13.00,36.18,31.16,448.00,4.00,34.51,28.12,581.00,6.00,22.63,20.16,490.00,9.00,35.64,30.43,820.00,11.00,10.69,8.69,214.00,8.00,2,손가락 펴기 (Open)
-15.56,-11.19,11.56,10.81,-4.75,118.12,98.37,163.52,127.14,211.17,72.40,128.04,87.00,27.61,170.97,209.92,167.69,164.61,62.48,129.23,23.00,37.06,75.08,100.46,29.55,110.59,80.36,160.86,13.00,37.49,42.69,103.98,90.47,116.62,301.85,116.35,3.00,16.07,40.27,29.95,32.25,53.91,65.99,54.28,8.00,32.66,26.08,513.00,7.00,34.25,27.46,580.00,7.00,22.12,19.30,474.00,9.00,33.13,27.34,830.00,12.00,10.48,8.38,197.00,7.00,2,손가락 펴기 (Open)
-10.38,-66.31,54.00,41.75,-17.88,60.96,110.93,186.39,82.38,192.28,11.09,63.29,4.00,120.09,53.77,141.45,195.82,240.51,89.95,29.93,119.00,103.48,38.96,27.92,100.72,172.81,151.61,89.05,60.00,67.77,75.04,90.70,88.81,122.24,324.33,85.09,36.00,39.38,18.36,1.32,53.85,83.69,56.91,24.74,22.00,27.76,20.89,430.00,6.00,34.18,27.94,599.00,7.00,25.88,22.62,516.00,9.00,34.73,29.66,841.00,11.00,11.14,8.77,200.00,7.00,2,손가락 펴기 (Open)
75.88,95.38,-41.19,17.69,26.38,107.50,30.89,95.47,173.65,278.93,101.83,55.14,88.00,56.43,70.53,86.85,256.39,304.17,136.25,94.71,188.00,81.98,59.84,43.68,108.08,195.02,170.25,60.53,89.00,95.55,103.45,118.73,121.59,89.41,291.33,118.08,3.00,27.55,45.34,29.19,72.47,99.99,40.40,4.75,50.00,33.87,26.81,499.00,5.00,41.38,32.25,710.00,7.00,27.74,24.21,603.00,10.00,34.86,30.06,808.00,10.00,13.06,10.50,225.00,6.00,2,손가락 펴기 (Open)
-25.06,43.56,-17.50,29.38,13.75,116.36,16.79,93.99,173.00,269.81,92.48,50.62,73.00,65.43,104.13,26.75,296.89,310.55,145.49,24.76,111.00,83.73,54.95,45.36,103.47,193.81,170.22,56.51,94.00,88.78,100.33,110.55,123.17,84.57,283.68,128.29,8.00,25.88,40.60,27.34,68.82,97.60,34.98,10.58,56.00,32.97,26.34,584.00,6.00,42.24,32.99,725.00,7.00,27.52,23.94,561.00,9.00,34.17,29.38,775.00,9.00,12.57,10.12,199.00,5.00,2,손가락 펴기 (Open)
-46.62,-55.12,26.62,-13.94,-23.00,111.93,39.33,73.50,196.00,282.45,99.08,60.09,50.00,75.66,105.16,36.30,288.34,299.75,135.40,29.90,122.00,85.75,66.31,27.36,97.74,176.07,158.14,50.15,112.00,87.01,106.49,115.00,133.99,77.23,283.57,120.55,3.00,23.98,40.46,30.72,72.11,101.60,38.82,6.76,52.00,34.50,27.16,534.00,7.00,41.25,32.39,747.00,7.00,26.05,22.67,543.00,9.00,34.35,30.06,755.00,10.00,12.99,10.38,223.00,6.00,2,손가락 펴기 (Open)
49.38,-10.75,12.69,13.69,-6.00,111.93,39.33,73.50,196.00,282.45,99.08,60.09,50.00,53.69,119.60,24.95,302.85,288.19,115.07,41.49,144.00,72.58,72.98,48.54,128.08,161.45,127.30,63.88,143.00,103.14,24.88,29.79,171.19,24.87,231.59,121.25,89.00,23.98,40.46,30.72,72.11,101.60,38.82,6.76,52.00,34.50,27.16,573.00,7.00,41.26,32.25,757.00,7.00,25.91,22.56,555.00,9.00,29.89,26.40,691.00,10.00,12.99,10.38,214.00,5.00,2,손가락 펴기 (Open)
7.38,3.00,-8.94,-26.88,-4.38,102.47,44.33,71.30,212.00,280.20,84.61,44.43,66.00,23.94,163.60,66.24,272.25,263.62,136.86,46.96,100.00,67.05,82.43,48.03,126.67,154.66,135.26,55.24,133.00,104.82,79.79,65.74,133.45,79.77,179.33,164.17,144.00,9.24,66.46,34.85,52.50,85.46,40.49,24.10,26.00,34.50,27.48,583.00,5.00,39.65,29.50,691.00,7.00,25.58,21.94,545.00,9.00,30.02,26.75,691.00,10.00,11.97,9.38,183.00,6.00,2,손가락 펴기 (Open)
-3.06,-40.31,17.69,25.38,8.44,73.87,82.46,37.55,215.56,246.80,103.29,83.20,27.00,28.40,171.54,73.04,264.02,274.53,138.62,38.04,111.00,62.39,87.81,42.69,120.70,160.34,134.44,61.15,139.00,83.98,59.17,81.75,100.77,103.77,140.40,207.67,188.00,21.08,54.85,48.52,68.10,66.78,37.59,43.01,7.00,32.95,25.96,560.00,6.00,40.26,30.19,702.00,7.00,25.80,22.31,526.00,9.00,30.45,27.17,735.00,11.00,11.92,9.31,181.00,4.00,2,손가락 펴기 (Open)
3.94,44.94,-1.50,42.56,-0.19,60.51,95.85,23.98,199.84,260.20,106.26,69.34,43.00,25.41,175.22,100.37,236.60,289.23,176.97,14.05,155.00,31.14,104.91,26.65,129.24,161.57,115.97,28.25,104.00,70.62,120.92,157.54,65.00,151.90,174.97,134.68,111.00,15.10,53.63,43.54,71.28,65.95,34.09,48.44,1.00,32.85,25.83,568.00,7.00,41.89,32.94,790.00,8.00,24.23,20.12,491.00,9.00,31.45,27.26,691.00,10.00,11.84,8.96,190.00,5.00,2,손가락 펴기 (Open)
25.44,42.19,-0.44,31.56,0.19,24.14,112.72,52.78,196.00,269.82,74.38,97.66,3.00,60.84,213.47,141.10,201.88,321.27,136.23,43.51,111.00,47.69,108.31,11.95,113.64,178.10,100.20,22.35,87.00,70.62,120.92,157.54,65.00,151.90,174.97,134.68,111.00,9.56,48.93,45.34,76.32,60.71,39.95,44.49,7.00,33.35,27.13,584.00,7.00,43.28,35.91,768.00,6.00,23.90,19.12,449.00,8.00,31.45,27.26,625.00,9.00,11.74,8.59,187.00,6.00,2,손가락 펴기 (Open)
-6.56,-10.75,-2.00,-4.19,-10.88,24.14,112.72,52.78,196.00,269.82,74.38,97.66,3.00,43.44,182.47,142.68,181.66,350.99,129.01,76.46,78.00,23.80,87.29,36.41,105.54,193.66,77.46,39.24,62.00,66.16,144.35,125.64,78.49,153.50,143.27,125.22,67.00,11.67,33.99,60.33,69.64,73.26,28.71,50.68,8.00,33.35,27.13,616.00,8.00,43.05,34.97,823.00,9.00,22.98,17.75,434.00,8.00,29.20,24.16,603.00,9.00,12.05,9.12,196.00,7.00,2,손가락 펴기 (Open)
31.88,22.25,13.31,6.81,-13.50,17.08,82.32,54.98,200.04,290.69,53.40,111.75,38.00,43.44,182.47,142.68,181.66,350.99,129.01,76.46,78.00,20.44,60.67,50.89,79.40,206.94,89.11,13.36,89.00,66.16,144.35,125.64,78.49,153.50,143.27,125.22,67.00,33.34,26.59,72.02,49.74,79.15,34.42,51.67,14.00,34.31,29.16,641.00,9.00,43.05,34.97,823.00,9.00,23.03,17.94,436.00,9.00,29.20,24.16,559.00,9.00,12.40,9.44,200.00,7.00,2,손가락 펴기 (Open)
19.88,-0.44,-28.69,3.38,19.75,64.63,34.95,42.12,153.31,319.61,49.54,115.44,10.00,39.06,178.69,136.57,175.79,361.32,118.07,69.47,89.00,20.44,60.67,50.89,79.40,206.94,89.11,13.36,89.00,59.68,108.09,132.63,65.92,112.69,107.37,167.25,12.00,22.10,19.65,78.31,44.92,91.15,34.20,59.72,26.00,34.08,29.39,627.00,9.00,42.97,34.42,802.00,8.00,23.03,17.94,442.00,9.00,26.44,20.72,526.00,9.00,13.23,10.28,216.00,7.00,2,손가락 펴기 (Open)
-44.56,16.81,-17.06,44.19,17.88,70.96,29.15,36.82,151.63,312.96,52.50,111.17,3.00,59.86,115.78,191.13,117.15,315.17,183.52,114.33,13.00,7.70,61.04,76.89,55.04,203.04,111.68,39.01,63.00,87.51,46.02,199.56,132.46,100.17,111.29,102.33,79.00,22.40,14.17,107.76,18.38,84.75,57.23,33.46,4.00,33.46,29.01,611.00,9.00,40.83,32.96,781.00,9.00,23.37,18.45,428.00,9.00,28.39,21.41,516.00,8.00,13.76,10.92,209.00,5.00,2,손가락 펴기 (Open)
-17.50,-5.88,-4.56,-9.06,-11.69,51.48,60.08,84.10,104.36,313.34,100.45,73.85,46.00,67.05,104.79,200.54,125.80,308.93,179.84,109.02,24.00,44.35,52.42,99.82,80.43,168.58,74.90,19.13,103.00,79.95,89.64,185.61,143.00,66.03,101.68,58.53,123.00,16.30,14.42,106.39,14.32,91.14,63.99,26.84,11.00,32.95,27.75,627.00,9.00,40.65,32.36,759.00,9.00,21.80,16.37,388.00,6.00,27.25,20.42,474.00,8.00,14.03,11.31,234.00,7.00,2,손가락 펴기 (Open)
8.56,-34.75,5.12,-2.12,-2.50,71.06,76.20,96.80,99.00,282.05,76.46,103.95,13.00,74.44,157.63,219.51,101.40,244.53,217.98,123.60,90.00,28.52,67.06,109.57,69.35,151.55,71.85,36.28,124.00,75.78,69.44,137.21,86.68,20.00,71.43,32.24,188.00,13.39,17.11,108.95,11.66,89.02,62.51,29.84,8.00,31.41,25.31,586.00,9.00,41.03,32.06,748.00,8.00,21.52,15.86,378.00,8.00,21.85,16.41,431.00,8.00,14.04,11.44,240.00,6.00,2,손가락 펴기 (Open)
14.06,-2.44,9.81,-13.12,-7.19,35.90,88.62,124.37,59.00,256.96,90.11,143.92,27.00,65.63,154.93,208.52,90.45,243.20,228.98,132.32,101.00,27.74,72.04,114.49,73.93,150.29,68.41,31.29,119.00,75.78,69.44,137.21,86.68,20.00,71.43,32.24,188.00,8.45,21.85,113.01,14.87,87.18,61.26,25.33,13.00,31.04,25.05,594.00,9.00,40.90,31.55,717.00,8.00,21.63,16.21,336.00,8.00,21.85,16.41,409.00,7.00,14.15,11.71,230.00,6.00,2,손가락 펴기 (Open)
11.56,3.19,23.69,9.56,-7.81,12.99,127.80,160.74,71.28,238.17,51.79,108.68,13.00,30.18,214.07,196.96,118.44,172.23,175.93,52.79,15.00,33.74,57.87,111.75,68.01,120.72,38.49,11.09,89.00,80.83,58.52,138.65,78.49,15.60,82.37,22.13,177.00,17.65,19.17,115.57,11.00,77.19,53.13,20.47,23.00,30.45,24.31,502.00,8.00,35.69,27.91,562.00,8.00,18.06,14.36,251.00,5.00,21.38,15.55,409.00,7.00,13.58,11.16,184.00,5.00,2,손가락 펴기 (Open)
14.81,8.19,-11.44,-82.06,-5.56,52.49,90.50,168.02,40.61,186.19,20.58,89.95,65.00,71.07,135.16,123.32,77.65,106.00,213.80,31.33,65.00,40.62,50.80,80.68,34.01,105.87,24.85,40.16,55.00,158.39,68.65,80.41,151.71,72.67,71.79,108.04,263.00,24.61,26.70,79.79,25.00,69.94,17.80,42.95,59.00,25.94,21.06,402.00,7.00,28.59,22.29,515.00,8.00,14.48,12.24,260.00,8.00,30.10,21.55,495.00,11.00,11.56,9.33,171.00,5.00,2,손가락 펴기 (Open)
-25.69,-20.69,7.62,14.94,-1.31,44.59,89.50,160.06,32.76,183.50,27.64,92.51,73.00,137.07,113.56,82.16,143.35,101.37,148.47,49.69,1.00,69.17,39.73,59.88,46.69,84.67,17.81,10.45,86.00,158.39,68.65,80.41,151.71,72.67,71.79,108.04,263.00,44.59,36.94,71.86,32.02,51.58,32.02,23.14,39.00,25.36,20.56,419.00,8.00,27.07,20.89,450.00,8.00,13.53,11.50,238.00,8.00,30.10,21.55,548.00,11.00,10.65,8.02,137.00,6.00,2,손가락 펴기 (Open)
-5.12,-72.38,30.88,-18.75,-8.94,29.38,59.43,142.45,57.69,146.45,30.86,67.64,18.00,156.65,128.34,98.20,146.32,118.78,166.07,28.80,20.00,81.13,32.21,67.57,56.04,96.38,22.86,19.87,74.00,148.70,61.73,85.17,161.99,81.50,62.27,100.39,252.00,35.39,38.21,64.36,40.31,44.40,35.92,13.49,29.00,20.76,17.12,347.00,7.00,29.95,22.53,460.00,8.00,14.86,12.25,250.00,8.00,29.55,20.69,548.00,11.00,9.82,7.55,127.00,6.00,2,손가락 펴기 (Open)
28.38,32.88,-3.44,13.56,-1.94,22.94,66.34,135.65,53.67,138.64,38.20,64.03,10.00,127.57,84.45,64.85,189.55,156.38,181.79,17.72,64.00,71.50,42.96,57.47,62.97,99.03,33.83,28.41,63.00,142.15,64.53,78.80,166.11,72.56,65.53,104.55,263.00,35.39,38.21,64.36,40.31,44.40,35.92,13.49,29.00,19.97,16.62,339.00,7.00,31.05,23.27,557.00,9.00,14.78,11.99,264.00,8.00,29.74,21.20,537.00,11.00,9.82,7.55,134.00,6.00,2,손가락 펴기 (Open)
10.38,10.19,-18.12,-31.12,2.75,38.40,51.20,149.06,40.00,136.93,47.06,53.64,6.00,125.78,77.81,70.94,191.66,157.59,185.38,6.74,53.00,68.64,47.17,57.94,66.71,102.93,30.25,25.79,68.00,140.22,74.61,67.99,156.11,70.41,70.58,104.64,252.00,34.11,43.06,64.61,36.06,49.39,31.71,12.27,24.00,20.11,16.92,348.00,7.00,31.16,23.94,535.00,9.00,15.11,12.27,252.00,7.00,28.89,20.34,526.00,11.00,9.83,7.69,125.00,4.00,2,손가락 펴기 (Open)
-21.12,-34.50,30.75,77.56,-1.38,30.58,54.87,150.49,45.25,144.20,47.34,47.16,14.00,129.17,80.65,81.62,180.94,146.95,175.42,17.54,64.00,74.12,46.26,40.78,79.51,118.90,35.89,30.26,86.00,171.17,140.69,86.89,141.01,138.12,16.64,96.86,321.00,34.16,37.59,51.42,45.34,55.64,18.08,21.46,10.00,20.54,17.48,372.00,8.00,30.27,23.25,491.00,9.00,16.69,13.53,285.00,7.00,35.00,24.49,617.00,10.00,9.36,6.84,121.00,7.00,2,손가락 펴기 (Open)
25.81,-29.69,-13.62,-109.12,-9.50,60.41,70.51,118.23,72.45,169.66,37.45,17.95,47.00,95.39,35.97,102.45,212.45,116.91,105.77,92.71,141.00,74.44,38.71,48.22,73.50,118.80,45.71,38.82,96.00,85.44,138.52,70.99,8.25,249.20,138.05,165.00,470.00,34.50,46.47,42.79,37.58,64.58,27.51,8.06,24.00,21.55,18.39,397.00,8.00,29.24,23.39,491.00,7.00,17.02,14.08,330.00,8.00,44.23,30.23,802.00,13.00,9.63,6.94,130.00,7.00,2,손가락 펴기 (Open)
-28.19,-44.56,6.69,18.56,7.31,38.84,22.88,151.58,66.94,165.33,37.87,32.47,95.00,98.21,81.25,198.57,142.28,56.61,158.39,46.09,43.00,69.92,49.71,52.21,64.66,108.88,55.05,49.79,107.00,81.94,149.24,79.03,15.26,250.60,131.26,159.44,459.00,35.11,43.47,41.07,40.31,67.37,28.15,5.08,27.00,22.33,19.66,422.00,8.00,28.95,24.37,457.00,6.00,17.08,14.31,351.00,9.00,43.86,29.63,896.00,13.00,9.74,7.20,135.00,7.00,2,손가락 펴기 (Open)
-4.69,19.06,6.00,27.50,-1.12,36.19,29.94,154.05,59.20,158.16,38.02,39.26,103.00,97.11,74.87,194.25,161.14,36.34,161.51,63.13,21.00,62.97,58.07,63.18,58.31,117.43,53.03,39.55,96.00,105.30,122.71,94.49,43.01,282.74,140.09,159.30,426.00,39.70,38.99,34.22,38.08,67.57,32.19,12.00,20.00,22.14,19.10,405.00,7.00,29.36,25.20,489.00,6.00,17.12,14.38,334.00,8.00,44.42,30.75,896.00,12.00,9.55,6.92,139.00,8.00,2,손가락 펴기 (Open)
35.81,50.69,-22.69,-35.75,5.69,32.16,33.63,162.04,61.85,164.31,43.40,34.82,95.00,108.60,89.61,213.47,151.71,55.26,174.46,41.63,43.00,96.34,64.29,62.10,32.70,113.80,81.93,30.40,59.00,64.05,133.33,53.13,51.40,309.98,181.45,184.23,382.00,57.70,45.96,36.22,20.12,49.83,13.33,10.18,39.00,22.85,19.54,437.00,8.00,31.19,26.23,500.00,6.00,17.82,15.19,323.00,8.00,45.35,33.16,962.00,13.00,9.14,6.93,113.00,6.00,2,손가락 펴기 (Open)
-33.69,-24.25,-8.94,-12.38,1.00,82.44,70.77,146.94,24.02,157.98,99.39,62.83,39.00,82.06,56.66,189.32,182.79,63.50,207.31,9.87,76.00,76.35,45.75,42.31,51.66,96.24,101.36,46.14,39.00,42.13,126.88,59.03,70.21,320.23,162.26,164.95,404.00,36.96,25.78,15.23,21.63,37.29,12.47,31.05,60.00,23.97,20.69,446.00,8.00,31.77,27.72,555.00,7.00,16.49,13.94,328.00,8.00,45.41,33.50,939.00,13.00,7.42,5.25,119.00,8.00,2,손가락 펴기 (Open)
-19.19,-40.50,0.75,-28.81,0.44,58.70,48.37,126.21,1.00,136.82,117.45,86.52,15.00,28.55,57.74,230.68,175.15,125.47,156.89,82.00,0.00,58.05,26.71,35.66,50.64,113.88,91.75,25.43,60.00,50.09,70.74,147.96,85.63,232.15,202.88,253.37,315.00,21.92,10.26,21.53,13.00,27.41,10.80,11.85,37.00,21.98,19.19,438.00,8.00,32.49,28.62,554.00,7.00,15.75,12.72,329.00,9.00,43.80,32.59,905.00,9.00,4.77,3.67,91.00,7.00,2,손가락 펴기 (Open)
-11.69,23.81,-24.31,24.81,15.94,52.12,46.34,119.71,7.00,143.29,116.63,78.80,23.00,34.58,46.75,220.30,186.08,133.60,159.75,91.85,11.00,67.48,33.20,23.04,65.49,112.93,98.69,10.92,75.00,28.53,90.40,141.56,102.90,228.29,201.80,274.46,293.00,31.99,18.87,11.15,36.35,8.51,33.38,24.82,13.00,21.62,18.69,422.00,7.00,32.88,29.31,586.00,7.00,16.75,13.77,344.00,9.00,44.26,33.79,949.00,10.00,6.07,4.45,99.00,7.00,2,손가락 펴기 (Open)
-18.19,31.38,1.69,88.81,9.38,67.51,38.02,116.16,25.00,140.02,133.63,61.86,47.00,87.36,36.94,224.47,199.62,159.58,114.16,68.03,44.00,67.48,33.20,23.04,65.49,112.93,98.69,10.92,75.00,60.03,167.37,212.01,162.08,163.86,264.27,217.47,373.00,36.62,23.62,20.14,38.63,17.47,29.29,15.89,22.00,22.10,19.46,422.00,7.00,33.46,29.80,564.00,6.00,16.75,13.77,365.00,10.00,49.72,38.44,1007.00,11.00,6.53,5.16,100.00,6.00,2,손가락 펴기 (Open)
54.12,50.62,-22.38,-52.81,2.88,62.33,75.90,157.29,43.27,100.53,176.55,65.58,90.00,130.67,80.49,267.78,159.71,117.58,158.08,69.74,0.00,73.81,21.01,39.66,34.93,93.53,126.17,28.68,106.00,8.20,144.76,177.87,195.87,116.36,317.27,209.19,427.00,39.42,24.51,24.12,31.30,15.66,26.82,23.73,14.00,25.90,22.48,497.00,8.00,35.84,32.20,575.00,6.00,17.63,14.88,379.00,11.00,51.55,41.81,1130.00,11.00,6.46,5.16,106.00,7.00,2,손가락 펴기 (Open)
-26.38,38.25,15.00,110.38,2.38,51.11,43.52,137.00,39.40,74.32,205.52,98.63,130.00,150.00,98.47,280.00,150.63,120.45,144.23,73.78,22.00,74.21,18.58,44.86,34.06,90.15,124.16,22.68,100.00,96.37,127.64,146.41,146.10,163.01,378.26,257.50,520.00,40.70,21.75,21.42,28.64,8.73,33.69,17.44,22.00,26.63,22.97,580.00,9.00,36.90,33.41,586.00,6.00,17.25,14.50,383.00,11.00,58.60,47.62,1202.00,11.00,6.35,5.08,106.00,7.00,2,손가락 펴기 (Open)
37.06,-25.00,7.69,-50.56,-13.12,63.43,48.51,120.98,19.42,91.68,209.35,123.56,155.00,125.57,97.87,305.53,110.54,88.23,157.46,108.12,66.00,82.64,38.30,51.31,13.15,69.59,134.91,9.55,79.00,124.78,112.58,117.58,175.86,135.06,378.70,230.27,489.00,42.51,28.70,29.28,20.88,3.86,41.38,16.26,30.00,28.08,24.92,605.00,9.00,37.22,34.12,619.00,6.00,17.08,14.15,368.00,10.00,56.40,45.69,1264.00,11.00,7.05,5.52,119.00,8.00,2,손가락 펴기 (Open)
17.06,-3.69,13.31,25.75,2.56,108.28,56.42,74.97,64.94,53.81,238.78,79.66,107.00,126.67,88.83,295.00,116.21,77.69,167.86,119.02,77.00,87.51,43.53,57.27,13.60,70.79,129.01,8.87,85.00,133.03,102.52,109.83,178.99,134.39,370.57,241.17,500.00,39.42,24.05,26.99,22.83,8.72,44.13,19.11,35.00,27.49,24.80,598.00,9.00,37.06,33.44,588.00,6.00,17.31,14.48,350.00,10.00,56.66,46.38,1308.00,11.00,7.06,5.56,128.00,9.00,2,손가락 펴기 (Open)
-14.44,-7.69,-1.50,-18.25,1.81,100.34,58.30,75.58,64.07,58.13,246.77,75.07,99.00,127.02,27.14,295.82,72.01,104.66,114.27,59.60,13.00,53.79,46.77,58.19,22.36,47.44,101.98,34.62,120.00,133.03,102.52,109.83,178.99,134.39,370.57,241.17,500.00,29.94,22.62,36.47,13.60,10.56,47.48,9.90,23.00,27.68,25.24,597.00,9.00,32.74,29.44,480.00,5.00,15.31,12.75,332.00,10.00,56.66,46.38,1319.00,11.00,6.64,5.04,121.00,9.00,2,손가락 펴기 (Open)
3.12,46.62,-24.94,-47.12,12.75,79.62,81.29,55.33,89.05,34.33,228.99,83.17,124.00,126.04,26.20,306.43,62.43,109.80,115.54,66.69,24.00,28.84,71.02,83.15,36.40,72.38,104.85,21.06,95.00,143.06,143.49,43.96,209.25,186.29,418.37,193.04,434.00,15.52,37.64,51.22,10.00,8.30,32.30,25.66,40.00,26.83,23.48,596.00,10.00,33.60,30.12,513.00,6.00,16.61,14.32,342.00,10.00,57.82,48.14,1308.00,10.00,7.37,5.44,128.00,8.00,2,손가락 펴기 (Open)
-55.44,-17.31,-5.56,-4.50,6.38,77.13,148.52,30.97,115.75,78.39,237.57,104.76,53.00,143.20,20.29,287.54,53.00,142.56,99.97,84.49,57.00,38.00,62.94,79.46,43.19,76.25,99.98,25.60,85.00,128.55,143.39,54.58,227.48,184.19,420.71,187.43,412.00,10.30,43.19,51.35,15.23,5.17,38.19,19.76,34.00,30.28,25.42,627.00,10.00,33.71,30.23,535.00,6.00,16.22,13.69,312.00,9.00,57.47,46.94,1239.00,9.00,7.55,5.72,129.00,7.00,2,손가락 펴기 (Open)
-38.94,-18.00,28.81,42.44,-20.56,96.23,162.29,54.19,98.49,83.36,250.24,84.78,77.00,133.82,24.32,281.33,64.00,146.05,90.11,88.89,68.00,33.85,63.87,75.03,39.41,72.44,94.31,30.94,79.00,170.93,112.14,87.11,206.13,141.10,393.93,201.70,365.00,27.10,39.36,66.94,26.93,21.69,49.89,11.25,17.00,31.62,26.68,593.00,9.00,33.24,29.62,535.00,6.00,15.47,13.31,301.00,9.00,54.07,43.63,1087.00,9.00,9.15,7.05,148.00,8.00,2,손가락 펴기 (Open)
92.19,1.94,37.62,44.38,-10.69,36.88,180.10,73.73,150.73,145.33,311.37,29.91,139.00,101.51,57.07,249.01,72.01,171.64,122.04,92.44,35.00,69.26,101.30,123.45,29.83,26.75,53.05,81.93,28.00,10.05,271.74,101.09,81.15,105.98,239.85,337.40,204.00,25.19,38.01,65.59,25.94,22.73,50.14,12.27,15.00,38.59,31.39,671.00,9.00,32.39,28.06,536.00,7.00,18.08,14.83,292.00,8.00,47.94,40.38,972.00,8.00,8.99,6.89,141.00,7.00,2,손가락 펴기 (Open)
42.56,19.19,-12.06,-30.88,-1.31,37.40,251.35,145.16,136.30,133.81,255.58,101.70,65.00,28.98,125.05,247.18,35.11,114.49,103.54,74.01,111.00,58.12,81.00,122.17,47.93,39.81,58.73,101.73,7.00,52.82,239.81,72.27,122.97,149.69,200.18,381.38,160.00,29.99,44.00,63.20,20.81,19.99,46.80,17.61,9.00,39.52,33.24,692.00,9.00,29.88,26.06,493.00,6.00,18.24,15.19,343.00,9.00,48.52,41.48,1039.00,9.00,8.93,6.77,142.00,6.00,2,손가락 펴기 (Open)
0.06,-2.12,8.94,3.50,-1.44,44.65,258.18,147.00,128.32,126.13,255.53,94.00,73.00,36.34,120.31,236.57,45.61,120.38,112.29,73.19,122.00,58.12,81.00,122.17,47.93,39.81,58.73,101.73,7.00,72.95,241.57,87.73,119.34,144.81,207.60,360.93,182.00,28.91,42.53,65.20,22.02,17.99,44.86,19.61,7.00,39.47,32.81,693.00,8.00,29.81,25.64,482.00,7.00,18.24,15.19,333.00,9.00,48.13,39.94,1006.00,9.00,8.90,6.63,134.00,5.00,2,손가락 펴기 (Open)
-12.88,0.62,7.00,75.75,4.56,36.22,250.77,188.31,140.53,102.26,223.96,63.70,122.00,68.38,142.66,212.17,71.22,77.90,69.25,98.79,78.00,55.00,78.01,103.26,77.37,53.20,33.67,91.58,38.00,85.81,162.47,61.44,243.17,259.03,197.09,286.45,306.00,28.91,42.53,65.20,22.02,17.99,44.86,19.61,7.00,38.68,31.36,636.00,8.00,27.78,22.70,405.00,5.00,17.42,14.12,318.00,9.00,50.89,43.16,1064.00,9.00,8.90,6.63,134.00,5.00,2,손가락 펴기 (Open)
15.62,8.88,-13.69,-15.94,4.19,35.70,217.49,149.20,192.92,149.45,168.98,84.90,178.00,53.11,99.07,187.87,104.31,87.03,60.97,140.81,34.00,56.27,81.27,100.37,76.30,57.94,34.43,92.77,43.00,96.58,152.23,71.47,243.01,252.21,203.11,287.62,295.00,30.93,46.90,61.23,18.79,22.45,43.71,24.21,1.00,37.71,30.34,652.00,7.00,26.59,21.52,395.00,7.00,17.62,14.48,328.00,9.00,50.60,42.55,1133.00,10.00,8.95,6.73,132.00,5.00,2,손가락 펴기 (Open)
-16.88,-15.81,-12.69,-59.25,-6.62,40.12,209.75,153.41,195.48,143.54,175.79,77.80,170.00,80.56,68.82,145.14,132.46,44.26,36.25,98.43,77.00,67.62,97.25,84.76,92.07,58.84,22.55,83.91,27.00,85.82,162.43,72.28,254.01,257.91,213.94,284.92,284.00,28.79,43.90,64.10,16.12,25.07,45.61,25.94,2.00,37.43,29.97,676.00,8.00,22.67,19.16,352.00,7.00,17.91,15.19,302.00,8.00,51.33,43.16,1122.00,9.00,9.06,6.97,126.00,5.00,2,손가락 펴기 (Open)
-9.38,6.19,-3.94,-3.56,-11.00,43.00,202.87,161.28,187.97,140.89,174.02,85.76,178.00,80.56,68.82,145.14,132.46,44.26,36.25,98.43,77.00,48.89,83.59,89.97,91.20,78.54,4.29,69.33,7.00,77.10,167.15,83.00,254.33,247.08,205.03,291.47,295.00,11.74,33.48,71.79,22.80,37.62,19.78,31.45,24.00,37.26,29.59,676.00,8.00,22.67,19.16,363.00,8.00,16.96,13.94,286.00,7.00,51.31,42.83,1108.00,9.00,8.85,7.12,126.00,4.00,2,손가락 펴기 (Open)
44.94,-54.06,51.75,43.62,9.00,88.84,198.97,192.00,176.23,215.72,146.64,25.87,103.00,11.58,41.79,96.96,195.88,48.39,111.85,153.88,1.00,4.41,104.11,63.44,144.12,68.44,57.18,119.23,60.00,68.41,159.91,106.83,219.39,256.82,212.87,261.78,260.00,11.74,33.48,71.79,22.80,37.62,19.78,31.45,24.00,38.47,31.70,660.00,8.00,26.25,20.58,406.00,9.00,21.58,17.25,319.00,7.00,48.69,40.09,1008.00,9.00,8.85,7.12,140.00,5.00,2,손가락 펴기 (Open)
-2.88,13.00,-8.50,-57.00,-10.12,69.56,161.31,223.64,125.32,242.13,110.09,59.80,52.00,35.59,44.03,63.96,183.44,63.41,93.22,137.54,34.00,23.43,123.95,44.04,144.68,49.05,45.00,99.45,40.00,65.32,167.79,110.21,220.20,249.53,208.45,251.98,250.00,9.78,47.45,58.59,14.56,39.36,22.19,45.37,38.00,36.68,28.47,628.00,8.00,23.91,18.75,460.00,8.00,20.52,16.00,341.00,7.00,47.89,39.62,939.00,9.00,9.19,7.84,160.00,7.00,2,손가락 펴기 (Open)
-4.88,-16.56,-12.12,-36.75,1.06,66.52,193.27,194.15,127.10,227.30,78.51,91.77,20.00,90.55,58.30,67.87,132.00,21.14,91.86,149.35,21.00,11.78,107.58,60.47,166.59,39.01,55.56,81.56,18.00,194.00,29.60,37.79,367.72,128.20,85.93,109.94,102.00,10.79,49.72,58.63,11.70,41.70,19.33,42.51,35.00,35.58,26.97,563.00,7.00,22.54,17.81,427.00,8.00,20.64,16.14,340.00,7.00,41.10,34.47,791.00,8.00,9.14,7.70,155.00,7.00,2,손가락 펴기 (Open)
-25.31,-47.25,20.75,-47.75,-15.69,97.68,155.92,200.34,183.45,170.33,44.61,146.51,37.00,110.08,61.75,88.78,142.04,13.07,103.70,150.64,0.00,15.69,108.86,66.50,166.05,54.61,73.50,74.92,0.00,194.00,29.60,37.79,367.72,128.20,85.93,109.94,102.00,11.83,50.25,62.39,13.60,38.30,22.99,45.61,39.00,35.44,25.68,570.00,7.00,24.62,19.12,437.00,8.00,21.30,17.41,368.00,8.00,41.10,34.47,725.00,7.00,9.51,8.02,156.00,7.00,2,손가락 펴기 (Open)
14.69,16.38,-30.62,-12.00,18.38,97.68,155.92,200.34,183.45,170.33,44.61,146.51,37.00,94.87,74.01,84.59,124.02,14.63,125.61,162.77,22.00,37.50,137.88,24.86,124.06,90.10,108.85,90.34,42.00,233.37,69.78,31.34,323.82,172.02,55.13,103.48,58.00,18.75,60.14,53.62,8.94,43.66,32.04,54.65,54.00,35.44,25.68,578.00,7.00,24.96,19.80,502.00,9.00,22.61,18.28,405.00,8.00,40.52,32.88,714.00,6.00,10.57,8.72,191.00,8.00,2,손가락 펴기 (Open)
-39.81,-5.62,4.69,29.25,14.62,121.64,176.45,180.09,159.67,188.62,68.35,160.61,61.00,94.87,74.01,84.59,124.02,14.63,125.61,162.77,22.00,26.50,126.93,28.90,124.20,90.43,112.90,99.76,53.00,205.56,38.51,67.02,329.88,190.35,79.05,128.98,14.00,30.45,72.14,61.73,20.40,31.82,33.46,51.55,42.00,36.63,26.71,618.00,9.00,24.96,19.80,469.00,9.00,22.60,18.35,416.00,9.00,41.10,34.47,725.00,7.00,11.19,9.42,182.00,6.00,2,손가락 펴기 (Open)
-37.31,8.12,-17.25,-47.75,-4.12,158.68,215.20,192.40,158.91,155.09,44.43,153.73,21.00,100.40,50.18,59.11,93.23,58.47,129.62,119.40,22.00,14.06,118.04,23.64,109.22,103.95,119.06,84.89,38.00,205.56,38.51,67.02,329.88,190.35,79.05,128.98,14.00,11.72,60.17,44.28,31.24,34.03,52.00,59.60,22.00,37.88,29.19,555.00,8.00,21.56,17.39,414.00,9.00,21.57,17.53,417.00,10.00,41.10,34.47,758.00,8.00,10.59,8.86,196.00,9.00,2,손가락 펴기 (Open)
-16.25,6.75,2.75,37.50,1.44,127.52,194.39,145.41,112.29,172.87,77.97,175.36,26.00,103.73,42.96,45.18,76.37,70.63,149.09,97.91,44.00,17.54,122.25,9.84,109.37,93.02,103.90,100.47,54.00,217.85,80.51,64.64,323.82,148.08,113.43,172.98,30.00,10.07,63.18,47.05,37.64,25.03,44.21,52.44,31.00,34.78,26.34,564.00,8.00,21.33,16.69,414.00,9.00,21.34,17.00,404.00,10.00,42.22,36.75,802.00,8.00,10.28,8.37,173.00,9.00,2,손가락 펴기 (Open)
36.12,46.62,-6.44,6.56,-1.62,140.59,246.08,141.06,154.18,84.32,24.32,111.31,64.00,152.99,42.55,21.77,55.32,115.97,89.47,156.10,22.00,15.52,97.05,38.46,80.50,109.65,78.56,125.43,83.00,196.20,55.90,92.62,290.91,149.39,125.55,204.01,63.00,13.60,47.78,30.05,50.22,24.72,43.92,36.62,48.00,33.79,27.34,487.00,8.00,24.18,17.36,436.00,8.00,20.73,15.99,403.00,11.00,41.13,34.69,823.00,8.00,9.24,7.17,165.00,9.00,2,손가락 펴기 (Open)
-0.44,33.56,-3.88,61.88,8.25,93.01,159.10,55.65,109.66,112.73,111.11,66.54,151.00,185.57,56.21,49.16,87.82,90.66,101.42,134.45,11.00,51.81,57.42,64.25,94.34,72.11,95.37,103.63,42.00,205.80,55.63,84.69,291.99,160.09,122.92,212.47,74.00,27.61,30.86,28.88,62.37,6.85,30.91,54.60,30.00,26.51,20.60,484.00,9.00,25.67,18.65,425.00,8.00,18.73,13.59,352.00,10.00,42.07,35.38,801.00,7.00,9.22,7.31,167.00,7.00,2,손가락 펴기 (Open)
17.19,54.44,-9.19,46.00,10.50,80.89,141.45,43.70,135.15,88.68,93.85,80.84,125.00,218.69,63.67,60.56,89.74,83.05,114.89,146.11,23.00,47.88,59.75,65.49,90.14,72.90,94.72,103.71,37.00,283.49,59.30,136.36,214.71,131.27,192.75,187.90,4.00,36.81,29.06,40.79,55.23,16.90,42.80,43.54,42.00,24.65,18.96,458.00,8.00,28.68,20.76,426.00,9.00,18.54,13.36,336.00,9.00,43.15,36.25,779.00,6.00,9.60,8.06,170.00,7.00,2,손가락 펴기 (Open)
-13.81,19.06,18.06,53.50,-9.94,71.08,144.02,57.48,138.88,89.33,92.68,66.83,141.00,237.16,61.08,52.45,68.62,103.90,93.65,146.25,1.00,43.64,57.80,77.44,97.31,61.19,104.31,99.28,49.00,337.16,81.34,185.89,213.14,86.64,143.57,181.50,52.00,32.65,23.17,37.36,63.06,19.59,50.17,38.14,51.00,24.90,19.81,474.00,8.00,29.10,21.94,460.00,9.00,19.04,14.30,364.00,10.00,45.30,39.94,710.00,8.00,9.93,8.55,185.00,7.00,2,손가락 펴기 (Open)
49.00,-13.25,-18.31,-49.06,-2.44,131.82,94.75,44.80,203.96,45.82,66.38,11.16,208.00,230.86,68.87,63.26,72.90,111.16,84.12,151.59,10.00,47.16,79.17,69.35,79.03,50.39,129.99,84.52,75.00,244.64,159.79,231.58,80.08,61.53,176.43,184.81,187.00,33.85,15.44,43.89,59.81,25.22,48.98,40.19,43.00,27.70,22.50,509.00,10.00,29.29,22.62,482.00,9.00,19.55,14.55,381.00,10.00,42.57,38.06,730.00,6.00,9.87,8.30,192.00,7.00,2,손가락 펴기 (Open)
-8.50,-62.50,17.62,-46.31,-1.94,107.92,118.46,21.51,200.64,22.49,52.99,23.35,232.00,228.42,144.81,122.05,34.79,158.20,125.61,101.30,66.00,56.87,48.34,44.28,56.94,79.88,152.12,62.87,108.00,240.85,202.70,274.46,101.41,38.39,132.98,189.66,143.00,39.27,9.03,50.63,52.39,18.65,44.14,41.26,51.00,27.55,21.69,536.00,10.00,33.37,26.31,514.00,8.00,19.78,15.47,419.00,11.00,44.20,40.81,686.00,6.00,9.78,7.93,181.00,9.00,2,손가락 펴기 (Open)
-31.50,-29.12,26.81,36.19,-0.25,94.12,131.59,26.33,216.59,35.25,68.15,17.83,216.00,240.24,160.71,122.67,15.56,139.08,125.89,118.85,44.00,97.60,54.92,11.31,29.27,59.00,157.19,102.43,63.00,222.17,170.43,272.34,66.91,123.02,78.36,251.18,55.00,34.63,9.94,51.53,50.60,20.80,39.26,44.37,56.00,28.41,22.50,552.00,8.00,34.13,27.86,524.00,7.00,20.58,16.71,421.00,11.00,43.56,39.84,719.00,6.00,9.69,7.72,177.00,6.00,2,손가락 펴기 (Open)
30.94,35.50,-17.56,-17.44,-5.62,122.21,129.28,16.39,217.44,51.28,105.98,51.25,175.00,222.06,160.65,142.27,34.79,144.28,143.59,140.49,22.00,87.63,45.18,2.52,19.42,67.69,165.91,112.43,53.00,231.93,158.24,251.12,45.35,135.72,91.09,272.45,33.00,28.63,9.70,57.46,44.94,14.92,44.47,39.09,50.00,29.45,24.58,558.00,10.00,35.13,29.06,525.00,7.00,20.96,17.26,407.00,11.00,43.79,40.81,729.00,7.00,9.36,7.48,162.00,5.00,2,손가락 펴기 (Open)
8.62,-11.19,-32.00,-101.38,11.19,108.69,99.71,33.93,174.80,54.08,131.26,94.19,132.00,180.49,195.06,176.36,45.97,101.47,101.77,99.06,65.00,40.75,55.12,86.49,87.10,57.22,84.41,46.57,142.00,371.48,40.74,196.95,177.54,255.14,70.37,115.50,194.00,25.86,8.64,59.06,46.10,15.68,43.67,42.06,53.00,26.69,21.45,532.00,8.00,32.65,26.09,504.00,7.00,18.20,15.00,368.00,10.00,49.38,43.42,723.00,6.00,9.55,7.74,159.00,5.00,2,손가락 펴기 (Open)
-91.25,-60.44,-6.69,-9.44,1.31,163.75,17.25,123.69,212.27,139.10,165.13,41.39,230.00,256.19,121.80,204.43,113.60,92.75,92.96,65.10,141.00,43.99,59.84,88.53,88.32,52.49,85.52,46.44,137.00,338.48,65.16,166.56,172.35,281.35,95.04,93.81,227.00,19.16,8.27,52.50,59.14,27.65,38.28,28.78,39.00,35.60,27.50,638.00,9.00,36.08,29.44,525.00,6.00,18.28,15.23,388.00,10.00,48.33,41.62,806.00,6.00,9.06,7.36,157.00,5.00,2,손가락 펴기 (Open)
-8.25,-57.75,47.69,9.81,-21.38,179.08,12.59,127.70,225.50,129.44,149.28,33.42,214.00,295.23,110.45,246.95,132.31,50.14,58.75,61.97,98.00,25.70,62.20,134.40,145.00,76.28,75.06,59.98,79.00,298.14,108.41,137.33,216.28,294.25,97.19,111.19,183.00,25.55,21.18,73.49,68.82,45.04,23.22,20.33,18.00,35.62,27.53,696.00,8.00,38.78,32.12,493.00,6.00,21.97,18.48,412.00,10.00,47.71,40.44,817.00,7.00,10.60,8.34,164.00,6.00,2,손가락 펴기 (Open)
62.50,-6.44,6.81,-3.94,-1.44,96.12,90.62,199.18,280.30,188.94,95.88,66.97,130.00,266.85,88.95,239.71,169.50,44.87,16.07,71.18,55.00,25.26,45.01,120.76,143.13,93.00,66.73,68.57,61.00,270.46,139.30,165.14,222.89,250.26,62.49,110.98,227.00,25.36,8.48,68.57,55.87,47.26,8.13,31.40,1.00,38.88,30.75,732.00,8.00,36.89,29.44,482.00,5.00,21.18,17.21,400.00,9.00,46.28,37.69,795.00,8.00,9.61,7.55,150.00,5.00,2,손가락 펴기 (Open)
11.00,46.50,-15.12,36.62,19.38,102.78,84.45,193.40,274.97,195.74,99.28,72.88,122.00,260.03,61.18,269.49,186.46,11.95,47.43,74.36,88.00,18.90,58.97,116.24,128.14,94.96,53.39,73.38,46.00,263.64,155.41,216.86,170.14,277.26,117.42,92.62,172.00,27.43,10.20,71.12,58.05,49.58,11.13,28.49,4.00,38.69,30.25,728.00,7.00,38.58,31.50,515.00,5.00,20.17,16.39,385.00,9.00,47.08,38.83,795.00,8.00,9.96,7.78,168.00,6.00,2,손가락 펴기 (Open)
-7.00,32.75,1.19,-15.62,-7.25,88.30,92.22,183.82,251.77,193.48,130.12,92.07,90.00,274.09,17.70,302.90,152.74,51.07,42.51,56.38,44.00,21.71,56.92,121.19,128.47,90.89,48.56,73.71,41.00,251.04,174.08,217.29,189.00,255.96,152.64,82.92,128.00,10.62,11.82,54.91,46.24,69.59,31.12,7.25,26.00,37.54,28.25,744.00,8.00,39.44,32.91,515.00,5.00,20.12,16.04,380.00,9.00,46.78,38.38,773.00,8.00,9.52,6.97,176.00,6.00,2,손가락 펴기 (Open)
-16.50,-50.88,4.88,-38.31,-7.12,93.30,86.56,160.22,235.10,215.75,110.38,85.67,114.00,238.55,64.35,321.41,194.70,81.00,94.84,57.47,10.00,10.23,52.39,111.96,149.41,73.73,42.46,70.57,20.00,257.41,163.39,206.75,198.46,244.97,155.57,79.70,117.00,9.40,13.26,55.86,48.10,69.55,30.14,8.61,24.00,36.41,26.81,728.00,10.00,41.57,36.25,602.00,5.00,19.79,15.52,364.00,8.00,46.14,37.69,707.00,7.00,9.60,7.05,171.00,6.00,2,손가락 펴기 (Open)
-9.00,3.12,-19.50,-33.50,2.69,98.82,80.49,155.92,241.12,210.36,111.63,84.01,106.00,238.55,64.35,321.41,194.70,81.00,94.84,57.47,10.00,29.94,73.45,94.93,149.75,85.12,62.75,65.11,6.00,195.56,232.80,262.52,173.40,230.07,137.96,71.49,40.00,11.99,13.38,52.88,47.13,72.32,31.16,10.25,21.00,36.24,26.38,678.00,9.00,41.57,36.25,612.00,6.00,20.38,16.31,379.00,8.00,45.87,37.06,674.00,7.00,9.63,7.27,179.00,7.00,2,손가락 펴기 (Open)
-20.88,-25.06,-4.50,0.19,10.81,45.19,146.46,128.49,204.38,246.47,92.62,74.54,40.00,162.81,87.60,355.61,137.44,10.11,131.60,82.71,87.00,29.94,73.45,94.93,149.75,85.12,62.75,65.11,6.00,185.29,237.45,259.90,184.32,220.09,145.68,71.82,51.00,25.97,26.03,50.97,60.64,63.31,18.99,14.55,35.00,35.07,24.73,652.00,7.00,40.27,34.57,634.00,7.00,20.38,16.31,394.00,8.00,45.79,36.31,651.00,6.00,10.01,7.96,177.00,6.00,2,손가락 펴기 (Open)
-19.38,20.31,-13.88,4.38,10.62,28.31,163.95,105.01,226.12,223.68,110.33,80.52,64.00,141.19,90.15,343.33,155.32,32.10,133.55,75.88,65.00,39.20,78.85,93.75,149.08,87.55,68.38,58.32,16.00,118.30,225.04,194.24,203.49,273.61,78.70,70.99,16.00,28.80,28.72,53.75,61.40,61.77,21.97,11.77,32.00,35.42,25.47,636.00,7.00,39.21,33.02,655.00,8.00,20.66,16.86,399.00,8.00,42.39,32.12,640.00,6.00,10.18,8.17,174.00,6.00,2,손가락 펴기 (Open)
-9.38,2.50,34.25,-12.75,-20.31,20.05,169.61,90.15,240.79,227.77,78.67,61.96,32.00,93.43,79.58,277.57,200.01,61.78,87.76,90.03,132.00,30.99,97.43,56.30,195.06,59.94,77.46,28.10,62.00,56.80,175.76,161.51,137.64,297.29,143.66,100.93,62.00,22.03,35.39,38.98,93.56,29.33,49.97,21.24,1.00,35.10,24.14,612.00,6.00,35.40,29.25,643.00,8.00,22.36,18.72,422.00,8.00,39.56,28.84,651.00,7.00,11.12,8.56,186.00,7.00,2,손가락 펴기 (Open)
29.06,-5.75,-10.00,-27.81,-6.44,43.51,193.09,65.35,276.83,195.07,64.43,42.75,9.00,96.15,68.77,273.24,174.64,39.09,130.58,91.60,88.00,17.88,69.81,83.16,197.77,31.96,74.69,26.54,90.00,116.11,74.45,260.17,107.28,186.46,146.11,41.62,49.00,20.47,33.40,37.24,93.21,29.15,50.86,23.09,3.00,35.81,26.17,586.00,6.00,34.23,27.91,621.00,9.00,22.11,18.12,430.00,8.00,35.05,26.46,562.00,6.00,11.03,8.44,193.00,7.00,2,손가락 펴기 (Open)
22.25,-15.38,38.12,54.69,0.44,9.10,158.25,100.34,263.15,164.62,91.34,40.64,44.00,111.40,56.52,293.54,155.87,22.33,113.04,79.78,110.00,68.63,126.15,95.57,137.03,56.09,58.87,69.75,152.00,30.26,162.14,209.56,27.80,179.17,230.32,98.80,137.00,18.57,31.90,35.67,95.19,27.36,51.50,21.70,1.00,33.37,23.44,536.00,5.00,34.43,28.62,578.00,8.00,23.65,19.86,444.00,8.00,37.10,27.23,650.00,7.00,11.03,8.37,200.00,8.00,2,손가락 펴기 (Open)
13.25,34.19,-21.50,-2.38,0.31,25.10,170.98,95.63,248.13,168.12,106.99,43.46,60.00,41.14,141.44,240.89,130.00,65.23,136.97,59.42,197.00,31.43,113.99,58.23,133.09,89.51,50.86,100.37,190.00,3.10,185.77,232.83,57.57,147.24,202.97,80.23,104.00,16.57,31.88,36.29,95.52,28.92,49.70,22.45,3.00,33.54,24.34,520.00,5.00,33.38,27.46,601.00,9.00,24.01,19.88,494.00,9.00,36.10,25.42,617.00,7.00,11.02,8.27,198.00,8.00,2,손가락 펴기 (Open)
-4.25,-10.50,17.25,21.69,5.94,48.18,176.48,116.08,240.67,144.34,95.66,50.28,36.00,33.69,150.35,247.83,119.00,61.16,126.16,59.53,186.00,23.52,121.30,57.61,121.10,90.19,58.81,93.43,178.00,31.06,186.17,203.49,57.28,129.21,200.80,85.42,71.00,11.48,36.44,42.29,89.63,31.01,55.41,23.03,3.00,32.84,23.03,471.00,5.00,33.05,26.69,579.00,9.00,23.29,18.97,487.00,9.00,33.91,23.10,584.00,7.00,11.13,8.57,199.00,7.00,2,손가락 펴기 (Open)
-9.19,23.88,-20.44,-10.62,-0.38,28.31,204.07,84.04,193.87,126.39,123.35,94.09,13.00,53.71,147.98,226.96,121.20,79.37,108.56,72.61,164.00,23.31,126.28,62.35,121.00,85.38,53.81,94.42,183.00,41.65,194.82,205.08,67.91,122.38,193.05,78.37,82.00,10.12,41.40,44.62,88.81,26.02,53.24,20.53,2.00,31.53,20.73,454.00,5.00,31.60,25.48,568.00,10.00,23.53,19.24,505.00,10.00,34.02,23.84,523.00,6.00,11.05,8.30,188.00,7.00,2,손가락 펴기 (Open)
-7.69,-29.06,31.12,35.75,-8.06,47.64,227.99,100.71,187.32,107.32,99.35,70.15,11.00,86.67,172.19,227.52,89.02,57.17,116.07,44.41,197.00,64.18,85.18,56.45,50.00,68.80,51.38,108.26,254.00,107.11,61.08,76.65,167.55,35.10,55.19,81.16,220.00,19.95,32.84,59.62,68.07,27.71,64.03,15.36,23.00,31.36,19.94,348.00,6.00,32.47,27.31,569.00,10.00,23.12,19.73,536.00,11.00,25.65,20.62,484.00,9.00,10.84,8.30,188.00,7.00,2,손가락 펴기 (Open)
41.56,41.81,-33.62,-28.88,3.94,92.55,152.20,67.34,58.73,64.77,97.80,84.13,151.00,40.91,75.46,137.15,148.45,139.79,117.93,57.65,295.00,50.95,78.01,36.94,53.85,88.66,71.35,112.86,274.00,85.48,71.41,96.09,160.16,56.87,40.95,96.27,242.00,19.95,32.84,59.62,68.07,27.71,64.03,15.36,23.00,23.71,19.55,324.00,5.00,31.68,26.96,646.00,11.00,24.39,20.83,544.00,11.00,26.63,22.00,528.00,9.00,10.84,8.30,176.00,7.00,2,손가락 펴기 (Open)
-16.44,-15.88,21.88,35.75,-2.25,92.55,152.20,67.34,58.73,64.77,97.80,84.13,151.00,78.98,64.80,106.49,128.41,115.73,138.21,34.59,252.00,52.05,58.67,41.65,32.80,80.03,55.91,117.10,250.00,104.41,77.89,99.40,139.14,66.37,51.43,107.69,264.00,23.31,14.28,65.09,49.48,28.41,50.79,28.50,4.00,23.71,19.55,306.00,5.00,28.46,24.61,647.00,12.00,22.27,19.14,556.00,12.00,27.91,23.38,583.00,10.00,9.54,6.94,160.00,8.00,2,손가락 펴기 (Open)
-4.19,5.44,-11.12,-7.56,2.56,68.01,87.06,98.10,47.17,91.93,68.93,33.58,83.00,89.97,73.41,112.33,118.11,108.69,127.34,33.06,263.00,63.26,42.69,57.59,26.31,67.69,54.35,107.87,266.00,97.69,67.66,88.50,143.00,61.09,62.39,110.86,275.00,25.89,11.67,68.09,48.84,25.41,50.46,25.53,7.00,18.08,14.76,262.00,5.00,28.47,24.69,614.00,12.00,22.43,19.41,569.00,12.00,27.97,23.63,583.00,11.00,9.56,7.12,144.00,8.00,2,손가락 펴기 (Open)
4.31,28.81,-11.44,26.81,6.50,71.97,79.74,105.44,40.61,84.61,63.65,33.75,91.00,70.72,51.83,90.93,111.99,87.64,110.20,32.46,285.00,58.52,46.18,56.22,21.38,63.15,51.12,103.84,271.00,95.31,47.95,79.47,122.98,83.08,47.95,114.16,253.00,11.12,20.89,64.48,34.21,23.85,40.20,11.57,22.00,17.85,14.07,254.00,5.00,26.51,23.31,625.00,12.00,22.23,19.17,553.00,12.00,26.08,22.09,561.00,11.00,8.12,6.25,119.00,7.00,2,손가락 펴기 (Open)
-11.19,-22.06,21.12,-16.50,-19.62,78.65,77.38,105.76,36.24,84.66,71.60,36.58,83.00,63.83,58.68,105.06,48.75,113.02,131.13,75.74,219.00,35.58,52.15,76.03,28.32,66.01,74.01,126.22,248.00,100.09,46.67,88.21,118.47,79.77,46.67,107.95,264.00,3.27,27.45,76.92,33.38,10.40,54.06,22.72,8.00,18.06,14.38,262.00,6.00,25.10,21.95,593.00,12.00,22.89,20.73,582.00,12.00,26.38,22.69,583.00,12.00,9.43,7.34,146.00,8.00,2,손가락 펴기 (Open)
34.75,-13.06,-7.19,-6.88,15.00,31.28,67.30,151.09,24.04,45.65,113.82,80.33,34.00,46.20,26.82,73.55,45.35,101.88,128.31,107.71,187.00,45.58,56.40,68.22,21.47,57.97,82.71,137.05,237.00,84.10,34.79,70.62,98.39,98.36,34.79,90.96,286.00,18.73,36.10,62.56,12.08,15.99,72.64,40.99,14.00,19.96,16.81,303.00,7.00,22.75,20.20,550.00,11.00,22.95,20.86,585.00,12.00,25.47,21.48,594.00,12.00,10.09,7.50,172.00,6.00,2,손가락 펴기 (Open)
-36.25,19.25,-17.50,12.38,19.88,63.28,90.18,132.34,51.87,16.65,129.03,112.24,2.00,39.93,19.20,72.37,34.79,112.71,136.04,97.48,198.00,42.13,51.64,66.23,17.20,53.33,83.70,141.32,232.00,48.42,20.20,94.83,88.00,69.76,76.71,132.95,242.00,36.00,54.06,74.14,25.50,12.14,69.35,31.43,4.00,21.98,18.31,360.00,8.00,23.17,20.97,550.00,11.00,22.68,20.62,580.00,12.00,24.56,20.62,583.00,12.00,11.29,8.62,169.00,8.00,2,손가락 펴기 (Open)
-42.75,16.50,-30.94,-59.56,-2.25,86.01,113.98,148.04,63.89,24.01,135.34,91.33,26.00,28.31,51.55,113.91,46.67,96.98,92.06,132.19,154.00,55.44,74.86,91.23,37.70,58.99,73.60,157.48,207.00,110.45,69.85,43.16,23.00,121.95,135.81,197.50,177.00,25.66,44.67,61.51,23.19,26.09,79.35,35.18,18.00,24.04,19.44,368.00,8.00,22.68,20.62,506.00,10.00,23.97,21.80,585.00,12.00,28.97,24.01,659.00,13.00,10.95,8.03,192.00,9.00,2,손가락 펴기 (Open)
-18.75,-14.44,-0.94,5.44,-7.94,86.01,113.98,148.04,63.89,24.01,135.34,91.33,26.00,41.64,25.09,97.32,33.00,126.25,73.63,153.87,121.00,51.78,69.05,86.18,46.10,74.98,60.25,163.98,191.00,110.45,69.85,43.16,23.00,121.95,135.81,197.50,177.00,28.50,52.30,66.95,44.10,27.59,58.43,23.59,3.00,24.04,19.44,384.00,8.00,22.58,20.37,517.00,10.00,23.62,21.05,565.00,11.00,28.97,24.01,702.00,13.00,10.72,7.95,166.00,8.00,2,손가락 펴기 (Open)
19.25,-43.75,57.50,56.56,-12.44,75.81,121.85,151.18,87.92,55.97,105.89,102.92,6.00,83.33,53.57,131.44,76.00,99.69,70.61,142.38,164.00,64.01,84.30,107.43,67.08,70.33,85.10,164.12,216.00,62.83,88.46,37.53,55.00,164.62,176.34,159.69,255.00,22.70,44.52,58.95,45.35,35.57,53.74,19.90,11.00,24.39,20.34,383.00,8.00,25.24,22.72,538.00,10.00,26.47,23.00,579.00,11.00,32.16,26.81,736.00,13.00,9.94,7.38,156.00,8.00,2,손가락 펴기 (Open)
52.62,39.81,1.50,50.31,-4.56,86.30,146.09,176.79,76.54,51.06,116.89,102.89,20.00,31.99,16.65,92.90,93.81,140.70,62.84,165.54,219.00,78.51,100.30,120.22,61.61,56.00,75.90,157.46,200.00,126.76,188.34,126.78,114.13,82.40,76.49,180.62,155.00,20.95,42.81,58.27,47.30,34.97,53.34,21.24,9.00,26.95,22.17,409.00,8.00,27.08,24.69,614.00,11.00,26.24,22.44,582.00,10.00,32.82,27.56,648.00,12.00,9.87,7.24,157.00,7.00,2,손가락 펴기 (Open)
67.31,90.06,-25.31,49.56,22.94,133.05,195.20,209.56,30.48,17.51,139.57,89.40,33.00,109.96,138.49,192.18,207.42,78.67,163.43,92.65,95.00,11.51,70.71,149.38,127.77,41.08,113.27,120.39,133.00,138.68,197.27,129.22,108.85,77.35,86.01,179.81,167.00,4.28,43.99,77.87,47.80,22.07,74.34,9.49,33.00,31.74,26.11,419.00,6.00,35.05,28.31,617.00,10.00,25.25,20.98,551.00,10.00,33.81,28.31,593.00,11.00,11.51,8.82,186.00,9.00,2,손가락 펴기 (Open)
-31.19,21.06,-52.19,-124.31,10.19,93.05,181.23,228.39,26.25,28.44,179.16,83.70,73.00,109.96,138.49,192.18,207.42,78.67,163.43,92.65,95.00,23.85,96.67,182.35,128.57,10.08,79.42,145.93,167.00,43.43,220.29,230.80,218.28,36.74,154.20,244.32,281.00,14.44,55.01,87.67,36.40,33.85,63.28,14.55,21.00,32.71,26.98,504.00,8.00,35.05,28.31,642.00,9.00,28.14,22.84,542.00,9.00,46.40,35.52,752.00,11.00,11.80,9.44,192.00,8.00,2,손가락 펴기 (Open)
-91.56,-72.62,31.06,53.88,1.38,36.65,239.68,317.39,72.03,94.38,121.23,139.90,17.00,69.96,145.16,217.20,258.91,60.51,153.80,138.92,148.00,12.33,84.96,180.70,140.43,19.02,72.58,157.60,179.00,64.45,178.11,203.38,231.39,66.83,169.15,286.76,326.00,12.21,52.29,88.26,37.58,35.51,62.31,17.43,18.00,40.31,31.20,562.00,8.00,39.30,31.92,706.00,9.00,28.81,23.68,588.00,9.00,48.35,38.25,900.00,11.00,11.76,9.25,195.00,7.00,2,손가락 펴기 (Open)
12.94,13.38,11.06,27.44,-15.69,32.52,215.75,311.94,81.12,111.35,131.30,163.42,41.00,69.96,145.16,217.20,258.91,60.51,153.80,138.92,148.00,24.93,73.48,209.38,148.41,21.22,71.88,126.13,147.00,101.01,128.88,239.09,283.03,92.80,193.53,231.99,271.00,15.59,49.38,103.06,24.84,45.26,56.99,3.23,33.00,40.38,31.70,668.00,9.00,39.30,31.92,737.00,9.00,28.53,23.31,550.00,8.00,48.47,38.24,868.00,10.00,12.43,10.19,204.00,8.00,2,손가락 펴기 (Open)
93.94,62.44,-17.44,27.44,21.25,110.07,166.96,410.04,186.56,180.65,37.66,58.63,71.00,121.90,52.02,225.27,368.13,83.12,42.84,54.45,37.00,31.09,61.52,172.83,201.81,74.77,62.20,85.84,91.00,101.01,128.88,239.09,283.03,92.80,193.53,231.99,271.00,19.89,36.54,90.50,52.55,76.34,33.42,31.92,66.00,47.02,37.57,698.00,6.00,41.10,32.49,716.00,8.00,27.43,21.99,516.00,8.00,48.47,38.24,802.00,9.00,13.35,10.78,231.00,8.00,2,손가락 펴기 (Open)
-44.44,-12.81,-13.38,2.69,11.50,69.90,136.00,349.25,224.24,261.59,56.91,76.85,161.00,104.70,59.81,181.40,377.22,121.79,31.05,71.83,7.00,17.91,70.67,165.03,198.48,79.68,56.30,84.09,76.00,116.80,156.43,242.57,241.60,102.96,231.37,206.98,227.00,29.95,29.24,100.51,49.50,75.70,45.04,20.75,54.00,47.28,37.24,784.00,8.00,40.57,31.69,739.00,8.00,26.73,21.17,467.00,7.00,47.44,35.48,758.00,8.00,13.68,11.56,235.00,7.00,2,손가락 펴기 (Open)
-49.00,-13.50,-10.94,-56.88,-23.31,94.01,110.15,370.43,256.91,263.62,50.03,41.43,122.00,103.32,63.16,186.72,366.62,122.18,41.45,81.81,18.00,50.21,31.75,203.82,160.33,60.11,28.95,104.54,37.00,134.23,69.44,319.54,225.00,78.88,270.20,214.15,140.00,22.48,47.77,85.86,68.36,93.68,61.90,16.69,35.00,48.84,39.38,783.00,8.00,40.26,31.00,717.00,8.00,26.05,19.80,433.00,6.00,49.25,38.52,779.00,8.00,14.88,12.77,266.00,7.00,2,손가락 펴기 (Open)
44.88,-82.19,42.81,27.38,-2.12,49.61,159.55,321.90,285.66,312.13,95.81,12.69,72.00,160.60,35.93,247.43,353.28,60.52,122.99,166.81,103.00,35.55,79.09,194.93,179.60,10.90,28.12,152.92,15.00,102.42,104.95,289.28,269.00,50.38,266.20,244.25,96.00,23.69,50.26,86.98,68.12,91.81,60.85,14.87,38.00,50.19,42.25,872.00,8.00,45.50,36.31,769.00,7.00,28.25,22.71,490.00,7.00,49.62,38.84,833.00,8.00,14.89,12.88,284.00,7.00,2,손가락 펴기 (Open)
10.38,-37.06,39.56,-14.56,-15.81,41.98,165.96,320.95,291.89,307.57,88.85,11.71,80.00,225.47,76.68,306.15,287.34,126.52,100.05,108.56,37.00,81.29,114.43,243.09,136.88,62.27,49.81,101.20,37.00,132.22,100.58,275.80,271.14,17.39,243.76,275.41,63.00,41.97,58.33,107.98,47.17,83.46,55.09,34.31,17.00,50.26,42.75,890.00,7.00,46.05,36.82,755.00,6.00,29.95,24.99,456.00,6.00,49.59,39.12,833.00,8.00,15.40,13.54,272.00,6.00,2,손가락 펴기 (Open)
40.75,67.69,-29.06,15.69,14.75,16.28,184.22,372.90,259.94,279.90,117.45,52.19,22.00,130.39,106.63,324.87,299.61,188.60,182.54,101.22,63.00,27.81,119.27,210.64,176.82,94.66,103.14,60.71,91.00,88.22,74.94,319.79,227.55,41.29,199.95,319.29,19.00,3.07,76.84,99.94,58.60,44.81,35.14,73.12,22.00,51.23,44.22,875.00,6.00,48.80,39.81,855.00,7.00,30.37,25.07,499.00,6.00,49.31,37.98,855.00,9.00,14.83,13.28,269.00,6.00,2,손가락 펴기 (Open)
-6.69,40.56,-8.75,45.50,6.12,25.49,200.61,344.13,296.70,238.90,122.94,89.39,19.00,97.46,172.62,390.80,237.14,216.20,123.11,69.27,3.00,23.96,123.75,213.63,173.93,96.16,100.09,61.88,86.00,37.30,28.31,352.18,246.63,47.23,255.54,260.95,86.00,8.64,70.85,94.48,63.51,41.85,30.73,78.54,28.00,50.60,42.81,852.00,6.00,49.60,40.76,845.00,6.00,30.44,25.34,509.00,6.00,50.50,38.44,867.00,8.00,14.61,12.88,272.00,6.00,2,손가락 펴기 (Open)
-8.69,-33.69,57.50,31.44,-21.25,9.43,170.07,331.70,311.33,229.14,111.73,115.43,51.00,100.95,145.52,374.41,256.40,259.59,120.94,61.20,47.00,88.55,57.82,141.50,240.34,172.07,134.30,92.21,10.00,49.86,21.47,334.99,277.06,24.85,248.75,281.01,53.00,49.32,48.53,69.53,93.48,34.43,72.72,58.55,14.00,49.65,40.81,844.00,6.00,50.32,42.56,922.00,7.00,33.68,28.69,565.00,7.00,51.14,39.92,803.00,7.00,14.88,12.91,279.00,6.00,2,손가락 펴기 (Open)
35.69,-20.62,-10.06,-57.88,-10.69,99.04,97.61,241.79,391.95,165.67,194.00,94.60,39.00,103.28,156.57,399.80,228.57,253.75,96.83,75.81,14.00,109.60,63.06,143.78,231.16,163.29,109.33,84.43,35.00,69.35,26.40,314.14,270.12,16.50,236.76,275.37,74.00,57.40,53.87,76.05,88.68,41.10,66.60,57.51,5.00,48.91,39.65,870.00,7.00,50.53,43.08,900.00,6.00,32.65,27.32,600.00,8.00,49.37,38.28,826.00,8.00,15.13,13.44,282.00,8.00,2,손가락 펴기 (Open)
-0.31,-10.31,23.12,82.69,2.56,129.44,105.34,229.85,380.43,197.07,166.20,80.55,7.00,105.60,146.25,390.25,235.00,263.43,85.86,85.57,3.00,129.68,90.67,172.22,203.90,141.93,132.33,83.24,6.00,172.24,103.00,303.19,174.43,117.53,338.12,278.50,29.00,49.91,41.93,65.52,99.28,51.86,68.68,53.61,7.00,48.28,37.48,864.00,9.00,50.32,42.48,879.00,6.00,33.18,28.73,575.00,8.00,53.67,40.57,917.00,8.00,14.97,13.06,292.00,7.00,2,손가락 펴기 (Open)
32.06,38.56,-2.12,35.69,-3.12,150.71,129.76,250.11,355.93,193.21,173.78,98.91,33.00,182.74,69.20,414.81,167.28,198.06,172.78,13.47,101.00,116.46,49.22,148.62,190.52,88.63,155.79,89.26,54.00,172.24,103.00,303.19,174.43,117.53,338.12,278.50,29.00,49.03,34.09,68.04,94.92,53.14,59.41,60.66,4.00,48.95,39.30,863.00,10.00,49.42,41.94,847.00,6.00,30.09,25.14,549.00,9.00,53.67,40.57,964.00,8.00,14.59,12.38,289.00,8.00,2,손가락 펴기 (Open)
32.62,17.25,-1.81,-6.50,4.19,145.69,121.81,242.41,352.92,201.25,170.34,107.55,42.00,171.78,67.40,403.81,176.65,204.64,177.94,22.74,112.00,118.57,51.39,152.72,185.53,87.66,156.85,89.12,49.00,145.11,122.44,275.46,136.01,150.88,334.42,305.09,16.00,54.48,36.86,79.00,84.69,42.34,70.28,50.76,7.00,48.52,38.67,845.00,10.00,49.11,41.25,811.00,6.00,30.09,25.02,518.00,8.00,52.90,39.62,1009.00,9.00,14.54,12.21,268.00,8.00,2,손가락 펴기 (Open)
-27.56,11.25,-23.12,-34.62,5.31,158.74,131.18,273.18,266.60,145.21,258.13,18.90,51.00,98.44,51.99,378.59,152.33,129.35,213.68,66.46,32.00,114.87,46.62,148.56,185.22,82.80,161.12,91.16,44.00,155.17,199.79,324.67,192.52,93.64,285.67,238.87,62.00,40.50,21.26,72.75,79.43,35.26,82.35,32.92,25.00,46.56,37.24,810.00,6.00,43.86,36.25,753.00,6.00,29.82,24.78,510.00,8.00,52.72,40.30,861.00,8.00,13.44,11.23,256.00,8.00,2,손가락 펴기 (Open)
-50.56,-49.00,-5.56,-41.06,-4.62,170.93,146.47,289.09,273.83,134.58,244.34,29.35,35.00,81.78,82.88,442.85,76.66,147.08,138.93,13.86,108.00,66.23,24.68,168.61,130.31,123.57,108.59,62.36,99.00,110.66,136.54,232.56,158.15,174.24,186.27,141.17,165.00,25.90,4.52,87.04,62.82,22.89,83.52,49.62,8.00,47.48,38.37,768.00,6.00,45.29,37.62,721.00,6.00,25.96,22.20,447.00,7.00,40.37,33.05,680.00,7.00,13.17,10.92,258.00,11.00,2,손가락 펴기 (Open)
-16.19,-30.62,-3.75,-46.50,-6.00,88.06,80.31,277.28,199.25,54.75,239.63,108.28,55.00,66.89,88.15,410.56,82.46,125.00,105.72,55.22,150.00,94.54,7.24,139.94,131.53,121.82,100.44,51.90,128.00,169.32,131.06,235.19,69.35,248.17,113.32,52.28,254.00,16.59,9.23,95.13,65.92,32.76,75.57,41.39,18.00,39.97,32.11,702.00,10.00,42.27,35.33,656.00,5.00,25.26,20.41,429.00,7.00,41.02,34.00,668.00,7.00,13.23,11.12,242.00,10.00,2,손가락 펴기 (Open)
-15.19,3.06,-3.06,51.38,11.31,103.85,77.31,262.40,189.20,62.55,252.56,121.61,71.00,72.56,78.22,407.09,92.70,114.00,106.15,65.79,161.00,105.32,12.91,137.89,120.67,131.81,94.31,58.08,117.00,136.51,150.48,263.72,80.26,247.48,119.06,22.47,288.00,43.56,18.46,104.00,42.20,47.47,48.76,36.84,45.00,40.16,33.06,614.00,5.00,42.14,34.55,633.00,6.00,25.21,19.84,397.00,6.00,42.82,36.12,768.00,8.00,13.06,10.94,222.00,8.00,2,손가락 펴기 (Open)
6.31,70.06,-42.81,-74.50,6.44,190.43,57.39,210.14,130.25,30.72,166.58,99.67,17.00,72.56,78.22,407.09,92.70,114.00,106.15,65.79,161.00,122.53,25.78,155.37,119.00,118.17,113.83,41.67,137.00,234.25,53.41,194.09,171.96,164.28,211.07,91.94,386.00,27.48,11.28,86.05,34.71,44.84,40.68,49.08,63.00,33.01,27.56,486.00,5.00,42.14,34.55,622.00,5.00,26.81,20.47,433.00,6.00,46.73,39.69,878.00,9.00,11.71,9.87,219.00,10.00,2,손가락 펴기 (Open)
-56.25,-7.94,-36.56,-69.75,9.81,196.52,56.00,214.72,136.42,25.71,170.17,96.15,10.00,72.56,78.22,407.09,92.70,114.00,106.15,65.79,161.00,136.08,36.62,171.11,139.00,110.22,97.78,60.88,117.00,304.51,41.54,242.77,203.91,234.34,150.25,21.03,310.00,24.70,16.78,84.41,28.86,50.33,38.11,43.36,57.00,33.70,28.00,542.00,6.00,42.14,34.55,700.00,6.00,28.05,21.09,438.00,6.00,50.07,44.25,813.00,8.00,11.30,9.54,186.00,9.00,2,손가락 펴기 (Open)
-83.44,-105.44,25.62,-28.75,-7.06,215.75,37.19,242.31,152.00,28.72,179.01,120.06,39.00,175.57,148.05,480.72,112.93,46.29,89.14,115.24,57.00,125.26,56.87,186.78,146.10,65.38,104.01,105.54,72.00,281.55,9.67,214.09,230.85,238.52,153.51,31.07,278.00,28.20,7.40,73.61,28.86,61.03,25.91,29.41,43.00,37.27,29.81,474.00,5.00,50.12,40.24,730.00,6.00,28.50,22.89,446.00,6.00,48.30,42.25,769.00,7.00,10.19,8.56,181.00,8.00,2,손가락 펴기 (Open)
18.19,14.56,26.38,69.38,-1.94,226.77,15.55,246.21,132.25,47.50,155.36,94.37,13.00,100.80,60.44,397.70,72.56,139.85,182.00,210.10,39.00,122.00,44.93,174.82,134.74,60.51,115.04,116.29,60.00,268.41,41.29,223.39,257.24,277.91,117.72,18.42,324.00,28.05,6.41,75.44,30.81,60.61,23.93,27.66,41.00,35.92,28.19,540.00,6.00,46.34,36.81,815.00,7.00,27.65,21.86,446.00,6.00,51.06,45.12,826.00,7.00,10.20,8.69,171.00,8.00,2,손가락 펴기 (Open)
58.94,63.62,-5.69,-20.62,-5.56,227.67,67.37,290.72,172.51,94.63,107.33,45.05,39.00,130.98,120.47,432.74,183.22,128.17,110.79,107.82,72.00,102.09,39.82,166.67,156.82,40.02,74.09,91.40,107.00,268.41,41.29,223.39,257.24,277.91,117.72,18.42,324.00,26.32,16.10,76.35,30.15,50.83,19.87,23.03,31.00,38.92,31.44,550.00,6.00,48.04,38.25,760.00,6.00,25.85,18.73,409.00,8.00,51.06,45.12,883.00,7.00,9.55,8.06,141.00,7.00,2,손가락 펴기 (Open)
-5.94,42.06,-30.69,12.38,14.62,207.20,45.72,253.90,204.36,111.04,103.77,40.10,89.00,110.74,98.44,409.77,185.78,151.13,122.21,96.46,95.00,102.09,39.82,166.67,156.82,40.02,74.09,91.40,107.00,268.41,41.29,223.39,257.24,277.91,117.72,18.42,324.00,27.58,13.78,73.43,27.17,49.14,21.68,23.50,28.00,37.49,29.05,568.00,6.00,46.43,36.81,760.00,6.00,25.85,18.73,414.00,8.00,51.06,45.12,882.00,8.00,9.23,7.88,152.00,8.00,2,손가락 펴기 (Open)
-28.44,0.81,-24.75,-26.75,8.62,192.48,65.08,264.48,221.92,126.51,85.32,25.14,65.00,67.55,88.15,397.41,229.24,137.95,79.34,106.92,51.00,89.63,53.50,177.95,148.52,30.73,84.04,98.65,122.00,208.80,106.68,279.99,203.00,200.52,140.65,78.26,402.00,27.58,13.78,73.43,27.17,49.14,21.68,23.50,28.00,38.17,30.37,592.00,6.00,45.15,34.16,727.00,5.00,26.49,19.78,348.00,7.00,50.12,43.59,914.00,9.00,9.23,7.88,128.00,7.00,2,손가락 펴기 (Open)
-34.44,-32.19,32.19,60.81,-8.25,166.36,96.29,296.32,202.47,97.56,117.31,52.25,97.00,67.55,88.15,397.41,229.24,137.95,79.34,106.92,51.00,60.01,72.03,171.41,123.07,26.30,53.04,75.27,91.00,229.98,86.65,260.29,221.89,189.74,163.23,97.80,425.00,14.82,11.00,67.32,13.34,35.56,14.25,13.85,42.00,39.18,32.12,550.00,5.00,45.15,34.16,749.00,6.00,22.82,18.09,337.00,7.00,51.53,45.21,915.00,9.00,7.70,7.00,134.00,8.00,2,손가락 펴기 (Open)
47.56,9.75,-21.56,-107.38,-6.62,166.36,96.29,296.32,202.47,97.56,117.31,52.25,97.00,97.36,55.15,369.75,261.96,112.98,94.05,121.93,84.00,40.02,75.57,152.22,136.47,42.33,68.50,93.68,111.00,168.98,115.88,256.98,260.23,235.34,216.13,144.44,486.00,9.01,10.51,61.32,15.81,36.66,11.90,18.72,36.00,39.18,32.12,598.00,6.00,44.88,33.38,782.00,7.00,23.47,19.49,357.00,7.00,57.06,48.55,940.00,9.00,7.23,6.62,122.00,7.00,2,손가락 펴기 (Open)
-23.94,-22.56,39.06,123.12,4.19,126.71,97.33,266.74,227.23,136.45,123.78,90.27,137.00,89.68,63.39,367.64,263.53,117.80,92.95,131.26,95.00,45.54,78.49,156.13,132.32,47.09,69.92,99.68,117.00,191.24,119.16,278.72,243.66,256.20,225.26,159.71,510.00,6.02,9.21,60.14,18.36,39.07,14.46,15.75,39.00,39.51,32.32,638.00,7.00,45.15,34.06,760.00,7.00,24.05,19.82,389.00,8.00,59.93,50.23,1125.00,10.00,7.30,6.81,128.00,7.00,2,손가락 펴기 (Open)
34.12,12.50,-10.94,-80.06,-16.00,112.52,89.59,251.10,240.07,127.76,132.22,77.19,120.00,84.70,74.89,335.47,296.14,85.05,119.35,98.71,62.00,35.80,63.08,163.77,121.08,46.29,63.75,114.44,133.00,130.65,73.43,201.38,167.11,279.64,221.62,247.23,651.00,18.52,21.59,51.66,27.20,50.52,27.16,4.38,52.00,38.36,31.39,695.00,8.00,43.85,32.38,771.00,8.00,24.19,20.31,440.00,9.00,61.95,50.33,1292.00,11.00,8.33,7.62,141.00,7.00,2,손가락 펴기 (Open)
19.25,-58.06,73.50,46.88,-10.94,98.93,59.67,254.20,219.97,109.08,99.21,96.14,154.00,144.61,102.12,292.94,296.29,135.81,39.91,184.76,149.00,84.29,132.15,92.20,182.02,39.87,35.17,174.71,206.00,121.56,86.86,177.45,199.26,258.17,208.16,265.39,684.00,34.21,36.96,35.30,39.66,53.88,21.99,18.22,35.00,36.36,29.53,646.00,7.00,45.95,35.55,836.00,9.00,30.72,24.88,508.00,9.00,62.99,52.91,1388.00,11.00,8.70,7.93,145.00,7.00,2,손가락 펴기 (Open)
17.25,7.62,15.12,32.44,-15.50,99.81,91.38,223.20,247.49,77.17,72.87,111.36,186.00,155.47,102.56,300.87,285.41,139.04,41.77,175.19,138.00,113.47,155.75,95.18,168.58,60.68,58.39,152.71,168.00,104.35,141.28,127.36,195.50,311.54,259.05,257.75,629.00,54.08,51.41,40.98,33.02,30.91,16.27,13.60,58.00,36.48,29.44,622.00,7.00,45.75,34.95,836.00,9.00,30.51,25.09,543.00,7.00,63.35,54.38,1399.00,11.00,9.45,8.25,140.00,6.00,2,손가락 펴기 (Open)
62.50,-6.06,2.81,-1.94,1.19,131.39,179.89,178.59,217.28,150.32,134.23,135.94,78.00,114.11,134.14,262.32,295.12,181.99,43.86,153.14,95.00,116.36,155.75,100.15,163.75,56.30,53.47,153.42,173.00,96.45,159.09,131.71,173.57,308.55,239.31,250.88,651.00,50.73,51.24,36.03,38.01,29.06,15.25,18.11,63.00,38.62,30.88,634.00,7.00,44.19,31.93,826.00,10.00,30.51,25.21,555.00,7.00,63.08,53.18,1421.00,12.00,9.41,8.16,155.00,7.00,2,손가락 펴기 (Open)
9.50,55.38,-35.94,6.31,17.62,137.54,186.39,192.37,201.30,153.05,131.78,122.39,94.00,75.09,222.49,285.36,211.70,165.41,107.39,179.33,184.00,113.29,182.63,88.72,158.15,70.64,44.43,149.25,209.00,77.88,173.25,175.51,175.58,270.61,256.10,280.30,607.00,49.32,71.32,38.89,46.04,18.74,37.70,6.90,38.00,38.67,31.06,686.00,7.00,45.87,32.83,860.00,9.00,31.89,27.19,596.00,9.00,62.46,51.56,1332.00,12.00,10.34,9.05,154.00,6.00,2,손가락 펴기 (Open)
-44.00,-51.25,21.62,9.81,-1.50,141.06,202.83,162.81,203.08,192.60,160.28,83.60,134.00,71.78,192.60,231.38,239.02,217.35,158.87,195.12,238.00,105.00,159.83,69.82,181.14,93.02,64.20,142.12,232.00,118.36,198.80,157.91,120.78,226.88,244.72,332.85,551.00,43.13,57.91,24.92,58.14,9.77,50.39,20.58,24.00,40.27,33.88,726.00,7.00,47.74,36.47,903.00,11.00,32.37,28.62,614.00,9.00,60.40,48.06,1200.00,11.00,9.91,8.31,168.00,7.00,2,손가락 펴기 (Open)
19.50,59.44,-33.00,-15.56,12.12,136.55,195.13,159.67,211.00,196.74,168.24,75.64,142.00,71.81,196.24,227.70,230.23,211.02,153.55,195.00,227.00,99.18,154.06,61.15,181.02,91.65,54.91,148.25,222.00,66.09,146.02,115.30,119.44,250.85,206.03,386.74,497.00,47.26,60.82,27.35,55.71,3.99,53.07,25.98,18.00,40.46,34.31,727.00,7.00,46.81,35.87,935.00,11.00,31.64,28.00,663.00,10.00,58.07,44.69,1222.00,12.00,10.25,8.73,179.00,8.00,3,엄지 굽히기 (Thumb Flex)
-37.44,-17.88,11.69,22.31,0.69,124.48,182.14,144.67,213.58,205.77,159.10,89.12,127.00,69.21,206.33,236.15,223.66,205.14,150.54,190.88,238.00,62.85,172.39,87.32,128.04,50.76,89.16,104.56,275.00,32.16,79.59,44.08,30.61,155.06,303.85,301.70,595.00,39.01,63.52,33.62,47.42,6.64,51.41,32.92,9.00,39.42,33.26,754.00,8.00,46.99,36.64,909.00,12.00,30.23,26.19,646.00,10.00,55.53,41.35,1223.00,13.00,9.98,8.10,175.00,7.00,3,엄지 굽히기 (Thumb Flex)
-10.19,-3.06,-27.88,-62.69,-1.62,55.46,179.84,134.22,140.09,134.47,164.50,66.07,203.00,162.46,108.83,145.80,146.25,92.99,79.01,140.55,353.00,110.78,120.56,43.16,140.53,11.47,112.61,55.84,330.00,9.23,72.25,25.15,59.14,154.48,328.29,285.36,627.00,44.00,58.97,29.27,49.74,10.83,47.65,35.91,4.00,33.44,27.91,686.00,7.00,37.27,29.32,805.00,9.00,30.46,26.62,689.00,11.00,57.22,43.60,1209.00,13.00,9.85,7.83,172.00,7.00,3,엄지 굽히기 (Thumb Flex)
-16.19,-23.00,10.25,-14.06,-1.62,86.72,154.57,103.54,153.18,139.72,152.39,88.45,235.00,129.47,113.38,133.47,176.23,96.81,55.26,128.05,386.00,128.78,104.02,54.93,124.35,6.64,115.95,73.29,312.00,94.92,62.83,65.64,90.43,73.89,330.22,307.30,537.00,44.00,58.97,29.27,49.74,10.83,47.65,35.91,4.00,33.52,28.19,650.00,7.00,37.69,29.88,771.00,9.00,29.77,25.50,691.00,11.00,54.38,40.44,1162.00,12.00,9.85,7.83,169.00,7.00,3,엄지 굽히기 (Thumb Flex)
-3.94,3.19,-6.75,-3.75,8.50,153.79,86.81,77.72,100.00,72.57,214.72,28.91,167.00,73.57,100.24,67.46,163.00,30.98,121.81,177.39,319.00,128.78,104.02,54.93,124.35,6.64,115.95,73.29,312.00,84.50,65.25,63.14,97.62,64.41,339.19,307.49,526.00,55.23,54.41,43.03,44.38,5.33,39.44,37.39,10.00,29.76,24.43,590.00,6.00,33.63,25.84,770.00,14.00,29.77,25.50,683.00,12.00,54.27,39.75,1140.00,11.00,10.02,8.25,160.00,8.00,3,엄지 굽히기 (Thumb Flex)
3.56,47.19,-17.69,18.25,8.88,146.89,92.00,70.42,106.21,68.29,221.98,22.39,159.00,73.57,100.24,67.46,163.00,30.98,121.81,177.39,319.00,118.84,98.60,57.79,111.31,19.69,101.54,61.21,327.00,84.50,65.25,63.14,97.62,64.41,339.19,307.49,526.00,51.98,51.41,40.24,38.60,6.39,41.58,37.28,16.00,29.76,24.44,574.00,7.00,33.63,25.84,770.00,14.00,28.98,24.56,688.00,12.00,54.27,39.75,1118.00,11.00,9.58,7.78,154.00,8.00,3,엄지 굽히기 (Thumb Flex)
-13.44,13.50,-3.31,5.19,-6.12,138.01,92.66,59.54,97.25,59.80,216.89,37.91,175.00,74.21,111.16,62.50,163.37,27.98,121.46,166.58,330.00,114.28,76.59,83.74,100.24,20.74,115.93,76.66,301.00,76.59,97.23,91.74,78.72,96.93,359.06,285.99,493.00,52.35,36.50,52.55,37.34,19.85,27.12,45.08,0.00,29.05,23.44,582.00,8.00,33.80,26.44,770.00,13.00,28.10,22.94,649.00,11.00,53.88,38.34,1040.00,10.00,9.43,7.52,154.00,7.00,3,엄지 굽히기 (Thumb Flex)
0.06,-40.81,-1.50,-42.88,-6.12,137.89,75.18,86.78,65.86,99.77,200.93,8.20,135.00,77.77,102.78,73.50,174.35,17.78,129.56,157.53,341.00,108.48,105.38,76.00,73.35,49.06,116.60,91.66,272.00,110.73,99.51,146.20,185.15,180.65,364.89,196.86,382.00,52.35,36.50,52.55,37.34,19.85,27.12,45.08,0.00,27.39,20.95,516.00,8.00,34.51,27.21,781.00,13.00,27.30,21.31,594.00,10.00,52.69,37.91,923.00,8.00,9.43,7.52,152.00,7.00,3,엄지 굽히기 (Thumb Flex)
2.69,-6.44,29.69,68.62,0.56,121.94,112.96,55.24,44.55,121.09,164.47,47.97,93.00,94.66,104.10,84.42,177.10,37.45,107.63,170.13,319.00,146.35,81.87,35.83,114.04,87.32,94.06,123.89,211.00,166.02,87.53,89.55,283.99,246.27,305.66,76.47,198.00,48.33,38.92,53.75,38.33,22.67,30.06,40.12,5.00,25.16,18.65,442.00,7.00,34.36,26.81,781.00,12.00,27.46,21.73,568.00,10.00,48.69,34.70,814.00,10.00,9.37,7.31,148.00,7.00,3,엄지 굽히기 (Thumb Flex)
24.12,44.44,-13.44,18.19,-0.94,162.10,65.32,54.71,101.24,106.93,109.30,104.04,36.00,33.68,63.27,131.23,242.26,78.61,82.48,198.30,253.00,103.94,62.20,81.36,145.58,91.01,65.74,147.68,165.00,68.91,91.74,31.06,231.20,224.22,238.26,105.98,93.00,56.07,41.44,45.80,30.68,30.40,30.41,32.47,13.00,24.79,17.98,410.00,4.00,35.94,28.24,803.00,12.00,26.59,20.49,563.00,10.00,38.55,28.96,659.00,9.00,9.22,6.93,129.00,6.00,3,엄지 굽히기 (Thumb Flex)
31.62,63.94,-23.12,11.50,17.00,169.84,65.84,50.33,101.00,114.36,113.16,97.16,44.00,25.45,29.44,180.38,255.97,101.05,60.56,194.77,309.00,98.96,58.33,83.82,148.82,94.79,70.41,146.33,170.00,174.84,19.80,77.42,135.09,132.86,137.04,179.63,14.00,24.03,16.06,68.39,37.01,48.51,29.43,23.15,46.00,25.34,18.55,401.00,4.00,39.44,32.45,750.00,7.00,26.83,20.77,484.00,9.00,31.12,22.88,530.00,8.00,9.56,7.62,145.00,7.00,3,엄지 굽히기 (Thumb Flex)
-45.88,-17.44,-26.62,-96.81,1.12,114.68,40.55,106.14,157.00,158.24,113.17,78.93,100.00,74.40,39.17,186.91,206.20,51.77,105.87,176.83,255.00,31.21,46.03,86.33,98.33,48.37,49.98,167.72,66.00,59.31,137.33,122.71,242.85,60.62,47.51,283.47,153.00,16.96,6.71,66.63,27.46,53.99,35.31,16.68,32.00,27.92,21.14,482.00,7.00,35.60,29.92,763.00,8.00,20.80,17.88,438.00,9.00,38.97,28.46,636.00,9.00,9.05,7.22,154.00,7.00,3,엄지 굽히기 (Thumb Flex)
-69.56,-86.12,27.00,10.56,-7.62,65.88,67.06,156.31,179.01,191.08,172.76,91.78,15.00,50.64,85.29,259.39,254.70,108.21,187.67,147.53,170.00,27.70,41.59,89.37,104.31,54.36,55.92,168.63,60.00,61.26,155.51,141.52,233.62,38.71,31.36,271.02,131.00,22.59,8.08,55.61,18.60,42.13,23.55,24.96,44.00,33.10,25.19,459.00,7.00,41.94,33.91,826.00,8.00,21.23,18.25,480.00,10.00,38.23,27.26,709.00,9.00,7.87,6.66,145.00,8.00,3,엄지 굽히기 (Thumb Flex)
34.62,-12.12,37.12,9.88,-18.56,81.90,84.29,149.63,149.26,157.11,138.52,89.59,50.00,50.64,85.29,259.39,254.70,108.21,187.67,147.53,170.00,18.24,51.26,119.05,106.30,51.97,44.59,177.70,90.00,55.18,153.40,143.15,243.82,34.77,20.62,269.32,120.00,10.15,17.11,69.21,11.18,41.81,12.53,41.71,61.00,29.53,23.41,509.00,10.00,41.94,33.91,833.00,7.00,23.18,20.12,451.00,9.00,38.31,27.72,698.00,8.00,9.19,7.45,139.00,7.00,3,엄지 굽히기 (Thumb Flex)
57.94,-18.25,21.44,9.88,-7.00,48.77,97.58,190.99,177.55,157.70,121.63,117.20,93.00,127.54,138.98,245.59,209.31,113.29,188.00,100.81,92.00,62.56,109.91,146.16,50.09,12.38,45.77,142.44,31.00,55.18,153.40,143.15,243.82,34.77,20.62,269.32,120.00,19.62,41.64,69.42,14.14,18.09,21.60,18.68,36.00,32.79,25.69,479.00,7.00,39.75,31.03,734.00,8.00,22.16,19.51,404.00,8.00,38.31,27.72,698.00,8.00,8.35,6.38,129.00,5.00,3,엄지 굽히기 (Thumb Flex)
18.94,31.31,-5.75,-0.44,-4.81,33.72,160.35,234.78,141.44,96.79,104.36,60.33,29.00,50.52,148.23,328.22,137.90,82.78,158.77,75.89,5.00,44.18,89.94,162.32,68.01,25.68,52.72,121.59,2.00,65.82,142.54,137.26,254.10,26.15,25.83,262.81,131.00,21.85,43.54,66.93,14.04,20.51,21.03,20.45,39.00,31.41,24.05,450.00,6.00,38.44,30.61,679.00,6.00,21.51,18.25,379.00,8.00,38.23,27.26,687.00,8.00,8.43,6.54,117.00,5.00,3,엄지 굽히기 (Thumb Flex)
3.94,-29.12,8.62,-21.75,-5.62,32.30,147.75,240.29,156.17,86.12,93.91,45.23,13.00,117.56,73.26,282.02,209.82,43.18,106.64,107.95,84.00,62.75,93.91,122.43,100.85,48.17,58.24,85.88,40.00,76.70,133.71,144.15,250.46,24.12,29.00,272.18,120.00,35.07,46.27,51.97,5.10,30.57,17.64,23.46,20.00,31.05,23.18,410.00,5.00,36.57,28.27,667.00,8.00,20.12,17.30,348.00,8.00,38.53,28.09,665.00,7.00,7.95,5.91,107.00,5.00,3,엄지 굽히기 (Thumb Flex)
-6.06,-77.19,14.62,-38.94,-0.50,31.40,153.91,208.29,170.66,105.61,62.37,13.23,19.00,167.56,10.97,328.70,188.47,98.41,165.32,101.02,21.00,62.75,93.91,122.43,100.85,48.17,58.24,85.88,40.00,148.36,145.92,218.68,178.90,99.44,50.11,196.34,197.00,36.23,45.47,52.74,5.10,28.79,18.57,21.83,22.00,29.66,20.93,386.00,6.00,41.38,31.71,697.00,7.00,20.12,17.30,311.00,7.00,38.88,29.95,600.00,6.00,7.95,5.81,110.00,5.00,3,엄지 굽히기 (Thumb Flex)
-6.06,-2.50,6.31,22.31,7.00,31.40,153.91,208.29,170.66,105.61,62.37,13.23,19.00,174.43,4.32,338.35,177.69,91.64,155.70,95.32,32.00,73.04,59.97,156.97,71.42,14.62,31.53,49.30,77.00,99.62,79.27,217.73,161.01,151.09,112.49,122.51,273.00,35.12,52.95,44.74,13.04,30.63,26.39,14.22,30.00,29.66,20.93,378.00,6.00,41.34,31.25,749.00,6.00,18.81,16.06,280.00,6.00,37.22,26.80,623.00,7.00,8.15,6.38,118.00,6.00,3,엄지 굽히기 (Thumb Flex)
0.94,38.06,-14.31,-0.38,0.88,31.00,138.69,219.78,162.79,106.88,61.12,11.63,35.00,166.32,51.44,348.18,175.03,129.59,151.08,63.02,87.00,73.19,81.39,143.53,88.48,9.76,12.84,33.35,99.00,99.82,68.32,228.45,150.01,153.92,108.55,131.13,262.00,35.89,54.76,44.06,13.34,28.63,24.78,16.22,28.00,29.44,19.92,378.00,7.00,42.35,33.43,771.00,6.00,19.10,16.48,285.00,6.00,37.11,25.95,634.00,8.00,8.15,6.39,113.00,5.00,3,엄지 굽히기 (Thumb Flex)
7.94,25.69,1.00,40.88,-3.25,32.58,124.51,234.39,148.72,120.83,50.38,8.69,19.00,176.18,68.23,369.99,153.18,111.25,134.81,78.99,65.00,68.08,75.83,137.81,95.13,19.76,2.39,32.85,110.00,125.88,52.96,256.26,156.89,110.21,97.07,115.11,306.00,27.49,51.66,34.78,27.17,26.16,26.83,29.63,14.00,29.45,19.70,378.00,5.00,42.84,34.98,738.00,6.00,18.95,16.00,291.00,7.00,38.59,27.97,656.00,8.00,7.78,5.81,118.00,6.00,3,엄지 굽히기 (Thumb Flex)
14.94,-3.88,-15.31,-43.00,0.44,35.66,121.16,234.74,157.29,109.08,66.22,15.02,35.00,136.79,78.93,346.00,169.06,135.53,79.82,132.86,10.00,64.57,77.53,132.85,99.02,19.89,7.39,30.70,105.00,69.73,46.27,289.80,95.77,95.71,65.42,143.25,372.00,20.61,59.29,24.07,30.41,16.04,17.05,21.51,25.00,29.70,20.82,370.00,5.00,41.05,31.59,738.00,7.00,18.65,15.69,291.00,8.00,39.85,30.50,733.00,7.00,7.27,5.06,105.00,5.00,3,엄지 굽히기 (Thumb Flex)
-32.06,-23.12,0.38,-8.62,0.12,38.67,112.36,249.26,144.46,116.28,79.45,30.90,51.00,100.75,122.20,378.73,130.92,93.64,115.46,90.68,54.00,60.06,82.15,131.61,96.02,15.08,5.28,34.35,110.00,49.91,48.46,311.21,108.07,74.85,83.52,124.58,350.00,24.65,54.30,25.14,34.93,12.46,12.16,20.70,30.00,30.52,21.70,402.00,6.00,41.22,31.05,705.00,6.00,18.62,15.42,307.00,9.00,39.80,30.72,711.00,6.00,7.18,4.77,105.00,5.00,3,엄지 굽히기 (Thumb Flex)
-22.56,-3.19,5.69,40.88,-4.88,58.23,89.39,267.21,160.51,92.56,77.17,10.87,27.00,132.37,97.72,349.88,152.03,98.78,128.59,70.04,87.00,49.09,92.37,140.69,87.32,23.77,8.35,24.10,99.00,137.58,117.65,308.93,68.12,65.41,170.07,42.69,262.00,24.65,54.30,25.14,34.93,12.46,12.16,20.70,30.00,31.07,23.55,410.00,5.00,40.27,29.76,694.00,6.00,18.64,15.44,278.00,6.00,39.74,29.73,643.00,8.00,7.18,4.77,103.00,5.00,3,엄지 굽히기 (Thumb Flex)
40.81,48.38,-8.75,43.06,-4.44,16.87,128.46,282.59,134.30,92.89,112.09,41.99,15.00,186.99,114.83,361.53,119.41,44.07,152.08,93.68,32.00,89.03,84.00,109.32,68.66,45.09,44.23,16.99,58.00,105.24,86.61,275.42,33.24,99.96,193.47,12.72,227.00,17.89,54.36,31.54,41.44,5.58,12.45,16.79,23.00,32.80,25.81,451.00,6.00,42.16,33.66,694.00,6.00,17.14,14.53,249.00,8.00,36.32,27.82,586.00,8.00,7.25,4.94,101.00,5.00,3,엄지 굽히기 (Thumb Flex)
39.75,17.44,-3.44,10.75,10.88,1.12,137.07,299.57,149.00,76.14,96.04,25.24,2.00,158.67,83.04,328.72,149.70,38.99,184.68,109.22,1.00,79.93,76.37,105.31,79.43,44.70,51.28,27.25,47.00,98.29,84.91,268.43,36.25,97.68,193.60,22.42,238.00,27.25,62.11,33.16,39.12,11.71,12.44,11.51,12.00,33.82,26.88,443.00,6.00,40.51,31.08,704.00,6.00,16.79,13.76,245.00,8.00,36.02,27.22,619.00,8.00,7.77,5.67,97.00,4.00,3,엄지 굽히기 (Thumb Flex)
-45.19,-40.00,-15.06,-59.81,8.62,80.43,172.51,282.79,131.38,74.53,97.11,62.12,83.00,136.10,59.78,289.89,155.64,82.49,113.96,142.76,120.00,75.24,66.39,95.34,78.16,53.77,52.29,20.46,57.00,114.05,155.64,319.79,120.93,50.91,142.45,64.60,151.00,21.08,50.13,21.22,27.17,22.33,14.23,11.95,0.00,34.88,28.16,452.00,6.00,37.26,28.50,691.00,9.00,16.04,13.05,246.00,8.00,38.79,31.23,578.00,6.00,6.24,4.88,85.00,6.00,3,엄지 굽히기 (Thumb Flex)
-51.75,13.31,-44.44,-42.00,22.50,86.91,179.47,289.07,138.36,67.63,90.54,55.22,76.00,129.85,48.86,280.44,165.60,86.70,120.06,152.75,131.00,76.27,74.29,100.24,88.14,61.25,60.85,21.02,67.00,77.32,109.21,272.51,136.95,23.37,97.15,113.54,100.00,26.56,63.35,33.92,34.21,29.43,20.74,23.28,18.00,35.49,28.66,430.00,6.00,37.41,29.02,671.00,9.00,17.52,13.76,222.00,7.00,32.93,27.25,493.00,5.00,8.40,6.19,92.00,3.00,3,엄지 굽히기 (Thumb Flex)
-53.12,-12.62,8.31,23.31,-9.12,72.66,162.99,273.01,141.66,66.43,71.01,38.54,54.00,86.06,51.44,232.58,199.90,136.90,58.70,89.78,68.00,74.53,77.20,93.76,88.28,65.55,49.46,16.26,55.00,68.40,106.79,273.02,146.69,32.91,107.95,104.68,111.00,25.65,62.79,35.51,39.12,27.26,21.85,27.32,24.00,32.94,27.11,328.00,5.00,32.68,24.91,619.00,8.00,16.91,13.10,262.00,8.00,33.31,27.77,559.00,6.00,8.68,6.42,112.00,4.00,3,엄지 굽히기 (Thumb Flex)
42.81,19.00,4.19,32.94,6.44,71.24,163.57,279.87,158.27,50.32,76.85,46.46,71.00,69.78,73.39,241.99,183.85,120.67,79.05,110.67,90.00,66.88,69.17,64.10,58.42,35.65,67.68,40.18,85.00,47.63,120.81,293.94,138.19,22.49,97.11,117.05,89.00,27.88,50.27,12.56,33.06,5.26,23.64,42.44,47.00,34.04,28.04,399.00,6.00,33.04,26.25,641.00,9.00,14.75,11.46,256.00,8.00,34.23,28.81,570.00,8.00,7.93,6.33,119.00,5.00,3,엄지 굽히기 (Thumb Flex)
27.44,69.44,-14.38,10.94,-1.88,64.92,144.64,253.90,165.50,37.27,72.75,58.83,97.00,39.82,151.71,330.72,135.67,118.16,89.56,69.51,1.00,61.50,47.40,67.73,66.24,59.70,76.11,1.54,46.00,47.63,120.81,293.94,138.19,22.49,97.11,117.05,89.00,28.99,45.69,11.01,38.05,9.96,25.07,40.04,42.00,32.09,26.62,381.00,6.00,37.42,30.06,642.00,8.00,14.09,11.33,248.00,10.00,34.23,28.81,581.00,7.00,7.76,6.09,125.00,6.00,3,엄지 굽히기 (Thumb Flex)
10.94,4.50,5.94,20.56,-0.19,61.88,136.65,251.37,173.01,31.20,78.52,56.89,89.00,42.98,140.35,321.66,104.79,96.61,122.35,88.58,32.00,64.78,57.27,56.73,56.86,58.31,86.66,10.41,35.00,28.40,137.55,284.40,146.69,41.86,117.55,116.74,67.00,29.01,41.03,15.58,38.12,10.49,20.55,40.62,47.00,31.86,26.18,382.00,6.00,36.30,28.00,643.00,7.00,14.13,11.30,252.00,10.00,34.64,30.01,570.00,7.00,7.66,5.88,125.00,6.00,3,엄지 굽히기 (Thumb Flex)
-12.06,-38.81,1.62,-23.44,-5.31,52.68,125.46,263.81,168.32,46.40,62.55,55.70,105.00,51.98,146.33,330.67,100.88,107.43,114.07,78.57,21.00,57.60,47.19,61.84,51.48,48.17,96.38,21.23,24.00,28.40,137.55,284.40,146.69,41.86,117.55,116.74,67.00,28.47,40.31,16.99,36.12,8.49,22.47,41.09,45.00,32.01,26.81,398.00,6.00,36.93,28.69,635.00,8.00,13.80,10.78,251.00,10.00,34.64,30.01,592.00,8.00,7.56,5.80,125.00,6.00,3,엄지 굽히기 (Thumb Flex)
3.44,-31.06,13.00,-24.81,-0.44,59.09,125.27,256.89,176.08,48.13,57.63,53.68,113.00,8.08,95.61,288.44,53.82,129.04,123.70,26.86,31.00,52.53,45.61,58.58,46.07,52.76,94.64,16.29,30.00,33.91,125.42,277.17,138.19,23.81,126.65,103.84,45.00,27.34,41.20,16.41,36.01,9.53,21.55,39.90,47.00,32.00,26.74,414.00,7.00,31.68,25.44,572.00,8.00,13.36,10.50,256.00,10.00,33.21,28.46,526.00,7.00,7.53,5.73,122.00,5.00,3,엄지 굽히기 (Thumb Flex)
-19.56,-9.06,7.38,8.88,-6.62,43.56,136.97,255.15,180.57,37.25,62.46,46.93,129.00,8.08,95.61,288.44,53.82,129.04,123.70,26.86,31.00,46.67,49.16,52.64,49.09,54.66,91.80,19.77,24.00,25.52,136.04,268.78,148.66,13.94,124.08,95.20,34.00,38.73,29.05,29.32,23.02,11.51,28.71,29.73,60.00,32.38,27.87,430.00,7.00,31.68,25.44,550.00,7.00,13.07,10.22,240.00,9.00,32.92,27.86,537.00,7.00,7.59,5.58,123.00,8.00,3,엄지 굽히기 (Thumb Flex)
27.88,34.94,-13.31,-2.12,8.81,68.46,112.06,279.03,157.10,13.78,86.34,36.81,154.00,8.08,95.61,288.44,53.82,129.04,123.70,26.86,31.00,41.74,54.14,51.69,53.34,49.66,96.56,18.63,29.00,25.52,136.04,268.78,148.66,13.94,124.08,95.20,34.00,29.74,37.63,26.41,25.08,11.55,37.71,21.75,69.00,33.15,29.23,471.00,8.00,31.68,25.44,583.00,8.00,13.33,10.61,245.00,9.00,32.92,27.86,504.00,7.00,7.92,6.26,134.00,5.00,3,엄지 굽히기 (Thumb Flex)
-26.62,13.62,-7.31,21.25,-2.38,37.25,141.01,255.79,147.11,44.79,122.51,38.82,194.00,18.56,90.75,283.29,48.33,127.00,128.25,22.84,42.00,29.65,67.23,65.95,47.30,57.96,82.70,20.79,13.00,3.69,143.10,271.20,127.81,35.80,102.58,73.30,12.00,26.95,39.20,28.99,22.36,13.81,35.65,24.70,66.00,33.74,30.38,520.00,9.00,31.27,24.75,572.00,7.00,13.32,10.77,234.00,8.00,31.58,26.66,438.00,7.00,7.83,6.14,142.00,6.00,3,엄지 굽히기 (Thumb Flex)
-8.62,-29.00,-26.06,-54.12,7.94,43.65,148.51,275.63,115.41,34.42,113.29,44.95,162.00,40.37,70.80,298.07,68.96,108.68,136.76,27.77,20.00,30.43,74.64,81.56,28.23,69.94,89.15,26.67,33.00,6.32,139.65,280.92,131.59,32.60,108.15,82.22,22.00,20.80,38.54,38.23,20.02,7.11,36.66,14.25,77.00,33.36,29.45,488.00,8.00,32.08,26.12,594.00,8.00,14.80,12.18,238.00,7.00,32.54,27.36,481.00,8.00,8.07,6.70,153.00,7.00,3,엄지 굽히기 (Thumb Flex)
-39.62,-18.69,-5.06,-31.75,1.62,57.61,142.40,290.85,118.96,19.71,104.72,33.18,178.00,31.04,81.41,287.84,66.61,99.39,147.26,32.32,9.00,43.12,71.92,79.89,37.48,55.32,95.80,14.61,17.00,28.00,120.42,294.35,151.92,18.54,113.65,69.37,0.00,21.41,35.52,38.08,25.02,3.70,39.48,18.06,72.00,34.31,30.33,512.00,8.00,31.56,25.44,583.00,8.00,14.64,11.94,252.00,7.00,33.43,29.06,447.00,5.00,8.05,6.67,154.00,7.00,3,엄지 굽히기 (Thumb Flex)
-23.12,-18.00,1.00,14.31,3.81,65.61,135.22,291.66,126.65,26.58,112.42,40.38,170.00,37.83,76.38,288.14,55.73,102.16,157.03,36.09,2.00,60.00,60.24,64.48,50.77,56.53,79.60,30.04,34.00,59.32,88.67,280.30,143.54,51.48,84.92,79.95,33.00,30.94,22.88,26.79,27.73,16.69,26.65,15.58,85.00,34.59,30.77,462.00,7.00,31.84,26.12,528.00,7.00,13.97,11.00,240.00,6.00,31.54,27.52,491.00,6.00,7.81,6.44,157.00,7.00,3,엄지 굽히기 (Thumb Flex)
19.00,27.38,1.00,16.38,11.44,98.21,103.44,262.47,122.00,44.45,84.67,6.40,204.00,50.52,86.87,268.38,56.52,80.26,151.48,40.24,20.00,60.00,60.24,64.48,50.77,56.53,79.60,30.04,34.00,88.43,79.64,247.31,111.00,48.24,117.53,82.20,0.00,52.68,10.88,14.01,12.37,21.72,46.60,18.34,63.00,32.37,28.38,502.00,8.00,30.17,24.75,539.00,8.00,13.97,11.00,234.00,6.00,29.39,25.97,458.00,6.00,8.01,6.56,150.00,8.00,3,엄지 굽히기 (Thumb Flex)
-8.88,47.31,-8.00,-24.88,-9.56,156.55,100.71,211.64,56.00,35.99,110.51,72.14,138.00,47.95,54.66,294.29,25.55,70.58,172.29,68.74,53.00,73.09,48.59,70.84,38.18,43.84,75.81,44.78,50.00,123.50,113.19,233.75,126.91,8.10,97.24,65.07,44.00,37.54,9.54,7.01,28.16,37.01,55.63,28.70,47.00,29.42,24.84,444.00,8.00,32.28,26.81,496.00,7.00,14.00,11.12,233.00,6.00,29.78,27.02,426.00,6.00,8.26,6.81,169.00,7.00,3,엄지 굽히기 (Thumb Flex)
4.62,-31.00,7.31,-6.25,-8.75,130.80,68.23,199.76,68.82,73.71,114.28,109.89,98.00,63.05,37.71,290.03,40.50,52.75,151.29,47.74,32.00,67.18,48.99,59.94,31.38,48.87,82.91,53.57,61.00,100.66,61.61,192.28,85.15,45.93,131.88,61.72,98.00,29.81,16.59,10.23,29.73,37.15,57.90,24.54,60.00,28.20,23.55,453.00,9.00,30.57,25.50,519.00,7.00,14.11,11.35,219.00,7.00,25.96,23.22,427.00,6.00,8.52,7.09,154.00,7.00,3,엄지 굽히기 (Thumb Flex)
-5.81,-48.62,26.31,12.31,-5.12,129.06,29.23,161.58,43.46,77.70,137.72,82.71,137.00,17.22,65.99,342.89,46.69,27.65,117.94,20.89,22.00,87.73,52.60,76.21,40.31,18.32,19.05,55.76,3.00,123.43,65.88,143.16,132.00,55.99,77.19,83.07,43.00,37.97,33.17,26.24,10.20,12.85,37.19,29.80,34.00,26.03,21.41,461.00,10.00,33.04,28.20,518.00,6.00,13.02,10.81,190.00,4.00,24.11,20.89,383.00,6.00,7.04,5.91,124.00,6.00,3,엄지 굽히기 (Thumb Flex)
21.75,24.62,-6.31,-7.62,2.00,174.55,54.88,133.31,35.36,7.17,66.76,120.22,66.00,57.75,72.58,320.84,33.53,71.58,137.13,61.64,66.00,68.87,58.24,55.67,37.48,38.13,13.36,75.60,25.00,96.55,35.20,141.90,122.00,87.90,63.06,113.74,10.00,26.61,32.38,29.76,24.08,7.34,23.23,36.23,20.00,23.99,20.53,396.00,8.00,33.37,28.88,561.00,6.00,12.59,10.23,218.00,5.00,23.43,20.30,394.00,7.00,6.45,5.50,115.00,6.00,3,엄지 굽히기 (Thumb Flex)
15.88,34.25,-0.62,57.94,10.62,142.60,26.82,106.23,35.36,29.44,47.55,138.23,32.00,79.48,93.70,335.62,54.92,65.62,115.57,40.17,44.00,58.21,68.71,57.17,48.37,38.71,3.84,64.60,14.00,118.61,57.72,162.73,99.46,94.92,77.91,136.69,13.00,21.13,37.41,35.74,24.33,1.36,28.08,35.13,26.00,20.98,18.14,387.00,8.00,34.35,30.25,516.00,6.00,12.34,9.53,202.00,4.00,26.16,21.55,439.00,8.00,6.89,5.92,116.00,5.00,3,엄지 굽히기 (Thumb Flex)
1.94,26.06,-5.94,2.62,-3.38,109.60,44.81,77.61,66.22,30.18,44.30,133.16,65.00,46.51,59.65,294.09,77.08,107.18,81.29,28.25,1.00,63.17,64.37,52.24,49.24,43.62,1.61,60.05,9.00,107.72,52.04,155.03,102.46,87.79,88.90,146.66,24.00,21.13,37.41,35.74,24.33,1.36,28.08,35.13,26.00,19.19,16.06,386.00,10.00,30.24,27.44,460.00,6.00,12.13,9.30,186.00,3.00,25.96,20.95,484.00,8.00,6.89,5.92,128.00,6.00,3,엄지 굽히기 (Thumb Flex)
2.94,-26.88,-0.25,-6.31,4.25,95.06,60.68,82.68,64.01,14.92,53.97,128.40,49.00,53.12,72.30,296.96,102.93,89.69,85.14,20.98,32.00,53.82,67.91,58.89,38.60,50.39,11.33,53.29,2.00,81.22,70.08,171.39,72.01,119.95,70.53,126.28,9.00,15.52,40.78,31.40,24.08,7.16,25.39,39.21,32.00,18.64,15.06,362.00,9.00,31.01,28.73,471.00,6.00,11.85,8.47,186.00,3.00,25.22,19.94,451.00,8.00,6.97,6.12,131.00,7.00,3,엄지 굽히기 (Thumb Flex)
-12.56,-6.94,0.12,3.31,-8.62,90.03,65.98,90.67,56.01,16.59,45.97,133.30,57.00,33.66,40.16,265.11,123.75,115.10,76.04,41.89,65.00,50.82,65.92,56.53,40.72,53.15,9.10,54.74,4.00,92.52,48.09,149.95,84.39,126.17,81.28,124.38,31.00,16.95,41.08,33.29,22.09,8.31,23.59,41.08,34.00,18.87,15.56,362.00,9.00,29.48,26.93,482.00,6.00,11.76,8.02,175.00,8.00,24.84,18.98,462.00,9.00,7.11,6.25,139.00,8.00,3,엄지 굽히기 (Thumb Flex)
26.44,2.00,17.12,12.25,-10.06,95.30,68.12,86.16,57.97,13.41,36.25,147.59,73.00,29.15,18.64,245.87,148.81,89.43,103.33,33.85,32.00,50.82,65.92,56.53,40.72,53.15,9.10,54.74,4.00,105.70,34.34,148.64,63.13,151.73,48.92,115.79,2.00,22.33,48.73,35.02,24.60,14.73,32.24,32.09,25.00,19.85,16.56,378.00,9.00,28.52,25.38,471.00,7.00,11.76,8.02,186.00,8.00,24.57,18.19,440.00,8.00,7.55,6.81,134.00,8.00,3,엄지 굽히기 (Thumb Flex)
32.38,-9.00,0.81,-8.38,4.12,108.19,113.09,129.76,16.55,59.32,51.69,98.68,24.00,29.15,18.64,245.87,148.81,89.43,103.33,33.85,32.00,55.21,55.49,52.91,37.48,56.95,20.08,50.53,15.00,104.33,24.81,127.96,83.01,170.71,31.94,106.58,24.00,20.73,36.42,45.65,14.21,26.28,40.57,21.07,12.00,21.25,17.78,338.00,6.00,28.52,25.38,438.00,7.00,11.40,7.41,182.00,7.00,24.46,18.20,451.00,9.00,7.34,6.52,133.00,8.00,3,엄지 굽히기 (Thumb Flex)
-6.06,-16.56,16.12,43.88,4.31,111.77,78.86,105.36,56.44,88.03,67.58,61.10,17.00,70.60,36.65,192.52,195.88,34.43,90.83,32.15,87.00,38.06,71.15,34.96,64.28,43.75,43.92,39.39,42.00,94.59,64.84,161.67,107.49,171.84,56.92,83.78,68.00,19.25,37.70,43.30,12.04,26.59,40.80,19.88,9.00,19.60,16.06,322.00,8.00,27.39,24.01,427.00,7.00,11.91,8.19,194.00,5.00,26.95,20.64,484.00,10.00,7.19,6.35,122.00,7.00,3,엄지 굽히기 (Thumb Flex)
-7.06,-14.50,14.75,11.56,-10.25,102.67,81.58,95.98,60.54,85.99,68.13,52.99,33.00,103.60,63.36,191.57,183.44,55.92,69.67,31.12,54.00,26.39,74.45,13.11,65.97,65.61,39.21,53.84,20.00,99.32,55.64,164.34,99.90,162.54,67.75,76.93,79.00,14.79,36.21,45.86,8.25,32.76,45.49,20.71,16.00,18.85,15.06,306.00,8.00,27.32,23.50,383.00,6.00,12.41,9.34,174.00,5.00,26.52,20.01,441.00,9.00,7.60,6.84,126.00,7.00,3,엄지 굽히기 (Thumb Flex)
47.31,26.06,-13.19,-53.44,-2.56,65.74,73.11,39.98,116.30,141.79,112.61,79.06,25.00,56.69,69.03,140.80,236.48,69.58,21.73,81.89,1.00,21.40,68.72,17.90,51.55,60.13,29.79,39.72,35.00,99.32,55.64,164.34,99.90,162.54,67.75,76.93,79.00,9.07,28.37,56.85,19.10,25.71,34.49,24.44,5.00,22.39,18.36,332.00,7.00,27.35,24.18,416.00,7.00,10.77,8.76,181.00,6.00,26.52,20.01,485.00,10.00,7.37,6.56,127.00,7.00,3,엄지 굽히기 (Thumb Flex)
-12.69,23.31,-17.56,-1.50,22.12,48.96,62.92,51.70,114.35,126.33,82.28,71.43,7.00,56.15,112.09,111.34,230.26,98.84,65.49,39.07,43.00,27.02,77.68,9.35,55.47,68.35,20.41,29.72,45.00,68.36,44.86,151.09,81.94,159.20,80.00,109.60,46.00,26.38,49.28,53.44,26.87,41.77,24.81,43.35,16.00,19.76,16.86,374.00,8.00,27.62,24.69,416.00,7.00,11.49,9.15,181.00,6.00,25.16,18.06,495.00,9.00,9.30,7.88,150.00,8.00,3,엄지 굽히기 (Thumb Flex)
-50.25,10.25,-2.56,19.81,-6.19,65.95,81.92,30.43,137.30,143.47,76.25,82.50,30.00,82.78,140.21,132.39,197.31,72.01,46.30,67.35,10.00,27.02,77.68,9.35,55.47,68.35,20.41,29.72,45.00,57.36,37.91,159.60,92.11,169.41,69.26,99.06,57.00,15.44,41.62,43.34,20.62,50.90,32.71,54.33,27.00,22.45,17.94,373.00,7.00,27.23,24.00,383.00,4.00,11.49,9.15,196.00,6.00,25.56,18.84,517.00,10.00,9.38,7.96,170.00,9.00,3,엄지 굽히기 (Thumb Flex)
28.69,10.94,-2.56,-11.81,2.56,49.50,65.69,32.99,137.23,158.57,87.74,97.41,47.00,71.86,137.37,122.34,197.00,76.51,51.88,75.50,1.00,27.02,77.68,9.35,55.47,68.35,20.41,29.72,45.00,78.39,59.60,140.87,86.70,185.27,51.78,83.41,79.00,7.94,44.51,35.26,32.02,53.85,20.90,43.80,15.00,23.41,19.27,421.00,7.00,26.82,23.31,361.00,4.00,11.49,9.15,186.00,6.00,25.64,18.77,506.00,10.00,8.70,7.12,156.00,9.00,3,엄지 굽히기 (Thumb Flex)
-20.31,-38.56,24.00,38.38,-5.56,49.50,65.69,32.99,137.23,158.57,87.74,97.41,47.00,26.59,198.75,153.67,109.00,13.88,37.68,84.68,87.00,16.85,98.25,36.41,27.86,30.65,49.91,38.51,84.00,49.37,46.82,146.56,14.21,176.06,92.24,94.72,156.00,7.74,42.68,34.24,31.58,55.84,19.91,42.68,13.00,23.41,19.27,454.00,8.00,26.26,23.31,339.00,6.00,12.65,10.62,199.00,6.00,26.06,19.95,539.00,11.00,8.60,7.01,164.00,10.00,3,엄지 굽히기 (Thumb Flex)
42.56,66.19,-14.00,4.00,-5.69,24.14,94.90,22.66,143.29,112.54,127.31,145.64,97.00,76.21,101.31,62.46,147.92,111.53,124.33,178.71,187.00,3.71,82.27,29.89,43.17,22.44,64.99,53.64,100.00,65.59,68.75,131.07,14.21,195.76,70.75,77.60,134.00,7.27,40.82,32.25,33.54,55.05,19.39,43.09,15.00,25.83,22.24,512.00,9.00,30.51,25.44,429.00,5.00,13.15,11.12,215.00,7.00,25.73,19.25,550.00,10.00,8.51,6.90,162.00,10.00,3,엄지 굽히기 (Thumb Flex)
14.56,-24.81,25.00,4.00,7.44,50.51,126.84,52.12,113.09,138.59,123.06,120.80,65.00,105.08,91.52,77.83,126.21,105.93,111.72,147.20,155.00,3.71,82.27,29.89,43.17,22.44,64.99,53.64,100.00,65.59,68.75,131.07,14.21,195.76,70.75,77.60,134.00,12.31,37.50,31.57,38.59,46.23,32.05,47.40,1.00,25.80,22.31,506.00,8.00,27.78,23.44,442.00,5.00,13.15,11.12,220.00,7.00,25.73,19.25,528.00,9.00,8.59,7.06,168.00,10.00,3,엄지 굽히기 (Thumb Flex)
-22.94,39.81,-27.75,2.62,9.88,10.51,104.51,61.23,133.23,138.14,153.84,110.84,25.00,121.88,106.09,99.06,109.60,86.32,102.81,165.98,177.00,17.24,83.50,47.75,24.17,40.95,62.13,71.79,120.00,87.37,73.58,131.55,14.21,189.36,79.08,55.61,112.00,19.07,43.99,40.40,31.24,55.11,24.27,41.07,10.00,26.20,22.68,538.00,9.00,29.20,24.81,497.00,6.00,14.80,11.91,269.00,8.00,25.32,18.20,461.00,8.00,8.96,7.62,162.00,10.00,3,엄지 굽히기 (Thumb Flex)
-13.44,-2.12,2.88,5.44,-3.25,15.00,114.87,84.97,115.26,159.35,130.30,105.94,49.00,108.78,73.10,99.35,89.55,63.35,74.78,188.16,210.00,12.42,78.63,47.94,22.36,42.04,58.11,76.24,126.00,53.12,100.54,89.30,55.11,145.04,123.08,23.54,67.00,15.65,30.08,34.98,41.62,60.07,25.83,29.31,24.00,26.33,22.67,530.00,8.00,28.25,23.02,530.00,7.00,14.80,12.03,295.00,9.00,22.17,15.74,405.00,7.00,8.63,7.16,162.00,10.00,3,엄지 굽히기 (Thumb Flex)
-5.44,-21.38,-3.44,-36.50,-9.81,15.00,114.87,84.97,115.26,159.35,130.30,105.94,49.00,122.13,53.48,142.63,55.61,53.73,118.58,175.27,166.00,11.40,73.68,52.74,17.46,46.13,63.09,74.11,121.00,55.79,133.51,68.88,69.66,165.75,98.04,37.60,100.00,20.30,26.45,40.91,38.01,64.82,19.56,36.06,17.00,26.33,22.67,538.00,8.00,28.32,22.75,497.00,8.00,14.68,11.80,296.00,10.00,24.05,18.06,438.00,8.00,8.95,7.54,161.00,9.00,3,엄지 굽히기 (Thumb Flex)
9.56,8.88,-3.44,37.06,10.81,7.71,101.51,98.10,104.64,165.29,127.87,118.72,33.00,92.61,43.34,125.67,34.00,28.80,150.95,189.53,122.00,11.40,73.68,52.74,17.46,46.13,63.09,74.11,121.00,42.84,104.29,54.41,117.55,151.88,113.71,80.37,155.00,14.71,25.04,36.38,43.46,70.40,13.83,42.00,11.00,26.41,23.12,538.00,9.00,27.15,21.64,508.00,7.00,14.68,11.80,296.00,10.00,25.61,18.83,504.00,9.00,9.28,7.96,169.00,9.00,3,엄지 굽히기 (Thumb Flex)
0.06,28.12,-17.50,-17.25,4.00,29.87,100.49,118.47,87.11,141.31,147.12,95.39,57.00,61.83,43.34,163.26,10.00,71.77,150.95,159.67,166.00,10.55,73.00,61.53,4.47,51.33,63.65,70.00,136.00,44.36,100.14,63.78,113.89,141.45,124.39,88.29,166.00,1.83,16.82,42.88,40.20,71.19,22.56,31.40,24.00,25.76,21.81,506.00,8.00,27.90,22.75,519.00,7.00,15.33,12.50,294.00,9.00,25.93,19.69,548.00,9.00,9.10,7.75,173.00,9.00,3,엄지 굽히기 (Thumb Flex)
-13.94,-15.19,8.88,-5.56,0.25,6.71,78.98,126.01,66.73,133.64,178.62,63.79,89.00,70.99,47.30,155.06,14.87,77.90,159.91,150.27,177.00,13.67,69.15,67.22,10.20,45.36,58.91,73.41,130.00,51.81,90.35,72.70,124.45,148.98,115.18,84.04,155.00,10.17,7.15,54.54,28.28,59.60,23.43,38.17,12.00,25.68,21.55,513.00,9.00,28.15,23.44,552.00,8.00,15.04,12.03,303.00,9.00,25.94,19.87,537.00,8.00,8.64,7.03,161.00,8.00,3,엄지 굽히기 (Thumb Flex)
-18.88,-35.81,3.50,-6.25,-8.94,54.08,32.22,174.99,34.21,94.31,155.14,108.07,40.00,92.80,68.61,164.10,33.84,90.97,138.36,171.98,155.00,12.88,75.11,66.97,10.77,44.10,52.94,78.61,124.00,41.66,100.96,75.52,122.00,145.09,113.71,85.35,144.00,5.30,20.01,53.72,29.41,52.40,35.58,44.28,1.00,25.19,20.47,480.00,8.00,29.37,24.81,563.00,8.00,15.06,12.19,291.00,8.00,25.64,19.09,482.00,7.00,8.91,7.44,171.00,9.00,3,엄지 굽히기 (Thumb Flex)
11.62,26.75,-15.50,-3.50,4.06,32.05,55.58,166.79,12.73,72.77,166.38,127.03,16.00,42.71,37.49,109.45,73.35,143.94,118.21,225.77,100.00,28.32,53.92,39.30,22.36,73.44,41.19,110.48,92.00,85.64,87.30,31.72,79.12,101.23,145.98,115.40,100.00,5.30,20.01,53.72,29.41,52.40,35.58,44.28,1.00,25.21,20.80,512.00,9.00,29.48,24.72,629.00,9.00,15.12,11.88,312.00,9.00,23.73,17.12,449.00,7.00,8.91,7.44,169.00,9.00,3,엄지 굽히기 (Thumb Flex)
-4.88,-7.62,10.88,28.12,3.12,28.00,60.53,173.11,9.06,72.15,158.61,122.84,24.00,36.71,54.54,106.10,85.28,141.72,106.95,207.67,122.00,32.76,55.80,34.07,24.17,69.70,37.34,104.79,98.00,65.58,74.99,47.00,87.82,92.97,167.78,136.70,78.00,9.71,23.93,45.14,36.88,38.32,34.40,48.98,14.00,25.04,20.36,470.00,9.00,28.63,23.17,618.00,9.00,14.78,11.41,311.00,9.00,24.74,18.50,417.00,7.00,8.48,6.89,162.00,9.00,3,엄지 굽히기 (Thumb Flex)
-1.75,14.38,-10.12,12.38,-0.19,57.74,81.02,132.49,41.01,31.30,118.56,126.41,74.00,36.71,54.54,106.10,85.28,141.72,106.95,207.67,122.00,32.76,55.80,34.07,24.17,69.70,37.34,104.79,98.00,61.11,23.23,79.98,44.00,57.82,135.41,62.86,154.00,14.43,28.85,48.51,33.24,38.54,30.56,45.31,9.00,22.17,17.06,412.00,8.00,28.63,23.17,640.00,10.00,14.78,11.41,327.00,10.00,19.78,15.30,374.00,7.00,8.39,6.59,139.00,7.00,3,엄지 굽히기 (Thumb Flex)
5.25,-6.25,4.56,-9.62,-1.69,49.40,65.05,128.16,44.38,15.89,119.22,136.86,90.00,26.16,47.08,90.97,100.66,126.71,127.10,212.11,100.00,36.88,37.02,14.45,38.01,49.01,55.64,115.52,77.00,61.11,23.23,79.98,44.00,57.82,135.41,62.86,154.00,15.49,16.79,27.80,53.23,20.96,6.65,24.82,15.00,22.06,16.97,381.00,9.00,28.44,22.75,651.00,11.00,14.30,10.99,328.00,11.00,19.78,15.30,374.00,7.00,6.46,5.60,113.00,8.00,3,엄지 굽히기 (Thumb Flex)
-13.19,-15.88,4.19,-18.56,-3.88,62.23,43.86,90.05,81.79,42.23,92.12,102.52,51.00,23.82,62.92,103.41,87.82,117.99,120.05,216.24,122.00,41.69,36.26,10.12,34.89,50.46,53.73,114.34,83.00,29.37,55.97,112.62,55.00,85.27,103.26,82.29,121.00,12.58,14.74,26.99,54.59,17.98,5.54,22.05,18.00,18.26,14.84,317.00,9.00,28.71,23.36,662.00,11.00,14.34,11.19,328.00,11.00,20.10,15.81,352.00,6.00,6.30,5.39,107.00,7.00,3,엄지 굽히기 (Thumb Flex)
4.38,6.12,-1.81,-28.88,-6.38,42.47,37.36,107.01,90.35,49.23,67.56,78.09,26.00,23.82,62.92,103.41,87.82,117.99,120.05,216.24,122.00,41.69,36.26,10.12,34.89,50.46,53.73,114.34,83.00,18.37,64.75,118.44,46.67,86.82,112.91,78.54,132.00,20.54,22.71,34.90,47.71,17.51,12.17,14.05,26.00,16.83,13.08,284.00,9.00,28.71,23.36,629.00,11.00,14.34,11.19,305.00,11.00,20.90,16.50,308.00,5.00,6.51,5.75,102.00,6.00,3,엄지 굽히기 (Thumb Flex)
-12.12,-28.25,0.00,-4.12,9.56,49.85,43.13,109.96,83.35,44.92,60.96,70.18,18.00,38.55,52.89,103.69,79.12,129.30,98.83,197.78,100.00,14.27,7.40,19.10,33.62,77.33,26.93,100.50,54.00,27.73,84.93,101.23,34.79,44.38,107.99,85.68,88.00,9.32,14.90,30.18,41.00,34.30,28.57,6.13,43.00,16.35,12.64,234.00,9.00,26.79,22.16,551.00,11.00,12.50,9.38,266.00,8.00,18.60,14.27,297.00,5.00,6.76,5.88,119.00,7.00,3,엄지 굽히기 (Thumb Flex)
-16.00,28.88,-10.00,6.88,5.69,16.24,23.33,43.99,75.89,21.80,82.94,37.71,48.00,8.68,47.55,71.55,112.18,114.80,70.70,164.69,66.00,14.27,7.40,19.10,33.62,77.33,26.93,100.50,54.00,27.73,84.93,101.23,34.79,44.38,107.99,85.68,88.00,18.62,26.65,43.38,27.51,30.12,23.49,9.15,29.00,12.00,10.00,216.00,6.00,22.97,19.77,517.00,11.00,12.50,9.38,237.00,7.00,18.60,14.27,308.00,6.00,6.65,5.69,108.00,6.00,3,엄지 굽히기 (Thumb Flex)
-6.00,-15.81,12.12,27.50,-7.44,47.75,52.71,44.76,46.65,26.58,50.97,33.98,16.00,18.39,54.46,79.78,114.84,103.84,70.85,153.80,55.00,20.54,17.89,15.74,31.40,61.89,23.07,84.31,36.00,14.38,102.44,114.73,46.67,40.94,86.10,95.68,110.00,4.98,14.55,36.34,26.48,43.03,34.09,21.71,15.00,10.39,9.00,184.00,6.00,22.33,19.16,495.00,11.00,10.49,8.67,204.00,9.00,19.83,15.81,330.00,6.00,6.76,5.88,119.00,7.00,3,엄지 굽히기 (Thumb Flex)
16.00,-12.38,-9.81,-75.12,-10.12,24.76,46.01,12.76,68.82,57.19,34.81,45.79,16.00,36.68,1.44,108.94,64.14,92.17,118.46,110.33,0.00,8.31,6.68,28.51,16.76,49.89,36.30,69.40,21.00,83.34,25.15,170.17,62.43,53.75,74.70,173.57,196.00,16.03,24.94,53.54,7.07,33.15,14.36,14.19,36.00,10.58,9.00,200.00,6.00,20.16,16.84,451.00,10.00,8.86,7.38,194.00,9.00,27.70,19.16,438.00,7.00,6.82,6.00,109.00,6.00,3,엄지 굽히기 (Thumb Flex)
-0.50,-42.62,27.75,0.56,4.38,25.84,52.55,12.16,64.50,56.20,30.84,43.75,8.00,79.41,43.47,150.46,94.63,52.27,79.62,133.02,44.00,17.07,27.01,47.64,32.25,47.56,17.63,91.79,44.00,92.85,29.19,179.79,68.88,54.65,64.42,162.61,185.00,9.25,17.09,47.65,13.93,39.94,14.69,20.22,44.00,10.38,8.62,208.00,10.00,22.97,19.25,462.00,8.00,11.28,8.91,227.00,9.00,27.56,18.65,469.00,7.00,6.86,6.05,117.00,7.00,3,엄지 굽히기 (Thumb Flex)
-15.50,-10.31,4.38,-32.44,-6.88,20.05,37.08,4.30,78.79,70.96,17.00,49.80,8.00,70.30,36.81,149.68,88.68,43.56,78.40,136.65,55.00,22.04,32.22,47.75,35.61,52.82,17.72,86.88,38.00,92.85,29.19,179.79,68.88,54.65,64.42,162.61,185.00,8.45,15.40,49.37,13.04,36.90,11.26,16.30,40.00,11.12,9.56,208.00,7.00,22.50,18.56,462.00,7.00,11.34,9.12,250.00,9.00,27.56,18.65,425.00,7.00,6.54,5.77,107.00,7.00,3,엄지 굽히기 (Thumb Flex)
1.50,1.38,-15.69,-47.31,4.50,20.09,32.98,16.53,73.76,61.29,32.98,38.14,8.00,76.54,35.72,139.74,79.32,48.34,86.23,136.90,66.00,17.41,31.03,61.48,48.30,64.98,15.46,80.12,23.00,152.98,123.72,90.56,75.66,136.60,94.36,124.11,87.00,8.13,13.81,43.39,19.03,39.37,5.42,10.43,34.00,10.28,8.69,216.00,8.00,22.30,17.88,451.00,8.00,12.03,10.06,256.00,10.00,27.87,20.73,391.00,6.00,6.10,5.44,112.00,8.00,3,엄지 굽히기 (Thumb Flex)
-42.06,-37.81,-1.62,-24.94,-3.00,58.92,81.25,59.45,23.35,53.03,40.30,90.39,47.00,122.28,59.38,96.21,73.79,30.32,10.19,177.49,11.00,17.02,20.79,52.34,43.57,64.28,16.12,81.62,8.00,165.67,138.31,72.94,92.42,137.12,72.51,118.74,109.00,10.99,9.42,41.79,20.25,31.42,11.45,17.47,42.00,14.75,10.94,247.00,8.00,22.67,17.79,451.00,8.00,11.34,9.12,245.00,9.00,28.58,22.45,401.00,5.00,6.04,5.38,117.00,9.00,3,엄지 굽히기 (Thumb Flex)
-3.06,-35.75,15.00,39.00,2.00,58.92,81.25,59.45,23.35,53.03,40.30,90.39,47.00,141.86,76.52,123.46,104.36,28.16,37.49,148.05,22.00,18.24,15.10,56.10,49.50,69.70,18.55,78.47,14.00,159.82,142.17,69.48,114.87,169.02,58.72,105.30,142.00,10.99,9.42,41.79,20.25,31.42,11.45,17.47,42.00,14.75,10.94,278.00,8.00,24.44,19.59,429.00,8.00,11.73,9.50,257.00,10.00,30.23,24.00,467.00,6.00,6.04,5.38,112.00,9.00,3,엄지 굽히기 (Thumb Flex)
26.44,6.19,19.94,16.31,-6.12,55.45,79.26,96.40,28.02,91.03,36.11,61.11,7.00,134.50,84.59,99.44,118.98,60.98,61.10,115.38,55.00,24.64,6.72,72.41,54.56,58.47,4.11,92.51,3.00,163.56,151.65,60.20,122.33,162.82,53.30,112.49,131.00,11.25,11.37,40.25,21.02,29.87,12.44,16.77,40.00,16.00,11.74,278.00,8.00,23.65,18.56,407.00,8.00,12.77,10.56,242.00,9.00,30.48,24.52,489.00,6.00,5.89,5.25,107.00,9.00,3,엄지 굽히기 (Thumb Flex)
41.88,71.06,-27.44,-15.31,4.88,73.59,101.08,114.06,47.01,90.66,14.79,71.02,32.00,147.74,117.17,118.80,148.48,59.66,62.93,148.67,21.00,23.25,4.11,71.68,63.69,64.35,6.72,102.41,13.00,149.05,130.59,79.67,138.84,176.30,33.60,132.81,109.00,11.25,11.37,40.25,21.02,29.87,12.44,16.77,40.00,18.72,13.11,279.00,8.00,28.17,20.69,441.00,8.00,13.84,11.19,264.00,9.00,30.71,25.40,489.00,7.00,5.89,5.25,118.00,10.00,3,엄지 굽히기 (Thumb Flex)
-14.12,14.38,-39.25,-52.19,21.75,58.17,86.16,119.96,56.59,106.17,2.13,75.59,48.00,156.52,126.73,129.23,143.92,48.80,53.28,139.55,32.00,64.84,52.27,120.36,95.43,21.72,48.25,54.61,38.00,79.71,122.88,124.87,213.86,88.62,131.12,35.01,207.00,28.17,19.19,58.21,21.02,36.19,29.19,29.74,22.00,19.07,14.00,336.00,9.00,28.39,21.38,475.00,8.00,17.01,13.19,258.00,8.00,31.93,26.79,521.00,7.00,8.04,6.38,133.00,10.00,3,엄지 굽히기 (Thumb Flex)
-82.50,-65.56,-4.56,-36.44,-2.06,32.44,98.57,209.90,136.68,90.78,90.29,117.51,42.00,66.06,135.81,154.89,236.48,81.76,46.93,120.16,129.00,59.85,49.16,117.51,98.60,25.15,52.28,51.59,43.00,58.29,193.90,125.62,186.94,99.76,97.95,107.82,131.00,25.22,18.92,56.98,18.36,39.12,30.85,32.71,19.00,28.59,18.69,402.00,9.00,32.40,23.51,539.00,9.00,16.88,12.80,277.00,7.00,32.05,27.19,510.00,7.00,8.06,6.45,154.00,10.00,3,엄지 굽히기 (Thumb Flex)
-22.00,-41.19,28.00,27.88,-14.25,71.93,138.21,227.29,131.00,50.99,67.28,80.28,2.00,16.41,187.82,208.12,230.00,50.78,26.58,101.13,75.00,40.62,57.36,131.67,117.05,10.67,53.16,60.83,20.00,60.06,184.31,134.15,197.77,93.69,105.08,117.32,120.00,16.15,29.52,66.76,27.20,38.75,35.28,20.50,32.00,28.87,19.62,444.00,7.00,34.01,25.77,549.00,7.00,18.29,14.25,311.00,8.00,32.53,27.88,564.00,8.00,8.84,7.16,165.00,10.00,3,엄지 굽히기 (Thumb Flex)
56.38,22.44,5.00,36.81,1.44,34.80,99.58,266.32,189.00,54.51,104.53,22.71,56.00,37.46,169.52,203.86,252.00,69.95,48.15,92.38,53.00,40.62,57.36,131.67,117.05,10.67,53.16,60.83,20.00,84.14,178.77,163.59,195.00,126.43,72.11,100.12,153.00,17.47,24.80,62.49,24.60,43.61,40.13,17.56,37.00,32.33,22.95,510.00,8.00,34.50,26.80,592.00,8.00,18.29,14.25,328.00,7.00,33.86,29.94,564.00,7.00,8.81,7.06,178.00,11.00,3,엄지 굽히기 (Thumb Flex)
6.88,22.44,-5.69,-7.19,-1.88,33.78,97.85,259.07,189.13,62.31,112.45,14.87,64.00,37.46,169.52,203.86,252.00,69.95,48.15,92.38,53.00,41.24,53.19,131.50,121.26,8.06,48.34,61.97,25.00,84.14,178.77,163.59,195.00,126.43,72.11,100.12,153.00,18.25,23.25,63.54,29.15,40.92,35.99,18.85,32.00,32.16,22.39,544.00,7.00,34.50,26.80,559.00,7.00,18.35,14.52,339.00,8.00,33.86,29.94,586.00,7.00,8.66,6.75,164.00,11.00,3,엄지 굽히기 (Thumb Flex)
-8.62,-0.25,-0.69,25.12,4.50,31.50,91.40,259.59,197.12,61.35,107.83,21.80,56.00,46.98,176.16,212.76,241.00,66.92,50.93,82.79,42.00,41.24,53.19,131.50,121.26,8.06,48.34,61.97,25.00,94.99,189.73,153.37,195.31,118.07,72.31,104.63,164.00,19.77,20.64,57.61,27.46,44.85,35.58,19.78,26.00,32.24,22.83,552.00,8.00,34.39,26.03,526.00,7.00,18.35,14.52,334.00,8.00,34.26,30.62,608.00,8.00,8.34,6.38,167.00,12.00,3,엄지 굽히기 (Thumb Flex)
6.38,23.12,4.31,35.44,-0.94,42.25,107.29,244.41,198.34,76.09,112.10,34.78,40.00,36.53,154.32,218.61,241.91,45.51,46.45,61.14,20.00,51.98,45.93,120.56,135.12,9.63,46.48,48.69,9.00,104.52,198.20,145.82,206.29,128.10,64.22,96.54,153.00,26.96,13.21,53.46,36.35,36.62,29.79,22.41,35.00,32.20,22.75,560.00,9.00,33.03,25.05,504.00,6.00,18.17,14.19,319.00,8.00,34.86,31.31,597.00,8.00,8.11,5.93,159.00,12.00,3,엄지 굽히기 (Thumb Flex)
36.81,32.06,-1.00,-5.12,-5.94,82.37,136.74,219.37,239.11,56.74,77.15,32.31,81.00,45.46,181.55,185.72,274.80,35.77,33.61,29.35,13.00,41.69,55.98,115.97,140.66,19.10,39.98,38.26,2.00,81.84,199.78,131.64,216.31,138.82,9.27,50.17,98.00,26.96,13.21,53.46,36.35,36.62,29.79,22.41,35.00,33.57,24.79,569.00,8.00,34.05,26.69,515.00,7.00,18.01,13.62,304.00,8.00,32.76,28.52,533.00,8.00,8.11,5.93,160.00,12.00,3,엄지 굽히기 (Thumb Flex)
27.31,19.69,25.56,64.69,-1.50,90.16,137.98,223.94,238.47,50.27,85.11,25.94,73.00,55.36,187.97,176.63,277.35,15.66,51.28,47.50,9.00,80.68,25.47,154.97,109.66,43.96,10.27,1.26,41.00,135.54,120.09,259.08,99.90,103.87,123.92,87.75,33.00,18.37,20.53,45.23,45.28,28.22,37.61,14.02,26.00,33.92,25.23,562.00,8.00,34.43,27.77,493.00,7.00,18.97,14.69,294.00,8.00,33.57,29.44,536.00,8.00,7.71,5.44,150.00,11.00,3,엄지 굽히기 (Thumb Flex)
10.81,5.94,-11.00,8.69,7.31,96.79,133.62,231.74,230.49,57.40,80.27,33.58,81.00,79.11,174.15,210.65,233.99,58.04,15.51,37.70,35.00,46.92,40.29,144.46,87.73,57.10,32.87,40.08,80.00,135.54,120.09,259.08,99.90,103.87,123.92,87.75,33.00,16.33,21.63,45.51,45.71,30.48,36.75,17.01,29.00,34.03,25.66,562.00,7.00,33.23,25.42,471.00,7.00,18.01,13.62,310.00,9.00,33.57,29.44,559.00,7.00,7.85,5.65,148.00,11.00,3,엄지 굽히기 (Thumb Flex)
-13.19,-5.06,-5.31,6.62,3.62,96.79,133.62,231.74,230.49,57.40,80.27,33.58,81.00,79.11,174.15,210.65,233.99,58.04,15.51,37.70,35.00,43.04,43.14,154.01,77.83,62.97,28.65,30.13,69.00,144.58,88.70,241.40,126.57,75.75,129.72,108.65,66.00,16.89,20.67,56.20,34.93,35.28,32.57,7.48,18.00,34.03,25.66,570.00,7.00,33.23,25.42,471.00,7.00,18.02,13.52,294.00,8.00,33.03,28.20,538.00,7.00,7.71,5.50,140.00,10.00,3,엄지 굽히기 (Thumb Flex)
-4.69,36.88,-5.94,44.50,3.62,95.39,140.49,238.54,222.51,64.98,73.86,26.94,73.00,87.01,141.97,207.71,266.49,37.47,47.91,68.95,68.00,42.71,47.91,146.35,73.74,72.71,35.02,25.20,59.00,174.39,101.98,144.50,112.64,107.15,195.47,113.04,32.00,16.89,20.67,56.20,34.93,35.28,32.57,7.48,18.00,34.04,25.81,531.00,6.00,34.53,26.97,471.00,7.00,17.65,13.05,279.00,8.00,32.76,26.88,561.00,7.00,7.71,5.50,132.00,9.00,3,엄지 굽히기 (Thumb Flex)
31.31,63.94,-38.44,-62.50,11.56,107.73,142.41,180.35,231.32,131.56,10.66,70.94,7.00,143.68,127.84,112.62,304.77,148.45,79.57,44.15,43.00,66.79,11.60,138.76,112.06,89.03,75.02,48.18,19.00,170.91,70.39,154.04,143.61,100.49,227.13,139.38,64.00,33.21,4.95,49.14,51.62,41.92,16.54,18.80,1.00,33.12,25.15,533.00,7.00,36.85,27.05,505.00,7.00,20.25,15.31,297.00,5.00,35.54,29.38,604.00,7.00,8.19,5.99,136.00,5.00,3,엄지 굽히기 (Thumb Flex)
-46.25,-16.12,12.94,25.19,2.38,108.94,109.21,165.02,268.97,137.39,49.60,109.90,46.00,162.83,157.84,83.56,276.80,138.95,50.79,12.55,10.00,72.60,5.72,133.13,110.82,92.26,70.95,42.27,25.00,175.26,61.57,146.56,146.45,110.93,220.64,128.50,53.00,36.16,1.96,46.16,52.17,43.64,17.67,15.80,4.00,35.12,27.47,581.00,7.00,35.04,24.73,539.00,8.00,19.95,14.94,342.00,6.00,34.95,28.86,669.00,8.00,8.21,6.12,137.00,5.00,3,엄지 굽히기 (Thumb Flex)
-20.25,-25.75,-6.00,-16.75,-1.12,141.83,62.11,117.33,284.41,177.18,36.26,69.15,2.00,157.48,137.85,82.35,289.61,157.89,52.62,17.89,12.00,105.34,28.14,113.24,78.59,60.31,76.11,74.85,8.00,200.80,67.09,115.81,115.32,93.25,217.36,160.76,86.00,43.11,6.58,42.77,44.38,35.93,21.56,23.43,4.00,34.92,27.38,587.00,7.00,35.64,26.28,483.00,7.00,18.95,13.62,315.00,6.00,35.02,29.41,680.00,8.00,7.91,5.62,129.00,5.00,3,엄지 굽히기 (Thumb Flex)
-1.19,-9.88,-2.25,-16.75,1.88,189.28,56.49,101.90,240.24,141.88,22.59,100.90,47.00,190.05,135.23,37.62,232.55,108.98,40.15,60.64,66.00,88.28,17.93,102.50,76.00,62.04,70.59,92.80,28.00,200.80,67.09,115.81,115.32,93.25,217.36,160.76,86.00,43.11,6.58,42.77,44.38,35.93,21.56,23.43,4.00,32.96,24.46,546.00,6.00,31.78,23.39,438.00,7.00,18.16,12.53,305.00,6.00,35.02,29.41,637.00,8.00,7.91,5.62,114.00,6.00,3,엄지 굽히기 (Thumb Flex)
-9.19,1.81,0.25,-9.12,-7.31,189.28,56.49,101.90,240.24,141.88,22.59,100.90,47.00,199.50,144.84,28.57,224.34,101.75,40.34,50.99,55.00,74.60,53.21,62.79,36.00,23.17,105.42,70.96,12.00,147.67,28.22,68.16,68.25,46.89,271.35,137.89,32.00,43.86,28.52,20.42,17.80,17.00,18.24,26.36,25.00,32.96,24.46,480.00,6.00,31.63,22.79,363.00,7.00,15.41,10.38,275.00,7.00,31.53,25.61,637.00,8.00,6.31,4.90,101.00,6.00,3,엄지 굽히기 (Thumb Flex)
16.19,17.75,-0.06,29.44,8.94,115.08,55.27,70.12,154.94,37.71,122.73,137.05,59.00,104.07,59.22,123.14,173.93,28.55,131.73,78.74,42.00,76.16,57.60,61.80,36.35,26.94,100.78,70.95,7.00,90.57,104.03,44.24,68.88,81.53,220.15,153.46,119.00,36.67,19.40,15.96,26.93,5.97,30.23,37.43,37.00,25.35,20.69,454.00,7.00,25.77,19.25,364.00,7.00,15.36,10.09,241.00,7.00,29.51,24.06,616.00,10.00,6.69,5.19,105.00,7.00,3,엄지 굽히기 (Thumb Flex)
5.69,23.31,-17.00,-33.81,-1.06,118.35,92.83,110.12,128.71,55.78,94.13,101.98,19.00,21.82,105.61,169.70,95.44,61.97,77.79,15.53,45.00,56.15,63.36,32.67,13.93,49.47,93.67,70.63,42.00,100.70,70.32,12.93,44.91,85.94,237.24,162.89,163.00,25.98,26.40,5.49,23.09,21.48,21.56,21.48,21.00,24.02,19.48,380.00,6.00,21.77,16.73,310.00,6.00,14.12,9.50,238.00,7.00,30.71,25.54,671.00,11.00,5.26,4.19,98.00,8.00,3,엄지 굽히기 (Thumb Flex)
-36.69,-59.62,9.00,-20.06,-3.88,96.44,91.86,112.73,74.73,88.18,138.27,22.32,71.00,76.72,43.55,202.84,78.64,98.53,123.20,70.41,110.00,56.15,63.36,32.67,13.93,49.47,93.67,70.63,42.00,112.27,86.42,56.58,88.46,121.79,195.63,170.52,119.00,28.41,23.40,8.18,26.08,22.45,23.16,18.91,18.00,22.70,18.56,378.00,7.00,26.66,20.62,397.00,7.00,14.12,9.50,253.00,7.00,30.66,25.44,638.00,8.00,5.35,4.38,98.00,8.00,3,엄지 굽히기 (Thumb Flex)
-4.19,-15.25,-6.69,-9.75,4.56,95.21,99.56,120.72,66.94,90.45,130.28,28.85,63.00,95.12,42.40,224.03,56.89,106.54,101.74,53.84,88.00,52.57,67.73,29.80,9.43,44.61,98.64,68.66,47.00,112.05,75.58,52.71,88.02,130.57,185.63,177.77,108.00,19.67,30.62,6.78,26.93,17.31,32.07,15.72,9.00,22.71,18.59,394.00,6.00,26.92,21.16,418.00,6.00,14.22,9.81,264.00,7.00,30.33,24.75,616.00,7.00,5.38,4.38,101.00,8.00,3,엄지 굽히기 (Thumb Flex)
-4.69,15.69,8.94,43.19,-4.06,99.33,92.72,118.25,65.49,98.43,125.03,36.79,55.00,79.14,23.29,222.05,70.60,139.47,89.31,53.13,55.00,58.12,66.21,26.69,13.60,41.26,102.52,64.65,53.00,129.13,51.90,81.38,121.02,141.74,199.14,148.49,141.00,25.65,29.78,1.10,21.19,11.32,36.98,18.35,3.00,22.52,18.15,378.00,5.00,26.93,21.31,429.00,6.00,14.38,10.19,274.00,8.00,32.16,27.02,660.00,10.00,5.47,4.56,104.00,8.00,3,엄지 굽히기 (Thumb Flex)
3.31,15.00,-1.38,31.50,-1.25,99.33,92.72,118.25,65.49,98.43,125.03,36.79,55.00,80.57,16.25,232.31,62.24,136.27,83.93,46.94,66.00,47.12,60.96,37.68,21.95,48.67,102.45,55.13,64.00,138.77,55.02,89.60,121.33,130.76,202.52,159.40,130.00,23.02,27.83,2.70,20.40,10.60,37.75,20.94,0.00,22.52,18.15,353.00,6.00,27.18,22.00,418.00,6.00,14.19,9.67,279.00,9.00,32.72,27.88,627.00,9.00,5.38,4.38,102.00,8.00,3,엄지 굽히기 (Thumb Flex)
36.31,15.00,19.56,28.06,-11.12,99.33,92.72,118.25,65.49,98.43,125.03,36.79,55.00,80.57,16.25,232.31,62.24,136.27,83.93,46.94,66.00,63.02,77.08,35.61,19.92,64.50,91.88,38.52,81.00,193.62,107.83,90.57,66.61,157.12,154.75,107.31,185.00,24.28,29.82,3.33,22.36,12.40,36.86,22.93,2.00,22.52,18.15,377.00,6.00,27.18,22.00,407.00,6.00,15.04,10.87,272.00,10.00,32.96,28.80,549.00,8.00,5.61,4.50,107.00,8.00,3,엄지 굽히기 (Thumb Flex)
27.31,-26.94,10.00,-11.75,-4.12,99.33,92.72,118.25,65.49,98.43,125.03,36.79,55.00,56.15,48.13,247.73,44.64,109.05,114.50,79.17,33.00,47.84,57.93,14.91,7.21,69.98,69.40,16.03,104.00,132.00,63.80,147.71,100.66,137.00,89.74,76.97,252.00,24.28,29.82,3.33,22.36,12.40,36.86,22.93,2.00,22.52,18.15,370.00,6.00,28.04,23.30,440.00,6.00,12.90,9.25,244.00,9.00,30.36,25.56,537.00,8.00,5.61,4.50,105.00,7.00,3,엄지 굽히기 (Thumb Flex)
18.81,5.38,19.31,40.50,-3.56,106.13,99.56,110.59,65.00,98.30,130.28,38.48,47.00,65.89,42.52,236.87,55.32,112.69,119.77,89.92,22.00,58.55,66.21,40.90,21.38,54.63,48.27,18.30,131.00,163.41,61.03,119.79,133.70,96.13,80.39,98.84,296.00,25.28,32.11,10.08,13.60,12.45,28.96,30.40,11.00,22.85,18.71,354.00,5.00,28.05,23.38,462.00,7.00,13.74,10.19,250.00,9.00,32.11,28.56,592.00,9.00,5.54,4.38,102.00,7.00,3,엄지 굽히기 (Thumb Flex)
24.31,4.00,2.00,-3.50,2.44,133.98,116.56,90.33,25.00,62.68,138.06,57.59,87.00,87.87,54.31,232.79,54.92,90.69,126.91,72.71,44.00,59.94,65.05,42.32,22.85,59.63,48.30,13.47,126.00,163.41,61.03,119.79,133.70,96.13,80.39,98.84,296.00,25.28,32.11,10.08,13.60,12.45,28.96,30.40,11.00,23.45,19.56,354.00,5.00,27.74,22.50,418.00,6.00,13.73,10.12,267.00,9.00,32.11,28.56,592.00,9.00,5.54,4.38,108.00,8.00,3,엄지 굽히기 (Thumb Flex)
-7.69,-4.94,12.00,-11.06,-13.50,133.98,116.56,90.33,25.00,62.68,138.06,57.59,87.00,58.09,21.36,205.05,87.57,83.41,158.12,66.60,77.00,60.92,52.48,32.32,10.30,55.80,60.14,29.44,142.00,166.65,114.73,67.49,181.66,94.11,25.60,44.05,241.00,22.81,17.69,9.08,30.27,7.47,40.73,38.75,28.00,23.45,19.56,345.00,5.00,26.94,21.31,395.00,7.00,14.06,10.50,243.00,9.00,30.49,26.08,494.00,8.00,6.52,5.06,116.00,9.00,3,엄지 굽히기 (Thumb Flex)
9.88,-31.69,14.44,-4.12,-10.00,133.86,137.90,68.49,0.00,63.09,114.80,32.66,62.00,81.21,84.62,131.81,140.25,41.96,84.25,93.17,23.00,74.73,4.77,25.05,48.26,27.76,8.90,32.70,85.00,139.45,72.88,92.30,165.37,57.85,54.00,25.16,176.00,30.17,6.32,24.67,36.06,17.59,17.32,38.53,4.00,21.97,18.00,281.00,5.00,23.15,19.35,350.00,6.00,10.49,8.81,198.00,8.00,25.47,23.03,418.00,7.00,6.22,5.00,109.00,9.00,3,엄지 굽히기 (Thumb Flex)
6.44,-69.69,36.56,-33.69,-16.56,118.87,86.57,78.92,55.00,36.24,107.76,30.41,7.00,144.29,141.58,175.58,112.38,93.53,89.65,85.42,41.00,87.20,34.31,47.73,59.41,54.43,26.92,2.71,115.00,177.19,72.59,125.49,110.55,12.76,106.91,80.11,121.00,43.57,27.93,34.03,21.19,19.89,34.21,29.53,27.00,18.70,15.56,258.00,5.00,29.21,23.85,381.00,6.00,13.95,10.69,201.00,7.00,26.51,22.95,407.00,6.00,7.44,5.85,114.00,5.00,3,엄지 굽히기 (Thumb Flex)
27.88,14.25,10.88,50.44,-1.25,107.10,87.54,64.92,79.21,90.67,71.92,27.21,64.00,112.78,131.34,147.53,144.84,119.08,84.86,108.47,74.00,96.26,55.95,52.94,40.82,41.87,27.73,29.46,88.00,105.30,125.66,64.48,141.50,65.83,163.72,155.44,43.00,46.03,31.13,32.33,16.55,15.28,33.03,32.04,22.00,18.92,15.48,267.00,5.00,29.13,23.31,456.00,7.00,13.73,10.41,220.00,5.00,28.95,26.20,496.00,7.00,7.40,5.81,126.00,5.00,3,엄지 굽히기 (Thumb Flex)
16.88,12.88,-6.44,24.00,3.94,100.90,117.33,41.47,61.47,77.91,102.28,16.68,32.00,97.59,144.70,153.82,143.00,125.31,101.01,87.61,52.00,96.81,57.66,49.77,36.62,37.87,22.91,25.01,93.00,51.28,179.69,105.74,104.62,70.35,161.35,113.49,98.00,46.63,31.20,29.35,18.03,15.38,31.38,29.58,25.00,19.11,15.34,268.00,5.00,29.25,23.20,445.00,6.00,13.53,10.17,232.00,6.00,28.74,26.62,508.00,7.00,7.26,5.67,120.00,5.00,3,엄지 굽히기 (Thumb Flex)
-0.62,1.88,-6.44,-9.69,3.44,93.38,139.20,18.52,40.22,60.03,82.29,14.30,56.00,97.59,144.70,153.82,143.00,125.31,101.01,87.61,52.00,96.81,57.66,49.77,36.62,37.87,22.91,25.01,93.00,40.38,186.37,114.69,95.44,59.41,152.80,117.51,87.00,48.55,36.94,34.05,12.21,9.37,23.69,21.91,33.00,18.16,13.70,252.00,5.00,29.25,23.20,434.00,6.00,13.53,10.17,232.00,6.00,28.38,26.02,497.00,7.00,7.24,5.48,103.00,4.00,3,엄지 굽히기 (Thumb Flex)
-15.12,-27.69,-6.44,-48.88,-0.69,108.60,131.78,29.48,33.02,38.04,82.84,32.64,80.00,107.05,109.25,140.30,152.86,114.87,79.59,139.57,107.00,96.81,57.66,49.77,36.62,37.87,22.91,25.01,93.00,113.47,209.25,150.28,81.04,83.37,76.34,142.15,10.00,40.76,23.04,42.09,8.06,5.22,12.77,7.97,47.00,18.48,14.34,260.00,5.00,29.47,24.52,456.00,7.00,13.53,10.17,212.00,6.00,30.47,26.72,475.00,6.00,6.49,5.02,99.00,5.00,3,엄지 굽히기 (Thumb Flex)
0.88,7.38,8.25,24.00,4.31,108.60,131.78,29.48,33.02,38.04,82.84,32.64,80.00,113.34,122.11,170.57,122.54,84.66,63.91,115.16,74.00,67.51,27.50,83.81,34.00,10.85,33.10,42.00,56.00,68.49,147.55,90.51,145.67,146.09,65.93,168.49,56.00,40.76,23.04,42.09,8.06,5.22,12.77,7.97,47.00,18.48,14.34,228.00,5.00,27.83,22.97,402.00,7.00,11.87,9.47,203.00,7.00,29.52,26.62,541.00,7.00,6.49,5.02,101.00,6.00,3,엄지 굽히기 (Thumb Flex)
-2.12,4.00,18.81,20.56,-7.12,60.61,85.73,77.37,59.08,14.96,36.43,47.12,32.00,128.22,71.21,138.90,154.16,55.15,31.06,109.23,20.00,47.41,38.48,100.14,17.46,33.08,37.81,35.91,79.00,85.91,97.72,114.05,163.29,147.88,28.93,166.19,1.00,32.39,25.97,43.30,8.60,8.45,20.83,7.76,56.00,13.91,11.66,196.00,4.00,25.11,19.25,359.00,7.00,12.81,10.56,199.00,7.00,28.90,26.19,530.00,7.00,6.73,5.48,104.00,7.00,3,엄지 굽히기 (Thumb Flex)
36.25,66.12,-43.62,-44.06,8.06,22.28,40.86,114.55,55.01,64.37,79.44,19.36,90.00,194.85,25.76,198.38,112.64,44.84,103.33,97.14,98.00,72.00,13.48,110.24,41.59,50.67,62.28,51.54,104.00,67.83,105.16,93.13,182.99,169.59,17.16,178.08,21.00,29.39,28.86,40.92,11.18,9.54,18.15,5.52,53.00,16.10,13.47,238.00,5.00,30.31,21.25,393.00,6.00,16.24,12.12,247.00,8.00,30.47,27.56,541.00,7.00,6.47,5.34,110.00,6.00,3,엄지 굽히기 (Thumb Flex)
-36.75,-30.44,-2.62,-8.31,13.31,20.80,39.63,119.77,69.64,74.75,86.22,29.04,106.00,139.90,32.12,156.65,166.11,56.99,152.24,104.06,153.00,72.00,13.48,110.24,41.59,50.67,62.28,51.54,104.00,28.90,99.56,101.22,205.42,151.61,58.12,142.56,23.00,40.85,19.47,51.76,19.72,21.50,18.73,7.64,41.00,17.83,14.34,304.00,6.00,30.83,22.90,493.00,7.00,16.24,12.12,277.00,8.00,29.33,25.85,563.00,7.00,7.30,5.98,113.00,8.00,3,엄지 굽히기 (Thumb Flex)
-50.25,-57.00,23.88,14.38,-8.81,43.21,34.98,159.77,91.92,97.20,104.02,36.43,66.00,64.67,106.27,208.17,172.03,122.29,142.82,135.41,66.00,46.51,42.16,107.04,81.30,90.26,68.43,12.36,64.00,19.09,92.90,112.22,196.64,143.26,49.38,153.03,12.00,30.86,23.28,53.60,17.46,29.25,32.07,20.28,27.00,21.80,16.53,287.00,5.00,33.57,26.62,525.00,7.00,17.01,12.62,284.00,8.00,28.87,25.08,585.00,8.00,7.57,6.36,126.00,6.00,3,엄지 굽히기 (Thumb Flex)
47.12,30.00,0.25,15.06,-4.81,33.65,49.73,151.80,111.83,121.68,129.81,61.33,40.00,64.67,106.27,208.17,172.03,122.29,142.82,135.41,66.00,46.89,39.86,101.29,82.04,93.28,74.13,9.32,58.00,8.57,82.10,116.76,190.07,153.26,51.32,142.07,23.00,30.86,23.28,53.60,17.46,29.25,32.07,20.28,27.00,24.27,18.36,377.00,6.00,33.57,26.62,568.00,7.00,16.94,12.28,297.00,7.00,28.39,24.30,541.00,7.00,7.57,6.36,123.00,5.00,3,엄지 굽히기 (Thumb Flex)
36.50,37.56,-4.75,23.31,10.62,49.23,75.71,173.57,128.69,122.19,110.64,35.97,66.00,84.19,131.96,216.89,196.64,150.23,89.48,80.79,121.00,46.89,39.86,101.29,82.04,93.28,74.13,9.32,58.00,52.56,121.32,149.19,156.27,158.55,48.98,105.33,67.00,30.92,31.19,49.72,21.40,38.25,31.23,17.57,36.00,25.84,20.19,378.00,6.00,34.76,27.02,546.00,6.00,16.94,12.28,291.00,7.00,28.65,24.81,497.00,6.00,8.03,6.88,139.00,8.00,3,엄지 굽히기 (Thumb Flex)
-20.00,5.25,-9.69,-6.94,7.25,27.27,61.90,155.02,146.65,145.48,113.96,23.08,90.00,81.59,121.03,205.96,205.85,160.75,85.04,70.15,132.00,38.90,56.24,110.21,81.10,76.83,80.87,23.05,41.00,20.25,111.56,113.78,189.83,126.45,52.32,93.14,111.00,30.07,36.86,54.23,26.42,36.30,27.08,16.66,30.00,26.35,21.00,428.00,7.00,34.55,26.59,579.00,6.00,17.05,12.56,280.00,6.00,27.30,22.93,486.00,6.00,8.23,7.25,136.00,8.00,3,엄지 굽히기 (Thumb Flex)
-18.00,5.94,-9.69,-6.94,-3.06,6.97,78.21,168.48,168.39,129.66,88.09,35.04,58.00,84.67,112.63,200.87,211.94,159.96,81.09,79.07,121.00,38.90,56.24,110.21,81.10,76.83,80.87,23.05,41.00,20.25,111.56,113.78,189.83,126.45,52.32,93.14,111.00,36.13,33.23,44.86,33.24,45.56,16.17,16.31,19.00,26.57,20.75,396.00,6.00,34.33,26.16,568.00,6.00,17.05,12.56,269.00,5.00,27.30,22.93,475.00,6.00,8.06,6.95,130.00,8.00,3,엄지 굽히기 (Thumb Flex)
-18.00,-25.00,-9.00,-17.94,-3.44,6.97,78.21,168.48,168.39,129.66,88.09,35.04,58.00,109.65,115.70,224.03,185.80,130.70,111.40,66.46,154.00,29.58,59.69,112.55,81.30,86.62,71.45,33.38,30.00,20.25,111.56,113.78,189.83,126.45,52.32,93.14,111.00,30.87,30.24,43.94,29.41,50.38,11.81,16.91,13.00,26.57,20.75,380.00,6.00,34.90,28.00,568.00,6.00,17.20,13.00,263.00,5.00,27.30,22.93,475.00,6.00,7.76,6.62,128.00,8.00,3,엄지 굽히기 (Thumb Flex)
13.00,-14.69,13.62,24.00,3.81,17.17,67.04,165.04,180.41,114.90,99.47,37.21,74.00,98.93,106.47,214.13,193.15,122.07,121.44,69.71,165.00,35.41,62.15,117.37,75.33,91.16,65.58,38.23,24.00,20.44,90.28,104.25,172.63,156.55,22.30,123.67,144.00,19.10,19.39,32.70,39.81,54.16,15.68,21.82,25.00,26.78,21.75,412.00,7.00,34.50,27.14,537.00,6.00,17.44,13.42,262.00,6.00,27.94,24.12,486.00,7.00,7.58,6.44,128.00,9.00,3,엄지 굽히기 (Thumb Flex)
4.50,23.25,9.12,19.88,-2.12,25.17,68.26,171.86,175.41,114.94,99.28,32.31,66.00,15.23,20.81,241.03,139.14,131.33,123.96,69.75,68.00,12.51,40.07,97.77,76.90,87.19,56.55,55.37,0.00,78.73,122.80,164.46,117.59,120.36,72.01,57.91,78.00,4.75,5.84,24.17,48.17,39.18,22.31,11.06,10.00,26.79,21.94,395.00,6.00,30.35,22.47,495.00,6.00,15.59,11.73,244.00,6.00,26.25,22.48,397.00,6.00,6.35,5.50,118.00,10.00,3,엄지 굽히기 (Thumb Flex)
21.50,32.88,-30.25,-50.88,8.19,25.17,68.26,171.86,175.41,114.94,99.28,32.31,66.00,30.68,35.76,262.95,118.47,146.45,103.62,64.96,90.00,35.72,11.52,116.93,37.12,127.35,48.16,48.18,42.00,57.77,22.86,123.64,90.71,204.90,147.45,57.28,22.00,9.30,12.73,33.03,40.61,44.12,11.32,20.40,21.00,26.79,21.94,403.00,6.00,31.36,23.41,506.00,6.00,17.28,12.75,269.00,6.00,27.19,23.38,451.00,7.00,6.67,5.84,124.00,10.00,3,엄지 굽히기 (Thumb Flex)
-40.00,-30.38,0.38,-4.81,7.81,41.74,17.93,193.38,148.06,160.62,43.29,87.81,122.00,13.75,12.03,252.97,110.00,187.47,64.24,89.68,134.00,29.77,6.79,111.12,40.22,131.01,45.23,52.02,48.00,88.03,21.45,153.86,59.24,182.47,140.09,24.93,11.00,15.30,18.53,37.98,36.07,47.75,16.08,14.40,15.00,28.53,23.00,452.00,5.00,32.20,25.41,561.00,7.00,17.22,12.42,300.00,7.00,26.37,21.91,462.00,6.00,6.95,6.16,124.00,10.00,3,엄지 굽히기 (Thumb Flex)
-37.50,-28.31,21.56,47.69,-9.44,81.73,46.12,233.06,111.36,169.90,76.35,51.24,82.00,45.01,45.01,281.82,77.00,188.14,77.51,59.94,101.00,15.35,22.26,111.13,23.35,147.22,73.25,28.56,19.00,32.36,34.56,122.19,95.44,214.81,180.43,31.26,67.00,5.90,15.68,41.63,29.07,59.29,22.37,5.69,3.00,30.13,25.50,436.00,6.00,33.01,27.40,528.00,6.00,18.04,13.62,323.00,7.00,29.07,24.81,474.00,7.00,7.35,6.69,137.00,10.00,3,엄지 굽히기 (Thumb Flex)
66.19,23.25,-1.81,-21.38,-10.88,31.04,45.84,225.20,104.68,254.85,132.61,68.99,3.00,29.56,40.24,242.37,94.63,241.42,87.32,10.56,46.00,19.41,26.72,116.94,17.46,141.47,68.32,33.97,25.00,18.43,62.62,146.81,81.04,183.96,147.79,10.39,34.00,10.72,23.44,50.62,21.40,58.67,23.97,9.84,12.00,34.46,29.16,529.00,7.00,32.75,26.44,550.00,6.00,17.95,13.29,329.00,7.00,26.33,22.75,464.00,7.00,7.84,7.25,134.00,9.00,3,엄지 굽히기 (Thumb Flex)
28.12,1.25,-1.12,12.31,8.75,57.83,77.37,256.93,74.24,243.25,129.62,37.97,30.00,29.56,40.24,242.37,94.63,241.42,87.32,10.56,46.00,9.57,27.54,110.71,18.38,140.84,67.51,44.96,36.00,13.99,59.30,137.42,91.68,184.29,141.67,19.48,23.00,4.96,17.95,48.91,18.38,64.27,29.56,14.02,18.00,35.21,30.88,565.00,7.00,32.75,26.44,572.00,6.00,17.79,12.66,317.00,7.00,25.87,22.06,497.00,8.00,8.12,7.62,142.00,9.00,3,엄지 굽히기 (Thumb Flex)
-27.38,-19.38,21.88,13.00,-2.69,33.86,67.82,243.10,87.86,262.22,148.10,14.19,54.00,8.74,26.00,220.42,108.89,253.88,107.11,32.04,68.00,9.57,27.54,110.71,18.38,140.84,67.51,44.96,36.00,13.35,65.86,139.75,89.68,173.93,139.61,8.49,34.00,2.05,17.20,54.75,12.21,59.75,23.46,11.98,11.00,35.89,32.38,580.00,7.00,33.13,27.83,527.00,7.00,17.79,12.66,276.00,7.00,25.38,21.38,431.00,7.00,7.79,7.19,138.00,9.00,3,엄지 굽히기 (Thumb Flex)
6.75,48.06,-18.69,-11.06,2.50,11.14,90.01,263.88,66.24,233.85,114.57,48.04,20.00,14.61,40.49,214.19,94.05,231.64,86.18,11.62,45.00,34.52,7.68,86.52,36.24,124.07,42.51,32.22,11.00,36.00,33.06,107.18,122.49,153.45,114.74,25.18,67.00,1.48,15.01,52.36,10.77,61.30,23.04,13.36,8.00,34.52,30.25,538.00,7.00,30.47,26.57,493.00,7.00,14.88,11.48,274.00,8.00,23.13,19.31,420.00,8.00,7.70,7.00,137.00,10.00,3,엄지 굽히기 (Thumb Flex)
-25.75,-8.31,-17.69,-21.38,3.06,9.59,82.04,256.30,73.35,235.80,110.28,55.37,12.00,11.89,18.98,196.64,112.77,229.98,82.28,21.02,23.00,20.99,13.35,89.61,45.97,132.68,33.34,38.30,5.00,25.00,42.45,113.54,123.97,159.84,103.74,35.89,78.00,10.43,6.02,55.45,4.12,52.46,18.49,7.79,17.00,34.09,29.75,554.00,8.00,29.61,25.02,516.00,8.00,15.55,12.23,245.00,7.00,23.61,20.00,409.00,7.00,7.15,6.44,114.00,9.00,3,엄지 굽히기 (Thumb Flex)
-27.25,-32.31,-5.50,-29.62,-7.19,24.16,69.11,255.84,66.48,212.03,106.90,41.73,36.00,43.57,28.81,169.22,101.41,201.19,65.21,11.67,55.00,32.31,40.84,66.03,74.69,98.89,38.89,21.38,30.00,23.34,69.80,99.26,167.45,117.79,138.95,24.36,34.00,6.82,9.44,51.45,1.00,51.84,15.00,6.22,21.00,32.36,28.25,455.00,7.00,26.22,22.77,451.00,7.00,13.93,10.44,231.00,5.00,24.63,20.95,420.00,7.00,6.82,6.19,120.00,10.00,3,엄지 굽히기 (Thumb Flex)
14.94,2.06,5.50,14.38,5.00,24.95,65.66,223.49,101.32,196.44,84.87,54.73,71.00,23.71,7.89,166.35,122.98,184.79,46.00,31.98,77.00,32.31,40.84,66.03,74.69,98.89,38.89,21.38,30.00,23.34,69.80,99.26,167.45,117.79,138.95,24.36,34.00,10.62,18.58,48.50,12.00,40.98,27.84,16.95,8.00,30.16,26.06,486.00,8.00,25.57,21.57,473.00,8.00,13.93,10.44,237.00,6.00,24.63,20.95,453.00,8.00,6.69,6.00,117.00,10.00,3,엄지 굽히기 (Thumb Flex)
-5.94,14.44,-14.50,-36.50,5.19,73.82,54.78,190.30,109.38,164.52,133.84,25.04,21.00,22.12,22.08,145.68,121.00,177.90,67.78,19.04,55.00,48.18,38.91,64.33,60.75,113.33,27.75,17.44,46.00,88.33,62.36,78.66,102.39,179.79,119.24,90.11,32.00,7.67,17.95,45.88,12.37,38.40,29.80,19.95,5.00,28.29,23.68,452.00,8.00,24.20,20.37,451.00,8.00,14.43,11.38,252.00,6.00,25.55,20.88,475.00,8.00,6.50,5.84,114.00,10.00,3,엄지 굽히기 (Thumb Flex)
-21.44,13.75,-13.88,-13.81,13.62,81.56,50.94,194.57,102.04,172.39,127.43,28.71,29.00,15.86,12.89,153.53,132.00,167.00,75.11,23.63,44.00,57.17,33.33,73.72,66.71,106.34,37.59,21.81,36.00,98.21,59.35,89.15,105.30,173.14,127.59,79.86,21.00,16.61,14.35,53.30,4.24,40.80,30.82,28.32,4.00,28.60,24.12,468.00,8.00,24.44,20.97,451.00,8.00,14.82,12.00,252.00,6.00,25.78,21.39,497.00,8.00,7.27,6.33,112.00,9.00,3,엄지 굽히기 (Thumb Flex)
-43.44,-17.88,-13.25,-44.06,-3.56,108.96,23.63,226.08,93.54,168.53,135.19,17.43,3.00,34.69,25.50,162.56,133.82,156.96,78.27,44.09,22.00,64.50,24.01,80.66,74.63,102.51,30.12,13.93,46.00,132.14,33.72,121.71,147.73,154.56,83.96,115.21,65.00,19.33,12.10,52.91,6.71,37.80,32.43,26.11,1.00,30.53,25.87,492.00,8.00,24.86,22.00,451.00,8.00,15.18,12.62,252.00,6.00,28.17,23.45,519.00,8.00,7.14,6.12,129.00,10.00,3,엄지 굽히기 (Thumb Flex)
-18.94,-28.88,-26.69,-80.44,6.56,114.38,15.65,228.04,101.49,161.26,138.67,18.62,5.00,34.69,25.50,162.56,133.82,156.96,78.27,44.09,22.00,79.28,8.44,75.42,63.60,127.49,38.25,37.96,21.00,184.43,50.89,128.33,149.72,228.39,140.73,90.72,9.00,30.81,1.91,39.70,18.03,45.22,18.82,34.08,15.00,30.77,26.30,484.00,7.00,24.86,22.00,451.00,8.00,16.65,14.19,244.00,5.00,34.88,28.06,516.00,7.00,7.14,5.95,132.00,10.00,3,엄지 굽히기 (Thumb Flex)
-45.50,-28.19,5.38,-3.69,6.19,155.24,59.97,177.23,129.47,219.05,74.24,59.72,66.00,44.89,22.08,166.14,132.46,167.25,67.78,53.94,11.00,86.94,24.74,59.67,47.54,121.42,43.68,21.73,38.00,210.68,78.72,101.77,108.08,213.04,135.31,82.92,35.00,35.03,7.37,35.72,17.00,48.30,24.32,32.26,9.00,32.49,27.19,507.00,7.00,25.49,22.69,407.00,7.00,15.77,13.12,269.00,6.00,33.52,25.77,590.00,7.00,7.32,6.23,127.00,9.00,3,엄지 굽히기 (Thumb Flex)
-20.00,6.19,10.75,9.38,-20.75,175.50,95.47,139.13,101.40,227.55,113.81,35.77,26.00,63.04,15.11,150.89,110.55,167.73,88.08,41.85,33.00,88.13,29.83,55.39,50.12,116.87,37.93,26.28,32.00,223.66,89.57,68.98,100.32,187.92,113.37,98.23,2.00,31.57,14.31,31.12,34.00,65.05,34.97,38.93,8.00,32.58,26.88,513.00,7.00,24.59,21.31,429.00,8.00,15.45,12.75,232.00,5.00,31.95,23.45,524.00,7.00,8.98,7.56,144.00,9.00,3,엄지 굽히기 (Thumb Flex)
44.50,-12.38,-1.81,6.62,4.44,173.77,92.54,139.70,107.90,235.51,118.93,37.81,18.00,106.71,50.44,100.24,128.28,116.45,81.56,68.50,22.00,95.38,33.18,50.60,30.61,95.01,19.42,44.70,7.00,224.45,109.82,90.74,56.57,148.76,70.31,137.84,42.00,32.98,17.17,28.35,34.13,64.39,34.80,36.43,5.00,33.20,27.50,513.00,7.00,22.64,19.42,385.00,8.00,14.01,11.19,212.00,5.00,30.72,21.88,480.00,6.00,8.86,7.42,169.00,10.00,3,엄지 굽히기 (Thumb Flex)
-13.50,-53.38,31.38,-14.00,-13.19,177.61,100.54,125.81,99.73,228.55,121.03,29.28,34.00,129.71,71.75,108.33,156.59,141.90,57.28,59.45,10.00,118.18,61.67,27.29,56.30,94.40,29.40,35.59,36.00,214.59,88.01,101.95,63.53,153.49,52.40,159.84,64.00,52.23,33.80,19.67,12.37,47.74,25.05,58.12,27.00,32.57,26.75,570.00,8.00,25.80,21.25,428.00,8.00,16.15,13.00,224.00,6.00,30.89,22.25,446.00,7.00,9.30,8.04,170.00,10.00,3,엄지 굽히기 (Thumb Flex)
31.44,9.56,14.12,32.12,-2.62,224.19,164.82,82.50,51.00,189.78,76.04,87.41,31.00,117.53,75.13,75.33,173.10,139.60,24.59,77.44,43.00,106.43,52.61,38.99,53.46,84.23,32.93,42.18,48.00,191.36,63.95,135.23,37.20,119.73,63.95,129.33,30.00,45.23,32.26,13.19,15.62,41.17,20.18,64.91,34.00,32.69,27.83,510.00,8.00,25.33,20.56,438.00,8.00,15.20,12.25,219.00,6.00,27.38,19.86,423.00,7.00,9.01,7.55,179.00,10.00,3,엄지 굽히기 (Thumb Flex)
34.19,31.56,19.06,83.50,-3.19,182.19,133.13,63.14,24.02,146.15,36.31,131.11,75.00,117.53,75.13,75.33,173.10,139.60,24.59,77.44,43.00,123.20,55.27,39.24,36.67,70.64,32.18,57.83,65.00,274.10,101.04,145.66,122.00,107.56,101.04,102.23,60.00,37.08,38.49,8.55,10.44,42.26,29.12,57.84,25.00,27.69,24.54,474.00,8.00,25.33,20.56,438.00,8.00,15.96,13.31,225.00,6.00,34.85,25.38,447.00,6.00,8.54,6.91,159.00,9.00,3,엄지 굽히기 (Thumb Flex)
59.06,50.81,6.75,58.38,5.00,200.17,132.73,80.76,42.01,142.89,18.60,147.26,93.00,144.99,117.67,111.17,152.28,111.05,45.66,121.43,87.00,127.50,53.18,44.18,36.06,69.22,35.11,52.84,60.00,308.05,110.16,179.63,120.60,73.88,102.94,91.23,26.00,39.06,35.50,6.14,13.34,39.85,31.49,56.57,22.00,29.68,25.80,443.00,7.00,28.42,23.31,438.00,7.00,16.04,13.62,214.00,6.00,37.35,27.50,470.00,6.00,8.40,6.75,156.00,9.00,3,엄지 굽히기 (Thumb Flex)
14.06,-4.88,-2.44,-16.88,-3.00,229.48,113.63,101.75,52.20,116.08,44.47,127.66,61.00,155.26,124.03,119.89,142.08,105.09,35.04,111.30,76.00,112.27,80.71,38.59,7.28,40.71,64.03,29.60,31.00,269.00,132.29,169.26,164.44,62.85,142.10,77.87,18.00,39.06,35.50,6.14,13.34,39.85,31.49,56.57,22.00,29.62,26.05,454.00,6.00,28.17,22.62,427.00,7.00,14.73,12.12,186.00,6.00,37.07,26.86,526.00,7.00,8.40,6.75,159.00,9.00,3,엄지 굽히기 (Thumb Flex)
-0.94,-22.06,-3.06,-36.12,2.00,218.35,129.18,108.10,65.76,102.59,53.02,125.94,45.00,78.38,154.33,156.84,132.83,30.65,68.21,80.71,1.00,113.25,72.26,28.92,13.89,35.72,71.78,28.47,21.00,244.41,176.10,208.84,173.30,25.06,102.73,104.49,26.00,39.06,35.50,6.14,13.34,39.85,31.49,56.57,22.00,29.39,25.05,438.00,6.00,25.66,20.57,394.00,6.00,14.40,11.57,186.00,6.00,38.20,28.28,537.00,6.00,8.40,6.75,164.00,10.00,3,엄지 굽히기 (Thumb Flex)
-31.94,-10.38,23.50,59.69,-11.12,213.39,142.97,124.05,74.65,100.40,56.71,121.42,61.00,68.77,165.23,167.25,122.00,31.60,57.84,77.12,10.00,110.24,75.47,30.29,34.18,29.17,76.47,36.88,60.00,261.51,132.37,167.63,237.69,43.54,108.85,169.04,93.00,35.60,47.00,19.84,21.40,26.63,45.38,47.97,36.00,30.21,25.81,470.00,6.00,25.80,21.25,383.00,6.00,15.26,12.38,205.00,7.00,41.19,32.60,626.00,7.00,8.86,7.38,168.00,10.00,3,엄지 굽히기 (Thumb Flex)
62.81,30.19,-5.50,-8.00,-2.44,220.35,144.17,126.10,149.58,34.65,137.85,100.06,145.00,110.60,126.28,172.12,142.58,35.57,61.74,61.53,65.00,110.24,75.47,30.29,34.18,29.17,76.47,36.88,60.00,261.65,135.55,174.63,240.52,38.87,98.71,158.23,82.00,38.07,42.20,17.95,18.79,23.29,49.37,44.03,41.00,34.04,29.71,530.00,6.00,26.38,21.94,394.00,6.00,15.26,12.38,223.00,7.00,40.97,32.00,649.00,7.00,8.69,7.06,164.00,9.00,3,엄지 굽히기 (Thumb Flex)
3.81,8.19,5.50,35.31,5.56,222.79,130.14,110.10,145.34,18.74,151.16,97.29,161.00,110.60,126.28,172.12,142.58,35.57,61.74,61.53,65.00,110.24,75.47,30.29,34.18,29.17,76.47,36.88,60.00,257.99,145.51,185.10,229.98,31.33,109.05,167.50,93.00,38.07,42.20,17.95,18.79,23.29,49.37,44.03,41.00,33.71,28.59,566.00,5.00,26.38,21.94,405.00,6.00,15.26,12.38,213.00,7.00,41.47,32.77,638.00,7.00,8.69,7.06,172.00,10.00,3,엄지 굽히기 (Thumb Flex)
-19.19,-22.06,4.19,-20.38,-10.38,231.96,114.73,104.54,161.01,30.17,148.38,105.72,145.00,107.98,94.82,154.36,170.41,79.12,32.98,95.03,21.00,92.25,86.52,14.27,45.97,37.76,70.88,48.66,39.00,250.95,155.84,186.40,227.02,42.09,104.68,161.28,82.00,21.74,40.55,9.11,19.24,6.79,60.79,60.98,24.00,34.05,29.46,574.00,6.00,26.53,21.95,438.00,7.00,14.76,11.69,213.00,7.00,41.05,32.17,671.00,8.00,8.98,7.30,180.00,11.00,3,엄지 굽히기 (Thumb Flex)
10.81,-9.00,-12.12,-9.38,12.81,205.15,132.97,82.08,158.00,40.03,169.97,133.95,113.00,128.04,62.31,181.20,149.03,69.99,33.37,62.56,54.00,87.37,86.04,9.30,49.58,40.32,67.95,44.07,44.00,250.95,155.84,186.40,227.02,42.09,104.68,161.28,82.00,18.74,38.75,12.05,21.93,7.24,57.79,58.30,27.00,33.81,29.06,582.00,7.00,26.03,21.00,416.00,6.00,14.45,11.38,229.00,8.00,41.05,32.17,649.00,8.00,8.68,7.09,186.00,11.00,3,엄지 굽히기 (Thumb Flex)
-22.69,21.94,2.56,-1.12,-5.88,181.85,133.32,59.16,182.00,54.81,145.98,109.97,137.00,98.79,91.82,155.35,176.88,100.72,40.59,30.56,87.00,66.79,71.58,20.57,38.90,20.18,88.67,65.06,23.00,207.25,147.14,153.28,241.66,25.75,146.68,175.89,38.00,14.30,33.84,15.33,20.40,11.41,61.21,61.63,22.00,32.27,27.56,590.00,8.00,26.53,21.95,438.00,7.00,13.77,10.38,230.00,9.00,39.56,30.05,619.00,6.00,8.80,7.36,194.00,11.00,3,엄지 굽히기 (Thumb Flex)
7.31,19.19,-4.38,24.50,4.50,150.21,115.87,66.25,184.62,29.69,169.49,140.49,105.00,55.81,116.55,175.08,159.89,79.77,63.74,69.58,43.00,45.34,41.02,48.34,13.42,36.73,66.49,37.77,54.00,98.23,98.63,228.11,142.84,137.71,74.75,116.72,156.00,11.82,29.04,14.53,14.56,8.01,61.52,59.74,28.00,31.79,26.56,591.00,9.00,26.38,21.94,438.00,7.00,10.79,8.20,204.00,10.00,33.33,28.50,578.00,7.00,8.49,6.94,204.00,12.00,3,엄지 굽히기 (Thumb Flex)
-4.12,16.44,-10.00,11.44,13.31,107.57,65.99,121.17,130.73,46.55,172.54,102.82,160.00,12.90,123.66,218.46,118.11,52.42,20.47,45.60,87.00,46.60,46.21,48.08,8.49,36.08,67.59,35.20,60.00,84.22,81.41,257.33,122.04,124.56,60.06,136.06,123.00,11.64,29.44,17.26,14.04,10.47,63.87,60.17,31.00,28.37,23.12,576.00,10.00,25.94,21.24,405.00,6.00,11.04,8.62,205.00,9.00,33.08,28.38,578.00,7.00,8.74,7.15,185.00,11.00,3,엄지 굽히기 (Thumb Flex)
-28.62,15.75,-42.12,-71.50,5.75,105.13,58.17,124.15,129.07,48.60,165.85,104.56,152.00,10.12,119.35,221.35,122.54,63.41,27.21,44.89,76.00,61.49,74.03,92.44,40.45,80.72,37.52,57.19,14.00,99.74,143.50,269.17,76.54,179.70,34.79,196.64,58.00,23.96,25.66,39.09,11.05,17.87,39.22,51.40,6.00,27.79,22.62,535.00,9.00,26.22,21.84,383.00,5.00,15.50,11.38,229.00,8.00,37.78,31.94,665.00,8.00,7.60,6.50,166.00,10.00,3,엄지 굽히기 (Thumb Flex)
-54.12,-57.56,-1.50,-47.75,-8.31,128.88,128.69,195.72,45.28,136.56,81.15,127.20,64.00,37.73,159.51,256.14,86.05,89.66,51.94,50.95,33.00,59.83,73.40,89.27,40.00,84.03,32.31,60.37,8.00,116.17,182.26,313.02,43.57,149.63,65.20,152.86,102.00,18.34,34.94,40.85,17.80,30.21,33.54,45.68,9.00,30.23,24.11,509.00,8.00,29.81,24.87,416.00,6.00,15.39,11.00,235.00,7.00,39.71,34.34,664.00,8.00,7.76,6.60,162.00,10.00,3,엄지 굽히기 (Thumb Flex)
-23.12,-76.31,33.12,15.50,-12.31,128.88,128.69,195.72,45.28,136.56,81.15,127.20,64.00,55.34,177.56,272.87,99.82,97.70,51.14,51.00,53.00,61.09,77.50,93.03,46.00,87.38,38.18,59.42,14.00,116.90,172.09,295.73,24.04,175.96,108.28,116.32,146.00,18.34,34.94,40.85,17.80,30.21,33.54,45.68,9.00,30.23,24.11,491.00,7.00,32.50,26.27,371.00,5.00,16.11,11.38,252.00,8.00,39.35,33.88,686.00,8.00,7.76,6.60,155.00,10.00,3,엄지 굽히기 (Thumb Flex)
33.38,19.00,-6.81,-25.75,-6.00,130.38,131.97,198.31,38.60,142.23,78.42,128.76,72.00,48.26,173.94,274.91,92.80,108.63,60.37,57.87,64.00,52.55,60.50,77.01,49.04,104.01,49.78,66.20,31.00,99.01,148.61,264.54,67.36,217.78,138.76,103.24,190.00,22.08,38.43,43.39,14.21,25.55,38.46,41.48,14.00,30.72,24.55,548.00,8.00,32.79,26.88,445.00,6.00,16.04,11.16,287.00,9.00,39.71,34.34,673.00,9.00,7.91,6.88,161.00,10.00,3,엄지 굽히기 (Thumb Flex)
16.94,30.00,0.25,42.44,14.94,125.43,123.50,189.32,44.55,150.51,70.57,134.20,81.00,48.26,173.94,274.91,92.80,108.63,60.37,57.87,64.00,42.29,49.84,78.59,65.25,101.98,50.99,53.61,14.00,83.82,116.26,231.81,79.08,216.77,139.62,99.10,155.00,7.04,41.50,54.74,29.41,17.87,53.21,25.11,31.00,30.33,24.05,539.00,8.00,32.79,26.88,434.00,6.00,15.48,10.03,281.00,10.00,36.32,31.88,716.00,10.00,8.79,7.81,175.00,10.00,3,엄지 굽히기 (Thumb Flex)
-18.38,10.75,-5.06,1.94,-4.38,78.09,63.26,171.50,54.41,168.01,144.51,77.45,6.00,59.55,132.64,253.53,74.97,145.49,54.14,13.97,20.00,34.47,53.48,89.41,63.29,92.10,41.98,63.72,25.00,66.35,66.16,238.24,43.42,165.06,100.20,128.94,211.00,17.49,31.64,45.16,34.41,28.13,57.92,14.12,42.00,27.61,22.25,536.00,9.00,30.04,24.47,401.00,5.00,15.48,10.06,276.00,10.00,33.49,28.19,682.00,9.00,8.73,7.67,187.00,10.00,3,엄지 굽히기 (Thumb Flex)
-1.38,-31.19,0.56,-9.75,6.12,68.30,67.54,186.20,46.82,152.05,135.18,91.14,22.00,74.96,102.72,276.96,107.67,121.84,30.49,46.67,53.00,39.85,47.88,86.37,69.26,87.59,36.02,69.71,31.00,70.62,68.76,227.38,54.13,156.98,89.42,139.06,222.00,9.77,39.44,44.45,28.28,33.75,56.43,7.82,50.00,27.39,21.42,536.00,8.00,31.10,26.79,423.00,6.00,15.42,9.76,282.00,11.00,33.19,27.50,671.00,10.00,8.87,8.00,193.00,10.00,3,엄지 굽히기 (Thumb Flex)
-8.88,10.75,-10.12,-42.75,-4.38,61.91,74.98,191.92,39.40,154.74,133.74,83.18,14.00,72.41,116.42,247.50,109.04,139.90,10.27,77.57,86.00,34.86,52.54,83.33,69.87,89.43,33.16,74.32,36.00,70.62,68.76,227.38,54.13,156.98,89.42,139.06,222.00,16.55,35.67,51.93,23.32,32.22,50.39,9.75,58.00,27.48,21.86,512.00,8.00,30.79,25.81,456.00,7.00,15.58,10.11,264.00,11.00,33.19,27.50,604.00,9.00,8.90,8.05,190.00,10.00,3,엄지 굽히기 (Thumb Flex)
12.12,19.69,23.88,46.00,-4.75,108.77,37.13,213.89,48.17,124.40,99.20,39.30,34.00,93.80,113.74,253.06,141.57,108.67,38.06,55.53,53.00,34.86,52.54,83.33,69.87,89.43,33.16,74.32,36.00,59.32,80.25,220.65,65.92,144.98,92.67,128.09,210.00,13.14,33.84,48.15,28.64,26.59,44.40,15.29,64.00,26.33,20.75,436.00,8.00,31.07,25.70,423.00,6.00,15.58,10.11,269.00,11.00,32.00,26.75,625.00,9.00,8.58,7.72,181.00,10.00,3,엄지 굽히기 (Thumb Flex)
31.31,51.31,-19.19,11.62,14.19,75.10,45.40,179.61,77.88,89.95,64.72,36.21,69.00,114.84,100.56,274.81,140.00,111.25,22.13,62.42,75.00,26.01,49.35,82.35,69.12,96.05,46.64,81.35,51.00,81.32,62.06,242.32,72.90,137.71,85.47,114.36,188.00,21.12,21.41,58.77,26.48,40.43,57.48,2.16,47.00,22.01,18.56,393.00,8.00,32.83,26.55,434.00,6.00,16.30,11.16,302.00,11.00,32.05,26.83,614.00,8.00,9.32,8.56,193.00,10.00,3,엄지 굽히기 (Thumb Flex)
-38.69,7.31,-12.88,-7.62,2.38,50.58,61.24,177.83,106.96,109.47,108.24,33.68,21.00,114.84,100.56,274.81,140.00,111.25,22.13,62.42,75.00,33.09,36.26,102.22,48.17,110.03,28.58,80.33,30.00,44.40,79.41,236.28,39.12,174.67,53.98,113.73,144.00,18.25,24.35,56.02,29.43,40.27,58.13,5.13,44.00,24.11,20.56,442.00,10.00,32.83,26.55,445.00,5.00,16.54,11.62,307.00,11.00,30.92,25.38,581.00,8.00,9.24,8.38,188.00,9.00,3,엄지 굽히기 (Thumb Flex)
-14.69,5.25,-11.56,2.00,1.50,50.58,61.24,177.83,106.96,109.47,108.24,33.68,21.00,144.44,74.63,256.49,143.61,85.32,53.43,61.58,108.00,52.42,17.66,116.67,50.92,91.15,36.85,73.16,51.00,56.26,84.61,216.57,23.71,192.31,33.05,127.01,122.00,32.23,15.09,57.35,30.36,27.73,52.31,18.96,30.00,24.11,20.56,434.00,9.00,32.19,24.38,434.00,5.00,16.67,11.76,291.00,10.00,30.55,24.25,581.00,9.00,8.75,7.69,165.00,8.00,3,엄지 굽히기 (Thumb Flex)
-12.69,-27.06,14.06,-9.00,-9.19,74.00,43.56,199.67,85.70,78.01,102.45,44.87,11.00,136.98,75.34,267.38,132.91,90.04,62.91,60.94,119.00,30.54,39.63,125.96,31.06,96.06,41.03,63.20,73.00,56.26,84.61,216.57,23.71,192.31,33.05,127.01,122.00,15.83,20.92,75.52,12.04,16.11,34.99,38.86,9.00,23.92,20.15,402.00,8.00,32.65,25.41,434.00,5.00,16.98,12.31,302.00,10.00,30.55,24.25,581.00,9.00,8.65,7.69,158.00,8.00,3,엄지 굽히기 (Thumb Flex)
24.81,-3.69,3.38,12.31,2.19,35.61,81.14,217.24,57.14,81.24,78.30,69.15,51.00,131.65,64.51,273.76,139.85,68.21,60.20,71.73,97.00,34.95,36.40,121.00,28.64,101.05,39.74,60.05,78.00,56.89,94.96,220.11,30.41,181.50,30.47,137.99,111.00,20.00,22.74,68.39,8.06,25.36,24.99,47.37,1.00,24.55,21.06,410.00,8.00,32.37,25.18,456.00,5.00,16.87,12.00,308.00,10.00,30.71,24.85,570.00,10.00,8.46,7.34,160.00,8.00,3,엄지 굽히기 (Thumb Flex)
9.31,18.31,-6.94,3.38,10.62,43.61,74.36,209.33,64.01,89.23,70.77,73.44,59.00,131.65,64.51,273.76,139.85,68.21,60.20,71.73,97.00,43.02,39.40,118.61,19.21,96.84,49.29,69.77,67.00,72.20,85.60,187.14,25.06,165.63,57.83,169.53,78.00,24.10,31.28,72.62,1.41,20.75,31.77,42.26,8.00,24.28,20.56,418.00,8.00,32.37,25.18,478.00,6.00,16.95,12.18,313.00,10.00,29.41,23.05,570.00,10.00,8.88,7.83,160.00,8.00,3,엄지 굽히기 (Thumb Flex)
-5.69,18.31,3.69,-5.56,-0.62,58.79,72.93,206.10,57.97,83.55,85.63,71.67,43.00,131.65,64.51,273.76,139.85,68.21,60.20,71.73,97.00,40.36,33.88,113.59,16.16,101.37,55.01,75.76,61.00,102.62,109.38,175.60,56.29,144.84,29.78,144.90,111.00,24.06,21.64,60.79,13.04,30.63,35.78,42.47,20.00,24.20,20.27,410.00,8.00,32.37,25.18,478.00,6.00,16.97,12.31,289.00,11.00,28.71,21.94,494.00,10.00,8.45,7.25,166.00,9.00,3,엄지 굽히기 (Thumb Flex)
-6.19,-2.31,5.81,-8.94,-10.56,52.74,67.39,199.36,65.73,89.96,89.33,75.10,35.00,150.77,59.20,275.95,119.85,50.53,48.43,50.78,119.00,61.18,18.32,79.35,31.58,64.31,52.29,35.87,107.00,48.84,56.27,137.14,85.91,92.59,62.06,134.72,165.00,36.84,27.55,59.62,22.20,20.70,43.67,36.55,3.00,24.00,19.84,379.00,8.00,32.03,24.61,424.00,6.00,14.05,10.16,253.00,10.00,24.36,18.56,473.00,10.00,8.77,7.56,162.00,8.00,3,엄지 굽히기 (Thumb Flex)
21.38,-26.31,11.12,-0.69,-4.81,69.24,5.67,146.31,85.04,48.46,127.76,49.35,106.00,118.93,45.09,245.10,109.24,68.78,67.71,35.42,151.00,71.68,29.29,85.31,35.36,60.55,42.36,41.36,96.00,24.50,50.99,95.46,118.98,105.32,23.37,124.49,121.00,32.90,23.58,55.84,24.76,23.87,47.64,34.68,1.00,21.68,18.95,380.00,7.00,29.34,22.11,426.00,6.00,14.33,10.77,224.00,10.00,21.82,16.07,418.00,7.00,8.57,7.31,164.00,8.00,3,엄지 굽히기 (Thumb Flex)
11.38,-49.25,40.75,-40.56,-18.44,99.68,32.14,163.65,64.50,25.37,95.81,62.14,74.00,89.57,27.11,226.92,79.12,42.43,36.84,40.63,120.00,77.64,33.57,91.15,30.23,66.51,48.14,40.30,102.00,59.27,31.17,116.03,165.00,82.11,71.26,112.18,55.00,38.78,28.60,60.02,20.81,29.09,52.46,30.52,7.00,21.35,18.62,331.00,6.00,24.77,19.69,351.00,5.00,15.30,11.22,213.00,5.00,23.57,17.19,418.00,10.00,9.23,7.69,172.00,8.00,3,엄지 굽히기 (Thumb Flex)
28.88,-15.19,4.06,22.69,0.12,91.76,28.34,155.95,71.55,17.38,90.69,69.22,66.00,115.54,57.60,209.90,76.79,61.67,30.87,56.66,87.00,87.46,36.07,93.67,25.71,61.89,43.60,38.64,91.00,41.35,55.44,144.70,143.00,44.76,112.50,107.93,11.00,33.12,27.60,62.89,15.62,29.43,54.17,24.53,14.00,20.57,18.12,331.00,6.00,24.74,20.04,372.00,5.00,15.25,11.30,243.00,5.00,23.81,17.27,418.00,10.00,9.08,7.27,169.00,8.00,3,엄지 굽히기 (Thumb Flex)
19.88,18.50,3.75,24.06,6.69,91.76,28.34,155.95,71.55,17.38,90.69,69.22,66.00,122.15,67.35,198.94,65.92,52.11,21.45,53.41,98.00,90.91,34.42,89.85,30.59,58.32,41.56,40.87,96.00,37.91,34.09,125.14,122.98,25.93,124.64,103.86,11.00,38.18,22.31,53.92,23.26,22.33,50.68,15.87,23.00,20.57,18.12,300.00,5.00,24.08,19.44,383.00,6.00,15.27,11.53,237.00,5.00,21.73,16.07,374.00,10.00,8.38,6.77,155.00,7.00,3,엄지 굽히기 (Thumb Flex)
-20.12,17.81,-21.31,2.06,3.19,91.76,28.34,155.95,71.55,17.38,90.69,69.22,66.00,119.49,64.48,202.51,68.62,55.08,10.61,56.52,109.00,86.36,48.04,103.49,31.32,44.69,28.54,53.50,111.00,37.91,34.09,125.14,122.98,25.93,124.64,103.86,11.00,36.58,30.03,56.80,27.66,15.29,43.69,7.88,31.00,20.57,18.12,324.00,6.00,24.44,20.04,339.00,5.00,16.13,12.35,257.00,6.00,21.73,16.07,385.00,9.00,8.35,6.61,147.00,6.00,3,엄지 굽히기 (Thumb Flex)
-19.12,-37.19,10.00,-8.94,-6.00,89.20,43.48,168.77,80.00,7.58,74.84,58.16,82.00,119.49,64.48,202.51,68.62,55.08,10.61,56.52,109.00,85.23,38.28,104.12,21.02,47.11,17.73,64.46,122.00,37.91,34.09,125.14,122.98,25.93,124.64,103.86,11.00,35.05,20.18,66.29,19.70,22.06,31.19,7.08,44.00,21.13,19.12,316.00,6.00,24.44,20.04,350.00,5.00,16.33,13.00,278.00,7.00,21.73,16.07,363.00,10.00,8.34,6.75,146.00,6.00,3,엄지 굽히기 (Thumb Flex)
11.38,27.44,-12.00,-0.69,3.50,84.77,37.76,175.56,62.48,31.24,63.64,56.57,106.00,132.92,86.20,182.73,65.00,67.03,26.66,77.24,131.00,85.23,38.28,104.12,21.02,47.11,17.73,64.46,122.00,79.18,20.71,103.96,110.55,59.91,81.17,63.40,55.00,38.38,20.82,59.38,12.81,29.51,28.61,15.03,52.00,21.14,19.05,324.00,6.00,25.38,21.24,405.00,6.00,16.33,13.00,266.00,7.00,18.84,13.32,286.00,5.00,8.32,6.62,156.00,7.00,3,엄지 굽히기 (Thumb Flex)
3.88,26.75,-19.25,-28.88,8.62,88.48,32.20,167.57,56.57,35.62,67.58,61.06,114.00,142.88,95.20,184.00,76.00,72.57,17.00,66.31,120.00,121.26,40.76,83.96,26.57,48.58,43.35,42.13,78.00,12.11,81.01,68.34,34.79,97.13,74.41,16.38,132.00,50.23,18.57,63.24,11.66,31.73,23.90,4.72,38.00,20.95,18.61,315.00,6.00,25.96,21.84,372.00,6.00,16.10,13.09,232.00,6.00,16.90,12.89,286.00,11.00,8.54,6.70,142.00,6.00,3,엄지 굽히기 (Thumb Flex)
-24.56,28.12,10.75,78.88,3.38,138.10,25.19,152.61,43.46,80.45,17.18,31.01,57.00,120.89,93.22,162.76,79.12,94.23,25.74,48.33,98.00,89.50,55.43,61.52,33.97,80.45,62.64,59.37,46.00,65.58,40.83,133.97,85.62,102.53,140.29,78.98,200.00,38.30,27.06,51.24,6.32,43.73,16.73,14.26,26.00,20.59,18.56,274.00,6.00,23.84,20.64,328.00,6.00,15.56,12.25,259.00,7.00,26.17,16.69,376.00,5.00,7.70,6.14,136.00,6.00,3,엄지 굽히기 (Thumb Flex)
27.88,-14.50,14.69,-11.12,-9.75,65.11,61.08,94.18,37.12,141.97,56.44,71.73,16.00,100.60,110.23,150.04,100.44,91.59,4.13,61.08,120.00,58.11,88.42,30.08,62.39,76.63,68.23,30.76,79.00,65.58,40.83,133.97,85.62,102.53,140.29,78.98,200.00,25.12,40.92,47.59,20.10,40.39,30.09,1.09,40.00,19.13,17.48,307.00,7.00,24.08,21.25,372.00,7.00,15.46,12.02,265.00,7.00,26.17,16.69,455.00,6.00,8.06,6.81,150.00,7.00,3,엄지 굽히기 (Thumb Flex)
16.38,-23.44,12.62,-20.75,-5.12,31.48,98.63,57.80,65.86,148.15,42.76,53.36,24.00,82.01,142.89,171.34,98.62,62.42,34.48,57.61,87.00,41.83,114.49,45.82,58.86,46.08,39.30,62.76,46.00,56.02,18.88,147.49,106.25,123.33,138.04,68.59,178.00,19.71,47.79,56.50,21.54,31.79,22.28,9.86,30.00,18.81,16.72,316.00,7.00,24.75,22.12,350.00,6.00,15.07,11.28,238.00,6.00,26.71,18.00,455.00,10.00,8.09,6.98,142.00,6.00,3,엄지 굽히기 (Thumb Flex)
6.38,17.81,-18.69,-9.75,6.94,37.15,117.66,70.47,57.01,116.36,28.01,55.66,8.00,94.88,121.07,131.61,142.43,35.15,70.80,89.43,43.00,45.14,111.76,24.80,85.59,30.09,12.80,89.30,19.00,56.02,18.88,147.49,106.25,123.33,138.04,68.59,178.00,24.49,49.36,46.64,35.90,20.77,27.09,24.12,15.00,17.87,15.42,284.00,6.00,24.44,21.94,372.00,7.00,15.73,12.35,260.00,6.00,26.71,18.00,444.00,9.00,8.08,6.80,143.00,6.00,3,엄지 굽히기 (Thumb Flex)
-15.62,-4.19,2.00,43.19,15.19,19.15,122.98,40.05,89.01,104.13,22.96,63.45,40.00,94.88,121.07,131.61,142.43,35.15,70.80,89.43,43.00,45.22,108.21,22.46,85.15,34.07,11.56,93.60,14.00,49.34,39.72,149.08,138.00,153.30,105.05,62.50,211.00,29.75,60.03,54.12,40.31,17.46,15.43,15.65,27.00,17.94,15.72,292.00,7.00,24.44,21.94,372.00,7.00,15.73,12.25,270.00,7.00,28.78,20.47,488.00,5.00,8.92,7.36,143.00,6.00,3,엄지 굽히기 (Thumb Flex)
-22.12,28.12,-14.00,-11.12,-5.62,24.47,144.62,47.30,91.92,86.19,36.90,65.35,16.00,92.70,131.39,142.23,131.46,44.90,67.38,100.21,32.00,45.22,108.21,22.46,85.15,34.07,11.56,93.60,14.00,53.38,38.03,138.41,141.04,161.21,97.33,59.92,222.00,31.04,42.76,37.06,57.58,7.99,8.67,22.78,46.00,18.83,17.36,284.00,6.00,25.07,22.62,405.00,8.00,15.73,12.25,275.00,8.00,28.92,20.81,532.00,6.00,8.48,7.17,153.00,7.00,3,엄지 굽히기 (Thumb Flex)
0.88,-3.50,-13.31,-11.12,-3.31,23.97,129.86,31.64,107.49,71.47,52.80,76.19,0.00,105.62,111.98,130.17,135.09,49.45,49.89,119.20,10.00,37.59,116.35,28.55,85.21,37.64,0.76,91.34,25.00,53.38,38.03,138.41,141.04,161.21,97.33,59.92,222.00,34.72,41.71,38.20,59.51,12.02,3.79,18.18,41.00,18.48,16.34,308.00,7.00,24.70,21.69,416.00,8.00,16.08,13.11,270.00,7.00,28.92,20.81,532.00,6.00,8.51,7.31,144.00,6.00,3,엄지 굽히기 (Thumb Flex)
-7.62,-24.12,8.31,9.50,-0.88,29.76,127.23,31.54,109.48,71.51,48.10,68.74,8.00,125.68,108.61,144.82,113.89,66.36,71.89,106.41,32.00,42.92,116.03,31.48,79.23,43.62,5.24,92.97,31.00,33.13,16.04,128.62,149.37,183.19,82.41,78.70,200.00,26.26,37.12,29.26,67.78,19.83,5.85,9.20,32.00,18.17,15.72,284.00,7.00,25.46,22.89,416.00,8.00,16.21,13.39,286.00,8.00,28.88,21.31,543.00,7.00,8.17,6.75,141.00,6.00,3,엄지 굽히기 (Thumb Flex)
1.38,-3.50,-2.00,-32.44,-9.50,14.97,120.69,16.74,124.91,57.57,53.94,52.74,24.00,103.68,95.33,124.79,122.09,85.44,88.74,105.49,54.00,31.94,108.76,20.83,79.16,48.26,15.18,100.40,42.00,66.00,46.00,161.62,120.65,199.17,49.90,111.63,167.00,32.26,42.80,32.66,65.80,20.73,11.49,3.82,26.00,17.67,14.97,284.00,8.00,24.70,21.69,417.00,8.00,16.07,13.12,267.00,9.00,30.07,22.74,543.00,10.00,8.47,7.12,136.00,6.00,3,엄지 굽히기 (Thumb Flex)
9.38,-26.81,27.75,60.62,5.94,14.97,120.69,16.74,124.91,57.57,53.94,52.74,24.00,84.75,75.02,127.97,103.77,89.21,87.65,98.09,33.00,20.92,96.83,23.15,67.19,56.23,13.68,89.45,30.00,53.09,95.67,156.62,110.57,164.54,73.78,219.46,56.00,13.07,23.68,49.71,42.49,15.93,32.45,23.59,1.00,17.67,14.97,275.00,8.00,22.67,20.54,407.00,8.00,14.43,12.47,260.00,10.00,31.99,25.84,577.00,8.00,7.33,6.31,134.00,7.00,3,엄지 굽히기 (Thumb Flex)
10.44,35.75,-20.62,-55.62,-10.38,4.11,104.96,26.57,108.52,63.31,69.24,42.44,41.00,65.96,37.33,182.49,88.00,34.85,58.71,138.61,88.00,20.93,78.17,49.12,70.21,34.12,15.16,115.42,56.00,22.95,36.41,81.08,182.63,98.34,146.55,286.64,20.00,17.01,23.96,40.82,48.41,13.52,38.75,34.37,10.00,16.53,14.17,266.00,8.00,24.13,22.00,440.00,8.00,15.35,13.67,310.00,9.00,34.83,26.86,698.00,9.00,7.80,7.00,145.00,7.00,3,엄지 굽히기 (Thumb Flex)
-4.06,-37.81,5.38,10.06,9.44,27.58,98.92,48.88,104.24,39.44,64.07,50.94,17.00,66.50,49.99,163.20,33.00,44.21,33.62,192.80,143.00,20.93,78.17,49.12,70.21,34.12,15.16,115.42,56.00,33.22,41.99,75.96,185.65,108.13,140.82,279.20,9.00,16.37,25.60,40.00,50.80,11.10,38.71,36.94,13.00,15.86,13.55,242.00,8.00,25.79,23.29,517.00,9.00,15.35,13.67,310.00,9.00,34.53,25.91,741.00,9.00,7.99,7.19,162.00,8.00,3,엄지 굽히기 (Thumb Flex)
-49.12,-34.38,-6.56,-21.56,-1.25,57.86,120.18,60.91,135.18,56.11,48.60,54.06,48.00,88.15,76.67,210.96,64.14,26.36,78.87,140.11,88.00,6.27,67.29,60.93,76.06,19.16,25.34,104.87,41.00,52.06,63.85,92.45,164.81,111.57,136.60,287.21,31.00,15.81,20.68,44.95,48.02,7.02,35.45,40.20,18.00,19.64,15.73,289.00,8.00,26.91,23.72,462.00,8.00,14.50,12.69,289.00,11.00,34.97,26.83,763.00,12.00,7.95,7.03,163.00,8.00,3,엄지 굽히기 (Thumb Flex)
-3.12,27.50,-14.88,10.06,5.94,44.90,104.22,70.36,135.30,52.75,35.64,66.36,64.00,91.74,97.25,167.55,64.14,91.72,141.66,101.36,22.00,33.27,94.27,41.39,53.81,24.65,52.05,99.26,14.00,40.26,49.04,74.42,173.52,133.39,120.15,288.41,53.00,23.66,32.29,40.03,37.54,17.05,22.61,46.47,31.00,19.09,14.61,304.00,7.00,26.38,24.06,462.00,8.00,14.76,13.00,277.00,8.00,34.97,27.17,785.00,11.00,7.93,7.06,161.00,8.00,3,엄지 굽히기 (Thumb Flex)
5.38,48.12,16.38,129.38,-1.75,48.94,109.58,62.85,127.32,45.25,27.65,74.19,72.00,108.84,119.12,180.90,83.77,87.37,131.42,103.51,44.00,13.03,76.23,35.20,40.79,51.48,73.05,111.16,14.00,146.40,156.41,175.83,79.62,138.16,259.15,355.26,86.00,18.91,30.60,36.12,41.04,20.87,18.65,47.89,36.00,18.85,14.17,304.00,8.00,28.28,25.61,484.00,8.00,15.14,13.38,300.00,11.00,48.36,36.83,880.00,11.00,7.91,6.97,163.00,9.00,3,엄지 굽히기 (Thumb Flex)
78.50,46.75,-1.94,-22.00,-5.75,83.09,136.01,100.99,144.53,56.41,62.82,151.45,150.00,130.40,136.83,201.97,77.78,68.48,125.07,109.78,22.00,26.63,83.35,20.49,20.62,51.70,71.88,94.88,7.00,168.28,176.27,192.36,58.24,116.55,244.10,336.06,64.00,2.96,40.92,22.93,32.31,29.01,25.17,51.30,20.00,27.64,18.44,350.00,7.00,30.00,27.16,484.00,8.00,14.08,12.06,285.00,11.00,47.43,35.62,918.00,6.00,7.69,6.56,162.00,9.00,3,엄지 굽히기 (Thumb Flex)
13.50,24.75,-20.94,-16.38,12.69,130.35,183.60,99.17,104.89,30.41,28.81,111.37,102.00,130.40,136.83,201.97,77.78,68.48,125.07,109.78,22.00,6.25,53.90,52.47,30.61,83.39,98.60,65.87,39.00,98.60,166.51,234.51,92.80,133.42,265.50,247.15,26.00,11.57,31.95,21.26,40.80,37.46,26.32,57.89,11.00,26.65,17.69,355.00,4.00,30.00,27.16,462.00,7.00,14.90,12.70,300.00,9.00,44.26,31.34,828.00,10.00,8.28,7.27,167.00,9.00,3,엄지 굽히기 (Thumb Flex)
-66.56,-49.25,1.12,14.56,-1.88,45.09,124.39,185.56,182.04,123.78,111.43,107.44,7.00,105.57,156.81,230.43,79.81,70.51,156.51,81.25,54.00,21.54,37.85,60.70,24.08,76.67,82.50,82.74,22.00,111.17,141.10,202.93,115.75,166.14,296.44,214.99,59.00,19.85,27.15,13.50,39.12,37.77,31.54,49.37,20.00,31.17,20.62,432.00,7.00,32.20,28.91,527.00,8.00,14.23,11.77,321.00,10.00,44.22,31.62,850.00,11.00,7.86,6.84,177.00,10.00,3,엄지 굽히기 (Thumb Flex)
27.88,-7.62,6.88,11.81,-2.19,49.08,121.30,179.91,186.12,128.21,119.18,114.09,2.00,116.01,134.82,214.63,101.20,55.28,170.21,59.63,76.00,32.08,35.21,55.43,12.17,67.92,88.14,71.30,34.00,125.13,97.12,204.40,147.80,159.87,257.53,251.75,15.00,23.90,29.28,9.41,34.13,32.94,26.54,54.36,15.00,31.60,21.11,519.00,8.00,31.43,27.70,526.00,7.00,13.56,11.11,293.00,9.00,43.67,30.69,839.00,11.00,7.67,6.61,164.00,9.00,3,엄지 굽히기 (Thumb Flex)
34.31,35.00,0.88,9.75,3.00,58.34,99.64,193.52,208.48,144.41,115.05,90.69,23.00,122.03,119.70,224.35,107.94,76.84,172.96,81.39,54.00,23.75,27.33,71.42,18.44,53.28,85.82,60.26,50.00,132.64,78.32,236.50,130.61,130.12,267.95,233.37,48.00,22.30,26.40,8.81,34.00,31.17,24.39,57.11,12.00,32.70,22.48,503.00,7.00,32.49,29.25,548.00,7.00,13.06,10.09,277.00,8.00,43.40,30.31,784.00,6.00,7.57,6.38,160.00,10.00,3,엄지 굽히기 (Thumb Flex)
-7.19,11.62,11.50,0.81,-9.38,60.41,91.82,201.30,205.23,137.01,109.91,98.69,15.00,123.40,123.69,246.23,88.19,75.10,155.26,63.25,76.00,25.15,22.29,74.07,15.23,53.15,90.37,62.17,44.00,137.96,74.03,219.29,161.05,106.46,256.74,231.08,81.00,32.27,12.67,18.01,8.00,27.39,35.15,43.13,38.00,32.53,21.91,536.00,8.00,32.54,29.50,537.00,6.00,13.31,10.38,272.00,7.00,42.62,28.04,740.00,9.00,6.94,5.52,152.00,10.00,3,엄지 굽히기 (Thumb Flex)
14.31,-8.31,-5.81,-10.88,-0.69,70.20,78.07,211.55,169.12,142.39,149.72,63.32,55.00,135.13,96.35,238.80,108.19,106.88,122.50,56.07,109.00,28.78,17.35,71.01,10.82,57.73,85.40,62.48,49.00,131.37,81.52,212.44,165.20,111.98,247.14,235.52,92.00,27.65,8.89,17.60,9.43,23.85,35.59,43.74,43.00,32.18,21.52,536.00,7.00,32.09,28.48,526.00,6.00,13.12,9.98,289.00,8.00,42.36,27.27,751.00,10.00,6.80,5.32,159.00,10.00,3,엄지 굽히기 (Thumb Flex)
-16.69,-28.94,-0.50,-42.50,-3.69,69.70,69.32,223.58,162.16,130.21,162.26,56.47,71.00,152.65,74.49,257.78,93.81,95.79,136.90,50.42,87.00,39.41,14.35,60.37,19.24,50.58,92.73,58.07,38.00,150.37,59.52,233.77,145.36,133.70,225.98,252.20,114.00,27.65,8.89,17.60,9.43,23.85,35.59,43.74,43.00,32.47,22.40,560.00,8.00,32.88,29.68,526.00,6.00,12.82,9.38,273.00,11.00,43.39,28.81,762.00,9.00,6.80,5.32,159.00,10.00,3,엄지 굽히기 (Thumb Flex)
-8.69,-8.31,4.88,-8.81,1.19,69.70,69.32,223.58,162.16,130.21,162.26,56.47,71.00,131.22,89.60,240.92,112.38,111.90,138.44,45.49,65.00,33.52,10.52,61.33,17.26,53.96,92.85,54.29,32.00,161.32,52.50,235.74,150.75,131.46,231.41,241.67,103.00,25.79,7.46,18.99,8.54,23.79,33.62,45.39,45.00,32.47,22.40,560.00,8.00,32.09,28.48,526.00,6.00,12.59,8.91,267.00,11.00,43.45,29.31,751.00,8.00,6.80,5.39,155.00,11.00,3,엄지 굽히기 (Thumb Flex)
-15.69,-39.25,21.44,-21.19,-6.06,82.57,55.66,222.72,169.12,131.83,153.27,65.26,87.00,163.95,93.45,232.20,131.71,141.77,121.78,45.00,32.00,54.12,33.20,81.34,6.71,76.45,79.34,36.54,9.00,140.46,53.35,254.25,132.41,150.59,226.99,219.77,81.00,23.10,8.72,17.92,12.37,20.13,36.96,41.47,41.00,32.72,23.31,560.00,7.00,33.58,30.28,537.00,6.00,13.75,10.51,256.00,10.00,42.44,27.94,662.00,7.00,6.50,5.20,145.00,11.00,3,엄지 굽히기 (Thumb Flex)
-6.69,-7.62,4.94,-16.31,-5.25,98.34,55.32,207.91,183.37,116.31,168.88,51.69,71.00,145.13,74.76,253.83,116.28,143.59,101.58,49.43,10.00,39.99,21.27,65.59,27.66,84.89,56.58,18.80,15.00,204.90,114.88,196.72,107.00,216.22,170.30,155.47,3.00,29.47,4.95,30.72,15.62,13.51,41.90,28.79,28.00,32.70,23.15,568.00,7.00,32.84,29.08,504.00,5.00,11.86,8.82,224.00,9.00,40.04,25.10,541.00,6.00,6.40,4.84,128.00,10.00,3,엄지 굽히기 (Thumb Flex)
9.31,-4.88,3.31,11.94,1.06,98.34,55.32,207.91,183.37,116.31,168.88,51.69,71.00,173.67,118.43,233.07,87.82,108.61,61.80,67.32,34.00,47.93,20.13,55.43,33.60,71.40,34.19,17.00,41.00,166.62,52.23,175.55,183.00,223.98,95.26,140.53,73.00,27.98,10.34,26.94,10.05,23.61,40.63,21.21,17.00,32.70,23.15,568.00,7.00,31.49,26.59,427.00,4.00,10.57,7.81,198.00,8.00,37.13,22.44,509.00,6.00,5.94,4.55,115.00,10.00,3,엄지 굽히기 (Thumb Flex)
-6.69,-6.94,3.31,-19.69,-4.94,98.34,55.32,207.91,183.37,116.31,168.88,51.69,71.00,163.21,100.78,211.47,117.55,79.47,63.70,84.62,67.00,47.93,20.13,55.43,33.60,71.40,34.19,17.00,41.00,166.92,53.50,196.60,184.32,207.14,77.69,151.51,95.00,25.49,7.00,15.81,6.08,36.02,31.70,23.98,1.00,32.70,23.15,537.00,8.00,29.99,25.05,427.00,4.00,10.57,7.81,187.00,7.00,37.47,23.52,509.00,6.00,5.49,3.95,111.00,9.00,3,엄지 굽히기 (Thumb Flex)
12.88,11.62,-17.06,-51.31,4.75,86.33,57.20,136.92,165.25,186.93,143.18,37.73,0.00,180.58,130.49,159.01,109.55,87.89,28.59,84.37,12.00,50.88,28.76,61.57,40.36,75.76,28.76,19.91,31.00,161.50,46.67,211.00,206.18,227.18,81.98,133.81,73.00,27.12,2.67,20.81,8.49,35.69,27.15,28.11,4.00,29.80,21.27,514.00,9.00,28.32,23.92,383.00,4.00,11.28,8.44,198.00,8.00,38.95,24.73,509.00,5.00,5.63,4.31,113.00,10.00,3,엄지 굽히기 (Thumb Flex)
-33.62,-18.62,-2.06,24.31,10.56,74.86,33.34,148.10,189.21,195.62,124.73,60.61,24.00,149.92,86.51,166.65,153.39,68.32,29.27,118.10,32.00,41.12,14.80,70.04,31.95,67.06,14.80,34.16,15.00,174.46,65.18,220.97,209.67,227.99,74.95,112.91,51.00,29.37,4.21,22.01,10.82,38.47,30.00,25.15,1.00,30.90,22.58,554.00,10.00,28.12,23.16,394.00,5.00,10.40,7.44,181.00,7.00,39.44,26.27,458.00,6.00,5.93,4.55,111.00,9.00,3,엄지 굽히기 (Thumb Flex)
-9.12,16.44,-11.31,10.31,1.44,69.63,27.37,143.59,189.00,201.16,132.72,52.72,16.00,122.13,66.24,142.98,159.20,100.85,42.12,85.79,1.00,65.44,32.35,43.64,11.18,39.24,13.24,62.14,13.00,86.84,69.00,95.22,88.68,128.56,78.29,16.10,77.00,31.29,6.21,20.78,9.85,37.12,29.11,27.10,3.00,30.99,23.02,500.00,9.00,25.68,20.58,427.00,6.00,10.09,7.10,175.00,6.00,20.75,17.27,330.00,5.00,5.94,4.63,115.00,9.00,3,엄지 굽히기 (Thumb Flex)
3.75,18.50,-10.62,-1.38,1.00,37.91,83.56,68.37,111.00,132.21,97.51,125.67,94.00,90.49,82.49,112.27,127.81,88.81,9.16,118.52,32.00,76.44,37.22,45.44,2.00,43.26,8.87,52.27,2.00,94.22,59.51,96.99,83.77,117.87,81.38,27.08,88.00,38.26,12.02,14.07,4.47,34.60,27.49,21.66,4.00,23.82,17.53,446.00,10.00,22.79,18.00,405.00,6.00,10.45,7.89,154.00,6.00,20.53,16.67,341.00,6.00,5.77,4.38,96.00,8.00,3,엄지 굽히기 (Thumb Flex)
-2.75,-1.44,3.75,8.25,1.75,46.39,105.68,72.42,113.78,129.17,85.11,107.06,70.00,57.57,115.40,118.04,120.50,64.28,39.46,90.99,1.00,53.27,49.25,19.79,24.00,33.62,33.45,41.29,24.00,114.82,59.02,79.97,64.14,123.02,92.83,11.56,66.00,28.23,13.42,18.88,8.25,22.73,19.59,20.25,16.00,23.28,16.19,368.00,10.00,21.48,15.60,351.00,6.00,9.05,6.75,149.00,7.00,20.39,16.50,319.00,6.00,4.71,3.62,82.00,7.00,3,엄지 굽히기 (Thumb Flex)
-6.62,-4.12,-6.88,-11.69,-0.25,68.62,97.55,11.09,55.01,74.34,34.76,99.04,8.00,97.72,87.93,75.24,77.78,26.06,73.05,79.84,44.00,56.90,43.26,23.86,24.74,28.07,38.48,43.04,30.00,81.93,37.47,111.03,55.00,100.52,125.61,36.70,33.00,28.23,13.42,18.88,8.25,22.73,19.59,20.25,16.00,16.29,13.28,273.00,9.00,18.19,13.92,308.00,6.00,9.21,7.12,155.00,7.00,20.01,15.90,341.00,7.00,4.71,3.62,84.00,7.00,3,엄지 굽히기 (Thumb Flex)
-4.56,6.19,-0.56,53.19,7.25,38.84,72.82,41.50,49.65,48.65,8.69,120.16,25.00,106.56,91.47,70.49,77.00,24.23,70.31,76.40,33.00,58.58,39.66,22.71,29.61,31.92,37.54,39.78,25.00,113.07,70.23,112.75,89.00,68.02,153.42,70.64,1.00,30.07,8.12,26.87,16.12,19.32,26.87,14.44,8.00,14.84,11.27,265.00,9.00,18.23,14.27,275.00,6.00,9.15,6.88,156.00,6.00,23.64,18.29,408.00,8.00,5.07,4.03,87.00,7.00,3,엄지 굽히기 (Thumb Flex)
36.44,49.50,-20.25,-1.44,12.69,38.84,72.82,41.50,49.65,48.65,8.69,120.16,25.00,112.90,101.69,78.76,88.00,34.48,64.65,83.46,44.00,62.02,45.35,6.07,32.65,42.31,29.72,58.98,46.00,97.96,53.36,91.25,91.68,70.89,160.07,91.09,23.00,31.13,14.22,31.16,17.46,28.27,24.57,22.64,17.00,14.84,11.27,265.00,9.00,19.83,15.12,297.00,6.00,10.54,8.31,166.00,9.00,23.11,16.92,453.00,9.00,5.93,4.52,79.00,6.00,3,엄지 굽히기 (Thumb Flex)
-19.56,16.50,-22.94,-42.00,11.25,23.29,61.54,29.61,49.65,64.61,7.36,136.15,41.00,112.90,101.69,78.76,88.00,34.48,64.65,83.46,44.00,70.35,81.56,31.14,17.00,15.06,62.52,22.14,9.00,97.90,77.98,73.82,145.67,17.21,188.94,61.76,32.00,36.26,36.99,27.42,9.90,26.89,20.09,1.38,6.00,15.63,11.90,298.00,9.00,19.83,15.12,308.00,5.00,11.70,9.45,154.00,8.00,25.41,18.88,486.00,9.00,6.05,4.78,70.00,3.00,3,엄지 굽히기 (Thumb Flex)
-53.62,-36.44,-2.94,-39.25,-9.31,63.01,104.51,51.18,128.25,84.38,73.49,71.07,38.00,121.69,95.26,88.75,121.00,57.64,95.26,50.50,11.00,70.35,81.56,31.14,17.00,15.06,62.52,22.14,9.00,130.05,121.96,115.89,145.67,57.99,145.25,69.25,12.00,35.82,32.93,33.30,15.65,33.89,18.38,7.95,13.00,20.20,13.02,305.00,6.00,21.90,16.67,341.00,6.00,11.70,9.45,168.00,7.00,27.35,21.38,453.00,8.00,6.47,5.05,88.00,4.00,3,엄지 굽히기 (Thumb Flex)
8.38,-25.44,7.75,-7.62,-0.62,47.26,88.75,44.90,130.23,99.48,86.16,67.94,54.00,121.69,95.26,88.75,121.00,57.64,95.26,50.50,11.00,71.94,80.95,35.00,19.85,11.33,61.15,25.43,14.00,108.78,107.90,104.50,167.45,65.87,128.44,74.86,34.00,34.06,32.06,29.52,14.14,36.16,14.98,12.85,18.00,20.25,12.69,360.00,6.00,21.90,16.67,330.00,6.00,11.85,9.72,174.00,8.00,26.44,20.00,453.00,7.00,6.32,4.86,92.00,4.00,3,엄지 굽히기 (Thumb Flex)
7.88,6.88,7.75,24.00,10.62,40.89,84.50,51.55,138.10,99.13,85.04,65.94,46.00,111.56,84.27,86.20,132.00,61.04,99.19,59.18,22.00,71.94,80.95,35.00,19.85,11.33,61.15,25.43,14.00,86.95,113.68,120.17,171.73,81.10,130.97,77.81,12.00,28.03,24.01,35.70,26.08,44.42,26.90,6.81,6.00,20.35,13.03,352.00,9.00,21.96,17.02,330.00,7.00,11.85,9.72,156.00,8.00,27.14,21.38,475.00,7.00,6.89,5.72,97.00,5.00,3,엄지 굽히기 (Thumb Flex)
-8.12,35.06,-6.12,1.31,-1.81,40.89,84.50,51.55,138.10,99.13,85.04,65.94,46.00,34.65,59.73,156.76,152.82,15.97,38.91,66.81,55.00,43.37,47.20,52.16,49.34,22.72,29.26,42.26,20.00,77.66,123.78,130.09,161.12,71.50,137.36,71.51,23.00,23.87,17.25,42.44,27.51,38.31,22.01,6.76,13.00,20.35,13.03,360.00,10.00,21.73,17.19,330.00,7.00,9.93,8.62,154.00,9.00,27.04,20.85,497.00,7.00,6.56,5.39,109.00,6.00,3,엄지 굽히기 (Thumb Flex)
-0.12,-8.94,-0.44,-20.00,0.56,40.89,84.50,51.55,138.10,99.13,85.04,65.94,46.00,34.65,59.73,156.76,152.82,15.97,38.91,66.81,55.00,33.34,38.83,62.24,47.17,20.68,39.98,31.73,9.00,84.15,113.72,130.94,164.47,73.98,148.27,62.96,34.00,17.06,9.51,44.95,18.36,38.02,23.06,11.24,3.00,20.35,13.03,352.00,9.00,21.73,17.19,374.00,8.00,9.60,7.99,159.00,9.00,27.42,21.62,486.00,7.00,6.15,4.99,105.00,7.00,3,엄지 굽히기 (Thumb Flex)
-14.12,-8.94,10.56,3.38,-9.00,43.46,54.28,83.32,136.24,91.86,111.58,35.13,14.00,34.65,59.73,156.76,152.82,15.97,38.91,66.81,55.00,33.34,38.83,62.24,47.17,20.68,39.98,31.73,9.00,92.90,108.14,152.25,143.92,52.11,131.63,84.01,12.00,23.10,10.71,50.27,22.63,32.04,20.91,18.12,4.00,20.26,13.70,352.00,7.00,21.73,17.19,374.00,8.00,9.60,7.99,170.00,10.00,26.72,20.42,475.00,7.00,6.55,5.38,108.00,8.00,3,엄지 굽히기 (Thumb Flex)
24.38,11.69,5.88,23.31,-2.44,48.16,66.71,75.16,160.20,69.60,120.40,11.14,10.00,31.36,73.23,134.87,172.18,37.38,51.23,46.66,33.00,28.60,42.54,57.69,47.85,24.25,39.33,27.30,4.00,94.54,92.73,135.56,159.48,45.64,135.07,116.78,21.00,16.11,14.30,44.33,28.02,26.46,15.80,24.97,11.00,21.21,14.64,368.00,8.00,21.82,17.27,374.00,8.00,9.33,7.64,154.00,9.00,27.32,21.02,464.00,7.00,6.15,4.99,105.00,7.00,3,엄지 굽히기 (Thumb Flex)
32.81,53.88,-19.50,8.88,17.44,55.20,66.62,82.78,160.90,76.51,123.48,19.67,1.00,67.62,85.95,129.70,196.47,51.14,68.18,82.69,78.00,22.30,52.51,50.70,57.71,28.89,47.32,34.31,14.00,134.13,49.44,177.67,117.59,15.23,93.10,73.12,34.00,5.64,32.29,51.10,41.05,26.75,33.75,13.76,7.00,21.96,15.11,329.00,7.00,25.70,20.27,386.00,7.00,10.27,8.38,164.00,7.00,25.10,18.89,398.00,8.00,7.62,6.33,120.00,6.00,3,엄지 굽히기 (Thumb Flex)
-31.69,17.12,-13.19,-0.06,8.25,47.44,72.19,76.54,168.86,74.83,130.88,26.54,7.00,111.62,86.99,171.85,164.27,19.69,24.44,62.91,34.00,28.65,68.11,63.09,58.25,10.01,27.12,30.57,7.00,102.17,82.15,151.28,143.96,30.46,60.31,70.09,67.00,8.19,34.50,54.06,39.45,29.01,31.59,13.58,4.00,22.59,15.68,370.00,7.00,25.32,20.00,387.00,6.00,10.69,9.04,158.00,6.00,23.80,16.58,387.00,9.00,7.79,6.56,120.00,5.00,3,엄지 굽히기 (Thumb Flex)
-29.69,-24.81,7.12,0.62,-10.31,16.23,104.18,91.68,175.00,106.22,102.29,24.58,25.00,82.07,106.93,154.29,190.07,50.76,18.95,77.18,1.00,19.64,67.21,53.03,69.05,17.56,24.79,37.49,18.00,91.23,90.95,155.03,138.31,33.25,69.42,65.18,56.00,1.27,34.72,52.85,45.62,35.32,32.44,13.03,3.00,23.85,18.14,362.00,7.00,26.07,21.04,431.00,7.00,10.82,9.16,179.00,7.00,23.63,16.11,376.00,6.00,8.18,6.89,139.00,6.00,3,엄지 굽히기 (Thumb Flex)
17.81,-22.75,0.81,-20.00,-8.00,22.64,98.80,83.98,182.69,110.65,100.58,31.68,33.00,67.95,139.93,177.48,173.07,42.09,14.09,51.40,34.00,15.07,70.84,53.59,70.09,13.82,21.54,32.90,13.00,72.81,97.33,177.03,119.54,11.28,67.73,82.17,78.00,3.73,38.81,57.28,43.66,35.72,28.32,14.87,2.00,24.14,18.52,402.00,8.00,26.64,21.56,409.00,6.00,10.77,8.87,169.00,6.00,24.19,17.75,387.00,7.00,8.39,7.12,141.00,6.00,3,엄지 굽히기 (Thumb Flex)
-5.69,-22.06,-12.56,-58.25,2.62,18.90,98.51,85.20,180.71,106.61,105.36,39.68,41.00,70.55,147.95,187.42,163.29,31.70,10.56,61.44,23.00,41.03,44.89,28.94,95.52,34.32,5.92,7.00,13.00,74.55,98.70,218.30,173.93,80.15,49.93,17.33,2.00,2.91,32.97,52.91,49.34,41.57,22.39,20.01,8.00,24.18,18.85,426.00,9.00,27.07,22.08,409.00,6.00,10.83,9.42,173.00,7.00,28.29,21.47,408.00,6.00,8.38,7.17,150.00,7.00,3,엄지 굽히기 (Thumb Flex)
-27.69,-11.06,-2.25,-24.88,-3.50,38.51,79.32,61.32,212.00,138.47,73.66,15.27,9.00,70.55,147.95,187.42,163.29,31.70,10.56,61.44,23.00,45.75,41.82,25.45,96.54,31.07,7.17,11.94,8.00,93.37,93.03,209.67,187.32,77.51,59.85,35.31,24.00,4.91,31.99,53.72,48.76,40.47,23.59,18.02,6.00,25.21,20.56,450.00,9.00,27.07,22.08,409.00,6.00,10.83,9.47,177.00,7.00,28.99,23.02,373.00,5.00,8.31,7.06,148.00,7.00,3,엄지 굽히기 (Thumb Flex)
-18.19,-31.00,19.06,21.94,-3.12,62.41,56.79,38.93,217.92,133.08,94.22,27.63,33.00,101.08,128.38,156.92,193.02,53.86,43.47,92.71,10.00,38.12,41.40,22.67,107.28,37.84,18.11,22.20,3.00,138.26,62.84,164.72,155.71,39.19,16.65,9.69,21.00,2.06,30.74,47.72,54.57,44.21,23.73,12.46,0.00,25.62,21.34,417.00,9.00,28.23,23.88,387.00,5.00,11.68,10.07,178.00,7.00,24.46,20.55,361.00,6.00,8.33,7.03,142.00,7.00,3,엄지 굽히기 (Thumb Flex)
8.38,4.75,-17.62,-50.00,3.25,102.15,23.64,58.59,179.20,99.94,90.45,34.30,8.00,145.00,86.45,128.21,180.05,30.58,34.92,63.75,34.00,39.77,44.75,27.39,106.37,42.51,22.12,26.33,8.00,200.80,18.70,149.07,112.87,102.49,81.28,56.30,44.00,7.90,26.30,46.04,53.46,38.60,27.72,16.98,6.00,22.69,18.55,384.00,7.00,25.64,20.78,387.00,6.00,12.08,10.42,210.00,8.00,27.51,23.75,393.00,6.00,8.05,6.59,148.00,10.00,3,엄지 굽히기 (Thumb Flex)
-36.69,-35.81,-3.56,-8.38,3.62,129.12,43.42,87.51,170.43,128.71,68.45,11.47,23.00,196.13,42.08,165.30,126.38,29.44,25.51,87.79,21.00,42.47,29.75,21.20,91.59,45.73,29.27,37.25,23.00,183.35,35.30,129.38,94.40,110.07,97.44,77.48,66.00,13.77,20.31,51.05,47.52,39.10,21.72,14.55,0.00,24.51,20.73,392.00,8.00,26.95,21.39,376.00,6.00,11.22,9.37,205.00,7.00,26.56,22.20,436.00,6.00,7.74,6.17,127.00,9.00,3,엄지 굽히기 (Thumb Flex)
-8.12,-4.88,17.38,10.88,-15.12,107.30,10.43,92.37,132.44,136.66,30.39,34.85,62.00,172.56,48.92,136.85,122.00,43.61,46.98,104.34,54.00,55.48,21.20,36.97,90.00,59.10,34.50,31.46,6.00,167.29,78.37,99.08,76.94,143.23,102.01,49.08,22.00,17.31,17.59,54.33,48.27,42.55,24.63,14.47,4.00,21.73,18.02,360.00,9.00,25.35,19.84,398.00,6.00,12.08,10.30,216.00,8.00,25.53,20.48,425.00,7.00,8.16,6.39,137.00,10.00,3,엄지 굽히기 (Thumb Flex)
63.69,24.69,1.06,20.50,0.69,116.14,56.46,143.32,129.12,177.68,79.44,32.55,11.00,162.83,64.87,157.16,67.00,81.01,63.42,103.84,1.00,44.76,17.74,31.27,79.00,68.43,45.29,36.18,5.00,171.73,93.31,112.48,98.73,125.26,82.91,53.81,44.00,15.42,17.49,54.99,45.35,44.94,25.06,13.97,7.00,26.94,21.60,435.00,10.00,25.20,20.35,398.00,6.00,11.72,9.70,233.00,8.00,26.07,21.50,403.00,6.00,8.14,6.31,141.00,10.00,3,엄지 굽히기 (Thumb Flex)
-2.31,-28.25,1.75,10.88,-1.56,105.39,44.42,137.47,113.28,190.81,89.65,47.90,5.00,153.70,73.95,124.65,74.69,109.16,96.41,126.60,34.00,33.91,12.25,39.77,79.76,70.62,36.85,27.74,6.00,159.21,94.75,92.05,98.51,132.85,61.53,58.74,66.00,21.46,27.04,43.15,44.01,43.66,21.04,13.82,19.00,26.75,20.77,486.00,10.00,26.22,21.56,420.00,7.00,11.31,9.09,217.00,7.00,24.93,20.47,392.00,6.00,7.76,5.76,132.00,10.00,0,휴식 (Relax)
-2.31,-3.50,1.44,0.56,-6.25,105.39,44.42,137.47,113.28,190.81,89.65,47.90,5.00,135.08,116.85,123.79,40.22,120.57,71.83,85.91,10.00,38.18,16.57,35.70,74.81,75.59,37.19,23.27,11.00,150.45,104.00,93.03,109.46,121.86,67.57,59.53,55.00,23.85,31.87,40.64,39.01,48.27,25.06,14.50,14.00,26.75,20.77,478.00,9.00,24.36,18.56,398.00,6.00,11.29,8.92,212.00,6.00,24.77,19.95,381.00,5.00,7.92,6.03,134.00,9.00,0,휴식 (Relax)
20.69,17.12,11.75,41.12,1.75,121.32,34.35,123.37,97.49,206.51,101.82,35.27,11.00,149.99,99.58,102.51,59.62,142.54,83.43,64.02,32.00,45.82,27.19,40.05,77.20,70.98,29.20,34.22,0.00,203.89,52.30,41.84,126.91,115.18,81.22,100.18,0.00,23.85,31.87,40.64,39.01,48.27,25.06,14.50,14.00,27.23,22.02,486.00,9.00,24.74,19.84,420.00,7.00,11.68,9.44,212.00,6.00,26.82,21.16,403.00,6.00,7.92,6.03,132.00,9.00,0,휴식 (Relax)
26.19,26.06,-3.25,8.12,1.12,159.94,11.62,134.52,111.65,187.62,62.38,62.55,29.00,181.07,103.28,85.80,55.90,134.86,50.78,96.19,1.00,41.20,22.75,24.32,62.03,83.34,13.35,49.68,16.00,203.89,52.30,41.84,126.91,115.18,81.22,100.18,0.00,27.56,35.61,31.26,29.02,53.01,21.36,7.25,24.00,27.91,23.41,454.00,8.00,25.61,21.55,409.00,6.00,11.31,9.09,223.00,7.00,26.82,21.16,414.00,6.00,7.63,5.62,125.00,9.00,0,휴식 (Relax)
-3.81,-5.56,7.75,19.81,-1.88,135.20,35.59,102.54,85.70,211.31,52.53,85.39,61.00,159.15,84.79,71.56,77.65,154.43,34.87,115.27,23.00,41.20,22.75,24.32,62.03,83.34,13.35,49.68,16.00,194.79,48.04,40.90,132.88,108.68,90.50,89.58,11.00,27.56,35.61,31.26,29.02,53.01,21.36,7.25,24.00,27.10,21.64,477.00,9.00,25.35,20.70,397.00,7.00,11.31,9.09,208.00,7.00,26.17,20.64,414.00,6.00,7.63,5.62,107.00,9.00,0,휴식 (Relax)
-8.75,-22.00,0.50,-11.12,-2.44,123.67,82.45,97.55,123.82,169.75,40.48,73.21,12.00,90.56,13.35,23.56,125.42,106.90,89.72,88.82,66.00,32.69,2.93,12.69,43.91,88.78,26.22,42.34,4.00,179.26,24.49,17.91,161.06,94.51,59.13,117.08,22.00,7.36,19.32,13.01,6.08,53.30,4.10,29.86,1.00,25.44,18.91,420.00,8.00,20.58,16.50,385.00,4.00,10.28,7.75,209.00,7.00,25.83,20.48,436.00,7.00,5.85,4.49,100.00,9.00,0,휴식 (Relax)
-2.25,-8.25,-0.44,0.56,0.31,117.75,71.82,74.50,113.30,176.95,36.84,86.54,12.00,91.84,56.57,65.39,104.36,75.97,83.45,75.63,22.00,27.66,14.09,5.12,53.04,73.78,26.60,41.58,11.00,179.40,14.93,7.30,156.17,105.46,64.15,110.54,11.00,7.44,26.10,1.54,12.53,41.51,13.75,18.75,13.00,24.63,17.97,428.00,8.00,18.85,15.12,352.00,8.00,9.58,6.85,188.00,9.00,25.67,19.95,447.00,6.00,5.03,3.80,83.00,5.00,0,휴식 (Relax)
18.75,33.00,5.56,21.88,2.69,101.58,102.95,56.18,159.11,128.97,75.57,48.80,36.00,73.39,36.23,70.87,146.76,33.94,121.08,69.96,22.00,27.66,14.09,5.12,53.04,73.78,26.60,41.58,11.00,175.04,25.90,17.07,166.23,111.01,62.52,108.83,0.00,8.76,16.10,9.35,11.70,36.78,23.04,14.67,23.00,24.17,18.44,404.00,8.00,20.58,16.50,396.00,4.00,9.58,6.85,188.00,9.00,26.12,20.50,447.00,7.00,4.78,3.48,84.00,9.00,0,휴식 (Relax)
11.25,30.25,-0.44,19.81,2.19,105.79,95.00,48.94,157.29,125.89,83.06,42.12,44.00,62.14,74.41,114.83,143.42,53.87,81.01,90.12,22.00,27.66,14.09,5.12,53.04,73.78,26.60,41.58,11.00,153.84,53.77,38.56,156.31,132.62,89.95,104.41,33.00,16.41,12.13,13.72,19.42,31.52,20.46,14.73,15.00,23.86,17.81,388.00,7.00,21.83,18.56,396.00,7.00,9.58,6.85,179.00,10.00,26.46,20.91,404.00,7.00,4.61,3.31,73.00,8.00,0,휴식 (Relax)
2.75,-3.44,-1.38,4.75,2.38,99.25,100.11,55.28,149.47,131.81,86.80,34.40,52.00,59.63,84.49,119.16,132.46,57.96,84.49,80.46,11.00,14.03,13.68,14.67,43.57,60.14,23.85,55.09,4.00,104.64,99.71,73.44,93.64,77.90,34.19,141.61,32.00,13.46,10.91,14.96,20.25,28.61,22.38,14.71,12.00,23.83,17.78,372.00,7.00,21.56,18.05,418.00,8.00,8.72,6.27,169.00,10.00,22.16,16.94,383.00,7.00,4.46,3.12,67.00,7.00,0,휴식 (Relax)
-14.25,-13.75,-6.38,-7.62,-0.62,83.81,100.41,54.14,146.87,117.70,92.18,50.35,36.00,65.91,80.83,126.77,133.82,68.93,80.83,69.58,0.00,14.03,13.68,14.67,43.57,60.14,23.85,55.09,4.00,86.03,107.68,73.26,103.25,72.81,38.11,121.31,10.00,13.46,10.91,14.96,20.25,28.61,22.38,14.71,12.00,22.90,16.91,380.00,8.00,21.83,18.56,407.00,8.00,8.72,6.27,152.00,9.00,21.02,15.22,350.00,7.00,4.46,3.12,70.00,8.00,0,휴식 (Relax)
-7.25,-4.12,-0.31,4.06,-5.31,67.92,91.10,40.51,162.79,116.72,77.41,36.70,52.00,47.78,72.68,106.88,155.56,78.81,62.56,48.44,22.00,30.92,29.55,26.77,37.48,44.24,7.27,39.98,13.00,96.76,111.61,82.91,94.05,62.40,36.30,110.32,1.00,11.56,6.30,16.97,19.10,33.02,26.27,12.15,7.00,22.25,16.03,364.00,7.00,20.90,17.53,385.00,7.00,7.73,4.84,120.00,8.00,20.71,14.70,285.00,7.00,4.66,3.44,69.00,7.00,0,휴식 (Relax)
23.25,6.88,4.06,10.31,2.88,48.56,67.99,23.24,166.87,139.14,100.27,52.97,28.00,47.78,72.68,106.88,155.56,78.81,62.56,48.44,22.00,14.05,15.26,17.09,12.53,30.92,24.27,32.84,39.00,26.08,49.40,55.68,80.08,56.65,55.90,46.98,77.00,12.50,6.26,15.41,16.12,30.84,25.94,14.38,10.00,23.04,17.81,349.00,7.00,20.90,17.53,352.00,7.00,5.77,4.54,111.00,9.00,13.73,10.48,253.00,9.00,4.48,3.25,77.00,8.00,0,휴식 (Relax)
3.81,14.44,-2.25,8.25,3.06,56.98,31.23,72.03,114.23,110.59,87.47,53.46,83.00,7.91,23.37,160.23,101.41,26.90,50.99,55.35,77.00,16.16,19.25,22.07,11.05,26.93,20.04,30.83,34.00,32.41,18.03,88.44,49.19,25.81,55.34,63.36,44.00,14.84,8.95,12.42,16.76,29.81,24.04,11.52,7.00,19.49,15.71,334.00,7.00,18.94,16.76,330.00,7.00,5.52,4.34,95.00,9.00,12.60,9.97,231.00,9.00,4.29,3.09,58.00,5.00,0,휴식 (Relax)
-12.69,13.06,-5.88,-2.75,-0.75,64.11,36.37,77.10,111.68,104.81,81.63,47.22,75.00,29.91,33.00,173.48,99.00,31.28,33.00,37.81,55.00,12.53,5.31,22.96,11.05,12.52,27.27,22.96,12.00,32.41,18.03,88.44,49.19,25.81,55.34,63.36,44.00,3.50,5.94,20.48,5.83,16.90,11.34,1.65,6.00,19.07,15.27,275.00,7.00,19.14,17.19,297.00,6.00,4.27,3.19,83.00,8.00,12.60,9.97,231.00,9.00,2.70,2.25,45.00,7.00,0,휴식 (Relax)
-8.50,-27.50,-0.88,-12.38,-5.25,4.41,30.63,122.19,51.22,49.84,14.63,27.23,8.00,29.68,22.00,204.79,44.00,45.03,22.00,25.46,0.00,12.53,5.31,22.96,11.05,12.52,27.27,22.96,12.00,10.45,34.79,103.82,31.11,6.80,34.79,67.49,66.00,10.85,2.30,23.59,4.24,14.44,5.54,9.65,14.00,13.11,11.62,208.00,6.00,19.45,17.19,286.00,6.00,4.27,3.19,88.00,8.00,12.83,9.97,231.00,8.00,2.97,2.41,47.00,6.00,0,휴식 (Relax)
6.50,-27.50,9.44,-22.00,-2.12,15.07,22.38,109.10,62.48,59.59,11.79,38.34,8.00,29.68,22.00,204.79,44.00,45.03,22.00,25.46,0.00,16.88,7.50,22.98,22.02,7.45,20.73,31.36,23.00,12.33,46.67,123.91,22.00,28.78,46.67,55.00,44.00,12.83,4.21,25.57,3.16,12.67,5.12,7.83,12.00,13.03,11.69,224.00,7.00,19.45,17.19,264.00,6.00,4.91,4.02,99.00,9.00,14.02,11.00,231.00,3.00,3.02,2.52,45.00,6.00,0,휴식 (Relax)
-9.50,-5.50,8.75,9.62,-5.12,15.07,22.38,109.10,62.48,59.59,11.79,38.34,8.00,29.68,22.00,204.79,44.00,45.03,22.00,25.46,0.00,27.23,18.25,33.90,24.17,4.32,19.88,20.65,12.00,9.99,51.59,125.61,0.00,42.13,51.59,41.34,22.00,12.83,4.21,25.57,3.16,12.67,5.12,7.83,12.00,13.03,11.69,216.00,7.00,19.45,17.19,264.00,5.00,5.39,4.69,88.00,8.00,13.95,11.17,220.00,8.00,3.02,2.52,40.00,5.00,0,휴식 (Relax)
30.44,26.81,-6.25,11.00,2.88,31.05,39.07,125.98,50.61,62.27,27.92,44.14,25.00,23.20,30.78,214.72,45.35,40.14,16.21,25.13,11.00,11.53,15.39,29.86,39.29,16.20,17.29,5.04,4.00,12.39,31.77,104.29,22.00,41.44,48.77,28.36,0.00,12.83,4.21,25.57,3.16,12.67,5.12,7.83,12.00,14.75,12.88,249.00,8.00,20.20,17.96,286.00,6.00,5.15,4.22,88.00,8.00,11.67,9.62,187.00,3.00,3.02,2.52,48.00,6.00,0,휴식 (Relax)
-1.06,6.19,-1.56,20.62,5.69,18.34,24.46,116.24,34.89,46.30,45.74,53.18,49.00,32.86,11.00,199.08,24.60,58.37,11.00,29.87,33.00,15.71,11.12,25.31,38.33,17.53,15.57,4.11,9.00,10.32,53.50,119.18,31.11,26.95,38.65,21.23,22.00,12.45,6.93,28.17,1.00,15.65,3.75,8.64,9.00,13.67,11.33,250.00,8.00,19.04,16.41,275.00,5.00,4.91,4.02,82.00,7.00,12.83,11.00,187.00,6.00,3.27,2.73,48.00,5.00,0,휴식 (Relax)
-9.06,-4.81,-1.19,-11.00,-2.19,18.34,24.46,116.24,34.89,46.30,45.74,53.18,49.00,32.86,11.00,199.08,24.60,58.37,11.00,29.87,33.00,12.74,17.08,30.13,32.39,14.05,11.05,9.41,15.00,11.82,43.53,128.68,22.00,5.09,22.92,26.47,44.00,11.84,5.20,28.44,1.00,16.69,5.20,10.21,7.00,13.67,11.33,250.00,8.00,19.04,16.41,264.00,6.00,4.79,3.66,76.00,6.00,12.90,11.00,187.00,3.00,3.32,2.84,54.00,6.00,0,휴식 (Relax)
-9.56,-37.12,4.44,-22.00,-2.19,14.34,17.00,109.13,32.02,48.81,50.29,55.17,41.00,34.68,20.33,210.07,34.79,56.04,8.42,29.89,44.00,13.70,13.99,31.78,33.84,8.07,5.11,15.40,21.00,11.82,43.53,128.68,22.00,5.09,22.92,26.47,44.00,11.84,5.20,28.44,1.00,16.69,5.20,10.21,7.00,13.18,10.95,242.00,8.00,20.16,17.02,286.00,6.00,4.91,4.02,82.00,7.00,12.90,11.00,187.00,3.00,3.32,2.84,52.00,6.00,0,휴식 (Relax)
-2.06,5.50,4.06,-0.69,-2.06,11.12,9.82,110.22,24.35,54.73,42.35,50.29,49.00,42.29,8.42,203.34,46.67,35.37,20.33,33.31,66.00,14.90,17.33,37.78,28.23,11.33,10.66,10.31,15.00,7.67,33.00,126.29,24.60,7.07,33.00,29.70,33.00,10.20,6.56,29.64,1.00,14.73,6.56,12.19,5.00,12.95,10.58,226.00,7.00,19.83,16.50,286.00,6.00,5.01,4.30,76.00,6.00,12.58,10.40,187.00,5.00,3.36,2.95,49.00,5.00,0,휴식 (Relax)
21.44,17.19,8.75,10.31,2.94,10.17,11.56,118.04,28.02,47.83,48.95,57.13,41.00,33.53,4.56,194.72,39.66,28.19,26.56,36.15,77.00,15.77,22.33,40.04,26.68,13.90,9.25,13.38,20.00,7.67,33.00,126.29,24.60,7.07,33.00,29.70,33.00,10.20,6.56,29.64,1.00,14.73,6.56,12.19,5.00,13.62,11.20,242.00,8.00,19.04,15.81,297.00,6.00,5.39,4.69,75.00,5.00,12.58,10.40,198.00,6.00,3.36,2.95,54.00,6.00,0,휴식 (Relax)
-9.56,38.50,-11.62,0.00,5.75,19.96,5.25,109.82,17.46,53.06,54.90,73.05,25.00,44.03,11.91,204.48,31.11,35.63,28.74,38.00,88.00,19.16,16.50,46.79,17.09,23.62,17.66,19.73,30.00,5.96,38.11,117.44,31.11,17.70,38.11,19.48,44.00,13.18,5.15,32.62,4.00,12.32,8.80,10.69,8.00,13.77,11.15,266.00,8.00,20.21,16.50,286.00,5.00,6.14,5.16,96.00,6.00,12.30,9.62,198.00,2.00,3.60,3.16,57.00,6.00,0,휴식 (Relax)
-9.06,-5.50,-1.62,-10.31,-1.94,27.91,10.85,115.14,25.00,45.10,57.52,65.46,33.00,44.03,11.91,204.48,31.11,35.63,28.74,38.00,88.00,19.16,16.50,46.79,17.09,23.62,17.66,19.73,30.00,14.61,37.83,120.84,39.66,15.14,27.33,30.46,33.00,9.07,5.00,31.57,6.40,8.19,13.75,11.76,13.00,13.96,11.46,250.00,8.00,20.21,16.50,319.00,6.00,6.14,5.16,101.00,6.00,12.58,10.48,198.00,6.00,3.56,3.06,62.00,7.00,0,휴식 (Relax)
-9.56,-37.12,8.38,-10.31,0.06,20.39,11.37,107.70,24.02,43.49,65.00,59.76,41.00,27.25,20.62,225.47,22.00,43.30,49.79,51.85,66.00,4.44,6.36,50.03,6.00,37.89,18.75,23.87,14.00,14.61,37.83,120.84,39.66,15.14,27.33,30.46,33.00,9.07,5.00,31.57,6.40,8.19,13.75,11.76,13.00,13.48,11.15,242.00,8.00,21.96,17.88,341.00,6.00,6.28,5.45,107.00,7.00,12.58,10.48,187.00,5.00,3.56,3.06,59.00,6.00,0,휴식 (Relax)
12.94,16.50,7.69,11.00,-2.12,17.63,34.88,110.21,48.01,25.32,44.56,71.73,17.00,38.92,4.93,212.30,44.00,64.96,69.40,73.06,44.00,7.35,8.66,61.02,5.00,31.40,8.66,15.77,25.00,14.38,48.77,116.71,49.19,11.92,31.77,23.47,44.00,9.66,7.78,29.23,8.94,5.19,14.41,9.01,10.00,13.66,11.83,234.00,8.00,22.34,18.56,385.00,6.00,6.55,5.81,101.00,6.00,12.90,11.00,198.00,3.00,3.37,2.91,53.00,5.00,0,휴식 (Relax)
20.94,26.12,-2.94,11.00,5.69,17.63,34.88,110.21,48.01,25.32,44.56,71.73,17.00,52.09,26.62,225.05,49.19,63.24,64.27,51.51,66.00,4.61,9.67,58.85,7.81,35.48,2.93,11.16,31.00,14.38,48.77,116.71,49.19,11.92,31.77,23.47,44.00,10.00,10.53,30.31,10.63,7.03,11.80,12.00,13.00,13.66,11.83,226.00,8.00,23.29,19.77,385.00,6.00,6.56,5.80,106.00,6.00,12.90,11.00,198.00,3.00,3.60,3.14,61.00,6.00,0,휴식 (Relax)
-2.56,15.12,-2.94,-9.62,-2.00,9.90,34.88,106.10,56.01,28.01,40.02,73.05,25.00,52.09,26.62,225.05,49.19,63.24,64.27,51.51,66.00,4.61,9.67,58.85,7.81,35.48,2.93,11.16,31.00,10.58,51.59,97.30,69.57,17.51,51.59,27.62,22.00,11.74,9.55,25.31,14.76,7.15,6.98,16.81,18.00,13.62,11.52,234.00,8.00,23.29,19.77,396.00,6.00,6.56,5.80,101.00,6.00,12.83,11.17,209.00,7.00,3.57,3.00,66.00,6.00,0,휴식 (Relax)
-3.06,-15.81,7.06,1.38,0.00,17.90,29.04,101.32,56.72,23.68,32.35,77.92,33.00,60.56,40.91,223.31,70.43,49.29,31.44,74.19,33.00,12.93,8.73,45.09,22.56,39.32,14.76,27.15,15.00,10.58,51.59,97.30,69.57,17.51,51.59,27.62,22.00,11.74,9.55,25.31,14.76,7.15,6.98,16.81,18.00,13.37,11.21,234.00,8.00,23.32,19.94,385.00,6.00,6.49,5.81,107.00,7.00,12.83,11.17,209.00,7.00,3.57,3.00,63.00,6.00,0,휴식 (Relax)
-11.06,-16.50,-8.62,-9.62,-0.31,17.90,29.04,101.32,56.72,23.68,32.35,77.92,33.00,52.17,29.95,213.10,77.78,58.99,23.56,80.43,22.00,9.37,4.05,44.23,22.00,44.32,18.10,31.87,10.00,10.58,51.59,97.30,69.57,17.51,51.59,27.62,22.00,6.95,4.57,21.96,19.31,11.91,7.01,14.82,13.00,13.37,11.21,226.00,7.00,22.68,19.25,385.00,6.00,6.79,6.12,112.00,7.00,12.83,11.17,209.00,8.00,3.33,2.80,60.00,6.00,0,휴식 (Relax)
-10.06,-6.88,-7.62,-30.94,-5.12,13.44,42.33,105.33,61.33,32.82,40.42,62.00,17.00,32.71,23.56,198.18,94.63,45.12,29.95,77.58,44.00,16.64,15.51,29.16,38.00,41.72,23.49,22.19,26.00,13.77,57.16,104.22,73.79,28.40,57.16,34.80,33.00,9.95,6.84,24.87,18.44,12.73,6.42,15.51,10.00,13.56,11.09,210.00,6.00,21.61,17.88,374.00,6.00,6.81,6.08,112.00,7.00,14.14,11.95,198.00,7.00,3.53,2.92,62.00,6.00,0,휴식 (Relax)
-2.56,-6.88,14.00,23.38,-2.31,10.56,40.61,111.47,54.12,30.99,40.61,54.36,9.00,32.71,23.56,198.18,94.63,45.12,29.95,77.58,44.00,10.80,10.76,33.78,38.47,47.37,29.46,23.03,32.00,14.65,60.01,109.51,64.14,35.04,68.02,45.32,44.00,7.28,6.81,24.56,15.52,10.81,4.87,17.63,7.00,13.32,10.84,177.00,5.00,21.61,17.88,341.00,5.00,7.40,6.50,118.00,7.00,15.00,12.55,253.00,8.00,3.33,2.80,57.00,5.00,0,휴식 (Relax)
7.00,15.81,2.31,12.38,2.69,30.87,32.00,90.41,48.00,9.93,32.00,39.07,16.00,43.60,12.75,187.22,103.77,34.68,39.13,70.15,33.00,1.10,15.61,32.96,49.37,41.00,22.32,18.42,21.00,14.65,60.01,109.51,64.14,35.04,68.02,45.32,44.00,7.28,6.81,24.56,15.52,10.81,4.87,17.63,7.00,10.91,8.50,152.00,5.00,20.93,17.19,341.00,6.00,7.13,6.19,124.00,7.00,15.00,12.55,253.00,8.00,3.33,2.80,59.00,6.00,0,휴식 (Relax)
-1.00,15.12,-8.38,13.06,5.69,30.87,32.00,90.41,48.00,9.93,32.00,39.07,16.00,34.45,20.62,190.84,110.00,36.12,49.79,60.68,22.00,4.45,10.61,37.46,50.22,44.27,24.07,16.30,16.00,5.40,49.82,107.43,55.00,46.04,67.35,36.23,33.00,7.28,6.81,24.56,15.52,10.81,4.87,17.63,7.00,10.91,8.50,152.00,6.00,21.26,17.88,330.00,5.00,7.39,6.50,135.00,8.00,14.14,11.95,220.00,7.00,3.33,2.80,54.00,5.00,0,휴식 (Relax)
-1.50,3.44,-3.38,-19.25,-2.31,24.00,40.00,82.50,48.66,14.42,40.00,37.01,8.00,30.65,25.43,182.98,118.98,25.21,44.89,71.52,33.00,4.45,10.61,37.46,50.22,44.27,24.07,16.30,16.00,7.24,47.11,117.05,62.23,43.09,59.90,42.60,44.00,7.28,6.81,24.56,15.52,10.81,4.87,17.63,7.00,10.67,8.25,152.00,6.00,21.20,17.62,308.00,5.00,7.39,6.50,134.00,7.00,14.81,12.72,242.00,8.00,3.33,2.80,62.00,6.00,0,휴식 (Relax)
-17.00,-30.25,2.62,-19.25,-5.12,29.05,34.81,86.97,56.57,14.05,46.01,33.52,0.00,34.60,26.39,172.82,113.25,32.34,41.51,60.87,22.00,4.45,10.61,37.46,50.22,44.27,24.07,16.30,16.00,7.24,47.11,117.05,62.23,43.09,59.90,42.60,44.00,6.22,7.99,27.56,18.44,8.49,4.92,15.81,10.00,11.27,8.50,160.00,6.00,20.02,16.84,297.00,5.00,7.39,6.50,140.00,8.00,14.81,12.72,220.00,7.00,3.53,2.92,65.00,6.00,0,휴식 (Relax)
-1.00,-7.56,7.31,-7.56,-2.12,29.05,34.81,86.97,56.57,14.05,46.01,33.52,0.00,26.75,33.00,173.03,122.98,30.53,33.00,52.70,11.00,6.03,7.74,42.46,55.11,39.76,26.12,11.32,11.00,15.09,58.03,114.27,55.00,52.36,51.80,43.38,55.00,6.22,7.99,27.56,18.44,8.49,4.92,15.81,10.00,11.27,8.50,152.00,5.00,20.10,17.19,308.00,5.00,7.60,6.81,140.00,8.00,14.92,13.06,220.00,7.00,3.53,2.92,63.00,5.00,0,휴식 (Relax)
8.00,-6.19,2.62,24.75,5.69,33.30,48.71,71.20,40.79,8.30,38.31,20.23,16.00,13.31,55.00,153.45,114.84,51.49,55.00,64.17,33.00,2.50,12.47,40.68,56.32,36.09,25.23,6.63,6.00,11.50,49.91,125.10,64.14,52.23,53.23,42.64,66.00,8.81,5.73,29.68,21.38,5.49,7.82,15.47,7.00,9.80,7.00,128.00,1.00,19.82,16.59,286.00,5.00,7.39,6.50,124.00,7.00,15.80,13.75,242.00,8.00,3.75,3.18,68.00,6.00,0,휴식 (Relax)
7.00,27.50,-13.38,-17.88,5.69,35.20,34.17,76.06,46.65,24.27,24.99,8.16,32.00,12.71,63.26,145.01,104.36,45.90,47.86,61.71,22.00,2.50,12.47,40.68,56.32,36.09,25.23,6.63,6.00,19.40,54.00,114.93,77.78,34.35,72.88,41.13,88.00,8.81,5.73,29.68,21.38,5.49,7.82,15.47,7.00,9.75,7.38,128.00,5.00,18.65,15.81,275.00,5.00,7.39,6.50,130.00,8.00,16.44,14.61,275.00,8.00,3.75,3.18,60.00,5.00,0,휴식 (Relax)
-16.50,-5.50,-3.38,3.44,-0.44,30.37,37.08,81.82,53.67,28.08,17.00,6.59,40.00,12.71,63.26,145.01,104.36,45.90,47.86,61.71,22.00,2.50,12.47,40.68,56.32,36.09,25.23,6.63,6.00,15.69,59.09,107.47,70.43,24.52,83.15,40.47,99.00,10.71,7.38,29.68,19.42,7.05,8.45,14.11,5.00,10.38,7.69,152.00,6.00,18.65,15.81,275.00,6.00,7.39,6.50,129.00,7.00,16.37,14.44,297.00,9.00,3.71,3.10,64.00,6.00,0,휴식 (Relax)
-8.50,-28.19,-2.69,-28.19,-2.31,30.37,37.08,81.82,53.67,28.08,17.00,6.59,40.00,19.78,70.56,134.03,93.98,35.78,39.44,55.78,33.00,8.56,11.73,41.21,45.88,33.55,33.41,12.43,17.00,21.97,37.93,128.57,55.00,35.54,94.70,39.59,121.00,9.24,5.48,31.51,19.92,8.77,8.00,12.37,3.00,10.38,7.69,136.00,5.00,17.38,15.21,242.00,5.00,7.16,6.15,129.00,7.00,17.81,15.81,308.00,9.00,3.75,3.18,64.00,6.00,0,휴식 (Relax)
15.50,5.50,13.94,26.12,-2.31,30.37,37.08,81.82,53.67,28.08,17.00,6.59,40.00,9.47,59.56,139.30,90.71,38.12,28.44,47.81,44.00,4.07,15.01,46.36,44.15,39.00,34.94,16.64,23.00,19.86,48.11,127.60,64.14,45.77,93.90,39.45,132.00,9.24,5.48,31.51,19.92,8.77,8.00,12.37,3.00,10.38,7.69,152.00,6.00,16.95,14.44,264.00,6.00,7.72,6.57,135.00,7.00,18.60,16.50,363.00,10.00,3.75,3.18,56.00,5.00,0,휴식 (Relax)
23.50,17.19,2.56,15.12,2.88,30.37,37.08,81.82,53.67,28.08,17.00,6.59,40.00,2.02,52.36,132.98,80.08,27.13,37.05,57.94,33.00,7.11,21.00,51.19,38.33,34.99,37.91,14.60,17.00,19.86,48.11,127.60,64.14,45.77,93.90,39.45,132.00,9.79,7.12,30.50,19.24,5.99,5.03,9.47,0.00,10.38,7.69,136.00,5.00,16.02,13.66,264.00,6.00,7.71,6.56,146.00,7.00,18.60,16.50,352.00,9.00,3.53,2.92,53.00,5.00,0,휴식 (Relax)
7.00,6.88,2.19,3.44,2.56,37.43,41.36,87.37,46.65,22.10,9.02,14.30,32.00,12.15,55.08,122.18,83.77,33.35,36.36,46.94,44.00,13.03,25.67,50.29,40.31,32.50,32.04,14.44,23.00,29.09,45.62,135.93,55.00,36.22,82.90,33.84,143.00,7.44,2.12,35.48,14.32,3.91,4.64,6.50,5.00,10.54,8.25,152.00,5.00,15.50,12.89,242.00,5.00,7.67,6.46,135.00,6.00,18.54,16.24,352.00,8.00,3.55,3.05,51.00,5.00,0,휴식 (Relax)
-16.00,-4.81,-3.12,3.44,-2.31,29.11,46.34,94.44,56.57,8.79,12.51,30.13,16.00,6.24,45.35,124.74,73.79,30.40,45.35,37.23,55.00,3.86,26.02,60.88,30.53,21.52,23.39,16.22,34.00,29.09,45.62,135.93,55.00,36.22,82.90,33.84,143.00,8.73,3.85,34.61,14.87,5.86,6.57,6.88,7.00,11.31,9.00,168.00,3.00,15.05,12.29,253.00,6.00,7.49,6.25,125.00,6.00,18.54,16.24,341.00,7.00,3.60,3.14,56.00,6.00,0,휴식 (Relax)
-8.00,-26.12,-3.44,-17.88,-2.19,29.11,46.34,94.44,56.57,8.79,12.51,30.13,16.00,9.81,56.09,133.53,69.57,20.12,56.09,32.06,66.00,6.37,21.88,58.03,28.23,19.79,23.98,17.55,39.00,18.99,56.57,146.88,46.67,35.76,83.45,44.23,132.00,10.61,5.00,36.01,13.00,5.05,5.00,5.75,5.00,11.31,9.00,176.00,3.00,15.98,12.89,264.00,6.00,7.25,5.94,125.00,6.00,19.00,17.02,341.00,8.00,3.64,3.23,51.00,6.00,0,휴식 (Relax)
7.00,-4.12,12.19,12.38,-2.38,26.26,33.05,91.80,68.82,7.60,13.69,23.54,32.00,9.81,56.09,133.53,69.57,20.12,56.09,32.06,66.00,25.80,2.79,72.85,11.70,13.10,12.89,27.92,17.00,57.73,44.14,132.22,34.79,21.43,65.91,88.12,88.00,7.63,5.83,33.27,14.42,7.68,5.83,4.00,2.00,11.27,9.12,184.00,7.00,15.98,12.89,286.00,6.00,7.59,6.09,120.00,6.00,17.77,15.47,319.00,8.00,3.44,3.09,48.00,6.00,0,휴식 (Relax)
21.50,6.19,12.19,33.69,2.31,30.37,39.45,113.69,58.24,20.50,10.39,28.93,8.00,13.31,59.24,135.79,66.91,19.52,59.24,29.10,55.00,25.80,2.79,72.85,11.70,13.10,12.89,27.92,17.00,66.80,53.54,141.56,24.60,28.71,74.86,78.32,99.00,4.04,10.75,33.86,10.63,5.41,1.56,8.23,7.00,12.56,10.50,192.00,6.00,16.02,13.06,275.00,6.00,7.59,6.09,109.00,6.00,18.84,15.98,330.00,8.00,3.44,3.15,48.00,6.00,0,휴식 (Relax)
13.00,37.81,-9.12,-8.94,-0.50,32.87,47.31,119.39,50.60,16.53,8.12,27.85,16.00,34.59,79.93,157.59,45.35,39.54,39.97,43.93,77.00,21.91,8.23,74.45,13.04,23.82,23.84,17.02,28.00,56.81,33.11,124.63,39.66,49.25,96.49,66.82,121.00,5.12,8.56,30.93,13.04,8.19,1.63,11.23,10.00,12.92,11.00,192.00,5.00,18.23,14.44,308.00,6.00,7.94,6.62,120.00,6.00,18.74,16.07,374.00,9.00,3.39,3.00,48.00,7.00,0,휴식 (Relax)
-3.00,-4.81,1.19,2.75,-2.00,32.87,47.31,119.39,50.60,16.53,8.12,27.85,16.00,14.17,61.39,147.93,45.35,56.10,18.60,65.53,99.00,21.86,7.50,63.64,7.00,28.37,32.95,9.74,39.00,58.80,31.69,128.87,34.79,49.20,90.51,67.96,110.00,10.59,12.19,27.13,11.05,6.81,7.44,5.04,2.00,12.92,11.00,208.00,6.00,17.81,13.66,341.00,7.00,7.59,6.09,126.00,7.00,18.45,15.47,352.00,9.00,3.12,2.62,42.00,4.00,0,휴식 (Relax)
-18.00,-24.75,0.81,1.38,-0.12,41.19,47.31,135.38,35.78,7.55,8.12,19.94,0.00,28.02,65.91,172.92,15.56,70.13,44.14,34.34,66.00,21.83,13.49,60.48,13.00,31.99,31.75,11.23,33.00,48.37,21.49,106.89,56.09,70.58,98.50,66.97,88.00,9.44,10.19,25.72,13.04,8.81,9.17,5.28,0.00,13.71,12.00,208.00,6.00,18.85,14.44,330.00,6.00,7.49,5.77,120.00,6.00,17.77,14.09,352.00,9.00,3.08,2.55,41.00,6.00,0,휴식 (Relax)
-3.00,-14.44,5.50,0.00,-7.00,27.73,35.47,129.67,32.00,23.42,23.11,17.36,16.00,17.04,55.90,163.53,24.60,80.78,49.40,28.40,55.00,21.10,17.48,63.69,13.93,27.31,28.89,11.69,38.00,38.21,15.39,101.66,56.09,61.12,77.81,75.93,110.00,9.91,11.68,27.60,13.04,9.73,9.98,6.74,2.00,12.92,11.00,208.00,6.00,18.12,13.92,319.00,6.00,7.62,6.00,120.00,6.00,16.95,12.38,341.00,5.00,3.32,2.62,45.00,4.00,0,휴식 (Relax)
19.50,17.19,-4.81,-0.69,-2.00,9.01,11.79,148.81,8.00,24.90,22.38,31.01,8.00,7.85,35.67,168.71,24.60,80.35,57.67,36.31,77.00,27.51,18.41,53.42,24.52,29.44,18.41,20.58,49.00,32.96,15.11,111.29,45.35,53.02,88.08,67.29,99.00,9.91,11.68,27.60,13.04,9.73,9.98,6.74,2.00,13.85,11.94,224.00,6.00,18.64,15.04,352.00,7.00,7.59,6.09,126.00,7.00,16.71,11.95,308.00,5.00,3.32,2.62,42.00,3.00,0,휴식 (Relax)
11.00,26.12,1.19,21.31,8.81,7.58,6.12,155.56,11.31,17.08,14.78,23.22,0.00,40.47,41.51,201.59,15.56,49.41,26.39,41.76,44.00,27.51,18.41,53.42,24.52,29.44,18.41,20.58,49.00,32.96,15.11,111.29,45.35,53.02,88.08,67.29,99.00,11.53,13.75,30.33,13.60,12.68,12.68,3.79,1.00,14.11,12.38,232.00,6.00,19.78,16.50,330.00,6.00,7.59,6.09,116.00,7.00,16.71,11.95,286.00,5.00,3.71,2.88,53.00,6.00,0,휴식 (Relax)
-12.00,15.81,-10.12,-2.06,5.81,18.07,14.78,158.90,11.31,21.85,6.12,7.62,16.00,30.26,30.78,196.87,24.60,41.78,16.21,51.24,33.00,22.51,13.92,48.82,29.43,27.86,20.84,15.94,44.00,15.85,9.31,106.74,66.91,56.89,83.26,45.37,77.00,11.53,13.75,30.33,13.60,12.68,12.68,3.79,1.00,14.42,13.00,232.00,6.00,19.04,15.81,308.00,5.00,7.06,5.73,117.00,8.00,15.66,11.09,286.00,6.00,3.71,2.88,50.00,5.00,0,휴식 (Relax)
-20.00,-16.50,-9.81,-22.69,-0.19,18.07,14.78,158.90,11.31,21.85,6.12,7.62,16.00,24.30,22.00,204.59,31.11,37.73,22.00,40.29,44.00,27.17,15.94,52.57,29.00,32.04,20.59,13.11,39.00,35.92,22.08,128.01,66.91,78.89,67.78,28.01,55.00,11.53,13.75,30.33,13.60,12.68,12.68,3.79,1.00,14.42,13.00,232.00,6.00,19.45,16.50,319.00,6.00,7.38,6.09,117.00,8.00,16.71,11.95,275.00,6.00,3.71,2.88,54.00,6.00,0,휴식 (Relax)
-12.00,-27.50,-4.81,-33.69,-2.19,18.07,14.78,158.90,11.31,21.85,6.12,7.62,16.00,24.30,22.00,204.59,31.11,37.73,22.00,40.29,44.00,27.17,15.94,52.57,29.00,32.04,20.59,13.11,39.00,35.92,22.08,128.01,66.91,78.89,67.78,28.01,55.00,11.53,13.75,30.33,13.60,12.68,12.68,3.79,1.00,14.42,13.00,216.00,5.00,19.45,16.50,297.00,5.00,7.38,6.09,105.00,7.00,16.71,11.95,231.00,5.00,3.71,2.88,56.00,6.00,0,휴식 (Relax)
4.50,-4.81,6.56,11.00,-0.31,24.56,8.00,154.18,8.00,29.14,8.00,11.03,8.00,30.28,30.78,204.75,24.60,33.43,16.21,32.48,55.00,30.28,11.34,46.60,29.61,31.11,14.61,16.11,33.00,45.81,28.44,122.62,66.00,71.66,59.56,31.00,44.00,13.14,12.33,29.60,14.32,13.15,10.86,4.72,3.00,14.13,12.50,224.00,6.00,19.43,16.41,308.00,5.00,6.89,5.76,105.00,8.00,16.04,11.00,264.00,3.00,3.67,2.80,53.00,5.00,0,휴식 (Relax)
13.00,17.19,1.56,11.00,-0.12,30.11,0.00,146.38,16.00,24.35,0.00,10.70,16.00,30.28,30.78,204.75,24.60,33.43,16.21,32.48,55.00,30.28,11.34,46.60,29.61,31.11,14.61,16.11,33.00,45.81,28.44,122.62,66.00,71.66,59.56,31.00,44.00,11.74,15.32,27.45,11.66,16.15,8.07,7.49,6.00,13.53,12.00,216.00,6.00,19.43,16.41,319.00,6.00,6.89,5.76,110.00,8.00,16.04,11.00,253.00,3.00,3.60,2.56,53.00,5.00,0,휴식 (Relax)
5.00,16.50,-8.75,-10.31,0.06,30.11,0.00,146.38,16.00,24.35,0.00,10.70,16.00,19.30,26.94,212.97,22.00,24.58,26.94,33.14,44.00,30.60,7.86,54.18,29.43,25.19,17.38,27.08,22.00,51.01,22.08,119.70,66.91,71.13,67.78,41.55,33.00,12.16,17.64,24.67,13.45,15.06,9.52,4.51,3.00,13.53,12.00,200.00,5.00,19.83,17.19,308.00,5.00,7.24,6.25,115.00,8.00,16.25,11.95,275.00,7.00,3.53,2.32,48.00,3.00,0,휴식 (Relax)
-11.50,-15.81,1.88,0.69,2.75,30.51,8.00,139.64,24.00,16.78,8.00,4.92,8.00,29.95,22.47,216.65,11.00,30.32,34.49,33.15,33.00,32.23,3.68,48.83,23.54,29.74,23.29,32.80,16.00,51.01,22.08,119.70,66.91,71.13,67.78,41.55,33.00,9.93,17.59,25.08,10.30,19.24,10.14,2.57,2.00,12.95,11.50,208.00,6.00,20.20,17.79,319.00,6.00,7.19,6.11,126.00,9.00,16.25,11.95,264.00,7.00,3.56,2.50,51.00,5.00,0,휴식 (Relax)
-4.00,-16.50,1.50,-11.00,-5.06,35.50,14.78,133.08,25.30,18.56,6.12,11.87,16.00,21.73,32.23,205.65,15.56,40.91,37.16,32.51,22.00,36.63,3.30,49.82,25.50,24.77,18.79,28.34,22.00,54.23,32.42,110.54,69.57,64.08,61.55,32.60,44.00,11.96,15.31,27.65,7.81,21.67,9.35,5.21,5.00,12.65,11.00,200.00,5.00,19.45,17.19,297.00,6.00,7.12,5.88,109.00,8.00,15.56,11.00,242.00,3.00,3.75,2.59,59.00,6.00,0,휴식 (Relax)
4.00,-15.81,2.19,-9.62,-2.06,35.50,14.78,133.08,25.30,18.56,6.12,11.87,16.00,27.07,22.47,210.40,24.60,44.00,34.49,31.30,11.00,26.32,10.79,39.01,16.28,29.63,22.13,26.37,33.00,41.63,29.16,107.88,49.19,77.82,70.41,30.03,66.00,11.96,15.31,27.65,7.81,21.67,9.35,5.21,5.00,12.65,11.00,192.00,6.00,19.82,17.79,286.00,5.00,6.38,5.36,109.00,8.00,15.50,11.34,220.00,7.00,3.75,2.59,57.00,5.00,0,휴식 (Relax)
5.00,6.19,-2.75,13.75,2.94,19.51,25.60,117.31,33.94,34.05,10.61,7.66,0.00,27.07,22.47,210.40,24.60,44.00,34.49,31.30,11.00,9.34,27.02,32.46,30.46,13.73,6.76,24.96,16.00,30.06,49.19,87.75,62.23,58.16,49.19,24.43,44.00,11.96,15.31,27.65,7.81,21.67,9.35,5.21,5.00,11.62,10.00,184.00,6.00,19.82,17.79,275.00,6.00,5.44,4.91,93.00,8.00,13.19,10.31,198.00,7.00,3.75,2.59,59.00,5.00,0,휴식 (Relax)
5.50,18.56,-3.06,12.38,8.38,12.33,33.45,113.17,28.84,33.33,5.74,3.05,8.00,33.33,39.13,189.61,11.00,24.91,12.75,23.51,11.00,14.18,24.55,28.33,28.86,15.28,1.79,24.79,11.00,46.85,31.11,105.37,49.19,65.23,31.11,28.99,22.00,5.50,17.68,36.60,7.21,18.23,7.97,13.05,14.00,11.21,9.50,168.00,5.00,17.70,16.24,242.00,5.00,5.12,4.55,82.00,7.00,13.40,10.14,187.00,6.00,4.33,3.36,63.00,5.00,0,휴식 (Relax)
-2.50,17.19,-7.38,1.38,2.06,12.33,33.45,113.17,28.84,33.33,5.74,3.05,8.00,35.39,19.05,191.78,33.00,38.04,19.05,26.36,33.00,7.96,23.15,38.24,18.38,26.26,9.59,23.68,0.00,46.85,31.11,105.37,49.19,65.23,31.11,28.99,22.00,7.67,17.08,39.18,11.70,14.26,3.80,9.76,9.00,11.21,9.50,160.00,6.00,18.23,17.19,220.00,5.00,5.41,4.88,87.00,7.00,13.40,10.14,198.00,6.00,4.31,3.42,67.00,5.00,0,휴식 (Relax)
-11.00,-6.19,-6.69,-29.56,-2.81,15.98,35.69,105.49,25.30,28.44,2.54,9.80,0.00,53.48,26.56,173.38,39.66,21.62,4.56,31.21,11.00,15.35,18.36,39.89,17.46,24.81,6.98,28.59,11.00,17.02,24.60,137.82,45.35,64.02,24.60,47.63,55.00,5.89,18.51,40.31,12.53,12.46,1.82,9.67,7.00,10.54,9.00,152.00,6.00,16.94,15.81,231.00,6.00,5.60,5.02,82.00,7.00,15.42,12.55,231.00,7.00,4.36,3.52,65.00,6.00,0,휴식 (Relax)
-10.50,-37.81,4.62,-17.19,-5.94,15.45,28.46,106.59,32.98,33.77,9.27,17.77,8.00,31.61,4.56,192.34,59.24,38.88,26.56,50.99,11.00,20.32,14.49,36.15,22.36,20.10,2.49,24.42,6.00,21.63,27.33,150.52,66.91,42.50,37.83,26.87,33.00,7.87,16.52,38.36,10.82,12.81,1.11,10.69,5.00,10.85,9.50,128.00,5.00,19.04,17.19,231.00,5.00,5.19,4.67,82.00,7.00,16.02,13.66,242.00,7.00,4.16,3.42,63.00,6.00,0,휴식 (Relax)
6.50,-3.44,20.19,25.44,-1.06,27.71,13.86,93.50,32.98,20.34,13.86,7.81,8.00,11.67,19.05,191.20,70.43,26.48,19.05,29.04,11.00,6.94,37.49,57.98,34.83,16.93,20.51,5.99,17.00,8.86,38.91,162.25,73.79,34.03,59.73,5.09,11.00,9.81,15.26,38.11,12.04,10.83,1.02,9.06,7.00,9.47,8.50,136.00,6.00,18.54,16.24,253.00,5.00,7.35,5.94,93.00,6.00,17.27,14.87,264.00,8.00,4.10,3.33,57.00,5.00,0,휴식 (Relax)
22.00,39.88,-7.12,15.12,5.12,19.75,17.13,100.53,40.79,24.39,21.78,13.17,16.00,19.13,11.91,201.38,79.32,35.72,28.74,19.89,22.00,6.82,30.71,57.46,29.15,27.84,29.34,9.64,28.00,15.10,27.92,151.56,64.14,43.99,67.41,5.93,0.00,7.57,15.08,35.50,10.00,9.59,3.54,6.23,10.00,10.39,9.00,128.00,5.00,19.78,17.02,286.00,6.00,7.53,6.14,110.00,6.00,16.44,14.27,253.00,8.00,3.79,3.09,60.00,6.00,0,휴식 (Relax)
-2.50,17.88,-7.12,14.44,7.94,12.21,17.89,100.16,43.08,16.87,17.89,5.50,8.00,19.13,11.91,201.38,79.32,35.72,28.74,19.89,22.00,6.82,30.71,57.46,29.15,27.84,29.34,9.64,28.00,5.03,36.25,153.57,59.24,52.27,68.82,16.72,11.00,8.99,17.26,37.93,7.81,12.07,5.66,3.23,13.00,10.09,8.50,144.00,6.00,19.78,17.02,275.00,5.00,7.53,6.14,110.00,6.00,16.83,14.87,231.00,7.00,4.10,3.33,57.00,5.00,0,휴식 (Relax)
-18.50,26.12,-11.81,-8.25,-2.94,12.21,17.89,100.16,43.08,16.87,17.89,5.50,8.00,51.35,55.19,188.28,49.19,47.71,61.08,47.24,66.00,8.98,35.12,60.93,31.38,24.18,27.22,11.75,33.00,6.50,39.71,144.70,49.19,56.04,75.39,8.91,0.00,8.70,15.27,38.39,9.43,13.71,6.39,1.51,15.00,10.09,8.50,152.00,6.00,20.53,17.88,275.00,5.00,7.92,6.41,110.00,6.00,16.27,14.09,242.00,8.00,4.16,3.42,66.00,6.00,0,휴식 (Relax)
-3.00,-18.56,-1.81,-30.25,-1.06,12.11,10.61,94.71,40.79,24.51,25.60,3.30,0.00,59.76,63.98,177.51,39.66,53.00,58.38,36.26,55.00,8.98,35.12,60.93,31.38,24.18,27.22,11.75,33.00,6.50,39.71,144.70,49.19,56.04,75.39,8.91,0.00,8.21,16.61,36.41,10.63,13.51,6.18,2.03,17.00,9.75,8.00,152.00,5.00,19.72,17.19,297.00,6.00,7.92,6.41,109.00,5.00,16.27,14.09,220.00,7.00,4.10,3.33,66.00,6.00,0,휴식 (Relax)
-25.00,-38.50,4.50,395.31,927.06,25.74,42.41,85.49,11.31,50.61,55.37,35.26,32.00,51.32,66.09,198.15,34.79,85.58,82.24,12.12,22.00,9.98,37.59,55.93,29.15,24.53,22.60,12.09,38.00,410.26,371.74,449.30,451.54,429.04,467.20,410.31,407.00,985.92,990.02,971.89,998.02,1002.62,994.13,988.11,973.00,11.62,9.12,168.00,5.00,22.00,19.25,297.00,5.00,7.64,6.06,110.00,6.00,103.30,49.41,671.00,1.00,239.40,115.88,1056.00,1.00,0,휴식 (Relax)
651.56,398.06,-126.75,-352.94,-62.94,660.51,651.48,761.61,687.05,680.57,708.88,711.91,711.00,388.05,349.27,522.46,440.14,437.48,488.21,410.68,385.00,140.99,137.24,128.61,167.36,116.18,149.29,141.91,102.00,162.70,297.51,345.33,593.63,632.20,751.65,760.97,771.00,985.92,990.02,971.89,998.02,1002.62,994.13,988.11,973.00,168.59,81.45,879.00,1.00,105.02,51.65,759.00,5.00,33.59,16.19,239.00,3.00,137.72,60.56,1420.00,8.00,239.40,115.88,2046.00,2.00,0,휴식 (Relax)
-12.00,-117.69,-7.12,-41.88,-18.88,683.91,670.21,772.22,687.21,673.17,692.69,689.06,686.00,292.56,288.52,452.06,452.35,474.66,574.05,520.71,501.00,150.00,142.43,135.99,168.32,113.17,143.52,132.42,92.00,175.71,328.24,377.77,619.07,643.35,743.16,733.78,738.00,1019.46,990.35,940.37,951.03,970.13,995.46,1021.86,1020.00,168.37,81.25,1525.00,2.00,109.30,54.37,1249.00,6.00,33.63,16.92,347.00,3.00,138.11,62.62,1718.00,7.00,238.90,115.52,2090.00,2.00,0,휴식 (Relax)
-323.94,-468.75,172.31,-105.69,-96.62,510.72,710.08,987.89,976.15,916.66,775.29,534.85,397.00,421.16,633.36,814.52,909.08,856.69,693.62,331.47,38.00,129.26,242.67,248.31,336.66,267.72,242.33,112.04,77.00,274.60,435.39,450.27,554.70,528.39,690.41,801.07,853.00,1005.37,1015.35,974.56,951.44,936.43,971.73,1037.21,1056.00,187.50,84.27,1847.00,2.00,162.84,78.78,1629.00,6.00,55.66,25.73,537.00,6.00,140.78,68.65,1778.00,6.00,239.65,115.80,2162.00,2.00,0,휴식 (Relax)
96.81,4.56,47.38,138.94,-27.38,532.39,593.39,878.32,982.75,1021.10,901.86,556.68,265.00,410.59,623.04,806.21,910.42,864.74,704.45,337.50,27.00,169.51,289.07,287.58,342.81,242.04,196.13,74.50,30.00,124.69,391.77,526.20,689.49,486.68,554.03,856.37,1003.00,1006.02,971.35,972.02,995.42,936.33,927.87,1040.92,1100.00,189.03,94.58,2268.00,3.00,162.83,78.58,2103.00,7.00,56.98,29.41,659.00,6.00,145.28,77.82,2032.00,7.00,239.10,115.45,2231.00,2.00,0,휴식 (Relax)
-119.06,3.88,-69.94,-205.12,-92.75,551.24,688.79,860.35,885.50,1003.82,988.14,622.79,167.00,399.66,618.56,809.82,921.33,868.60,695.46,328.38,38.00,94.87,251.61,307.34,416.59,294.99,167.24,31.46,45.00,327.21,309.30,331.00,794.00,673.53,361.75,894.55,1210.00,1015.38,989.99,948.42,995.00,960.60,908.18,1033.86,1126.00,191.39,96.60,2490.00,4.00,162.83,78.20,2081.00,6.00,59.77,32.29,775.00,6.00,154.60,90.98,2367.00,7.00,239.64,115.66,2293.00,2.00,0,휴식 (Relax)
-28.56,-111.69,79.69,87.62,-71.12,556.27,693.15,852.63,886.57,1011.55,985.69,615.36,175.00,521.87,582.91,675.04,947.84,1003.55,686.01,198.34,173.00,179.33,233.14,221.34,411.39,373.21,226.65,86.58,131.00,270.32,365.11,335.32,740.84,722.34,347.01,890.88,1278.00,1022.38,990.28,941.06,1005.00,953.78,908.88,1039.99,1116.00,191.45,96.79,2580.00,4.00,165.32,87.05,2194.00,7.00,63.21,38.97,930.00,5.00,156.13,95.00,2664.00,8.00,239.82,115.73,2308.00,2.00,0,휴식 (Relax)
18.81,120.56,-47.56,-31.94,-57.94,519.64,702.88,878.97,845.00,1037.63,1005.69,573.36,217.00,460.50,659.56,720.29,859.47,1044.22,755.50,106.48,265.00,143.10,267.12,241.94,367.44,376.44,270.36,122.31,175.00,301.99,311.85,383.09,706.60,705.68,383.28,870.49,1333.00,1025.15,988.23,942.10,1005.02,952.53,910.84,1037.38,1119.00,191.44,98.16,2622.00,5.00,167.99,91.20,2432.00,8.00,64.37,40.95,1055.00,8.00,156.26,95.69,2776.00,9.00,239.86,115.76,2315.00,2.00,0,휴식 (Relax)
-95.88,-70.81,12.06,-29.19,-77.81,588.06,644.00,912.96,837.74,1006.87,1072.34,510.62,286.00,498.90,557.14,785.62,834.69,981.02,860.92,49.33,371.00,154.72,245.39,255.16,367.02,357.56,284.71,137.04,197.00,317.69,292.83,417.80,671.87,749.37,339.28,900.85,1289.00,1043.15,970.25,960.09,987.02,970.51,892.89,1055.24,1101.00,192.87,100.31,2733.00,6.00,168.82,95.36,2608.00,9.00,64.41,41.43,1116.00,9.00,156.41,96.59,2743.00,8.00,240.19,115.90,2331.00,2.00,0,휴식 (Relax)
11.06,33.81,5.06,43.69,-54.50,541.00,692.01,864.59,886.65,957.91,1114.85,479.66,335.00,497.65,568.04,764.81,856.36,959.48,875.05,64.61,393.00,159.05,236.44,270.54,351.02,370.68,285.88,131.60,181.00,322.03,273.63,437.95,632.40,783.57,295.70,962.01,1223.00,1032.98,978.33,955.57,987.15,974.42,884.58,1065.84,1090.00,192.68,100.16,2843.00,7.00,169.01,96.39,2681.00,9.00,64.37,41.19,1111.00,8.00,156.75,98.48,2809.00,9.00,240.02,115.81,2352.00,2.00,0,휴식 (Relax)
-60.44,-30.56,-10.25,-51.62,-74.12,559.76,678.94,870.33,888.43,949.91,1121.62,474.25,359.00,494.23,570.60,765.45,858.11,957.70,874.32,74.27,403.00,160.19,234.29,269.42,351.32,368.60,294.48,133.17,170.00,301.35,309.99,394.95,668.34,760.23,304.91,1005.00,1180.00,1037.23,978.08,951.44,993.15,970.08,884.20,1070.59,1084.00,193.06,101.10,2900.00,8.00,169.11,97.17,2713.00,9.00,64.43,41.78,1110.00,9.00,157.29,101.12,2863.00,9.00,240.13,115.86,2367.00,2.00,0,휴식 (Relax)
-35.44,-27.88,17.75,25.06,-67.81,567.85,682.67,857.63,904.37,937.95,1129.22,471.49,343.00,466.61,608.32,727.24,900.44,921.72,907.14,32.41,360.00,160.19,234.29,269.42,351.32,368.60,294.48,133.17,170.00,293.30,320.63,390.77,662.53,771.10,295.30,994.93,1191.00,1039.18,981.49,946.77,993.24,974.67,880.89,1068.11,1089.00,193.20,101.73,2908.00,8.00,169.23,98.64,2669.00,9.00,64.43,41.78,1110.00,9.00,157.16,100.44,2928.00,10.00,240.21,115.90,2367.00,2.00,0,휴식 (Relax)
5.00,69.44,-14.94,14.75,-54.00,566.58,674.96,865.46,905.19,929.83,1137.87,466.86,334.00,476.22,597.83,735.78,902.40,912.57,918.08,25.42,349.00,164.21,229.37,273.25,351.14,365.76,297.58,137.32,165.00,283.08,326.37,398.73,653.17,768.59,305.92,1002.55,1180.00,1039.15,978.49,946.86,996.24,974.62,877.90,1067.74,1092.00,193.21,102.00,2925.00,9.00,169.49,99.24,2745.00,10.00,64.49,42.05,1143.00,10.00,157.07,99.75,2939.00,10.00,240.17,115.88,2378.00,2.00,0,휴식 (Relax)
-50.50,15.81,-5.25,5.12,-64.31,560.91,698.29,868.68,881.30,931.52,1158.94,447.92,310.00,454.36,608.26,742.28,880.78,917.19,932.21,31.26,327.00,159.35,232.26,274.76,346.14,368.52,297.06,142.24,160.00,261.08,322.23,418.86,665.09,750.74,295.46,994.67,1202.00,1035.05,986.56,956.90,996.06,964.40,869.67,1070.75,1103.00,193.51,103.12,2966.00,10.00,169.28,98.04,2789.00,10.00,64.45,41.78,1148.00,10.00,156.94,98.38,2928.00,10.00,240.34,115.96,2378.00,2.00,0,휴식 (Relax)
-20.00,38.50,-5.88,25.75,-59.62,575.00,685.98,845.42,879.26,954.41,1166.06,424.95,286.00,443.79,605.36,753.25,882.92,906.35,933.15,22.58,338.00,149.47,230.88,284.74,346.00,358.72,304.84,132.48,170.00,281.46,340.26,419.71,646.88,732.02,303.15,995.72,1224.00,1038.54,986.36,953.27,991.06,960.91,869.40,1073.88,1108.00,193.27,102.00,2982.00,10.00,169.10,97.44,2767.00,10.00,64.35,41.23,1138.00,10.00,157.07,99.75,2928.00,9.00,240.26,115.92,2381.00,2.00,0,휴식 (Relax)
-43.00,-15.12,-5.88,-28.56,-67.31,561.28,682.02,855.11,895.22,964.73,1158.84,409.02,270.00,426.84,586.45,763.46,904.49,918.30,916.35,43.66,316.00,149.47,230.88,284.74,346.00,358.72,304.84,132.48,170.00,273.62,329.47,409.31,640.68,733.93,313.33,1000.57,1235.00,1033.95,982.97,951.48,991.13,962.90,872.76,1078.27,1113.00,193.45,102.75,2982.00,10.00,169.14,98.12,2800.00,10.00,64.35,41.23,1132.00,9.00,157.17,100.44,2532.00,9.00,240.34,115.96,1399.00,1.00,0,휴식 (Relax)
-36.00,-15.12,4.81,41.56,-2.31,577.10,695.74,863.17,896.49,957.58,1143.69,394.95,254.00,426.84,586.45,763.46,904.49,918.30,916.35,43.66,316.00,146.60,225.92,281.50,346.04,362.91,307.97,129.90,175.00,404.18,362.15,338.08,374.76,336.62,179.18,738.38,817.00,44.39,41.19,48.70,16.03,34.67,126.64,138.69,121.00,193.23,102.00,2271.00,9.00,169.14,98.12,2338.00,9.00,64.36,41.59,1003.00,9.00,110.88,74.31,1805.00,9.00,19.78,13.89,412.00,12.00,0,휴식 (Relax)
37.94,75.62,-8.94,29.81,-0.31,176.96,172.85,220.71,235.64,291.03,617.47,525.93,417.00,559.27,509.39,400.29,521.93,536.16,723.46,433.19,80.00,180.81,177.65,153.85,206.06,260.12,351.11,203.18,35.00,116.13,27.47,31.62,114.21,243.54,543.14,518.00,453.00,44.39,41.19,48.70,16.03,34.67,126.64,138.69,121.00,88.16,55.55,1641.00,12.00,125.21,75.78,1881.00,7.00,53.27,34.91,889.00,8.00,76.73,55.29,1507.00,9.00,19.78,13.89,367.00,11.00,0,휴식 (Relax)
23.50,47.06,-10.25,26.38,5.44,199.23,191.08,226.94,245.15,296.60,613.67,501.66,392.00,468.19,427.22,394.85,496.25,541.86,779.56,529.79,185.00,199.27,193.11,159.16,206.62,250.31,330.95,194.15,56.00,96.45,43.35,83.11,59.41,188.69,506.10,558.26,508.00,19.51,10.63,10.83,45.88,49.72,120.22,95.59,77.00,87.54,54.38,1327.00,11.00,125.09,73.46,1523.00,7.00,52.77,34.09,699.00,7.00,76.75,54.72,1436.00,9.00,15.75,10.87,290.00,9.00,0,휴식 (Relax)
-3.06,37.38,-5.31,8.19,3.19,98.50,107.51,73.61,128.22,192.01,418.60,212.17,95.00,96.44,81.93,238.01,73.76,130.87,291.32,382.60,322.00,28.36,23.24,19.97,34.89,76.23,195.27,260.92,231.00,108.84,133.29,153.36,123.07,248.93,509.26,450.68,393.00,29.80,41.31,46.82,47.42,50.21,99.17,60.22,41.00,48.79,34.32,906.00,11.00,54.37,41.72,1071.00,8.00,33.27,21.31,583.00,9.00,72.34,47.11,1193.00,10.00,13.65,9.19,218.00,9.00,0,휴식 (Relax)
-2.31,14.69,-11.38,-14.06,0.75,70.71,84.58,150.08,83.19,127.25,288.64,144.25,45.00,98.27,91.36,233.28,84.53,141.57,301.73,375.48,311.00,35.57,65.67,61.68,84.86,108.41,196.26,205.90,168.00,175.41,163.47,249.04,156.31,238.87,428.54,278.69,221.00,34.32,22.20,48.59,20.10,35.46,61.25,36.26,0.00,35.68,26.19,692.00,10.00,54.49,42.23,1093.00,8.00,31.04,18.80,471.00,8.00,61.67,41.80,869.00,8.00,9.17,6.81,156.00,7.00,0,휴식 (Relax)
-14.94,-36.62,10.25,-5.00,-0.88,23.73,12.70,102.88,36.01,63.71,219.71,179.30,119.00,113.76,89.74,276.26,101.83,170.18,323.26,338.05,268.00,58.56,37.63,102.18,96.26,111.67,163.16,122.43,82.00,56.17,43.88,125.29,150.23,155.31,260.96,114.65,14.00,14.55,13.05,22.82,6.32,18.68,37.01,48.23,26.00,28.53,21.56,610.00,9.00,55.29,44.80,1023.00,8.00,25.31,15.56,343.00,8.00,34.10,26.25,594.00,9.00,6.45,5.11,135.00,9.00,0,휴식 (Relax)
-6.44,-11.69,4.25,0.62,-5.88,25.74,20.64,97.67,28.02,56.40,217.05,186.39,127.00,69.78,62.32,258.26,66.19,168.80,320.25,227.00,155.00,22.00,42.38,52.45,55.01,82.44,108.81,43.09,2.00,89.77,71.46,59.89,101.64,91.39,171.12,139.87,76.00,14.55,13.05,22.82,6.32,18.68,37.01,48.23,26.00,28.57,21.87,568.00,9.00,46.30,36.94,817.00,9.00,14.94,10.38,224.00,7.00,26.10,21.48,471.00,7.00,6.45,5.11,127.00,8.00,0,휴식 (Relax)
27.19,27.06,1.12,29.50,1.50,47.94,42.26,73.10,37.54,60.85,206.73,160.48,101.00,120.38,117.55,174.19,44.60,116.73,275.80,137.08,63.00,28.76,36.66,27.77,5.10,43.19,62.39,28.71,48.00,30.21,20.21,125.89,40.22,26.38,128.67,198.81,142.00,20.23,18.44,18.15,12.17,22.38,34.64,42.24,20.00,26.24,20.04,481.00,9.00,36.56,31.82,652.00,7.00,9.14,7.39,163.00,6.00,25.87,20.81,504.00,9.00,6.19,4.69,113.00,8.00,0,휴식 (Relax)
-1.12,20.44,-8.50,-5.56,3.38,21.07,65.41,100.80,48.02,50.00,147.02,96.78,32.00,28.94,28.28,265.87,82.86,14.68,184.30,84.91,43.00,9.07,15.64,47.71,21.59,22.11,41.66,48.17,70.00,12.95,48.08,141.98,34.48,43.62,124.01,165.81,109.00,3.12,7.39,35.43,23.32,22.56,20.13,25.96,2.00,20.00,16.41,395.00,9.00,30.81,27.12,546.00,8.00,8.87,7.25,168.00,7.00,24.13,18.49,460.00,9.00,5.19,4.12,92.00,7.00,0,휴식 (Relax)
-6.06,10.12,-2.81,7.50,0.94,30.35,18.42,128.75,47.51,44.60,98.87,76.97,17.00,37.60,25.13,266.34,79.12,6.06,173.39,89.51,54.00,11.85,6.25,55.57,21.84,24.53,46.72,37.18,59.00,35.19,23.19,162.04,10.00,47.59,103.04,136.05,76.00,10.47,5.38,34.85,20.22,17.64,11.18,22.10,7.00,17.21,13.82,330.00,8.00,30.47,26.52,492.00,7.00,8.68,6.91,157.00,6.00,22.08,16.69,373.00,9.00,4.60,3.56,75.00,6.00,0,휴식 (Relax)
-15.06,-13.88,-3.12,-6.88,0.25,14.67,27.06,114.05,34.66,35.95,91.42,82.46,33.00,8.24,53.72,236.28,49.19,36.32,156.06,116.00,86.00,7.57,7.51,57.29,26.68,21.52,46.00,32.70,54.00,18.82,51.59,112.70,44.00,43.34,51.59,110.32,22.00,7.15,13.07,24.70,9.49,6.64,7.01,25.90,18.00,15.85,12.95,314.00,8.00,28.51,24.27,514.00,8.00,8.48,6.64,129.00,5.00,16.44,12.89,308.00,9.00,3.80,2.91,69.00,6.00,0,휴식 (Relax)
0.44,-15.88,-1.69,-26.12,-4.75,9.84,28.69,114.66,40.61,43.95,88.79,76.71,25.00,25.19,83.43,215.35,45.12,34.55,149.85,84.32,54.00,30.31,25.48,34.29,31.06,3.92,31.89,25.42,31.00,27.24,55.34,116.22,62.23,40.47,18.03,122.83,22.00,7.15,13.07,24.70,9.49,6.64,7.01,25.90,18.00,15.74,12.56,289.00,8.00,26.25,22.02,416.00,7.00,6.77,5.23,96.00,4.00,17.34,13.75,319.00,9.00,3.80,2.91,60.00,6.00,0,휴식 (Relax)
2.50,8.88,3.31,27.50,0.81,34.05,52.16,83.47,32.98,64.26,61.70,48.32,8.00,26.24,74.03,197.22,10.00,78.54,119.39,42.60,10.00,15.92,13.65,43.01,19.72,19.91,18.10,35.78,15.00,6.32,34.79,134.23,49.19,31.62,34.79,140.22,44.00,3.53,12.51,23.54,3.00,6.65,3.08,17.24,9.00,13.18,10.50,232.00,7.00,22.96,19.61,383.00,7.00,6.12,4.90,92.00,5.00,18.65,15.12,363.00,9.00,2.96,2.41,54.00,6.00,0,휴식 (Relax)
8.50,18.50,2.94,25.44,3.50,22.29,22.87,108.49,8.00,63.02,29.75,20.04,40.00,5.39,59.21,219.18,12.00,89.10,97.68,32.64,12.00,13.84,16.41,40.84,25.08,18.55,24.09,30.07,21.00,30.43,11.00,162.30,80.08,63.98,11.00,108.23,11.00,5.08,8.42,28.12,8.00,6.43,8.07,12.25,4.00,12.16,9.56,208.00,6.00,23.44,20.38,372.00,6.00,6.13,4.94,92.00,5.00,19.72,16.24,341.00,8.00,3.08,2.50,52.00,5.00,0,휴식 (Relax)
8.50,28.81,-12.44,-6.19,-1.19,22.29,22.87,108.49,8.00,63.02,29.75,20.04,40.00,6.21,48.42,224.22,16.28,95.45,106.91,32.23,1.00,15.07,6.65,50.81,23.00,27.85,31.71,20.09,31.00,10.03,16.21,166.05,77.00,77.47,30.78,86.40,11.00,1.62,13.42,24.91,9.43,4.36,12.08,8.10,1.00,12.16,9.56,184.00,5.00,24.13,20.89,328.00,5.00,6.87,5.56,108.00,6.00,19.43,15.81,319.00,8.00,2.96,2.41,49.00,5.00,0,휴식 (Relax)
-8.00,-16.56,7.88,2.06,0.50,29.47,28.38,100.68,11.31,56.45,31.41,12.04,48.00,27.07,32.16,211.07,14.87,74.48,103.94,43.43,23.00,17.99,17.24,46.92,12.00,35.91,35.48,11.38,42.00,49.54,42.40,122.78,33.00,72.67,72.25,53.32,55.00,5.67,10.55,22.67,5.83,2.20,14.31,7.54,6.00,11.66,9.00,192.00,3.00,22.54,19.17,372.00,6.00,7.14,5.86,118.00,6.00,16.60,13.32,286.00,8.00,2.76,2.12,48.00,5.00,0,휴식 (Relax)
-8.00,-28.25,-2.44,-28.88,-6.19,29.47,28.38,100.68,11.31,56.45,31.41,12.04,48.00,36.94,35.63,200.32,10.00,75.76,96.74,33.62,12.00,10.82,14.08,38.71,16.28,34.92,34.06,13.61,53.00,28.18,17.89,144.10,46.67,48.67,94.21,56.35,88.00,0.90,9.96,27.67,3.00,4.04,14.38,11.18,11.00,11.66,9.00,160.00,2.00,21.50,18.31,317.00,5.00,6.87,5.56,124.00,7.00,18.19,15.12,308.00,9.00,3.17,2.52,53.00,6.00,0,휴식 (Relax)
-6.00,-24.81,3.56,4.81,0.81,12.27,25.60,88.01,40.79,25.16,10.61,41.37,16.00,38.70,23.81,216.76,65.00,42.45,42.56,22.27,43.00,10.82,14.08,38.71,16.28,34.92,34.06,13.61,53.00,31.06,24.74,140.35,39.66,59.47,93.95,49.20,77.00,0.90,9.96,27.67,3.00,4.04,14.38,11.18,11.00,10.00,8.00,144.00,5.00,21.34,18.84,295.00,5.00,6.87,5.56,130.00,8.00,17.81,14.44,341.00,10.00,3.17,2.52,57.00,7.00,0,휴식 (Relax)
10.00,18.50,-2.06,26.12,3.81,12.27,25.60,88.01,40.79,25.16,10.61,41.37,16.00,28.57,23.03,224.41,65.92,31.73,33.49,31.90,54.00,5.87,20.07,38.97,13.00,30.66,28.06,19.56,59.00,24.08,13.80,151.32,49.19,62.80,102.26,40.25,66.00,0.90,9.96,27.67,3.00,4.04,14.38,11.18,11.00,10.00,8.00,152.00,6.00,21.77,19.44,317.00,6.00,6.83,5.45,130.00,8.00,18.60,15.12,352.00,10.00,3.17,2.52,60.00,7.00,0,휴식 (Relax)
17.00,29.50,-6.75,4.12,3.81,6.53,14.78,97.21,56.57,22.95,6.12,35.28,32.00,28.57,23.03,224.41,65.92,31.73,33.49,31.90,54.00,2.59,23.71,43.81,17.72,28.81,31.90,14.83,54.00,24.08,13.80,151.32,49.19,62.80,102.26,40.25,66.00,0.90,9.96,27.67,3.00,4.04,14.38,11.18,11.00,10.91,9.00,152.00,5.00,21.77,19.44,306.00,6.00,7.03,5.72,125.00,8.00,18.60,15.12,341.00,9.00,3.17,2.52,55.00,6.00,0,휴식 (Relax)
-14.50,-2.81,-7.06,2.06,0.69,8.15,13.86,101.26,58.24,16.95,13.86,37.74,40.00,39.18,12.32,224.69,68.62,27.93,27.82,29.72,43.00,6.64,23.71,41.05,17.00,23.84,32.99,11.78,49.00,11.59,37.47,132.19,24.60,34.70,125.61,7.95,33.00,1.50,10.41,27.79,3.61,3.66,14.89,10.22,9.00,11.39,9.50,176.00,6.00,21.69,19.19,285.00,6.00,6.60,5.45,98.00,7.00,17.05,13.32,319.00,9.00,3.16,2.45,58.00,6.00,0,휴식 (Relax)
-7.00,-26.12,-1.00,-19.25,0.56,3.52,19.60,93.39,50.60,9.65,19.60,43.87,48.00,25.23,28.74,205.03,49.19,8.73,11.91,42.16,22.00,10.37,15.00,33.73,0.00,21.56,29.11,19.65,32.00,10.48,27.74,143.11,15.56,40.05,127.16,8.39,22.00,3.21,9.69,26.03,5.39,5.52,15.88,10.47,11.00,10.91,9.00,176.00,6.00,19.40,17.88,275.00,6.00,5.36,4.38,92.00,7.00,17.61,14.09,341.00,10.00,3.14,2.34,53.00,6.00,0,휴식 (Relax)
-7.00,-15.12,5.00,-8.25,-6.44,3.52,19.60,93.39,50.60,9.65,19.60,43.87,48.00,25.23,28.74,205.03,49.19,8.73,11.91,42.16,22.00,10.37,15.00,33.73,0.00,21.56,29.11,19.65,32.00,10.48,27.74,143.11,15.56,40.05,127.16,8.39,22.00,3.21,9.69,26.03,5.39,5.52,15.88,10.47,11.00,10.91,9.00,144.00,5.00,19.40,17.88,253.00,5.00,5.36,4.38,98.00,8.00,17.61,14.09,319.00,9.00,3.14,2.34,53.00,6.00,0,휴식 (Relax)
17.50,-2.75,9.69,24.75,0.56,10.42,16.34,86.90,43.08,2.52,25.08,35.97,40.00,27.42,42.36,197.33,31.11,23.55,33.31,20.27,44.00,7.56,19.98,36.62,5.00,19.52,34.10,14.72,37.00,10.48,27.74,143.11,15.56,40.05,127.16,8.39,22.00,3.21,9.69,26.03,5.39,5.52,15.88,10.47,11.00,9.89,8.50,144.00,6.00,18.85,16.84,264.00,5.00,5.77,4.77,92.00,7.00,17.61,14.09,319.00,9.00,3.14,2.34,57.00,7.00,0,휴식 (Relax)
9.00,19.25,4.00,22.69,9.19,2.63,13.69,93.89,40.79,5.56,33.05,29.57,32.00,27.42,42.36,197.33,31.11,23.55,33.31,20.27,44.00,13.66,28.43,32.76,12.08,13.16,27.05,24.64,26.00,22.53,8.33,172.66,24.60,20.84,101.67,40.92,11.00,6.92,8.56,31.99,9.43,11.51,15.77,15.75,5.00,10.15,9.00,144.00,5.00,18.85,16.84,275.00,6.00,5.63,4.75,92.00,7.00,18.43,14.61,308.00,8.00,3.83,2.53,63.00,7.00,0,휴식 (Relax)
0.50,28.88,-11.38,0.69,3.00,6.57,9.27,93.49,32.98,7.31,28.46,33.87,40.00,39.40,33.31,208.39,22.00,44.62,42.36,37.80,22.00,4.30,27.94,42.62,18.60,3.32,30.97,32.77,16.00,22.53,8.33,172.66,24.60,20.84,101.67,40.92,11.00,9.14,11.12,33.53,11.31,10.85,13.43,12.75,8.00,9.99,8.56,144.00,5.00,20.16,18.39,264.00,5.00,6.33,5.30,108.00,8.00,18.43,14.61,319.00,7.00,3.91,2.62,69.00,1.00,0,휴식 (Relax)
-8.00,-15.12,-1.38,-10.31,-1.88,14.56,4.69,86.13,35.78,3.41,27.31,32.60,32.00,39.40,33.31,208.39,22.00,44.62,42.36,37.80,22.00,4.30,27.94,42.62,18.60,3.32,30.97,32.77,16.00,22.53,8.33,172.66,24.60,20.84,101.67,40.92,11.00,8.26,9.24,34.70,12.81,12.66,11.43,10.93,10.00,9.38,8.00,136.00,4.00,20.16,18.39,308.00,6.00,6.33,5.30,118.00,8.00,18.43,14.61,308.00,8.00,3.94,2.80,69.00,7.00,0,휴식 (Relax)
-7.50,-25.44,-1.38,-32.31,-2.06,8.02,11.79,92.10,28.84,11.41,22.38,36.16,24.00,28.42,22.47,219.16,24.60,51.44,34.49,35.65,33.00,4.30,27.94,42.62,18.60,3.32,30.97,32.77,16.00,22.53,8.33,172.66,24.60,20.84,101.67,40.92,11.00,8.67,10.78,31.81,11.18,14.96,9.68,9.25,13.00,9.58,8.50,136.00,5.00,20.84,18.99,297.00,5.00,6.33,5.30,112.00,7.00,18.43,14.61,275.00,7.00,3.77,2.59,64.00,6.00,0,휴식 (Relax)
15.50,7.56,9.31,12.38,-1.94,20.00,8.00,98.11,24.00,22.87,8.00,50.08,8.00,28.42,22.47,219.16,24.60,51.44,34.49,35.65,33.00,8.99,25.21,47.48,21.93,8.32,32.47,32.48,11.00,24.89,17.89,168.51,15.56,9.88,94.21,43.17,0.00,9.05,11.20,32.09,9.43,14.61,10.42,9.31,15.00,10.38,9.56,152.00,6.00,20.84,18.99,319.00,6.00,6.67,5.65,123.00,8.00,17.77,14.09,319.00,8.00,3.80,2.70,61.00,6.00,0,휴식 (Relax)
15.00,8.25,9.00,13.06,5.88,26.28,16.00,106.09,16.00,24.88,16.00,42.08,16.00,22.76,22.92,210.07,22.00,52.92,43.53,43.82,44.00,13.35,27.06,48.58,18.87,7.97,34.75,34.62,16.00,33.84,24.74,157.52,11.00,16.62,93.95,36.81,11.00,7.49,8.67,34.66,11.31,11.77,13.30,11.14,18.00,10.91,10.12,152.00,6.00,20.39,18.22,308.00,6.00,6.97,6.00,107.00,7.00,17.05,13.58,286.00,7.00,4.01,2.92,64.00,5.00,0,휴식 (Relax)
-0.50,19.94,-7.31,1.38,2.56,22.66,11.79,103.78,17.89,32.88,22.38,34.67,24.00,25.75,33.00,200.87,11.00,62.14,33.00,33.29,33.00,17.20,31.85,44.75,14.87,3.11,29.93,30.86,11.00,22.97,26.30,162.42,0.00,17.84,86.81,29.08,22.00,5.35,3.77,38.74,8.54,15.62,9.37,6.85,13.00,10.76,9.62,152.00,6.00,19.53,17.45,275.00,5.00,6.53,5.73,102.00,7.00,16.90,12.89,286.00,6.00,4.03,3.05,65.00,5.00,0,휴식 (Relax)
-8.50,-2.75,4.00,11.69,2.38,22.66,11.79,103.78,17.89,32.88,22.38,34.67,24.00,18.62,23.56,198.95,15.56,71.20,29.95,22.31,22.00,15.03,27.61,49.30,12.08,3.57,25.65,26.28,6.00,12.42,36.58,155.69,11.00,26.58,97.73,38.98,11.00,4.90,3.60,38.29,5.83,16.45,9.75,9.75,16.00,10.76,9.62,160.00,6.00,19.25,16.84,286.00,6.00,6.21,5.38,102.00,7.00,17.16,13.32,264.00,5.00,4.08,3.20,58.00,5.00,0,휴식 (Relax)
6.50,-4.12,-2.00,-22.00,-2.94,21.03,5.74,90.34,28.84,45.75,33.45,42.98,8.00,13.93,29.95,177.69,15.56,77.89,23.56,43.05,44.00,15.03,27.61,49.30,12.08,3.57,25.65,26.28,6.00,9.04,46.62,145.02,15.56,19.17,89.39,27.98,22.00,6.10,8.42,33.52,9.43,11.45,12.93,4.90,11.00,10.67,9.69,176.00,7.00,18.19,15.64,286.00,6.00,6.21,5.38,102.00,7.00,16.04,12.38,264.00,3.00,3.65,2.93,56.00,6.00,0,휴식 (Relax)
5.50,15.12,4.00,0.00,-2.81,24.93,17.89,95.22,24.00,34.46,17.89,40.84,24.00,48.45,73.85,154.37,34.79,34.04,61.18,27.14,0.00,15.03,27.61,49.30,12.08,3.57,25.65,26.28,6.00,9.04,46.62,145.02,15.56,19.17,89.39,27.98,22.00,5.86,6.88,34.87,8.54,10.78,14.92,3.69,9.00,10.48,9.50,160.00,6.00,17.34,15.12,264.00,6.00,6.21,5.38,102.00,7.00,16.04,12.38,264.00,3.00,3.71,3.04,53.00,5.00,0,휴식 (Relax)
-2.00,-15.81,3.62,22.00,7.81,24.74,16.00,87.22,32.00,39.23,16.00,44.92,32.00,30.81,54.31,134.45,55.00,40.66,91.79,55.11,33.00,11.12,21.73,53.68,7.07,2.74,31.55,22.17,0.00,9.04,46.62,145.02,15.56,19.17,89.39,27.98,22.00,6.34,9.16,37.70,3.61,15.98,19.44,6.86,3.00,10.39,9.25,160.00,7.00,17.38,15.04,286.00,7.00,6.26,5.50,97.00,7.00,16.04,12.38,264.00,3.00,4.19,3.46,64.00,6.00,0,휴식 (Relax)
6.50,48.81,-16.75,-10.31,-1.00,29.61,22.38,84.47,32.98,31.77,11.79,38.40,24.00,33.33,50.48,156.20,45.35,62.25,103.74,77.11,55.00,19.98,30.69,57.63,7.07,10.45,40.08,21.78,10.00,2.44,56.86,136.42,11.00,23.50,100.39,25.99,33.00,6.48,9.82,34.75,6.32,18.27,20.19,9.82,0.00,9.89,8.69,136.00,7.00,20.20,16.59,319.00,7.00,7.37,6.12,118.00,8.00,16.25,13.23,297.00,7.00,4.17,3.38,70.00,6.00,0,휴식 (Relax)
-10.00,-6.19,3.56,11.00,1.81,22.51,14.78,78.52,40.79,32.91,6.12,30.81,16.00,33.33,50.48,156.20,45.35,62.25,103.74,77.11,55.00,9.01,28.25,46.69,16.76,16.11,44.63,29.31,21.00,9.81,47.19,133.53,22.00,20.12,108.67,32.06,44.00,5.17,7.17,35.49,7.81,17.76,19.04,12.74,3.00,9.17,8.25,144.00,8.00,20.20,16.59,352.00,8.00,7.22,5.88,134.00,9.00,16.50,13.75,297.00,5.00,4.19,3.46,73.00,7.00,0,휴식 (Relax)
-25.00,-28.19,-2.44,-32.31,-7.75,38.39,25.60,93.39,40.79,48.83,10.61,14.83,0.00,33.33,50.48,156.20,45.35,62.25,103.74,77.11,55.00,9.01,28.25,46.69,16.76,16.11,44.63,29.31,21.00,2.28,50.89,144.39,24.60,10.38,110.33,42.26,55.00,10.79,14.10,41.16,5.10,11.28,13.16,18.93,10.00,10.91,9.12,160.00,8.00,20.20,16.59,363.00,8.00,7.22,5.88,134.00,9.00,17.60,14.61,330.00,8.00,4.63,3.84,76.00,8.00,0,휴식 (Relax)
6.00,-17.19,8.25,-10.31,-3.06,23.57,27.03,93.98,25.30,57.96,23.44,7.20,16.00,33.33,50.48,156.20,45.35,62.25,103.74,77.11,55.00,7.01,33.25,50.71,12.08,11.14,40.43,34.28,26.00,2.28,50.89,144.39,24.60,10.38,110.33,42.26,55.00,5.79,11.62,37.15,1.00,8.06,8.19,22.75,15.00,10.77,9.00,168.00,8.00,20.20,16.59,363.00,8.00,7.47,6.16,140.00,10.00,17.60,14.61,319.00,7.00,4.25,3.57,74.00,8.00,0,휴식 (Relax)
6.50,-6.19,13.88,12.38,-1.06,29.26,19.87,86.30,24.00,54.94,27.51,14.04,24.00,33.33,50.48,156.20,45.35,62.25,103.74,77.11,55.00,10.46,37.84,55.85,11.05,15.04,46.34,29.14,20.00,13.26,41.24,138.18,22.00,15.84,99.57,52.37,66.00,5.79,11.62,37.15,1.00,8.06,8.19,22.75,15.00,10.28,8.50,160.00,8.00,20.20,16.59,352.00,7.00,8.01,6.48,141.00,10.00,16.90,14.09,341.00,8.00,4.25,3.57,67.00,7.00,0,휴식 (Relax)
6.50,15.81,-7.44,13.06,5.12,29.26,19.87,86.30,24.00,54.94,27.51,14.04,24.00,33.33,50.48,156.20,45.35,62.25,103.74,77.11,55.00,3.29,37.91,58.20,1.00,15.73,53.56,24.79,9.00,23.85,30.61,127.37,11.00,7.80,109.04,44.99,55.00,8.23,8.85,34.17,3.16,5.28,8.35,22.47,12.00,10.28,8.50,152.00,7.00,20.20,16.59,363.00,8.00,8.20,6.81,147.00,10.00,16.14,13.58,319.00,8.00,3.95,3.36,67.00,8.00,0,휴식 (Relax)
-9.00,26.81,-7.75,-18.56,-2.56,31.15,17.13,90.34,25.30,51.85,21.78,21.61,32.00,33.33,50.48,156.20,45.35,62.25,103.74,77.11,55.00,6.20,34.01,53.22,4.00,12.83,53.84,26.16,4.00,43.85,28.20,124.80,24.60,17.53,105.18,54.84,77.00,12.01,4.43,32.03,6.71,6.96,11.76,21.20,17.00,10.54,9.00,160.00,8.00,20.20,16.59,330.00,7.00,7.81,6.50,137.00,10.00,16.83,14.87,341.00,8.00,3.97,3.33,70.00,8.00,0,휴식 (Relax)
-9.00,-27.50,7.56,2.75,-0.69,31.15,17.13,90.34,25.30,51.85,21.78,21.61,32.00,42.22,43.07,162.05,56.09,57.30,114.67,67.00,66.00,17.14,23.05,49.07,11.70,23.81,61.37,20.17,15.00,36.15,19.33,114.85,22.00,21.30,112.67,58.65,88.00,10.98,5.00,30.62,7.81,6.32,13.75,20.25,19.00,10.54,9.00,160.00,8.00,20.94,17.19,374.00,8.00,8.02,6.76,153.00,11.00,16.73,14.44,341.00,9.00,3.92,3.23,72.00,8.00,0,휴식 (Relax)
-9.00,-17.19,-3.44,-19.94,-2.69,31.15,17.13,90.34,25.30,51.85,21.78,21.61,32.00,36.84,42.97,151.28,55.00,46.30,121.87,56.02,77.00,17.14,23.05,49.07,11.70,23.81,61.37,20.17,15.00,34.78,8.33,106.80,33.00,28.78,101.67,59.13,77.00,10.98,5.00,30.62,7.81,6.32,13.75,20.25,19.00,10.54,9.00,136.00,7.00,20.20,16.59,352.00,7.00,8.02,6.76,153.00,11.00,15.66,13.58,319.00,9.00,3.92,3.23,74.00,8.00,0,휴식 (Relax)
7.50,-15.81,2.88,-17.88,-5.50,25.94,24.00,83.91,17.89,52.99,24.00,22.06,24.00,42.76,59.15,156.76,33.00,42.73,123.02,36.02,99.00,13.81,23.11,44.75,16.49,27.70,58.09,24.82,10.00,36.82,39.33,99.03,46.67,59.82,81.74,80.96,44.00,10.42,7.78,30.84,10.00,8.40,14.41,23.11,16.00,9.99,8.50,152.00,8.00,20.57,17.02,352.00,7.00,7.81,6.48,159.00,12.00,15.98,14.27,319.00,9.00,4.11,3.38,69.00,7.00,0,휴식 (Relax)
15.50,16.50,3.19,35.75,8.31,25.94,24.00,83.91,17.89,52.99,24.00,22.06,24.00,42.64,48.36,165.23,34.79,53.32,116.76,30.79,110.00,13.67,20.41,45.82,16.03,23.59,57.80,19.82,15.00,40.16,31.69,120.14,34.79,66.90,90.51,102.24,22.00,12.01,5.30,33.48,8.54,8.13,17.14,26.09,13.00,9.99,8.50,144.00,7.00,20.94,17.88,374.00,8.00,7.58,6.21,143.00,11.00,18.03,15.47,363.00,10.00,4.41,3.61,80.00,8.00,0,휴식 (Relax)
7.00,37.12,-12.50,2.75,5.12,33.83,28.38,83.32,11.31,49.15,31.41,15.78,32.00,56.74,40.97,184.76,15.56,43.99,138.32,36.95,88.00,16.83,15.74,50.78,11.05,22.75,61.48,24.41,10.00,40.16,31.69,120.14,34.79,66.90,90.51,102.24,22.00,14.70,5.98,35.81,11.40,10.87,14.43,23.48,16.00,10.15,8.88,144.00,7.00,22.64,19.59,374.00,7.00,7.99,6.56,148.00,11.00,18.03,15.47,385.00,10.00,4.57,3.84,83.00,8.00,0,휴식 (Relax)
-16.50,-6.88,-11.50,-6.88,2.12,26.15,20.42,90.84,8.00,54.90,38.77,9.08,40.00,56.74,40.97,184.76,15.56,43.99,138.32,36.95,88.00,32.26,5.86,60.16,18.60,38.24,45.54,16.88,26.00,20.94,9.76,132.59,34.79,88.17,72.31,84.38,44.00,14.70,5.98,35.81,11.40,10.87,14.43,23.48,16.00,10.76,9.44,152.00,7.00,22.64,19.59,418.00,8.00,8.48,7.12,142.00,10.00,17.77,15.12,363.00,10.00,4.57,3.84,81.00,7.00,0,휴식 (Relax)
-15.00,-27.50,-1.50,-28.19,-1.00,17.74,15.00,108.30,16.00,35.09,36.21,32.57,16.00,34.83,19.20,205.67,15.56,28.00,136.04,46.57,110.00,32.26,5.86,60.16,18.60,38.24,45.54,16.88,26.00,11.12,6.71,143.20,45.35,87.00,74.30,90.01,33.00,16.58,7.80,33.83,9.49,10.20,15.46,23.08,18.00,11.27,10.12,152.00,5.00,23.66,20.62,418.00,7.00,8.48,7.12,146.00,9.00,18.64,15.81,363.00,9.00,4.51,3.75,84.00,8.00,0,휴식 (Relax)
-6.00,-24.75,4.50,-15.81,-5.81,30.14,30.81,104.95,22.63,32.74,24.23,17.80,32.00,21.70,29.78,236.19,34.79,36.30,110.37,22.49,66.00,32.26,5.86,60.16,18.60,38.24,45.54,16.88,26.00,11.64,28.51,147.78,45.35,67.71,87.51,88.35,55.00,14.46,7.12,35.45,10.82,7.24,18.42,23.95,21.00,11.14,10.00,152.00,5.00,24.13,20.28,385.00,6.00,8.48,7.12,152.00,10.00,19.04,16.41,352.00,9.00,4.69,3.89,78.00,7.00,0,휴식 (Relax)
9.50,-13.75,14.81,48.81,8.19,22.20,25.08,112.71,28.84,25.93,16.34,14.55,40.00,21.70,29.78,236.19,34.79,36.30,110.37,22.49,66.00,27.76,9.35,64.73,26.63,27.54,54.47,27.07,37.00,14.51,18.79,165.51,66.91,51.15,109.49,99.75,77.00,14.46,7.12,35.45,10.82,7.24,18.42,23.95,21.00,11.39,10.50,160.00,6.00,24.13,20.28,330.00,5.00,9.23,7.81,142.00,9.00,21.64,17.96,385.00,9.00,4.69,3.89,83.00,7.00,0,휴식 (Relax)
40.44,63.50,-7.81,14.44,4.81,12.84,43.27,134.83,54.56,56.75,47.51,33.11,7.00,9.86,27.93,248.18,46.32,48.25,121.19,31.23,78.00,30.84,19.22,59.03,22.56,30.37,44.77,17.14,27.00,36.46,37.93,184.25,73.79,45.88,94.70,81.62,55.00,15.24,1.14,41.37,15.00,6.36,18.46,18.66,15.00,15.26,12.56,177.00,5.00,25.87,21.31,353.00,5.00,8.34,7.19,143.00,9.00,21.90,18.56,396.00,8.00,4.85,4.21,83.00,6.00,0,휴식 (Relax)
6.44,37.75,-11.81,-6.19,-1.00,28.82,59.11,130.24,49.65,56.58,40.75,25.34,23.00,34.28,67.44,269.91,55.80,48.51,113.38,15.13,34.00,21.36,15.49,74.90,38.33,23.04,39.47,8.89,11.00,17.48,20.29,188.30,93.98,26.72,99.97,60.79,33.00,15.72,3.98,40.76,16.97,4.53,20.98,15.72,12.00,15.19,12.37,194.00,5.00,27.63,24.31,354.00,5.00,8.84,7.66,142.00,8.00,21.64,17.96,374.00,8.00,4.83,4.12,79.00,6.00,0,휴식 (Relax)
-25.56,-38.56,3.81,2.75,-1.44,28.82,59.11,130.24,49.65,56.58,40.75,25.34,23.00,24.25,58.06,276.17,65.00,59.48,121.49,23.83,23.00,25.82,10.74,73.48,39.56,17.22,43.30,13.02,5.00,42.75,36.39,155.75,88.00,15.68,130.64,27.79,0.00,12.77,5.70,35.03,13.00,2.47,27.81,8.94,5.00,15.19,12.37,194.00,5.00,28.45,24.83,420.00,6.00,8.88,7.81,147.00,8.00,20.39,16.50,363.00,9.00,4.39,3.80,74.00,6.00,0,휴식 (Relax)
-8.56,-16.56,-1.50,-18.56,-3.44,20.41,63.12,139.30,49.65,48.54,25.65,21.95,7.00,24.25,58.06,276.17,65.00,59.48,121.49,23.83,23.00,15.44,21.74,64.64,29.15,13.47,54.29,23.86,6.00,35.79,35.87,161.99,77.00,26.48,140.60,18.28,11.00,12.77,5.70,35.03,13.00,2.47,27.81,8.94,5.00,15.26,12.56,210.00,5.00,28.45,24.83,431.00,6.00,8.60,7.31,147.00,9.00,20.84,17.19,363.00,9.00,4.39,3.80,74.00,6.00,0,휴식 (Relax)
-0.06,4.75,-0.44,24.75,1.38,23.00,70.54,135.45,41.77,43.23,33.26,25.20,15.00,29.25,52.67,274.60,74.69,68.16,114.60,23.28,34.00,1.73,35.93,50.29,38.90,6.63,43.48,8.70,11.00,39.27,28.18,167.97,77.78,31.04,144.87,16.01,22.00,10.41,7.81,35.51,14.42,2.23,27.41,8.11,2.00,15.13,12.07,218.00,5.00,28.44,24.91,431.00,6.00,7.61,6.17,125.00,8.00,21.48,17.88,407.00,10.00,4.39,3.83,73.00,6.00,0,휴식 (Relax)
15.44,36.38,-0.75,34.38,7.19,17.51,63.33,143.42,44.01,35.58,37.83,32.08,23.00,40.81,33.02,293.93,86.68,51.01,113.50,21.56,12.00,4.02,34.54,49.26,35.61,6.38,44.93,8.31,16.00,46.25,7.12,189.54,56.09,46.89,153.84,19.82,0.00,7.67,8.75,38.46,12.04,4.58,29.76,7.81,5.00,15.52,12.63,218.00,5.00,29.67,26.45,453.00,6.00,7.48,5.94,125.00,8.00,22.97,19.25,385.00,9.00,4.63,4.04,71.00,5.00,0,휴식 (Relax)
13.94,46.00,-10.44,10.31,3.69,13.35,60.50,152.55,23.35,44.25,46.54,8.34,1.00,53.56,12.10,311.10,71.06,46.82,129.34,30.01,34.00,1.03,32.11,54.13,31.83,4.31,49.51,11.92,21.00,61.12,26.04,198.95,59.24,26.83,122.69,31.21,33.00,0.86,9.97,43.29,9.00,5.60,21.87,12.73,3.00,15.77,13.06,218.00,5.00,31.28,28.00,409.00,5.00,7.81,6.17,119.00,7.00,22.50,18.73,385.00,5.00,4.62,4.06,72.00,5.00,0,휴식 (Relax)
-17.56,-0.06,-4.44,-0.69,-2.31,12.76,54.67,157.90,29.41,40.74,54.46,0.91,9.00,73.15,32.14,304.27,50.09,78.05,96.48,13.08,1.00,17.02,17.89,64.58,23.77,19.96,35.24,5.03,5.00,61.12,26.04,198.95,59.24,26.83,122.69,31.21,33.00,0.86,9.97,43.29,9.00,5.60,21.87,12.73,3.00,16.21,13.56,250.00,6.00,30.24,26.20,442.00,6.00,7.41,5.83,113.00,5.00,22.50,18.73,374.00,6.00,4.62,4.06,76.00,6.00,0,휴식 (Relax)
-2.06,-22.06,6.19,-12.38,-2.44,10.29,62.66,150.44,34.66,32.74,61.02,8.11,17.00,73.15,32.14,304.27,50.09,78.05,96.48,13.08,1.00,11.73,23.85,66.98,18.03,23.38,34.43,9.90,1.00,61.49,28.78,188.94,56.09,36.60,119.06,42.10,44.00,1.89,8.37,41.29,9.22,5.57,22.36,14.71,5.00,16.03,13.06,250.00,5.00,30.24,26.20,464.00,6.00,7.58,6.11,118.00,6.00,21.96,18.22,385.00,6.00,4.53,3.94,73.00,6.00,0,휴식 (Relax)
-16.56,-22.06,6.19,-13.06,-9.31,29.17,48.41,152.68,25.00,31.67,70.16,31.87,41.00,73.15,32.14,304.27,50.09,78.05,96.48,13.08,1.00,11.73,23.85,66.98,18.03,23.38,34.43,9.90,1.00,59.50,27.14,189.77,45.35,38.32,114.27,32.95,33.00,1.58,10.36,41.98,11.18,4.02,24.14,16.47,7.00,16.52,13.63,258.00,5.00,30.24,26.20,431.00,5.00,7.58,6.11,118.00,6.00,21.38,17.70,330.00,5.00,4.75,4.06,66.00,5.00,0,휴식 (Relax)
15.44,0.62,10.88,10.31,-3.62,29.17,48.41,152.68,25.00,31.67,70.16,31.87,41.00,77.57,37.91,298.69,60.17,67.18,105.27,9.81,10.00,11.87,23.87,68.77,22.80,18.40,39.42,12.60,6.00,72.40,44.97,168.80,45.35,60.26,94.17,29.51,11.00,12.25,19.47,34.89,17.03,14.83,14.17,12.50,4.00,16.52,13.63,282.00,6.00,30.11,25.50,431.00,6.00,7.92,6.41,107.00,5.00,20.01,15.98,319.00,5.00,4.53,3.83,68.00,5.00,0,휴식 (Relax)
7.44,13.00,-5.44,-11.00,4.38,29.17,48.41,152.68,25.00,31.67,70.16,31.87,41.00,95.47,59.84,276.87,71.22,75.29,83.69,25.62,12.00,15.37,21.11,65.37,24.60,20.47,35.89,11.82,1.00,82.56,55.52,161.77,34.79,56.34,104.66,24.99,22.00,12.25,19.47,34.89,17.03,14.83,14.17,12.50,4.00,16.52,13.63,266.00,5.00,29.02,24.12,398.00,5.00,7.61,6.17,123.00,6.00,20.21,16.50,330.00,5.00,4.53,3.83,73.00,6.00,0,휴식 (Relax)
-24.06,-19.31,-1.06,-0.69,1.38,35.02,56.02,154.63,17.00,37.50,77.97,30.30,33.00,106.35,68.50,274.26,62.94,82.49,90.08,14.62,1.00,25.13,11.90,56.00,16.28,27.61,36.77,11.76,11.00,71.56,50.89,156.68,39.66,65.33,110.33,20.61,33.00,12.25,19.47,34.89,17.03,14.83,14.17,12.50,4.00,17.12,14.07,298.00,6.00,29.36,24.81,409.00,6.00,7.12,5.70,118.00,6.00,20.01,15.98,319.00,6.00,4.53,3.83,73.00,5.00,0,휴식 (Relax)
-1.06,0.62,4.56,-2.75,-6.31,30.60,50.41,138.76,23.35,52.11,87.75,38.51,17.00,74.84,70.77,247.99,89.19,113.86,92.32,20.38,32.00,31.01,6.25,56.28,13.00,22.67,40.29,12.99,5.00,43.60,71.63,123.75,22.00,42.85,121.30,47.38,0.00,15.20,14.93,39.14,20.62,19.40,9.33,8.05,1.00,16.61,13.20,314.00,6.00,28.30,22.83,431.00,7.00,7.21,5.99,118.00,6.00,18.03,14.44,308.00,6.00,4.79,4.10,76.00,6.00,0,휴식 (Relax)
13.44,-22.06,4.56,-14.44,-6.31,45.02,66.55,128.35,17.46,56.48,92.20,19.85,41.00,67.24,80.69,238.33,84.17,113.01,98.41,9.52,21.00,31.01,6.25,56.28,13.00,22.67,40.29,12.99,5.00,40.15,82.59,120.74,11.00,36.91,110.89,36.38,11.00,15.20,14.93,39.14,20.62,19.40,9.33,8.05,1.00,16.81,13.56,314.00,6.00,27.63,22.09,442.00,6.00,7.21,5.99,107.00,6.00,17.27,13.92,253.00,5.00,4.79,4.10,62.00,5.00,0,휴식 (Relax)
5.44,-11.75,15.56,-0.69,-5.44,45.02,66.55,128.35,17.46,56.48,92.20,19.85,41.00,64.72,91.03,239.88,74.24,103.07,87.55,19.53,32.00,31.01,6.25,56.28,13.00,22.67,40.29,12.99,5.00,53.30,63.52,88.92,45.35,7.46,73.51,18.16,55.00,20.53,14.82,37.98,13.15,8.74,14.23,6.28,15.00,16.81,13.56,289.00,6.00,27.20,21.66,375.00,5.00,7.21,5.99,96.00,5.00,13.73,10.57,231.00,5.00,4.58,3.80,59.00,5.00,0,휴식 (Relax)
7.50,2.75,3.88,20.62,-0.06,12.57,52.16,99.13,43.08,53.57,61.70,52.56,8.00,74.68,83.03,185.78,69.57,70.91,52.79,72.23,88.00,35.02,17.06,51.98,5.10,19.88,40.71,2.07,16.00,50.61,57.70,99.59,49.19,16.72,73.37,28.14,66.00,23.26,20.62,32.82,7.28,14.73,8.30,0.97,9.00,13.70,11.50,256.00,6.00,23.17,18.22,363.00,8.00,7.09,5.88,102.00,5.00,14.49,11.52,231.00,5.00,4.35,3.34,58.00,4.00,0,휴식 (Relax)
7.50,4.81,-7.44,-12.38,-0.06,12.57,52.16,99.13,43.08,53.57,61.70,52.56,8.00,86.84,111.87,166.71,39.66,50.60,47.41,47.72,55.00,36.02,21.20,47.00,1.00,15.36,36.72,6.72,11.00,50.61,57.70,99.59,49.19,16.72,73.37,28.14,66.00,23.26,20.62,32.82,7.28,14.73,8.30,0.97,9.00,13.70,11.50,224.00,5.00,21.29,16.41,286.00,7.00,6.64,5.56,97.00,5.00,14.49,11.52,253.00,6.00,4.35,3.34,58.00,4.00,0,휴식 (Relax)
-17.00,2.06,-2.06,19.25,5.56,17.53,44.32,91.36,50.60,49.74,58.41,46.75,16.00,90.50,72.25,144.77,73.79,6.78,42.40,56.85,11.00,37.23,20.49,50.10,5.00,11.28,30.76,12.17,5.00,66.19,39.49,81.74,44.00,9.75,95.33,48.93,88.00,25.12,20.20,32.14,2.24,19.53,9.26,5.54,15.00,12.92,11.00,232.00,6.00,18.74,13.58,264.00,7.00,6.60,5.45,96.00,4.00,15.31,13.06,264.00,7.00,4.58,3.80,62.00,5.00,0,휴식 (Relax)
6.00,0.69,-2.06,-24.75,-5.25,28.60,32.06,82.77,48.00,40.58,73.30,54.53,0.00,106.35,70.85,122.77,66.91,23.95,54.46,39.99,33.00,37.23,20.49,50.10,5.00,11.28,30.76,12.17,5.00,66.19,39.49,81.74,44.00,9.75,95.33,48.93,88.00,23.01,18.03,34.95,1.41,22.02,8.89,8.26,18.00,12.81,10.75,248.00,7.00,18.02,11.95,242.00,6.00,6.60,5.45,96.00,4.00,15.31,13.06,264.00,7.00,4.74,3.94,68.00,5.00,0,휴식 (Relax)
-9.50,-40.56,8.25,-22.00,-1.94,24.97,32.57,77.91,56.00,32.60,80.57,57.02,8.00,65.60,46.52,145.34,110.55,52.33,98.46,19.81,77.00,28.09,9.50,60.94,16.00,2.42,31.46,12.13,16.00,23.23,34.04,89.41,62.23,53.75,106.89,46.15,44.00,18.61,13.03,38.47,4.12,23.34,12.81,5.70,13.00,13.03,11.31,248.00,7.00,20.84,15.30,253.00,7.00,6.91,5.88,107.00,5.00,15.56,12.38,253.00,5.00,4.71,3.82,65.00,5.00,0,휴식 (Relax)
-0.50,5.50,7.56,22.69,-1.25,30.45,27.01,62.39,58.24,40.53,76.15,59.34,8.00,32.96,25.50,132.59,112.18,64.05,78.27,37.82,44.00,17.87,8.51,64.41,19.42,8.82,38.34,8.13,5.00,17.05,33.11,82.28,55.00,50.60,96.49,38.87,55.00,7.97,8.94,36.22,10.77,12.35,3.47,11.32,24.00,12.48,10.50,256.00,7.00,18.65,13.75,286.00,8.00,7.15,6.13,97.00,5.00,14.27,11.77,275.00,10.00,4.10,3.38,62.00,5.00,0,휴식 (Relax)
31.44,28.88,-4.06,22.00,9.56,18.50,41.50,66.57,74.73,36.02,86.95,71.20,25.00,12.00,12.89,110.75,90.71,42.89,75.11,16.47,66.00,7.96,18.41,57.86,12.53,11.31,28.34,13.90,15.00,19.87,41.10,92.95,64.14,60.10,86.64,30.09,66.00,10.97,6.74,39.07,12.21,11.42,5.34,13.38,27.00,14.34,11.56,257.00,7.00,15.50,12.72,264.00,8.00,6.34,5.43,103.00,6.00,15.06,12.38,264.00,6.00,4.46,3.56,67.00,6.00,0,휴식 (Relax)
-2.56,27.50,-18.44,-10.31,3.38,11.88,56.78,56.15,79.71,51.35,70.95,56.22,9.00,30.85,32.42,123.22,98.39,47.20,61.55,5.55,88.00,17.88,12.48,67.57,21.84,21.02,22.50,23.76,25.00,21.24,30.21,91.83,70.43,68.89,84.10,20.16,77.00,13.79,3.77,41.07,14.76,9.07,2.40,12.38,24.00,13.62,10.56,274.00,8.00,16.95,13.75,242.00,7.00,7.57,6.13,107.00,5.00,15.30,13.06,286.00,10.00,4.54,3.75,73.00,6.00,0,휴식 (Relax)
-10.06,-16.50,2.56,10.31,0.38,15.87,53.19,64.00,87.09,56.46,65.40,48.22,1.00,30.85,32.42,123.22,98.39,47.20,61.55,5.55,88.00,17.88,12.48,67.57,21.84,21.02,22.50,23.76,25.00,16.62,46.52,72.48,55.00,67.97,98.46,3.79,99.00,13.79,3.77,41.07,14.76,9.07,2.40,12.38,24.00,13.85,11.06,266.00,8.00,16.95,13.75,286.00,8.00,7.57,6.13,128.00,6.00,15.30,13.23,308.00,9.00,4.54,3.75,69.00,5.00,0,휴식 (Relax)
-10.56,-16.50,-3.06,-11.69,-0.06,9.16,50.72,62.84,84.48,53.62,66.37,40.89,7.00,30.85,32.42,123.22,98.39,47.20,61.55,5.55,88.00,22.22,18.24,62.59,16.16,16.46,28.02,28.75,31.00,16.62,46.52,72.48,55.00,67.97,98.46,3.79,99.00,18.10,7.30,34.07,9.22,11.57,8.04,17.14,17.00,13.32,10.56,234.00,7.00,16.95,13.75,264.00,7.00,7.59,6.19,129.00,7.00,15.30,13.23,308.00,9.00,4.21,3.34,64.00,6.00,0,휴식 (Relax)
-1.56,-4.81,3.25,-20.62,-6.75,24.72,64.93,49.16,69.29,37.73,80.07,32.51,23.00,31.91,38.91,126.75,88.68,39.82,59.73,14.35,99.00,25.06,22.64,58.42,18.60,21.21,23.56,26.03,26.00,41.72,69.87,72.74,44.00,96.12,79.06,33.96,66.00,16.62,2.76,36.13,6.32,16.43,12.66,22.01,12.00,12.87,9.76,234.00,7.00,16.94,13.84,264.00,7.00,7.35,5.88,119.00,7.00,15.98,13.75,297.00,10.00,4.52,3.66,63.00,5.00,0,휴식 (Relax)
6.44,6.88,7.25,21.31,3.44,24.72,64.93,49.16,69.29,37.73,80.07,32.51,23.00,39.64,49.91,119.03,83.77,50.56,53.23,9.76,88.00,25.49,22.85,57.18,11.05,28.01,24.69,29.12,10.00,8.73,37.93,101.29,11.00,99.77,94.70,66.29,33.00,17.57,3.95,34.30,3.61,16.11,11.59,19.07,15.00,12.87,9.76,210.00,7.00,16.44,13.23,242.00,7.00,7.32,5.78,119.00,7.00,16.71,14.61,330.00,9.00,4.32,3.49,70.00,6.00,0,휴식 (Relax)
11.94,15.81,1.88,9.62,3.44,25.09,60.89,58.18,34.66,34.77,70.70,39.56,17.00,12.51,34.49,150.43,55.00,65.65,22.47,38.19,55.00,29.87,28.45,51.86,17.03,31.13,19.26,24.84,16.00,4.81,34.71,109.66,15.56,108.60,83.80,57.11,44.00,17.57,3.95,34.30,3.61,16.11,11.59,19.07,15.00,11.47,9.06,194.00,7.00,16.49,12.89,231.00,6.00,7.27,5.59,118.00,6.00,16.90,15.30,341.00,9.00,4.32,3.49,62.00,5.00,0,휴식 (Relax)
-4.06,15.12,-8.44,-1.38,0.12,25.09,60.89,58.18,34.66,34.77,70.70,39.56,17.00,8.97,42.36,152.10,49.19,71.24,33.31,27.39,66.00,19.57,19.19,60.85,20.81,41.90,9.25,15.82,27.00,4.81,34.71,109.66,15.56,108.60,83.80,57.11,44.00,13.06,3.61,35.45,2.83,13.00,6.85,22.17,10.00,11.47,9.06,194.00,7.00,16.90,13.41,209.00,5.00,7.57,6.13,129.00,7.00,16.90,15.30,341.00,10.00,4.15,3.16,65.00,5.00,0,휴식 (Relax)
-18.06,-17.88,-3.06,-33.00,-4.88,8.15,30.56,89.76,25.00,66.19,38.73,52.27,15.00,8.97,42.36,152.10,49.19,71.24,33.31,27.39,66.00,13.59,19.68,60.15,25.94,41.04,11.77,21.48,21.00,17.22,13.35,131.54,34.79,114.57,89.72,64.21,22.00,13.06,3.61,35.45,2.83,13.00,6.85,22.17,10.00,11.99,9.32,202.00,7.00,16.90,13.41,231.00,6.00,7.59,6.19,123.00,7.00,18.65,16.50,363.00,8.00,4.15,3.16,70.00,6.00,0,휴식 (Relax)
-1.56,-27.50,3.62,-10.31,-2.06,16.13,29.04,92.16,17.46,64.63,44.44,45.26,7.00,27.80,33.31,170.73,44.00,70.60,42.36,43.32,44.00,4.58,29.62,49.84,23.02,31.59,16.92,10.61,32.00,27.64,5.28,137.02,39.66,103.57,94.48,64.01,33.00,10.19,6.24,32.83,2.24,15.92,6.24,22.30,7.00,11.90,8.95,218.00,7.00,18.24,15.12,231.00,5.00,6.74,5.50,118.00,8.00,18.84,17.19,363.00,9.00,3.99,2.96,68.00,6.00,0,휴식 (Relax)
6.44,-4.81,8.31,22.69,2.75,16.13,29.04,92.16,17.46,64.63,44.44,45.26,7.00,38.74,40.91,169.63,55.00,60.06,31.44,38.06,55.00,6.93,25.17,53.50,28.02,27.48,21.92,7.12,37.00,27.64,5.28,137.02,39.66,103.57,94.48,64.01,33.00,8.19,7.95,33.36,1.41,15.65,4.56,23.31,10.00,11.90,8.95,226.00,8.00,18.23,15.21,253.00,5.00,7.02,5.81,112.00,7.00,18.84,17.19,363.00,9.00,4.05,3.19,73.00,7.00,0,휴식 (Relax)
6.44,26.81,-7.69,30.94,8.19,16.13,29.04,92.16,17.46,64.63,44.44,45.26,7.00,21.66,19.05,190.61,59.24,48.74,19.05,44.29,77.00,6.93,25.17,53.50,28.02,27.48,21.92,7.12,37.00,38.34,38.91,180.16,73.79,79.96,59.73,42.28,11.00,10.86,11.92,42.25,8.06,8.07,13.27,18.00,1.00,11.90,8.95,202.00,7.00,19.43,16.41,286.00,6.00,7.02,5.81,123.00,8.00,20.29,18.56,341.00,8.00,4.57,3.79,73.00,6.00,0,휴식 (Relax)
-2.56,35.75,-7.38,-0.69,2.38,17.21,20.13,92.82,18.36,62.50,28.51,33.74,9.00,35.31,26.94,212.93,90.71,33.29,26.94,26.60,44.00,8.28,23.12,58.49,33.02,22.53,22.57,7.67,32.00,18.22,28.81,176.68,85.91,57.99,65.21,37.29,33.00,8.24,12.13,40.82,8.94,5.36,15.78,15.90,2.00,11.02,8.20,186.00,7.00,21.48,18.22,297.00,6.00,7.24,6.12,123.00,8.00,19.63,17.27,330.00,8.00,4.41,3.58,68.00,5.00,0,휴식 (Relax)
-9.56,2.75,-7.06,-12.38,1.88,10.19,18.79,107.00,9.00,48.05,18.79,33.44,25.00,35.31,26.94,212.93,90.71,33.29,26.94,26.60,44.00,12.73,18.78,60.85,33.24,25.52,18.48,8.93,37.00,29.05,24.07,167.05,77.78,54.07,75.58,35.19,44.00,16.16,7.07,36.09,4.00,10.30,19.44,9.49,10.00,11.21,8.15,178.00,6.00,21.48,18.22,286.00,5.00,7.44,6.44,112.00,7.00,19.00,16.67,341.00,8.00,4.20,3.38,65.00,5.00,0,휴식 (Relax)
-17.06,-30.94,-6.06,-23.38,-5.94,11.66,17.00,113.07,17.00,54.56,17.00,29.56,17.00,46.22,34.49,201.93,80.08,27.48,22.47,19.43,33.00,28.73,4.51,52.74,17.46,35.59,34.43,10.30,21.00,29.05,24.07,167.05,77.78,54.07,75.58,35.19,44.00,13.31,9.82,39.06,1.00,12.84,19.33,6.94,13.00,11.79,8.46,178.00,6.00,20.29,17.45,275.00,5.00,7.24,6.20,112.00,7.00,19.00,16.67,308.00,7.00,4.39,3.56,73.00,6.00,0,휴식 (Relax)
-8.56,-28.88,9.94,-10.31,-5.75,15.09,12.68,111.03,18.79,56.57,23.35,35.66,25.00,23.48,45.45,217.18,77.78,55.90,18.83,21.43,0.00,28.73,4.51,52.74,17.46,35.59,34.43,10.30,21.00,20.04,56.64,161.61,59.24,30.09,72.54,63.52,11.00,11.30,12.60,39.91,3.16,13.49,21.48,9.87,10.00,11.99,8.77,153.00,5.00,21.61,19.25,253.00,5.00,7.24,6.20,117.00,7.00,18.43,15.81,319.00,7.00,4.58,3.75,62.00,5.00,0,휴식 (Relax)
9.00,5.50,4.56,22.69,5.44,32.89,14.78,86.49,11.31,31.68,6.12,12.73,0.00,33.23,67.41,205.02,56.09,43.99,27.92,20.61,22.00,24.89,3.23,55.25,11.70,36.60,35.26,10.60,27.00,20.04,56.64,161.61,59.24,30.09,72.54,63.52,11.00,10.95,14.15,37.70,5.00,10.50,18.49,6.95,13.00,8.89,7.25,136.00,6.00,20.58,17.88,286.00,6.00,7.33,6.44,107.00,7.00,18.43,15.81,319.00,7.00,4.29,3.56,67.00,6.00,0,휴식 (Relax)
16.00,37.81,-7.06,10.31,8.06,25.28,17.13,96.56,25.30,27.55,21.78,5.51,16.00,23.43,59.73,215.90,59.24,52.48,38.91,30.07,33.00,24.80,10.36,49.43,12.53,26.74,27.32,8.42,17.00,6.07,62.86,176.89,55.00,11.14,50.82,44.10,33.00,10.16,16.16,43.27,9.85,9.42,15.26,4.42,19.00,9.80,8.00,136.00,1.00,21.64,18.56,275.00,5.00,6.25,5.81,97.00,7.00,18.43,15.90,308.00,6.00,4.72,3.94,67.00,5.00,0,휴식 (Relax)
-8.00,24.06,-11.06,0.00,-2.81,25.28,17.13,96.56,25.30,27.55,21.78,5.51,16.00,21.33,76.84,230.80,24.60,27.80,33.37,14.01,11.00,20.78,14.61,65.29,7.81,22.28,11.34,17.80,1.00,12.18,52.56,181.10,44.00,19.18,45.58,39.15,44.00,10.80,14.24,43.24,9.22,11.36,16.10,5.69,21.00,9.80,8.00,160.00,2.00,22.08,18.82,286.00,5.00,6.80,6.20,96.00,6.00,18.24,15.12,297.00,3.00,4.77,4.06,78.00,6.00,0,휴식 (Relax)
-0.50,-9.62,4.56,-11.00,-0.81,30.26,24.00,88.57,17.89,33.62,24.00,9.70,24.00,31.09,87.79,223.52,15.56,18.25,22.81,6.63,0.00,23.19,8.66,63.89,5.00,28.00,8.66,22.09,5.00,12.18,52.56,181.10,44.00,19.18,45.58,39.15,44.00,10.80,14.24,43.24,9.22,11.36,16.10,5.69,21.00,9.58,7.62,160.00,6.00,21.61,18.05,308.00,6.00,6.89,6.44,106.00,6.00,18.24,15.12,297.00,3.00,4.77,4.06,73.00,6.00,0,휴식 (Relax)
-23.00,-49.94,9.25,-22.00,-7.81,12.36,27.71,99.40,35.78,36.50,27.71,30.37,48.00,30.32,61.37,264.77,33.84,28.68,24.34,44.64,43.00,27.35,7.07,68.12,10.00,25.24,7.07,20.15,0.00,12.18,52.56,181.10,44.00,19.18,45.58,39.15,44.00,10.80,14.24,43.24,9.22,11.36,16.10,5.69,21.00,11.27,9.25,176.00,7.00,25.04,21.07,340.00,5.00,7.20,6.75,106.00,6.00,18.24,15.12,264.00,2.00,4.77,4.06,70.00,5.00,0,휴식 (Relax)
9.00,4.06,9.25,11.69,-5.31,12.36,27.71,99.40,35.78,36.50,27.71,30.37,48.00,30.32,61.37,264.77,33.84,28.68,24.34,44.64,43.00,27.35,7.07,68.12,10.00,25.24,7.07,20.15,0.00,21.94,57.67,173.27,45.35,30.12,35.67,31.88,33.00,18.80,19.32,40.80,2.24,19.29,15.77,3.76,13.00,11.27,9.25,200.00,8.00,25.04,21.07,383.00,6.00,7.20,6.75,101.00,6.00,17.60,14.52,286.00,6.00,4.93,4.23,72.00,5.00,0,휴식 (Relax)
32.94,15.06,8.94,22.00,5.50,28.59,16.96,116.09,51.55,52.89,42.74,26.53,31.00,30.32,61.37,264.77,33.84,28.68,24.34,44.64,43.00,32.22,12.07,67.10,5.00,30.08,2.07,22.97,5.00,15.67,46.98,183.54,56.09,36.51,34.36,23.46,22.00,16.09,16.33,43.75,5.10,20.35,18.37,6.68,10.00,13.42,10.08,209.00,5.00,25.04,21.07,394.00,6.00,7.48,7.06,90.00,5.00,18.24,15.12,286.00,3.00,5.09,4.44,80.00,5.00,0,휴식 (Relax)
7.44,35.69,-11.75,0.00,5.12,36.47,21.66,118.07,49.65,52.13,35.51,23.99,39.00,12.63,41.71,282.53,33.84,6.90,26.12,59.04,65.00,28.25,9.24,71.98,7.07,31.26,3.83,27.49,10.00,15.67,46.98,183.54,56.09,36.51,34.36,23.46,22.00,13.06,13.31,47.19,7.07,24.82,12.76,1.53,16.00,13.56,10.63,218.00,5.00,26.40,22.27,383.00,5.00,7.86,7.38,106.00,6.00,18.24,15.12,275.00,3.00,5.25,4.75,75.00,5.00,0,휴식 (Relax)
-9.06,11.62,-6.44,-2.06,-1.19,43.50,29.66,111.94,41.77,44.91,38.61,29.05,31.00,33.81,47.43,277.37,11.05,34.40,47.10,52.94,32.00,26.36,12.07,74.92,5.00,35.20,2.07,22.49,5.00,42.20,49.82,154.15,24.60,3.74,67.35,9.66,11.00,14.23,16.10,44.94,5.00,20.67,15.19,5.16,11.00,13.07,10.20,218.00,6.00,26.10,21.41,394.00,5.00,8.02,7.69,105.00,5.00,16.14,13.58,253.00,6.00,5.04,4.44,78.00,6.00,0,휴식 (Relax)
-8.56,-32.38,-1.06,-23.38,-3.19,38.65,24.66,119.17,41.00,39.11,37.12,36.60,23.00,33.81,47.43,277.37,11.05,34.40,47.10,52.94,32.00,27.56,18.07,72.10,1.00,30.29,3.93,28.15,11.00,31.22,39.71,162.99,31.11,11.54,75.39,19.96,22.00,14.23,16.10,44.94,5.00,20.67,15.19,5.16,11.00,13.26,10.63,210.00,5.00,26.10,21.41,416.00,6.00,7.94,7.45,105.00,5.00,16.90,14.09,242.00,5.00,5.04,4.44,75.00,5.00,0,휴식 (Relax)
-0.06,-0.06,5.25,10.31,-1.00,38.05,27.63,119.15,33.00,36.47,43.53,28.64,31.00,44.13,57.16,270.53,14.87,25.95,53.80,61.94,21.00,31.02,21.89,67.11,5.10,29.34,3.56,24.52,6.00,21.93,29.52,160.89,24.60,9.29,75.25,12.89,11.00,11.49,14.00,46.10,5.83,17.70,17.66,4.61,14.00,13.12,10.08,218.00,5.00,25.96,20.57,416.00,5.00,7.64,7.09,95.00,5.00,16.25,13.23,264.00,6.00,5.02,4.38,71.00,5.00,0,휴식 (Relax)
7.94,1.31,4.56,11.69,2.38,38.05,27.63,119.15,33.00,36.47,43.53,28.64,31.00,30.77,53.80,260.25,14.87,9.37,57.16,83.72,1.00,21.04,22.86,71.44,13.00,19.02,14.54,23.16,5.00,22.58,30.50,139.59,11.00,12.72,60.56,25.61,33.00,5.53,15.69,42.24,3.16,21.43,11.90,5.45,8.00,13.12,10.08,218.00,5.00,25.33,19.68,405.00,6.00,7.58,7.06,95.00,5.00,14.27,11.86,231.00,6.00,4.62,3.95,68.00,6.00,0,휴식 (Relax)
-0.06,13.69,-1.75,0.69,-0.44,38.05,27.63,119.15,33.00,36.47,43.53,28.64,31.00,37.83,71.61,238.29,33.84,15.54,69.41,62.79,21.00,16.11,27.44,68.31,15.62,22.99,11.44,21.20,0.00,22.58,30.50,139.59,11.00,12.72,60.56,25.61,33.00,2.70,18.57,39.35,1.00,22.74,13.45,5.22,11.00,13.12,10.08,218.00,6.00,24.00,18.82,383.00,6.00,7.41,6.75,101.00,6.00,14.27,11.86,231.00,5.00,4.58,3.80,71.00,7.00,0,휴식 (Relax)
-0.56,-7.62,3.56,0.00,2.56,30.70,26.66,116.57,33.96,41.67,42.65,27.58,39.00,47.53,82.30,234.94,32.00,18.83,58.43,71.19,10.00,5.80,37.78,57.73,10.05,27.33,13.52,29.44,11.00,12.19,20.92,134.52,15.56,21.99,69.90,25.16,22.00,2.70,18.57,39.35,1.00,22.74,13.45,5.22,11.00,12.95,9.70,210.00,6.00,24.07,19.34,372.00,6.00,7.26,6.51,107.00,7.00,14.02,11.00,220.00,3.00,4.58,3.80,66.00,7.00,0,휴식 (Relax)
-9.06,-19.31,-7.44,-22.00,-2.62,22.73,32.93,108.61,41.77,34.41,48.72,25.53,31.00,36.54,76.99,226.49,43.00,29.68,50.66,77.32,1.00,5.80,37.78,57.73,10.05,27.33,13.52,29.44,11.00,12.19,20.92,134.52,15.56,21.99,69.90,25.16,22.00,4.58,18.04,36.76,3.16,22.13,15.96,3.15,8.00,12.45,9.33,210.00,6.00,23.36,18.48,383.00,6.00,7.26,6.51,102.00,7.00,14.02,11.00,231.00,3.00,4.41,3.66,71.00,8.00,0,휴식 (Relax)
5.94,-9.69,-1.75,-0.69,-0.94,8.91,48.72,101.97,41.77,36.67,32.93,36.07,47.00,17.40,86.88,207.10,48.30,32.05,53.68,74.79,21.00,13.31,42.31,48.27,14.14,27.51,23.36,18.77,0.00,3.92,28.81,131.24,11.00,20.71,65.21,34.77,11.00,8.42,21.56,32.84,5.00,18.00,11.19,7.66,13.00,12.32,9.32,210.00,6.00,22.15,16.77,361.00,5.00,6.93,6.12,102.00,7.00,13.73,10.48,220.00,5.00,4.18,3.42,62.00,7.00,0,휴식 (Relax)
5.94,1.31,8.94,21.31,-5.25,8.91,48.72,101.97,41.77,36.67,32.93,36.07,47.00,17.40,86.88,207.10,48.30,32.05,53.68,74.79,21.00,10.63,37.47,52.50,18.03,32.45,27.96,15.30,5.00,3.92,28.81,131.24,11.00,20.71,65.21,34.77,11.00,8.47,10.63,31.16,14.56,9.90,12.12,18.63,24.00,12.32,9.32,202.00,6.00,22.15,16.77,339.00,6.00,7.22,6.44,102.00,7.00,13.73,10.48,231.00,6.00,4.19,3.22,64.00,7.00,0,휴식 (Relax)
29.88,13.69,-2.38,-10.31,3.12,19.94,49.46,117.65,41.98,22.28,39.87,52.99,64.00,28.23,69.58,185.98,61.52,32.63,74.76,60.68,1.00,11.81,33.21,52.03,21.21,30.18,26.32,17.29,0.00,19.90,23.89,112.70,24.60,40.56,86.11,16.16,33.00,14.10,8.66,25.78,17.20,7.73,6.41,13.45,18.00,14.08,10.52,203.00,5.00,20.61,15.73,339.00,6.00,7.02,6.12,108.00,8.00,13.73,10.57,253.00,7.00,3.62,2.78,61.00,5.00,0,휴식 (Relax)
-18.62,-6.25,2.62,-9.62,-1.88,11.97,54.19,117.73,34.21,26.11,47.78,60.23,72.00,52.93,76.20,166.83,45.12,0.77,49.46,89.69,32.00,26.04,33.94,37.37,15.03,22.08,22.71,21.68,16.00,29.83,33.68,115.68,22.00,41.13,81.30,22.21,22.00,14.10,8.66,25.78,17.20,7.73,6.41,13.45,18.00,14.60,10.95,244.00,6.00,19.66,14.97,328.00,6.00,6.28,5.45,98.00,8.00,13.95,11.34,242.00,6.00,3.62,2.78,64.00,6.00,0,휴식 (Relax)
-10.12,-16.56,7.31,11.00,0.12,4.81,62.16,125.27,37.12,18.46,41.71,54.98,64.00,60.57,86.56,173.61,34.48,11.50,49.53,78.69,21.00,31.03,38.41,33.65,10.05,27.03,26.13,17.50,11.00,20.33,15.78,93.75,44.00,62.82,91.99,37.03,0.00,14.10,8.66,25.78,17.20,7.73,6.41,13.45,18.00,14.82,11.39,228.00,6.00,20.06,15.74,296.00,6.00,6.53,5.73,98.00,8.00,14.02,11.00,253.00,4.00,3.62,2.78,59.00,5.00,0,휴식 (Relax)
-3.62,-18.56,-3.00,-32.31,-8.75,26.34,46.56,110.92,19.24,29.69,47.79,53.82,40.00,55.08,59.73,143.30,39.66,38.38,38.91,50.47,11.00,21.76,28.31,31.19,15.62,33.85,37.13,7.45,0.00,18.97,17.65,99.33,45.35,69.02,102.85,44.16,11.00,15.41,10.20,27.77,18.87,7.16,6.00,13.12,20.00,13.23,10.08,204.00,5.00,16.37,13.49,242.00,5.00,6.29,5.50,109.00,9.00,15.30,11.95,264.00,7.00,3.88,2.94,66.00,6.00,0,휴식 (Relax)
11.88,-6.88,13.62,22.00,2.75,33.39,49.23,115.76,26.57,23.03,40.15,49.98,48.00,50.70,61.55,144.07,49.19,41.16,32.42,45.65,22.00,25.12,30.65,36.91,20.00,32.15,41.48,2.28,6.00,24.00,23.34,105.91,34.79,64.34,111.91,49.60,22.00,14.53,11.94,24.96,16.12,1.96,5.43,11.76,28.00,13.53,10.64,195.00,6.00,16.44,13.75,242.00,5.00,6.91,5.88,126.00,10.00,16.04,12.38,308.00,5.00,3.75,2.81,67.00,8.00,0,휴식 (Relax)
-2.06,25.44,-2.69,22.00,5.75,26.63,21.91,84.60,34.66,45.24,17.94,34.11,81.00,58.43,67.78,153.81,45.35,34.23,22.08,47.43,33.00,24.22,35.42,31.23,16.03,21.46,43.72,9.25,17.00,24.00,23.34,105.91,34.79,64.34,111.91,49.60,22.00,14.53,11.94,24.96,16.12,1.96,5.43,11.76,28.00,11.31,8.58,186.00,7.00,17.27,14.44,253.00,6.00,6.66,5.52,122.00,10.00,16.04,12.38,286.00,5.00,3.75,2.81,70.00,8.00,0,휴식 (Relax)
5.94,36.44,-12.69,-10.31,2.94,26.63,21.91,84.60,34.66,45.24,17.94,34.11,81.00,58.43,67.78,153.81,45.35,34.23,22.08,47.43,33.00,24.22,35.42,31.23,16.03,21.46,43.72,9.25,17.00,13.08,17.15,105.36,24.60,69.57,118.25,52.58,11.00,12.22,9.55,22.49,16.03,4.93,7.93,13.73,25.00,11.31,8.58,178.00,7.00,17.27,14.44,242.00,6.00,6.66,5.52,127.00,10.00,16.25,13.23,319.00,9.00,3.53,2.58,67.00,7.00,0,휴식 (Relax)
-17.56,-6.19,-7.69,-9.62,-0.06,34.17,16.17,92.05,29.68,43.75,25.86,28.32,89.00,36.50,52.36,162.06,45.35,44.60,37.05,30.15,11.00,24.22,35.42,31.23,16.03,21.46,43.72,9.25,17.00,3.38,23.96,115.60,31.11,76.42,107.36,45.61,22.00,12.22,9.55,22.49,16.03,4.93,7.93,13.73,25.00,11.90,8.95,202.00,8.00,16.94,13.84,242.00,6.00,6.66,5.52,127.00,10.00,16.44,13.92,297.00,8.00,3.53,2.58,68.00,8.00,0,휴식 (Relax)
-9.56,-17.88,2.94,-20.62,-2.06,34.17,16.17,92.05,29.68,43.75,25.86,28.32,89.00,46.48,51.88,151.07,34.79,40.99,40.80,20.98,0.00,18.46,34.79,31.78,22.02,27.43,38.42,12.19,23.00,3.38,23.96,115.60,31.11,76.42,107.36,45.61,22.00,12.22,9.55,22.49,16.03,4.93,7.93,13.73,25.00,11.90,8.95,202.00,8.00,15.98,13.23,220.00,5.00,6.67,5.56,132.00,10.00,16.44,13.92,275.00,7.00,3.53,2.58,68.00,8.00,0,휴식 (Relax)
5.94,-6.19,13.25,22.69,-1.94,27.36,10.87,95.64,26.25,49.21,26.15,36.30,81.00,39.37,59.73,155.02,33.00,30.24,38.91,11.13,11.00,7.52,43.13,42.60,25.06,26.22,42.61,13.31,12.00,10.72,18.79,120.61,39.66,76.59,109.49,56.45,11.00,10.41,11.54,23.57,14.04,6.76,8.76,11.92,27.00,11.99,9.32,210.00,8.00,16.02,13.23,231.00,5.00,7.45,6.25,143.00,10.00,17.16,14.52,319.00,8.00,3.56,2.70,65.00,6.00,0,휴식 (Relax)
13.44,4.81,6.94,22.00,0.25,24.13,4.08,103.60,18.79,52.60,20.03,28.88,89.00,39.37,59.73,155.02,33.00,30.24,38.91,11.13,11.00,4.18,48.07,45.40,20.81,21.48,44.21,9.78,17.00,20.39,26.20,131.54,46.67,66.18,115.54,45.84,22.00,8.81,13.90,22.09,14.56,7.27,5.90,14.05,24.00,12.39,9.88,210.00,7.00,16.02,13.23,231.00,6.00,7.64,6.56,143.00,9.00,17.82,15.12,308.00,6.00,3.47,2.56,64.00,6.00,0,휴식 (Relax)
12.44,36.44,-18.12,-10.31,5.88,30.58,12.00,109.26,29.41,36.75,36.03,41.44,73.00,41.41,48.38,175.61,39.66,26.81,60.91,33.06,11.00,15.37,40.95,54.62,31.91,15.62,58.30,8.50,32.00,14.34,15.35,128.92,55.00,59.26,126.41,38.00,33.00,10.82,14.08,28.08,8.94,13.27,2.42,17.61,18.00,12.78,10.56,210.00,7.00,18.12,14.95,242.00,5.00,8.90,7.50,163.00,9.00,18.02,15.81,341.00,9.00,3.79,2.91,67.00,6.00,0,휴식 (Relax)
-18.56,-7.56,-2.75,11.00,0.06,18.32,12.04,120.70,24.02,36.61,48.84,52.60,57.00,41.41,48.38,175.61,39.66,26.81,60.91,33.06,11.00,20.43,43.87,60.23,29.15,10.28,53.06,7.59,26.00,17.13,23.23,119.95,49.19,65.82,135.41,36.26,44.00,10.56,11.61,27.22,8.06,14.70,5.22,18.95,15.00,13.62,11.56,234.00,8.00,18.12,14.95,275.00,6.00,8.90,7.47,167.00,8.00,18.24,16.50,341.00,8.00,3.72,2.70,68.00,5.00,0,휴식 (Relax)
4.44,-18.56,2.56,-1.38,-0.06,33.02,4.03,106.54,8.06,52.43,55.01,61.82,41.00,41.41,48.38,175.61,39.66,26.81,60.91,33.06,11.00,15.84,33.21,60.71,39.56,6.18,51.45,16.64,15.00,30.38,34.99,101.64,69.57,45.43,132.86,34.69,22.00,9.86,13.60,25.64,10.05,13.69,7.01,19.34,13.00,13.39,11.12,242.00,8.00,18.12,14.95,275.00,6.00,8.70,7.19,168.00,9.00,17.34,15.30,330.00,10.00,3.68,2.59,66.00,6.00,0,휴식 (Relax)
-18.06,-28.19,-3.44,-22.00,-6.62,9.43,21.90,106.25,26.25,67.62,54.28,73.24,17.00,59.36,29.81,192.55,24.60,37.07,47.51,45.51,33.00,15.84,33.21,60.71,39.56,6.18,51.45,16.64,15.00,25.71,39.88,98.48,66.00,51.93,148.75,38.28,0.00,15.18,10.62,31.95,12.81,6.73,11.63,19.58,6.00,14.14,12.06,266.00,9.00,19.43,15.98,275.00,5.00,8.70,7.19,163.00,9.00,18.24,16.50,330.00,8.00,4.06,3.09,68.00,5.00,0,휴식 (Relax)
5.94,-5.50,7.56,1.38,-4.62,9.43,21.90,106.25,26.25,67.62,54.28,73.24,17.00,70.31,31.31,190.00,15.56,27.16,58.10,42.17,22.00,15.84,33.21,60.71,39.56,6.18,51.45,16.64,15.00,42.13,61.33,78.25,88.00,30.19,126.82,42.87,22.00,15.18,10.62,31.95,12.81,6.73,11.63,19.58,6.00,14.14,12.06,265.00,10.00,19.45,15.81,286.00,5.00,8.70,7.19,163.00,9.00,17.34,15.12,319.00,9.00,4.06,3.09,62.00,4.00,0,휴식 (Relax)
22.50,26.81,2.19,41.94,11.81,9.90,24.90,99.44,17.89,58.64,45.48,72.55,8.00,59.89,22.08,200.82,11.00,30.69,67.78,45.72,11.00,21.25,36.46,57.92,41.63,11.28,47.21,13.19,21.00,14.51,35.18,124.96,103.77,57.55,100.68,91.92,77.00,6.80,2.23,40.42,19.72,5.36,18.25,25.59,15.00,13.03,11.50,232.00,9.00,20.20,16.76,297.00,5.00,8.67,7.09,162.00,8.00,20.29,17.45,363.00,9.00,5.00,3.63,74.00,5.00,0,휴식 (Relax)
5.00,45.38,-12.81,7.56,8.12,17.18,38.91,93.98,22.63,52.90,28.11,66.76,16.00,42.33,33.05,235.09,44.00,24.72,72.11,37.14,66.00,5.26,20.74,73.91,27.80,25.27,50.51,20.28,37.00,33.70,54.31,126.16,122.98,41.96,91.79,70.03,55.00,9.04,8.78,48.23,27.02,14.17,7.93,15.46,4.00,12.29,10.62,240.00,9.00,23.29,20.28,308.00,5.00,9.26,7.81,173.00,9.00,20.10,17.19,374.00,8.00,5.40,4.22,75.00,5.00,0,휴식 (Relax)
-3.50,10.31,-2.12,7.56,1.94,23.68,46.86,86.34,17.89,45.70,27.35,70.71,8.00,67.78,61.72,223.98,55.00,29.63,41.91,44.26,33.00,6.63,12.59,78.44,35.61,26.82,40.71,10.39,26.00,33.70,54.31,126.16,122.98,41.96,91.79,70.03,55.00,11.96,11.08,47.42,25.24,12.34,9.12,18.44,7.00,11.99,10.06,240.00,10.00,22.83,20.11,341.00,5.00,9.03,7.39,172.00,8.00,20.10,17.19,330.00,7.00,5.41,4.32,72.00,5.00,0,휴식 (Relax)
-3.50,-12.38,-2.12,-36.44,-6.31,23.68,46.86,86.34,17.89,45.70,27.35,70.71,8.00,78.70,66.97,213.06,46.67,19.79,52.67,35.50,44.00,6.63,12.59,78.44,35.61,26.82,40.71,10.39,26.00,33.70,54.31,126.16,122.98,41.96,91.79,70.03,55.00,15.91,12.44,43.47,22.02,10.55,10.73,14.65,3.00,11.99,10.06,224.00,9.00,22.30,19.59,352.00,6.00,9.03,7.39,155.00,7.00,20.10,17.19,319.00,7.00,5.02,4.10,68.00,5.00,0,휴식 (Relax)
-10.00,-43.31,-1.06,-33.00,-5.81,28.89,54.75,78.37,22.63,44.99,51.33,47.57,32.00,47.97,80.70,231.15,73.79,41.48,76.35,12.03,77.00,23.16,28.40,62.38,24.60,37.33,35.32,6.86,9.00,62.27,90.48,124.48,110.00,76.23,82.57,76.11,0.00,9.89,16.56,48.16,18.03,2.68,18.65,10.37,5.00,11.83,10.00,216.00,8.00,24.74,21.23,352.00,5.00,8.18,6.33,138.00,6.00,21.30,17.88,319.00,5.00,5.22,4.27,65.00,5.00,0,휴식 (Relax)
-2.00,-18.56,20.50,11.69,-5.12,28.89,54.75,78.37,22.63,44.99,51.33,47.57,32.00,39.13,124.34,212.04,66.91,29.00,81.01,50.18,33.00,11.76,14.70,66.84,46.32,37.25,52.95,29.77,14.00,73.12,101.29,115.46,99.00,78.88,73.95,68.00,11.00,13.08,27.56,44.15,8.49,12.98,12.19,14.10,6.00,11.83,10.00,216.00,7.00,24.51,20.45,363.00,5.00,9.74,7.81,151.00,7.00,20.75,17.27,330.00,7.00,5.22,4.05,62.00,5.00,0,휴식 (Relax)
21.00,5.50,7.19,20.62,8.50,13.17,41.96,88.26,35.78,59.24,53.36,62.34,16.00,66.01,151.40,179.07,34.79,4.14,52.25,18.56,66.00,29.55,32.44,53.62,46.10,54.97,32.95,13.90,7.00,41.83,86.64,144.74,104.36,111.80,41.10,39.79,44.00,8.06,23.64,50.11,6.00,15.55,15.91,17.17,12.00,12.92,11.00,216.00,7.00,22.68,17.88,341.00,5.00,9.38,7.56,158.00,7.00,21.26,17.88,341.00,7.00,5.61,4.56,73.00,5.00,0,휴식 (Relax)
-4.00,25.44,-8.81,-2.06,2.31,3.28,44.42,82.75,32.00,61.57,40.14,51.60,32.00,33.14,147.04,195.26,55.00,35.61,20.04,25.47,99.00,29.55,32.44,53.62,46.10,54.97,32.95,13.90,7.00,35.30,92.33,144.82,93.98,107.48,48.63,50.30,33.00,5.36,24.31,51.64,3.00,17.31,12.92,16.52,9.00,12.00,10.00,232.00,8.00,23.57,19.51,352.00,5.00,9.38,7.56,163.00,7.00,21.02,17.19,352.00,8.00,5.64,4.73,77.00,5.00,0,휴식 (Relax)
-4.50,12.38,-3.44,-3.44,-0.81,11.27,51.74,74.83,24.00,53.63,48.11,54.02,24.00,8.93,171.52,179.01,44.00,40.80,45.17,9.52,66.00,24.32,30.86,55.40,47.76,57.21,31.14,13.18,1.00,39.25,114.01,125.24,88.68,92.61,52.26,28.60,55.00,3.41,26.09,50.51,3.61,15.42,14.33,16.12,11.00,11.65,9.50,216.00,7.00,23.29,19.25,352.00,5.00,9.40,7.62,157.00,7.00,20.10,15.81,308.00,7.00,5.60,4.64,80.00,6.00,0,휴식 (Relax)
-4.00,-19.94,-2.38,-22.69,-0.94,4.78,44.49,79.22,25.30,50.08,53.71,54.49,16.00,10.21,160.60,190.00,55.00,51.64,50.21,18.23,55.00,20.19,42.96,44.45,32.25,40.23,46.38,24.29,18.00,29.30,82.69,162.14,45.35,51.45,94.30,26.41,99.00,1.44,27.99,48.54,5.39,15.64,14.37,17.23,9.00,11.66,9.50,208.00,7.00,23.73,19.94,374.00,5.00,8.75,6.72,151.00,7.00,20.38,15.90,330.00,7.00,5.56,4.55,78.00,6.00,0,휴식 (Relax)
-3.00,12.38,3.94,11.00,-0.94,15.95,42.41,72.10,11.31,40.33,55.37,60.61,32.00,12.50,167.57,186.50,56.09,55.31,49.11,26.89,44.00,23.18,47.90,39.53,30.08,42.15,41.85,19.37,13.00,32.46,85.21,161.36,44.00,51.55,85.21,16.14,88.00,1.44,27.99,48.54,5.39,15.64,14.37,17.23,9.00,11.27,8.75,208.00,7.00,23.93,20.62,374.00,6.00,8.52,6.33,131.00,7.00,19.83,15.12,330.00,4.00,5.56,4.55,72.00,5.00,0,휴식 (Relax)
5.50,3.44,7.31,9.62,2.25,23.93,48.66,64.10,8.00,48.28,48.66,54.51,24.00,22.81,173.16,162.39,24.60,41.00,35.14,53.75,11.00,11.23,38.39,51.50,11.18,31.53,41.71,7.99,13.00,38.00,66.63,182.14,22.00,34.06,84.72,6.05,66.00,3.91,29.02,46.07,8.25,18.18,11.38,14.27,12.00,10.85,8.12,184.00,7.00,22.25,18.56,341.00,5.00,7.53,6.02,121.00,7.00,19.78,15.12,308.00,6.00,5.44,4.31,69.00,5.00,0,휴식 (Relax)
11.50,23.38,-3.69,9.62,4.88,14.85,17.89,82.60,24.00,65.28,17.89,26.96,8.00,20.44,145.46,193.63,31.11,13.17,24.96,80.28,22.00,11.23,38.39,51.50,11.18,31.53,41.71,7.99,13.00,38.00,66.63,182.14,22.00,34.06,84.72,6.05,66.00,4.01,23.57,51.27,11.31,18.42,8.97,8.50,18.00,10.19,8.06,168.00,6.00,22.97,19.42,352.00,5.00,7.53,6.02,126.00,7.00,19.78,15.12,297.00,5.00,5.58,4.64,72.00,5.00,0,휴식 (Relax)
-11.50,10.31,-3.31,-1.38,-1.12,6.12,27.51,89.95,28.84,60.98,19.87,13.63,24.00,52.63,112.95,199.42,24.60,46.11,49.89,64.94,11.00,14.28,32.41,57.49,11.70,35.77,36.05,2.80,7.00,38.00,66.63,182.14,22.00,34.06,84.72,6.05,66.00,4.01,23.57,51.27,11.31,18.42,8.97,8.50,18.00,10.57,8.38,168.00,6.00,22.50,18.56,352.00,7.00,7.56,6.02,120.00,6.00,19.78,15.12,286.00,6.00,5.58,4.64,71.00,6.00,0,휴식 (Relax)
-12.00,-23.38,-8.00,-23.38,-3.44,10.13,27.71,82.07,22.63,53.25,27.71,7.41,32.00,63.33,107.22,190.79,15.56,43.46,39.64,64.52,0.00,18.90,28.77,59.31,7.21,37.70,38.37,6.29,12.00,38.00,66.63,182.14,22.00,34.06,84.72,6.05,66.00,9.00,21.72,46.50,8.54,14.50,13.94,7.91,23.00,9.80,8.00,144.00,5.00,21.61,17.88,363.00,8.00,7.79,6.25,114.00,5.00,19.78,15.12,286.00,6.00,5.24,4.37,71.00,6.00,0,휴식 (Relax)
-11.00,-33.00,3.31,-22.00,-6.44,6.72,17.32,86.85,16.00,45.04,41.81,10.60,48.00,46.93,103.30,210.44,34.79,63.53,37.81,60.68,22.00,23.89,29.33,55.97,6.08,32.71,39.87,4.75,7.00,22.42,50.85,190.09,44.00,23.23,89.79,24.02,88.00,9.00,21.72,46.50,8.54,14.50,13.94,7.91,23.00,10.15,8.12,128.00,5.00,23.01,19.25,341.00,4.00,7.56,5.86,120.00,6.00,20.58,16.50,242.00,3.00,5.24,4.37,57.00,5.00,0,휴식 (Relax)
-1.50,1.38,3.31,13.06,-2.56,29.14,10.39,71.91,8.00,32.80,39.45,18.13,24.00,45.49,87.79,210.50,34.79,51.41,22.81,72.00,0.00,23.89,29.33,55.97,6.08,32.71,39.87,4.75,7.00,38.20,18.60,169.21,55.00,17.40,61.39,9.85,55.00,10.28,9.08,42.13,13.60,0.55,18.96,8.64,9.00,8.59,6.25,120.00,5.00,22.30,18.22,352.00,6.00,7.56,5.86,104.00,5.00,17.49,15.21,242.00,6.00,4.53,3.70,57.00,5.00,0,휴식 (Relax)
14.00,14.44,2.31,2.75,2.81,22.74,12.51,79.82,11.31,24.92,46.34,26.12,16.00,69.11,55.00,181.32,11.00,37.20,55.00,45.87,33.00,17.63,14.00,59.51,18.03,23.08,25.58,12.43,23.00,48.97,9.76,158.49,46.67,23.50,72.31,1.21,66.00,16.11,3.13,36.32,11.18,6.41,12.97,6.96,15.00,9.17,7.00,128.00,5.00,19.34,16.67,330.00,6.00,6.83,5.40,94.00,5.00,17.17,14.78,253.00,6.00,4.03,3.23,56.00,6.00,0,휴식 (Relax)
-9.50,14.44,-3.69,3.44,0.00,27.10,4.88,78.20,8.00,21.50,54.04,33.71,8.00,69.11,55.00,181.32,11.00,37.20,55.00,45.87,33.00,17.63,14.00,59.51,18.03,23.08,25.58,12.43,23.00,59.77,15.67,157.13,39.66,14.09,65.97,9.80,55.00,19.06,2.98,34.56,8.25,6.12,15.33,6.09,12.00,9.47,7.25,152.00,6.00,19.34,16.67,308.00,5.00,6.83,5.40,100.00,6.00,16.83,14.35,209.00,5.00,3.97,3.00,51.00,2.00,0,휴식 (Relax)
-9.00,-7.56,1.94,-8.94,-5.00,30.53,3.59,85.13,16.00,16.03,50.47,27.92,16.00,69.11,55.00,181.32,11.00,37.20,55.00,45.87,33.00,22.26,17.35,54.11,12.53,21.50,29.34,16.43,29.00,42.87,6.71,138.02,24.60,29.69,74.30,31.31,33.00,19.06,2.98,34.56,8.25,6.12,15.33,6.09,12.00,9.75,7.50,144.00,6.00,19.34,16.67,297.00,6.00,6.79,5.31,106.00,7.00,15.17,12.46,220.00,6.00,3.97,3.00,56.00,2.00,0,휴식 (Relax)
-1.50,-40.56,1.56,-10.31,-0.31,30.20,4.88,79.07,17.89,8.32,54.04,26.50,24.00,69.11,55.00,181.32,11.00,37.20,55.00,45.87,33.00,28.16,23.35,54.93,11.00,16.59,23.35,14.64,23.00,41.30,28.08,120.81,11.00,19.41,53.31,16.17,55.00,16.67,2.70,29.67,3.61,5.10,18.62,10.38,17.00,9.47,7.25,144.00,6.00,19.34,16.67,308.00,6.00,6.72,5.13,83.00,6.00,13.17,10.57,176.00,5.00,3.75,2.80,61.00,6.00,0,휴식 (Relax)
6.00,2.06,2.62,1.38,-0.62,34.66,12.51,82.16,25.30,11.64,46.34,24.83,16.00,59.78,33.37,171.32,24.60,15.33,76.84,64.10,11.00,12.24,16.00,38.43,6.00,7.80,16.00,25.32,6.00,36.37,22.92,117.65,0.00,29.80,43.53,20.06,66.00,17.52,7.64,29.25,7.62,0.63,13.62,5.38,12.00,9.59,7.75,128.00,6.00,18.74,15.21,330.00,6.00,4.75,4.20,71.00,6.00,12.83,10.14,176.00,6.00,3.50,2.61,47.00,5.00,0,휴식 (Relax)
7.00,12.38,-2.69,23.38,8.38,21.86,13.69,66.19,33.94,15.66,33.05,22.98,0.00,62.02,24.67,179.10,31.11,20.76,68.67,57.74,22.00,10.63,25.02,32.62,12.53,3.36,11.32,14.69,17.00,36.37,22.92,117.65,0.00,29.80,43.53,20.06,66.00,17.52,7.64,29.25,7.62,0.63,13.62,5.38,12.00,7.94,6.38,104.00,5.00,19.00,15.64,319.00,6.00,4.38,3.94,61.00,6.00,12.83,10.14,176.00,6.00,3.50,2.61,50.00,6.00,0,휴식 (Relax)
6.50,33.69,-7.69,11.69,5.19,29.28,5.74,69.20,28.84,14.87,33.45,23.08,8.00,69.51,27.01,189.22,24.60,27.10,69.54,60.35,11.00,10.63,25.02,32.62,12.53,3.36,11.32,14.69,17.00,46.52,12.75,123.66,11.00,36.52,39.13,9.33,55.00,20.23,7.94,31.44,5.00,2.65,14.10,3.87,9.00,8.11,6.88,104.00,5.00,20.01,16.07,330.00,6.00,4.38,3.94,61.00,6.00,13.17,10.57,187.00,6.00,3.69,2.87,50.00,5.00,0,휴식 (Relax)
-16.50,11.69,-16.75,-9.62,2.00,13.35,20.95,80.83,17.89,8.61,47.42,25.25,24.00,69.51,27.01,189.22,24.60,27.10,69.54,60.35,11.00,25.09,34.50,46.93,7.21,12.23,3.70,6.52,32.00,35.53,23.56,129.86,15.56,46.88,29.95,1.80,44.00,23.23,7.04,30.61,4.00,2.71,11.59,4.47,12.00,9.15,7.62,128.00,6.00,20.01,16.07,319.00,5.00,6.12,4.88,71.00,6.00,13.40,11.34,187.00,6.00,3.72,3.00,53.00,5.00,0,휴식 (Relax)
-8.00,-21.31,3.88,-10.31,-2.88,7.65,26.45,87.97,11.31,15.30,40.06,25.94,16.00,69.51,27.01,189.22,24.60,27.10,69.54,60.35,11.00,19.28,34.53,46.47,4.00,14.91,9.14,11.24,38.00,45.69,19.05,119.21,11.00,49.13,19.05,12.80,33.00,21.39,8.69,32.59,2.00,4.68,9.62,5.17,14.00,9.38,8.00,136.00,3.00,20.01,16.07,319.00,5.00,6.18,4.98,86.00,6.00,12.58,10.48,154.00,5.00,3.79,3.09,58.00,6.00,0,휴식 (Relax)
7.50,1.38,8.56,1.38,-2.75,11.50,26.94,88.78,8.00,21.80,38.08,31.36,8.00,59.62,25.26,197.16,15.56,17.41,60.98,52.59,0.00,15.71,38.51,51.10,9.00,17.94,7.94,6.27,33.00,38.27,15.56,121.11,0.00,41.40,15.56,23.33,22.00,20.06,10.64,33.66,2.83,4.58,10.90,5.24,12.00,9.58,8.56,144.00,6.00,19.78,15.64,330.00,6.00,6.49,5.26,86.00,6.00,12.22,9.97,165.00,6.00,3.85,3.19,55.00,5.00,0,휴식 (Relax)
7.50,1.38,-1.75,22.69,2.25,11.50,26.94,88.78,8.00,21.80,38.08,31.36,8.00,59.62,25.26,197.16,15.56,17.41,60.98,52.59,0.00,21.65,27.74,44.26,14.21,28.46,17.73,5.14,22.00,42.31,24.60,130.27,11.00,31.04,24.60,32.96,11.00,20.06,10.64,33.66,2.83,4.58,10.90,5.24,12.00,9.58,8.56,136.00,6.00,19.78,15.64,308.00,6.00,6.12,4.88,86.00,6.00,13.17,10.48,187.00,6.00,3.85,3.19,57.00,6.00,0,휴식 (Relax)
