a0,a1,a2,a3,a4,a0_f1,a0_f2,a0_f3,a0_f4,a0_f5,a0_f6,a0_f7,a0_f8,a1_f1,a1_f2,a1_f3,a1_f4,a1_f5,a1_f6,a1_f7,a1_f8,a2_f1,a2_f2,a2_f3,a2_f4,a2_f5,a2_f6,a2_f7,a2_f8,a3_f1,a3_f2,a3_f3,a3_f4,a3_f5,a3_f6,a3_f7,a3_f8,a4_f1,a4_f2,a4_f3,a4_f4,a4_f5,a4_f6,a4_f7,a4_f8,a0_rms,a0_mav,a0_wl,a0_zc,a0_ssc,a0_wamp,a1_rms,a1_mav,a1_wl,a1_zc,a1_ssc,a1_wamp,a2_rms,a2_mav,a2_wl,a2_zc,a2_ssc,a2_wamp,a3_rms,a3_mav,a3_wl,a3_zc,a3_ssc,a3_wamp,a4_rms,a4_mav,a4_wl,a4_zc,a4_ssc,a4_wamp,label,action_name
0.00,0.00,0.00,0.00,0.00,0.00,0.00,0.00,0.00,0.00,0.00,0.00,0.00,0.00,0.00,0.00,0.00,0.00,0.00,0.00,0.00,0.00,0.00,0.00,0.00,0.00,0.00,0.00,0.00,0.00,0.00,0.00,0.00,0.00,0.00,0.00,0.00,0.00,0.00,0.00,0.00,0.00,0.00,0.00,0.00,0.00,0.00,0.00,0.00,0.00,0.00,0.00,0.00,0.00,0.00,0.00,0.00,0.00,0.00,0.00,0.00,0.00,0.00,0.00,0.00,0.00,0.00,0.00,0.00,0.00,0.00,0.00,0.00,0.00,0.00,0,휴식 (Relax)
-6.56,9.38,-9.38,-9.38,0.00,7.00,7.00,7.00,7.00,7.00,7.00,7.00,7.00,10.00,10.00,10.00,10.00,10.00,10.00,10.00,10.00,10.00,10.00,10.00,10.00,10.00,10.00,10.00,10.00,10.00,10.00,10.00,10.00,10.00,10.00,10.00,10.00,0.00,0.00,0.00,0.00,0.00,0.00,0.00,0.00,1.69,0.82,7.00,1.00,0.00,0.00,2.42,1.17,10.00,1.00,0.00,1.00,2.42,1.17,10.00,1.00,0.00,1.00,2.42,1.17,10.00,1.00,0.00,1.00,0.00,0.00,0.00,0.00,0.00,0.00,0,휴식 (Relax)
-13.62,8.75,-8.75,-18.12,0.00,21.63,20.55,18.82,16.55,13.92,11.20,8.94,8.00,19.62,18.48,16.63,14.14,11.11,7.65,3.90,0.00,19.62,18.48,16.63,14.14,11.11,7.65,3.90,0.00,29.49,27.98,25.56,22.36,18.63,14.74,11.42,10.00,0.00,0.00,0.00,0.00,0.00,0.00,0.00,0.00,3.90,2.41,15.00,1.00,0.00,0.00,3.31,2.19,10.00,1.00,0.00,1.00,3.31,2.19,10.00,1.00,0.00,1.00,5.27,3.28,20.00,1.00,0.00,2.00,0.00,0.00,0.00,0.00,0.00,0.00,0,휴식 (Relax)
-12.69,-1.25,-12.81,-16.88,0.00,35.46,31.08,24.56,17.00,9.90,5.68,6.14,7.00,19.62,18.48,16.63,14.14,11.11,7.65,3.90,0.00,33.15,27.90,20.10,11.18,4.64,8.45,13.24,15.00,47.87,41.82,32.81,22.36,12.57,7.17,8.61,10.00,0.00,0.00,0.00,0.00,0.00,0.00,0.00,0.00,5.08,3.76,15.00,1.00,0.00,0.00,3.31,2.19,20.00,2.00,0.00,2.00,4.67,3.55,15.00,1.00,0.00,1.00,6.82,5.08,20.00,1.00,0.00,2.00,0.00,0.00,0.00,0.00,0.00,0.00,0,휴식 (Relax)
-18.31,8.12,-11.88,12.50,4.69,54.18,41.21,24.26,10.63,12.13,16.35,16.15,15.00,26.51,17.32,7.10,10.00,16.33,17.32,13.42,10.00,45.46,33.31,17.67,7.07,11.80,13.80,9.04,0.00,40.77,41.32,38.61,31.62,22.56,17.11,18.37,20.00,5.00,5.00,5.00,5.00,5.00,5.00,5.00,5.00,6.92,5.53,22.00,1.00,0.00,0.00,3.90,3.05,30.00,3.00,1.00,3.00,5.56,4.69,15.00,1.00,0.00,1.00,7.50,5.31,50.00,2.00,0.00,3.00,1.21,0.59,5.00,1.00,0.00,0.00,0,휴식 (Relax)
-10.38,16.88,-15.62,11.88,4.38,65.27,43.15,18.22,9.90,14.74,11.57,4.69,0.00,40.32,17.32,15.29,30.00,29.72,17.32,7.58,10.00,59.99,35.37,12.16,15.81,15.97,7.00,14.09,20.00,38.88,49.31,48.16,36.06,21.11,12.99,11.09,10.00,9.81,9.24,8.31,7.07,5.56,3.83,1.95,0.00,7.36,6.36,29.00,1.00,1.00,0.00,5.83,4.69,40.00,3.00,1.00,4.00,6.82,6.02,20.00,1.00,0.00,1.00,8.08,5.55,50.00,2.00,0.00,3.00,1.65,1.09,5.00,1.00,0.00,0.00,0,휴식 (Relax)
-1.94,25.00,-9.69,11.25,-2.50,69.02,40.40,11.84,7.00,8.46,6.50,7.21,7.00,61.88,32.00,41.51,42.43,18.59,13.26,22.42,20.00,68.94,32.71,12.07,18.03,8.41,8.95,11.41,5.00,43.14,59.14,50.40,28.28,11.96,10.15,16.00,20.00,8.22,8.67,8.92,8.60,7.53,5.73,3.48,2.00,7.28,6.33,37.00,1.00,1.00,0.00,8.66,6.88,50.00,3.00,1.00,5.00,7.17,6.64,25.00,1.00,1.00,1.00,8.57,5.78,50.00,2.00,0.00,3.00,1.77,1.12,12.00,2.00,0.00,0.00,0,휴식 (Relax)
12.56,23.12,-4.06,10.62,4.19,67.76,47.70,18.85,15.00,12.86,2.61,13.11,15.00,82.56,48.46,53.74,30.00,11.51,25.52,12.81,10.00,72.87,26.99,11.26,11.18,2.64,4.63,7.49,15.00,51.56,65.42,43.35,22.36,20.93,17.89,14.98,10.00,11.34,7.12,3.93,7.00,10.01,10.36,8.48,7.00,7.86,6.70,52.00,2.00,1.00,1.00,10.44,8.59,50.00,3.00,1.00,5.00,7.12,6.68,30.00,1.00,1.00,1.00,8.99,6.02,50.00,2.00,0.00,3.00,2.07,1.57,19.00,3.00,1.00,0.00,0,휴식 (Relax)
-9.50,30.62,-12.81,19.38,6.69,65.05,34.39,24.04,21.21,27.06,15.15,25.35,30.00,107.88,65.42,49.90,10.00,38.30,17.89,28.37,30.00,76.99,10.21,14.16,11.18,21.22,15.68,22.82,5.00,71.45,67.55,25.06,41.23,28.14,6.10,16.58,30.00,16.57,5.89,7.66,15.00,15.17,9.55,2.95,1.00,8.15,7.19,75.00,3.00,2.00,2.00,12.98,10.55,60.00,3.00,1.00,6.00,7.70,7.19,40.00,1.00,2.00,2.00,10.29,7.11,60.00,1.00,0.00,4.00,2.69,2.22,22.00,3.00,1.00,0.00,0,휴식 (Relax)
-1.06,18.75,-11.56,-0.62,3.38,62.24,33.61,30.83,26.63,26.78,12.51,21.13,23.00,123.83,70.74,33.13,31.62,30.23,13.99,15.98,0.00,78.46,10.21,22.25,26.93,20.94,15.68,3.16,15.00,71.45,67.55,25.06,41.23,28.14,6.10,16.58,30.00,19.54,6.71,11.99,15.81,11.16,5.56,4.68,4.00,8.03,6.94,83.00,3.00,3.00,2.00,13.64,11.72,70.00,1.00,2.00,7.00,8.05,7.38,40.00,1.00,2.00,2.00,10.29,7.11,80.00,2.00,1.00,5.00,2.80,2.48,25.00,3.00,2.00,0.00,0,휴식 (Relax)
13.44,66.56,8.44,58.44,5.88,67.97,28.58,30.45,31.83,34.50,18.48,21.61,15.00,166.69,86.02,50.42,78.92,53.71,70.28,72.82,83.00,78.46,10.21,22.25,26.93,20.94,15.68,3.16,15.00,126.40,17.23,87.59,25.08,70.31,68.42,64.52,93.00,23.53,9.19,14.30,8.60,11.13,13.55,6.78,4.00,8.61,7.44,98.00,4.00,3.00,3.00,21.75,16.80,123.00,1.00,3.00,8.00,8.05,7.38,60.00,2.00,2.00,3.00,18.26,11.95,143.00,3.00,2.00,6.00,3.16,2.91,28.00,3.00,3.00,0.00,0,휴식 (Relax)
42.94,92.31,13.12,85.44,8.19,106.53,13.44,69.62,66.13,34.24,22.30,32.17,55.00,235.87,138.96,139.46,112.81,113.54,77.60,66.09,33.00,81.33,12.25,27.22,31.62,20.03,12.25,6.62,10.00,206.68,82.92,155.94,89.02,120.04,70.81,59.45,3.00,28.64,14.30,12.14,9.22,20.56,9.25,4.67,7.00,13.97,9.94,130.00,4.00,3.00,4.00,31.98,23.36,156.00,1.00,3.00,9.00,8.45,7.73,65.00,2.00,2.00,3.00,28.61,18.41,176.00,3.00,2.00,7.00,3.76,3.41,31.00,3.00,3.00,0.00,0,휴식 (Relax)
32.94,85.06,12.81,79.44,7.50,138.14,38.48,90.05,62.65,7.71,18.69,29.68,23.00,305.80,191.40,184.92,96.15,79.41,41.11,53.57,83.00,85.65,17.20,29.87,30.41,15.69,12.42,5.11,15.00,280.58,160.77,171.73,112.81,63.30,25.19,44.03,93.00,33.29,18.78,7.30,18.97,15.09,6.87,8.15,4.00,16.33,11.94,138.00,4.00,4.00,4.00,38.31,28.91,156.00,3.00,3.00,9.00,8.83,8.09,65.00,2.00,2.00,3.00,35.10,26.09,176.00,3.00,2.00,7.00,4.17,3.75,31.00,3.00,3.00,0.00,0,휴식 (Relax)
30.94,46.88,22.81,73.44,-0.69,166.52,59.77,84.93,31.32,25.87,13.34,21.32,55.00,347.75,207.13,165.64,43.10,3.69,50.59,52.74,0.00,101.55,31.38,25.52,14.87,30.36,24.84,14.10,1.00,344.27,214.71,129.64,73.68,50.03,80.59,74.27,3.00,34.02,18.79,5.02,18.25,12.77,8.05,5.15,1.00,18.18,14.34,138.00,3.00,4.00,4.00,39.38,32.17,189.00,3.00,3.00,10.00,10.42,9.21,76.00,2.00,2.00,4.00,39.66,32.59,176.00,1.00,2.00,7.00,4.07,3.56,39.00,4.00,3.00,0.00,0,휴식 (Relax)
58.94,52.00,32.12,67.44,-3.69,215.11,94.53,36.97,62.65,63.32,54.83,66.22,9.00,381.49,191.93,86.95,51.09,93.47,51.07,45.96,94.00,127.65,49.36,10.81,34.93,38.46,9.13,18.72,26.00,395.03,236.15,43.85,25.08,118.56,50.86,22.41,93.00,34.02,18.79,5.02,18.25,12.77,8.05,5.15,1.00,23.71,19.20,170.00,3.00,4.00,5.00,40.54,35.25,200.00,1.00,4.00,11.00,13.20,11.11,87.00,2.00,2.00,5.00,42.92,38.02,176.00,1.00,2.00,7.00,4.07,3.56,42.00,4.00,3.00,0.00,0,휴식 (Relax)
47.44,46.12,30.44,51.12,-5.56,249.93,115.13,19.04,102.08,45.27,33.91,10.98,47.00,401.24,148.97,32.17,109.59,101.10,50.87,66.95,0.00,150.39,60.20,20.29,52.01,14.48,18.82,8.71,1.00,425.76,221.38,46.20,78.45,81.38,36.83,67.84,8.00,35.02,20.79,5.59,18.03,12.86,6.47,6.71,3.00,26.65,22.65,178.00,1.00,5.00,5.00,40.84,37.34,200.00,1.00,4.00,11.00,15.31,13.01,87.00,2.00,2.00,5.00,44.30,41.09,187.00,1.00,2.00,8.00,4.21,3.69,44.00,4.00,3.00,0.00,0,휴식 (Relax)
59.88,40.25,34.38,66.44,-0.75,284.54,125.54,81.78,87.86,29.19,44.76,81.04,26.00,406.13,86.88,126.17,106.10,19.03,50.67,27.79,94.00,172.60,64.03,39.23,41.01,30.23,27.14,26.62,32.00,446.42,165.45,141.79,112.61,45.65,95.29,42.79,115.00,32.64,18.61,7.89,21.02,10.36,7.04,8.77,6.00,30.73,27.28,188.00,1.00,6.00,6.00,40.29,37.97,190.00,1.00,4.00,10.00,17.67,15.33,83.00,1.00,2.00,4.00,46.69,44.38,199.00,1.00,3.00,8.00,4.12,3.50,49.00,4.00,4.00,0.00,0,휴식 (Relax)
38.94,45.31,26.06,48.81,-3.75,304.46,119.99,111.51,29.21,65.49,59.09,39.07,37.00,395.97,38.90,184.72,43.05,81.13,52.08,73.48,1.00,190.66,59.97,49.72,4.12,49.19,11.37,12.00,5.00,450.60,87.88,188.92,89.54,130.47,44.94,63.38,9.00,32.64,18.61,7.89,21.02,10.36,7.04,8.77,6.00,31.91,29.20,197.00,1.00,7.00,7.00,40.41,38.44,201.00,1.00,4.00,11.00,18.78,16.68,89.00,1.00,3.00,4.00,46.57,44.69,200.00,1.00,4.00,8.00,4.12,3.50,52.00,4.00,5.00,0.00,0,휴식 (Relax)
34.50,39.38,18.12,51.88,-3.75,314.63,98.23,105.36,57.78,48.45,12.15,74.91,34.00,371.26,88.73,181.95,52.04,109.00,51.22,26.33,94.00,199.27,49.92,44.15,30.27,27.03,20.68,19.01,26.00,438.76,51.39,176.62,53.01,106.07,85.76,70.75,136.00,32.64,18.61,7.89,21.02,10.36,7.04,8.77,6.00,32.08,29.62,197.00,1.00,7.00,7.00,39.64,37.42,191.00,1.00,3.00,10.00,19.15,17.25,90.00,1.00,3.00,4.00,45.24,43.23,211.00,1.00,5.00,9.00,4.12,3.50,52.00,4.00,5.00,0.00,0,휴식 (Relax)
46.00,22.50,21.50,33.62,-7.50,314.98,73.66,63.28,123.00,39.85,78.30,74.14,54.00,333.39,150.50,119.30,109.18,40.24,50.11,68.01,0.00,202.19,34.01,23.64,54.92,31.35,27.48,25.84,16.00,414.46,136.90,110.25,95.26,9.93,96.69,45.87,20.00,36.21,14.62,11.85,21.21,14.26,9.29,8.55,10.00,32.89,29.88,207.00,1.00,6.00,8.00,36.30,33.62,192.00,1.00,3.00,10.00,19.39,17.44,96.00,1.00,4.00,4.00,41.79,39.28,192.00,1.00,6.00,9.00,4.44,3.75,51.00,3.00,5.00,0.00,0,휴식 (Relax)
31.62,6.94,30.12,38.56,-0.38,305.43,81.45,40.05,115.80,76.15,56.59,45.22,32.00,292.94,179.96,46.77,98.27,45.18,33.12,31.52,73.00,197.60,43.52,36.63,51.88,70.13,29.69,28.35,38.00,380.64,196.86,22.22,100.70,93.45,2.50,54.06,117.00,37.59,13.34,12.94,19.24,13.25,9.50,9.18,8.00,31.44,27.88,209.00,3.00,7.00,8.00,32.70,28.79,193.00,1.00,3.00,10.00,20.21,18.25,103.00,1.00,3.00,5.00,40.77,37.20,203.00,1.00,7.00,10.00,4.43,3.67,58.00,3.00,6.00,0.00,0,휴식 (Relax)
11.69,23.62,4.88,11.88,-3.06,289.02,96.60,61.35,58.25,49.05,19.43,72.28,31.00,233.83,185.18,88.07,23.71,100.89,52.55,66.99,12.00,188.61,59.32,52.13,26.00,49.78,16.30,12.56,2.00,341.75,217.15,53.17,54.92,88.09,76.54,23.55,42.00,39.73,14.91,11.24,19.10,10.66,5.97,6.48,13.00,29.12,25.40,217.00,3.00,7.00,9.00,29.95,24.44,205.00,1.00,4.00,10.00,18.83,16.61,121.00,1.00,4.00,6.00,38.00,32.83,225.00,1.00,8.00,11.00,4.48,3.70,54.00,2.00,6.00,0.00,0,휴식 (Relax)
0.75,-31.69,2.94,-23.75,-3.19,267.37,98.42,66.90,50.00,14.46,55.90,29.93,16.00,216.00,176.25,105.74,11.00,86.18,38.66,53.34,9.00,174.31,66.03,49.62,12.21,33.38,15.17,19.86,33.00,311.54,206.95,81.04,15.62,46.13,54.40,18.45,84.00,39.56,13.01,13.19,17.12,8.66,4.08,5.49,15.00,26.88,22.19,210.00,3.00,6.00,8.00,28.07,22.47,259.00,2.00,5.00,11.00,17.60,14.80,116.00,1.00,3.00,6.00,34.87,29.22,258.00,2.00,8.00,12.00,4.36,3.61,47.00,1.00,6.00,0.00,0,휴식 (Relax)
-31.25,-52.69,-13.69,-65.75,-6.62,267.37,98.42,66.90,50.00,14.46,55.90,29.93,16.00,216.00,176.25,105.74,11.00,86.18,38.66,53.34,9.00,167.33,63.50,41.91,21.19,43.23,12.55,13.14,23.00,311.54,206.95,81.04,15.62,46.13,54.40,18.45,84.00,37.57,21.50,10.95,18.38,9.48,5.44,6.54,24.00,26.88,22.19,219.00,4.00,5.00,8.00,28.07,22.47,270.00,2.00,4.00,11.00,16.93,14.02,122.00,2.00,3.00,6.00,34.87,29.22,290.00,2.00,7.00,12.00,4.66,3.88,48.00,5.00,5.00,0.00,0,휴식 (Relax)
-25.19,-61.44,-19.62,-74.50,0.69,238.90,69.17,38.43,50.92,23.03,72.37,2.34,47.00,235.62,194.92,125.13,22.83,66.29,23.73,52.73,11.00,153.79,51.88,28.82,21.54,37.72,9.43,20.80,38.00,331.54,226.75,100.84,12.81,36.17,35.38,14.89,64.00,35.44,24.40,15.84,13.89,4.69,2.62,5.90,19.00,23.85,20.06,219.00,2.00,6.00,8.00,30.30,24.34,270.00,2.00,3.00,11.00,15.39,12.84,127.00,2.00,3.00,6.00,37.13,30.94,280.00,2.00,6.00,12.00,4.45,3.56,52.00,6.00,5.00,0.00,0,휴식 (Relax)
-48.19,-70.19,-20.56,-83.88,-7.62,238.90,69.17,38.43,50.92,23.03,72.37,2.34,47.00,252.60,204.21,137.73,36.89,74.20,43.54,60.56,9.00,138.83,36.88,35.42,9.43,26.59,19.24,18.97,23.00,340.89,232.94,106.15,21.54,46.13,44.78,9.56,74.00,28.90,25.93,23.65,12.65,11.83,9.16,8.58,30.00,23.85,20.06,227.00,2.00,7.00,8.00,32.71,26.22,227.00,1.00,3.00,11.00,13.60,11.67,107.00,2.00,3.00,5.00,38.44,31.80,227.00,2.00,6.00,12.00,4.82,3.83,58.00,7.00,6.00,0.00,0,휴식 (Relax)
-25.69,-75.00,-10.88,-69.94,-3.00,231.41,66.43,46.24,48.84,21.80,66.77,10.27,55.00,309.54,199.82,127.06,70.21,140.67,56.32,48.60,74.00,134.08,33.61,40.27,5.83,31.44,14.50,16.37,28.00,389.44,235.12,89.04,58.52,58.88,58.14,68.50,11.00,22.09,23.57,23.71,22.36,15.61,8.97,8.63,20.00,23.22,19.56,218.00,2.00,7.00,8.00,38.00,33.00,204.00,1.00,3.00,11.00,13.29,11.28,112.00,2.00,3.00,6.00,42.38,37.21,204.00,1.00,7.00,12.00,4.60,3.50,59.00,7.00,7.00,0.00,0,휴식 (Relax)
-39.19,-58.38,-15.56,-63.94,-2.19,261.90,59.22,40.92,12.04,21.93,26.90,49.83,95.00,369.52,161.82,70.34,97.95,95.13,54.06,99.28,32.00,137.89,33.34,39.78,3.00,32.64,13.35,13.19,33.00,446.47,195.98,41.74,93.81,47.86,37.94,35.29,107.00,13.34,16.62,15.04,23.77,5.21,4.66,7.26,33.00,25.33,22.16,226.00,2.00,8.00,9.00,39.49,36.16,214.00,1.00,4.00,12.00,13.60,11.67,117.00,2.00,4.00,6.00,44.98,41.45,204.00,1.00,7.00,12.00,3.84,2.76,59.00,7.00,7.00,0.00,0,휴식 (Relax)
-37.19,-61.12,-24.62,-67.31,5.19,279.31,47.67,72.90,24.35,39.19,55.76,25.47,63.00,421.89,105.96,57.82,91.84,43.73,73.16,18.84,84.00,145.50,25.39,53.78,12.00,45.09,11.64,26.82,18.00,491.44,122.06,81.79,91.53,74.77,81.94,71.38,1.00,9.90,11.83,9.05,18.36,4.18,6.17,6.83,27.00,27.02,24.41,226.00,2.00,8.00,9.00,40.71,38.36,191.00,1.00,4.00,12.00,14.76,12.84,116.00,1.00,4.00,6.00,47.51,44.90,214.00,1.00,7.00,13.00,2.96,2.36,58.00,7.00,7.00,0.00,0,휴식 (Relax)
-41.75,-37.19,-27.69,-79.44,3.19,290.76,31.45,95.52,52.33,22.52,50.98,49.21,102.00,438.93,72.09,81.38,54.34,92.48,30.42,52.22,21.00,154.23,14.02,77.56,33.24,28.84,35.57,5.07,49.00,524.74,36.22,151.96,71.42,88.95,64.61,70.32,127.00,9.90,11.83,9.05,18.36,4.18,6.17,6.83,27.00,29.06,27.16,201.00,1.00,7.00,8.00,41.44,39.56,200.00,1.00,5.00,12.00,16.40,14.85,110.00,1.00,4.00,5.00,50.77,48.26,234.00,1.00,7.00,14.00,2.96,2.36,57.00,7.00,8.00,0.00,0,휴식 (Relax)
-51.38,-32.56,-20.38,-52.81,-1.69,300.71,70.35,102.04,78.60,63.66,49.23,69.07,16.00,441.55,40.16,86.52,24.19,63.47,60.18,23.07,95.00,158.27,37.50,80.31,39.82,18.88,16.67,32.01,12.00,534.59,93.02,169.42,74.33,55.83,43.83,36.45,21.00,8.10,10.51,10.65,20.12,2.28,7.72,8.70,25.00,31.04,28.88,208.00,1.00,6.00,9.00,41.21,39.01,200.00,1.00,5.00,12.00,16.82,15.38,115.00,1.00,5.00,5.00,51.18,49.06,243.00,1.00,7.00,14.00,2.99,2.48,60.00,8.00,7.00,0.00,0,휴식 (Relax)
-39.94,-56.06,-13.38,-65.62,-3.56,299.68,119.08,81.02,67.42,77.18,76.36,15.23,87.00,425.42,93.33,85.24,117.89,46.88,99.18,81.12,9.00,156.20,58.14,59.55,25.02,44.08,18.75,13.28,44.00,523.96,176.22,130.88,85.15,60.95,80.20,86.31,136.00,6.11,10.96,12.36,21.10,2.96,7.61,6.71,27.00,31.98,29.43,198.00,1.00,6.00,8.00,42.34,39.32,230.00,1.00,5.00,13.00,16.63,15.05,114.00,1.00,4.00,5.00,52.80,50.08,241.00,1.00,7.00,14.00,3.10,2.62,57.00,7.00,6.00,0.00,0,휴식 (Relax)
-26.94,-30.81,-20.38,-47.69,0.62,287.34,157.24,39.58,29.41,23.17,9.19,83.76,7.00,397.93,147.39,83.60,132.00,96.46,22.74,29.76,75.00,146.58,80.79,13.29,23.02,35.59,44.77,41.94,4.00,491.70,244.76,57.35,97.00,107.80,68.95,44.26,9.00,3.29,13.70,12.39,18.60,5.10,5.68,9.47,24.00,30.28,27.17,189.00,1.00,6.00,7.00,41.27,37.27,239.00,1.00,6.00,13.00,16.24,14.22,118.00,1.00,5.00,6.00,50.99,47.11,240.00,1.00,7.00,14.00,2.98,2.45,58.00,8.00,6.00,0.00,0,휴식 (Relax)
-37.06,-34.25,-13.06,-40.44,0.62,265.96,172.26,51.10,56.61,55.09,69.35,18.06,85.00,346.81,194.09,83.98,63.95,66.77,104.02,89.65,30.00,135.18,88.66,41.61,42.72,4.03,17.38,25.89,33.00,444.87,273.32,73.52,88.23,74.88,49.87,71.88,125.00,3.29,13.70,12.39,18.60,5.10,5.68,9.47,24.00,30.36,25.95,204.00,5.00,7.00,8.00,38.82,33.34,249.00,1.00,7.00,14.00,15.62,13.20,117.00,3.00,5.00,6.00,48.96,43.10,229.00,1.00,6.00,13.00,2.98,2.45,58.00,8.00,6.00,0.00,0,휴식 (Relax)
-32.19,-46.44,2.94,-4.38,-1.25,236.19,161.95,90.15,81.47,79.07,59.78,76.92,7.00,274.50,224.22,112.45,62.97,58.52,111.65,76.84,95.00,127.15,84.34,53.45,36.67,11.98,16.74,22.38,17.00,390.22,259.32,120.08,56.80,22.52,59.49,38.65,28.00,3.28,14.55,10.87,20.25,5.01,4.05,10.49,22.00,29.65,24.48,187.00,5.00,6.00,7.00,36.29,28.85,258.00,1.00,7.00,14.00,14.94,11.95,126.00,4.00,5.00,7.00,43.58,35.31,248.00,1.00,5.00,13.00,2.99,2.50,56.00,7.00,5.00,0.00,0,휴식 (Relax)
-5.62,7.56,-9.75,-27.12,-1.38,201.60,129.14,103.61,63.89,35.28,20.56,46.31,80.00,231.14,216.93,110.34,97.31,64.49,48.69,30.64,31.00,101.85,57.81,57.40,7.07,34.19,45.33,48.11,54.00,308.68,199.62,143.37,69.64,105.78,63.46,80.02,144.00,2.51,15.23,10.31,19.24,3.46,4.46,11.11,20.00,24.87,19.78,200.00,3.00,6.00,8.00,31.88,23.35,297.00,2.00,7.00,14.00,13.71,10.34,129.00,5.00,5.00,7.00,38.78,28.55,267.00,3.00,5.00,13.00,2.89,2.38,49.00,6.00,4.00,0.00,0,휴식 (Relax)
-8.19,-17.25,-2.00,-9.81,-2.94,162.90,78.59,84.61,21.47,39.33,73.38,57.78,9.00,165.04,171.19,67.14,77.88,25.11,127.70,103.77,114.00,68.36,16.76,42.77,51.01,33.43,19.05,5.27,10.00,215.54,109.98,129.46,112.65,106.94,66.35,63.44,27.00,8.38,9.08,17.23,13.45,3.88,11.30,13.19,13.00,19.89,15.26,191.00,3.00,7.00,7.00,28.13,19.41,305.00,5.00,7.00,14.00,9.25,7.50,111.00,5.00,6.00,6.00,29.08,19.79,255.00,5.00,6.00,13.00,2.84,2.30,48.00,6.00,4.00,0.00,0,휴식 (Relax)
1.81,-10.69,8.69,5.50,-0.81,132.93,34.90,48.93,30.68,59.02,38.89,55.93,57.00,79.32,84.39,46.49,36.62,84.54,110.64,15.62,9.00,58.95,5.87,33.66,51.97,23.17,12.15,16.09,21.00,141.56,32.00,86.70,94.15,28.92,32.00,31.38,112.00,10.37,7.10,18.29,12.21,3.05,9.78,12.99,15.00,15.80,11.81,190.00,6.00,8.00,7.00,16.91,13.36,251.00,5.00,7.00,13.00,8.15,6.64,121.00,6.00,6.00,7.00,19.07,13.81,232.00,6.00,6.00,13.00,2.83,2.27,50.00,6.00,4.00,0.00,0,휴식 (Relax)
-2.25,1.88,0.00,-0.62,-2.56,99.22,13.19,7.85,47.01,26.53,49.62,39.88,10.00,48.94,43.82,59.38,36.06,72.25,76.68,35.49,50.00,38.59,18.61,18.21,31.62,30.45,32.46,7.22,0.00,83.05,30.00,30.96,36.06,56.68,30.00,54.15,50.00,14.03,5.78,16.48,15.65,2.09,10.61,12.13,11.00,11.56,9.16,165.00,7.00,8.00,6.00,13.33,10.86,240.00,10.00,7.00,13.00,6.37,5.00,115.00,3.00,7.00,7.00,11.97,9.53,200.00,7.00,7.00,13.00,2.89,2.27,48.00,5.00,3.00,0.00,0,휴식 (Relax)
5.25,-6.25,5.00,10.00,-0.69,92.41,20.71,15.24,42.54,20.57,50.59,42.29,18.00,29.32,25.02,52.06,20.00,46.77,106.65,25.36,20.00,38.59,18.61,18.21,31.62,30.45,32.46,7.22,0.00,73.06,37.74,22.05,31.62,58.45,23.99,44.26,60.00,12.63,4.63,18.48,14.87,2.17,10.03,11.41,9.00,11.16,8.59,164.00,8.00,8.00,6.00,12.18,10.00,240.00,11.00,8.00,13.00,6.37,5.00,115.00,3.00,8.00,7.00,11.18,8.75,200.00,2.00,8.00,13.00,2.82,2.20,43.00,4.00,2.00,0.00,0,휴식 (Relax)
-0.31,4.38,-4.69,0.62,-0.38,69.92,37.76,34.59,25.24,43.00,33.89,30.56,5.00,23.56,31.22,43.12,10.00,55.86,100.13,21.57,30.00,34.23,20.53,23.04,36.40,25.46,33.59,12.20,5.00,63.70,40.81,25.74,41.23,48.55,23.12,54.06,50.00,14.99,9.49,17.07,10.30,4.06,6.48,9.12,4.00,9.72,7.02,148.00,8.00,8.00,5.00,11.71,9.38,240.00,12.00,9.00,13.00,6.49,5.35,125.00,7.00,9.00,8.00,10.88,8.36,200.00,6.00,8.00,13.00,2.60,1.81,34.00,3.00,1.00,0.00,0,휴식 (Relax)
6.25,13.75,-4.38,0.62,4.06,76.85,36.40,35.01,19.80,45.17,27.04,27.06,12.00,31.73,21.22,51.36,14.14,56.78,101.73,18.19,40.00,31.54,19.76,24.35,38.08,27.36,36.19,8.00,0.00,63.70,40.81,25.74,41.23,48.55,23.12,54.06,50.00,15.43,5.68,10.44,16.64,9.70,3.11,8.17,5.00,9.85,7.47,132.00,8.00,8.00,4.00,12.18,10.00,240.00,11.00,8.00,13.00,6.58,5.62,115.00,7.00,8.00,7.00,10.88,8.36,190.00,6.00,8.00,12.00,2.56,2.04,35.00,4.00,1.00,0.00,0,휴식 (Relax)
-6.81,-6.25,1.25,-8.12,-0.94,52.48,29.33,8.61,47.13,31.87,16.31,21.92,43.00,31.73,21.22,51.36,14.14,56.78,101.73,18.19,40.00,32.01,14.23,18.42,29.15,34.67,26.41,15.30,10.00,58.87,24.14,35.87,22.36,62.45,4.14,67.44,30.00,15.43,5.68,10.44,16.64,9.70,3.11,8.17,5.00,8.19,6.88,131.00,5.00,9.00,4.00,12.18,10.00,250.00,11.00,8.00,13.00,5.99,5.00,115.00,8.00,8.00,7.00,10.73,8.59,200.00,7.00,8.00,13.00,2.56,2.04,40.00,5.00,2.00,0.00,0,휴식 (Relax)
8.19,13.12,6.25,11.88,-0.94,52.48,29.33,8.61,47.13,31.87,16.31,21.92,43.00,41.45,23.67,41.72,10.00,48.89,111.53,12.26,50.00,32.01,14.23,18.42,29.15,34.67,26.41,15.30,10.00,58.87,24.14,35.87,22.36,62.45,4.14,67.44,30.00,15.43,5.68,10.44,16.64,9.70,3.11,8.17,5.00,8.19,6.88,146.00,6.00,10.00,5.00,12.61,10.62,260.00,11.00,8.00,13.00,5.99,5.00,110.00,7.00,8.00,6.00,10.73,8.59,210.00,8.00,9.00,13.00,2.56,2.04,33.00,4.00,1.00,0.00,0,휴식 (Relax)
15.69,2.50,5.62,1.88,-0.50,52.71,37.09,13.94,54.82,37.80,10.13,25.03,35.00,50.04,33.30,36.17,20.00,46.63,106.26,20.33,40.00,24.28,23.94,23.81,21.21,37.40,30.44,15.65,0.00,58.87,24.14,35.87,22.36,62.45,4.14,67.44,30.00,8.45,6.27,6.15,14.14,7.13,4.08,6.32,12.00,8.89,7.20,147.00,6.00,10.00,5.00,12.50,10.31,250.00,10.00,9.00,13.00,6.09,5.08,105.00,7.00,7.00,6.00,10.73,8.59,200.00,7.00,9.00,13.00,2.03,1.50,31.00,4.00,1.00,0.00,0,휴식 (Relax)
0.69,3.12,-4.69,0.62,1.69,52.71,37.09,13.94,54.82,37.80,10.13,25.03,35.00,44.32,25.36,30.69,22.36,37.08,109.35,30.31,30.00,19.81,27.08,22.26,18.03,32.40,31.88,12.76,5.00,42.08,31.35,47.41,22.36,43.64,20.42,63.86,10.00,5.66,9.26,3.20,11.18,4.41,3.50,7.36,9.00,8.89,7.20,147.00,5.00,10.00,5.00,12.10,9.77,250.00,10.00,9.00,13.00,5.72,4.73,110.00,8.00,7.00,7.00,9.66,7.11,180.00,6.00,8.00,12.00,1.72,1.22,28.00,3.00,1.00,0.00,0,휴식 (Relax)
13.81,13.12,14.06,28.75,-0.31,41.11,52.49,16.50,26.93,8.83,38.50,54.66,5.00,44.32,25.36,30.69,22.36,37.08,109.35,30.31,30.00,2.51,33.16,4.43,36.40,43.88,15.83,30.80,15.00,16.09,41.32,45.81,50.99,68.56,17.11,80.88,40.00,5.66,9.26,3.20,11.18,4.41,3.50,7.36,9.00,8.84,7.09,155.00,11.00,11.00,6.00,12.10,9.77,230.00,9.00,8.00,13.00,6.67,5.55,125.00,9.00,7.00,8.00,12.18,9.22,190.00,9.00,7.00,12.00,1.72,1.22,28.00,3.00,1.00,0.00,0,휴식 (Relax)
19.88,11.25,8.44,25.62,-0.44,38.72,61.60,38.37,50.54,38.51,22.48,26.42,36.00,46.52,22.11,49.50,44.72,36.27,81.92,21.68,60.00,9.68,32.97,5.58,40.31,48.35,25.75,20.91,5.00,36.61,62.56,31.73,64.03,87.30,32.95,40.39,10.00,6.56,9.35,2.80,9.22,4.42,1.60,5.44,11.00,9.94,7.88,155.00,11.00,10.00,6.00,11.66,9.06,210.00,8.00,7.00,12.00,7.01,6.13,120.00,9.00,7.00,7.00,12.73,10.47,180.00,9.00,7.00,11.00,1.62,1.16,24.00,2.00,1.00,0.00,0,휴식 (Relax)
33.44,39.69,-6.88,-5.00,4.38,53.10,64.81,53.64,76.61,47.30,28.30,57.46,3.00,62.40,42.78,56.53,72.95,71.35,101.84,30.71,19.00,14.00,30.20,8.91,36.06,43.43,22.09,25.26,10.00,45.21,64.01,26.25,56.57,77.73,26.51,49.24,0.00,7.78,11.90,1.54,10.30,7.07,3.79,8.43,8.00,13.14,9.62,156.00,11.00,10.00,6.00,15.52,11.64,231.00,7.00,7.00,12.00,6.58,5.86,130.00,10.00,7.00,8.00,12.25,10.00,210.00,10.00,7.00,12.00,1.93,1.44,29.00,3.00,1.00,0.00,0,휴식 (Relax)
15.06,45.88,39.06,114.38,8.88,75.49,61.26,52.16,62.39,14.78,43.10,41.07,35.00,100.64,82.81,53.57,64.51,52.95,123.40,49.45,80.00,59.42,21.38,47.92,41.73,71.86,52.96,37.58,39.00,170.72,117.12,111.77,105.85,163.73,134.65,88.83,138.00,12.26,19.68,7.00,17.72,5.95,7.52,3.63,16.00,12.64,9.41,172.00,3.00,11.00,7.00,19.30,14.52,221.00,7.00,6.00,12.00,11.91,8.06,164.00,10.00,7.00,8.00,31.73,19.19,308.00,4.00,7.00,12.00,2.98,2.19,32.00,3.00,1.00,0.00,0,휴식 (Relax)
42.69,82.06,31.31,97.31,-3.00,123.68,63.45,46.33,10.63,62.29,27.29,68.42,35.00,197.41,166.84,102.88,67.36,73.34,22.30,76.25,45.00,84.40,41.40,60.33,64.85,83.10,50.56,10.58,11.00,256.83,173.05,174.25,168.44,198.48,113.84,39.18,41.00,11.42,18.62,6.81,18.38,7.93,9.45,4.91,18.00,15.69,12.02,182.00,3.00,11.00,7.00,27.19,19.41,215.00,2.00,5.00,12.00,14.34,10.45,155.00,5.00,7.00,7.00,40.44,28.28,289.00,3.00,7.00,12.00,3.06,2.25,44.00,4.00,2.00,1.00,0,휴식 (Relax)
70.62,77.38,23.00,68.75,3.69,182.11,94.40,73.87,88.36,91.78,61.62,72.14,46.00,253.63,201.26,124.81,83.74,89.77,89.87,35.81,30.00,113.72,62.94,53.66,58.55,47.17,28.76,47.52,48.00,339.86,209.78,180.89,137.18,98.50,64.42,81.38,146.00,12.30,17.95,2.68,13.89,10.48,12.80,9.79,23.00,24.02,17.64,208.00,1.00,10.00,8.00,33.69,26.44,185.00,1.00,5.00,11.00,15.22,11.88,156.00,5.00,7.00,7.00,43.50,33.59,301.00,3.00,7.00,12.00,3.20,2.55,49.00,5.00,3.00,1.00,0,휴식 (Relax)
41.69,60.50,10.69,52.50,5.12,223.08,116.61,86.62,103.77,44.52,31.62,36.28,17.00,313.77,210.42,107.95,61.77,25.25,52.96,79.56,64.00,127.21,68.38,37.36,37.85,52.97,47.48,28.91,27.00,394.68,211.58,132.66,53.46,126.06,132.30,59.27,62.00,15.16,13.24,6.37,20.00,16.38,14.85,2.35,14.00,25.93,20.39,226.00,1.00,10.00,9.00,36.45,31.06,196.00,1.00,5.00,12.00,15.30,12.30,157.00,3.00,6.00,7.00,45.05,37.25,302.00,1.00,6.00,12.00,3.35,2.84,49.00,5.00,3.00,1.00,0,휴식 (Relax)
30.69,44.31,25.94,78.81,7.50,246.90,119.03,71.76,68.01,38.24,24.92,69.97,31.00,355.98,188.74,64.33,41.73,57.89,40.79,61.43,19.00,139.80,63.80,14.27,42.06,74.18,24.89,49.65,55.00,447.52,178.95,25.80,113.18,200.82,51.38,76.56,169.00,19.98,6.61,14.05,27.20,9.48,5.69,9.87,24.00,26.86,22.30,227.00,3.00,9.00,9.00,37.21,33.36,197.00,1.00,4.00,12.00,16.70,14.45,164.00,3.00,6.00,7.00,49.12,43.76,325.00,1.00,6.00,12.00,3.84,3.38,50.00,5.00,3.00,1.00,0,휴식 (Relax)
34.75,70.69,12.31,50.88,-2.62,267.42,102.68,27.22,40.79,91.79,64.20,10.13,32.00,395.27,130.45,49.90,81.34,101.68,104.60,73.39,87.00,146.35,50.21,36.39,66.10,54.75,33.60,39.51,29.00,478.32,127.30,85.48,178.62,133.30,85.12,81.06,74.00,20.75,5.00,14.15,26.08,8.24,7.68,8.34,22.00,27.62,24.19,228.00,3.00,9.00,9.00,40.77,37.23,220.00,1.00,4.00,12.00,16.71,14.77,171.00,3.00,6.00,8.00,49.88,46.41,337.00,1.00,6.00,12.00,3.72,3.28,58.00,6.00,4.00,2.00,0,휴식 (Relax)
47.19,42.81,22.25,55.88,2.06,280.91,74.53,47.26,113.28,69.76,28.05,82.13,41.00,416.66,67.21,104.48,100.00,59.64,40.40,81.69,7.00,148.36,24.85,63.11,64.33,49.16,48.02,43.88,62.00,490.96,63.10,163.03,148.05,110.61,113.76,45.64,170.00,21.56,0.17,10.08,22.02,13.19,5.83,11.29,27.00,29.68,26.66,238.00,3.00,8.00,10.00,40.59,37.46,232.00,1.00,5.00,12.00,17.53,15.84,173.00,1.00,7.00,8.00,51.18,48.89,338.00,1.00,7.00,12.00,3.70,3.30,63.00,7.00,5.00,2.00,0,휴식 (Relax)
26.25,58.19,3.62,49.25,-1.06,283.10,55.64,87.34,125.67,15.93,36.83,30.75,22.00,424.61,56.48,140.85,71.59,49.22,84.85,48.77,99.00,144.93,6.84,66.82,39.22,72.61,22.03,47.95,36.00,485.17,60.88,191.37,42.19,207.97,8.61,107.77,64.00,21.43,2.12,8.30,23.35,12.78,4.64,10.61,25.00,29.24,26.50,248.00,3.00,8.00,11.00,41.96,38.94,244.00,1.00,5.00,12.00,16.71,14.88,190.00,1.00,8.00,9.00,51.12,49.25,338.00,1.00,7.00,12.00,3.63,3.20,61.00,7.00,5.00,2.00,0,휴식 (Relax)
22.75,31.56,6.69,32.31,3.81,274.87,53.64,95.93,79.21,71.90,47.40,66.51,34.00,416.85,101.19,128.41,31.32,83.00,86.90,73.66,25.00,134.78,28.46,48.43,41.15,56.12,48.87,32.74,67.00,462.41,123.93,156.03,107.54,165.40,103.21,13.31,159.00,20.71,3.85,8.79,24.84,11.09,6.57,10.53,27.00,28.82,26.00,233.00,1.00,7.00,10.00,41.61,38.44,246.00,1.00,5.00,12.00,15.78,13.77,190.00,1.00,9.00,9.00,49.68,47.35,339.00,1.00,6.00,12.00,3.73,3.34,61.00,7.00,6.00,2.00,0,휴식 (Relax)
10.81,36.00,10.69,46.38,1.50,254.50,70.64,71.84,57.56,74.49,16.14,54.71,29.00,387.18,159.98,62.56,75.54,55.30,35.02,39.84,130.00,119.08,53.09,16.43,71.31,38.79,45.21,56.08,35.00,412.27,200.96,49.16,195.86,95.53,93.48,140.27,32.00,17.82,7.43,13.78,21.95,15.55,3.58,13.06,22.00,26.14,23.41,226.00,1.00,7.00,9.00,39.47,36.38,237.00,1.00,5.00,12.00,15.22,12.94,191.00,5.00,9.00,9.00,47.53,44.22,341.00,1.00,6.00,12.00,3.66,3.25,63.00,7.00,7.00,2.00,0,휴식 (Relax)
7.81,20.38,3.38,50.00,1.19,230.53,84.08,32.75,105.30,27.02,35.40,40.52,19.00,354.08,183.98,21.84,99.25,25.66,84.73,59.49,56.00,105.18,62.89,21.29,69.07,59.66,29.40,35.39,56.00,352.40,248.02,69.18,170.06,211.06,28.78,55.86,150.00,14.26,10.07,16.45,17.80,16.33,4.07,8.91,27.00,24.40,21.02,218.00,1.00,6.00,9.00,37.76,33.72,238.00,1.00,6.00,12.00,14.65,12.05,197.00,5.00,10.00,9.00,46.70,41.25,342.00,1.00,6.00,12.00,3.56,3.09,63.00,7.00,7.00,2.00,0,휴식 (Relax)
-17.19,-35.50,-36.38,-78.00,2.75,219.01,82.22,17.43,105.30,33.34,23.19,45.67,3.00,334.01,178.73,27.46,79.06,15.73,57.65,30.39,86.00,122.88,68.70,7.90,89.05,71.19,10.03,16.07,76.00,352.40,248.02,69.18,170.06,211.06,28.78,55.86,150.00,8.79,12.26,14.59,22.80,9.37,8.10,15.68,20.00,23.36,19.77,227.00,2.00,5.00,9.00,35.21,31.38,292.00,2.00,6.00,13.00,16.80,13.45,228.00,6.00,9.00,9.00,46.70,41.25,470.00,2.00,7.00,13.00,3.49,2.94,63.00,7.00,7.00,2.00,0,휴식 (Relax)
-55.69,-37.38,-40.44,-68.62,5.25,226.40,88.16,19.10,113.28,30.03,25.40,52.14,5.00,307.68,156.80,32.24,57.01,14.65,71.02,60.37,56.00,137.86,82.96,22.56,90.80,78.80,24.66,28.71,61.00,343.18,240.08,63.03,169.24,205.17,25.70,61.94,160.00,4.24,13.40,7.59,28.43,15.11,2.08,8.01,28.00,24.45,20.39,251.00,2.00,5.00,9.00,32.36,29.03,282.00,2.00,6.00,12.00,18.57,14.65,213.00,2.00,8.00,8.00,45.71,40.39,450.00,2.00,8.00,13.00,3.70,2.97,64.00,7.00,7.00,2.00,0,휴식 (Relax)
-54.25,-57.38,-33.56,-76.75,-0.06,249.40,111.10,17.04,117.18,52.99,8.75,29.87,18.00,307.68,156.80,32.24,57.01,14.65,71.02,60.37,56.00,166.40,110.24,45.59,61.68,49.99,24.86,22.87,91.00,373.18,269.90,92.59,139.29,176.00,18.35,89.82,190.00,5.43,12.67,3.81,25.55,16.70,3.67,12.05,23.00,26.88,22.19,243.00,2.00,5.00,9.00,32.36,29.03,302.00,2.00,6.00,13.00,20.44,17.23,213.00,2.00,9.00,8.00,48.21,42.97,460.00,2.00,9.00,14.00,3.49,2.58,69.00,5.00,8.00,2.00,0,휴식 (Relax)
-52.31,-57.38,-36.69,-74.88,7.12,278.23,133.58,26.28,87.66,48.64,38.17,60.84,13.00,307.68,156.80,32.24,57.01,14.65,71.02,60.37,56.00,190.70,125.42,53.26,60.21,59.21,6.24,19.94,61.00,401.17,289.70,104.17,140.58,182.58,38.64,59.98,160.00,15.69,10.37,15.69,15.81,3.87,12.02,10.81,36.00,29.48,24.61,227.00,2.00,4.00,8.00,32.36,29.03,271.00,2.00,6.00,12.00,22.42,19.80,203.00,2.00,9.00,7.00,50.52,45.55,430.00,2.00,8.00,13.00,3.72,2.86,72.00,6.00,9.00,2.00,0,휴식 (Relax)
-55.94,-46.06,-35.75,-65.50,3.81,319.93,149.47,55.44,85.16,12.45,32.64,24.90,41.00,324.59,158.79,42.86,74.71,7.51,50.24,70.71,35.00,199.55,124.10,46.01,74.97,68.93,14.78,20.96,76.00,393.89,290.12,110.47,130.70,175.02,48.27,51.52,150.00,19.71,9.90,18.90,20.12,6.48,8.00,7.48,31.00,32.80,28.83,218.00,2.00,3.00,7.00,33.79,30.67,271.00,2.00,6.00,12.00,23.59,21.09,154.00,1.00,8.00,6.00,49.64,44.69,312.00,1.00,7.00,13.00,3.84,3.06,70.00,5.00,9.00,2.00,0,휴식 (Relax)
-47.00,-44.12,-27.06,-58.12,3.81,337.05,143.14,60.99,115.32,39.60,1.69,32.85,10.00,342.13,142.90,41.44,93.34,25.82,72.60,69.62,66.00,222.62,90.78,13.06,87.66,27.08,45.49,45.76,17.00,454.32,216.57,37.61,161.40,85.44,148.77,100.31,32.00,19.71,9.90,18.90,20.12,6.48,8.00,7.48,31.00,34.66,31.25,193.00,1.00,4.00,6.00,35.45,33.09,227.00,1.00,6.00,11.00,23.50,22.17,153.00,1.00,8.00,6.00,50.06,47.34,301.00,1.00,7.00,12.00,3.84,3.06,58.00,4.00,8.00,1.00,0,휴식 (Relax)
-49.62,-48.81,-28.44,-51.44,0.25,359.60,99.34,53.56,122.38,55.78,70.88,65.41,80.00,372.11,68.76,60.62,68.68,73.93,101.26,74.68,19.00,237.46,45.32,63.10,49.65,37.92,36.00,37.69,75.00,492.87,119.29,144.60,99.46,84.10,134.95,8.84,139.00,23.46,1.72,9.91,12.73,2.75,15.78,2.79,22.00,36.73,34.17,167.00,1.00,4.00,5.00,36.77,35.21,237.00,1.00,6.00,12.00,23.69,23.01,152.00,1.00,9.00,6.00,50.23,48.76,279.00,1.00,7.00,11.00,3.21,2.53,54.00,4.00,8.00,1.00,0,휴식 (Relax)
-36.62,-52.88,-15.81,-74.25,-1.75,374.87,35.27,78.82,49.98,57.93,69.40,31.46,16.00,391.07,26.32,108.62,34.67,74.63,6.27,103.05,76.00,240.58,10.08,82.26,16.76,56.51,7.51,20.72,33.00,514.91,23.34,217.06,28.43,172.20,67.28,111.09,24.00,23.46,1.72,9.91,12.73,2.75,15.78,2.79,22.00,35.33,33.80,149.00,1.00,5.00,4.00,38.09,36.62,236.00,1.00,6.00,12.00,23.26,22.69,151.00,1.00,9.00,6.00,53.06,51.75,298.00,1.00,6.00,11.00,3.21,2.53,54.00,4.00,8.00,1.00,0,휴식 (Relax)
-45.31,-57.00,-9.19,-67.75,-8.19,375.62,67.94,103.86,41.63,50.90,15.95,61.32,69.00,395.67,115.10,128.96,80.41,32.09,98.33,37.93,18.00,235.99,18.27,74.46,42.30,34.84,25.62,32.14,59.00,516.19,120.36,214.46,127.28,118.04,159.78,35.24,128.00,26.53,10.56,7.60,9.00,11.56,15.18,9.62,31.00,36.14,34.81,155.00,1.00,5.00,5.00,40.04,37.88,235.00,1.00,5.00,12.00,23.05,22.21,139.00,1.00,8.00,5.00,55.34,53.72,265.00,1.00,5.00,10.00,3.84,3.06,58.00,4.00,7.00,1.00,0,휴식 (Relax)
-27.38,-51.81,-1.81,-40.44,-5.56,363.88,108.31,95.44,88.57,28.03,55.61,6.72,6.00,385.78,177.35,108.64,92.42,54.87,74.65,104.96,65.00,219.74,49.28,38.82,60.11,41.08,19.65,12.16,21.00,496.81,225.45,136.38,160.24,68.77,79.20,109.87,11.00,34.95,18.70,6.40,1.00,11.14,8.51,1.04,21.00,35.91,34.30,161.00,1.00,6.00,6.00,41.68,38.52,202.00,1.00,4.00,11.00,21.34,19.77,132.00,1.00,7.00,4.00,53.40,50.55,263.00,1.00,4.00,10.00,3.98,3.13,50.00,3.00,7.00,0.00,0,휴식 (Relax)
-22.94,-53.94,-0.19,-34.50,-5.56,335.98,138.78,53.35,86.54,44.58,37.22,66.88,77.00,355.43,240.30,61.23,74.28,104.05,74.10,22.14,61.00,202.75,64.98,24.79,45.88,58.47,6.90,25.76,47.00,464.02,281.00,41.79,103.74,154.77,91.35,71.46,106.00,34.95,18.70,6.40,1.00,11.14,8.51,1.04,21.00,34.61,32.17,144.00,1.00,5.00,5.00,40.70,35.41,190.00,1.00,3.00,11.00,20.40,17.76,120.00,1.00,6.00,3.00,52.28,47.44,252.00,1.00,4.00,9.00,3.98,3.13,45.00,3.00,6.00,0.00,0,휴식 (Relax)
-9.94,-28.69,-2.50,-37.25,-5.25,290.86,153.57,30.60,33.00,67.85,43.15,36.49,3.00,326.37,253.35,67.89,59.17,70.13,98.98,62.03,23.00,166.64,79.15,65.33,16.00,30.10,36.87,17.46,4.00,404.44,302.33,114.19,35.36,122.46,154.08,99.84,10.00,39.76,17.16,1.47,4.00,13.75,4.17,5.98,16.00,30.36,27.16,135.00,1.00,5.00,4.00,39.29,32.11,188.00,1.00,3.00,11.00,17.93,15.00,108.00,3.00,5.00,2.00,49.85,42.12,262.00,1.00,4.00,10.00,4.21,3.41,42.00,3.00,5.00,0.00,0,휴식 (Relax)
-6.00,-40.81,3.81,-1.88,-0.44,245.49,145.65,69.56,30.00,38.16,48.40,38.34,60.00,272.22,227.09,116.83,80.78,62.34,27.27,71.18,103.00,146.37,78.23,79.06,37.00,18.50,24.94,10.34,25.00,347.05,279.66,184.20,118.23,43.61,70.35,94.02,76.00,37.42,19.70,3.40,5.00,12.69,5.10,8.87,13.00,27.14,22.50,135.00,1.00,5.00,4.00,35.45,27.37,186.00,1.00,3.00,11.00,16.90,13.36,108.00,4.00,6.00,2.00,45.51,34.30,281.00,1.00,4.00,10.00,4.12,3.24,42.00,2.00,4.00,0.00,0,휴식 (Relax)
4.50,22.88,10.12,12.19,-8.75,196.88,117.74,86.52,63.53,20.54,7.79,45.80,4.00,249.09,201.04,117.51,76.12,73.60,33.85,28.57,60.00,125.52,66.76,74.30,42.54,39.23,23.72,13.62,4.00,293.06,231.97,190.71,126.46,105.74,114.43,66.15,11.00,43.57,9.52,11.69,7.62,2.37,16.04,18.96,2.00,22.83,17.25,134.00,2.00,5.00,4.00,32.02,24.14,236.00,4.00,3.00,11.00,15.27,11.75,107.00,2.00,5.00,2.00,41.53,27.97,269.00,2.00,4.00,10.00,4.68,3.72,49.00,3.00,5.00,0.00,0,휴식 (Relax)
75.94,45.94,59.62,109.50,4.94,221.47,140.58,101.64,78.49,31.94,31.79,69.79,21.00,224.42,168.97,92.00,43.97,41.46,3.40,58.78,93.00,146.83,89.78,97.48,64.51,54.97,26.53,34.72,20.00,303.71,242.96,199.48,136.70,108.51,117.08,62.47,0.00,42.32,11.66,9.35,7.28,2.86,20.05,23.10,3.00,26.87,19.59,207.00,2.00,5.00,5.00,27.79,21.82,246.00,4.00,3.00,11.00,19.45,13.59,152.00,4.00,5.00,3.00,43.22,29.00,356.00,2.00,3.00,10.00,4.85,3.95,63.00,3.00,6.00,1.00,0,휴식 (Relax)
50.94,88.56,35.25,99.19,-2.88,221.47,140.58,101.64,78.49,31.94,31.79,69.79,21.00,244.98,188.32,112.70,54.67,45.23,24.04,77.21,115.00,150.93,94.98,101.09,66.71,56.94,28.26,30.31,14.00,292.83,234.92,190.17,133.24,100.32,112.25,56.48,11.00,41.84,12.43,7.20,4.47,5.27,20.91,25.02,6.00,26.87,19.59,208.00,2.00,6.00,5.00,31.42,23.37,236.00,4.00,3.00,11.00,20.06,14.06,135.00,3.00,6.00,3.00,41.53,27.97,239.00,1.00,3.00,10.00,4.91,4.16,69.00,5.00,7.00,1.00,0,휴식 (Relax)
80.38,73.50,26.69,81.56,0.25,270.07,170.21,118.21,56.04,25.34,61.41,121.98,78.00,309.93,217.59,134.65,41.88,19.82,48.45,62.03,50.00,170.30,113.35,88.63,33.60,15.94,18.29,59.10,55.00,387.48,259.55,200.01,43.05,42.45,41.16,71.62,117.00,40.88,14.29,5.30,5.66,5.73,21.81,24.41,4.00,33.23,25.02,202.00,1.00,7.00,5.00,36.56,28.31,247.00,2.00,4.00,12.00,21.00,15.48,136.00,3.00,5.00,3.00,46.34,35.41,240.00,1.00,2.00,10.00,4.88,4.06,69.00,6.00,7.00,1.00,0,휴식 (Relax)
43.44,38.50,35.06,75.56,-4.12,313.80,176.21,95.05,7.28,60.99,76.49,84.18,15.00,339.30,214.20,119.71,23.19,29.34,24.73,49.45,82.00,190.95,119.29,37.32,36.89,66.14,57.95,50.51,3.00,459.91,244.31,145.88,62.97,53.67,127.60,77.05,21.00,33.87,23.74,11.20,14.56,4.27,12.50,25.24,14.00,34.84,28.97,235.00,1.00,8.00,6.00,37.83,31.06,260.00,1.00,4.00,12.00,22.31,17.79,143.00,1.00,5.00,4.00,50.14,41.91,230.00,1.00,2.00,9.00,4.81,4.11,69.00,7.00,7.00,1.00,0,휴식 (Relax)
54.50,45.56,31.75,79.25,2.75,355.32,153.99,31.31,77.32,55.03,8.68,114.06,94.00,386.57,173.67,56.74,40.11,40.40,60.03,97.31,19.00,204.08,108.21,23.78,79.31,77.40,26.21,38.08,50.00,529.11,185.20,29.52,151.00,110.82,66.81,57.14,138.00,35.63,22.80,9.74,15.23,5.39,10.60,25.11,16.00,37.23,33.31,251.00,1.00,9.00,7.00,39.46,34.30,271.00,1.00,5.00,13.00,23.32,19.84,138.00,1.00,5.00,4.00,53.58,48.16,241.00,1.00,2.00,10.00,4.85,4.22,68.00,8.00,7.00,1.00,0,휴식 (Relax)
27.06,72.56,-2.81,20.38,-3.44,373.19,119.30,23.70,90.74,16.42,59.21,108.41,39.00,441.57,82.63,88.33,106.78,73.98,92.23,6.52,115.00,205.26,92.76,47.20,73.25,52.97,18.46,44.62,25.00,552.47,134.63,50.75,139.03,75.26,42.32,57.03,76.00,22.70,22.27,12.64,6.08,11.86,12.73,23.06,29.00,37.35,34.55,268.00,1.00,9.00,8.00,43.45,38.87,294.00,1.00,5.00,13.00,22.32,18.87,171.00,2.00,5.00,5.00,52.95,48.28,286.00,1.00,3.00,10.00,4.39,3.94,72.00,9.00,8.00,1.00,0,휴식 (Relax)
0.69,-4.06,10.62,48.06,9.38,375.44,83.31,51.54,61.85,22.42,37.07,94.61,77.00,444.72,73.17,96.96,103.45,67.19,82.34,14.56,105.00,197.70,53.53,66.79,32.56,71.14,52.14,26.67,66.00,562.83,49.87,128.35,54.08,55.30,113.31,50.06,161.00,25.61,23.93,14.05,3.16,12.14,15.73,22.44,32.00,36.25,32.85,285.00,1.00,8.00,9.00,43.32,38.32,370.00,2.00,6.00,14.00,21.31,18.59,182.00,3.00,5.00,6.00,53.77,50.30,319.00,1.00,4.00,11.00,4.72,4.12,85.00,10.00,9.00,2.00,0,휴식 (Relax)
-22.81,15.00,-34.75,-36.94,1.69,373.29,75.98,51.75,55.87,22.15,33.67,99.23,69.00,443.88,66.47,98.49,74.32,59.44,103.70,16.44,136.00,202.49,62.88,71.12,32.25,67.52,61.24,26.48,76.00,562.83,49.87,128.35,54.08,55.30,113.31,50.06,161.00,21.76,19.00,9.19,6.71,8.52,19.73,20.33,37.00,35.88,32.41,301.00,2.00,7.00,10.00,43.34,38.50,381.00,3.00,7.00,14.00,22.18,19.06,223.00,4.00,5.00,7.00,53.77,50.30,404.00,2.00,5.00,12.00,4.44,3.81,90.00,10.00,10.00,2.00,0,휴식 (Relax)
-23.75,-7.25,-25.06,-65.06,-2.88,364.35,72.17,39.23,67.20,8.43,47.62,86.61,84.00,436.77,81.91,82.76,84.40,78.33,103.84,7.87,116.00,198.55,60.86,66.16,37.22,62.54,63.32,25.84,81.00,580.00,54.94,154.95,24.19,84.58,107.65,56.27,131.00,19.98,13.81,11.01,7.21,15.42,19.43,25.49,30.00,35.07,31.69,294.00,2.00,6.00,10.00,42.86,37.25,392.00,4.00,8.00,14.00,21.79,18.83,223.00,4.00,6.00,7.00,55.52,51.95,404.00,2.00,5.00,12.00,4.40,3.73,93.00,11.00,10.00,2.00,0,휴식 (Relax)
-24.25,-46.62,-15.38,-36.94,4.00,357.58,77.15,32.42,72.25,15.96,40.65,94.43,76.00,443.54,72.09,91.91,76.58,85.00,111.78,17.27,106.00,193.75,63.01,65.04,38.08,65.04,65.07,28.28,76.00,554.60,70.75,134.43,40.80,95.62,129.62,81.57,101.00,19.48,13.74,9.05,8.94,16.06,21.05,27.43,28.00,34.66,31.31,280.00,2.00,5.00,9.00,43.47,37.88,422.00,4.00,8.00,14.00,21.53,18.59,228.00,4.00,6.00,8.00,53.77,50.30,434.00,2.00,6.00,13.00,4.49,3.88,93.00,11.00,10.00,2.00,0,휴식 (Relax)
-39.69,-37.25,-20.06,-57.56,1.56,350.69,84.13,34.65,67.18,16.47,42.76,87.56,83.00,434.45,78.04,92.47,70.46,81.59,121.66,27.18,96.00,198.73,58.26,60.93,42.95,62.26,69.71,32.55,71.00,544.77,80.75,139.53,35.85,101.98,119.69,71.60,111.00,16.59,10.34,10.56,13.60,21.61,14.25,20.55,35.00,34.12,30.98,281.00,2.00,5.00,9.00,42.86,37.25,432.00,4.00,9.00,15.00,21.79,18.83,228.00,4.00,7.00,8.00,53.04,49.76,434.00,2.00,7.00,13.00,4.32,3.69,93.00,11.00,11.00,2.00,0,휴식 (Relax)
-39.25,-28.50,-28.81,-75.69,-3.44,357.54,78.99,27.65,72.35,23.45,40.55,81.86,90.00,414.47,78.68,111.81,55.17,101.51,110.91,13.51,116.00,216.53,41.24,45.12,51.04,82.06,52.09,12.87,91.00,574.17,62.32,110.10,64.54,130.68,104.12,44.09,141.00,16.59,10.34,10.56,13.60,21.61,14.25,20.55,35.00,34.58,31.31,281.00,2.00,5.00,9.00,41.74,36.00,432.00,4.00,8.00,15.00,22.88,19.77,238.00,4.00,7.00,9.00,55.17,51.40,454.00,2.00,7.00,14.00,4.32,3.69,98.00,12.00,11.00,2.00,0,휴식 (Relax)
-45.38,-58.50,-8.81,-55.06,-3.44,369.16,80.11,26.27,64.14,21.24,53.02,89.80,76.00,414.47,78.68,111.81,55.17,101.51,110.91,13.51,116.00,216.53,41.24,45.12,51.04,82.06,52.09,12.87,91.00,582.51,66.00,108.84,63.13,129.74,101.05,50.75,131.00,16.59,10.34,10.56,13.60,21.61,14.25,20.55,35.00,35.54,31.97,280.00,2.00,5.00,9.00,41.74,36.00,442.00,4.00,8.00,15.00,22.88,19.77,253.00,4.00,7.00,10.00,55.74,51.95,464.00,2.00,7.00,14.00,4.32,3.69,98.00,12.00,11.00,2.00,0,휴식 (Relax)
-30.88,-57.25,-9.12,-55.06,-3.44,373.71,86.75,34.11,57.43,13.57,45.68,87.96,84.00,429.45,98.48,123.49,43.86,115.45,93.77,18.09,96.00,214.94,38.34,40.12,54.04,86.06,49.54,17.43,86.00,582.51,66.00,108.84,63.13,129.74,101.05,50.75,131.00,16.59,10.34,10.56,13.60,21.61,14.25,20.55,35.00,35.92,32.36,294.00,2.00,6.00,10.00,43.15,37.25,422.00,4.00,7.00,14.00,22.72,19.53,248.00,4.00,7.00,10.00,55.74,51.95,434.00,2.00,7.00,13.00,4.32,3.69,93.00,11.00,10.00,2.00,0,휴식 (Relax)
-22.88,-29.12,-9.12,-25.06,-3.12,373.71,86.75,34.11,57.43,13.57,45.68,87.96,84.00,416.74,76.96,95.22,20.59,143.14,64.57,41.34,66.00,214.94,38.34,40.12,54.04,86.06,49.54,17.43,86.00,582.51,66.00,108.84,63.13,129.74,101.05,50.75,131.00,21.47,10.42,15.04,10.00,24.60,9.57,20.09,30.00,35.92,32.36,295.00,2.00,6.00,10.00,41.23,35.38,391.00,3.00,7.00,14.00,22.72,19.53,243.00,4.00,7.00,10.00,55.74,51.95,454.00,2.00,7.00,13.00,4.37,3.77,84.00,10.00,9.00,2.00,0,휴식 (Relax)
36.62,42.19,26.81,66.50,6.00,387.18,73.90,80.57,34.21,51.92,55.06,73.01,28.00,418.42,92.30,104.40,26.93,147.81,93.33,32.71,109.00,231.86,20.60,67.60,42.01,87.16,25.73,43.22,53.00,604.71,90.12,158.80,24.33,130.18,95.16,83.24,44.00,12.39,21.24,20.45,8.49,22.34,14.03,20.04,16.00,36.92,34.30,285.00,2.00,5.00,10.00,42.65,38.06,444.00,4.00,7.00,14.00,23.73,21.34,230.00,4.00,6.00,10.00,58.20,55.50,453.00,2.00,6.00,13.00,4.26,3.75,80.00,10.00,8.00,2.00,0,휴식 (Relax)
30.19,40.81,27.94,87.81,6.00,371.44,56.19,66.18,12.04,60.94,59.03,69.74,3.00,429.08,113.97,126.39,40.61,126.06,92.95,22.02,87.00,217.00,14.40,55.72,24.02,73.23,36.20,57.53,35.00,612.03,101.12,168.70,28.30,138.51,85.07,77.81,55.00,12.39,21.24,20.45,8.49,22.34,14.03,20.04,16.00,35.10,32.54,268.00,2.00,5.00,9.00,43.62,39.44,400.00,4.00,6.00,13.00,21.93,20.07,206.00,4.00,6.00,9.00,59.16,56.19,464.00,2.00,6.00,13.00,4.26,3.75,72.00,9.00,7.00,2.00,0,휴식 (Relax)
53.62,73.12,11.62,55.50,0.81,393.29,81.01,53.32,17.89,50.96,54.13,65.60,22.00,437.89,123.03,130.75,34.93,132.18,84.71,28.93,98.00,206.31,12.47,62.37,26.00,83.40,25.23,51.84,46.00,602.11,93.83,169.55,38.08,148.29,74.83,77.90,66.00,13.98,22.68,20.78,6.71,20.01,16.12,18.97,13.00,36.92,34.30,260.00,2.00,5.00,9.00,44.68,40.12,422.00,4.00,6.00,13.00,21.40,19.30,217.00,4.00,5.00,10.00,58.46,55.50,486.00,2.00,7.00,13.00,4.23,3.66,74.00,8.00,6.00,2.00,0,휴식 (Relax)
38.19,61.44,27.88,86.44,2.69,368.42,63.64,78.30,36.67,26.91,41.13,61.10,47.00,448.58,125.75,123.68,25.24,138.27,95.71,18.92,87.00,218.18,21.24,51.16,15.62,84.59,19.72,52.46,58.00,635.06,96.16,138.17,39.36,149.81,69.48,97.44,99.00,15.74,22.31,19.14,8.54,19.44,16.13,20.29,15.00,34.74,32.54,244.00,2.00,5.00,9.00,45.53,40.81,400.00,4.00,6.00,13.00,22.17,20.14,222.00,4.00,6.00,10.00,60.91,57.56,519.00,2.00,8.00,14.00,4.28,3.77,71.00,7.00,6.00,2.00,0,휴식 (Relax)
45.19,69.00,-7.75,22.50,5.06,383.79,63.25,73.21,33.00,19.43,27.96,57.21,63.00,502.98,110.89,72.24,72.12,85.61,69.76,73.78,142.00,186.50,18.24,63.36,30.46,56.24,51.33,79.45,96.00,604.01,116.65,162.30,18.11,122.88,96.83,128.48,132.00,25.73,15.53,11.77,15.26,29.37,10.81,11.88,5.00,35.81,33.66,236.00,2.00,5.00,8.00,48.69,44.25,400.00,4.00,7.00,13.00,21.06,18.44,260.00,5.00,7.00,11.00,59.61,55.50,574.00,2.00,8.00,14.00,4.34,3.70,67.00,6.00,5.00,2.00,0,휴식 (Relax)
-21.38,-24.69,-14.75,-15.06,7.69,331.01,121.30,43.64,38.00,88.24,43.07,66.24,134.00,458.11,154.10,85.84,76.06,99.85,109.40,124.82,195.00,167.02,64.68,56.16,45.61,103.45,22.64,33.81,48.00,543.45,203.65,161.09,105.02,203.84,28.70,42.62,45.00,31.43,9.85,15.96,13.15,27.05,16.16,17.60,11.00,34.31,31.55,283.00,3.00,6.00,8.00,48.68,44.02,464.00,5.00,7.00,13.00,19.93,16.56,237.00,3.00,6.00,11.00,57.21,51.95,562.00,3.00,7.00,14.00,4.74,4.10,63.00,5.00,4.00,2.00,0,휴식 (Relax)
-32.50,-9.94,-31.62,-59.94,-5.31,313.58,180.51,38.01,72.72,79.54,42.89,75.12,72.00,420.81,228.17,75.88,148.49,27.12,39.87,75.51,119.00,173.84,89.50,36.08,36.50,100.26,22.20,67.73,82.00,523.38,267.95,108.03,134.47,211.51,70.28,118.29,127.00,31.43,9.85,15.96,13.15,27.05,16.16,17.60,11.00,34.69,31.25,274.00,3.00,6.00,8.00,46.10,39.92,398.00,4.00,7.00,13.00,21.53,17.86,240.00,3.00,5.00,11.00,59.11,53.67,579.00,3.00,6.00,14.00,4.74,4.10,63.00,5.00,4.00,2.00,0,휴식 (Relax)
-16.06,-38.06,-10.69,-34.00,2.06,318.97,193.35,36.47,63.79,56.90,19.90,57.60,95.00,420.59,246.37,58.01,145.01,36.61,51.71,80.49,149.00,195.07,99.66,6.18,7.81,71.48,36.90,39.96,51.00,552.01,303.01,13.90,84.59,117.42,91.08,68.75,32.00,29.03,13.43,17.78,13.60,21.93,15.02,12.80,5.00,34.91,31.46,266.00,2.00,7.00,8.00,47.07,41.33,407.00,3.00,7.00,13.00,21.19,16.53,213.00,2.00,5.00,11.00,58.04,50.50,514.00,2.00,7.00,14.00,4.34,3.70,62.00,6.00,5.00,2.00,0,휴식 (Relax)
-30.12,-34.88,-11.62,-33.38,0.06,328.44,191.80,26.05,49.34,66.54,32.03,71.49,80.00,443.87,247.35,7.53,94.02,73.99,75.88,96.91,98.00,181.13,105.08,20.60,21.59,61.05,51.80,34.30,36.00,559.10,300.62,17.04,74.67,123.18,81.08,65.76,42.00,29.03,13.43,17.78,13.60,21.93,15.02,12.80,5.00,35.52,32.05,281.00,2.00,8.00,9.00,47.81,41.70,386.00,2.00,7.00,12.00,20.34,16.06,203.00,2.00,5.00,10.00,58.35,50.89,484.00,2.00,6.00,13.00,4.34,3.70,59.00,5.00,5.00,2.00,0,휴식 (Relax)
-29.19,-51.75,2.12,-44.00,-4.94,341.83,180.79,11.63,55.76,73.56,30.92,56.51,95.00,484.56,220.15,50.62,107.42,48.62,25.99,61.80,148.00,161.13,124.06,31.98,25.81,54.49,42.10,36.07,56.00,549.84,309.14,7.61,74.00,118.42,74.45,60.46,52.00,29.03,13.43,17.78,13.60,21.93,15.02,12.80,5.00,36.10,32.63,281.00,2.00,8.00,9.00,49.62,43.66,366.00,2.00,6.00,12.00,19.89,15.70,208.00,3.00,4.00,10.00,57.83,50.50,464.00,2.00,5.00,13.00,4.34,3.70,57.00,5.00,4.00,2.00,0,휴식 (Relax)
-7.62,-23.00,-12.56,-61.50,-8.25,334.85,187.79,13.40,50.00,80.45,36.86,50.31,102.00,464.96,239.31,43.80,90.44,66.73,20.74,47.57,168.00,165.76,119.68,33.72,30.02,49.63,44.62,36.31,61.00,589.84,270.47,39.77,114.00,78.55,88.29,38.96,92.00,38.05,2.50,11.79,24.33,18.59,10.66,13.41,16.00,35.97,32.36,288.00,2.00,8.00,9.00,48.80,42.88,386.00,2.00,7.00,12.00,20.05,15.90,218.00,4.00,5.00,11.00,59.64,52.06,464.00,2.00,5.00,13.00,4.80,4.22,59.00,5.00,4.00,2.00,0,휴식 (Relax)
-23.06,-61.12,-7.88,-50.88,-3.94,328.22,192.76,10.66,54.49,79.21,30.19,54.90,95.00,494.47,213.59,23.55,77.20,90.10,48.56,26.33,198.00,162.22,121.13,28.72,27.86,46.80,49.52,35.28,66.00,599.08,265.75,42.90,114.44,82.01,78.53,45.12,82.00,43.01,3.09,6.92,25.63,14.20,7.78,13.89,11.00,35.65,32.09,303.00,2.00,9.00,10.00,50.58,44.05,416.00,2.00,7.00,12.00,19.89,15.70,213.00,4.00,5.00,10.00,60.13,52.45,454.00,2.00,5.00,13.00,4.90,4.44,58.00,4.00,5.00,2.00,0,휴식 (Relax)
-9.44,-21.12,15.56,25.38,0.75,312.12,194.35,12.12,72.20,61.21,44.33,51.19,117.00,494.47,213.59,23.55,77.20,90.10,48.56,26.33,198.00,151.72,108.80,41.09,67.74,40.50,27.88,66.27,25.00,537.69,253.31,125.15,206.24,68.66,48.12,134.41,10.00,38.23,2.40,10.82,30.36,10.47,3.77,17.44,6.00,34.88,31.23,311.00,2.00,9.00,11.00,50.58,44.05,426.00,2.00,8.00,12.00,19.42,16.10,219.00,3.00,5.00,10.00,58.40,52.03,516.00,3.00,5.00,13.00,4.80,4.22,63.00,5.00,5.00,2.00,0,휴식 (Relax)
33.75,46.38,24.56,51.81,-2.38,290.54,159.51,79.68,73.78,134.50,84.01,72.42,40.00,443.24,179.56,116.21,110.45,192.93,103.66,129.07,94.00,162.98,85.68,71.17,79.08,67.67,23.16,34.49,57.00,519.01,198.08,206.24,235.93,156.12,59.32,42.09,95.00,36.73,4.35,10.76,31.02,9.70,5.75,15.53,8.00,34.56,32.44,345.00,3.00,9.00,11.00,50.27,45.78,500.00,3.00,8.00,13.00,20.38,17.92,230.00,3.00,5.00,11.00,58.70,53.59,549.00,3.00,5.00,14.00,4.72,4.08,66.00,6.00,6.00,2.00,0,휴식 (Relax)
37.31,39.88,16.94,45.25,-4.38,314.67,104.15,118.73,41.00,140.00,22.25,74.33,111.00,452.95,122.06,171.30,87.32,170.24,32.40,44.93,198.00,183.26,59.87,78.92,58.69,52.06,38.54,60.09,31.00,560.29,112.72,220.66,153.06,113.96,87.05,122.27,10.00,36.73,4.35,10.76,31.02,9.70,5.75,15.53,8.00,35.07,33.77,345.00,3.00,9.00,11.00,49.11,45.89,470.00,3.00,8.00,12.00,20.75,18.82,236.00,3.00,6.00,11.00,58.25,53.50,519.00,3.00,5.00,13.00,4.72,4.08,68.00,6.00,6.00,2.00,0,휴식 (Relax)
3.38,-5.06,0.31,9.62,2.19,338.53,73.30,112.98,12.73,109.06,32.73,53.07,80.00,471.19,96.50,163.81,59.17,141.15,19.34,55.32,167.00,192.99,52.20,72.76,52.01,46.07,28.72,51.68,41.00,593.38,70.89,192.82,124.62,77.23,46.42,95.30,32.00,37.10,7.62,7.19,29.27,8.94,9.59,9.80,15.00,34.45,32.50,314.00,2.00,9.00,11.00,48.33,44.20,439.00,3.00,8.00,12.00,20.62,18.31,214.00,2.00,6.00,11.00,57.79,52.08,455.00,2.00,5.00,13.00,4.61,3.86,65.00,6.00,7.00,1.00,0,휴식 (Relax)
-31.19,-31.44,-30.75,-45.06,2.38,270.76,136.35,181.47,80.50,99.90,80.35,41.43,9.00,408.73,170.30,236.35,115.83,103.36,66.07,102.02,93.00,131.28,82.95,134.97,38.83,19.14,53.32,56.55,104.00,480.84,178.03,307.50,74.73,65.38,106.24,139.77,149.00,35.65,7.65,4.88,26.31,11.93,10.46,9.12,18.00,34.18,31.96,345.00,3.00,8.00,12.00,48.02,42.92,470.00,3.00,8.00,13.00,20.85,18.22,249.00,3.00,6.00,12.00,56.54,51.31,495.00,3.00,4.00,13.00,4.46,3.72,65.00,6.00,7.00,1.00,0,휴식 (Relax)
-27.25,-26.81,-8.06,-45.75,-7.75,207.88,173.13,223.25,96.52,39.30,82.41,62.75,72.00,336.90,226.45,282.59,106.51,62.47,69.84,84.18,167.00,100.12,97.36,152.43,24.60,32.15,18.21,27.71,61.00,332.61,284.50,371.62,77.67,97.27,63.71,50.77,0.00,26.65,20.84,9.48,27.86,13.62,20.15,14.09,4.00,33.91,30.94,320.00,3.00,7.00,11.00,47.25,41.02,437.00,3.00,7.00,12.00,19.23,16.45,252.00,5.00,6.00,12.00,52.43,47.72,472.00,3.00,3.00,13.00,4.68,4.03,71.00,7.00,6.00,2.00,0,휴식 (Relax)
-7.69,-48.25,2.94,-47.88,-9.06,146.20,187.57,210.35,54.45,105.55,29.18,21.42,1.00,201.68,286.00,262.20,40.22,198.12,69.13,116.10,30.00,96.94,95.07,143.63,12.53,23.18,19.71,39.40,77.00,231.39,335.03,325.01,133.70,95.17,63.26,137.66,126.00,19.25,30.62,17.89,38.33,4.35,10.02,12.90,15.00,30.13,26.20,318.00,3.00,6.00,11.00,44.26,36.56,456.00,5.00,6.00,12.00,18.68,15.32,245.00,6.00,5.00,12.00,50.72,45.11,449.00,3.00,2.00,13.00,5.23,4.56,71.00,7.00,6.00,2.00,0,휴식 (Relax)
40.81,26.19,41.56,80.19,2.06,142.59,184.67,202.96,46.53,104.72,35.91,21.00,7.00,159.41,285.50,215.53,45.97,179.95,58.39,100.80,85.00,95.50,99.64,149.57,18.03,27.97,19.03,45.29,83.00,220.89,330.31,292.67,118.11,64.51,42.38,104.67,93.00,17.68,31.45,17.85,37.85,3.46,10.61,11.69,13.00,29.38,25.51,358.00,4.00,5.00,12.00,40.03,32.27,516.00,6.00,6.00,12.00,19.44,15.74,246.00,5.00,5.00,12.00,46.67,42.79,509.00,4.00,3.00,13.00,5.15,4.44,79.00,8.00,7.00,3.00,0,휴식 (Relax)
26.81,40.62,27.56,78.12,9.88,144.59,156.24,181.59,60.31,77.33,10.16,28.00,25.00,148.11,253.69,171.30,38.83,137.61,29.59,95.99,30.00,81.66,131.52,160.64,31.06,18.08,47.01,15.56,51.00,218.77,356.36,312.55,149.33,74.54,62.51,75.61,60.00,20.56,32.54,20.62,40.79,0.72,9.86,9.36,10.00,26.38,22.76,303.00,3.00,6.00,12.00,33.85,27.97,430.00,5.00,5.00,12.00,20.69,17.44,248.00,5.00,6.00,12.00,49.36,45.11,466.00,4.00,3.00,12.00,5.45,4.62,84.00,8.00,6.00,3.00,0,휴식 (Relax)
-5.62,8.00,-9.75,-7.25,-0.44,140.96,163.01,178.27,55.15,71.40,14.99,31.82,32.00,144.84,263.38,168.29,47.41,128.33,25.00,94.57,20.00,78.66,134.83,157.35,28.64,13.13,42.64,18.54,56.00,222.69,346.48,317.37,152.51,84.46,72.47,70.54,50.00,9.75,22.65,15.27,44.28,10.29,7.00,4.22,1.00,26.24,22.48,320.00,4.00,5.00,12.00,33.91,28.50,452.00,4.00,5.00,12.00,20.51,17.12,266.00,6.00,5.00,12.00,49.39,45.31,502.00,4.00,2.00,12.00,4.82,3.99,82.00,8.00,6.00,3.00,0,휴식 (Relax)
0.50,8.00,-30.00,-66.00,-2.44,118.56,180.11,148.40,79.26,71.94,15.40,37.24,2.00,144.84,263.38,168.29,47.41,128.33,25.00,94.57,20.00,75.30,134.69,153.55,25.06,14.56,43.80,17.54,52.00,237.66,335.13,337.23,171.40,81.39,61.57,74.81,70.00,9.75,22.65,15.27,44.28,10.29,7.00,4.22,1.00,25.25,21.38,313.00,5.00,5.00,11.00,33.91,28.50,422.00,3.00,5.00,11.00,20.12,16.88,267.00,3.00,5.00,12.00,50.80,46.25,542.00,4.00,2.00,12.00,4.82,3.99,77.00,7.00,5.00,3.00,0,휴식 (Relax)
-28.56,-40.75,-0.94,-7.25,-3.88,132.42,182.35,153.39,73.05,60.38,28.92,50.51,13.00,162.81,259.26,178.87,65.79,110.10,44.48,110.68,40.00,60.65,124.33,153.21,34.83,26.69,52.08,20.09,67.00,218.66,331.61,332.32,178.60,99.94,70.80,76.58,90.00,9.46,19.52,23.35,41.23,7.60,4.36,9.14,10.00,26.04,22.08,328.00,6.00,6.00,11.00,35.04,29.59,472.00,4.00,5.00,12.00,19.74,16.17,297.00,4.00,6.00,13.00,50.39,45.31,602.00,4.00,3.00,13.00,4.78,3.88,77.00,5.00,5.00,3.00,0,휴식 (Relax)
37.06,58.00,17.81,82.44,3.12,62.46,130.41,209.09,24.02,28.27,86.95,120.51,83.00,78.91,221.64,235.21,87.68,72.43,115.54,193.85,124.00,25.63,88.44,187.27,63.98,24.29,16.40,38.16,31.00,102.13,247.68,433.37,289.36,89.31,48.88,150.47,27.00,9.46,19.52,23.35,41.23,7.60,4.36,9.14,10.00,26.74,23.80,398.00,5.00,7.00,12.00,37.73,32.25,556.00,5.00,5.00,12.00,19.85,16.71,303.00,5.00,5.00,13.00,54.25,50.13,689.00,5.00,3.00,13.00,4.78,3.88,79.00,5.00,6.00,3.00,0,휴식 (Relax)
47.69,30.88,39.00,84.81,0.00,39.77,46.05,282.89,62.01,58.21,89.43,52.07,3.00,25.86,153.89,310.14,156.78,30.49,107.54,117.51,42.00,31.68,61.03,218.69,60.73,23.59,59.63,9.32,76.00,71.17,112.62,544.60,287.45,53.51,120.91,22.78,111.00,7.59,17.54,25.19,40.79,9.37,6.02,8.73,8.00,28.18,25.73,392.00,5.00,6.00,12.00,36.69,31.27,548.00,5.00,5.00,12.00,22.24,19.25,312.00,5.00,4.00,13.00,57.36,53.19,680.00,5.00,2.00,13.00,4.76,3.75,78.00,5.00,6.00,3.00,0,휴식 (Relax)
36.19,58.56,2.44,33.69,2.44,94.41,24.95,284.93,82.88,59.93,37.83,81.00,53.00,103.09,69.13,324.16,145.83,106.76,52.53,183.82,127.00,56.41,74.40,211.95,37.59,19.51,48.94,22.06,51.00,181.54,53.56,538.17,178.27,87.83,50.46,132.65,3.00,1.42,11.51,32.17,32.02,13.25,3.69,10.55,17.00,29.39,27.19,385.00,5.00,6.00,11.00,39.31,33.94,541.00,5.00,5.00,12.00,21.58,18.19,342.00,5.00,5.00,14.00,54.85,50.27,714.00,5.00,3.00,13.00,4.54,3.63,77.00,9.00,7.00,3.00,0,휴식 (Relax)
-20.75,-38.31,-17.56,-51.56,6.81,109.01,39.83,272.08,72.35,45.09,52.70,75.17,38.00,132.65,55.59,301.61,116.30,92.68,79.04,167.02,97.00,56.41,74.40,211.95,37.59,19.51,48.94,22.06,51.00,201.04,71.59,520.17,171.99,73.78,37.53,113.61,17.00,11.27,17.41,31.78,35.85,5.55,6.55,12.49,7.00,28.49,26.25,426.00,6.00,6.00,11.00,36.72,32.06,596.00,6.00,6.00,12.00,21.58,18.19,336.00,5.00,5.00,14.00,53.44,48.87,716.00,5.00,3.00,13.00,4.82,3.94,77.00,8.00,6.00,3.00,0,휴식 (Relax)
-41.38,-18.94,-30.00,-75.81,-1.00,91.84,26.73,290.23,90.21,45.60,68.60,80.07,16.00,141.31,61.39,292.53,114.74,85.58,69.92,168.60,107.00,35.42,51.03,236.57,19.70,39.73,12.65,22.50,92.00,135.93,38.38,592.46,86.61,142.54,56.75,76.00,109.00,8.67,14.43,34.43,33.29,7.92,9.15,15.12,4.00,29.95,27.62,400.00,5.00,6.00,11.00,36.32,31.44,542.00,5.00,7.00,12.00,22.83,19.38,340.00,4.00,4.00,14.00,56.85,53.31,713.00,5.00,3.00,13.00,4.81,3.88,82.00,8.00,7.00,3.00,0,휴식 (Relax)
-37.00,-43.06,-12.69,-49.25,-2.88,89.24,85.09,285.71,80.36,25.40,90.89,60.32,86.00,110.85,33.46,303.06,23.85,32.86,97.05,175.54,201.00,58.46,75.65,222.53,20.62,26.11,49.42,14.50,55.00,156.50,143.36,578.22,95.27,92.36,86.32,96.52,4.00,7.77,13.30,35.97,34.41,6.44,8.67,13.12,6.00,30.56,27.88,392.00,5.00,5.00,11.00,36.16,30.95,572.00,5.00,8.00,13.00,22.35,18.65,349.00,5.00,5.00,15.00,56.86,52.91,733.00,5.00,4.00,14.00,4.86,3.98,82.00,8.00,6.00,3.00,0,휴식 (Relax)
26.00,40.62,23.94,66.06,1.81,100.88,99.43,271.40,65.19,27.68,74.92,64.50,70.00,116.04,40.72,294.46,20.10,21.87,86.06,176.38,190.00,52.62,69.72,228.51,23.60,32.06,54.04,20.16,49.00,147.78,135.73,588.58,87.00,102.46,97.10,101.40,7.00,9.08,13.02,37.67,30.48,9.70,12.35,8.52,11.00,29.44,26.75,422.00,6.00,5.00,11.00,35.28,30.17,612.00,6.00,9.00,13.00,22.70,19.07,370.00,6.00,5.00,15.00,57.59,53.68,816.00,6.00,4.00,14.00,4.82,3.94,80.00,8.00,7.00,3.00,0,휴식 (Relax)
40.00,38.62,33.81,83.94,1.94,71.04,92.98,296.55,82.13,59.67,54.90,89.91,38.00,92.48,50.72,322.99,12.17,32.34,68.55,193.79,158.00,19.60,56.84,245.78,54.82,33.42,59.99,22.23,83.00,86.43,153.70,634.62,140.87,73.11,81.25,114.40,59.00,9.00,14.32,35.67,29.21,11.47,14.32,7.45,13.00,31.09,29.00,399.00,5.00,5.00,11.00,36.59,32.42,581.00,5.00,9.00,12.00,24.32,21.46,347.00,5.00,4.00,15.00,61.27,58.32,776.00,5.00,4.00,14.00,4.75,3.81,80.00,8.00,7.00,3.00,0,휴식 (Relax)
35.56,75.94,-7.06,34.69,3.94,3.64,150.59,288.06,55.90,74.37,74.82,22.09,109.00,47.72,157.36,334.68,105.68,79.82,102.69,115.17,265.00,21.36,78.92,230.59,55.36,6.84,32.88,9.49,53.00,9.47,235.34,609.45,193.61,38.47,52.22,72.43,25.00,9.00,14.32,35.67,29.21,11.47,14.32,7.45,13.00,31.42,29.56,399.00,5.00,5.00,11.00,41.03,36.06,625.00,5.00,9.00,13.00,22.63,19.82,366.00,6.00,5.00,15.00,60.86,58.06,810.00,5.00,5.00,14.00,4.75,3.81,71.00,7.00,7.00,2.00,0,휴식 (Relax)
-27.94,-49.81,-17.06,-31.19,3.25,7.47,158.21,280.69,48.05,66.86,75.13,29.94,101.00,49.12,143.20,350.66,109.77,92.34,106.95,99.71,285.00,21.36,78.92,230.59,55.36,6.84,32.88,9.49,53.00,25.88,260.74,579.82,175.57,61.63,69.92,89.81,5.00,7.27,9.90,28.79,24.04,22.14,19.44,11.13,2.00,30.91,29.06,447.00,6.00,5.00,11.00,42.25,37.31,722.00,6.00,9.00,13.00,22.63,19.82,366.00,6.00,5.00,15.00,59.45,56.19,864.00,6.00,4.00,14.00,4.47,3.53,69.00,7.00,6.00,2.00,0,휴식 (Relax)
-41.56,-41.06,-21.12,-80.56,-4.12,18.05,149.23,296.85,56.86,69.96,93.11,51.62,79.00,39.93,143.65,333.77,90.82,86.27,99.35,81.26,305.00,6.50,71.48,235.59,61.40,8.92,43.25,15.46,68.00,19.33,258.39,585.14,184.02,69.79,79.91,99.04,15.00,10.42,14.94,22.87,18.38,19.59,13.45,9.84,8.00,32.27,30.44,414.00,5.00,4.00,11.00,40.73,36.06,661.00,5.00,10.00,13.00,23.21,20.64,332.00,5.00,4.00,14.00,60.25,56.81,788.00,5.00,4.00,14.00,3.84,3.11,65.00,7.00,6.00,1.00,0,휴식 (Relax)
-23.12,-28.50,-13.06,-43.94,-3.81,73.02,179.32,283.94,32.98,16.04,41.88,27.77,134.00,72.65,172.76,328.56,85.48,46.70,65.97,40.36,346.00,43.97,99.73,203.02,31.26,44.07,61.62,34.19,19.00,105.09,327.79,531.62,157.32,137.06,77.39,7.18,91.00,9.49,10.34,24.43,17.12,23.64,10.34,12.89,13.00,31.99,29.89,413.00,5.00,5.00,11.00,41.31,37.06,660.00,5.00,9.00,13.00,21.86,18.83,325.00,5.00,5.00,13.00,59.61,55.68,818.00,5.00,5.00,15.00,3.96,3.31,57.00,7.00,5.00,1.00,0,휴식 (Relax)
8.38,13.19,3.31,31.12,1.69,80.42,187.30,276.20,25.30,22.52,44.32,22.92,126.00,83.63,183.71,318.16,74.55,54.82,76.97,50.99,335.00,65.29,121.71,181.77,9.85,37.52,39.62,18.25,41.00,137.54,360.74,498.67,124.40,112.66,44.51,25.93,58.00,14.89,11.09,19.77,9.22,17.73,11.09,6.07,5.00,31.80,29.33,412.00,5.00,4.00,11.00,41.00,36.29,669.00,5.00,9.00,13.00,20.98,17.11,303.00,5.00,5.00,13.00,57.98,53.36,805.00,5.00,5.00,15.00,3.20,2.81,51.00,7.00,5.00,0.00,0,휴식 (Relax)
29.38,32.50,34.25,58.75,-1.31,56.52,154.36,307.59,60.93,50.51,51.56,33.00,78.00,45.50,159.46,348.34,90.44,59.72,111.53,89.49,292.00,36.97,95.50,193.63,45.89,84.63,35.82,51.25,90.00,78.57,309.89,533.29,156.82,168.35,58.29,110.71,28.00,14.89,11.09,19.77,9.22,17.73,11.09,6.07,5.00,32.44,30.38,428.00,5.00,3.00,12.00,41.80,38.00,691.00,5.00,9.00,14.00,22.57,19.09,317.00,5.00,4.00,13.00,59.66,56.00,778.00,5.00,4.00,15.00,3.20,2.81,52.00,8.00,6.00,0.00,0,휴식 (Relax)
26.88,50.44,2.75,39.31,6.06,75.85,164.66,294.16,58.24,66.46,69.37,30.18,118.00,58.31,188.83,331.38,52.77,112.83,112.88,59.84,357.00,60.95,117.81,167.00,54.64,71.24,6.71,11.32,50.00,155.23,368.55,459.49,96.63,85.42,80.84,62.23,107.00,5.35,5.00,24.81,2.24,7.84,20.52,16.07,15.00,33.06,31.23,398.00,5.00,2.00,11.00,43.70,40.24,663.00,5.00,8.00,14.00,20.72,17.53,316.00,5.00,5.00,13.00,56.17,52.48,729.00,5.00,5.00,15.00,3.45,2.95,58.00,9.00,6.00,0.00,0,휴식 (Relax)
-36.56,-17.69,-30.69,-54.44,5.31,82.28,171.11,287.20,51.55,59.85,62.38,24.48,111.00,106.61,238.35,282.83,9.22,83.87,72.02,62.73,307.00,37.09,92.84,191.32,76.56,94.15,25.58,16.23,25.00,135.45,348.83,479.44,116.52,103.30,98.19,79.95,127.00,9.68,15.99,22.20,14.04,15.43,11.93,6.58,3.00,32.53,30.74,391.00,5.00,2.00,11.00,40.65,36.73,624.00,5.00,8.00,14.00,22.11,18.90,330.00,5.00,5.00,13.00,57.16,53.88,727.00,5.00,5.00,15.00,3.39,2.77,51.00,8.00,5.00,0.00,0,휴식 (Relax)
-32.62,-42.44,-23.12,-47.12,0.31,19.28,115.57,322.63,92.96,85.19,45.24,40.33,48.00,29.53,179.68,340.52,75.03,155.13,11.99,108.77,223.00,3.91,67.96,202.54,100.42,72.75,35.96,24.79,66.00,34.75,261.94,528.91,172.74,82.53,127.05,37.15,10.00,9.68,15.99,22.20,14.04,15.43,11.93,6.58,3.00,32.90,31.38,375.00,5.00,1.00,10.00,41.05,37.44,632.00,5.00,7.00,14.00,22.56,19.14,311.00,5.00,5.00,12.00,56.17,53.38,716.00,5.00,4.00,14.00,3.39,2.77,53.00,7.00,4.00,0.00,0,휴식 (Relax)
-20.19,-29.19,-9.69,-48.50,-4.56,53.88,124.51,295.39,82.01,34.00,34.34,43.19,119.00,49.57,195.24,327.54,90.14,123.99,44.79,92.04,275.00,58.64,101.25,167.43,73.55,47.71,19.78,33.12,11.00,140.77,306.58,460.18,129.88,57.48,12.10,105.86,148.00,7.82,15.68,23.71,16.03,17.37,10.21,6.25,5.00,31.08,29.46,375.00,5.00,1.00,10.00,41.42,37.84,609.00,5.00,7.00,14.00,19.95,16.52,286.00,5.00,5.00,12.00,53.62,50.81,682.00,5.00,4.00,14.00,3.52,2.92,55.00,7.00,4.00,0.00,0,휴식 (Relax)
-2.19,-14.50,10.31,5.19,-6.12,101.10,170.19,247.72,38.01,28.15,51.90,8.02,71.00,124.01,266.91,254.81,50.00,95.32,45.11,98.48,200.00,58.64,101.25,167.43,73.55,47.71,19.78,33.12,11.00,183.43,348.57,417.18,87.80,48.75,40.30,64.87,105.00,5.89,20.85,22.68,17.09,14.44,17.13,11.06,2.00,29.06,26.36,334.00,4.00,1.00,10.00,39.02,34.38,524.00,4.00,6.00,14.00,19.95,16.52,286.00,5.00,5.00,12.00,52.34,47.79,649.00,5.00,5.00,14.00,3.85,3.36,52.00,7.00,3.00,0.00,0,휴식 (Relax)
34.81,33.94,30.62,84.19,3.06,64.22,130.72,274.80,76.56,45.84,99.81,51.09,23.00,59.10,207.28,305.67,123.00,36.40,117.53,127.72,127.00,42.57,81.37,181.48,77.25,83.85,43.24,21.50,54.00,94.24,251.59,480.60,172.41,176.24,164.48,94.25,23.00,8.11,23.81,19.94,14.32,12.11,15.46,8.11,1.00,30.30,28.46,352.00,5.00,1.00,10.00,38.98,35.20,557.00,5.00,5.00,14.00,21.32,18.30,294.00,5.00,4.00,12.00,55.91,51.66,706.00,5.00,4.00,14.00,3.63,3.20,53.00,7.00,4.00,0.00,0,휴식 (Relax)
53.88,71.88,15.75,74.31,8.38,99.47,155.17,243.49,94.85,113.95,78.75,57.63,118.00,87.78,222.14,290.39,156.65,133.31,91.65,135.43,224.00,75.12,111.85,154.62,38.21,96.47,14.59,28.41,8.00,187.01,307.45,421.80,166.82,179.76,140.88,65.33,135.00,3.52,19.39,29.11,21.40,4.96,21.26,3.36,12.00,32.08,30.00,377.00,5.00,1.00,11.00,42.90,38.88,571.00,5.00,4.00,14.00,20.52,17.78,291.00,5.00,5.00,12.00,55.96,52.31,686.00,5.00,4.00,13.00,4.20,3.47,57.00,7.00,3.00,0.00,0,휴식 (Relax)
-20.50,-17.62,-19.94,-35.56,0.06,120.77,176.74,222.16,80.00,99.42,59.42,35.75,96.00,126.92,259.32,253.99,127.66,124.55,61.51,108.86,184.00,70.18,106.88,159.59,42.01,101.43,19.24,32.29,3.00,216.78,337.06,392.32,140.46,149.89,113.50,43.03,105.00,7.70,22.66,29.15,18.79,1.99,16.26,1.66,7.00,30.73,28.62,388.00,5.00,2.00,11.00,40.72,36.38,575.00,5.00,5.00,14.00,20.78,18.06,290.00,5.00,5.00,12.00,54.27,50.44,678.00,5.00,4.00,13.00,4.02,3.09,60.00,6.00,4.00,0.00,0,휴식 (Relax)
-24.56,-33.69,-17.31,-67.69,-8.38,74.80,140.49,253.46,120.93,129.89,16.50,15.46,49.00,66.87,203.98,304.24,180.25,183.17,7.94,66.04,121.00,31.05,87.07,175.95,36.67,98.72,26.18,37.40,45.00,101.55,246.85,473.84,232.38,166.15,39.35,123.30,21.00,6.31,13.66,37.35,27.20,7.46,11.89,10.47,2.00,30.97,28.76,379.00,5.00,2.00,10.00,41.12,36.65,595.00,5.00,5.00,15.00,20.48,17.60,278.00,5.00,4.00,11.00,55.51,51.02,696.00,5.00,3.00,13.00,4.57,3.78,69.00,7.00,4.00,0.00,0,휴식 (Relax)
-20.62,-57.88,0.12,-39.69,-2.19,45.99,154.26,237.55,112.01,78.60,64.44,48.14,112.00,68.08,205.10,300.92,160.31,142.45,97.28,148.56,214.00,33.17,111.09,154.95,17.09,61.61,19.26,16.65,6.00,113.87,294.81,444.13,199.16,42.79,91.31,7.49,107.00,8.94,11.80,39.49,26.48,7.36,10.53,7.92,1.00,29.82,26.91,379.00,5.00,2.00,10.00,43.09,37.34,581.00,5.00,4.00,15.00,18.16,14.88,254.00,6.00,4.00,11.00,52.50,47.15,672.00,5.00,4.00,13.00,4.60,3.91,73.00,7.00,5.00,0.00,0,휴식 (Relax)
-10.12,-2.44,0.12,-6.31,-5.62,87.28,207.61,184.07,57.01,75.04,60.50,25.42,56.00,151.91,283.13,229.06,73.68,83.44,65.21,62.37,127.00,33.17,111.09,154.95,17.09,61.61,19.26,16.65,6.00,163.90,347.99,392.81,145.22,63.75,72.50,47.47,53.00,17.94,16.26,37.31,17.72,2.45,19.07,14.70,8.00,27.86,23.80,323.00,4.00,2.00,9.00,37.95,30.85,504.00,4.00,4.00,15.00,18.16,14.88,244.00,5.00,4.00,10.00,51.26,44.14,638.00,4.00,4.00,13.00,4.77,4.12,77.00,7.00,6.00,0.00,0,휴식 (Relax)
41.94,25.06,41.69,84.94,1.50,25.27,156.15,231.13,95.44,49.03,121.23,84.78,7.00,82.96,218.65,294.82,109.79,11.50,131.57,40.97,55.00,22.17,83.35,179.98,63.06,65.31,46.20,64.31,61.00,56.79,267.98,471.73,185.69,105.93,166.60,151.92,55.00,19.81,18.26,35.38,18.38,3.64,17.39,13.51,6.00,29.56,26.58,364.00,5.00,1.00,9.00,36.90,31.17,526.00,5.00,4.00,15.00,20.95,17.48,284.00,5.00,3.00,11.00,55.60,49.95,686.00,5.00,3.00,13.00,4.70,4.00,77.00,7.00,7.00,0.00,0,휴식 (Relax)
37.06,41.81,15.44,64.75,5.88,52.80,170.13,225.79,81.32,123.09,71.70,18.59,71.00,64.38,213.48,308.66,82.73,87.90,71.40,57.05,139.00,56.27,106.06,163.58,64.20,92.10,20.65,29.34,25.00,105.61,315.52,454.13,116.02,198.47,74.86,78.91,92.00,14.11,13.21,42.33,9.90,13.32,18.48,15.21,4.00,29.64,27.55,349.00,5.00,1.00,8.00,37.25,32.46,538.00,5.00,4.00,15.00,20.80,17.51,303.00,5.00,4.00,12.00,54.90,51.16,667.00,5.00,4.00,13.00,4.86,4.11,82.00,7.00,7.00,0.00,0,휴식 (Relax)
-19.38,-3.12,-29.62,-52.25,2.44,59.40,176.67,219.66,74.63,119.34,68.82,19.01,64.00,89.33,238.88,285.53,52.17,85.15,67.66,43.14,108.00,44.62,91.07,178.58,78.59,104.90,30.83,21.02,10.00,105.61,315.52,454.13,116.02,198.47,74.86,78.91,92.00,16.10,17.94,40.67,15.65,13.33,12.33,10.63,3.00,29.31,27.17,374.00,5.00,1.00,8.00,36.32,30.77,540.00,5.00,5.00,15.00,21.79,18.38,334.00,5.00,4.00,12.00,54.90,51.16,711.00,5.00,4.00,13.00,4.78,3.92,80.00,6.00,7.00,0.00,0,휴식 (Relax)
-38.50,-22.19,-27.75,-57.06,0.44,38.92,136.15,257.39,99.01,151.30,32.19,47.13,18.00,58.73,208.69,314.15,66.07,115.13,53.87,58.58,77.00,43.08,74.16,192.44,90.97,112.41,4.91,35.23,40.00,49.28,249.18,518.17,143.81,232.37,8.37,46.39,9.00,16.10,17.94,40.67,15.65,13.33,12.33,10.63,3.00,30.93,28.75,372.00,5.00,1.00,8.00,36.72,31.36,539.00,5.00,5.00,15.00,22.94,19.97,300.00,5.00,3.00,11.00,56.59,52.45,688.00,5.00,3.00,13.00,4.78,3.92,79.00,5.00,6.00,0.00,0,휴식 (Relax)
-34.12,-56.38,-0.31,-49.81,-6.31,92.98,138.99,255.54,69.01,95.49,101.65,50.39,88.00,37.08,179.53,329.25,59.40,97.86,141.38,45.54,170.00,74.33,94.77,172.46,62.20,73.42,36.06,36.69,1.00,133.33,269.95,502.90,85.00,120.83,111.76,125.73,125.00,12.31,15.76,43.14,19.31,11.87,15.02,14.50,1.00,31.11,27.55,372.00,5.00,1.00,8.00,38.69,31.72,557.00,5.00,4.00,15.00,20.95,17.27,296.00,5.00,3.00,11.00,56.01,49.77,677.00,5.00,3.00,12.00,5.01,4.23,78.00,5.00,6.00,0.00,0,휴식 (Relax)
-23.19,-39.81,-9.06,-33.88,-1.81,155.98,196.85,202.64,6.08,88.49,68.10,23.12,25.00,141.98,260.18,257.73,75.72,13.76,78.45,85.77,65.00,94.29,114.76,152.49,47.63,83.34,28.15,22.67,21.00,228.32,359.68,415.93,10.00,154.00,74.69,30.77,30.00,4.31,19.74,40.12,23.43,7.04,16.63,6.77,7.00,30.30,25.03,316.00,4.00,1.00,7.00,37.06,28.56,502.00,5.00,5.00,15.00,20.93,17.19,271.00,6.00,3.00,11.00,54.86,46.58,592.00,4.00,3.00,12.00,4.81,4.09,82.00,5.00,7.00,0.00,0,휴식 (Relax)
43.38,50.81,24.69,55.19,-3.19,94.40,136.33,266.48,70.26,52.54,122.48,81.81,46.00,95.09,208.00,310.69,114.83,47.93,118.12,139.74,11.00,48.41,84.54,176.57,33.54,71.50,73.21,37.23,73.00,145.84,279.89,491.36,95.52,135.91,161.31,68.68,65.00,6.42,29.72,30.19,17.00,17.00,7.93,15.58,3.00,31.74,28.23,387.00,5.00,1.00,8.00,39.32,32.73,566.00,5.00,4.00,15.00,20.98,17.89,303.00,5.00,4.00,12.00,56.01,49.77,687.00,5.00,3.00,13.00,4.61,3.94,79.00,5.00,7.00,0.00,0,휴식 (Relax)
38.94,14.62,38.62,90.50,9.31,87.24,146.58,275.93,95.52,121.26,58.65,50.67,25.00,81.99,189.26,325.35,149.04,64.58,69.09,93.87,62.00,60.71,125.04,152.30,38.08,132.09,34.08,46.80,8.00,143.61,296.55,483.40,176.71,264.97,78.32,72.85,74.00,1.72,24.37,34.87,24.35,21.73,0.12,22.30,11.00,32.52,30.33,379.00,5.00,1.00,8.00,38.56,32.17,589.00,5.00,5.00,15.00,22.50,19.67,311.00,5.00,4.00,12.00,59.81,55.50,721.00,5.00,2.00,13.00,5.18,4.44,87.00,5.00,8.00,1.00,0,휴식 (Relax)
20.00,63.62,-7.00,39.94,2.88,122.89,190.83,240.37,68.95,104.32,79.21,49.08,22.00,149.83,251.90,264.21,114.00,41.91,139.20,168.75,34.00,70.05,134.98,142.51,35.36,126.21,27.87,37.07,18.00,234.27,394.53,393.20,149.34,217.12,76.39,36.96,31.00,8.72,26.47,32.40,23.02,25.22,6.88,18.51,4.00,32.34,30.62,380.00,5.00,1.00,8.00,41.35,35.05,634.00,5.00,6.00,15.00,22.17,19.12,336.00,5.00,5.00,12.00,58.78,55.57,714.00,5.00,3.00,13.00,5.15,4.36,91.00,5.00,8.00,1.00,0,휴식 (Relax)
-4.50,-13.00,-15.75,-24.38,5.12,130.76,197.94,233.03,61.47,97.62,79.94,49.19,14.00,159.75,261.87,254.35,104.00,34.23,136.44,162.43,24.00,50.08,123.37,154.82,55.23,138.20,9.81,17.45,38.00,223.27,384.75,402.47,160.31,225.91,76.60,47.96,42.00,20.31,37.96,20.56,11.05,13.94,8.66,22.33,16.00,32.21,30.19,364.00,5.00,1.00,8.00,41.09,34.50,657.00,5.00,7.00,15.00,22.53,19.69,323.00,5.00,4.00,12.00,59.01,56.17,692.00,5.00,3.00,13.00,5.07,4.16,85.00,4.00,9.00,1.00,0,휴식 (Relax)
-31.56,0.00,-31.81,-46.38,0.25,70.69,188.01,239.91,69.63,56.46,135.70,96.41,49.00,129.21,242.30,263.24,108.81,55.05,155.35,157.01,8.00,28.99,150.80,138.63,79.93,80.50,72.81,77.37,25.00,115.01,367.38,401.39,211.29,134.37,186.55,85.09,86.00,18.65,36.26,21.75,11.05,14.24,10.63,22.81,18.00,32.46,29.70,370.00,5.00,0.00,8.00,40.35,32.25,624.00,4.00,7.00,15.00,22.92,18.74,331.00,5.00,4.00,12.00,57.13,52.97,722.00,5.00,3.00,14.00,5.04,4.06,84.00,4.00,9.00,1.00,0,휴식 (Relax)
-18.56,-24.31,-14.56,-47.75,-5.81,60.16,251.27,181.74,46.14,53.61,70.88,17.67,31.00,86.95,281.70,197.19,32.14,67.33,49.12,159.56,99.00,63.02,186.53,105.50,61.03,82.89,53.81,49.89,11.00,144.69,477.70,292.19,139.74,118.05,88.38,56.65,52.00,16.60,36.18,19.61,4.12,2.63,12.21,28.59,3.00,29.40,26.33,305.00,4.00,1.00,7.00,35.81,28.60,568.00,6.00,8.00,15.00,22.70,17.69,310.00,6.00,5.00,12.00,54.51,48.16,624.00,4.00,3.00,14.00,4.81,4.09,83.00,5.00,9.00,1.00,0,휴식 (Relax)
-25.62,-51.19,-0.50,-27.12,-3.50,72.83,265.89,167.38,33.97,60.90,70.66,32.67,16.00,119.83,330.64,147.37,18.25,44.63,95.11,168.42,49.00,48.31,175.08,117.25,75.43,71.83,62.35,48.15,26.00,153.78,487.43,282.96,129.88,124.74,84.48,46.72,42.00,20.20,40.45,15.83,5.66,7.12,7.21,24.39,8.00,29.98,27.03,306.00,4.00,2.00,7.00,38.15,31.34,578.00,6.00,8.00,15.00,22.38,17.00,325.00,4.00,5.00,13.00,54.77,48.55,604.00,4.00,3.00,14.00,4.89,4.25,76.00,4.00,9.00,1.00,0,휴식 (Relax)
41.44,37.88,35.12,71.31,-3.75,12.53,238.07,183.93,89.56,123.11,57.14,94.14,47.00,62.12,280.70,176.28,68.41,105.52,137.06,215.23,14.00,31.56,180.30,117.00,80.96,123.76,9.47,55.34,28.00,17.12,431.05,313.46,172.07,257.27,70.34,99.39,95.00,16.40,36.61,19.62,8.94,10.07,5.27,20.52,12.00,31.51,29.26,377.00,5.00,3.00,8.00,39.01,32.62,641.00,7.00,8.00,15.00,23.82,19.70,349.00,5.00,5.00,13.00,55.87,52.11,691.00,5.00,3.00,14.00,4.59,4.00,70.00,4.00,8.00,1.00,0,휴식 (Relax)
45.00,32.06,27.06,64.00,5.75,59.31,276.09,145.65,97.53,123.86,109.42,48.06,24.00,34.11,289.99,151.72,129.14,96.83,155.20,126.70,79.00,60.68,209.32,92.18,53.15,122.16,42.23,56.48,5.00,100.21,498.03,250.70,115.52,258.78,120.66,24.23,22.00,8.41,33.63,21.91,14.42,14.07,6.70,28.48,4.00,33.12,31.38,378.00,5.00,3.00,8.00,37.25,30.82,591.00,7.00,8.00,14.00,24.80,21.80,355.00,5.00,6.00,13.00,57.05,54.62,661.00,5.00,3.00,13.00,4.80,4.22,76.00,5.00,7.00,2.00,0,휴식 (Relax)
11.00,39.69,-10.62,-3.31,2.19,89.10,307.93,113.66,70.94,92.04,79.42,53.06,8.00,82.38,337.83,104.56,111.65,42.83,104.40,180.70,25.00,55.69,204.59,96.90,56.57,126.93,45.72,59.92,10.00,120.08,518.97,229.70,94.64,238.04,100.09,7.29,1.00,4.11,38.84,17.47,12.04,6.77,10.83,20.88,13.00,32.87,31.00,354.00,4.00,4.00,8.00,38.53,32.81,570.00,4.00,8.00,14.00,24.90,22.03,348.00,5.00,5.00,13.00,56.75,53.48,629.00,5.00,2.00,13.00,4.56,3.86,72.00,4.00,8.00,2.00,0,휴식 (Relax)
-38.12,-49.81,-21.56,-55.69,4.88,57.80,252.65,161.74,135.25,86.49,89.27,97.55,86.00,52.22,271.07,170.03,183.39,68.23,44.89,248.98,47.00,28.41,185.83,120.02,47.17,99.34,78.51,24.74,55.00,89.21,424.25,311.34,158.00,202.37,119.80,133.41,137.00,8.39,43.83,12.50,7.07,5.93,5.89,23.71,8.00,33.11,30.89,408.00,5.00,4.00,9.00,40.36,34.84,642.00,7.00,8.00,14.00,23.41,19.65,339.00,5.00,5.00,13.00,55.36,51.40,679.00,5.00,2.00,13.00,4.73,4.12,70.00,3.00,8.00,2.00,0,휴식 (Relax)
-26.69,-6.44,-23.69,-66.50,-4.50,112.83,269.26,155.85,125.16,15.49,23.99,81.73,15.00,92.50,257.35,181.59,187.76,36.43,63.89,209.20,7.00,70.98,217.00,103.94,25.71,64.74,33.97,52.11,9.00,224.90,468.16,295.00,137.62,79.58,27.20,61.87,10.00,1.64,36.94,19.49,13.04,6.31,8.47,28.31,2.00,32.21,29.77,359.00,4.00,5.00,8.00,38.75,32.69,639.00,7.00,9.00,14.00,23.67,19.15,298.00,6.00,5.00,12.00,54.96,49.38,582.00,4.00,2.00,13.00,4.70,4.19,77.00,5.00,9.00,3.00,0,휴식 (Relax)
-32.31,-62.00,-4.94,-36.50,0.62,134.80,289.50,137.40,103.41,31.70,45.99,71.98,37.00,163.25,304.57,138.80,119.62,42.70,94.49,242.99,64.00,51.31,197.01,123.47,45.40,45.62,32.05,72.04,11.00,224.90,468.16,295.00,137.62,79.58,27.20,61.87,10.00,3.61,37.23,19.20,12.08,6.98,6.50,27.89,0.00,33.14,30.98,344.00,4.00,6.00,7.00,41.91,36.00,678.00,6.00,10.00,14.00,22.90,18.05,318.00,6.00,6.00,13.00,54.96,49.38,602.00,4.00,3.00,13.00,4.66,4.08,80.00,6.00,10.00,3.00,0,휴식 (Relax)
-32.31,-21.38,-10.88,-27.75,-4.06,134.80,289.50,137.40,103.41,31.70,45.99,71.98,37.00,172.74,314.57,128.82,116.48,44.12,84.50,240.84,54.00,39.94,187.21,132.42,49.66,48.54,21.05,57.98,4.00,208.06,450.31,311.16,146.49,85.75,33.77,43.65,10.00,8.36,41.41,14.49,7.81,2.06,10.14,27.27,5.00,33.14,30.98,344.00,4.00,6.00,7.00,42.16,36.55,678.00,6.00,10.00,14.00,22.15,17.56,298.00,4.00,6.00,12.00,54.11,48.44,612.00,4.00,3.00,14.00,4.78,4.31,78.00,6.00,10.00,3.00,0,휴식 (Relax)
40.81,56.44,30.06,81.62,2.38,93.25,269.85,146.29,29.41,108.52,90.07,146.05,41.00,112.98,250.36,198.20,32.14,158.82,85.44,286.38,61.00,42.09,193.42,120.38,24.19,76.18,53.84,84.48,29.00,175.34,429.08,311.85,73.82,206.29,104.74,181.42,128.00,5.16,32.75,21.82,7.21,9.08,14.96,24.95,14.00,33.76,31.81,415.00,5.00,6.00,8.00,42.59,37.31,753.00,7.00,10.00,14.00,23.47,20.29,331.00,5.00,6.00,12.00,56.75,52.17,720.00,5.00,3.00,14.00,4.55,4.05,81.00,7.00,11.00,3.00,0,휴식 (Relax)
36.38,39.56,16.12,63.31,7.69,125.74,318.77,108.00,59.09,98.10,27.57,77.08,30.00,163.50,297.82,195.33,62.07,146.94,9.15,213.86,33.00,68.70,220.97,89.81,15.62,57.03,36.60,69.69,2.00,255.11,518.68,227.14,45.35,158.43,90.50,83.29,11.00,15.16,29.35,23.51,6.40,9.34,18.01,31.60,3.00,34.16,32.38,344.00,4.00,6.00,7.00,41.96,36.81,670.00,4.00,10.00,14.00,23.60,21.09,306.00,4.00,7.00,12.00,57.83,54.02,636.00,4.00,4.00,14.00,4.92,4.31,85.00,5.00,10.00,3.00,0,휴식 (Relax)
6.38,60.19,-21.94,10.38,6.88,97.56,286.83,139.92,54.59,129.69,45.32,57.17,62.00,184.37,319.69,177.66,64.85,125.47,19.89,234.06,11.00,21.72,177.41,122.26,36.40,94.67,72.48,87.21,49.00,223.22,486.15,259.22,62.23,188.13,122.78,80.36,22.00,28.07,38.60,16.99,10.30,4.68,5.80,20.13,16.00,32.88,30.38,376.00,4.00,6.00,8.00,43.57,38.19,659.00,4.00,10.00,14.00,23.59,20.16,329.00,5.00,6.00,12.00,56.90,51.70,647.00,4.00,3.00,14.00,5.05,4.36,72.00,4.00,9.00,2.00,0,휴식 (Relax)
-28.19,-23.88,-22.56,-61.69,-7.19,30.21,245.88,182.65,125.26,111.93,26.89,94.41,9.00,153.52,296.22,205.36,94.92,110.06,50.13,265.06,20.00,50.08,166.64,123.91,87.32,61.34,23.63,44.30,21.00,67.71,415.77,326.44,207.71,132.66,90.93,138.97,137.00,16.27,23.82,31.87,21.93,19.00,9.31,6.52,31.00,32.19,29.81,399.00,5.00,6.00,8.00,43.98,39.23,690.00,5.00,10.00,14.00,21.61,17.58,289.00,5.00,6.00,11.00,54.61,49.40,685.00,5.00,3.00,14.00,5.08,4.44,81.00,5.00,8.00,3.00,0,휴식 (Relax)
-17.25,-65.38,2.44,-45.12,-4.75,18.36,262.97,171.54,130.94,69.56,27.81,81.48,38.00,73.81,320.99,241.96,180.76,98.16,113.12,149.20,116.00,50.08,166.64,123.91,87.32,61.34,23.63,44.30,21.00,73.94,474.52,290.48,211.97,37.44,16.71,112.75,32.00,15.95,20.90,35.68,25.61,18.56,5.93,13.26,24.00,31.75,29.03,383.00,5.00,7.00,7.00,44.29,38.55,664.00,6.00,9.00,14.00,21.61,17.58,304.00,5.00,7.00,11.00,54.12,47.66,630.00,4.00,4.00,14.00,5.20,4.66,80.00,7.00,8.00,3.00,0,휴식 (Relax)
-23.31,-52.25,-7.56,-52.00,-4.12,46.40,292.48,142.06,101.77,96.72,8.21,75.54,7.00,104.40,367.75,216.77,160.85,130.91,70.61,175.67,66.00,50.08,166.64,123.91,87.32,61.34,23.63,44.30,21.00,122.57,524.30,241.78,164.71,86.32,48.47,95.01,82.00,22.92,27.17,31.94,18.87,9.30,7.33,3.99,34.00,32.28,29.77,360.00,4.00,7.00,6.00,46.28,41.28,663.00,5.00,9.00,14.00,21.61,17.58,294.00,6.00,7.00,11.00,55.74,50.00,610.00,4.00,5.00,14.00,5.13,4.62,75.00,7.00,8.00,3.00,0,휴식 (Relax)
-29.88,-29.69,-4.12,-3.88,0.88,52.11,298.67,137.44,99.30,97.16,2.32,78.45,14.00,143.97,405.08,175.81,121.84,96.34,83.95,168.54,107.00,42.98,151.03,124.39,80.62,57.56,44.33,21.32,46.00,93.44,501.69,260.91,178.02,98.24,76.64,84.29,112.00,22.92,27.17,31.94,18.87,9.30,7.33,3.99,34.00,32.64,30.09,359.00,4.00,6.00,6.00,46.86,42.15,652.00,6.00,9.00,14.00,20.43,16.41,284.00,6.00,8.00,10.00,55.13,48.59,650.00,4.00,5.00,14.00,5.13,4.62,73.00,7.00,7.00,3.00,0,휴식 (Relax)
44.19,70.31,-0.06,33.94,2.31,54.42,286.10,122.16,44.55,158.51,60.85,132.76,77.00,51.87,380.03,227.07,125.72,153.70,113.57,219.80,203.00,50.46,154.34,111.56,65.76,71.35,41.28,36.14,31.00,58.93,504.47,237.58,114.81,161.47,81.00,147.82,29.00,14.10,22.13,37.40,16.03,11.35,14.57,10.07,25.00,34.36,32.66,429.00,5.00,6.00,7.00,49.99,46.40,728.00,5.00,8.00,14.00,20.10,15.72,274.00,4.00,8.00,9.00,54.66,48.95,673.00,5.00,5.00,14.00,4.92,4.35,73.00,7.00,7.00,3.00,0,휴식 (Relax)
24.75,21.19,42.12,91.88,1.88,105.80,323.95,74.39,38.60,136.82,45.39,77.76,22.00,62.96,434.10,207.34,61.91,92.85,141.58,148.56,121.00,92.24,194.77,78.62,85.15,52.14,34.36,14.15,76.00,167.90,610.89,118.51,79.65,99.24,51.65,23.23,158.00,9.53,25.40,35.09,9.06,16.07,8.42,7.22,32.00,34.26,32.75,374.00,4.00,7.00,7.00,48.19,44.56,679.00,4.00,9.00,14.00,22.86,19.58,280.00,4.00,7.00,9.00,59.12,53.38,632.00,4.00,5.00,14.00,4.79,4.12,73.00,4.00,7.00,3.00,0,휴식 (Relax)
40.75,63.12,8.94,69.88,1.44,105.80,323.95,74.39,38.60,136.82,45.39,77.76,22.00,95.04,467.10,176.55,37.74,78.95,109.03,180.73,154.00,63.52,168.24,68.52,65.73,79.12,38.39,42.50,105.00,167.90,610.89,118.51,79.65,99.24,51.65,23.23,158.00,11.44,32.32,28.18,12.04,10.59,11.56,7.92,25.00,34.26,32.75,382.00,4.00,7.00,8.00,50.19,46.62,723.00,4.00,10.00,15.00,20.99,17.09,309.00,4.00,8.00,10.00,59.12,53.38,654.00,4.00,6.00,15.00,4.62,3.87,63.00,3.00,6.00,2.00,0,휴식 (Relax)
-11.25,0.12,-17.75,-11.69,4.44,59.97,284.31,92.88,92.36,89.27,23.95,131.18,86.00,64.00,445.23,200.61,20.00,47.48,84.49,212.24,186.00,33.87,158.83,20.76,113.84,60.88,72.75,16.59,52.00,99.47,571.22,131.11,143.27,73.54,113.38,110.13,71.00,11.44,32.32,28.18,12.04,10.59,11.56,7.92,25.00,32.00,30.16,406.00,5.00,8.00,8.00,49.58,44.62,777.00,4.00,10.00,15.00,19.84,15.31,301.00,6.00,8.00,10.00,56.38,49.40,675.00,5.00,6.00,15.00,4.62,3.87,63.00,3.00,5.00,2.00,0,휴식 (Relax)
-23.31,2.81,-29.94,-57.25,-3.25,73.14,297.37,80.19,116.85,75.81,24.33,105.05,39.00,41.37,449.80,193.50,23.00,80.64,93.82,177.10,143.00,51.96,180.22,11.52,126.05,35.13,45.21,14.74,81.00,105.30,601.09,101.94,188.43,10.82,51.85,53.48,142.00,6.61,32.03,25.69,15.81,5.62,15.56,10.24,30.00,32.11,29.77,367.00,4.00,7.00,8.00,48.32,41.94,683.00,3.00,9.00,14.00,21.28,16.67,300.00,6.00,8.00,10.00,58.23,51.56,664.00,4.00,6.00,15.00,4.68,4.00,68.00,4.00,5.00,2.00,0,휴식 (Relax)
-23.75,-66.94,2.81,-37.88,-4.62,67.33,291.01,86.70,122.15,69.39,30.50,105.15,32.00,50.08,466.10,174.74,30.48,85.07,102.16,187.46,163.00,33.04,160.33,11.89,143.56,20.63,42.15,32.02,101.00,98.20,591.53,111.60,195.21,2.51,52.96,52.45,152.00,3.42,39.84,15.71,23.02,12.65,6.36,4.65,20.00,31.74,29.44,360.00,4.00,6.00,8.00,49.79,43.19,714.00,4.00,8.00,14.00,20.89,16.09,329.00,7.00,8.00,11.00,57.77,51.09,664.00,4.00,6.00,15.00,4.68,4.05,60.00,6.00,4.00,1.00,0,휴식 (Relax)
-9.69,-44.44,-3.44,-39.75,-6.50,52.82,276.96,97.60,132.23,81.02,29.00,99.70,47.00,86.87,505.51,149.81,26.25,45.17,64.40,183.82,123.00,13.05,148.69,30.37,153.65,17.88,29.91,21.72,81.00,71.93,565.15,131.73,217.87,32.48,32.36,49.74,122.00,5.36,41.81,15.20,21.95,12.91,6.93,5.44,22.00,31.24,28.73,368.00,4.00,6.00,9.00,51.06,45.69,674.00,4.00,8.00,14.00,20.11,14.99,314.00,8.00,8.00,10.00,56.00,49.69,634.00,4.00,6.00,14.00,4.82,4.19,57.00,5.00,3.00,1.00,0,휴식 (Relax)
-11.06,-36.31,5.94,-30.38,-7.94,31.02,268.77,93.27,117.61,88.66,17.12,115.04,25.00,57.07,488.69,135.00,52.81,40.74,37.79,197.68,93.00,4.85,151.16,33.42,145.43,25.78,39.40,21.89,91.00,62.18,562.49,128.60,211.82,29.97,41.95,52.48,132.00,13.80,47.47,23.25,14.87,4.39,13.12,5.45,13.00,30.29,27.70,368.00,4.00,6.00,9.00,49.18,43.81,644.00,4.00,8.00,14.00,20.15,15.19,319.00,9.00,8.00,11.00,55.61,49.22,634.00,4.00,6.00,14.00,5.24,4.69,54.00,4.00,2.00,1.00,0,휴식 (Relax)
40.06,12.12,42.50,69.94,-2.06,54.45,310.24,30.40,73.55,12.61,91.75,48.71,103.00,30.17,499.07,94.02,76.58,7.30,59.67,166.29,134.00,54.68,201.11,41.39,121.75,37.81,28.08,62.06,36.00,46.58,623.07,25.22,140.43,81.74,74.05,80.23,25.00,12.21,47.57,21.92,13.45,2.97,15.06,6.76,11.00,30.85,29.05,346.00,4.00,6.00,9.00,48.81,42.77,610.00,4.00,7.00,14.00,22.83,18.00,316.00,4.00,7.00,11.00,57.94,52.95,623.00,4.00,5.00,14.00,5.17,4.56,53.00,3.00,3.00,1.00,0,휴식 (Relax)
32.56,25.19,47.38,91.25,-5.50,46.48,302.29,38.39,65.73,16.30,98.17,41.85,111.00,41.96,470.20,109.81,101.26,26.90,71.24,136.22,167.00,72.05,217.70,40.70,139.27,27.58,10.12,44.08,54.00,57.43,634.00,17.09,150.31,80.06,64.57,73.76,36.00,18.20,41.20,19.45,21.02,10.96,21.22,13.36,2.00,30.25,28.49,354.00,4.00,7.00,9.00,47.06,40.96,610.00,4.00,6.00,14.00,24.67,19.41,310.00,4.00,7.00,10.00,58.95,53.72,634.00,4.00,5.00,14.00,5.30,4.69,51.00,3.00,4.00,1.00,0,휴식 (Relax)
48.06,47.19,2.38,48.62,6.69,53.68,308.61,35.92,68.01,24.03,99.85,34.04,119.00,41.96,470.20,109.81,101.26,26.90,71.24,136.22,167.00,59.78,211.92,54.81,136.72,40.80,12.39,30.42,70.00,40.22,617.00,19.67,142.34,100.10,63.68,73.15,58.00,19.91,38.21,16.64,19.92,9.54,21.02,11.65,5.00,30.98,29.05,338.00,4.00,8.00,9.00,47.06,40.96,610.00,4.00,5.00,14.00,24.27,18.16,315.00,3.00,8.00,10.00,57.56,52.17,623.00,4.00,6.00,14.00,5.01,4.48,63.00,4.00,5.00,2.00,0,휴식 (Relax)
-6.94,-2.06,-17.94,-23.75,6.88,44.21,306.89,24.48,83.24,31.12,92.71,18.38,135.00,86.46,437.25,36.44,58.42,56.98,42.83,68.07,243.00,61.90,209.79,51.31,131.75,44.74,17.37,28.33,75.00,47.15,614.79,37.93,182.89,77.03,39.62,63.91,16.00,20.93,35.98,14.68,17.09,7.63,19.01,12.35,2.00,30.96,28.80,355.00,4.00,8.00,9.00,43.54,37.06,578.00,4.00,6.00,14.00,24.00,17.92,330.00,4.00,7.00,11.00,57.74,52.19,616.00,4.00,5.00,14.00,4.69,4.27,48.00,3.00,4.00,1.00,0,휴식 (Relax)
-29.94,17.00,-41.06,-63.75,1.44,44.21,306.89,24.48,83.24,31.12,92.71,18.38,135.00,71.43,425.73,46.14,89.27,67.60,42.39,59.33,274.00,62.35,222.97,47.13,133.96,43.64,28.57,32.11,89.00,47.15,614.79,37.93,182.89,77.03,39.62,63.91,16.00,21.92,36.83,12.61,16.03,1.30,12.07,13.96,5.00,30.96,28.80,370.00,4.00,7.00,10.00,43.65,37.25,549.00,5.00,6.00,14.00,25.23,18.58,329.00,4.00,6.00,11.00,57.74,52.19,646.00,4.00,4.00,14.00,4.51,4.06,51.00,3.00,4.00,1.00,0,휴식 (Relax)
14.62,32.56,28.88,55.00,-1.69,49.85,268.04,49.92,121.20,70.07,129.67,50.52,96.00,129.27,335.32,89.78,130.91,151.86,126.56,99.62,171.00,53.57,193.80,79.62,166.37,20.75,49.76,61.31,122.00,69.67,498.81,152.66,296.98,55.30,154.92,164.34,132.00,23.25,35.79,10.75,14.04,1.46,13.75,13.92,3.00,30.67,28.80,409.00,5.00,8.00,11.00,41.27,34.08,561.00,5.00,6.00,14.00,26.30,20.64,391.00,5.00,6.00,11.00,57.82,53.62,762.00,5.00,4.00,14.00,4.44,3.94,54.00,4.00,4.00,1.00,0,휴식 (Relax)
19.19,6.12,31.81,36.81,-1.81,80.00,228.40,70.14,142.28,72.34,113.33,37.24,151.00,199.43,266.41,110.43,97.67,114.52,71.27,84.60,242.00,57.98,187.30,112.56,181.18,69.67,62.27,12.67,73.00,179.49,423.18,228.69,333.29,74.99,116.04,50.82,17.00,25.09,33.86,9.41,14.04,2.82,13.39,13.19,5.00,29.92,28.19,410.00,5.00,7.00,11.00,38.23,30.27,563.00,5.00,7.00,14.00,27.31,22.48,392.00,5.00,6.00,11.00,55.66,51.94,723.00,5.00,5.00,14.00,4.36,3.81,49.00,3.00,4.00,1.00,0,휴식 (Relax)
-14.69,-35.50,-21.56,-37.56,3.06,98.33,232.15,64.86,118.34,42.38,96.51,24.25,121.00,209.09,261.66,105.52,87.86,107.06,70.34,79.54,232.00,57.43,180.40,115.58,190.28,74.35,72.21,7.76,63.00,171.19,421.64,231.34,342.15,82.50,123.95,43.53,7.00,27.09,32.13,10.54,16.03,1.74,12.24,14.55,3.00,28.06,26.31,364.00,5.00,7.00,11.00,37.57,29.56,498.00,5.00,6.00,14.00,27.70,22.95,441.00,6.00,7.00,12.00,56.02,52.56,755.00,5.00,5.00,14.00,4.42,3.94,52.00,4.00,4.00,1.00,0,휴식 (Relax)
-33.25,-10.75,-30.00,-62.38,1.19,96.84,177.89,132.58,173.56,70.24,36.33,67.34,50.00,155.49,249.43,181.38,103.73,48.70,54.71,53.45,156.00,71.45,155.42,140.56,201.69,91.35,55.24,23.18,88.00,144.44,358.68,314.00,387.32,132.58,43.75,106.10,90.00,25.26,32.68,8.65,16.28,3.62,10.30,16.43,1.00,28.06,26.03,371.00,5.00,6.00,11.00,34.28,26.81,474.00,5.00,6.00,14.00,28.71,24.12,406.00,3.00,6.00,12.00,58.16,55.17,719.00,5.00,4.00,14.00,4.36,3.81,54.00,4.00,5.00,1.00,0,휴식 (Relax)
-36.38,-27.50,-20.94,-71.81,-3.38,146.17,115.95,175.34,151.43,37.93,97.98,47.11,112.00,152.35,215.28,204.96,67.23,41.95,86.15,78.37,208.00,133.33,115.71,177.71,149.28,43.96,76.74,49.71,23.00,255.23,189.68,418.55,275.36,87.59,188.24,120.57,79.00,21.14,30.11,10.94,23.19,5.66,16.78,9.45,8.00,29.05,26.22,362.00,5.00,5.00,10.00,34.58,27.81,450.00,5.00,6.00,14.00,27.33,22.68,376.00,5.00,7.00,11.00,56.80,52.27,717.00,5.00,4.00,14.00,4.37,3.80,59.00,5.00,5.00,1.00,0,휴식 (Relax)
-31.50,-30.88,-0.31,-15.75,-6.69,223.83,77.81,171.11,75.96,43.63,64.78,61.75,34.00,223.62,111.82,170.42,58.82,136.28,23.69,42.26,102.00,143.20,119.38,173.97,142.64,37.56,77.37,39.76,33.00,351.19,139.77,396.87,196.66,28.17,159.06,38.41,18.00,22.75,21.24,21.74,24.35,7.28,15.19,19.82,3.00,28.19,24.06,306.00,4.00,5.00,9.00,30.76,25.88,395.00,5.00,6.00,14.00,27.23,22.02,366.00,4.00,7.00,11.00,53.53,46.66,680.00,4.00,5.00,14.00,4.61,3.86,60.00,5.00,4.00,1.00,0,휴식 (Relax)
43.00,40.12,35.00,75.81,2.62,171.51,61.05,220.42,76.69,74.90,113.13,102.19,22.00,192.75,140.98,200.83,48.04,157.38,55.19,63.76,70.00,97.84,67.84,232.94,104.71,23.47,129.22,30.69,92.00,268.27,122.30,480.98,150.84,115.08,227.98,61.55,105.00,26.52,16.24,23.53,19.70,4.71,11.32,16.03,2.00,30.20,27.25,369.00,5.00,5.00,9.00,32.36,27.88,468.00,6.00,7.00,15.00,28.20,23.62,391.00,5.00,6.00,11.00,56.98,52.73,727.00,5.00,4.00,14.00,4.26,3.47,61.00,5.00,5.00,1.00,0,휴식 (Relax)
38.56,69.06,3.25,87.88,15.56,133.04,58.35,276.70,29.00,114.08,55.11,83.31,49.00,128.29,177.24,247.08,113.02,191.21,53.08,62.87,135.00,94.28,24.39,254.05,69.31,33.50,90.60,16.71,48.00,186.00,129.92,588.51,50.60,158.92,84.41,123.57,54.00,10.99,30.62,36.94,30.81,21.22,5.70,18.66,19.00,30.96,28.74,369.00,5.00,5.00,9.00,36.88,31.94,430.00,5.00,6.00,15.00,26.46,22.06,386.00,5.00,6.00,11.00,59.26,56.27,729.00,5.00,4.00,14.00,5.85,4.62,73.00,5.00,5.00,2.00,0,휴식 (Relax)
-24.94,-10.69,-30.19,-51.12,3.12,133.53,57.46,275.38,21.00,107.06,54.59,79.61,41.00,83.31,185.29,237.06,128.89,135.25,11.71,39.38,75.00,84.10,42.74,268.96,54.12,55.74,89.59,37.58,23.00,186.00,129.92,588.51,50.60,158.92,84.41,123.57,54.00,4.65,33.93,42.64,27.31,18.87,5.34,13.13,12.00,30.49,28.30,417.00,6.00,5.00,9.00,32.70,28.19,486.00,6.00,7.00,15.00,27.53,23.23,416.00,6.00,5.00,12.00,59.26,56.27,868.00,6.00,5.00,15.00,5.84,4.62,83.00,5.00,6.00,3.00,0,휴식 (Relax)
-32.00,-22.56,-33.62,-51.12,2.56,127.24,69.26,289.97,25.81,109.95,45.34,69.30,26.00,81.53,173.27,209.11,103.60,137.08,32.98,52.65,105.00,71.10,54.93,293.04,33.97,60.31,72.02,25.82,48.00,186.00,129.92,588.51,50.60,158.92,84.41,123.57,54.00,4.76,33.34,41.97,19.42,12.25,3.78,21.67,21.00,31.25,29.12,425.00,6.00,5.00,9.00,30.53,26.31,486.00,6.00,7.00,15.00,28.74,24.75,411.00,5.00,5.00,11.00,59.26,56.27,858.00,6.00,5.00,14.00,5.68,4.38,81.00,5.00,5.00,3.00,0,휴식 (Relax)
-37.62,-51.94,-22.06,-78.62,-6.56,113.00,90.96,303.31,15.03,88.19,66.89,89.27,48.00,77.08,182.32,216.34,109.88,128.74,42.30,61.84,115.00,56.04,58.89,297.38,55.04,35.31,96.88,30.19,23.00,154.60,169.85,607.14,89.44,122.09,124.40,153.74,94.00,6.43,32.06,40.16,20.62,14.21,3.14,19.69,19.00,32.43,30.33,376.00,5.00,4.00,8.00,31.48,26.94,465.00,5.00,7.00,15.00,29.30,25.95,381.00,5.00,6.00,11.00,61.73,58.45,781.00,5.00,5.00,14.00,5.51,4.24,84.00,6.00,4.00,3.00,0,휴식 (Relax)
-26.19,-57.50,-3.94,-50.69,-4.44,63.99,145.07,276.55,56.01,139.41,42.24,18.30,23.00,56.16,250.06,202.88,72.99,192.29,64.55,9.26,44.00,36.80,60.12,257.94,88.48,71.38,66.63,52.43,73.00,56.32,271.82,538.23,141.65,233.21,93.75,138.89,33.00,5.38,34.05,41.67,19.10,14.76,4.74,18.02,17.00,31.45,28.61,375.00,5.00,4.00,8.00,34.73,29.69,464.00,5.00,7.00,15.00,27.14,23.05,390.00,5.00,5.00,12.00,60.59,55.86,779.00,5.00,5.00,14.00,5.59,4.38,82.00,6.00,4.00,3.00,0,휴식 (Relax)
-14.75,-61.75,8.94,-22.62,-4.56,45.29,167.81,222.07,77.79,158.49,22.34,71.85,32.00,102.58,306.81,121.84,23.32,211.40,30.01,83.08,136.00,52.97,62.76,217.65,73.11,88.04,64.15,11.88,27.00,101.14,333.86,409.84,118.33,261.84,54.29,109.30,96.00,5.76,32.52,42.32,17.80,13.35,6.69,17.02,15.00,30.22,26.22,367.00,5.00,3.00,7.00,37.69,30.94,452.00,5.00,6.00,15.00,23.69,19.82,354.00,6.00,5.00,12.00,55.32,48.61,755.00,5.00,5.00,14.00,5.47,4.24,70.00,5.00,4.00,2.00,0,휴식 (Relax)
48.75,52.25,35.19,83.00,-2.06,44.44,166.38,218.02,72.25,150.56,23.72,64.97,24.00,102.58,306.81,121.84,23.32,211.40,30.01,83.08,136.00,48.55,76.97,214.99,101.08,115.44,57.00,20.53,1.00,87.71,336.87,416.49,139.18,283.77,60.48,110.27,118.00,10.00,34.03,34.33,24.60,6.39,12.96,18.25,7.00,29.34,25.66,374.00,6.00,3.00,7.00,37.69,30.94,512.00,5.00,6.00,15.00,25.27,21.79,362.00,5.00,5.00,12.00,57.10,50.50,787.00,5.00,5.00,14.00,5.31,4.06,72.00,5.00,4.00,2.00,0,휴식 (Relax)
61.69,48.88,32.19,66.62,1.25,92.20,222.26,185.20,128.32,148.15,87.03,59.94,41.00,105.51,346.97,126.43,74.97,199.09,52.17,57.41,82.00,83.44,124.86,170.95,110.17,115.30,97.57,36.40,47.00,112.08,410.09,356.71,183.90,269.55,119.68,155.65,32.00,14.91,32.04,32.50,22.80,6.50,12.23,15.20,12.00,33.38,30.64,368.00,5.00,2.00,7.00,39.74,34.52,491.00,4.00,6.00,14.00,26.39,23.29,338.00,5.00,4.00,11.00,59.52,55.47,758.00,5.00,5.00,14.00,5.09,3.75,70.00,6.00,4.00,2.00,0,휴식 (Relax)
32.75,67.44,1.44,48.44,11.56,155.12,282.61,122.20,119.94,87.52,54.19,42.16,22.00,147.30,401.70,91.21,99.82,152.84,11.75,67.60,137.00,127.17,160.32,140.76,72.01,72.51,58.78,7.62,3.00,220.34,521.30,248.81,128.27,169.85,33.66,63.24,147.00,5.02,42.23,25.07,33.54,8.05,21.70,9.25,23.00,33.76,31.78,346.00,4.00,3.00,7.00,43.19,38.38,491.00,4.00,5.00,14.00,24.31,21.06,294.00,4.00,4.00,11.00,58.86,56.13,643.00,4.00,4.00,14.00,5.89,4.44,78.00,5.00,4.00,3.00,0,휴식 (Relax)
-33.88,-5.88,-15.56,-30.56,2.25,106.13,259.63,151.88,173.65,64.13,97.81,69.32,76.00,105.31,375.69,134.10,134.83,117.35,53.87,87.80,180.00,82.59,156.12,123.62,108.23,55.90,70.54,54.92,45.00,126.28,477.49,263.68,223.73,97.72,122.23,61.17,243.00,5.66,46.78,20.19,33.02,10.41,17.20,12.49,18.00,34.60,32.22,408.00,5.00,2.00,8.00,42.29,36.09,545.00,5.00,6.00,14.00,23.44,20.01,308.00,5.00,3.00,12.00,57.37,53.20,717.00,5.00,4.00,14.00,5.89,4.41,87.00,5.00,5.00,3.00,0,휴식 (Relax)
-15.94,-4.56,-21.56,-25.25,1.94,86.37,282.78,138.59,183.77,31.39,55.83,61.24,29.00,84.55,380.02,142.35,146.40,112.86,40.03,83.42,159.00,63.97,208.54,62.31,92.27,22.95,14.04,28.25,19.00,78.78,516.49,208.32,232.85,85.14,70.01,78.82,158.00,10.21,48.85,20.07,28.02,5.90,19.16,7.87,23.00,34.08,30.54,391.00,4.00,3.00,8.00,42.13,35.02,504.00,4.00,5.00,13.00,21.95,18.63,264.00,4.00,3.00,12.00,56.00,49.72,642.00,4.00,4.00,13.00,5.87,4.32,82.00,3.00,4.00,3.00,0,휴식 (Relax)
-29.06,-15.19,-16.25,-43.38,-2.75,96.77,312.26,109.93,155.86,61.35,67.35,50.92,59.00,93.17,371.53,149.03,154.51,103.25,43.59,86.94,149.00,66.76,213.36,58.81,87.28,26.25,18.75,24.39,14.00,89.79,545.72,178.83,204.30,109.19,60.14,51.98,188.00,5.25,50.60,15.35,28.28,8.49,18.53,2.95,28.00,34.90,31.71,383.00,4.00,4.00,8.00,41.83,34.63,494.00,4.00,4.00,13.00,22.15,18.91,259.00,4.00,3.00,11.00,56.97,50.89,632.00,4.00,4.00,13.00,5.89,4.41,85.00,5.00,4.00,3.00,0,휴식 (Relax)
-28.62,-14.56,-21.25,-43.38,-2.56,102.33,318.03,105.39,153.21,58.76,68.91,54.49,52.00,87.28,381.30,139.73,149.04,97.23,53.20,94.41,139.00,66.76,213.36,58.81,87.28,26.25,18.75,24.39,14.00,89.79,545.72,178.83,204.30,109.19,60.14,51.98,188.00,3.13,53.40,13.42,25.32,5.90,20.75,5.95,25.00,35.21,31.98,376.00,4.00,4.00,8.00,41.98,35.02,474.00,4.00,4.00,12.00,22.15,18.91,259.00,4.00,4.00,11.00,56.97,50.89,612.00,4.00,3.00,12.00,5.93,4.56,80.00,4.00,4.00,3.00,0,휴식 (Relax)
-22.06,-62.06,7.19,-25.88,-2.69,95.54,316.78,102.23,146.70,64.21,75.09,60.44,45.00,88.82,404.30,145.20,184.32,82.71,27.58,57.39,179.00,42.28,221.18,33.84,62.39,36.44,26.58,49.39,39.00,51.95,538.36,147.19,167.03,124.61,100.01,91.49,148.00,3.86,51.58,12.47,25.71,6.68,22.74,7.80,23.00,34.90,31.71,383.00,4.00,4.00,8.00,44.49,36.59,514.00,4.00,3.00,12.00,21.83,18.44,269.00,4.00,5.00,11.00,54.98,49.33,582.00,4.00,3.00,12.00,5.85,4.44,76.00,4.00,3.00,3.00,0,휴식 (Relax)
21.56,26.06,17.19,23.50,-4.94,42.68,350.80,48.35,136.00,32.69,29.27,9.81,99.00,70.62,416.99,83.94,167.76,26.86,80.33,8.07,241.00,26.52,235.92,32.46,62.65,22.33,10.61,35.28,23.00,10.18,564.33,110.66,155.03,83.39,78.86,58.53,190.00,6.18,50.38,8.47,21.84,2.80,20.40,5.49,27.00,34.53,32.30,352.00,4.00,4.00,8.00,44.22,37.42,533.00,4.00,4.00,12.00,22.27,19.44,241.00,4.00,4.00,11.00,55.16,50.62,537.00,4.00,3.00,12.00,5.55,4.19,69.00,3.00,3.00,3.00,0,휴식 (Relax)
38.06,26.75,34.56,78.50,1.94,49.06,342.81,51.27,128.00,40.09,31.50,4.96,107.00,74.46,407.41,90.58,156.82,17.01,90.18,15.28,252.00,31.62,230.40,26.66,56.72,24.49,8.31,32.34,17.00,10.18,564.33,110.66,155.03,83.39,78.86,58.53,190.00,7.39,51.39,8.02,21.38,3.47,20.02,5.74,25.00,33.92,31.67,368.00,4.00,4.00,9.00,43.73,36.56,500.00,4.00,3.00,11.00,21.63,19.06,229.00,4.00,4.00,11.00,55.16,50.62,570.00,4.00,2.00,12.00,5.57,4.32,62.00,4.00,3.00,2.00,0,휴식 (Relax)
38.56,50.12,11.56,48.94,-2.00,53.87,336.95,46.32,128.19,35.19,24.24,11.22,99.00,91.78,386.23,82.73,156.12,25.04,85.16,17.71,230.00,31.62,230.40,26.66,56.72,24.49,8.31,32.34,17.00,63.91,523.34,57.44,155.91,46.45,31.34,76.98,135.00,15.90,35.09,10.69,5.66,15.49,12.04,17.46,8.00,33.29,31.05,305.00,3.00,4.00,8.00,41.78,34.84,446.00,3.00,3.00,11.00,21.63,19.06,217.00,3.00,5.00,11.00,50.29,46.33,464.00,3.00,3.00,12.00,4.29,3.50,55.00,5.00,4.00,1.00,0,휴식 (Relax)
35.12,57.06,4.69,74.62,17.06,64.06,342.90,100.78,73.33,80.42,32.46,66.22,44.00,30.68,421.47,147.32,91.20,61.46,135.78,81.77,165.00,37.00,220.19,29.06,27.51,32.65,21.73,35.73,47.00,66.93,538.70,161.70,46.86,70.61,85.83,158.91,18.00,1.25,49.09,18.22,19.42,23.60,11.66,30.35,7.00,34.24,32.86,297.00,3.00,4.00,8.00,44.29,38.93,447.00,3.00,3.00,11.00,20.80,17.77,217.00,3.00,4.00,11.00,53.09,50.17,497.00,3.00,4.00,13.00,6.10,4.55,75.00,6.00,5.00,2.00,0,휴식 (Relax)
-27.88,-8.56,-11.56,5.44,2.06,64.06,342.90,100.78,73.33,80.42,32.46,66.22,44.00,21.04,420.13,152.17,92.40,62.29,126.19,72.33,175.00,54.91,202.87,25.36,38.95,15.90,16.61,38.01,27.00,117.88,514.11,175.73,88.64,70.72,63.10,131.95,69.00,1.25,49.09,18.22,19.42,23.60,11.66,30.35,7.00,34.24,32.86,353.00,4.00,3.00,9.00,44.10,38.38,482.00,4.00,4.00,11.00,19.50,16.37,222.00,4.00,4.00,11.00,51.97,48.06,533.00,3.00,4.00,13.00,6.10,4.55,81.00,5.00,5.00,3.00,0,휴식 (Relax)
0.75,18.94,-39.38,-56.81,-3.19,101.82,305.66,75.46,111.22,73.71,54.92,96.92,6.00,51.03,366.07,123.27,163.78,18.15,172.12,134.30,103.00,35.92,221.39,42.49,29.83,29.80,34.62,53.08,8.00,136.79,495.20,162.65,98.47,50.72,53.18,133.60,49.00,2.75,48.04,18.03,15.52,19.62,8.87,32.10,11.00,33.04,30.88,377.00,5.00,4.00,10.00,42.57,36.81,504.00,5.00,5.00,11.00,21.27,17.70,236.00,4.00,4.00,11.00,50.35,46.81,574.00,4.00,4.00,13.00,5.89,4.36,84.00,6.00,5.00,3.00,0,휴식 (Relax)
28.81,44.75,19.00,51.94,4.19,163.03,255.04,16.70,124.33,133.04,76.28,75.72,69.00,163.67,251.07,29.20,190.71,124.77,199.12,95.16,218.00,60.56,208.54,31.71,7.62,52.59,58.27,78.90,18.00,237.57,393.81,59.89,66.04,144.42,165.93,196.29,165.00,12.59,39.91,10.06,20.52,25.93,18.80,32.50,1.00,32.95,30.94,401.00,5.00,4.00,11.00,40.99,35.22,527.00,5.00,4.00,11.00,21.79,18.25,286.00,4.00,5.00,11.00,50.00,46.44,670.00,5.00,5.00,13.00,5.83,4.41,92.00,7.00,6.00,3.00,0,휴식 (Relax)
10.38,16.31,23.62,56.25,0.75,196.81,255.01,48.29,91.21,113.96,37.29,69.42,30.00,258.68,192.71,74.83,115.76,115.73,102.69,93.77,115.00,79.31,216.51,52.30,15.30,56.45,52.32,58.21,4.00,322.94,385.92,142.91,61.85,173.92,103.86,101.23,58.00,19.08,32.94,3.80,26.08,28.99,14.24,29.21,8.00,32.36,29.80,354.00,4.00,5.00,11.00,35.62,30.02,435.00,4.00,5.00,11.00,22.61,19.28,264.00,4.00,5.00,10.00,50.81,46.78,574.00,4.00,4.00,13.00,5.64,4.12,93.00,7.00,7.00,3.00,0,휴식 (Relax)
19.38,17.00,13.69,35.62,0.44,186.82,243.10,39.70,101.82,126.05,28.22,66.78,14.00,250.39,188.80,72.28,125.30,126.72,92.16,96.27,104.00,69.51,200.73,43.82,20.52,73.45,64.69,47.93,21.00,310.32,369.69,128.35,76.49,195.52,116.79,80.38,36.00,23.13,30.09,7.35,23.77,24.08,13.88,32.91,3.00,31.52,28.92,345.00,4.00,5.00,10.00,35.19,29.50,435.00,4.00,5.00,11.00,21.57,18.48,275.00,4.00,6.00,11.00,49.55,45.58,585.00,4.00,5.00,13.00,5.53,3.87,90.00,7.00,7.00,3.00,0,휴식 (Relax)
-22.62,-50.75,-19.00,-71.50,-4.38,184.24,163.16,111.42,72.44,68.15,73.69,124.18,94.00,227.15,118.88,150.39,112.59,120.06,150.39,134.38,188.00,81.99,152.99,90.10,69.43,71.52,13.79,75.66,32.00,312.21,243.75,219.86,185.95,208.95,13.27,206.36,162.00,21.53,29.51,5.35,26.57,23.71,12.22,35.80,0.00,29.07,27.42,367.00,5.00,6.00,10.00,36.85,31.91,486.00,5.00,4.00,11.00,20.65,18.38,283.00,5.00,6.00,11.00,51.49,47.62,689.00,5.00,5.00,13.00,5.63,4.08,84.00,7.00,6.00,2.00,0,휴식 (Relax)
-12.62,-16.00,-26.81,-26.81,6.81,214.29,135.66,145.58,25.30,51.43,69.40,76.69,46.00,259.10,42.94,205.39,41.62,45.55,153.81,70.85,112.00,112.53,147.70,116.44,71.17,36.61,39.62,66.47,3.00,360.51,200.44,283.37,177.91,133.98,75.90,140.49,87.00,21.40,27.16,7.55,25.71,21.06,15.11,32.82,3.00,28.03,26.38,304.00,4.00,6.00,9.00,34.22,29.75,440.00,4.00,5.00,11.00,21.73,19.81,273.00,4.00,6.00,11.00,50.72,46.81,644.00,4.00,6.00,13.00,5.35,3.91,86.00,8.00,7.00,3.00,0,휴식 (Relax)
-34.62,-34.75,-16.50,-74.31,-5.75,214.29,135.66,145.58,25.30,51.43,69.40,76.69,46.00,275.77,33.36,201.76,34.23,60.60,136.48,89.37,132.00,117.53,151.16,115.45,66.41,39.24,37.79,64.81,2.00,397.72,216.23,282.47,138.18,152.58,48.81,165.37,127.00,25.09,20.19,13.95,18.97,26.92,9.82,39.02,4.00,28.03,26.38,311.00,4.00,6.00,9.00,35.14,31.00,460.00,4.00,6.00,12.00,21.93,20.12,273.00,4.00,6.00,11.00,53.39,49.31,694.00,4.00,7.00,14.00,5.55,4.25,99.00,9.00,8.00,4.00,0,휴식 (Relax)
-27.12,-42.88,-7.44,-53.06,-7.19,222.29,142.83,137.65,32.98,45.74,77.16,70.23,38.00,305.37,55.08,172.92,64.12,73.00,165.85,59.42,102.00,103.61,136.16,130.14,72.56,33.60,46.56,56.37,17.00,417.71,235.45,264.52,137.01,164.31,46.71,159.09,107.00,33.28,16.15,17.29,23.43,29.30,12.38,33.63,5.00,28.44,26.88,303.00,4.00,7.00,8.00,36.64,32.88,460.00,4.00,6.00,12.00,21.30,19.19,278.00,4.00,5.00,12.00,54.41,50.56,694.00,4.00,8.00,14.00,5.84,4.59,96.00,8.00,8.00,4.00,0,휴식 (Relax)
-34.12,-88.50,1.31,-53.06,-6.94,222.29,142.83,137.65,32.98,45.74,77.16,70.23,38.00,373.77,124.22,138.89,97.84,16.73,138.96,125.93,172.00,90.85,122.64,142.13,56.08,53.33,26.57,72.94,3.00,417.71,235.45,264.52,137.01,164.31,46.71,159.09,107.00,37.28,18.57,15.62,26.63,25.31,13.45,34.44,1.00,28.44,26.88,310.00,4.00,8.00,8.00,42.78,37.25,510.00,4.00,6.00,13.00,20.83,18.10,283.00,5.00,4.00,13.00,54.41,50.56,694.00,4.00,8.00,14.00,6.06,4.80,96.00,8.00,8.00,4.00,0,휴식 (Relax)
31.50,51.81,14.75,45.38,-2.94,178.67,129.14,110.58,102.31,24.45,115.40,105.06,108.00,314.04,96.57,94.12,157.47,90.32,192.26,192.36,247.00,91.27,133.20,128.54,43.29,48.39,63.16,32.61,38.00,354.43,230.97,252.86,173.83,185.14,151.53,139.93,212.00,37.28,18.57,15.62,26.63,25.31,13.45,34.44,1.00,28.24,26.50,373.00,5.00,9.00,9.00,44.57,39.04,605.00,5.00,6.00,13.00,20.27,17.22,269.00,4.00,4.00,13.00,53.94,49.67,779.00,5.00,8.00,14.00,6.06,4.80,100.00,8.00,8.00,4.00,0,휴식 (Relax)
27.56,13.06,30.00,60.69,4.56,181.29,181.32,52.78,124.28,55.71,52.81,96.00,45.00,285.39,173.01,4.73,216.51,95.02,102.33,142.08,155.00,110.11,159.61,101.26,71.18,20.66,55.57,60.50,10.00,355.60,324.94,166.01,266.43,79.34,103.63,193.17,105.00,32.26,13.77,20.50,33.54,20.23,6.95,39.06,9.00,27.96,26.01,326.00,4.00,9.00,8.00,40.50,34.20,546.00,4.00,7.00,13.00,21.68,18.75,275.00,4.00,4.00,13.00,55.23,50.40,749.00,4.00,8.00,14.00,6.12,4.94,106.00,9.00,7.00,4.00,0,휴식 (Relax)
26.56,33.69,17.69,36.62,1.12,190.90,196.68,40.29,111.52,45.76,63.43,88.38,61.00,291.11,193.71,17.28,203.09,73.44,114.39,142.30,177.00,114.83,164.07,98.32,71.00,23.87,52.30,56.06,15.00,374.03,355.88,135.99,254.97,90.75,84.64,163.20,138.00,31.68,17.50,19.22,31.05,27.17,9.26,33.00,2.00,28.64,26.88,310.00,4.00,9.00,7.00,41.29,35.23,568.00,4.00,8.00,14.00,21.90,19.02,270.00,4.00,4.00,13.00,56.01,52.20,716.00,4.00,8.00,14.00,5.97,4.64,102.00,8.00,7.00,4.00,0,휴식 (Relax)
4.06,11.69,-5.94,7.06,9.56,170.23,186.08,38.07,128.14,63.07,68.70,72.88,85.00,291.11,193.71,17.28,203.09,73.44,114.39,142.30,177.00,76.95,156.24,84.19,109.00,36.22,15.08,43.66,53.00,328.35,335.80,142.38,308.02,72.37,36.92,108.46,193.00,36.28,26.50,11.40,22.47,26.14,13.26,41.88,11.00,27.82,25.57,334.00,4.00,9.00,8.00,41.29,35.23,568.00,4.00,9.00,14.00,20.57,17.69,273.00,5.00,4.00,13.00,53.96,49.20,716.00,4.00,7.00,14.00,6.45,5.13,106.00,7.00,7.00,4.00,0,휴식 (Relax)
-31.00,2.75,-28.44,-30.94,5.88,108.74,217.73,38.72,97.74,34.58,109.43,129.93,22.00,262.38,206.63,46.72,186.04,48.85,141.86,165.45,144.00,45.75,184.45,45.90,116.11,60.48,54.19,44.38,13.00,266.67,370.09,102.36,299.17,133.72,100.90,170.96,129.00,46.11,35.31,5.45,28.32,16.18,2.27,31.34,0.00,28.03,26.00,373.00,4.00,9.00,9.00,40.37,33.69,568.00,4.00,8.00,14.00,21.71,18.94,293.00,5.00,4.00,14.00,54.03,49.57,725.00,5.00,6.00,14.00,6.53,5.16,89.00,8.00,7.00,3.00,0,휴식 (Relax)
-27.06,5.50,-30.00,-43.62,-1.06,46.75,280.32,66.71,39.41,28.94,48.42,67.25,85.00,218.98,248.91,81.50,148.12,92.15,100.08,124.58,188.00,51.86,223.35,32.79,80.62,34.42,42.59,56.24,52.00,150.55,486.16,15.91,182.27,117.57,83.52,95.51,246.00,29.11,35.29,11.73,19.42,10.06,15.63,21.85,17.00,27.68,25.94,310.00,4.00,8.00,8.00,38.55,31.62,503.00,3.00,7.00,13.00,22.99,20.25,282.00,4.00,4.00,13.00,52.49,48.62,679.00,5.00,6.00,14.00,5.29,4.43,82.00,7.00,7.00,2.00,0,휴식 (Relax)
-27.06,-34.25,-10.69,-59.19,-5.62,46.75,280.32,66.71,39.41,28.94,48.42,67.25,85.00,199.47,266.35,82.42,160.31,89.05,109.49,144.56,168.00,55.98,226.68,37.70,78.26,30.97,38.78,51.94,47.00,97.72,543.40,82.85,199.21,46.68,20.99,113.08,175.00,22.72,41.44,15.30,26.31,3.06,11.06,22.28,10.00,27.68,25.94,279.00,3.00,8.00,7.00,39.35,33.19,512.00,3.00,7.00,13.00,23.10,20.52,272.00,4.00,4.00,13.00,54.64,51.59,638.00,4.00,5.00,14.00,5.48,4.75,82.00,6.00,6.00,2.00,0,휴식 (Relax)
-25.12,-59.12,6.56,-30.44,-7.38,41.61,285.09,36.65,67.07,19.12,66.52,54.55,116.00,141.32,300.46,45.46,228.98,37.80,150.02,73.26,250.00,15.00,232.95,39.70,43.60,17.36,5.48,11.20,3.00,104.09,539.94,80.19,181.12,41.42,5.41,118.32,155.00,20.37,45.25,14.09,27.20,5.94,10.61,23.31,14.00,28.41,27.14,247.00,3.00,7.00,6.00,41.95,36.73,509.00,3.00,6.00,13.00,21.37,18.94,232.00,4.00,4.00,13.00,53.72,50.49,552.00,3.00,6.00,14.00,5.72,5.00,76.00,5.00,5.00,2.00,0,휴식 (Relax)
-7.12,-33.19,7.56,-24.44,-6.62,79.11,262.01,36.14,67.78,62.64,18.68,64.37,68.00,153.16,293.91,65.49,204.20,130.33,55.03,142.11,155.00,30.53,219.46,24.52,57.25,31.88,20.99,7.93,13.00,139.89,489.59,38.52,162.69,134.74,92.05,148.96,59.00,21.96,51.93,3.55,16.12,13.90,20.57,17.66,2.00,26.74,24.66,246.00,3.00,6.00,6.00,40.32,35.69,507.00,3.00,7.00,13.00,20.65,17.94,226.00,4.00,3.00,13.00,51.37,46.80,541.00,3.00,5.00,13.00,5.85,5.12,73.00,5.00,5.00,2.00,0,휴식 (Relax)
47.38,50.12,13.62,51.62,2.38,55.17,284.57,15.34,90.52,79.00,19.94,73.11,44.00,145.18,301.06,66.94,215.19,136.08,47.67,149.36,144.00,47.25,202.82,30.08,51.79,34.89,17.07,15.12,4.00,170.26,458.32,34.88,129.87,121.71,73.75,144.00,92.00,21.96,51.93,3.55,16.12,13.90,20.57,17.66,2.00,28.70,26.53,294.00,4.00,5.00,7.00,41.08,36.38,591.00,4.00,7.00,14.00,19.51,16.88,220.00,4.00,3.00,12.00,48.60,44.22,593.00,4.00,5.00,13.00,5.85,5.12,82.00,6.00,5.00,2.00,0,휴식 (Relax)
23.88,18.50,46.81,83.25,2.38,62.84,277.40,13.95,88.65,76.93,27.93,74.63,36.00,165.73,279.11,45.46,217.22,125.10,55.14,158.35,122.00,26.80,219.82,6.73,80.50,63.88,44.50,44.08,33.00,148.27,478.25,53.06,134.20,139.54,84.31,153.03,114.00,21.96,51.93,3.55,16.12,13.90,20.57,17.66,2.00,28.21,25.91,271.00,3.00,5.00,7.00,40.10,35.00,551.00,3.00,7.00,14.00,22.38,18.69,219.00,3.00,3.00,12.00,50.62,45.94,511.00,3.00,4.00,13.00,5.85,5.12,77.00,5.00,4.00,2.00,0,휴식 (Relax)
28.94,56.56,15.56,54.06,4.88,38.69,295.57,59.63,43.46,31.85,70.29,82.13,11.00,71.03,356.26,127.94,123.94,30.69,149.10,192.04,27.00,43.67,219.01,42.19,84.43,60.79,24.65,16.42,3.00,64.62,529.52,159.06,39.56,78.80,34.75,97.28,1.00,13.96,59.90,5.64,14.00,5.92,19.07,9.91,6.00,28.92,27.32,272.00,3.00,5.00,7.00,41.84,36.13,565.00,3.00,7.00,14.00,22.25,18.44,238.00,3.00,3.00,12.00,50.65,47.30,493.00,3.00,4.00,13.00,5.95,5.25,69.00,4.00,3.00,1.00,0,휴식 (Relax)
-3.56,1.88,-16.38,-1.25,0.38,41.94,293.20,63.88,41.00,38.20,66.70,82.03,3.00,61.68,359.08,129.59,127.14,34.27,140.84,190.00,38.00,58.28,209.36,50.67,70.38,46.12,18.24,21.48,12.00,69.51,525.27,164.00,21.26,59.96,33.41,107.66,20.00,21.51,55.07,9.81,6.00,7.31,14.68,1.98,14.00,28.79,26.88,282.00,4.00,5.00,7.00,41.79,35.59,599.00,3.00,8.00,14.00,21.24,17.50,259.00,4.00,3.00,12.00,50.36,46.16,497.00,4.00,3.00,13.00,5.59,4.80,61.00,3.00,4.00,0.00,0,휴식 (Relax)
-5.44,-0.06,-26.06,-44.12,0.06,68.05,267.22,54.16,70.58,52.95,62.37,74.70,33.00,51.78,344.99,105.14,156.73,59.06,145.39,185.27,7.00,53.38,214.33,53.03,72.45,43.34,14.75,23.49,17.00,93.05,500.81,142.21,46.82,85.81,17.04,84.06,10.00,17.83,54.33,6.19,7.81,12.09,10.31,3.68,19.00,27.50,25.24,275.00,4.00,4.00,7.00,41.11,33.18,589.00,4.00,8.00,13.00,21.59,17.81,259.00,4.00,3.00,12.00,48.14,44.52,518.00,4.00,3.00,13.00,5.46,4.45,59.00,3.00,4.00,0.00,0,휴식 (Relax)
-14.38,-22.31,-20.44,-35.38,-3.19,83.05,252.65,40.18,74.00,39.50,72.88,82.32,18.00,61.44,326.30,87.36,152.59,45.86,156.48,195.04,27.00,45.51,222.22,62.95,63.63,38.26,24.70,24.39,7.00,112.82,481.04,123.61,56.85,88.94,33.71,102.92,10.00,16.92,51.29,9.12,5.39,12.11,14.27,0.36,15.00,26.76,24.42,276.00,4.00,3.00,7.00,40.13,31.77,560.00,4.00,7.00,13.00,22.04,18.44,254.00,4.00,4.00,11.00,46.97,43.42,528.00,4.00,4.00,14.00,5.22,4.21,62.00,4.00,4.00,0.00,0,휴식 (Relax)
-36.38,-64.19,-5.12,-55.38,-3.44,83.05,252.65,40.18,74.00,39.50,72.88,82.32,18.00,88.69,299.04,96.05,122.98,37.74,126.86,171.56,3.00,43.57,222.97,64.48,61.27,43.25,21.16,21.55,12.00,112.82,481.04,123.61,56.85,88.94,33.71,102.92,10.00,18.41,47.29,12.64,2.24,8.25,12.22,3.64,19.00,26.76,24.42,228.00,3.00,3.00,7.00,36.29,29.66,455.00,3.00,6.00,13.00,22.08,18.75,253.00,3.00,4.00,11.00,46.97,43.42,443.00,3.00,5.00,14.00,4.96,3.99,58.00,4.00,4.00,0.00,0,휴식 (Relax)
-25.44,-57.00,-3.81,-58.19,-10.94,58.86,244.91,61.93,111.66,26.55,56.94,22.96,81.00,26.59,353.86,19.81,152.61,83.63,73.30,73.18,118.00,49.27,211.38,51.00,80.65,40.78,28.62,40.20,9.00,72.41,476.82,45.83,157.28,105.09,106.76,53.15,105.00,13.27,52.95,15.10,6.08,6.70,16.92,11.44,27.00,26.15,23.17,235.00,3.00,4.00,7.00,36.90,31.50,422.00,3.00,5.00,12.00,21.71,17.91,236.00,3.00,3.00,10.00,47.62,42.96,431.00,3.00,4.00,14.00,5.64,4.45,58.00,3.00,3.00,0.00,0,휴식 (Relax)
-7.44,-51.88,3.25,-21.50,0.38,91.12,213.83,67.82,89.74,54.42,28.21,70.39,33.00,107.89,351.99,95.46,100.85,106.23,49.28,150.79,36.00,77.61,179.52,19.09,96.83,12.18,44.61,7.47,24.00,164.91,415.86,67.12,163.62,37.04,51.78,75.42,2.00,9.96,53.46,20.04,7.21,1.70,11.93,7.51,22.00,24.36,20.49,250.00,3.00,4.00,8.00,38.72,34.14,400.00,3.00,4.00,11.00,19.86,15.59,229.00,4.00,3.00,9.00,43.41,38.12,439.00,3.00,5.00,14.00,5.49,4.22,66.00,4.00,3.00,1.00,0,휴식 (Relax)
33.06,41.81,35.50,84.12,-4.19,98.94,205.94,63.05,82.01,48.40,34.57,62.81,41.00,117.86,345.08,98.53,90.80,95.74,53.56,139.96,47.00,65.61,190.14,22.21,106.51,2.01,56.57,7.84,36.00,142.96,437.04,67.96,184.11,58.85,71.58,91.13,24.00,5.95,49.61,22.81,4.12,7.82,17.34,11.79,29.00,23.59,19.93,266.00,4.00,4.00,8.00,37.88,33.54,471.00,4.00,4.00,11.00,20.96,16.44,236.00,3.00,3.00,9.00,45.68,39.84,513.00,4.00,5.00,14.00,5.56,4.41,62.00,5.00,3.00,1.00,0,휴식 (Relax)
63.00,41.12,38.75,80.69,-1.31,51.62,247.57,111.52,83.49,80.60,83.13,42.27,90.00,110.56,356.00,106.98,86.65,95.63,64.18,130.86,58.00,29.11,208.06,35.51,136.24,42.16,43.28,36.48,8.00,97.04,485.59,122.41,209.41,58.32,30.30,81.26,31.00,11.89,36.27,18.52,10.05,14.68,19.55,12.97,15.00,28.31,23.88,260.00,3.00,4.00,8.00,38.53,34.14,460.00,4.00,4.00,10.00,23.21,18.91,217.00,3.00,3.00,8.00,49.64,44.14,471.00,3.00,5.00,13.00,4.66,3.81,61.00,5.00,4.00,1.00,0,휴식 (Relax)
49.06,50.06,23.19,74.62,6.88,54.65,280.21,153.57,27.00,46.13,68.53,71.52,11.00,105.70,382.40,136.65,56.44,65.54,39.83,150.97,25.00,57.42,200.69,63.05,108.52,57.18,33.48,28.82,49.00,102.81,524.56,189.07,140.36,39.24,88.96,88.82,66.00,14.10,33.56,15.84,10.20,12.38,16.67,10.45,18.00,30.34,26.92,269.00,3.00,5.00,8.00,40.34,35.95,471.00,4.00,4.00,11.00,22.66,18.69,225.00,3.00,3.00,9.00,53.08,49.09,451.00,3.00,5.00,12.00,4.31,3.62,61.00,6.00,4.00,1.00,0,휴식 (Relax)
14.12,68.62,-10.62,36.38,3.75,100.40,273.51,143.00,20.00,6.24,31.35,58.59,58.00,136.78,395.35,147.07,96.38,114.07,61.03,141.72,80.00,86.27,181.59,63.96,81.15,32.94,45.85,5.40,20.00,178.00,507.35,190.03,83.26,72.84,90.59,104.24,18.00,13.24,34.25,17.45,12.17,13.25,14.93,8.53,20.00,29.56,26.48,301.00,3.00,5.00,9.00,43.83,38.95,452.00,3.00,4.00,11.00,20.64,17.03,238.00,4.00,3.00,9.00,52.79,49.70,464.00,3.00,4.00,12.00,4.39,3.75,59.00,5.00,5.00,1.00,0,휴식 (Relax)
-25.38,-18.00,-25.31,-48.88,3.31,108.22,267.58,135.44,21.54,13.62,39.15,55.29,50.00,146.04,390.84,140.07,101.83,114.18,60.93,138.01,70.00,81.53,186.55,68.00,79.38,35.18,50.84,6.32,15.00,197.98,491.69,174.24,101.84,58.84,71.59,88.04,2.00,15.08,32.15,17.42,15.00,6.36,17.91,15.52,13.00,29.07,26.05,340.00,4.00,5.00,10.00,43.51,38.25,508.00,4.00,4.00,11.00,20.98,17.27,233.00,4.00,3.00,9.00,51.39,48.61,518.00,4.00,4.00,12.00,4.40,3.73,57.00,5.00,5.00,1.00,0,휴식 (Relax)
-39.94,-39.25,-23.75,-57.62,-3.81,102.51,274.57,140.23,28.16,18.72,45.15,50.76,43.00,166.04,371.97,121.53,86.31,95.54,47.64,152.20,90.00,64.93,206.81,90.07,56.36,10.95,36.93,24.48,40.00,180.07,511.60,192.17,97.02,70.92,54.02,69.17,22.00,16.68,30.50,15.79,13.45,6.91,18.33,13.73,15.00,29.61,26.43,340.00,4.00,5.00,10.00,42.09,36.84,508.00,4.00,4.00,11.00,21.86,18.59,233.00,3.00,3.00,9.00,52.55,49.70,528.00,4.00,4.00,13.00,4.26,3.59,64.00,6.00,5.00,1.00,0,휴식 (Relax)
-17.94,-29.88,-12.81,-37.62,2.62,102.51,274.57,140.23,28.16,18.72,45.15,50.76,43.00,175.26,362.94,122.16,79.81,102.94,57.46,142.82,80.00,63.72,210.25,90.92,64.66,18.04,33.17,9.84,25.00,180.07,511.60,192.17,97.02,70.92,54.02,69.17,22.00,25.55,21.67,9.13,10.00,14.64,11.41,20.63,6.00,29.61,26.43,306.00,3.00,5.00,10.00,41.57,36.14,434.00,3.00,4.00,11.00,22.11,19.14,238.00,3.00,3.00,10.00,52.55,49.70,474.00,3.00,5.00,13.00,4.04,3.28,62.00,6.00,6.00,1.00,0,휴식 (Relax)
-35.06,-15.88,-25.62,-70.50,-2.06,119.37,282.60,62.24,51.62,59.63,68.88,28.50,35.00,137.32,388.67,63.49,49.01,103.24,115.78,78.86,16.00,84.49,195.26,63.30,94.37,43.28,63.48,42.78,60.00,182.43,513.24,93.67,160.00,135.42,150.54,57.19,136.00,20.75,24.65,7.37,5.00,18.39,6.49,23.93,1.00,29.37,25.33,304.00,3.00,5.00,10.00,40.19,34.62,411.00,3.00,3.00,11.00,23.00,19.61,218.00,3.00,3.00,10.00,54.81,50.56,481.00,3.00,5.00,13.00,4.02,3.30,67.00,7.00,7.00,1.00,0,휴식 (Relax)
-51.38,-60.81,-7.19,-33.19,-5.50,185.53,252.11,78.62,84.20,78.75,92.71,54.65,40.00,154.86,373.25,45.70,32.02,172.84,105.14,155.96,97.00,137.30,146.83,22.79,86.15,38.19,26.19,28.98,5.00,274.78,451.12,47.38,129.71,192.42,71.52,60.38,19.00,15.11,25.71,3.18,10.30,22.27,14.93,21.94,10.00,31.85,25.89,317.00,3.00,4.00,11.00,42.97,37.16,417.00,3.00,3.00,11.00,20.03,16.13,204.00,3.00,4.00,10.00,51.84,46.48,489.00,3.00,6.00,13.00,4.20,3.50,68.00,7.00,6.00,1.00,0,휴식 (Relax)
24.12,3.25,18.81,30.88,-2.88,193.53,245.12,86.20,79.61,71.39,84.72,46.68,32.00,209.02,326.22,109.64,71.55,134.44,59.38,109.29,32.00,137.30,146.83,22.79,86.15,38.19,26.19,28.98,5.00,307.56,420.07,79.45,97.29,162.68,61.04,34.86,52.00,17.52,22.78,8.99,17.49,12.80,12.85,20.60,0.00,31.41,25.23,360.00,4.00,5.00,11.00,39.66,32.59,423.00,4.00,4.00,11.00,20.03,16.13,199.00,3.00,4.00,10.00,49.97,43.91,497.00,4.00,6.00,13.00,3.92,3.23,65.00,7.00,6.00,1.00,0,휴식 (Relax)
52.62,54.56,27.19,60.50,-2.56,143.64,299.45,99.01,130.30,92.13,57.85,26.32,24.00,166.29,369.18,106.27,98.60,166.23,23.78,108.41,11.00,104.28,173.34,26.52,101.79,53.43,16.23,13.42,47.00,256.14,469.74,86.24,121.04,176.35,40.57,57.22,106.00,21.73,19.19,10.60,15.52,13.54,9.25,22.54,5.00,34.22,29.59,392.00,3.00,5.00,12.00,41.92,35.62,477.00,4.00,4.00,12.00,20.99,17.89,200.00,3.00,3.00,10.00,52.29,48.12,489.00,3.00,5.00,13.00,3.94,3.20,65.00,7.00,6.00,1.00,0,휴식 (Relax)
4.12,-26.88,57.69,44.25,-0.38,139.11,303.81,106.95,127.88,84.51,53.20,20.13,16.00,206.13,340.26,67.64,78.45,202.65,18.43,135.07,52.00,107.44,194.06,110.01,56.08,43.54,79.88,77.25,41.00,201.75,508.77,170.18,75.80,92.36,111.86,31.59,22.00,24.72,16.20,9.20,12.65,15.91,12.22,20.28,2.00,34.23,29.73,432.00,3.00,6.00,13.00,42.39,36.09,540.00,4.00,5.00,12.00,24.93,21.64,231.00,3.00,3.00,11.00,52.78,49.72,490.00,3.00,5.00,13.00,3.89,3.02,64.00,6.00,6.00,1.00,1,주먹 쥐기 (Fist)
33.12,73.75,13.12,91.19,2.44,138.53,298.09,128.57,82.76,100.19,100.56,66.93,64.00,144.06,347.26,143.23,25.50,217.29,96.37,217.89,138.00,140.94,185.33,126.28,15.30,28.87,52.17,39.85,0.00,221.26,495.85,247.47,55.11,183.48,59.62,110.51,151.00,21.86,18.60,12.20,12.04,18.50,14.70,17.52,1.00,35.15,31.25,442.00,3.00,6.00,13.00,46.44,41.56,606.00,5.00,6.00,12.00,24.29,21.36,258.00,3.00,4.00,11.00,57.28,54.06,525.00,3.00,6.00,13.00,3.94,3.20,67.00,7.00,6.00,1.00,1,주먹 쥐기 (Fist)
6.25,4.94,-22.25,-48.44,-8.06,167.39,266.13,112.29,110.39,131.95,70.44,25.78,18.00,143.38,317.98,159.36,39.56,264.74,78.73,158.25,77.00,131.03,193.22,132.30,19.85,38.81,55.99,35.38,10.00,228.83,489.04,244.66,57.94,184.71,50.03,100.69,141.00,28.34,18.80,11.48,20.02,19.44,18.34,9.54,9.00,33.87,29.38,459.00,5.00,7.00,14.00,44.45,39.32,671.00,5.00,7.00,13.00,24.74,21.91,294.00,4.00,4.00,12.00,56.70,53.44,654.00,4.00,6.00,13.00,4.45,3.58,70.00,8.00,6.00,2.00,1,주먹 쥐기 (Fist)
-25.25,-74.81,-21.62,-59.06,12.56,174.82,258.16,104.49,115.97,125.00,68.52,29.86,26.00,133.19,336.72,173.20,49.04,281.74,94.69,142.72,57.00,121.37,203.13,141.93,13.93,35.25,46.56,36.26,0.00,238.39,479.05,234.74,48.75,175.02,59.11,109.15,151.00,23.30,11.42,10.73,30.48,14.78,27.12,13.24,31.00,33.44,28.88,475.00,6.00,7.00,14.00,46.26,40.41,752.00,6.00,7.00,14.00,25.16,22.45,289.00,4.00,4.00,12.00,55.99,52.81,634.00,4.00,6.00,13.00,5.10,4.12,81.00,8.00,6.00,2.00,1,주먹 쥐기 (Fist)
-58.56,-45.44,-34.75,-67.19,17.50,131.84,292.23,134.29,149.21,137.86,40.97,58.37,69.00,140.95,327.70,164.10,41.77,280.48,104.50,138.63,47.00,99.48,222.62,148.77,17.72,20.74,75.03,50.74,30.00,208.56,501.60,251.11,67.36,158.72,75.81,129.34,181.00,35.88,18.09,22.23,43.57,28.53,31.32,4.54,14.00,36.40,31.62,471.00,3.00,7.00,14.00,45.57,39.87,689.00,5.00,8.00,14.00,26.66,24.09,271.00,3.00,4.00,12.00,57.74,54.69,537.00,3.00,6.00,13.00,6.80,5.31,82.00,7.00,5.00,2.00,1,주먹 쥐기 (Fist)
-53.38,27.25,-30.81,-39.88,-6.38,65.64,317.44,136.24,207.20,55.28,121.23,65.92,14.00,130.37,331.45,163.96,34.41,269.94,111.08,139.12,36.00,99.17,229.79,109.71,70.09,82.08,69.12,25.08,33.00,120.54,524.63,214.57,89.05,124.47,140.66,132.88,64.00,33.91,17.95,22.51,44.65,30.01,33.25,6.53,12.00,38.40,33.75,438.00,3.00,6.00,13.00,45.08,39.09,761.00,6.00,8.00,15.00,26.85,23.52,265.00,3.00,3.00,12.00,55.81,52.36,557.00,3.00,7.00,14.00,6.90,5.42,104.00,8.00,6.00,3.00,1,주먹 쥐기 (Fist)
1.69,-30.19,38.19,25.56,-17.38,82.14,301.44,97.73,176.17,94.54,79.17,24.80,51.00,58.23,308.87,101.47,49.24,321.33,139.11,123.98,109.00,99.17,229.79,109.71,70.09,82.08,69.12,25.08,33.00,123.22,501.79,163.43,73.11,174.16,87.74,96.94,119.00,18.60,31.28,38.30,58.60,38.16,21.20,9.97,28.00,34.83,29.69,480.00,4.00,6.00,14.00,44.67,37.73,812.00,7.00,9.00,15.00,26.85,23.52,322.00,4.00,3.00,12.00,52.55,48.49,619.00,4.00,7.00,15.00,8.21,6.30,108.00,7.00,5.00,4.00,1,주먹 쥐기 (Fist)
115.81,105.38,15.88,145.25,17.88,40.90,353.11,159.73,235.51,101.53,116.67,61.09,113.00,107.78,356.12,152.54,57.01,308.86,193.77,118.86,164.00,109.10,219.16,106.69,59.48,75.72,79.49,26.46,44.00,97.04,565.82,219.25,142.06,227.36,85.83,60.25,188.00,28.34,20.50,34.03,64.64,49.65,25.92,21.86,40.00,43.43,33.84,566.00,4.00,6.00,14.00,50.43,42.03,929.00,8.00,9.00,15.00,26.31,22.66,313.00,3.00,4.00,12.00,61.12,53.34,710.00,4.00,7.00,15.00,9.26,7.14,141.00,8.00,6.00,5.00,1,주먹 쥐기 (Fist)
67.75,82.69,24.88,74.19,14.12,41.08,400.77,184.29,228.22,139.64,68.08,44.21,64.00,116.32,366.67,153.88,66.04,319.53,185.42,122.11,153.00,77.12,247.42,82.79,58.94,44.47,98.19,40.36,76.00,87.28,596.02,217.24,146.74,235.96,56.95,81.70,155.00,37.16,21.42,44.47,74.79,49.45,14.19,12.52,28.00,46.48,37.28,572.00,3.00,7.00,14.00,51.47,42.89,865.00,7.00,10.00,15.00,27.05,24.27,309.00,3.00,5.00,12.00,63.07,55.66,695.00,3.00,8.00,15.00,9.92,7.98,144.00,8.00,7.00,5.00,1,주먹 쥐기 (Fist)
-20.25,66.31,-26.81,77.19,19.00,41.08,400.77,184.29,228.22,139.64,68.08,44.21,64.00,176.02,415.17,92.28,75.74,277.36,208.79,90.59,239.00,81.83,245.85,87.53,63.79,44.22,98.21,42.83,81.00,113.89,654.51,111.89,39.56,108.48,184.48,55.74,283.00,49.03,38.55,59.08,67.72,32.59,31.21,24.23,46.00,46.48,37.28,645.00,4.00,6.00,14.00,54.12,47.15,856.00,7.00,9.00,15.00,27.33,24.54,361.00,4.00,6.00,13.00,65.22,58.31,696.00,3.00,8.00,15.00,11.06,9.38,143.00,5.00,7.00,5.00,1,주먹 쥐기 (Fist)
-21.19,18.44,-43.38,-23.31,20.25,41.69,397.77,169.45,229.37,137.08,72.14,56.94,49.00,215.88,413.73,31.58,51.35,237.05,234.95,126.03,177.00,100.24,257.20,92.29,72.72,24.52,115.21,44.92,58.00,136.10,646.89,74.62,14.32,133.10,160.32,41.92,243.00,66.68,64.06,61.86,41.59,56.60,28.64,23.40,18.00,45.90,36.46,623.00,4.00,5.00,13.00,53.35,46.38,890.00,7.00,9.00,15.00,28.99,25.80,369.00,4.00,5.00,13.00,63.58,55.81,774.00,4.00,8.00,15.00,12.13,10.69,139.00,3.00,6.00,5.00,1,주먹 쥐기 (Fist)
15.81,120.19,-45.06,5.44,16.12,48.06,371.83,164.82,261.20,168.10,44.64,25.24,81.00,320.11,327.41,165.79,113.16,398.71,83.66,62.74,341.00,125.10,293.35,69.09,45.49,60.19,78.58,33.67,95.00,160.41,605.46,93.73,66.07,160.26,156.70,49.97,295.00,76.47,73.87,49.79,52.33,59.44,13.69,12.81,36.00,45.94,36.71,640.00,7.00,5.00,13.00,61.11,52.44,992.00,7.00,9.00,15.00,31.12,27.82,358.00,4.00,4.00,12.00,62.61,53.24,766.00,5.00,8.00,15.00,12.83,11.86,137.00,3.00,7.00,5.00,1,주먹 쥐기 (Fist)
-64.44,-90.06,9.75,-67.81,-6.88,51.81,399.60,140.03,265.35,185.68,16.92,5.70,109.00,295.20,382.71,141.82,130.86,418.33,24.77,103.00,401.00,113.96,264.86,103.99,77.16,76.02,65.03,43.57,130.00,166.38,585.59,113.18,68.15,141.29,170.13,47.40,275.00,76.47,73.87,49.79,52.33,59.44,13.69,12.81,36.00,47.85,38.44,701.00,6.00,5.00,13.00,64.80,56.19,1156.00,8.00,9.00,15.00,30.65,27.12,400.00,5.00,5.00,12.00,61.05,51.84,808.00,6.00,9.00,15.00,12.83,11.86,156.00,4.00,7.00,6.00,1,주먹 쥐기 (Fist)
-44.31,-42.56,-32.75,-122.50,-10.88,42.85,391.17,151.41,251.64,180.18,15.26,19.03,123.00,295.70,346.54,111.60,98.41,391.34,37.28,129.55,441.00,111.42,268.99,98.79,87.92,68.12,81.45,55.93,154.00,182.15,630.78,121.68,136.07,154.21,239.13,99.89,206.00,76.47,73.87,49.79,52.33,59.44,13.69,12.81,36.00,46.91,37.56,647.00,5.00,6.00,13.00,62.39,53.69,1146.00,8.00,10.00,15.00,31.69,28.62,418.00,5.00,6.00,12.00,67.11,56.69,805.00,5.00,9.00,15.00,12.83,11.86,158.00,4.00,7.00,6.00,1,주먹 쥐기 (Fist)
-33.94,-115.38,33.19,-40.25,-14.50,92.54,386.62,170.63,246.00,126.20,68.09,72.66,177.00,339.47,389.21,207.34,80.11,298.62,136.03,194.59,540.00,118.96,278.51,84.21,74.41,51.66,98.41,63.72,171.00,222.81,631.41,173.67,151.61,102.23,205.53,47.99,258.00,79.52,79.84,44.86,56.73,55.75,14.34,7.19,42.00,47.53,38.43,622.00,5.00,5.00,12.00,68.89,59.88,1171.00,7.00,10.00,15.00,32.52,29.69,474.00,6.00,7.00,12.00,67.88,58.88,851.00,5.00,9.00,15.00,13.16,12.19,162.00,4.00,7.00,6.00,1,주먹 쥐기 (Fist)
60.50,78.88,11.25,44.75,-10.38,83.62,393.13,161.70,255.00,122.75,75.25,80.86,186.00,303.74,401.17,202.99,121.56,302.69,169.07,220.38,584.00,105.97,261.75,98.80,64.50,42.99,110.33,69.23,188.00,222.81,631.41,173.67,151.61,102.23,205.53,47.99,258.00,81.17,81.13,43.15,55.44,57.70,12.58,9.18,40.00,48.19,39.06,669.00,6.00,4.00,12.00,71.18,62.62,1284.00,7.00,10.00,15.00,31.89,28.62,461.00,6.00,7.00,12.00,67.88,58.88,925.00,6.00,8.00,15.00,13.25,12.30,164.00,4.00,8.00,6.00,1,주먹 쥐기 (Fist)
64.44,9.00,58.62,54.38,-10.12,43.07,458.10,157.90,263.40,87.45,90.59,58.38,121.00,244.58,457.63,261.50,150.71,242.69,170.88,209.51,522.00,100.37,256.86,98.38,59.36,38.88,110.20,69.15,182.00,201.24,653.38,190.07,162.81,87.46,187.91,66.41,236.00,85.09,80.92,43.99,52.40,57.14,16.49,5.54,44.00,50.98,43.63,645.00,6.00,3.00,11.00,70.08,59.88,1244.00,6.00,10.00,15.00,31.16,28.25,466.00,6.00,8.00,12.00,68.76,60.25,881.00,6.00,7.00,15.00,13.41,12.52,161.00,4.00,7.00,6.00,1,주먹 쥐기 (Fist)
8.94,-55.75,33.88,-33.56,-9.69,44.29,441.93,134.75,286.70,63.64,114.30,73.61,97.00,360.47,353.02,208.12,251.62,192.49,275.61,272.96,406.00,112.37,259.07,109.72,53.85,27.68,119.04,74.88,170.00,316.12,564.24,97.28,279.24,49.46,61.30,179.04,107.00,91.97,75.99,50.94,57.31,51.10,13.83,11.18,37.00,50.38,41.95,678.00,6.00,4.00,11.00,70.22,60.50,1251.00,6.00,10.00,15.00,31.83,29.00,454.00,5.00,9.00,12.00,65.53,56.38,838.00,6.00,8.00,15.00,13.61,12.90,150.00,4.00,6.00,5.00,1,주먹 쥐기 (Fist)
-13.56,35.56,-4.75,66.12,18.19,48.96,444.16,121.07,293.16,78.74,96.27,51.81,121.00,321.86,366.93,175.39,238.73,229.64,315.00,312.89,363.00,121.63,253.76,116.47,44.72,29.01,109.07,66.92,180.00,245.12,564.44,85.73,265.28,157.63,106.11,279.81,10.00,66.09,109.98,45.36,42.30,30.53,43.54,42.51,3.00,50.45,41.95,671.00,6.00,4.00,11.00,70.81,62.26,1264.00,7.00,10.00,15.00,31.64,28.38,492.00,6.00,9.00,13.00,66.78,58.25,935.00,7.00,9.00,15.00,13.96,13.31,158.00,4.00,6.00,5.00,1,주먹 쥐기 (Fist)
-20.56,17.50,-19.44,16.94,-6.94,48.96,444.16,121.07,293.16,78.74,96.27,51.81,121.00,264.27,339.28,83.47,349.89,160.60,290.13,200.02,476.00,118.07,258.61,118.53,42.72,25.39,105.91,62.16,185.00,252.35,516.31,81.50,347.97,164.11,32.05,230.36,73.00,71.72,100.30,31.72,28.44,42.54,56.10,54.74,11.00,50.45,41.95,642.00,6.00,4.00,10.00,67.18,56.50,1245.00,7.00,11.00,15.00,31.81,28.69,492.00,6.00,9.00,13.00,65.05,55.18,969.00,7.00,9.00,15.00,13.98,13.30,178.00,5.00,6.00,6.00,1,주먹 쥐기 (Fist)
36.25,12.31,-15.38,0.81,1.81,124.23,346.07,35.82,336.99,177.73,73.49,149.61,22.00,279.65,280.75,145.41,371.40,118.28,241.28,277.03,393.00,124.47,245.94,103.55,57.01,12.42,108.73,47.21,200.00,308.72,436.88,68.69,351.49,82.38,84.82,252.67,9.00,74.03,101.86,26.07,28.86,34.55,52.76,47.52,1.00,49.19,41.84,705.00,7.00,5.00,11.00,65.09,51.55,1173.00,6.00,10.00,14.00,31.14,27.75,497.00,6.00,10.00,13.00,62.02,49.52,960.00,7.00,9.00,15.00,13.58,12.46,162.00,5.00,7.00,5.00,1,주먹 쥐기 (Fist)
-7.44,-18.38,-21.00,-61.19,-3.62,183.23,314.87,85.57,290.04,163.93,109.46,101.17,81.00,266.14,301.64,129.58,391.04,97.53,221.23,293.22,372.00,125.90,244.10,100.71,55.23,12.68,100.22,56.26,190.00,308.72,436.88,68.69,351.49,82.38,84.82,252.67,9.00,75.18,96.15,21.14,22.14,38.78,57.06,46.96,8.00,46.48,38.62,694.00,8.00,6.00,11.00,65.26,53.03,1143.00,6.00,9.00,14.00,30.62,27.12,433.00,5.00,10.00,12.00,62.02,49.52,960.00,7.00,9.00,15.00,13.36,12.08,155.00,6.00,7.00,4.00,1,주먹 쥐기 (Fist)
-37.00,-68.75,10.81,-66.69,-28.25,162.30,308.72,72.24,305.52,184.85,132.35,94.18,104.00,257.46,309.42,133.58,394.61,103.21,230.20,288.46,382.00,134.97,228.46,79.22,84.15,22.43,72.09,79.36,161.00,236.98,461.59,138.60,369.86,67.74,130.26,285.45,63.00,71.94,102.08,26.96,21.02,44.50,63.05,49.53,14.00,47.28,39.88,607.00,7.00,5.00,11.00,65.87,53.81,1055.00,5.00,8.00,14.00,29.14,25.31,440.00,6.00,10.00,12.00,64.36,54.48,846.00,7.00,8.00,15.00,14.05,12.41,144.00,5.00,6.00,4.00,1,주먹 쥐기 (Fist)
54.31,-123.19,111.50,64.62,-18.12,133.35,265.01,113.45,269.88,151.65,106.42,98.56,51.00,51.63,397.99,350.46,208.63,283.77,259.14,375.81,165.00,92.64,326.94,177.86,135.25,102.67,92.05,161.82,60.00,179.04,441.97,168.00,306.05,128.36,62.63,231.30,6.00,49.16,125.52,46.97,13.04,53.09,43.64,31.46,20.00,41.37,36.15,650.00,8.00,6.00,11.00,70.15,59.04,1101.00,5.00,8.00,14.00,40.74,31.62,536.00,6.00,9.00,12.00,57.50,50.70,904.00,8.00,8.00,15.00,14.38,12.28,149.00,5.00,6.00,4.00,1,주먹 쥐기 (Fist)
16.38,-66.00,38.38,2.75,-12.44,140.86,216.51,155.05,233.36,128.96,94.35,111.61,100.00,100.04,410.71,426.54,150.01,218.35,119.34,359.71,312.00,87.89,341.96,183.13,147.11,101.14,74.06,149.76,78.00,157.94,388.08,145.40,284.83,96.91,110.52,293.93,60.00,32.84,130.45,49.11,30.87,27.09,39.52,50.87,7.00,38.35,32.75,603.00,7.00,7.00,11.00,69.77,59.88,1138.00,5.00,9.00,14.00,41.55,32.75,556.00,5.00,10.00,12.00,55.03,47.09,959.00,8.00,8.00,15.00,14.35,11.80,147.00,5.00,6.00,4.00,1,주먹 쥐기 (Fist)
43.94,145.00,-92.56,-95.56,12.12,108.02,264.45,175.24,189.17,58.38,66.68,172.45,171.00,54.13,455.66,468.80,70.03,288.99,49.98,403.27,392.00,134.32,334.11,235.34,199.11,163.16,55.86,144.68,143.00,274.05,203.76,58.51,469.12,120.84,190.81,109.95,127.00,27.56,126.39,42.99,28.28,28.61,45.24,42.02,2.00,39.56,34.31,635.00,7.00,8.00,12.00,77.09,64.25,1310.00,5.00,8.00,14.00,47.24,36.81,673.00,6.00,10.00,12.00,56.68,48.81,971.00,8.00,7.00,15.00,13.70,11.09,168.00,6.00,5.00,5.00,1,주먹 쥐기 (Fist)
-41.12,-46.50,78.19,128.44,-0.25,117.13,263.98,160.31,202.24,52.06,57.85,187.44,186.00,75.52,384.21,399.20,98.99,344.80,89.83,467.23,464.00,25.89,261.26,150.04,173.61,263.48,182.47,240.71,275.00,135.85,304.93,169.28,472.17,180.16,333.30,91.50,271.00,17.85,102.34,19.41,4.47,51.11,19.25,67.74,24.00,40.36,35.25,682.00,7.00,8.00,12.00,77.83,66.12,1394.00,7.00,8.00,14.00,50.00,38.64,848.00,7.00,10.00,13.00,65.65,55.87,1172.00,8.00,7.00,15.00,12.20,9.09,179.00,7.00,6.00,6.00,1,주먹 쥐기 (Fist)
27.88,12.81,17.19,57.69,-4.44,103.15,252.96,165.55,210.30,65.11,42.58,202.47,202.00,178.14,289.72,406.42,94.18,395.96,48.19,334.44,331.00,74.26,190.13,213.90,252.79,285.21,126.97,162.04,195.00,91.86,315.78,201.37,515.56,199.18,307.69,56.13,227.00,31.92,75.75,38.96,33.06,37.25,45.08,44.72,5.00,40.86,36.25,670.00,7.00,8.00,12.00,69.34,57.81,1231.00,7.00,8.00,14.00,47.93,37.04,847.00,7.00,10.00,13.00,67.19,58.27,1168.00,7.00,8.00,15.00,10.75,7.74,162.00,5.00,6.00,5.00,1,주먹 쥐기 (Fist)
61.12,68.69,10.12,114.19,14.69,41.12,113.32,117.44,337.15,95.79,179.55,135.28,62.00,128.01,304.88,263.82,225.00,540.54,191.12,201.63,185.00,87.74,173.58,227.62,251.34,268.21,124.27,178.82,212.00,103.82,284.85,231.83,519.12,33.57,322.00,235.80,411.00,26.78,81.05,29.39,35.11,49.60,53.15,42.07,19.00,39.89,35.75,691.00,7.00,8.00,12.00,69.37,57.27,1246.00,7.00,7.00,14.00,47.98,37.38,809.00,7.00,9.00,12.00,71.81,60.71,1177.00,7.00,8.00,15.00,11.39,8.73,178.00,5.00,7.00,6.00,1,주먹 쥐기 (Fist)
-8.19,11.12,-42.44,-64.12,5.12,87.13,79.33,78.48,323.43,68.13,151.63,129.32,115.00,153.57,289.89,240.80,239.73,530.94,168.24,227.85,226.00,93.02,169.11,225.86,242.35,271.60,131.32,171.19,203.00,172.73,249.91,201.49,451.67,51.00,355.49,170.79,342.00,30.30,78.73,35.19,43.68,43.52,54.43,39.77,10.00,37.04,32.46,750.00,10.00,9.00,13.00,69.08,55.78,1222.00,7.00,7.00,14.00,47.43,36.81,794.00,7.00,8.00,12.00,65.76,56.12,1272.00,8.00,9.00,15.00,11.44,8.88,183.00,5.00,7.00,6.00,1,주먹 쥐기 (Fist)
-47.62,13.94,-66.94,-72.88,26.81,92.46,81.83,71.67,316.55,62.63,149.22,131.58,108.00,279.05,183.55,336.72,134.32,428.48,181.10,217.61,95.00,109.48,166.96,312.39,253.36,219.14,218.83,141.16,115.00,154.80,268.65,221.43,456.60,53.09,375.14,157.47,322.00,63.96,51.87,70.68,48.88,41.12,30.33,66.88,47.00,36.43,32.08,694.00,9.00,9.00,13.00,63.20,49.05,1036.00,6.00,7.00,14.00,50.32,39.68,801.00,6.00,7.00,12.00,66.96,57.38,1197.00,7.00,9.00,15.00,13.22,10.46,203.00,7.00,8.00,7.00,1,주먹 쥐기 (Fist)
-28.06,90.25,-20.69,21.81,13.50,86.27,30.47,109.45,311.31,33.64,89.63,188.90,35.00,289.88,172.56,346.01,125.99,438.57,184.77,211.45,106.00,126.82,157.54,323.26,234.33,239.06,206.45,136.06,135.00,148.04,278.63,226.63,446.01,61.98,366.14,160.96,333.00,84.87,31.53,77.50,32.65,57.90,49.90,46.19,26.00,35.66,30.95,701.00,7.00,9.00,14.00,64.12,49.66,1047.00,6.00,7.00,14.00,50.60,40.77,799.00,5.00,7.00,12.00,66.68,56.69,1280.00,8.00,9.00,15.00,13.57,11.06,215.00,7.00,9.00,8.00,1,주먹 쥐기 (Fist)
-15.50,-16.75,12.56,-7.75,9.38,145.65,53.07,111.35,238.41,40.05,162.60,117.13,108.00,263.41,196.99,352.62,107.04,439.34,214.42,186.02,138.00,162.71,124.34,305.10,225.40,230.73,203.99,158.67,99.00,145.10,302.41,197.57,434.20,35.39,379.04,172.01,278.00,101.22,17.38,67.08,22.14,44.94,35.19,63.96,44.00,33.17,27.88,652.00,7.00,9.00,13.00,64.17,50.00,1084.00,6.00,7.00,14.00,49.27,38.44,806.00,6.00,7.00,12.00,65.74,54.62,1217.00,8.00,9.00,15.00,13.65,11.25,218.00,7.00,9.00,8.00,1,주먹 쥐기 (Fist)
-14.50,31.38,8.62,41.25,-0.19,161.62,61.27,100.29,238.01,35.00,151.47,132.95,92.00,322.53,206.31,259.87,194.37,357.22,302.45,100.69,232.00,178.90,108.44,288.17,242.16,216.43,216.12,143.22,116.00,127.35,339.54,293.49,339.67,130.38,345.62,247.85,182.00,107.78,20.78,58.15,30.81,41.34,36.64,56.37,35.00,33.38,28.69,628.00,6.00,9.00,12.00,63.00,48.25,1044.00,8.00,7.00,14.00,48.91,37.38,773.00,5.00,8.00,11.00,65.40,54.12,1165.00,8.00,9.00,15.00,13.47,10.71,197.00,9.00,8.00,7.00,1,주먹 쥐기 (Fist)
30.00,62.31,-7.69,11.00,-7.31,110.32,88.24,154.51,182.01,88.28,164.24,183.41,36.00,336.96,236.40,243.26,188.07,384.74,288.50,133.16,199.00,175.06,110.47,289.69,241.41,212.28,221.12,138.23,121.00,143.24,297.16,281.06,351.01,155.27,309.15,291.50,138.00,98.45,10.33,71.85,37.80,11.69,34.46,47.47,5.00,33.77,29.62,669.00,7.00,8.00,13.00,64.52,50.31,1066.00,8.00,7.00,14.00,48.85,37.06,774.00,6.00,7.00,11.00,64.06,51.38,1154.00,7.00,10.00,15.00,12.49,9.94,180.00,6.00,7.00,6.00,1,주먹 쥐기 (Fist)
-26.44,-59.50,-23.00,-57.44,7.00,106.10,95.24,155.99,182.22,84.62,157.77,178.45,43.00,338.54,162.81,199.49,270.74,379.83,329.84,214.73,116.00,172.84,108.88,285.92,246.36,211.31,217.75,142.97,116.00,205.82,235.47,343.62,282.70,198.47,381.46,222.16,211.00,96.66,11.78,77.79,29.83,9.81,31.64,52.59,6.00,33.39,29.24,662.00,7.00,8.00,13.00,66.15,52.75,1193.00,7.00,8.00,15.00,48.69,36.75,784.00,6.00,6.00,12.00,65.69,54.56,1216.00,9.00,10.00,15.00,12.59,10.12,187.00,6.00,7.00,7.00,1,주먹 쥐기 (Fist)
-50.12,-26.19,-27.69,-53.56,-9.12,150.25,71.60,230.28,97.42,152.41,85.12,166.68,128.00,368.39,161.04,146.49,272.01,428.33,277.56,171.41,169.00,173.19,113.33,290.42,245.72,206.43,218.07,146.80,111.00,267.76,234.78,393.27,264.58,143.36,346.83,270.54,149.00,104.10,2.98,64.27,21.02,23.80,22.70,64.64,20.00,34.99,29.89,651.00,6.00,8.00,13.00,66.22,52.71,1191.00,6.00,9.00,15.00,48.85,37.06,784.00,6.00,5.00,12.00,67.12,57.38,1154.00,8.00,10.00,14.00,12.77,10.50,199.00,6.00,8.00,8.00,1,주먹 쥐기 (Fist)
2.38,-199.25,120.44,-152.00,-29.19,147.17,64.75,224.60,97.01,158.49,85.34,170.70,136.00,557.65,348.84,201.62,71.12,318.34,462.99,324.05,38.00,267.55,62.02,338.21,90.76,174.21,353.28,261.44,47.00,368.02,324.00,386.31,368.27,162.33,335.01,230.61,254.00,131.40,31.53,68.43,15.00,30.94,53.06,33.84,11.00,34.97,29.75,673.00,7.00,8.00,13.00,83.84,65.00,1326.00,6.00,10.00,15.00,57.46,43.38,912.00,7.00,6.00,12.00,76.51,64.12,1249.00,6.00,9.00,14.00,14.83,12.44,196.00,6.00,7.00,8.00,1,주먹 쥐기 (Fist)
61.81,44.88,-7.56,-19.50,-8.19,182.71,43.88,282.65,8.06,214.33,68.70,106.06,31.00,463.84,270.17,123.60,141.77,395.13,509.95,390.65,132.00,267.55,62.02,338.21,90.76,174.21,353.28,261.44,47.00,337.01,286.34,422.50,365.11,141.31,309.34,241.99,294.00,115.42,24.63,52.44,13.89,46.14,66.48,18.64,27.00,37.25,31.96,651.00,6.00,7.00,13.00,83.90,64.73,1508.00,7.00,10.00,15.00,57.46,43.38,933.00,7.00,6.00,12.00,75.25,61.31,1257.00,5.00,9.00,14.00,13.73,11.44,210.00,6.00,8.00,9.00,1,주먹 쥐기 (Fist)
28.88,76.00,4.75,177.19,45.69,168.39,29.73,266.79,17.89,230.12,68.12,95.91,14.00,294.33,320.07,277.30,191.25,259.96,583.26,346.68,74.00,167.73,82.36,328.69,32.65,148.60,326.06,254.19,54.00,304.01,261.60,513.77,482.08,258.24,425.54,182.16,177.00,57.81,82.74,65.00,78.31,75.25,79.78,79.84,39.00,36.19,30.77,644.00,6.00,7.00,13.00,80.68,61.25,1504.00,9.00,10.00,15.00,51.42,36.88,867.00,8.00,7.00,11.00,86.32,69.16,1395.00,7.00,9.00,14.00,17.61,13.35,264.00,9.00,8.00,10.00,1,주먹 쥐기 (Fist)
-31.69,24.88,-22.50,-15.19,3.38,130.43,47.73,269.13,49.65,232.33,97.80,129.86,53.00,271.48,432.24,368.85,143.59,202.28,473.65,312.87,40.00,122.34,142.08,385.86,34.44,93.82,293.18,230.40,6.00,301.33,254.61,515.93,482.00,262.01,433.33,176.13,167.00,52.52,101.32,85.00,79.25,58.04,59.07,63.11,18.00,37.08,31.98,675.00,7.00,6.00,13.00,78.12,57.23,1332.00,8.00,10.00,15.00,51.01,36.25,763.00,6.00,7.00,11.00,86.40,69.71,1478.00,8.00,9.00,14.00,17.12,12.62,281.00,8.00,8.00,10.00,1,주먹 쥐기 (Fist)
-61.00,-94.38,1.88,-50.50,-16.12,27.97,154.51,373.55,102.42,131.44,24.36,23.40,54.00,283.25,278.97,466.08,379.22,39.23,285.13,282.43,276.00,185.18,108.25,330.04,124.91,64.10,193.92,182.96,112.00,347.38,323.60,448.01,413.00,219.41,446.50,122.84,98.00,50.23,95.74,85.42,102.96,69.33,41.35,57.32,6.00,38.99,32.75,625.00,6.00,5.00,13.00,74.99,56.95,1270.00,6.00,9.00,15.00,44.37,30.38,615.00,8.00,7.00,11.00,82.16,65.94,1276.00,7.00,8.00,14.00,17.55,13.14,288.00,8.00,8.00,10.00,1,주먹 쥐기 (Fist)
18.12,54.38,-60.12,-49.62,7.00,79.92,121.06,343.56,141.99,94.28,85.63,39.05,116.00,296.12,260.70,356.00,400.35,118.69,316.19,293.64,392.00,171.70,88.96,254.02,165.56,207.84,75.49,154.96,256.00,195.63,231.90,562.90,447.77,54.50,390.97,83.87,76.00,55.39,87.72,71.88,102.00,82.95,45.40,63.48,20.00,37.88,31.62,638.00,6.00,6.00,13.00,74.99,55.67,1375.00,9.00,10.00,15.00,42.85,29.50,630.00,7.00,8.00,11.00,77.82,60.08,1218.00,5.00,7.00,14.00,17.57,13.25,306.00,9.00,8.00,11.00,1,주먹 쥐기 (Fist)
3.62,60.62,-12.44,46.06,8.56,63.45,113.43,327.66,127.95,112.44,105.08,62.38,140.00,350.04,217.79,362.23,472.93,137.21,245.59,310.29,316.00,202.67,96.32,211.12,199.16,196.89,77.26,166.39,213.00,185.17,237.62,559.39,437.64,52.59,399.68,79.47,65.00,74.69,65.61,60.31,125.00,82.06,24.93,46.73,3.00,37.29,30.12,612.00,6.00,6.00,13.00,76.56,57.91,1321.00,8.00,9.00,15.00,42.36,28.37,669.00,7.00,9.00,12.00,77.37,59.30,1245.00,6.00,7.00,14.00,17.39,12.88,289.00,8.00,7.00,10.00,1,주먹 쥐기 (Fist)
-14.75,-1.94,18.94,71.62,2.75,97.40,60.62,243.29,209.98,58.04,121.79,50.92,50.00,298.13,270.50,308.59,490.80,191.85,194.90,349.56,261.00,208.41,94.22,208.48,195.82,191.79,80.10,162.19,219.00,128.37,293.52,502.58,418.40,108.18,343.30,95.76,122.00,71.70,68.31,58.17,125.04,84.93,21.96,44.15,6.00,32.89,26.34,570.00,7.00,6.00,13.00,75.48,55.57,1332.00,8.00,9.00,15.00,42.17,27.95,648.00,7.00,9.00,12.00,72.70,55.30,1093.00,5.00,7.00,14.00,17.34,12.72,286.00,7.00,7.00,10.00,1,주먹 쥐기 (Fist)
24.25,-21.62,67.62,12.75,-21.06,82.22,73.71,243.46,205.43,72.46,137.47,66.21,34.00,277.14,288.85,296.62,510.33,186.81,202.78,329.74,282.00,108.46,190.14,159.46,285.79,123.96,179.63,80.80,320.00,185.34,245.24,533.99,359.24,150.06,311.04,124.02,184.00,53.82,76.80,41.14,144.03,74.57,36.60,62.98,13.00,33.40,27.47,571.00,7.00,6.00,13.00,75.68,57.05,1342.00,7.00,9.00,15.00,45.10,30.88,673.00,7.00,8.00,12.00,71.82,53.50,1138.00,5.00,7.00,14.00,18.15,14.05,287.00,7.00,6.00,10.00,1,주먹 쥐기 (Fist)
51.75,41.31,19.12,102.00,-2.44,6.82,160.57,167.84,291.50,62.67,81.51,24.00,122.00,307.54,281.02,279.30,523.13,215.16,193.89,296.78,315.00,60.65,268.64,73.55,265.68,93.96,123.54,162.44,232.00,334.09,295.06,460.01,344.58,256.74,304.19,177.62,12.00,40.10,75.84,52.07,145.83,61.03,38.55,38.67,13.00,35.08,29.12,589.00,7.00,6.00,13.00,76.38,58.85,1330.00,8.00,9.00,15.00,42.32,28.25,671.00,9.00,9.00,12.00,74.95,56.62,1144.00,6.00,7.00,14.00,17.26,12.94,292.00,7.00,7.00,10.00,1,주먹 쥐기 (Fist)
88.44,106.88,5.19,86.81,3.12,123.75,251.02,88.10,332.56,57.74,108.49,93.00,5.00,324.44,294.67,256.46,544.14,197.83,213.35,317.70,292.00,77.25,282.07,58.12,234.77,122.45,116.74,131.76,263.00,385.03,361.02,393.49,410.83,204.02,343.50,116.34,79.00,41.92,70.75,60.76,136.95,70.03,30.31,45.06,4.00,41.50,34.01,625.00,7.00,6.00,14.00,78.17,60.11,1288.00,7.00,8.00,15.00,41.89,26.96,652.00,8.00,8.00,12.00,77.99,61.09,1122.00,7.00,7.00,14.00,17.02,12.39,294.00,8.00,7.00,10.00,1,주먹 쥐기 (Fist)
1.94,35.81,-54.81,-61.00,17.56,146.28,258.31,107.25,312.08,47.45,109.95,71.36,29.00,357.91,359.30,247.03,521.64,185.06,151.27,276.68,357.00,32.95,306.40,41.92,238.29,172.37,78.89,84.25,327.00,361.95,321.10,421.29,420.83,227.41,394.37,66.08,130.00,36.75,79.53,60.07,138.74,74.07,21.94,49.78,5.00,41.16,32.94,710.00,7.00,7.00,15.00,78.45,60.02,1301.00,6.00,9.00,15.00,44.19,30.31,711.00,9.00,8.00,13.00,79.49,64.00,1218.00,5.00,6.00,14.00,17.45,12.94,300.00,7.00,7.00,11.00,1,주먹 쥐기 (Fist)
-69.88,-25.81,-38.94,-45.00,2.38,112.87,283.48,71.34,342.24,93.81,154.44,56.66,80.00,349.68,319.44,198.64,573.51,136.00,138.01,271.05,411.00,39.25,350.65,37.32,193.31,185.22,121.94,104.29,281.00,373.06,329.04,380.01,514.25,134.25,328.24,161.54,34.00,34.44,82.06,62.85,135.82,75.94,23.11,49.16,2.00,44.58,36.12,737.00,7.00,6.00,15.00,78.47,60.71,1333.00,7.00,8.00,15.00,45.31,32.44,708.00,6.00,9.00,13.00,79.49,63.62,1195.00,5.00,7.00,14.00,17.46,13.05,306.00,7.00,7.00,12.00,1,주먹 쥐기 (Fist)
-0.88,40.56,-13.62,18.00,10.06,112.27,314.97,93.76,318.31,77.49,125.03,49.40,48.00,357.13,320.43,181.78,568.07,153.84,124.54,263.53,389.00,41.45,354.98,34.56,192.21,180.22,117.58,103.07,286.00,373.06,329.04,380.01,514.25,134.25,328.24,161.54,34.00,16.00,89.21,78.91,132.46,56.19,35.83,49.19,23.00,43.94,34.23,748.00,6.00,7.00,15.00,77.57,59.51,1271.00,7.00,8.00,15.00,45.39,32.75,718.00,6.00,9.00,13.00,79.49,63.62,1185.00,5.00,7.00,14.00,17.48,12.83,300.00,6.00,7.00,11.00,1,주먹 쥐기 (Fist)
-2.38,44.31,15.75,54.69,-10.00,102.56,295.69,73.81,335.28,96.34,119.37,47.84,24.00,288.96,244.07,179.82,681.51,174.41,24.86,208.36,273.00,55.42,346.34,76.39,151.38,169.19,113.99,117.72,328.00,279.28,216.75,443.80,629.17,60.44,246.35,122.17,151.00,30.49,95.07,83.43,117.52,58.34,50.74,48.85,38.00,43.47,32.92,719.00,6.00,6.00,14.00,76.63,56.89,1252.00,7.00,7.00,15.00,45.16,32.25,745.00,9.00,8.00,14.00,79.47,64.10,1229.00,7.00,7.00,15.00,17.64,13.38,304.00,6.00,8.00,11.00,1,주먹 쥐기 (Fist)
40.25,-2.31,40.94,89.56,-8.25,85.86,300.71,141.56,275.12,58.12,100.15,121.24,126.00,258.39,203.45,150.26,674.76,202.75,64.65,236.33,315.00,129.25,397.01,124.90,150.62,110.50,73.21,73.04,251.00,140.38,209.24,394.96,622.43,219.84,406.97,151.19,11.00,26.59,91.27,79.43,117.96,62.31,53.39,47.97,42.00,42.35,32.47,715.00,7.00,6.00,14.00,75.87,53.61,1110.00,8.00,7.00,15.00,45.67,32.57,617.00,4.00,7.00,14.00,81.19,66.44,1169.00,7.00,6.00,15.00,17.49,13.09,284.00,6.00,8.00,10.00,1,주먹 쥐기 (Fist)
44.69,14.38,1.94,51.31,16.38,104.69,350.18,190.00,226.36,1.14,136.13,64.24,69.00,107.57,128.37,124.93,417.38,113.66,210.31,97.20,54.00,26.65,269.02,197.69,41.15,36.61,81.48,103.78,123.00,126.66,442.45,173.65,380.00,240.38,266.88,234.66,233.00,36.06,49.19,77.11,64.76,59.51,77.15,89.60,12.00,43.84,34.94,657.00,6.00,5.00,13.00,47.26,35.02,893.00,8.00,8.00,15.00,33.09,25.80,536.00,6.00,7.00,14.00,68.33,59.44,1057.00,7.00,7.00,15.00,15.68,11.75,290.00,9.00,8.00,10.00,1,주먹 쥐기 (Fist)
14.31,99.00,-7.44,66.06,3.12,104.06,310.41,197.73,205.34,41.40,178.04,29.85,27.00,135.90,230.16,208.18,450.07,38.82,139.88,137.36,156.00,32.27,262.13,206.45,50.33,26.99,79.85,98.73,133.00,236.47,557.39,86.46,383.80,116.21,232.34,111.57,101.00,56.04,56.44,97.06,63.20,39.52,57.16,69.67,8.00,41.75,32.31,656.00,6.00,6.00,13.00,53.72,39.38,940.00,8.00,7.00,15.00,33.14,26.26,540.00,7.00,6.00,15.00,68.83,59.56,876.00,6.00,7.00,15.00,15.17,10.89,244.00,8.00,8.00,10.00,1,주먹 쥐기 (Fist)
29.81,51.31,-6.44,-2.56,-9.50,99.90,313.88,189.78,212.61,45.23,183.47,29.05,19.00,139.36,238.41,207.78,460.07,29.78,137.44,127.27,145.00,47.22,263.26,205.51,58.01,32.32,70.84,101.48,117.00,170.40,527.76,94.56,238.76,199.77,165.35,43.16,49.00,19.63,13.60,87.80,10.30,54.41,44.13,24.02,62.00,42.06,32.81,609.00,5.00,7.00,13.00,54.31,39.89,943.00,7.00,8.00,15.00,33.11,26.19,509.00,6.00,5.00,14.00,58.88,51.56,761.00,6.00,8.00,15.00,11.11,9.25,219.00,7.00,8.00,10.00,1,주먹 쥐기 (Fist)
10.38,-24.31,17.94,25.69,-4.00,65.99,300.85,170.45,196.62,88.76,192.77,50.39,74.00,141.85,237.71,228.33,469.58,14.30,119.94,105.28,123.00,6.67,232.25,245.10,95.27,35.97,32.57,104.18,75.00,164.28,480.78,131.05,226.00,267.17,118.00,110.61,125.00,24.32,9.30,95.54,15.81,47.27,37.06,26.50,54.00,40.78,30.67,589.00,5.00,7.00,13.00,54.67,41.61,886.00,8.00,7.00,15.00,32.97,25.80,505.00,6.00,4.00,14.00,58.08,50.02,763.00,7.00,9.00,15.00,11.12,9.38,203.00,6.00,8.00,9.00,1,주먹 쥐기 (Fist)
-25.31,-80.06,-8.06,-118.81,-22.62,49.76,255.72,221.55,138.74,60.44,142.79,50.34,15.00,119.75,199.13,193.07,416.92,71.43,60.33,53.21,63.00,19.87,248.25,235.08,90.80,32.41,16.90,103.43,59.00,178.18,520.18,95.22,266.00,269.48,81.49,144.02,165.00,29.91,5.24,99.22,19.85,46.99,42.90,26.76,60.00,35.67,26.85,538.00,4.00,6.00,13.00,46.66,36.92,782.00,7.00,7.00,15.00,32.99,25.94,461.00,6.00,4.00,14.00,62.24,52.84,900.00,8.00,9.00,15.00,11.77,9.80,198.00,5.00,9.00,9.00,1,주먹 쥐기 (Fist)
-31.31,-138.75,25.06,-41.00,-13.25,62.20,287.72,198.75,135.00,89.87,111.10,79.38,17.00,249.12,362.37,157.83,362.06,210.05,138.67,151.12,102.00,79.83,192.43,204.59,18.68,65.47,87.12,112.39,35.00,143.65,479.57,100.89,271.04,226.79,35.19,180.43,216.00,51.89,17.32,90.89,17.49,67.73,36.11,24.21,38.00,36.58,28.69,530.00,4.00,6.00,12.00,58.68,46.53,840.00,7.00,6.00,15.00,29.41,23.69,455.00,7.00,5.00,14.00,58.82,49.25,886.00,7.00,10.00,15.00,12.11,10.25,203.00,5.00,9.00,9.00,1,주먹 쥐기 (Fist)
-0.31,-34.00,-46.44,-104.81,8.94,49.02,276.79,192.48,151.00,101.13,102.55,95.36,33.00,325.09,424.27,109.83,286.88,216.58,76.15,75.45,26.00,56.74,185.93,227.79,42.30,74.00,107.62,118.20,59.00,248.77,504.66,200.49,159.70,141.18,116.50,256.77,331.00,54.63,19.31,87.91,15.00,65.91,34.13,24.55,41.00,36.36,27.73,538.00,4.00,6.00,12.00,58.55,46.62,874.00,6.00,7.00,15.00,31.15,25.19,497.00,7.00,6.00,14.00,64.74,56.06,935.00,7.00,10.00,15.00,11.95,10.06,219.00,6.00,9.00,10.00,1,주먹 쥐기 (Fist)
-67.50,-13.69,-43.00,-39.06,11.56,77.22,276.74,221.47,153.76,95.47,114.17,122.25,62.00,314.85,422.00,120.82,285.28,227.49,77.62,66.16,15.00,39.49,142.87,264.27,73.24,116.09,105.41,132.75,4.00,324.57,476.36,258.23,197.95,118.08,60.38,228.97,255.00,50.63,20.22,91.00,19.21,69.19,28.17,28.24,47.00,38.96,29.69,567.00,5.00,7.00,12.00,58.33,45.94,874.00,6.00,6.00,15.00,33.00,27.25,442.00,7.00,5.00,13.00,64.99,56.69,941.00,4.00,10.00,15.00,12.22,10.44,197.00,5.00,8.00,9.00,1,주먹 쥐기 (Fist)
-63.19,-129.12,32.31,-104.31,-27.88,145.45,236.12,257.27,221.90,162.11,50.43,84.40,7.00,383.56,379.73,122.89,373.74,282.24,159.69,77.12,74.00,69.57,105.87,253.17,60.21,89.47,76.72,107.23,41.00,409.20,396.87,255.15,274.65,206.34,93.04,231.97,347.00,53.93,12.96,96.43,25.81,77.99,21.82,36.62,56.00,42.23,33.81,534.00,5.00,7.00,11.00,66.14,51.50,930.00,5.00,7.00,15.00,29.31,24.94,472.00,8.00,5.00,13.00,70.20,62.44,912.00,3.00,10.00,15.00,13.26,11.00,220.00,6.00,9.00,9.00,1,주먹 쥐기 (Fist)
63.19,14.56,10.38,45.50,5.62,123.28,261.27,270.99,226.77,177.94,25.30,91.41,33.00,389.57,369.58,133.89,372.84,286.54,150.21,67.20,63.00,86.55,94.65,236.39,43.29,82.52,93.71,122.16,24.00,443.21,352.90,217.78,256.78,184.41,98.35,243.23,302.00,54.03,20.95,88.81,22.14,79.93,24.27,44.60,64.00,44.15,35.44,618.00,6.00,6.00,11.00,65.93,50.81,1006.00,6.00,7.00,15.00,28.64,23.88,483.00,8.00,6.00,13.00,67.48,59.81,1048.00,4.00,11.00,15.00,13.33,11.20,249.00,6.00,10.00,10.00,1,주먹 쥐기 (Fist)
1.50,-49.94,66.94,47.62,-4.88,183.92,193.51,188.55,145.77,159.21,78.27,163.67,118.00,445.14,235.55,237.73,221.42,134.66,237.16,219.02,215.00,39.71,103.10,269.70,65.95,27.86,138.99,177.06,31.00,460.43,336.14,189.26,224.88,162.51,69.02,221.83,336.00,50.84,16.17,89.75,14.76,73.92,31.98,51.93,72.00,38.86,30.31,600.00,6.00,7.00,11.00,62.79,48.33,1013.00,7.00,8.00,15.00,33.22,27.31,479.00,7.00,6.00,13.00,65.44,57.95,897.00,3.00,10.00,14.00,13.37,11.38,245.00,7.00,10.00,10.00,1,주먹 쥐기 (Fist)
9.00,24.75,13.56,-0.94,-12.81,179.66,193.79,189.49,142.95,151.96,85.43,171.67,126.00,446.88,234.06,236.28,222.93,138.67,236.08,208.78,204.00,68.39,102.31,247.86,56.82,88.45,135.51,113.61,39.00,453.79,321.22,186.65,209.24,92.92,10.82,164.39,409.00,37.87,41.21,64.09,29.07,104.89,17.66,36.50,39.00,38.93,30.75,533.00,5.00,7.00,10.00,62.46,47.81,1022.00,7.00,8.00,15.00,30.58,25.06,515.00,7.00,7.00,13.00,62.94,52.94,931.00,4.00,10.00,14.00,12.96,10.94,240.00,9.00,9.00,10.00,1,주먹 쥐기 (Fist)
50.69,84.19,-5.94,101.06,10.81,206.84,144.48,100.71,47.04,266.27,131.63,69.97,7.00,487.99,184.71,354.07,105.34,102.74,328.06,149.05,83.00,107.94,92.30,208.88,28.79,92.36,104.27,140.83,1.00,544.41,216.65,99.50,34.48,197.63,165.83,333.63,233.00,40.67,35.77,69.76,26.93,105.65,23.21,38.58,33.00,36.35,28.65,516.00,7.00,7.00,10.00,65.70,50.69,1024.00,6.00,8.00,15.00,28.49,22.56,507.00,8.00,7.00,13.00,66.11,54.69,981.00,7.00,11.00,14.00,13.19,11.34,255.00,8.00,9.00,11.00,1,주먹 쥐기 (Fist)
7.19,17.88,-25.62,-52.25,5.38,226.55,129.14,76.83,71.03,267.30,107.87,73.66,17.00,479.71,193.58,348.16,102.11,94.12,338.83,151.67,72.00,103.13,96.05,211.90,33.53,97.34,99.27,143.15,6.00,506.91,256.09,137.74,46.67,198.15,198.02,375.87,190.00,33.79,39.49,69.68,18.38,98.09,31.57,45.58,24.00,36.19,28.06,558.00,5.00,8.00,11.00,65.46,50.00,1080.00,6.00,8.00,15.00,28.74,22.88,495.00,7.00,7.00,13.00,67.40,57.59,1093.00,5.00,12.00,14.00,12.77,10.75,240.00,9.00,9.00,10.00,1,주먹 쥐기 (Fist)
-66.50,-78.25,-9.25,-65.56,-14.12,174.71,181.65,112.52,87.42,318.25,87.86,87.48,70.00,363.05,318.48,434.00,36.80,214.11,289.15,123.23,198.00,87.12,117.99,201.87,34.18,89.68,115.89,142.55,16.00,401.22,356.77,226.65,81.02,296.05,211.95,291.55,297.00,26.56,38.28,77.28,17.03,104.86,28.89,37.82,32.00,39.82,32.00,586.00,7.00,8.00,11.00,67.73,53.31,1140.00,7.00,7.00,15.00,28.69,22.66,480.00,7.00,7.00,13.00,68.91,59.94,1068.00,5.00,11.00,14.00,13.17,11.25,258.00,10.00,9.00,11.00,1,주먹 쥐기 (Fist)
-10.44,-54.38,-34.12,-93.56,2.44,126.50,222.13,111.19,130.39,291.32,69.28,92.23,21.00,301.16,360.81,490.10,91.09,211.30,260.76,144.96,136.00,97.75,182.71,119.95,51.42,54.15,132.61,130.50,66.00,217.64,478.76,289.77,175.38,221.09,82.11,407.89,105.00,33.53,43.72,72.99,10.05,104.07,33.20,30.88,39.00,38.84,31.01,631.00,7.00,8.00,12.00,69.16,57.20,1127.00,7.00,8.00,15.00,27.91,21.38,463.00,7.00,8.00,13.00,69.53,60.81,1085.00,3.00,10.00,14.00,13.14,11.12,247.00,10.00,9.00,11.00,1,주먹 쥐기 (Fist)
-69.69,-113.12,44.94,13.56,-14.06,74.66,280.11,69.13,140.46,235.94,182.26,90.03,145.00,154.93,400.92,513.81,162.29,71.82,416.21,94.52,300.00,64.86,175.74,142.59,77.34,29.51,178.42,128.16,113.00,178.06,487.85,264.30,159.20,162.89,138.11,383.01,171.00,12.86,7.53,61.99,40.26,67.13,73.19,20.99,79.00,41.08,33.60,665.00,5.00,8.00,12.00,74.34,62.38,1105.00,7.00,8.00,15.00,30.22,24.57,535.00,7.00,9.00,13.00,66.84,56.69,1165.00,4.00,10.00,14.00,12.22,10.69,254.00,11.00,10.00,11.00,1,주먹 쥐기 (Fist)
21.31,25.62,-43.94,-86.81,-8.56,74.66,280.11,69.13,140.46,235.94,182.26,90.03,145.00,143.94,378.93,426.35,141.91,195.15,315.62,147.78,176.00,94.38,154.08,162.30,61.13,14.71,207.50,123.88,147.00,254.31,413.29,67.21,43.74,348.84,88.78,417.62,31.00,35.80,27.50,41.20,41.44,87.09,58.39,10.97,55.00,41.08,33.60,740.00,6.00,8.00,12.00,65.03,55.20,1189.00,8.00,9.00,15.00,32.13,26.44,626.00,8.00,10.00,14.00,65.33,55.44,1200.00,7.00,10.00,14.00,11.88,10.44,242.00,10.00,10.00,10.00,1,주먹 쥐기 (Fist)
-7.69,-27.69,5.06,37.19,17.25,118.81,245.18,27.75,122.58,214.92,199.63,99.87,193.00,258.79,295.00,295.94,37.05,199.58,351.64,43.27,315.00,78.39,169.85,147.16,45.88,13.65,212.56,118.83,163.00,254.31,413.29,67.21,43.74,348.84,88.78,417.62,31.00,17.73,14.60,58.42,59.67,86.99,66.11,23.00,36.00,39.99,31.98,756.00,9.00,9.00,12.00,59.81,51.06,1174.00,9.00,10.00,15.00,32.06,26.19,649.00,8.00,10.00,14.00,65.33,55.44,1291.00,8.00,10.00,14.00,12.69,11.41,264.00,10.00,9.00,11.00,1,주먹 쥐기 (Fist)
-47.88,4.31,-57.06,-77.00,16.38,195.67,168.25,93.20,198.58,166.88,234.25,122.55,116.00,290.77,264.75,298.76,5.39,167.58,363.15,63.97,283.00,153.89,115.95,169.65,103.37,70.77,193.64,94.72,241.00,411.30,259.45,190.40,114.28,226.34,219.69,389.84,188.00,13.44,24.23,60.51,64.40,99.52,52.58,17.82,50.00,41.38,33.75,769.00,8.00,9.00,12.00,59.16,49.06,1152.00,9.00,11.00,15.00,35.03,28.94,689.00,8.00,10.00,14.00,65.84,55.75,1268.00,10.00,10.00,14.00,13.35,12.25,245.00,9.00,8.00,10.00,1,주먹 쥐기 (Fist)
-10.38,74.31,19.25,124.25,17.12,202.93,162.40,98.31,199.74,174.83,226.36,115.84,124.00,203.99,354.16,207.14,98.13,157.71,453.82,158.64,187.00,132.00,112.52,187.34,117.20,81.44,174.50,89.70,268.00,237.42,403.16,161.14,240.71,69.56,358.45,367.96,392.00,44.60,59.90,38.85,35.61,77.13,86.00,34.05,14.00,41.46,34.25,798.00,8.00,9.00,13.00,62.06,52.56,1159.00,9.00,10.00,15.00,35.35,29.66,728.00,8.00,10.00,14.00,71.17,59.62,1401.00,8.00,10.00,14.00,13.39,12.14,240.00,9.00,8.00,10.00,1,주먹 쥐기 (Fist)
27.12,43.38,42.50,52.81,-14.62,177.93,167.98,121.31,239.29,190.05,195.02,77.06,164.00,164.34,437.45,150.30,169.26,32.47,334.23,45.90,330.00,126.74,104.30,198.54,127.03,88.89,186.49,95.37,256.00,220.10,417.43,215.92,271.12,37.25,351.71,384.00,337.00,40.64,57.41,42.84,38.83,79.71,87.96,36.65,10.00,41.96,35.14,806.00,8.00,8.00,13.00,58.56,49.05,1081.00,8.00,11.00,15.00,36.12,30.31,679.00,7.00,10.00,14.00,72.46,63.06,1398.00,7.00,10.00,14.00,13.63,12.42,250.00,9.00,9.00,10.00,1,주먹 쥐기 (Fist)
66.00,61.31,-10.62,14.00,1.06,175.11,149.26,168.99,251.11,225.15,203.89,126.95,114.00,204.45,440.74,211.87,141.89,97.46,346.59,72.04,265.00,130.61,70.43,202.69,111.95,57.81,162.95,70.80,290.00,254.52,385.38,260.23,206.69,129.15,297.05,327.11,430.00,31.72,59.93,48.79,33.84,69.37,91.34,34.36,21.00,45.02,37.88,779.00,5.00,8.00,13.00,60.66,52.60,1082.00,8.00,11.00,15.00,34.53,28.00,730.00,8.00,11.00,15.00,70.05,59.00,1370.00,7.00,9.00,14.00,13.31,11.82,262.00,10.00,9.00,11.00,1,주먹 쥐기 (Fist)
-10.81,-31.44,-17.44,-47.06,3.81,199.88,113.46,180.66,209.17,186.10,228.36,88.49,159.00,157.37,474.44,184.36,192.84,127.07,324.82,107.25,213.00,149.69,51.21,179.48,85.00,61.20,162.82,96.99,261.00,230.04,412.20,276.85,232.73,145.95,267.38,302.58,461.00,28.52,70.86,44.21,22.83,70.60,80.50,32.43,9.00,42.98,35.06,853.00,6.00,9.00,14.00,61.04,53.69,1057.00,8.00,11.00,15.00,32.86,26.19,662.00,7.00,10.00,14.00,70.94,61.18,1362.00,8.00,8.00,14.00,12.77,11.16,224.00,9.00,8.00,10.00,1,주먹 쥐기 (Fist)
-55.81,13.00,-57.81,19.81,42.38,199.88,113.46,180.66,209.17,186.10,228.36,88.49,159.00,277.94,353.55,136.63,244.57,138.01,220.32,199.20,92.00,74.36,91.52,262.39,94.05,61.58,125.37,186.98,171.00,340.43,304.26,167.50,307.07,134.01,173.98,196.36,575.00,67.65,27.99,115.00,63.25,40.51,25.23,66.43,62.00,42.98,35.06,770.00,5.00,8.00,14.00,55.36,47.75,966.00,8.00,11.00,15.00,35.43,28.19,685.00,7.00,9.00,14.00,67.48,55.64,1289.00,8.00,9.00,14.00,15.61,11.95,233.00,6.00,7.00,10.00,1,주먹 쥐기 (Fist)
-5.62,86.56,13.88,84.69,2.56,117.66,181.04,259.12,137.00,106.28,170.56,128.31,76.00,330.46,314.90,87.71,289.38,175.94,274.94,169.04,147.00,78.87,90.59,262.11,98.18,60.03,121.48,191.59,166.00,373.90,292.63,170.19,330.22,161.25,177.49,230.28,541.00,65.60,25.54,113.76,64.26,38.25,26.94,68.42,65.00,38.76,30.88,748.00,7.00,8.00,14.00,59.01,50.76,969.00,7.00,10.00,15.00,35.53,28.50,697.00,8.00,9.00,14.00,69.61,57.23,1356.00,8.00,9.00,15.00,15.56,11.74,262.00,5.00,8.00,10.00,1,주먹 쥐기 (Fist)
48.81,78.50,-7.06,-11.19,-2.62,157.97,172.79,257.55,165.10,83.40,182.33,149.90,35.00,439.03,348.12,73.18,246.27,86.71,218.25,218.39,18.00,3.98,78.56,191.94,86.33,22.54,41.54,255.41,85.00,320.00,267.95,106.61,379.68,218.85,151.31,293.49,475.00,66.67,28.51,111.71,61.47,35.55,29.92,69.49,68.00,40.67,33.46,797.00,6.00,8.00,15.00,61.42,51.50,895.00,6.00,10.00,14.00,30.82,24.69,674.00,11.00,10.00,14.00,68.43,55.54,1412.00,9.00,9.00,15.00,15.52,11.58,257.00,6.00,7.00,9.00,1,주먹 쥐기 (Fist)
8.31,-7.44,36.19,62.38,4.06,151.22,167.76,250.06,170.48,89.20,189.77,152.33,27.00,418.73,317.20,46.17,279.12,113.93,238.02,230.15,15.00,11.89,84.19,202.22,75.03,26.28,37.23,262.55,73.00,349.96,317.00,149.25,348.49,223.62,109.16,338.91,420.00,69.71,44.60,92.26,72.01,39.85,18.68,72.70,47.00,40.52,32.94,788.00,8.00,8.00,15.00,61.15,50.88,916.00,7.00,9.00,14.00,31.55,25.44,701.00,12.00,11.00,14.00,70.25,58.55,1376.00,10.00,9.00,15.00,15.02,10.94,241.00,6.00,7.00,8.00,1,주먹 쥐기 (Fist)
34.44,71.00,7.19,35.06,1.44,134.98,134.09,228.11,196.60,60.42,159.27,158.03,61.00,413.88,296.25,59.09,278.01,96.87,215.11,230.39,8.00,11.89,84.19,202.22,75.03,26.28,37.23,262.55,73.00,339.03,233.90,187.08,274.42,157.37,19.16,399.12,329.00,70.54,43.47,92.24,67.36,36.25,22.81,76.66,41.00,37.78,30.81,770.00,8.00,9.00,15.00,59.20,49.62,926.00,8.00,10.00,14.00,31.55,25.44,710.00,11.00,11.00,14.00,63.65,53.57,1253.00,9.00,10.00,15.00,14.91,10.56,238.00,6.00,8.00,8.00,1,주먹 쥐기 (Fist)
11.44,27.00,16.25,41.31,-7.94,135.97,121.52,236.62,187.52,57.68,164.45,148.64,45.00,413.88,296.25,59.09,278.01,96.87,215.11,230.39,8.00,42.03,111.77,172.44,104.55,8.31,67.82,260.40,42.00,316.89,265.95,115.70,329.07,85.51,59.11,435.64,253.00,76.43,50.24,83.22,74.28,46.12,12.87,67.69,51.00,37.28,29.81,717.00,7.00,9.00,15.00,59.20,49.62,866.00,7.00,10.00,14.00,31.66,25.53,706.00,10.00,11.00,14.00,64.07,53.39,1244.00,9.00,11.00,15.00,15.05,10.93,228.00,6.00,7.00,8.00,1,주먹 쥐기 (Fist)
37.62,51.44,10.56,77.50,14.88,121.32,158.68,146.57,270.56,43.83,153.34,88.53,48.00,354.99,268.07,148.26,309.05,40.24,265.84,156.87,129.00,51.88,116.29,165.58,102.26,4.10,59.55,264.90,53.00,267.74,273.04,187.41,263.66,160.30,100.53,432.26,394.00,48.55,15.31,112.18,56.32,64.38,29.08,33.01,86.00,36.34,29.00,696.00,5.00,9.00,15.00,57.32,47.31,879.00,5.00,10.00,14.00,31.77,26.13,681.00,9.00,11.00,13.00,65.62,52.19,1249.00,7.00,10.00,15.00,14.82,10.91,236.00,7.00,7.00,8.00,1,주먹 쥐기 (Fist)
12.62,108.81,-21.06,76.50,13.75,119.58,158.15,146.32,265.00,47.90,162.97,100.02,32.00,280.61,196.85,310.23,163.37,172.11,346.63,305.17,57.00,59.25,113.56,170.87,92.40,6.62,60.44,257.59,43.00,241.53,252.39,366.95,91.97,270.00,108.37,373.48,202.00,33.28,14.70,111.65,73.76,72.92,14.70,50.79,68.00,36.48,29.58,653.00,5.00,9.00,15.00,61.55,49.29,879.00,5.00,9.00,14.00,31.26,25.43,630.00,9.00,10.00,13.00,63.10,48.62,1157.00,5.00,9.00,15.00,15.22,11.78,217.00,7.00,6.00,7.00,1,주먹 쥐기 (Fist)
-7.56,38.50,-39.06,-33.12,0.19,109.69,121.59,210.46,202.68,19.18,96.53,42.05,99.00,251.29,154.39,376.39,110.94,172.94,150.91,108.59,140.00,85.53,201.72,78.67,121.17,100.29,78.71,171.64,53.00,245.49,263.90,364.56,77.42,288.95,128.95,364.12,180.00,11.88,39.56,89.72,82.86,48.78,26.77,31.63,93.00,31.69,24.87,578.00,5.00,8.00,15.00,49.63,41.62,806.00,9.00,9.00,14.00,30.10,25.06,563.00,8.00,9.00,13.00,63.60,50.00,1155.00,6.00,9.00,15.00,13.99,10.44,225.00,7.00,6.00,8.00,1,주먹 쥐기 (Fist)
-35.12,-104.38,-2.19,-124.12,-8.62,133.93,173.18,183.21,186.43,65.93,60.67,25.09,154.00,276.18,199.98,426.51,62.80,253.61,96.14,37.64,222.00,53.43,172.39,84.84,148.41,116.17,88.98,138.33,87.00,245.49,263.90,364.56,77.42,288.95,128.95,364.12,180.00,7.02,50.06,79.45,71.85,51.35,27.17,37.11,80.00,32.69,26.25,577.00,4.00,8.00,15.00,56.02,46.75,892.00,10.00,8.00,14.00,28.80,22.94,552.00,7.00,9.00,13.00,63.60,50.00,1122.00,6.00,8.00,15.00,13.10,9.78,206.00,5.00,6.00,7.00,1,주먹 쥐기 (Fist)
-60.88,-139.69,29.75,-134.19,-29.31,180.78,220.39,223.05,135.37,78.49,63.45,49.14,102.00,322.74,258.98,482.47,121.41,246.08,94.61,77.16,163.00,36.44,169.72,73.70,158.22,125.99,95.24,155.12,70.00,374.43,391.10,482.36,198.28,156.05,158.48,236.79,37.00,37.36,54.87,76.53,97.80,33.81,62.12,57.56,43.00,36.13,29.50,561.00,4.00,7.00,15.00,62.97,51.27,901.00,6.00,8.00,14.00,29.59,24.00,518.00,7.00,8.00,13.00,72.42,60.04,1017.00,6.00,7.00,15.00,15.07,10.98,229.00,7.00,6.00,8.00,1,주먹 쥐기 (Fist)
10.81,-69.44,77.00,74.19,-23.25,111.78,203.32,168.57,137.64,146.80,78.47,117.98,33.00,342.33,273.62,484.69,124.66,227.82,105.60,66.35,183.00,106.34,279.58,70.55,98.15,39.55,58.23,80.28,210.00,172.73,363.08,544.80,233.81,123.33,244.91,56.31,165.00,69.99,86.91,51.49,82.22,65.83,38.66,50.95,76.00,33.47,26.54,600.00,5.00,8.00,15.00,64.15,52.83,894.00,5.00,8.00,14.00,32.78,25.12,496.00,8.00,8.00,13.00,68.76,55.59,1024.00,6.00,7.00,15.00,16.10,11.75,230.00,7.00,6.00,8.00,1,주먹 쥐기 (Fist)
64.12,-25.00,-10.31,-58.19,-6.00,46.06,270.87,219.58,56.59,149.00,125.70,44.95,124.00,396.43,282.39,437.94,72.50,270.94,51.45,88.52,128.00,80.72,253.85,58.54,124.90,66.46,69.71,95.81,237.00,317.67,258.03,391.96,143.10,274.33,300.20,112.90,319.00,88.06,104.09,32.73,63.56,57.63,38.66,44.86,56.00,36.94,28.88,619.00,8.00,8.00,15.00,64.11,53.38,913.00,5.00,7.00,14.00,32.66,24.73,561.00,9.00,8.00,13.00,66.77,55.16,1098.00,7.00,8.00,15.00,15.84,11.25,214.00,6.00,5.00,8.00,1,주먹 쥐기 (Fist)
-16.88,-22.94,-11.81,-43.44,-10.50,52.28,239.41,190.32,81.99,180.96,157.53,53.45,156.00,424.74,267.28,410.95,66.07,279.72,81.63,83.77,161.00,55.82,234.29,108.44,142.89,71.70,96.19,51.26,181.00,381.23,184.97,380.54,217.67,265.08,321.45,72.39,243.00,82.59,102.02,33.26,60.73,64.13,35.34,41.66,48.00,37.04,28.98,660.00,9.00,8.00,15.00,64.35,54.44,891.00,5.00,6.00,13.00,31.07,22.66,515.00,6.00,8.00,12.00,67.32,56.44,1075.00,6.00,9.00,15.00,15.38,10.81,203.00,6.00,6.00,7.00,1,주먹 쥐기 (Fist)
-19.75,-39.19,-30.25,-68.88,-3.50,102.31,205.39,211.50,81.99,163.83,122.55,48.60,74.00,475.09,198.12,435.53,142.03,203.95,83.26,85.73,85.00,68.55,248.05,126.46,121.83,46.92,71.20,73.83,206.00,429.62,123.59,447.53,240.15,198.89,255.32,90.06,316.00,82.59,102.02,33.26,60.73,64.13,35.34,41.66,48.00,34.35,26.75,594.00,4.00,8.00,14.00,64.61,54.59,816.00,4.00,5.00,13.00,31.99,24.03,530.00,6.00,8.00,13.00,69.63,61.00,1042.00,6.00,9.00,15.00,15.38,10.81,208.00,6.00,7.00,7.00,1,주먹 쥐기 (Fist)
-60.50,-59.19,-29.00,-29.81,21.00,139.92,236.11,263.42,45.19,116.67,100.97,51.22,126.00,475.09,198.12,435.53,142.03,203.95,83.26,85.73,85.00,86.80,267.81,122.02,111.36,54.98,86.68,53.84,186.00,418.60,129.48,426.58,268.26,175.67,225.80,103.04,347.00,87.55,125.53,19.07,71.61,63.84,14.78,22.80,24.00,37.62,30.00,593.00,4.00,7.00,14.00,64.61,54.59,784.00,4.00,5.00,13.00,32.75,25.12,484.00,6.00,7.00,12.00,68.39,59.06,1009.00,5.00,10.00,15.00,16.30,12.12,191.00,4.00,6.00,7.00,1,주먹 쥐기 (Fist)
-79.75,-26.88,-55.00,-84.31,8.12,156.48,264.06,274.11,23.02,139.88,125.30,31.94,98.00,475.56,188.93,443.60,121.04,217.99,102.20,82.06,64.00,86.80,267.81,122.02,111.36,54.98,86.68,53.84,186.00,424.87,199.74,391.39,246.02,235.56,202.90,159.05,451.00,69.42,99.44,20.79,48.37,39.70,38.27,18.90,10.00,40.60,31.91,569.00,4.00,7.00,14.00,64.95,55.73,738.00,3.00,6.00,13.00,32.75,25.12,438.00,5.00,6.00,12.00,71.69,63.10,1003.00,5.00,10.00,15.00,12.79,10.00,166.00,6.00,7.00,7.00,1,주먹 쥐기 (Fist)
-28.31,-20.75,28.25,65.12,-7.25,165.05,281.61,259.18,43.97,144.94,103.78,51.68,121.00,451.62,243.12,382.58,157.61,131.86,111.86,152.43,162.00,75.97,266.30,129.55,106.40,66.79,94.06,62.62,198.00,420.69,222.44,368.74,269.02,214.73,186.93,149.67,428.00,62.96,100.08,21.87,57.27,49.63,29.27,16.71,0.00,41.21,33.52,562.00,3.00,7.00,14.00,62.53,51.44,738.00,3.00,6.00,13.00,33.26,25.97,496.00,5.00,6.00,12.00,70.15,61.48,1051.00,5.00,10.00,15.00,12.91,10.28,177.00,6.00,6.00,8.00,1,주먹 쥐기 (Fist)
76.06,25.69,31.50,-11.88,-12.56,165.68,279.96,284.25,43.97,170.84,96.98,77.68,147.00,426.19,298.11,328.65,202.92,129.16,59.51,98.00,107.00,58.27,296.01,116.73,148.22,71.07,50.27,56.85,154.00,420.69,222.44,368.74,269.02,214.73,186.93,149.67,428.00,53.78,108.90,15.54,62.68,47.67,33.85,15.41,11.00,43.66,34.95,627.00,4.00,6.00,14.00,59.64,47.14,693.00,3.00,5.00,13.00,34.15,27.50,458.00,4.00,5.00,11.00,70.15,61.48,1051.00,5.00,10.00,15.00,13.30,10.88,175.00,5.00,5.00,8.00,1,주먹 쥐기 (Fist)
47.50,54.56,14.62,75.44,-3.88,188.64,309.86,292.71,84.01,156.54,79.27,42.44,106.00,476.45,254.86,346.58,242.62,81.01,23.04,36.27,41.00,55.55,278.01,134.15,144.53,89.06,37.56,69.18,136.00,429.63,224.38,362.60,280.02,204.34,195.31,145.38,439.00,43.20,119.75,4.59,53.91,38.12,37.64,20.28,0.00,45.29,37.38,629.00,4.00,6.00,14.00,61.25,50.87,649.00,2.00,4.00,13.00,33.38,26.38,447.00,4.00,5.00,11.00,70.83,62.26,1106.00,6.00,10.00,15.00,13.23,10.59,180.00,5.00,6.00,8.00,1,주먹 쥐기 (Fist)
53.94,-16.00,65.50,105.50,-0.56,211.03,334.79,273.54,83.86,137.11,101.31,57.54,131.00,393.18,255.43,413.96,189.24,15.96,109.07,73.99,46.00,100.99,327.50,109.18,79.81,128.79,80.95,133.41,70.00,506.99,293.55,285.36,291.76,263.94,203.34,207.79,360.00,38.22,122.74,4.67,50.80,42.37,32.88,15.95,5.00,46.72,38.94,613.00,4.00,6.00,13.00,59.01,46.75,681.00,3.00,4.00,13.00,37.41,30.50,491.00,4.00,5.00,11.00,75.45,67.81,1130.00,6.00,10.00,15.00,13.19,10.27,173.00,4.00,5.00,7.00,1,주먹 쥐기 (Fist)
43.38,100.12,-32.62,-43.12,-5.56,252.00,362.94,237.33,43.68,175.05,64.47,54.47,90.00,471.03,306.72,350.47,125.87,93.92,175.50,151.97,124.00,55.83,324.67,72.67,102.07,122.99,125.55,178.53,24.00,423.16,214.82,310.42,375.07,259.27,282.22,293.19,274.00,38.22,122.74,4.67,50.80,42.37,32.88,15.95,5.00,48.03,41.50,589.00,4.00,6.00,12.00,64.04,52.84,769.00,4.00,5.00,13.00,38.25,31.70,587.00,5.00,6.00,12.00,75.65,67.16,1239.00,7.00,11.00,15.00,13.19,10.27,153.00,3.00,6.00,6.00,1,주먹 쥐기 (Fist)
4.38,-6.75,2.75,35.38,28.81,222.30,363.93,235.19,60.83,179.55,65.82,78.92,58.00,412.59,240.76,337.64,178.73,133.30,208.36,214.72,190.00,49.89,328.98,67.07,97.62,128.42,122.32,173.48,30.00,379.70,205.54,275.46,391.15,309.50,232.82,240.13,330.00,45.25,130.80,10.16,45.62,52.09,37.40,25.84,5.00,47.22,39.50,606.00,4.00,6.00,12.00,62.47,48.53,811.00,5.00,5.00,13.00,38.20,31.28,591.00,5.00,7.00,12.00,72.75,62.78,1303.00,8.00,11.00,15.00,14.29,11.13,188.00,4.00,7.00,7.00,1,주먹 쥐기 (Fist)
-45.75,1.69,17.12,29.25,-6.50,184.59,412.91,179.50,48.33,232.74,31.62,20.48,120.00,346.78,179.36,211.96,161.68,217.59,261.54,135.63,55.00,88.56,286.99,79.55,130.08,161.76,138.40,153.80,72.00,352.79,265.02,199.71,319.36,258.71,262.60,301.76,252.00,40.89,104.31,20.41,24.41,71.00,41.70,51.13,32.00,48.57,41.38,644.00,5.00,6.00,12.00,52.97,37.56,753.00,6.00,5.00,12.00,38.02,31.12,584.00,5.00,6.00,12.00,68.20,56.69,1203.00,7.00,12.00,15.00,13.54,9.81,213.00,7.00,8.00,7.00,1,주먹 쥐기 (Fist)
53.69,121.81,-35.75,58.12,43.19,200.32,356.90,227.45,102.96,278.42,45.32,37.86,177.00,347.68,156.80,248.87,206.20,257.77,307.22,148.79,9.00,99.77,277.52,72.44,123.00,164.81,124.87,154.13,58.00,349.58,200.49,217.06,352.93,299.93,254.32,343.47,186.00,38.08,128.02,28.03,58.69,71.29,47.17,83.75,69.00,50.51,44.94,716.00,5.00,7.00,12.00,58.16,41.03,728.00,5.00,5.00,12.00,37.03,30.34,597.00,6.00,7.00,12.00,69.82,60.86,1145.00,7.00,13.00,15.00,17.40,13.09,257.00,5.00,9.00,8.00,1,주먹 쥐기 (Fist)
-41.81,66.56,-20.12,27.69,11.31,200.27,361.38,228.44,101.71,277.06,47.55,44.87,185.00,334.21,60.67,264.55,279.35,306.13,213.15,106.75,157.00,94.67,277.09,82.43,131.95,174.73,116.25,151.24,48.00,329.10,174.64,157.75,255.00,180.87,362.42,320.63,321.00,40.92,129.16,40.36,57.00,82.77,52.11,74.31,55.00,50.88,45.44,783.00,6.00,7.00,12.00,57.71,44.73,735.00,5.00,5.00,12.00,37.29,30.89,579.00,5.00,8.00,12.00,65.38,56.94,1148.00,7.00,13.00,15.00,17.64,14.07,265.00,5.00,9.00,8.00,1,주먹 쥐기 (Fist)
0.94,13.62,34.12,7.75,-21.94,184.35,379.62,163.45,35.11,211.55,65.14,103.29,253.00,327.44,112.08,192.17,202.48,167.46,213.11,181.14,14.00,96.59,285.91,79.22,137.56,180.95,114.08,144.26,36.00,311.48,303.43,47.05,164.71,200.60,227.51,291.88,178.00,41.05,126.78,40.52,53.00,79.55,48.30,75.51,59.00,48.23,41.30,754.00,6.00,8.00,12.00,48.74,40.84,710.00,5.00,5.00,12.00,37.86,31.73,578.00,6.00,7.00,12.00,56.70,48.97,938.00,6.00,12.00,15.00,17.30,13.91,294.00,6.00,9.00,9.00,1,주먹 쥐기 (Fist)
47.38,-21.94,42.50,64.19,-8.81,170.45,417.30,138.87,43.93,240.15,75.00,77.53,212.00,320.95,132.54,151.84,163.62,174.67,233.66,141.62,55.00,109.63,247.97,52.15,106.40,162.42,140.49,114.65,2.00,318.81,282.92,69.65,143.60,187.21,220.57,284.62,155.00,39.09,112.98,28.84,54.82,77.20,61.13,77.64,45.00,49.70,43.95,744.00,6.00,7.00,12.00,46.53,38.92,702.00,6.00,5.00,12.00,33.87,29.25,495.00,5.00,7.00,11.00,54.76,47.71,851.00,5.00,12.00,15.00,16.50,13.37,292.00,6.00,9.00,9.00,1,주먹 쥐기 (Fist)
32.56,9.00,-36.62,-64.19,0.69,193.09,385.30,120.98,29.07,230.75,109.17,81.98,177.00,306.83,132.61,136.05,178.02,201.28,201.30,174.51,22.00,134.60,229.23,23.14,127.91,192.42,110.63,142.92,28.00,325.72,280.16,75.32,139.65,197.06,215.70,290.98,165.00,37.06,106.50,22.01,62.59,84.85,58.31,73.18,53.00,47.50,41.63,678.00,5.00,8.00,12.00,46.24,38.50,735.00,7.00,6.00,13.00,35.09,31.12,571.00,6.00,8.00,12.00,55.44,48.41,970.00,6.00,12.00,15.00,16.41,13.14,298.00,7.00,8.00,10.00,1,주먹 쥐기 (Fist)
-44.50,-43.69,-11.62,-53.56,-2.88,221.93,375.79,89.99,60.03,261.24,85.51,65.32,208.00,322.04,146.41,122.15,160.33,218.99,184.01,193.52,1.00,134.60,229.23,23.14,127.91,192.42,110.63,142.92,28.00,334.94,285.28,70.90,149.00,195.10,225.28,282.13,155.00,33.28,105.64,25.72,61.20,79.52,54.67,80.62,44.00,48.70,43.81,749.00,6.00,8.00,13.00,47.19,39.65,768.00,8.00,7.00,13.00,35.09,31.12,576.00,6.00,9.00,12.00,55.99,49.12,950.00,6.00,12.00,15.00,16.17,12.72,294.00,8.00,9.00,10.00,1,주먹 쥐기 (Fist)
-49.62,-43.69,-26.94,-54.81,-4.88,251.90,391.38,84.21,66.21,246.54,89.84,88.86,178.00,322.04,146.41,122.15,160.33,218.99,184.01,193.52,1.00,129.78,225.20,18.63,131.82,196.03,110.20,138.51,23.00,314.94,265.86,90.90,143.39,212.26,243.01,262.23,135.00,33.28,105.64,25.72,61.20,79.52,54.67,80.62,44.00,50.05,45.92,712.00,6.00,8.00,12.00,47.19,39.65,748.00,8.00,6.00,12.00,34.83,30.81,591.00,6.00,10.00,13.00,54.53,47.71,909.00,6.00,11.00,14.00,16.17,12.72,270.00,7.00,8.00,9.00,1,주먹 쥐기 (Fist)
-22.38,-73.06,0.88,-91.00,-7.94,212.73,348.43,47.36,107.70,277.48,80.06,132.47,134.00,332.03,153.73,121.31,168.66,209.30,190.11,197.36,9.00,104.52,190.65,23.60,155.79,164.78,138.42,162.82,58.00,372.02,319.84,88.14,84.86,263.01,268.72,204.44,74.00,62.50,74.70,36.24,66.31,49.49,84.51,50.82,75.00,47.63,42.83,721.00,6.00,8.00,12.00,48.09,40.20,747.00,8.00,6.00,12.00,33.84,28.73,595.00,7.00,10.00,13.00,58.74,52.00,888.00,6.00,10.00,14.00,15.36,11.29,260.00,7.00,8.00,8.00,1,주먹 쥐기 (Fist)
-61.12,-51.75,-31.06,-81.62,-8.81,196.81,324.95,23.77,118.12,252.50,101.18,105.88,162.00,351.15,156.37,140.63,158.32,222.60,169.24,197.96,12.00,99.74,174.74,51.71,137.06,163.98,108.49,151.75,27.00,364.58,316.57,78.19,89.01,261.93,266.48,197.33,64.00,80.35,62.17,53.24,50.25,53.89,76.38,65.19,57.00,44.82,40.89,708.00,6.00,9.00,12.00,49.22,41.34,767.00,8.00,7.00,13.00,31.12,26.82,541.00,5.00,11.00,13.00,57.81,51.30,750.00,5.00,10.00,14.00,15.38,10.87,246.00,5.00,8.00,7.00,1,주먹 쥐기 (Fist)
-32.56,-78.56,0.38,-5.50,-4.94,195.85,323.72,27.50,112.00,251.89,94.29,111.10,155.00,388.22,134.71,179.76,114.81,249.25,211.76,180.47,39.00,93.45,168.90,54.25,157.00,143.75,99.79,156.21,4.00,397.04,292.81,123.86,150.69,199.91,214.22,183.38,2.00,78.61,61.97,53.04,51.31,52.52,77.21,66.37,55.00,44.47,40.51,631.00,5.00,9.00,12.00,52.64,44.13,754.00,7.00,8.00,13.00,30.60,25.30,565.00,8.00,11.00,14.00,55.97,48.38,745.00,4.00,9.00,14.00,15.34,10.79,244.00,5.00,7.00,7.00,1,주먹 쥐기 (Fist)
-11.38,-53.94,-25.94,-83.06,-2.62,190.98,283.63,57.09,169.50,175.06,82.73,166.12,72.00,426.69,79.04,179.80,170.34,178.42,204.80,231.10,35.00,80.13,124.47,113.19,139.70,194.16,88.15,128.72,63.00,416.70,233.89,130.13,183.22,255.45,285.18,172.22,69.00,72.40,54.05,63.03,42.52,62.98,66.95,64.52,66.00,41.14,37.25,621.00,5.00,8.00,12.00,54.30,45.67,741.00,7.00,8.00,13.00,30.40,25.31,577.00,9.00,11.00,14.00,59.78,52.81,739.00,3.00,10.00,14.00,14.98,10.44,239.00,6.00,7.00,7.00,1,주먹 쥐기 (Fist)
-43.44,-56.62,-18.69,-63.75,-2.81,192.55,199.88,133.19,139.01,254.82,39.35,142.85,167.00,467.44,42.71,106.32,252.98,217.63,137.79,124.25,82.00,78.64,88.62,132.16,103.95,199.89,113.85,154.00,27.00,438.41,87.49,104.99,112.07,318.84,212.68,263.45,80.00,72.03,51.05,65.19,40.61,62.73,69.74,63.67,63.00,40.98,36.74,651.00,5.00,8.00,13.00,54.54,43.61,675.00,6.00,8.00,13.00,30.53,25.40,527.00,9.00,11.00,13.00,58.83,52.50,714.00,5.00,10.00,14.00,14.93,10.34,236.00,6.00,6.00,7.00,1,주먹 쥐기 (Fist)
-50.12,-54.06,-27.06,-33.50,4.69,212.33,87.88,178.43,22.09,287.80,132.79,138.72,50.00,472.63,69.81,65.61,232.11,242.13,174.98,164.70,41.00,118.48,66.66,123.32,158.14,96.17,16.06,62.33,133.00,456.37,146.13,132.73,52.15,166.80,186.58,113.99,84.00,74.71,45.42,62.83,47.17,55.65,66.92,68.84,71.00,40.13,35.02,657.00,7.00,8.00,14.00,56.16,45.21,554.00,5.00,7.00,12.00,25.15,21.33,441.00,8.00,11.00,13.00,50.71,46.44,580.00,4.00,9.00,14.00,14.96,10.68,239.00,7.00,5.00,7.00,1,주먹 쥐기 (Fist)
-23.62,-99.25,37.94,-42.25,-24.25,234.61,101.66,161.01,92.65,200.38,69.38,164.02,138.00,475.47,243.82,195.26,103.82,76.17,91.15,73.67,262.00,106.10,13.21,175.86,126.18,73.98,70.99,29.45,197.00,454.77,165.69,128.25,54.41,165.06,197.17,133.38,64.00,63.84,47.45,79.67,40.79,43.53,76.29,84.58,88.00,37.63,31.78,637.00,7.00,9.00,14.00,55.08,42.66,502.00,1.00,7.00,12.00,26.38,23.07,475.00,8.00,12.00,13.00,51.51,47.53,515.00,3.00,9.00,14.00,16.08,11.34,234.00,7.00,5.00,7.00,1,주먹 쥐기 (Fist)
86.19,41.69,24.88,32.12,-10.69,240.73,37.33,223.10,100.62,194.58,112.02,222.13,205.00,481.34,229.82,176.26,71.20,106.18,124.09,106.25,295.00,115.08,10.72,189.34,142.44,58.37,57.42,35.48,180.00,445.64,178.82,107.02,34.00,185.77,175.58,111.73,86.00,37.24,46.02,106.02,81.39,42.69,35.78,43.66,47.00,43.30,37.02,697.00,7.00,8.00,14.00,56.05,44.98,645.00,2.00,8.00,13.00,27.05,24.27,470.00,8.00,12.00,13.00,50.37,45.98,577.00,4.00,9.00,14.00,14.65,9.56,208.00,6.00,5.00,7.00,1,주먹 쥐기 (Fist)
45.81,-0.69,76.44,161.25,-0.12,299.23,51.76,287.03,181.66,115.62,30.70,136.29,119.00,475.72,226.01,170.49,70.06,113.24,131.67,115.94,305.00,164.35,54.92,184.50,166.15,106.17,81.64,31.88,235.00,543.07,228.35,210.63,145.13,284.84,98.26,70.35,212.00,42.23,48.94,108.43,81.01,38.55,30.08,37.60,40.00,43.98,38.98,629.00,4.00,8.00,14.00,56.01,44.36,565.00,3.00,8.00,13.00,32.86,28.13,473.00,7.00,12.00,13.00,64.39,54.84,681.00,4.00,8.00,14.00,14.55,9.17,167.00,4.00,4.00,7.00,1,주먹 쥐기 (Fist)
62.81,47.94,40.69,16.69,-18.88,299.23,51.76,287.03,181.66,115.62,30.70,136.29,119.00,404.04,148.13,84.19,20.22,167.76,151.90,68.42,215.00,240.34,115.92,120.82,112.06,129.13,111.16,66.10,159.00,489.50,173.78,218.34,165.50,283.48,136.06,118.11,267.00,31.07,25.26,40.44,13.04,30.69,71.48,55.73,28.00,43.98,38.98,550.00,3.00,8.00,14.00,46.07,37.95,562.00,2.00,9.00,13.00,33.59,29.14,489.00,3.00,13.00,13.00,62.08,50.98,807.00,4.00,9.00,14.00,10.06,7.89,159.00,7.00,5.00,7.00,1,주먹 쥐기 (Fist)
25.88,10.38,-42.81,-30.00,23.75,362.09,89.96,225.05,121.63,144.68,85.13,97.45,56.00,322.67,62.72,122.31,92.20,100.13,71.17,91.06,302.00,218.45,109.30,142.84,132.83,152.67,135.15,90.09,135.00,405.68,117.36,302.85,242.39,361.47,52.98,33.11,182.00,27.44,24.77,43.24,14.76,34.46,77.14,61.63,34.00,43.65,39.27,536.00,2.00,9.00,14.00,39.58,31.83,561.00,2.00,10.00,13.00,34.97,30.56,519.00,7.00,13.00,13.00,61.23,48.75,848.00,5.00,8.00,14.00,10.81,8.22,169.00,7.00,5.00,7.00,1,주먹 쥐기 (Fist)
-67.00,2.75,-34.12,-34.75,7.25,290.62,109.70,279.48,118.90,224.45,162.06,125.05,26.00,268.67,60.54,173.04,96.21,86.59,124.45,86.39,248.00,177.23,164.20,162.56,118.83,155.23,95.38,33.41,210.00,338.35,163.62,349.89,227.00,310.21,116.90,115.13,266.00,33.21,45.40,34.98,13.04,49.51,69.91,38.55,10.00,46.88,41.88,585.00,3.00,8.00,14.00,37.11,28.72,539.00,2.00,9.00,13.00,34.83,30.14,517.00,7.00,13.00,13.00,60.84,46.53,803.00,5.00,7.00,14.00,10.24,7.53,170.00,7.00,6.00,7.00,1,주먹 쥐기 (Fist)
-39.12,-24.06,-24.38,-26.06,6.62,245.87,219.08,264.42,37.12,228.87,142.21,59.95,84.00,222.03,109.66,185.26,51.74,134.58,101.43,70.40,299.00,191.37,239.08,129.09,44.27,80.18,86.48,79.44,134.00,302.51,302.58,311.10,88.01,255.12,146.43,67.85,127.00,42.03,54.73,25.82,11.40,40.98,64.44,46.39,20.00,45.02,38.91,589.00,5.00,9.00,14.00,37.12,28.94,536.00,3.00,8.00,13.00,33.26,27.84,441.00,6.00,12.00,12.00,54.97,37.84,674.00,4.00,6.00,13.00,10.36,7.66,160.00,6.00,5.00,6.00,1,주먹 쥐기 (Fist)
-12.69,-46.94,46.56,32.69,-12.12,267.25,276.82,203.26,34.13,158.48,92.14,108.90,13.00,170.30,214.16,130.48,89.00,110.15,107.52,154.60,185.00,146.22,201.24,209.21,103.87,74.20,88.17,147.02,53.00,288.88,269.07,360.84,101.71,204.77,198.37,114.98,75.00,22.06,49.39,43.13,31.14,49.30,45.48,59.72,40.00,42.95,35.23,532.00,6.00,9.00,14.00,35.85,28.06,512.00,5.00,8.00,13.00,34.54,29.87,492.00,7.00,11.00,12.00,55.46,40.30,726.00,5.00,6.00,13.00,10.69,8.23,177.00,7.00,5.00,7.00,1,주먹 쥐기 (Fist)
53.38,32.75,-36.62,-74.94,-1.69,215.76,268.95,273.35,83.26,135.15,24.90,187.44,66.00,167.32,204.95,150.92,82.00,131.04,106.13,175.58,164.00,167.66,189.87,196.73,118.60,103.11,84.73,168.51,24.00,332.03,267.23,322.26,166.03,170.07,254.35,184.89,5.00,15.56,54.19,43.69,32.57,42.52,52.01,56.89,33.00,44.79,38.53,596.00,5.00,8.00,15.00,36.68,29.38,593.00,6.00,9.00,14.00,35.73,31.45,562.00,8.00,11.00,12.00,58.69,43.04,838.00,6.00,7.00,14.00,10.62,8.10,185.00,7.00,6.00,8.00,1,주먹 쥐기 (Fist)
-26.06,-25.75,5.50,34.44,5.19,210.02,274.16,273.34,86.35,128.79,31.55,180.78,59.00,188.93,193.83,132.28,43.86,153.80,84.01,213.56,124.00,139.13,217.25,176.48,96.26,116.19,68.33,184.82,6.00,294.33,295.46,297.56,158.26,203.06,267.06,223.71,37.00,16.95,52.19,45.41,34.48,42.31,52.89,57.00,31.00,44.50,38.20,645.00,6.00,8.00,15.00,37.15,30.09,624.00,6.00,9.00,14.00,35.28,30.50,576.00,8.00,11.00,12.00,59.35,45.70,910.00,7.00,7.00,14.00,10.67,8.21,187.00,7.00,6.00,8.00,1,주먹 쥐기 (Fist)
-17.12,-71.06,15.81,-84.12,-9.31,224.66,259.19,287.19,99.81,118.09,45.26,169.74,44.00,242.02,148.98,180.07,57.28,187.65,140.42,171.81,183.00,128.15,227.45,165.96,104.64,122.80,78.64,182.39,5.00,333.18,256.47,336.00,119.34,236.69,254.33,253.71,76.00,15.55,58.02,39.33,33.06,49.58,51.02,60.97,23.00,44.71,38.91,616.00,6.00,8.00,14.00,41.24,33.32,653.00,5.00,8.00,14.00,35.49,31.19,557.00,7.00,10.00,12.00,61.99,47.53,1021.00,8.00,8.00,14.00,10.93,8.77,200.00,8.00,7.00,9.00,1,주먹 쥐기 (Fist)
-18.50,17.31,-34.56,-53.88,-3.31,203.06,274.18,272.25,92.96,128.77,58.17,162.33,22.00,232.02,158.97,172.25,50.80,197.06,149.00,169.34,193.00,137.25,223.65,167.12,98.74,132.42,87.73,184.63,15.00,352.28,242.84,341.18,119.51,239.42,271.83,244.11,56.00,15.55,58.02,39.33,33.06,49.58,51.02,60.97,23.00,43.81,37.88,587.00,6.00,8.00,13.00,41.43,34.02,712.00,5.00,8.00,14.00,36.01,31.81,578.00,7.00,10.00,12.00,62.88,48.47,978.00,7.00,8.00,14.00,10.93,8.77,202.00,7.00,8.00,9.00,1,주먹 쥐기 (Fist)
-18.06,-3.94,-18.00,18.44,5.38,208.90,274.31,269.21,86.12,135.65,58.63,163.27,15.00,213.66,174.20,179.13,67.98,196.95,145.09,167.10,173.00,155.63,234.89,146.23,120.31,131.62,81.83,170.77,10.00,368.79,245.11,325.16,140.43,218.95,251.82,246.52,77.00,12.20,61.39,34.33,33.14,51.68,55.96,56.09,28.00,43.96,38.20,571.00,5.00,7.00,12.00,41.03,32.93,712.00,6.00,8.00,14.00,36.28,32.50,563.00,6.00,10.00,12.00,62.29,46.83,967.00,7.00,7.00,14.00,11.02,9.05,208.00,8.00,8.00,9.00,1,주먹 쥐기 (Fist)
-10.06,-68.62,10.75,-33.19,-1.31,218.38,286.18,253.23,84.05,133.21,69.60,155.54,31.00,265.62,179.68,110.14,72.40,262.88,194.98,150.80,104.00,142.30,200.44,177.90,108.67,166.09,108.43,143.77,46.00,363.84,237.13,334.18,141.57,213.23,247.52,244.39,87.00,16.60,56.39,36.61,28.16,56.66,59.08,51.16,33.00,44.02,38.21,540.00,4.00,7.00,11.00,44.68,36.75,771.00,6.00,8.00,14.00,35.90,31.88,589.00,7.00,9.00,13.00,61.91,46.36,1008.00,8.00,8.00,14.00,10.99,8.94,215.00,9.00,9.00,9.00,1,주먹 쥐기 (Fist)
-25.50,-9.62,-29.62,-61.31,-2.88,216.61,279.20,255.68,77.06,139.44,76.59,150.34,38.00,265.62,179.68,110.14,72.40,262.88,194.98,150.80,104.00,141.36,209.42,178.70,98.84,172.35,118.31,134.66,56.00,368.43,266.92,336.96,111.99,231.23,259.56,229.11,117.00,23.59,51.57,32.89,29.73,54.90,60.04,57.16,26.00,43.73,37.94,541.00,4.00,7.00,11.00,44.68,36.75,830.00,6.00,9.00,15.00,36.33,32.50,615.00,8.00,9.00,13.00,63.32,47.77,1018.00,8.00,7.00,14.00,10.97,8.86,209.00,9.00,8.00,9.00,1,주먹 쥐기 (Fist)
-39.94,-9.62,-38.38,7.44,23.38,217.79,274.67,250.67,77.10,134.23,72.09,156.92,31.00,265.62,179.68,110.14,72.40,262.88,194.98,150.80,104.00,139.67,210.79,182.54,98.15,174.23,115.98,138.65,52.00,372.89,254.92,317.65,110.00,250.39,278.62,214.19,137.00,13.17,52.07,44.86,18.87,65.24,70.32,65.29,14.00,43.30,37.66,534.00,4.00,7.00,11.00,44.68,36.75,771.00,6.00,8.00,14.00,36.58,32.75,555.00,7.00,8.00,12.00,63.28,47.76,1078.00,9.00,7.00,14.00,12.12,9.70,206.00,9.00,8.00,9.00,1,주먹 쥐기 (Fist)
-45.62,-3.94,-25.38,-13.19,15.12,207.07,273.56,270.18,56.14,142.92,77.56,177.89,10.00,289.58,157.80,54.45,135.72,194.73,196.56,90.11,35.00,102.75,193.29,227.91,161.70,110.81,122.02,81.45,116.00,378.98,256.84,311.59,100.00,249.46,269.83,223.56,127.00,32.30,42.46,66.10,48.70,44.06,37.28,60.32,50.00,44.37,38.48,427.00,3.00,6.00,10.00,41.03,32.93,638.00,5.00,7.00,14.00,36.07,31.92,552.00,7.00,8.00,11.00,63.11,47.21,1025.00,9.00,8.00,14.00,11.79,9.62,201.00,9.00,9.00,8.00,1,주먹 쥐기 (Fist)
-30.62,19.44,-35.25,-56.12,0.44,135.02,202.45,302.17,143.39,20.29,63.44,82.45,138.00,251.07,131.55,52.90,159.84,190.90,172.68,40.46,19.00,73.94,147.10,218.70,180.23,140.96,160.81,129.22,50.00,285.95,173.16,271.44,150.15,354.09,262.28,336.49,14.00,43.30,36.77,63.69,53.34,36.51,41.06,55.39,39.00,38.71,31.31,399.00,3.00,6.00,9.00,37.16,29.13,615.00,6.00,6.00,14.00,36.56,31.69,511.00,7.00,8.00,11.00,63.46,46.28,938.00,9.00,7.00,14.00,11.52,8.99,204.00,8.00,8.00,8.00,1,주먹 쥐기 (Fist)
24.88,-8.00,73.56,25.12,-18.31,115.89,167.17,277.65,163.22,37.05,64.09,92.35,98.00,215.04,96.29,42.02,194.65,152.57,210.16,80.95,22.00,69.05,134.28,206.79,168.72,147.43,147.82,122.18,63.00,127.68,27.40,103.36,137.64,272.51,159.06,187.21,194.00,26.17,55.91,83.19,71.31,17.93,39.91,43.87,19.00,35.79,27.67,435.00,6.00,5.00,9.00,36.38,27.75,602.00,7.00,6.00,14.00,34.75,30.67,588.00,8.00,9.00,11.00,39.54,33.50,860.00,10.00,8.00,14.00,12.45,10.19,201.00,8.00,7.00,8.00,1,주먹 쥐기 (Fist)
74.38,55.38,49.94,108.69,-4.44,110.62,159.41,269.84,156.82,38.94,56.99,92.10,106.00,193.31,74.60,26.55,185.15,169.06,190.17,60.13,0.00,65.39,129.41,202.46,165.92,141.52,152.02,123.13,57.00,179.99,71.48,152.52,185.17,319.82,117.44,175.87,249.00,37.81,41.61,74.74,66.61,27.30,33.39,32.92,1.00,34.68,26.98,451.00,6.00,5.00,9.00,33.81,26.38,621.00,8.00,7.00,14.00,34.17,30.20,527.00,7.00,9.00,11.00,46.19,36.94,895.00,10.00,8.00,14.00,11.22,9.06,173.00,7.00,7.00,8.00,1,주먹 쥐기 (Fist)
88.75,115.94,-1.88,81.38,26.19,149.05,184.31,280.23,185.53,80.92,20.05,115.29,148.00,278.76,142.75,113.39,267.59,166.84,181.70,61.00,87.00,91.30,136.75,193.58,140.66,138.14,154.92,120.48,28.00,264.50,152.83,175.84,234.76,259.86,202.32,168.19,164.00,41.07,41.98,79.13,72.56,22.12,38.31,37.61,7.00,39.56,30.75,370.00,3.00,4.00,9.00,44.27,32.33,676.00,8.00,7.00,14.00,33.34,28.84,573.00,8.00,9.00,12.00,50.74,42.70,907.00,9.00,9.00,14.00,11.98,9.44,189.00,8.00,7.00,8.00,1,주먹 쥐기 (Fist)
-18.44,58.25,10.62,75.44,10.81,184.03,185.68,254.87,164.21,73.97,38.78,84.78,113.00,316.23,162.12,134.82,259.51,203.17,149.59,26.05,44.00,131.30,125.65,154.16,124.04,102.61,180.31,139.84,68.00,351.49,220.16,139.78,180.02,229.47,147.35,211.31,259.00,42.93,46.89,84.56,73.55,21.72,32.49,31.80,1.00,37.58,29.66,454.00,4.00,5.00,9.00,46.53,35.69,701.00,7.00,8.00,14.00,32.73,28.30,583.00,9.00,10.00,13.00,54.24,46.94,907.00,9.00,9.00,14.00,12.23,9.84,204.00,8.00,8.00,9.00,1,주먹 쥐기 (Fist)
24.75,64.00,18.75,59.19,-8.31,240.94,156.40,199.27,117.69,27.55,63.88,144.97,174.00,375.85,167.46,118.93,176.24,147.13,233.56,106.33,128.00,174.65,93.44,134.38,168.67,142.61,134.31,103.22,22.00,416.99,248.51,64.71,108.37,311.43,137.27,142.99,175.00,45.30,33.33,86.12,87.30,11.13,28.27,17.98,13.00,37.19,30.84,479.00,5.00,6.00,9.00,49.23,39.75,682.00,7.00,8.00,14.00,32.48,28.12,518.00,8.00,9.00,13.00,56.12,49.09,856.00,8.00,8.00,14.00,12.35,9.98,204.00,8.00,7.00,9.00,1,주먹 쥐기 (Fist)
60.75,25.94,48.75,68.12,-8.69,305.99,91.20,221.33,185.71,107.46,19.57,71.09,94.00,419.37,149.67,65.01,205.32,117.86,183.82,34.34,47.00,174.65,93.44,134.38,168.67,142.61,134.31,103.22,22.00,435.62,241.59,38.46,132.61,294.58,158.33,174.03,208.00,41.60,36.52,80.25,86.47,5.22,32.50,13.51,19.00,40.20,35.31,449.00,4.00,5.00,9.00,47.98,38.56,634.00,6.00,8.00,14.00,32.48,28.12,463.00,7.00,8.00,13.00,58.02,50.89,755.00,7.00,8.00,14.00,12.00,9.65,194.00,8.00,7.00,8.00,1,주먹 쥐기 (Fist)
67.69,6.25,49.06,-20.62,-15.94,316.40,74.23,238.29,193.38,101.78,5.32,81.97,111.00,414.50,164.67,85.97,187.86,98.23,190.85,34.49,26.00,231.90,55.62,218.89,81.86,65.46,161.38,12.26,69.00,453.56,196.79,85.06,175.80,260.54,98.34,114.33,148.00,52.11,40.14,87.65,74.55,12.40,44.48,15.09,31.00,41.75,36.64,378.00,3.00,4.00,8.00,47.53,37.25,594.00,5.00,8.00,14.00,33.58,28.57,425.00,6.00,8.00,12.00,54.78,46.83,728.00,5.00,8.00,14.00,12.63,10.30,195.00,7.00,6.00,8.00,1,주먹 쥐기 (Fist)
38.25,23.44,46.12,62.31,-11.00,343.39,51.16,269.88,135.79,62.81,69.04,85.98,40.00,407.81,103.82,81.27,160.35,69.57,248.33,87.48,35.00,255.94,99.18,228.38,74.97,111.08,115.67,58.16,22.00,453.93,163.82,111.20,158.32,293.33,124.18,143.96,181.00,67.10,54.54,82.13,74.24,10.30,36.13,9.31,16.00,42.27,38.09,395.00,3.00,5.00,9.00,47.12,36.37,566.00,5.00,8.00,14.00,35.63,31.25,414.00,6.00,7.00,11.00,56.52,49.15,692.00,5.00,8.00,14.00,12.92,10.62,184.00,6.00,6.00,7.00,1,주먹 쥐기 (Fist)
57.75,37.19,32.62,93.94,-1.62,362.47,135.37,232.27,98.18,149.77,67.42,58.96,128.00,372.82,103.01,213.05,52.39,79.61,145.53,45.53,97.00,262.34,120.77,210.56,98.73,108.70,137.13,38.67,46.00,429.46,134.51,210.39,91.83,303.83,211.56,141.48,17.00,57.82,46.26,92.09,64.28,20.18,40.74,13.05,6.00,44.37,40.50,420.00,3.00,6.00,10.00,42.58,33.91,499.00,3.00,7.00,14.00,36.52,32.75,375.00,5.00,6.00,11.00,56.77,50.57,707.00,3.00,8.00,14.00,12.61,10.16,188.00,6.00,6.00,8.00,1,주먹 쥐기 (Fist)
52.25,86.06,-18.94,31.81,11.25,368.38,213.60,145.22,186.10,133.14,21.94,106.65,40.00,337.63,200.77,268.93,147.50,129.77,163.59,54.50,1.00,261.58,132.08,187.86,98.86,86.02,130.37,53.46,21.00,411.73,247.54,223.21,194.54,189.83,101.17,59.72,97.00,47.16,47.41,101.68,68.35,23.01,23.34,17.79,24.00,45.71,42.12,420.00,3.00,6.00,10.00,48.00,39.31,534.00,3.00,7.00,14.00,35.18,31.19,410.00,6.00,6.00,11.00,53.98,48.31,691.00,3.00,8.00,14.00,12.86,10.72,193.00,6.00,5.00,9.00,1,주먹 쥐기 (Fist)
-14.19,16.81,16.06,29.12,5.06,364.38,223.86,134.01,188.25,111.09,23.37,84.19,63.00,309.97,241.87,252.62,163.23,88.46,185.37,11.35,51.00,248.03,129.85,196.97,51.66,126.83,110.48,54.30,69.00,396.43,282.04,194.52,186.53,210.37,124.96,92.30,54.00,46.97,50.02,100.17,71.17,20.06,26.08,15.01,21.00,44.92,40.69,478.00,4.00,5.00,11.00,47.49,38.16,531.00,3.00,7.00,14.00,34.63,30.31,417.00,5.00,6.00,11.00,54.43,49.27,640.00,3.00,8.00,13.00,12.91,10.93,192.00,5.00,6.00,9.00,1,주먹 쥐기 (Fist)
-7.69,50.50,-25.31,12.94,10.06,352.72,218.53,151.27,164.58,128.02,4.77,107.99,39.00,210.26,318.09,94.24,75.43,151.96,43.69,162.27,114.00,263.32,146.99,171.06,63.41,128.14,89.33,76.05,95.00,348.32,308.88,116.22,103.95,265.54,153.27,15.99,137.00,54.72,65.52,84.31,67.48,27.93,24.83,31.01,37.00,44.28,39.19,471.00,4.00,6.00,10.00,41.25,34.00,516.00,3.00,8.00,14.00,35.24,31.94,419.00,6.00,7.00,11.00,51.89,45.05,621.00,3.00,7.00,13.00,13.11,11.43,196.00,5.00,6.00,9.00,1,주먹 쥐기 (Fist)
4.88,33.56,14.06,79.00,0.50,312.68,176.48,201.91,164.07,154.69,57.65,65.61,94.00,160.72,326.79,65.52,29.07,192.14,136.13,87.93,19.00,214.53,88.99,204.66,114.83,84.09,31.91,133.93,153.00,228.49,306.81,228.40,229.42,126.58,47.22,204.11,54.00,62.62,70.78,82.55,58.55,32.44,17.73,22.89,28.00,42.63,36.75,473.00,5.00,6.00,10.00,39.64,32.26,527.00,3.00,9.00,15.00,33.86,30.07,453.00,7.00,7.00,12.00,49.41,40.00,629.00,3.00,7.00,13.00,12.95,11.00,178.00,4.00,6.00,8.00,1,주먹 쥐기 (Fist)
23.06,37.94,4.25,8.62,-14.31,230.95,83.49,226.38,256.32,70.02,62.26,126.44,1.00,122.53,286.29,171.50,89.74,95.12,83.04,151.64,125.00,156.11,63.28,187.05,147.19,143.82,82.25,79.22,92.00,194.53,285.90,273.48,258.21,95.73,63.56,154.41,0.00,27.83,82.31,55.42,63.98,66.88,17.28,27.81,7.00,39.73,33.94,490.00,5.00,5.00,11.00,37.62,31.06,528.00,5.00,10.00,15.00,31.00,26.53,450.00,7.00,7.00,12.00,48.26,36.73,676.00,5.00,8.00,13.00,12.59,10.69,189.00,5.00,6.00,9.00,1,주먹 쥐기 (Fist)
58.06,52.56,-9.31,55.56,9.06,93.84,101.69,172.22,280.98,143.28,82.71,121.01,145.00,135.29,196.53,243.37,129.56,135.40,85.33,131.98,7.00,115.18,96.23,147.71,120.37,139.98,74.34,107.09,133.00,114.47,180.92,286.46,174.43,224.73,65.48,257.94,129.00,22.02,88.15,49.74,58.59,65.54,13.82,22.19,1.00,37.53,32.20,527.00,5.00,5.00,12.00,37.08,30.87,530.00,7.00,9.00,15.00,28.54,23.65,447.00,8.00,6.00,12.00,47.43,32.59,681.00,5.00,8.00,13.00,12.23,10.31,198.00,6.00,7.00,9.00,1,주먹 쥐기 (Fist)
-14.25,-5.12,-2.44,13.44,1.06,26.13,170.02,110.95,220.27,165.10,52.59,74.23,76.00,148.99,153.80,233.76,105.60,156.01,95.36,110.78,50.00,63.17,160.60,115.71,75.13,80.86,49.58,94.69,67.00,116.85,35.05,201.51,76.79,216.02,111.49,197.13,17.00,22.02,88.15,49.74,58.59,65.54,13.82,22.19,1.00,31.73,27.34,542.00,6.00,6.00,12.00,35.20,28.52,555.00,8.00,9.00,15.00,23.22,19.31,350.00,7.00,6.00,12.00,35.30,24.87,644.00,9.00,9.00,13.00,12.23,10.31,186.00,5.00,7.00,8.00,1,주먹 쥐기 (Fist)
-7.75,-20.00,-10.12,-22.25,1.69,2.20,186.00,91.70,208.40,141.36,37.36,93.40,100.00,165.45,111.47,174.50,55.61,96.75,41.50,159.50,12.00,91.55,137.09,80.80,36.77,45.67,48.52,130.19,14.00,136.02,27.32,158.56,119.51,173.36,72.51,189.72,26.00,37.81,86.00,31.19,40.36,49.06,11.25,43.39,23.00,30.81,25.66,501.00,5.00,7.00,11.00,29.31,25.12,504.00,8.00,9.00,15.00,21.02,17.48,337.00,9.00,7.00,12.00,31.91,21.97,590.00,7.00,8.00,13.00,11.22,9.19,173.00,6.00,8.00,7.00,1,주먹 쥐기 (Fist)
-13.69,-9.69,7.62,1.12,-7.19,34.77,189.15,87.08,179.57,137.51,12.23,126.04,133.00,166.50,114.39,167.28,64.66,97.50,52.50,148.62,1.00,97.30,143.16,68.87,26.08,37.68,52.59,118.70,26.00,133.03,6.67,169.25,119.51,163.30,70.65,181.12,48.00,36.65,84.55,33.00,41.73,50.00,11.86,45.07,25.00,30.70,25.56,492.00,5.00,7.00,10.00,28.96,24.52,449.00,7.00,9.00,15.00,20.54,16.83,304.00,9.00,7.00,12.00,31.41,20.64,590.00,10.00,9.00,13.00,11.29,9.31,151.00,6.00,8.00,6.00,1,주먹 쥐기 (Fist)
4.44,24.69,-16.31,11.44,3.31,67.17,218.01,58.11,164.34,106.87,44.69,93.67,99.00,173.55,95.30,158.18,56.29,79.13,70.09,127.36,21.00,96.02,128.56,74.36,22.02,23.28,66.96,103.77,41.00,129.80,17.67,175.81,108.56,171.08,79.28,173.91,59.00,39.55,60.56,40.33,29.61,26.29,30.58,36.80,1.00,29.25,23.44,403.00,5.00,7.00,10.00,27.24,22.98,427.00,7.00,8.00,15.00,19.44,15.77,312.00,10.00,8.00,12.00,31.55,21.24,601.00,10.00,9.00,14.00,9.15,7.98,145.00,6.00,9.00,5.00,1,주먹 쥐기 (Fist)
-15.00,12.31,-10.69,10.75,6.69,38.53,165.68,109.75,114.91,72.11,94.79,65.53,44.00,158.86,116.90,180.17,35.11,61.06,78.33,111.01,43.00,98.44,123.45,70.61,16.03,24.20,61.85,109.10,35.00,123.45,26.51,186.43,110.22,161.07,68.45,183.71,48.00,44.14,56.55,37.46,23.77,27.98,25.21,35.28,7.00,23.98,20.00,372.00,6.00,8.00,10.00,27.34,23.31,427.00,6.00,8.00,15.00,19.18,15.35,307.00,10.00,9.00,11.00,31.67,21.94,590.00,7.00,8.00,13.00,8.75,7.65,128.00,5.00,9.00,4.00,1,주먹 쥐기 (Fist)
-45.50,-49.31,-20.69,-42.19,-1.69,36.80,176.93,108.99,129.07,90.38,108.42,73.91,20.00,207.92,96.49,165.79,73.79,93.08,82.59,103.84,97.00,87.24,127.88,86.21,23.35,15.33,60.59,120.19,19.00,151.86,36.06,184.83,78.16,166.05,56.83,216.65,15.00,38.38,56.31,43.46,23.00,24.10,24.32,32.46,13.00,26.04,21.50,363.00,5.00,8.00,10.00,30.16,26.10,459.00,6.00,8.00,15.00,19.86,16.48,288.00,9.00,10.00,11.00,33.36,24.16,634.00,9.00,7.00,13.00,8.56,7.23,136.00,6.00,10.00,4.00,1,주먹 쥐기 (Fist)
-33.94,-28.31,-41.25,-77.88,-7.69,63.46,172.71,164.15,93.47,52.05,126.81,45.57,77.00,207.92,96.49,165.79,73.79,93.08,82.59,103.84,97.00,39.88,116.59,121.52,57.57,86.08,48.12,111.75,90.00,236.67,121.06,266.24,130.67,82.79,65.76,139.30,100.00,38.38,56.31,43.46,23.00,24.10,24.32,32.46,13.00,27.01,22.18,363.00,5.00,8.00,10.00,30.16,26.10,459.00,6.00,8.00,15.00,21.57,17.75,307.00,9.00,10.00,12.00,38.95,29.25,590.00,8.00,6.00,13.00,8.56,7.23,134.00,6.00,9.00,4.00,1,주먹 쥐기 (Fist)
0.12,-29.62,-22.38,-18.81,24.62,85.81,153.67,184.78,65.44,36.64,95.02,66.25,44.00,188.87,75.74,149.90,93.05,97.66,102.15,88.24,76.00,52.72,93.37,114.23,71.06,82.62,86.24,92.97,28.00,178.51,88.58,234.45,107.67,65.25,93.49,113.68,163.00,20.06,13.32,31.81,48.76,45.52,67.31,17.48,56.00,25.79,19.88,370.00,8.00,7.00,10.00,28.39,24.95,438.00,6.00,8.00,14.00,20.33,16.67,322.00,9.00,11.00,13.00,33.71,25.31,568.00,7.00,7.00,13.00,9.86,7.45,165.00,8.00,10.00,5.00,1,주먹 쥐기 (Fist)
-44.38,11.62,-9.12,-17.44,5.31,123.05,100.50,169.24,109.59,91.79,147.13,20.20,100.00,163.20,46.94,170.61,87.69,53.84,65.48,129.70,120.00,89.69,63.03,74.71,45.10,30.95,36.98,122.67,80.00,193.73,79.79,219.84,85.84,86.84,96.18,120.34,185.00,38.50,14.23,21.93,61.52,31.10,54.33,21.00,35.00,28.14,21.92,393.00,9.00,8.00,10.00,27.51,24.00,460.00,7.00,8.00,14.00,17.72,14.86,320.00,7.00,11.00,13.00,34.00,26.12,524.00,7.00,6.00,12.00,9.24,6.90,173.00,7.00,11.00,5.00,1,주먹 쥐기 (Fist)
-24.31,20.56,8.38,148.88,13.06,165.32,47.24,107.93,151.21,83.09,130.02,80.45,35.00,162.44,66.83,202.97,55.11,75.71,74.32,96.99,87.00,105.65,43.00,51.95,21.21,48.42,49.34,100.81,56.00,179.79,181.16,323.68,146.24,169.94,99.89,210.24,292.00,58.49,34.18,6.44,49.65,24.88,52.78,9.51,55.00,27.24,20.39,409.00,9.00,9.00,11.00,27.89,24.51,416.00,6.00,7.00,14.00,15.98,13.55,286.00,7.00,10.00,13.00,49.76,33.91,642.00,7.00,6.00,12.00,9.72,7.44,168.00,6.00,11.00,4.00,1,주먹 쥐기 (Fist)
33.19,85.69,-60.75,-73.12,1.44,169.14,49.09,102.22,146.21,75.18,124.68,72.65,43.00,187.85,112.75,217.37,64.35,98.70,98.01,138.39,133.00,131.42,4.07,69.26,53.31,72.29,68.08,146.71,102.00,155.82,132.04,317.69,190.69,178.28,108.59,274.23,356.00,53.08,30.45,12.36,55.04,19.63,49.26,9.84,61.00,26.55,19.86,401.00,5.00,8.00,11.00,33.86,27.02,418.00,5.00,6.00,14.00,21.92,16.81,320.00,5.00,10.00,13.00,53.12,37.14,868.00,8.00,7.00,13.00,9.56,7.06,174.00,6.00,11.00,5.00,1,주먹 쥐기 (Fist)
-31.31,-36.62,-35.81,-40.06,18.31,170.33,56.33,105.68,139.95,79.63,132.66,79.26,35.00,178.20,105.65,225.07,55.44,109.11,109.01,146.52,144.00,164.32,67.06,130.47,97.25,31.97,5.34,89.74,39.00,140.11,137.83,348.48,212.85,204.54,123.75,243.83,323.00,66.21,32.30,16.03,64.66,11.26,31.86,20.29,79.00,27.07,20.48,458.00,6.00,9.00,12.00,34.49,27.80,497.00,5.00,6.00,14.00,23.02,18.34,298.00,4.00,10.00,13.00,54.06,38.95,888.00,8.00,7.00,13.00,10.66,8.19,186.00,6.00,11.00,6.00,1,주먹 쥐기 (Fist)
-71.56,-62.25,-25.19,-38.69,6.31,167.77,114.27,165.53,184.02,122.05,95.67,66.64,95.00,93.45,144.18,306.11,128.41,133.46,75.48,132.49,58.00,167.83,74.44,133.01,92.61,23.38,14.98,95.78,49.00,125.48,157.58,363.73,198.07,186.51,102.21,259.37,345.00,66.21,32.30,16.03,64.66,11.26,31.86,20.29,79.00,32.53,25.17,486.00,5.00,9.00,12.00,37.75,30.88,517.00,5.00,5.00,14.00,23.57,19.04,265.00,3.00,9.00,13.00,54.78,40.15,810.00,7.00,6.00,12.00,10.66,8.19,189.00,5.00,12.00,7.00,1,주먹 쥐기 (Fist)
-25.56,-18.19,-12.50,-70.88,-18.62,162.63,135.01,178.66,204.45,97.02,89.88,54.82,63.00,61.07,177.17,311.21,142.89,101.57,54.32,118.75,91.00,173.00,89.30,103.39,56.59,64.19,36.31,92.76,6.00,69.39,293.74,336.42,127.48,204.09,233.98,239.12,204.00,66.18,48.46,23.95,76.58,13.87,40.59,22.60,62.00,33.18,26.87,506.00,5.00,10.00,12.00,37.90,31.09,548.00,5.00,6.00,14.00,22.68,18.88,269.00,3.00,9.00,14.00,55.54,39.48,784.00,5.00,5.00,12.00,11.67,9.25,198.00,6.00,11.00,7.00,1,주먹 쥐기 (Fist)
-22.06,-82.94,-5.50,-75.62,-14.88,146.75,146.88,150.34,168.07,92.46,135.63,95.60,119.00,75.93,273.10,225.25,76.16,161.23,168.61,212.80,25.00,171.25,88.86,72.55,81.99,65.65,15.64,80.66,38.00,113.27,347.82,261.14,211.29,265.82,203.02,208.89,288.00,64.28,45.06,20.42,74.03,17.54,40.57,25.90,58.00,32.73,26.56,462.00,5.00,9.00,11.00,43.02,33.31,598.00,5.00,6.00,14.00,21.83,18.06,263.00,3.00,8.00,13.00,58.87,43.03,739.00,5.00,4.00,12.00,11.31,9.00,179.00,5.00,11.00,6.00,1,주먹 쥐기 (Fist)
-23.31,-93.06,31.44,11.81,-9.94,134.08,146.50,42.40,98.35,191.15,45.74,18.22,11.00,233.65,356.06,85.68,82.15,255.52,110.69,55.52,133.00,177.86,99.68,75.64,74.95,82.59,29.84,72.40,55.00,148.53,352.72,219.95,221.08,220.71,178.14,243.36,233.00,76.26,50.37,23.61,62.97,23.49,32.39,40.77,43.00,26.51,22.73,402.00,5.00,8.00,10.00,47.18,35.07,563.00,5.00,6.00,14.00,22.94,18.99,290.00,4.00,7.00,13.00,56.63,39.04,790.00,4.00,5.00,12.00,11.55,9.30,175.00,4.00,10.00,6.00,1,주먹 쥐기 (Fist)
9.19,-0.38,-28.00,-37.44,13.00,133.45,143.48,39.56,105.95,186.25,44.07,16.65,19.00,243.98,355.91,90.81,83.55,246.08,101.36,66.33,122.00,140.82,42.73,125.04,27.78,119.79,85.38,50.68,112.00,194.35,314.82,259.83,150.27,212.30,248.79,176.25,309.00,59.66,57.44,36.38,76.28,22.21,17.91,57.27,26.00,26.26,22.16,426.00,6.00,8.00,11.00,47.11,34.34,644.00,4.00,6.00,14.00,23.14,19.38,342.00,5.00,7.00,13.00,56.79,39.56,811.00,5.00,5.00,12.00,12.00,10.00,197.00,5.00,9.00,7.00,1,주먹 쥐기 (Fist)
-40.44,-20.06,-28.88,-91.00,-10.44,121.30,84.76,104.09,143.54,162.05,108.19,64.89,51.00,259.93,341.40,111.62,63.06,243.67,122.02,49.86,143.00,104.10,33.40,164.28,29.53,141.52,67.83,80.82,62.00,254.49,221.69,359.74,139.98,308.04,163.67,278.09,206.00,68.58,48.69,29.57,81.69,16.41,8.92,64.91,17.00,27.50,22.30,472.00,7.00,8.00,12.00,47.40,35.56,654.00,7.00,7.00,14.00,23.86,19.89,329.00,5.00,6.00,12.00,61.44,44.50,849.00,5.00,5.00,12.00,12.29,10.56,212.00,6.00,9.00,8.00,1,주먹 쥐기 (Fist)
-30.00,-84.62,26.88,13.38,0.81,118.21,29.78,143.49,111.89,215.91,66.88,38.23,4.00,321.98,238.55,171.10,106.25,342.97,104.32,130.28,40.00,93.77,45.19,162.62,36.77,129.84,60.22,69.26,74.00,263.98,200.47,364.43,161.30,294.30,165.75,256.98,228.00,58.47,59.36,27.06,72.84,4.68,8.86,72.88,5.00,28.02,22.00,463.00,7.00,8.00,11.00,52.10,39.70,692.00,7.00,6.00,14.00,22.82,19.23,361.00,6.00,6.00,12.00,60.91,42.95,941.00,6.00,6.00,12.00,11.99,9.91,215.00,7.00,10.00,9.00,1,주먹 쥐기 (Fist)
-11.50,-85.50,37.44,-81.12,-24.69,119.46,41.90,141.40,65.05,191.61,79.32,51.99,52.00,400.78,160.98,190.98,224.54,284.40,71.29,102.88,186.00,116.49,29.72,184.78,55.47,128.47,37.77,46.43,97.00,307.76,179.81,267.60,185.61,253.94,268.92,372.12,92.00,73.99,55.67,50.07,58.18,24.51,32.85,85.08,19.00,26.12,19.50,462.00,7.00,8.00,11.00,55.01,42.19,691.00,7.00,6.00,14.00,24.44,20.63,367.00,6.00,5.00,13.00,63.28,43.53,1044.00,7.00,7.00,13.00,13.57,11.60,239.00,7.00,10.00,10.00,1,주먹 쥐기 (Fist)
28.50,8.25,-13.31,-44.50,-5.19,119.46,41.90,141.40,65.05,191.61,79.32,51.99,52.00,417.52,188.65,168.38,211.42,248.76,81.67,73.19,142.00,82.14,39.15,165.57,50.01,162.62,18.57,24.16,133.00,340.54,275.22,166.33,111.36,355.63,168.77,312.23,198.00,77.75,61.86,55.00,51.31,21.17,27.69,83.32,11.00,26.12,19.50,470.00,7.00,7.00,11.00,53.54,39.78,717.00,7.00,6.00,14.00,24.11,20.19,409.00,7.00,6.00,13.00,62.74,43.25,1019.00,9.00,8.00,13.00,13.62,11.81,250.00,6.00,11.00,11.00,1,주먹 쥐기 (Fist)
-25.06,-2.44,-44.56,-50.69,16.38,109.73,57.35,123.47,82.93,212.42,61.59,58.21,75.00,417.15,177.65,179.37,222.20,239.17,92.31,64.72,131.00,56.34,70.86,209.49,109.46,133.47,46.22,59.27,73.00,350.37,331.69,176.58,63.60,323.30,198.67,322.50,137.00,77.89,39.24,68.32,43.29,41.81,39.20,91.12,12.00,26.89,20.58,517.00,7.00,8.00,12.00,53.45,39.01,706.00,7.00,7.00,14.00,26.54,22.06,419.00,6.00,5.00,13.00,64.07,45.77,988.00,8.00,8.00,13.00,14.20,12.42,267.00,7.00,10.00,12.00,1,주먹 쥐기 (Fist)
-9.06,90.06,-4.88,145.56,41.75,99.69,61.24,129.70,75.24,213.39,77.58,59.16,59.00,456.58,130.18,225.74,222.60,243.82,48.66,150.43,219.00,54.60,70.04,205.20,110.03,137.30,49.01,62.86,68.00,420.74,304.77,14.61,142.17,466.85,254.70,351.70,51.00,118.88,49.90,124.17,15.81,44.29,18.82,60.47,46.00,26.95,20.46,500.00,7.00,8.00,12.00,58.25,43.82,804.00,8.00,8.00,15.00,26.46,21.75,444.00,5.00,6.00,13.00,73.85,54.05,1133.00,6.00,9.00,13.00,17.53,14.12,261.00,6.00,9.00,12.00,1,주먹 쥐기 (Fist)
-20.12,2.06,29.50,-0.06,-15.94,57.19,68.12,192.61,30.59,154.19,54.66,57.76,122.00,456.58,130.18,225.74,222.60,243.82,48.66,150.43,219.00,42.63,88.32,210.70,135.83,115.00,58.81,57.01,94.00,402.47,287.23,29.34,149.56,484.94,253.49,353.19,73.00,82.95,13.12,122.60,35.34,79.86,52.40,50.85,83.00,25.54,18.64,467.00,8.00,8.00,12.00,58.25,43.82,848.00,8.00,9.00,15.00,27.50,23.56,470.00,6.00,6.00,13.00,73.66,52.34,1280.00,7.00,10.00,14.00,17.34,13.82,303.00,7.00,9.00,12.00,1,주먹 쥐기 (Fist)
39.88,-14.88,67.88,63.19,-12.88,97.07,90.21,181.87,18.97,124.10,97.33,80.68,170.00,393.61,70.90,290.67,244.18,301.15,19.42,105.51,154.00,48.27,146.13,268.38,141.68,117.87,10.71,64.30,36.00,445.57,330.98,27.96,110.68,478.17,224.14,343.04,117.00,66.06,14.82,139.00,45.25,78.50,46.05,58.38,66.00,27.50,21.05,514.00,6.00,9.00,12.00,57.15,42.12,858.00,9.00,9.00,15.00,32.42,27.66,496.00,6.00,5.00,13.00,75.23,56.12,1173.00,8.00,10.00,14.00,17.64,14.50,296.00,7.00,9.00,12.00,1,주먹 쥐기 (Fist)
68.81,113.62,-17.25,71.25,18.75,162.04,155.16,241.14,61.68,99.73,47.39,81.97,105.00,449.25,126.26,276.48,295.26,303.84,74.77,110.97,98.00,53.22,120.78,250.23,186.04,87.52,39.31,86.61,10.00,320.19,268.52,104.72,115.80,356.14,97.51,295.03,246.00,71.33,8.84,135.49,49.68,84.13,49.54,63.47,60.00,32.68,26.63,490.00,6.00,8.00,12.00,62.28,45.62,922.00,10.00,9.00,15.00,32.04,26.56,512.00,6.00,5.00,13.00,59.47,47.00,947.00,7.00,9.00,13.00,17.97,14.88,316.00,8.00,8.00,12.00,1,주먹 쥐기 (Fist)
44.88,-9.38,120.81,65.19,-25.50,146.30,143.27,229.80,68.60,83.62,54.54,95.13,88.00,330.13,118.45,171.38,276.10,194.17,200.83,234.05,46.00,135.03,174.86,164.68,224.02,89.28,199.52,221.33,185.00,400.60,239.66,102.08,202.14,296.27,47.44,255.34,343.00,57.47,35.24,122.65,38.21,104.94,77.42,91.28,32.00,30.91,25.17,450.00,5.00,9.00,12.00,53.22,38.20,931.00,9.00,10.00,15.00,43.30,34.48,640.00,7.00,6.00,13.00,61.44,49.39,916.00,7.00,9.00,12.00,19.14,16.31,344.00,9.00,8.00,12.00,1,주먹 쥐기 (Fist)
34.38,21.94,-49.12,-113.31,-11.38,176.46,146.74,214.46,39.82,63.50,94.06,134.36,48.00,335.24,107.69,182.23,265.19,183.55,206.32,245.04,57.00,121.61,174.32,180.95,210.52,99.02,209.86,233.87,202.00,340.93,341.83,19.58,196.73,380.02,162.36,206.61,463.00,68.97,61.63,88.65,72.11,117.92,56.26,59.59,66.00,32.15,27.91,414.00,5.00,8.00,11.00,53.43,38.80,932.00,9.00,10.00,15.00,44.30,35.28,801.00,8.00,7.00,13.00,68.05,56.69,1102.00,7.00,9.00,13.00,18.63,15.34,344.00,9.00,9.00,12.00,1,주먹 쥐기 (Fist)
36.62,70.88,6.00,122.00,35.00,237.22,124.99,123.03,128.41,57.39,60.97,49.31,140.00,358.59,57.89,225.33,293.82,217.56,247.96,161.91,40.00,137.93,154.16,163.96,193.13,88.76,209.05,248.69,232.00,360.20,229.18,110.22,84.20,491.50,271.50,175.92,586.00,49.48,59.32,101.92,75.29,143.72,69.26,46.85,92.00,30.97,28.17,378.00,5.00,9.00,10.00,56.24,42.12,945.00,10.00,9.00,15.00,43.96,34.62,848.00,9.00,8.00,13.00,74.97,64.50,1304.00,9.00,10.00,13.00,20.52,17.38,366.00,9.00,8.00,12.00,1,주먹 쥐기 (Fist)
-18.88,15.88,48.81,123.00,-11.38,233.59,130.13,127.32,127.48,55.10,68.16,45.90,148.00,358.59,57.89,225.33,293.82,217.56,247.96,161.91,40.00,169.01,88.00,211.32,140.76,155.01,259.03,245.88,165.00,390.73,248.17,249.82,236.68,519.94,255.64,284.72,410.00,44.28,64.18,99.03,81.04,142.18,63.29,46.58,86.00,31.21,28.61,434.00,6.00,10.00,11.00,56.24,42.12,928.00,9.00,10.00,15.00,45.58,37.06,890.00,9.00,8.00,14.00,80.69,70.25,1306.00,9.00,9.00,13.00,20.26,17.09,408.00,10.00,9.00,13.00,1,주먹 쥐기 (Fist)
74.44,183.88,-63.81,111.38,35.38,255.96,39.73,193.09,37.64,37.89,156.69,103.10,239.00,348.15,313.64,42.13,291.19,62.21,479.20,288.18,296.00,162.85,136.48,166.37,108.23,187.24,312.54,275.31,111.00,434.42,429.10,311.43,339.91,334.46,134.02,112.54,596.00,10.96,115.68,47.41,83.57,104.86,108.62,81.52,138.00,36.55,32.94,525.00,7.00,10.00,12.00,72.16,51.94,1092.00,7.00,10.00,15.00,48.35,40.44,968.00,9.00,8.00,14.00,84.11,72.75,1222.00,6.00,8.00,12.00,21.95,19.16,454.00,9.00,10.00,14.00,1,주먹 쥐기 (Fist)
-24.56,-45.25,-21.50,-50.62,24.88,255.96,39.73,193.09,37.64,37.89,156.69,103.10,239.00,348.73,350.17,89.51,246.97,24.01,458.46,239.38,246.00,191.61,165.59,188.00,65.12,214.26,283.00,230.73,164.00,435.31,378.35,348.60,385.60,309.76,84.97,52.57,660.00,45.99,144.29,55.05,48.41,143.97,99.80,42.61,98.00,36.55,32.94,592.00,7.00,10.00,12.00,69.12,50.38,1226.00,8.00,10.00,15.00,48.12,39.81,944.00,8.00,9.00,14.00,85.08,75.38,1334.00,8.00,8.00,12.00,22.64,20.39,438.00,8.00,10.00,13.00,1,주먹 쥐기 (Fist)
-106.94,-134.50,-3.38,-200.94,-32.38,319.99,135.90,248.36,86.70,155.81,212.69,40.84,117.00,413.45,366.06,152.61,339.99,158.71,529.68,103.15,106.00,165.63,170.14,158.46,47.54,243.42,292.44,201.70,194.00,536.21,402.54,514.31,514.25,209.41,255.51,223.19,489.00,26.96,145.98,14.12,83.19,159.20,133.85,3.22,54.00,45.76,38.68,628.00,6.00,9.00,12.00,77.35,56.12,1303.00,6.00,10.00,15.00,47.44,38.17,960.00,8.00,8.00,15.00,99.10,86.06,1435.00,8.00,7.00,12.00,24.03,21.34,474.00,8.00,9.00,13.00,1,주먹 쥐기 (Fist)
57.62,35.12,31.06,68.50,-10.50,231.83,125.59,153.65,142.80,225.27,315.66,139.59,14.00,368.20,319.09,110.73,376.18,190.34,583.25,73.48,52.00,94.60,235.62,160.64,34.13,241.94,227.60,274.32,121.00,387.22,258.51,510.39,625.60,42.38,396.80,385.96,320.00,25.84,144.33,13.52,84.12,157.93,135.81,4.92,52.00,47.06,40.25,792.00,7.00,10.00,13.00,77.78,57.98,1405.00,7.00,11.00,15.00,47.13,38.06,944.00,8.00,8.00,15.00,97.95,84.06,1612.00,8.00,7.00,12.00,23.97,21.25,484.00,8.00,9.00,13.00,1,주먹 쥐기 (Fist)
60.06,79.81,2.75,119.69,16.38,132.96,224.18,196.81,222.43,271.27,250.69,45.23,119.00,195.82,148.61,248.64,519.81,312.78,454.63,188.75,233.00,105.57,225.54,149.74,29.83,252.58,216.93,284.12,110.00,265.65,134.33,632.27,716.24,156.60,374.82,291.29,445.00,15.23,126.67,5.10,100.32,175.26,126.89,13.08,70.00,48.55,41.20,786.00,7.00,10.00,12.00,77.04,60.36,1451.00,9.00,10.00,15.00,47.02,37.38,961.00,8.00,8.00,15.00,102.71,90.90,1568.00,7.00,6.00,12.00,24.34,22.45,485.00,9.00,8.00,13.00,1,주먹 쥐기 (Fist)
0.06,-25.88,31.38,-22.06,-18.31,101.05,252.36,227.64,207.86,240.34,243.99,63.71,87.00,104.93,151.64,320.69,479.47,242.67,452.23,140.51,142.00,100.25,227.75,152.89,24.04,256.23,213.93,288.09,104.00,174.48,109.60,687.98,660.93,165.93,317.63,333.14,353.00,12.82,121.02,11.97,96.46,174.14,123.79,5.29,59.00,47.93,38.95,804.00,6.00,10.00,12.00,71.81,56.09,1460.00,10.00,10.00,15.00,47.24,37.75,937.00,7.00,9.00,15.00,98.99,84.43,1674.00,8.00,6.00,12.00,23.66,21.85,500.00,10.00,9.00,13.00,1,주먹 쥐기 (Fist)
30.56,5.06,27.69,25.62,-2.81,78.50,260.96,232.22,186.05,244.30,263.66,57.54,111.00,74.41,181.97,316.72,448.94,231.48,474.43,141.39,175.00,77.82,212.09,128.59,56.86,289.92,205.88,274.20,163.00,97.45,214.22,643.13,567.49,48.94,432.49,329.62,470.00,13.68,123.50,14.08,88.87,167.02,130.71,8.67,67.00,48.53,40.26,781.00,7.00,10.00,12.00,71.51,55.18,1483.00,11.00,10.00,15.00,47.25,37.85,902.00,9.00,8.00,14.00,96.81,79.41,1719.00,9.00,6.00,12.00,23.52,21.41,493.00,9.00,10.00,13.00,1,주먹 쥐기 (Fist)
18.12,65.19,-28.81,-33.88,-1.88,58.04,244.04,180.12,226.49,305.31,194.61,75.51,40.00,83.38,286.01,215.29,502.36,341.00,364.46,199.39,65.00,98.56,181.84,89.42,81.69,252.01,235.76,266.79,123.00,125.09,280.45,571.40,616.62,102.17,376.32,299.02,398.00,20.15,110.11,25.87,85.16,155.78,145.20,20.81,82.00,47.12,37.53,774.00,7.00,10.00,11.00,72.80,57.54,1452.00,10.00,9.00,15.00,44.66,35.66,916.00,10.00,8.00,14.00,93.61,73.78,1566.00,9.00,6.00,12.00,23.32,20.59,464.00,9.00,9.00,12.00,1,주먹 쥐기 (Fist)
-0.38,-8.69,38.69,68.38,-10.38,88.59,214.53,142.48,257.41,276.04,216.99,71.41,80.00,31.12,259.34,269.44,449.67,375.49,319.74,262.11,1.00,166.41,109.84,74.25,66.10,265.13,164.47,308.19,195.00,95.02,267.24,589.05,591.96,106.26,376.17,276.46,362.00,75.22,58.63,77.35,31.30,145.66,126.03,43.33,26.00,46.10,34.41,775.00,8.00,9.00,11.00,71.53,54.27,1442.00,10.00,10.00,15.00,45.15,36.56,952.00,10.00,9.00,14.00,91.54,72.09,1519.00,9.00,6.00,12.00,20.80,17.92,416.00,10.00,8.00,12.00,1,주먹 쥐기 (Fist)
59.94,31.19,-26.38,-22.00,6.25,211.03,91.57,188.00,209.16,254.07,261.23,103.79,43.00,90.94,236.03,286.32,410.86,345.52,333.77,327.74,67.00,135.74,133.48,43.75,96.10,242.50,148.67,336.16,226.00,116.29,257.99,602.43,575.80,90.18,392.68,257.97,340.00,54.59,67.00,76.75,29.12,125.67,140.26,65.31,4.00,46.48,32.30,780.00,11.00,10.00,11.00,71.55,54.79,1465.00,11.00,10.00,15.00,45.66,37.92,977.00,11.00,9.00,14.00,91.05,70.38,1542.00,9.00,7.00,12.00,20.53,17.50,432.00,11.00,9.00,13.00,1,주먹 쥐기 (Fist)
-37.56,-55.81,64.44,109.19,-8.12,173.70,123.96,150.53,248.82,218.71,300.63,129.54,83.00,90.94,236.03,286.32,410.86,345.52,333.77,327.74,67.00,152.21,131.78,57.01,94.01,224.99,156.01,355.15,245.00,208.63,175.57,692.38,516.27,180.42,300.08,349.57,433.00,50.65,65.84,82.54,23.41,130.27,134.26,59.91,10.00,47.48,35.42,847.00,9.00,10.00,11.00,71.55,54.79,1420.00,11.00,10.00,15.00,47.08,39.26,981.00,11.00,9.00,14.00,95.15,74.73,1679.00,10.00,8.00,13.00,20.33,17.16,414.00,9.00,9.00,13.00,1,주먹 쥐기 (Fist)
43.88,109.94,-66.94,-45.69,1.00,180.09,121.95,150.72,250.06,211.62,307.98,133.55,92.00,123.15,201.17,302.58,431.21,333.24,368.20,351.79,103.00,137.18,115.25,68.84,68.01,227.05,180.79,379.58,271.00,153.21,240.68,685.39,464.45,205.30,263.72,413.92,499.00,58.26,81.03,73.07,34.06,126.31,121.90,50.13,28.00,47.95,35.84,904.00,10.00,11.00,11.00,74.42,57.32,1456.00,11.00,10.00,15.00,48.93,40.68,965.00,11.00,9.00,14.00,95.79,77.35,1838.00,11.00,9.00,14.00,19.80,16.00,376.00,11.00,9.00,12.00,1,주먹 쥐기 (Fist)
-42.62,-123.69,22.75,-50.94,-3.56,165.63,101.66,202.72,194.94,233.55,322.64,149.90,148.00,88.74,243.20,349.69,377.18,389.77,406.62,383.16,173.00,153.01,30.51,158.55,112.80,140.92,109.99,317.66,180.00,134.78,292.74,754.51,418.85,257.86,251.71,353.71,423.00,58.92,57.43,59.49,53.71,102.20,126.39,55.18,53.00,49.13,38.55,986.00,11.00,11.00,12.00,79.58,61.19,1662.00,12.00,11.00,15.00,40.63,34.28,878.00,11.00,9.00,14.00,96.54,79.56,1662.00,10.00,8.00,14.00,18.55,14.65,367.00,8.00,10.00,11.00,1,주먹 쥐기 (Fist)
-60.25,-79.81,-27.25,-143.12,-25.00,197.51,63.31,254.29,219.91,164.30,357.85,159.74,78.00,117.87,249.74,407.04,421.73,340.50,419.23,378.55,111.00,130.12,62.50,152.77,96.93,119.70,118.26,311.13,148.00,128.30,292.05,741.01,403.01,274.82,238.50,345.71,404.00,54.08,61.36,68.49,49.98,96.71,134.34,62.09,62.00,51.51,42.47,1000.00,9.00,10.00,13.00,82.01,65.06,1647.00,11.00,11.00,15.00,38.49,32.53,869.00,12.00,10.00,14.00,94.65,78.38,1510.00,9.00,8.00,14.00,19.17,15.00,341.00,7.00,9.00,11.00,1,주먹 쥐기 (Fist)
-12.25,-81.88,-25.69,-72.88,-0.81,225.56,41.75,248.26,248.21,174.03,326.37,139.74,110.00,239.05,212.29,430.36,514.14,324.71,314.36,349.30,238.00,152.89,48.60,131.00,74.30,134.46,141.70,317.94,123.00,263.76,211.45,694.41,513.59,311.63,75.03,380.13,240.00,34.70,62.14,87.73,83.74,83.60,101.59,29.56,27.00,51.41,42.25,990.00,8.00,10.00,13.00,84.15,67.50,1602.00,8.00,11.00,15.00,39.05,33.90,822.00,11.00,9.00,13.00,94.22,77.23,1558.00,9.00,9.00,14.00,17.30,12.91,317.00,10.00,9.00,11.00,1,주먹 쥐기 (Fist)
-42.81,0.44,-43.69,17.81,31.31,232.54,35.13,241.52,245.22,179.03,332.18,145.61,103.00,228.24,220.37,438.65,521.02,314.90,303.39,344.64,249.00,248.89,123.26,76.74,88.46,52.51,70.31,265.85,219.00,354.76,144.72,605.85,459.83,375.81,157.63,319.55,331.00,71.54,92.74,114.41,86.98,39.53,95.27,17.52,19.00,51.74,42.69,922.00,7.00,10.00,13.00,84.11,66.87,1501.00,8.00,11.00,15.00,38.85,33.27,730.00,8.00,8.00,13.00,90.50,70.84,1643.00,10.00,9.00,15.00,18.85,14.57,302.00,6.00,8.00,11.00,1,주먹 쥐기 (Fist)
-29.62,62.81,1.00,97.56,-3.12,327.98,68.51,196.37,160.56,97.04,327.23,50.87,202.00,333.11,102.77,337.68,435.93,237.32,244.38,271.15,367.00,187.07,66.16,39.08,60.13,105.67,113.41,220.43,288.00,365.87,132.88,598.75,449.67,365.20,152.28,329.83,319.00,30.56,52.54,78.32,50.22,29.59,129.63,55.79,60.00,49.69,40.50,830.00,4.00,11.00,12.00,73.02,60.41,1330.00,7.00,11.00,15.00,35.20,29.62,740.00,9.00,9.00,13.00,89.64,69.99,1556.00,9.00,9.00,15.00,16.52,12.14,331.00,11.00,9.00,12.00,1,주먹 쥐기 (Fist)
88.50,45.75,9.44,44.81,12.06,236.84,77.87,122.89,126.30,189.35,432.27,75.67,328.00,272.81,179.63,328.83,368.27,305.06,300.34,203.91,464.00,165.82,79.91,18.62,101.08,80.10,73.22,255.86,247.00,298.39,229.72,549.76,401.99,391.29,215.39,437.04,211.00,14.24,46.10,84.44,63.13,10.62,111.63,41.36,41.00,54.16,44.38,866.00,7.00,10.00,12.00,73.04,59.31,1243.00,7.00,11.00,15.00,34.48,28.63,731.00,11.00,9.00,13.00,89.20,69.69,1441.00,9.00,9.00,15.00,14.94,10.82,285.00,11.00,9.00,12.00,1,주먹 쥐기 (Fist)
-13.12,-28.31,36.25,-53.56,-22.38,238.50,197.90,17.80,24.08,123.82,317.12,64.31,206.00,284.37,251.80,219.76,280.13,201.73,171.45,320.08,335.00,171.05,130.36,39.09,111.40,61.69,108.57,205.14,298.00,325.86,349.18,367.76,238.25,209.32,35.56,267.53,393.00,17.95,42.37,77.44,58.82,10.78,108.87,39.65,34.00,43.14,37.39,789.00,9.00,11.00,12.00,62.48,50.81,1136.00,9.00,11.00,15.00,35.60,30.38,722.00,10.00,8.00,13.00,69.26,58.31,1248.00,9.00,9.00,15.00,14.17,10.42,297.00,12.00,10.00,12.00,1,주먹 쥐기 (Fist)
35.88,-4.94,46.75,122.25,-0.81,238.50,197.90,17.80,24.08,123.82,317.12,64.31,206.00,270.49,251.86,239.55,262.20,211.68,155.76,342.07,313.00,186.47,149.90,47.30,90.21,84.37,107.21,228.32,274.00,391.16,370.76,343.70,293.08,254.40,102.29,327.04,310.00,21.33,35.72,75.37,64.66,3.80,106.27,38.66,41.00,43.14,37.39,829.00,10.00,11.00,13.00,62.36,50.05,1102.00,9.00,11.00,15.00,37.07,31.88,705.00,9.00,7.00,13.00,75.24,64.09,1370.00,10.00,9.00,15.00,14.04,10.04,291.00,11.00,10.00,12.00,1,주먹 쥐기 (Fist)
78.62,209.00,-63.44,98.25,37.06,270.44,197.15,26.20,44.94,154.91,332.65,99.72,170.00,402.49,174.56,284.79,367.84,356.02,216.96,477.68,168.00,133.46,149.35,95.41,132.64,131.43,157.98,279.60,213.00,391.16,370.76,343.70,293.08,254.40,102.29,327.04,310.00,31.29,20.87,90.35,75.69,20.09,122.83,49.17,23.00,46.25,39.92,816.00,9.00,10.00,13.00,80.28,60.62,1225.00,9.00,10.00,15.00,40.50,35.69,790.00,9.00,8.00,13.00,75.24,64.09,1258.00,9.00,9.00,15.00,16.17,11.30,296.00,11.00,9.00,12.00,1,주먹 쥐기 (Fist)
-51.94,-55.69,-28.75,-48.06,16.94,231.51,224.65,25.11,40.85,156.93,370.18,134.72,131.00,381.51,192.80,264.16,380.22,363.16,237.96,493.97,147.00,77.16,201.09,144.31,109.49,150.99,103.53,247.43,272.00,380.36,381.02,334.72,301.32,265.38,106.32,326.04,321.00,55.48,40.37,119.23,56.08,35.41,92.67,22.11,57.00,47.99,42.05,917.00,9.00,10.00,13.00,81.03,61.61,1458.00,10.00,11.00,15.00,40.59,35.75,821.00,9.00,9.00,14.00,75.63,64.70,1350.00,9.00,8.00,15.00,16.30,11.96,298.00,7.00,10.00,12.00,1,주먹 쥐기 (Fist)
-81.25,-32.62,-11.00,-23.31,-23.56,134.75,331.52,130.05,145.77,253.70,282.76,95.54,238.00,351.98,224.58,259.67,406.92,387.60,215.55,478.76,180.00,33.16,242.77,147.70,66.48,107.57,123.60,255.04,228.00,344.58,421.53,347.45,331.76,254.61,66.99,315.02,277.00,45.24,18.02,123.55,78.85,56.92,90.36,14.58,81.00,52.14,44.91,945.00,7.00,10.00,14.00,81.46,63.16,1412.00,9.00,11.00,15.00,39.94,34.38,782.00,8.00,8.00,14.00,75.73,64.52,1317.00,8.00,8.00,15.00,17.40,13.01,340.00,11.00,10.00,13.00,1,주먹 쥐기 (Fist)
58.06,-111.69,46.50,-83.06,-23.00,162.65,304.05,123.97,156.17,284.26,283.07,122.48,281.00,272.60,361.29,438.76,337.38,233.95,274.29,525.32,11.00,103.62,218.38,210.51,83.74,116.99,133.72,255.65,156.00,321.89,444.61,399.41,298.42,212.26,118.47,346.22,329.00,55.49,27.49,148.41,76.11,61.29,74.06,28.31,56.00,54.06,48.05,1071.00,9.00,10.00,14.00,84.65,62.69,1425.00,7.00,11.00,15.00,41.35,36.31,772.00,8.00,7.00,14.00,78.21,67.20,1280.00,7.00,8.00,15.00,18.38,14.12,329.00,10.00,9.00,12.00,1,주먹 쥐기 (Fist)
6.56,42.56,-35.06,37.06,-1.56,166.06,305.31,131.48,163.62,286.97,277.01,115.01,273.00,264.44,354.28,413.17,381.10,256.41,272.85,528.69,55.00,50.58,184.59,159.03,160.37,203.91,130.60,249.46,69.00,324.11,436.69,414.61,271.71,242.76,100.67,316.33,295.00,47.98,18.54,144.41,85.09,70.29,65.26,37.23,47.00,54.09,48.49,1054.00,8.00,10.00,14.00,85.36,65.80,1538.00,8.00,11.00,15.00,40.59,35.20,792.00,8.00,7.00,14.00,76.76,64.80,1309.00,7.00,8.00,15.00,18.21,13.70,333.00,9.00,9.00,12.00,1,주먹 쥐기 (Fist)
2.81,-48.38,-15.06,-38.56,10.25,174.98,252.78,99.60,198.20,354.94,209.20,47.03,205.00,322.24,302.27,367.22,403.00,351.73,219.68,511.00,152.00,50.58,184.59,159.03,160.37,203.91,130.60,249.46,69.00,335.41,418.57,401.19,286.45,244.47,94.89,338.16,317.00,45.07,16.89,146.46,85.29,69.17,67.81,34.36,50.00,51.29,43.71,962.00,7.00,9.00,13.00,85.56,65.42,1548.00,8.00,11.00,15.00,40.59,35.20,720.00,7.00,7.00,14.00,77.26,66.01,1249.00,7.00,8.00,15.00,18.30,13.94,331.00,9.00,8.00,12.00,1,주먹 쥐기 (Fist)
-63.88,-18.69,-44.00,-57.69,24.19,201.32,215.78,131.85,227.98,341.53,234.74,82.16,242.00,303.12,322.08,388.22,383.32,357.18,200.34,501.58,173.00,166.63,62.79,283.46,58.31,140.92,39.01,195.59,60.00,503.03,233.42,221.47,443.64,79.59,272.46,163.29,127.00,13.15,40.97,177.66,52.47,50.49,67.76,63.31,17.00,53.34,45.73,949.00,7.00,8.00,13.00,85.13,64.27,1411.00,7.00,11.00,15.00,37.18,31.62,624.00,6.00,7.00,14.00,72.28,59.86,1121.00,6.00,8.00,15.00,19.26,15.52,339.00,7.00,7.00,13.00,1,주먹 쥐기 (Fist)
-95.81,-66.69,-23.62,-55.75,-5.50,357.79,155.81,273.25,193.20,243.76,279.92,106.35,81.00,510.98,163.74,361.17,364.97,235.94,74.63,373.64,381.00,141.03,72.54,279.61,82.97,115.93,30.49,183.62,86.00,534.03,220.81,225.36,430.69,110.07,247.09,182.34,158.00,16.81,36.37,177.27,53.37,45.49,72.09,67.06,12.00,57.05,47.29,901.00,4.00,8.00,13.00,80.28,57.98,1234.00,6.00,11.00,15.00,35.58,30.41,562.00,5.00,7.00,14.00,73.37,61.31,1111.00,6.00,8.00,14.00,19.31,15.75,366.00,8.00,8.00,14.00,1,주먹 쥐기 (Fist)
-9.81,19.56,-44.38,-54.44,7.75,342.17,144.09,272.74,208.95,227.76,295.60,122.31,65.00,397.59,177.24,242.48,487.20,113.15,192.81,292.12,505.00,216.12,122.76,209.57,132.80,89.05,67.53,135.80,170.00,553.48,230.35,245.98,411.42,107.12,250.84,176.49,137.00,14.87,42.09,166.58,65.12,41.83,83.69,73.37,0.00,56.75,46.41,966.00,4.00,8.00,13.00,76.47,54.62,1288.00,7.00,11.00,15.00,36.31,29.59,540.00,4.00,8.00,14.00,74.17,62.30,1020.00,6.00,7.00,13.00,19.39,16.16,358.00,9.00,8.00,14.00,1,주먹 쥐기 (Fist)
-19.69,4.00,25.38,42.44,-5.62,318.20,114.09,300.64,216.01,240.34,271.15,94.33,95.00,354.85,169.59,199.78,503.05,165.50,138.72,354.38,432.00,191.66,87.51,241.92,114.77,123.98,89.11,113.99,206.00,443.58,75.97,211.27,376.16,278.77,216.44,270.71,41.00,32.99,44.32,150.26,72.47,26.13,74.70,71.57,22.00,55.62,44.77,928.00,4.00,8.00,12.00,74.64,51.12,1289.00,7.00,11.00,15.00,36.83,31.16,612.00,5.00,9.00,15.00,67.74,59.26,1068.00,7.00,7.00,13.00,18.22,14.95,348.00,10.00,9.00,14.00,1,주먹 쥐기 (Fist)
18.81,-50.88,68.12,-37.12,-26.25,307.30,98.59,317.48,193.26,256.25,275.43,112.14,71.00,351.57,152.59,220.19,474.38,174.22,138.56,324.55,462.00,186.18,84.37,253.89,195.03,103.36,120.54,187.94,122.00,440.42,36.24,251.70,335.18,259.47,241.40,231.94,0.00,11.01,57.13,143.35,92.48,5.31,87.32,83.75,44.00,55.83,45.81,937.00,5.00,8.00,12.00,72.99,49.25,1259.00,7.00,11.00,15.00,40.72,35.73,636.00,5.00,8.00,15.00,65.57,57.02,1060.00,7.00,8.00,13.00,19.39,16.16,335.00,9.00,8.00,14.00,1,주먹 쥐기 (Fist)
38.81,-18.50,27.62,-34.38,-8.62,314.09,137.22,297.80,182.62,183.85,325.25,100.43,151.00,345.16,173.93,200.18,481.52,196.22,125.85,303.49,484.00,232.21,154.54,204.29,222.61,38.31,48.73,115.96,194.00,426.83,78.47,231.99,339.48,291.44,285.33,187.97,44.00,32.44,99.13,101.97,114.77,40.45,45.50,50.30,2.00,55.94,45.94,955.00,7.00,8.00,13.00,73.15,50.19,1235.00,7.00,11.00,15.00,40.04,35.25,623.00,4.00,9.00,15.00,66.15,58.22,981.00,7.00,7.00,12.00,17.83,14.28,313.00,8.00,8.00,14.00,1,주먹 쥐기 (Fist)
18.31,80.06,-0.06,55.81,-1.75,349.02,193.22,244.33,238.47,185.02,269.26,80.74,95.00,359.68,154.88,200.17,503.17,206.38,103.65,286.22,507.00,227.53,150.49,209.14,226.89,33.83,44.92,111.42,199.00,406.36,102.28,258.18,305.00,260.79,260.38,220.21,9.00,30.51,97.72,103.11,116.28,41.03,43.93,48.53,0.00,55.44,44.73,846.00,6.00,8.00,13.00,74.50,51.80,1324.00,8.00,11.00,15.00,40.02,34.95,640.00,5.00,9.00,15.00,63.71,55.48,1023.00,8.00,7.00,12.00,17.81,14.19,306.00,7.00,7.00,13.00,1,주먹 쥐기 (Fist)
30.19,-35.50,38.44,-36.75,-2.88,294.12,155.65,289.27,250.15,136.78,228.86,78.06,33.00,284.85,188.69,281.07,481.52,166.91,49.30,262.15,594.00,251.52,155.82,206.86,215.61,43.30,49.97,96.92,223.00,337.45,140.55,337.16,301.70,262.93,271.38,168.21,96.00,42.48,98.50,111.23,107.65,31.74,44.75,34.64,14.00,51.14,41.34,760.00,5.00,8.00,12.00,74.11,50.12,1379.00,8.00,11.00,15.00,41.03,36.63,650.00,6.00,10.00,15.00,63.37,53.28,1034.00,8.00,7.00,12.00,17.63,13.45,274.00,6.00,7.00,12.00,1,주먹 쥐기 (Fist)
-24.31,47.38,-12.75,13.88,0.56,270.37,164.02,283.34,273.08,159.41,225.93,82.39,57.00,349.60,209.67,243.39,416.56,102.02,104.75,286.84,660.00,197.30,192.03,153.54,162.54,103.25,109.48,105.94,284.00,388.79,151.80,340.52,248.07,219.90,250.16,173.91,150.00,31.92,115.51,87.46,88.39,8.39,67.17,12.04,39.00,51.52,43.02,767.00,5.00,9.00,12.00,75.02,52.95,1444.00,8.00,12.00,15.00,39.53,34.22,693.00,5.00,10.00,15.00,62.76,52.91,907.00,8.00,7.00,12.00,16.61,12.55,257.00,7.00,8.00,11.00,1,주먹 쥐기 (Fist)
17.75,-17.25,49.00,21.81,-9.00,238.47,195.25,250.97,265.67,160.20,251.77,65.52,24.00,328.15,188.82,230.23,421.29,90.84,125.18,304.19,682.00,190.42,204.03,143.66,156.06,100.68,100.08,97.36,272.00,262.73,60.14,219.77,263.71,119.99,149.39,270.68,277.00,30.65,108.52,87.99,93.43,12.59,73.62,11.31,46.00,50.17,41.22,762.00,6.00,9.00,12.00,75.15,53.56,1287.00,9.00,12.00,15.00,38.48,33.38,640.00,5.00,10.00,15.00,51.45,42.98,883.00,8.00,7.00,11.00,16.76,12.88,228.00,7.00,8.00,11.00,1,주먹 쥐기 (Fist)
30.12,-21.62,37.00,-22.38,-13.62,188.64,259.23,219.17,196.98,94.46,182.94,123.57,94.00,191.86,124.91,63.18,175.07,214.92,240.97,79.80,416.00,229.05,150.85,153.09,88.57,189.25,133.24,40.73,176.00,151.51,111.11,155.05,130.18,138.74,306.04,117.39,120.00,48.73,82.56,48.52,69.58,43.36,72.08,48.57,8.00,44.34,37.39,637.00,5.00,9.00,11.00,47.12,35.48,1042.00,8.00,11.00,15.00,37.21,33.12,615.00,7.00,11.00,14.00,40.52,34.72,790.00,10.00,6.00,11.00,14.21,10.88,218.00,8.00,8.00,10.00,1,주먹 쥐기 (Fist)
26.19,39.31,-4.56,8.25,2.69,214.58,240.12,177.08,192.94,62.59,158.08,186.56,157.00,177.53,60.37,19.92,219.10,229.28,303.73,58.45,351.00,235.86,163.18,137.13,66.85,174.72,108.30,52.10,201.00,154.71,102.60,134.91,147.00,131.01,322.65,95.44,98.00,62.75,95.30,27.70,48.84,37.39,53.74,33.18,13.00,44.05,36.23,601.00,5.00,8.00,10.00,47.88,37.86,1086.00,9.00,11.00,15.00,36.52,31.76,640.00,8.00,11.00,14.00,40.45,34.72,800.00,10.00,6.00,11.00,13.00,9.73,191.00,5.00,9.00,10.00,1,주먹 쥐기 (Fist)
12.50,26.25,37.94,125.44,9.81,246.86,301.03,90.22,102.77,48.35,134.37,107.62,66.00,166.21,49.38,52.78,199.14,254.29,287.81,73.23,384.00,238.82,218.34,83.62,108.91,149.58,155.12,25.81,145.00,181.07,195.26,93.49,122.41,255.61,335.04,214.57,223.00,55.93,65.34,45.05,52.39,65.93,24.91,39.25,43.00,39.96,30.69,467.00,4.00,7.00,9.00,48.34,39.59,1006.00,9.00,11.00,15.00,37.62,33.44,624.00,8.00,11.00,14.00,51.78,43.51,862.00,9.00,5.00,11.00,12.38,8.91,199.00,8.00,8.00,10.00,1,주먹 쥐기 (Fist)
46.62,39.12,15.81,-13.81,-16.50,244.83,283.07,91.37,107.56,46.12,123.10,100.67,48.00,139.76,183.24,175.43,111.80,145.62,277.14,88.89,238.00,247.17,195.01,89.03,97.27,119.73,166.81,39.43,115.00,197.07,245.39,145.23,74.30,237.67,290.41,173.94,171.00,58.14,61.68,44.08,47.85,63.13,27.12,35.15,38.00,38.38,29.98,449.00,4.00,8.00,9.00,42.45,36.50,871.00,8.00,11.00,15.00,36.10,31.56,561.00,7.00,11.00,14.00,49.32,41.02,880.00,9.00,5.00,11.00,11.89,8.56,203.00,8.00,9.00,10.00,1,주먹 쥐기 (Fist)
28.62,-11.75,1.94,0.62,8.94,240.34,293.80,105.30,122.71,32.57,107.35,103.15,32.00,158.25,133.39,180.02,48.33,192.07,246.27,143.00,172.00,219.06,202.97,126.78,54.12,105.53,159.36,72.78,69.00,202.01,221.85,129.73,111.83,283.58,236.79,159.85,116.00,65.38,62.26,35.43,44.64,58.39,30.56,43.91,47.00,38.93,30.61,458.00,4.00,9.00,10.00,40.54,33.84,829.00,8.00,11.00,15.00,34.50,28.93,552.00,7.00,10.00,14.00,47.44,36.80,814.00,9.00,6.00,11.00,12.11,9.08,217.00,8.00,10.00,10.00,1,주먹 쥐기 (Fist)
-39.44,-13.69,-10.00,-21.38,-19.94,271.22,298.93,75.80,117.43,24.06,73.39,136.11,15.00,135.70,134.54,149.37,67.36,219.53,218.24,165.03,141.00,206.86,196.23,138.74,49.03,92.68,170.51,64.51,84.00,202.01,221.85,129.73,111.83,283.58,236.79,159.85,116.00,32.78,40.73,63.07,15.00,24.78,64.05,77.58,81.00,40.22,33.70,460.00,4.00,9.00,10.00,39.17,32.15,798.00,8.00,10.00,14.00,34.04,27.88,526.00,8.00,9.00,14.00,47.44,36.80,805.00,10.00,7.00,11.00,12.79,9.70,232.00,7.00,10.00,10.00,1,주먹 쥐기 (Fist)
34.19,-70.88,-2.94,-61.75,3.81,181.30,222.15,76.96,18.03,123.87,135.88,236.00,117.00,192.67,177.56,188.95,116.73,224.53,161.34,200.02,80.00,146.64,138.87,139.18,111.45,149.09,107.84,94.43,21.00,210.56,231.32,137.54,103.86,281.19,239.45,166.39,106.00,4.80,18.32,67.76,18.36,40.24,45.46,54.64,53.00,38.00,30.01,498.00,5.00,9.00,10.00,43.09,35.48,798.00,8.00,9.00,14.00,30.05,23.81,515.00,8.00,9.00,14.00,48.19,37.34,846.00,10.00,7.00,12.00,10.22,8.39,224.00,8.00,10.00,10.00,1,주먹 쥐기 (Fist)
-70.44,-70.88,-15.81,-51.75,-4.75,140.59,180.29,70.30,54.12,118.31,95.40,195.45,75.00,192.67,177.56,188.95,116.73,224.53,161.34,200.02,80.00,116.67,110.28,116.25,117.99,151.00,128.34,86.33,51.00,210.56,231.32,137.54,103.86,281.19,239.45,166.39,106.00,2.73,11.61,62.92,22.63,42.58,44.10,57.93,60.00,31.16,26.40,513.00,6.00,9.00,10.00,43.09,35.48,704.00,7.00,8.00,13.00,28.12,21.94,500.00,8.00,9.00,14.00,48.19,37.34,856.00,10.00,8.00,13.00,10.28,8.66,219.00,9.00,10.00,9.00,1,주먹 쥐기 (Fist)
-32.94,-7.81,-60.56,-79.88,3.12,148.55,186.51,77.33,52.47,125.86,92.12,189.31,67.00,222.44,199.44,156.01,88.23,197.48,177.69,201.32,47.00,105.93,105.75,105.29,106.78,139.34,128.23,83.77,39.00,239.73,242.40,107.88,128.63,266.42,268.34,196.36,76.00,16.72,5.77,49.89,16.12,28.59,55.77,57.53,46.00,31.62,27.09,542.00,6.00,9.00,11.00,42.72,34.14,754.00,7.00,8.00,13.00,26.30,21.26,472.00,8.00,9.00,14.00,50.69,38.98,778.00,9.00,8.00,13.00,9.42,7.89,214.00,10.00,11.00,8.00,1,주먹 쥐기 (Fist)
-10.44,3.88,10.69,79.69,10.75,127.95,185.22,61.05,28.86,142.85,103.87,179.74,43.00,230.20,199.78,151.50,82.37,194.90,166.89,204.54,58.00,98.71,111.49,106.56,102.88,146.84,119.71,90.51,51.00,221.32,251.19,121.72,141.65,281.99,280.63,218.10,53.00,11.35,0.98,50.08,22.09,27.12,61.57,60.57,40.00,30.58,25.02,526.00,5.00,9.00,11.00,42.57,33.28,712.00,7.00,7.00,13.00,26.44,21.94,496.00,8.00,9.00,14.00,52.60,40.60,862.00,9.00,9.00,13.00,9.73,8.22,200.00,9.00,10.00,7.00,1,주먹 쥐기 (Fist)
-1.94,1.25,24.19,62.19,-6.94,132.59,179.58,57.14,31.76,140.46,111.76,180.26,35.00,217.03,229.84,125.25,50.00,153.80,134.01,234.26,100.00,106.22,88.35,83.37,80.06,137.62,95.73,111.92,75.00,194.66,335.21,114.70,217.59,202.95,309.29,161.67,141.00,10.33,10.59,40.66,23.77,18.52,56.73,51.89,51.00,30.55,24.95,509.00,5.00,8.00,10.00,41.42,31.47,681.00,7.00,7.00,12.00,24.35,20.44,472.00,8.00,9.00,14.00,54.75,44.52,874.00,7.00,10.00,14.00,8.84,7.45,202.00,10.00,11.00,7.00,1,주먹 쥐기 (Fist)
63.88,72.75,6.56,56.69,-2.94,128.49,214.58,92.10,64.76,105.78,141.59,198.86,0.00,247.18,317.65,40.74,56.60,217.37,161.89,153.52,12.00,106.60,83.09,79.69,78.16,143.60,100.21,105.92,69.00,235.78,413.71,73.79,199.00,208.78,227.28,192.30,53.00,10.33,10.59,40.66,23.77,18.52,56.73,51.89,51.00,33.77,26.59,560.00,6.00,7.00,10.00,45.41,36.81,658.00,6.00,6.00,12.00,24.20,20.06,462.00,7.00,9.00,14.00,56.28,47.48,786.00,6.00,9.00,13.00,8.84,7.45,199.00,9.00,11.00,7.00,1,주먹 쥐기 (Fist)
27.81,63.19,-43.56,-5.19,26.56,136.16,227.11,99.32,70.66,115.55,137.47,184.50,17.00,229.36,302.82,44.53,48.51,213.58,159.17,130.71,11.00,101.81,80.49,98.68,107.28,132.82,102.31,134.36,99.00,181.40,394.86,137.07,265.00,162.44,166.81,214.70,13.00,33.93,25.43,50.70,26.63,29.46,79.57,27.97,75.00,34.39,27.39,587.00,6.00,7.00,11.00,43.01,35.02,548.00,5.00,6.00,12.00,26.39,21.94,474.00,7.00,8.00,14.00,54.36,43.48,754.00,6.00,8.00,13.00,11.14,8.76,228.00,10.00,10.00,8.00,1,주먹 쥐기 (Fist)
-61.81,-24.50,9.56,-7.19,8.06,85.68,237.23,166.55,152.40,105.55,199.13,101.54,103.00,239.82,301.77,52.64,37.66,203.03,151.21,120.10,22.00,96.08,95.10,115.36,112.36,119.07,87.67,120.88,81.00,212.13,378.41,121.86,266.93,131.67,160.30,220.29,45.00,41.65,29.20,58.45,33.54,22.76,72.76,35.19,67.00,37.60,31.11,626.00,6.00,6.00,11.00,42.53,34.50,548.00,5.00,5.00,12.00,25.61,20.81,471.00,7.00,8.00,14.00,53.54,41.98,700.00,5.00,8.00,12.00,11.33,9.20,241.00,10.00,10.00,9.00,1,주먹 쥐기 (Fist)
-24.31,-0.06,1.62,14.81,0.38,90.76,230.18,160.45,150.92,99.47,207.01,93.55,111.00,185.07,345.41,27.25,72.20,173.41,96.21,84.17,77.00,117.03,65.19,118.28,141.76,91.79,56.94,112.32,50.00,212.13,378.41,121.86,266.93,131.67,160.30,220.29,45.00,37.73,30.44,57.86,36.06,24.60,71.90,38.88,62.00,37.23,30.52,624.00,5.00,7.00,11.00,40.40,30.21,503.00,4.00,6.00,12.00,24.62,19.08,416.00,6.00,8.00,13.00,53.54,41.98,722.00,6.00,8.00,13.00,11.25,8.92,239.00,9.00,10.00,8.00,1,주먹 쥐기 (Fist)
38.62,115.50,-30.25,35.44,16.00,121.28,198.73,173.87,183.58,130.04,189.95,124.34,78.00,310.30,213.99,107.80,182.83,282.49,95.17,152.38,212.00,58.78,111.57,54.31,138.46,122.12,56.81,143.34,16.00,231.44,359.30,142.36,265.19,151.56,182.19,209.88,67.00,51.57,14.39,39.50,21.54,46.56,86.95,52.81,40.00,38.49,32.33,681.00,6.00,7.00,12.00,50.13,39.38,606.00,5.00,5.00,12.00,24.50,19.44,446.00,9.00,8.00,14.00,54.18,43.70,690.00,5.00,7.00,13.00,11.93,9.62,248.00,11.00,10.00,9.00,1,주먹 쥐기 (Fist)
-8.88,20.44,29.75,62.56,-6.50,97.33,210.36,150.06,182.00,133.57,198.70,143.41,54.00,363.03,192.12,145.02,213.81,236.85,30.18,89.39,147.00,58.78,111.57,54.31,138.46,122.12,56.81,143.34,16.00,313.87,348.57,184.30,155.32,105.41,119.96,300.90,43.00,55.63,7.70,32.51,29.12,44.45,78.97,49.72,48.00,38.40,32.12,730.00,7.00,8.00,13.00,49.31,38.88,632.00,4.00,5.00,12.00,24.50,19.44,466.00,9.00,8.00,14.00,55.56,46.37,692.00,5.00,7.00,13.00,11.49,9.12,255.00,11.00,11.00,9.00,1,주먹 쥐기 (Fist)
55.44,72.94,-14.94,46.44,8.94,137.13,224.06,166.37,139.00,102.03,239.49,170.75,11.00,397.67,228.38,135.28,172.00,216.04,80.60,145.31,203.00,53.79,109.04,56.52,137.61,122.46,60.96,148.32,21.00,354.35,400.30,164.03,172.63,50.58,103.73,235.25,23.00,58.13,1.34,35.18,32.76,37.21,85.14,49.91,39.00,40.79,34.81,789.00,8.00,8.00,14.00,52.52,42.82,677.00,4.00,5.00,12.00,24.66,19.83,465.00,9.00,8.00,14.00,56.70,48.56,579.00,4.00,7.00,13.00,11.72,9.70,262.00,10.00,11.00,10.00,1,주먹 쥐기 (Fist)
35.38,26.56,30.44,61.38,6.12,163.46,255.12,148.27,142.86,133.94,210.99,160.87,44.00,405.36,250.38,115.54,156.46,237.87,72.14,125.68,181.00,48.54,103.28,62.49,131.69,127.81,59.96,142.63,15.00,341.41,354.06,209.72,132.06,14.41,80.30,190.45,70.00,58.31,2.56,32.18,35.36,34.57,85.21,49.16,36.00,41.79,36.88,774.00,8.00,8.00,14.00,52.94,44.37,700.00,4.00,5.00,12.00,24.15,19.55,486.00,10.00,9.00,14.00,52.20,45.62,455.00,3.00,7.00,13.00,11.60,9.50,239.00,11.00,11.00,9.00,1,주먹 쥐기 (Fist)
-10.56,-4.38,-31.62,-104.50,-15.00,141.94,212.42,197.10,95.86,150.12,205.99,176.57,93.00,407.04,228.63,142.70,133.84,255.63,93.24,108.28,148.00,42.64,65.83,88.57,146.71,97.48,48.11,180.59,62.00,365.06,315.52,264.87,191.38,69.68,157.19,257.21,12.00,57.42,0.92,32.93,34.44,34.87,83.88,48.03,34.00,40.87,35.13,806.00,9.00,8.00,14.00,52.51,42.59,678.00,4.00,5.00,12.00,25.29,21.30,540.00,11.00,10.00,14.00,58.32,50.75,615.00,4.00,7.00,13.00,11.42,9.38,234.00,9.00,10.00,9.00,1,주먹 쥐기 (Fist)
-31.06,-74.19,14.69,50.38,9.00,157.12,207.60,221.17,126.57,190.46,170.30,139.30,37.00,433.14,240.08,144.57,99.02,285.79,42.40,121.43,199.00,35.38,66.13,92.89,137.06,104.50,43.09,187.27,73.00,321.29,295.62,292.36,163.49,108.97,216.56,302.12,78.00,57.42,0.92,32.93,34.44,34.87,83.88,48.03,34.00,41.28,35.20,759.00,8.00,7.00,14.00,55.48,44.98,751.00,4.00,5.00,13.00,25.55,21.90,576.00,11.00,10.00,14.00,59.68,52.92,752.00,5.00,8.00,13.00,11.42,9.38,227.00,9.00,10.00,9.00,1,주먹 쥐기 (Fist)
-24.50,-2.56,-52.31,-85.44,4.25,140.76,191.20,235.21,111.40,210.73,147.91,120.89,14.00,415.03,220.52,163.12,81.47,306.79,33.57,125.09,221.00,80.11,103.16,45.10,120.67,150.60,19.67,205.91,121.00,366.26,339.33,241.98,114.95,107.50,241.27,327.08,129.00,32.32,28.82,12.28,53.01,55.82,65.58,21.38,6.00,40.03,34.00,687.00,7.00,7.00,13.00,55.16,43.95,763.00,4.00,6.00,13.00,28.84,25.27,635.00,11.00,10.00,14.00,62.88,56.51,850.00,6.00,8.00,13.00,9.97,8.38,208.00,9.00,10.00,8.00,1,주먹 쥐기 (Fist)
-5.94,65.38,-44.88,-46.38,17.94,178.67,232.19,196.46,82.42,211.73,114.61,82.71,27.00,260.65,80.36,307.26,123.17,331.84,142.95,217.05,60.00,134.73,156.94,61.66,67.05,151.93,64.10,206.87,66.00,335.33,309.70,250.60,129.53,83.81,237.54,334.26,160.00,12.82,46.26,31.84,44.15,62.42,64.23,42.35,27.00,39.17,31.80,601.00,6.00,6.00,13.00,53.29,44.58,841.00,5.00,6.00,14.00,31.03,27.88,628.00,10.00,11.00,13.00,60.98,54.33,881.00,6.00,8.00,13.00,10.99,9.30,214.00,9.00,10.00,9.00,1,주먹 쥐기 (Fist)
-93.19,-123.75,-19.62,-86.12,7.62,206.64,253.25,197.68,61.85,236.51,119.72,110.67,1.00,290.64,82.74,306.73,111.40,361.84,161.76,246.44,30.00,152.72,169.27,80.51,75.47,132.33,47.40,197.27,86.00,354.36,319.31,265.78,146.49,65.52,223.03,332.59,180.00,8.97,56.77,47.20,24.17,41.56,79.23,23.77,6.00,42.60,33.11,653.00,6.00,7.00,13.00,57.01,46.22,971.00,6.00,7.00,14.00,31.44,29.12,608.00,10.00,10.00,13.00,62.53,55.73,892.00,6.00,8.00,13.00,10.72,8.78,216.00,9.00,11.00,9.00,1,주먹 쥐기 (Fist)
-82.56,-61.81,-38.94,-68.00,3.94,260.40,265.58,253.96,112.95,196.76,155.49,59.47,57.00,319.23,72.41,335.91,141.44,351.43,165.71,216.17,61.00,149.34,169.71,80.19,71.28,129.54,47.19,193.54,91.00,331.91,328.21,239.80,134.08,74.23,193.03,320.79,210.00,18.71,56.82,46.39,30.41,45.58,68.30,30.72,17.00,47.07,35.83,636.00,6.00,8.00,12.00,58.60,47.91,1020.00,6.00,8.00,14.00,31.03,28.81,555.00,9.00,11.00,13.00,60.02,53.62,751.00,5.00,8.00,13.00,10.64,8.41,211.00,8.00,10.00,9.00,1,주먹 쥐기 (Fist)
-44.62,-68.56,-21.62,-97.31,-11.25,296.99,248.18,283.44,136.50,177.89,108.53,91.63,10.00,358.37,43.78,372.31,161.04,313.23,124.90,260.11,9.00,174.27,132.85,38.73,60.42,165.47,92.80,144.80,144.00,431.31,188.20,271.29,61.52,244.96,140.05,238.74,381.00,12.30,65.81,58.43,22.85,38.65,61.20,38.12,30.00,48.46,38.92,663.00,5.00,8.00,13.00,61.00,50.76,1030.00,6.00,9.00,15.00,30.68,28.20,557.00,9.00,11.00,13.00,63.00,56.44,779.00,5.00,9.00,13.00,11.03,9.31,210.00,8.00,9.00,9.00,1,주먹 쥐기 (Fist)
-41.19,-26.88,-46.62,-78.00,14.75,329.14,201.41,265.08,99.99,232.69,150.99,77.35,65.00,363.86,35.64,368.66,151.72,323.47,135.90,253.43,20.00,217.80,40.60,58.00,39.22,91.53,39.65,240.63,48.00,508.27,40.18,213.89,114.77,237.45,77.70,345.35,232.00,30.72,33.89,43.91,14.21,6.75,76.83,57.78,62.00,49.54,41.06,595.00,5.00,7.00,12.00,61.25,51.36,994.00,5.00,9.00,15.00,31.00,27.83,570.00,7.00,12.00,13.00,64.19,58.12,789.00,3.00,10.00,14.00,10.98,8.75,234.00,11.00,10.00,10.00,1,주먹 쥐기 (Fist)
-26.00,-0.75,37.00,40.06,-13.25,379.49,89.90,152.30,58.67,208.00,168.43,106.00,50.00,378.90,30.46,302.86,128.13,328.36,100.50,276.83,46.00,216.18,46.41,55.41,41.59,94.98,45.02,246.28,42.00,518.39,20.60,182.67,106.57,204.76,95.61,313.19,265.00,30.72,33.89,43.91,14.21,6.75,76.83,57.78,62.00,45.32,37.12,568.00,5.00,7.00,11.00,59.18,46.81,1005.00,5.00,9.00,15.00,31.41,28.25,602.00,7.00,12.00,13.00,62.38,56.32,839.00,4.00,10.00,14.00,10.98,8.75,231.00,11.00,10.00,10.00,1,주먹 쥐기 (Fist)
61.50,33.62,33.38,58.62,-6.62,377.96,93.40,157.29,51.87,215.55,176.14,109.84,58.00,377.84,47.98,293.41,149.97,306.92,92.47,275.86,24.00,231.10,91.26,104.69,96.88,41.27,22.16,206.73,100.00,524.05,44.39,223.83,161.38,182.67,150.55,258.99,320.00,31.75,40.58,27.32,38.08,20.76,59.44,60.45,36.00,45.95,37.69,561.00,5.00,6.00,11.00,58.15,45.33,951.00,5.00,8.00,15.00,32.11,29.25,550.00,6.00,11.00,12.00,64.17,59.33,861.00,4.00,10.00,15.00,10.12,8.47,218.00,9.00,11.00,9.00,1,주먹 쥐기 (Fist)
47.56,39.88,2.06,24.25,7.00,408.60,112.27,140.87,131.24,168.41,104.85,134.84,37.00,414.15,77.37,246.76,160.26,269.52,46.16,312.65,52.00,213.05,86.19,87.86,105.55,53.74,49.16,201.51,127.00,535.85,57.11,219.50,161.38,166.02,135.26,277.65,298.00,27.49,42.16,23.33,39.92,22.78,60.95,64.54,30.00,46.34,38.44,531.00,5.00,7.00,10.00,58.49,46.52,941.00,5.00,8.00,15.00,31.33,27.56,577.00,6.00,11.00,13.00,64.47,60.53,872.00,4.00,11.00,15.00,10.28,8.75,224.00,9.00,10.00,10.00,1,주먹 쥐기 (Fist)
20.56,46.75,18.38,65.50,8.94,432.82,112.51,114.77,144.92,144.94,103.36,108.76,5.00,470.18,142.97,181.79,222.95,227.84,105.70,259.24,14.00,208.66,89.67,90.86,110.07,49.03,45.77,200.26,122.00,572.82,72.06,177.11,117.52,206.92,139.12,253.79,342.00,14.45,57.94,7.97,56.04,36.22,46.57,49.27,47.00,46.58,39.01,491.00,4.00,6.00,10.00,59.60,48.75,828.00,4.00,7.00,15.00,31.12,27.25,557.00,5.00,11.00,13.00,66.35,62.94,894.00,4.00,12.00,15.00,10.38,8.55,210.00,10.00,9.00,9.00,2,손가락 펴기 (Open)
-7.38,-21.81,32.38,12.56,-13.56,371.11,159.88,174.92,203.34,87.11,80.56,50.73,60.00,336.67,116.85,245.68,289.59,98.21,233.25,136.73,149.00,256.42,41.67,46.47,137.24,67.49,68.93,176.22,74.00,540.26,83.04,199.88,125.00,211.36,125.45,252.34,375.00,36.70,38.02,22.21,66.61,56.92,23.00,25.69,71.00,44.52,36.38,474.00,5.00,5.00,10.00,53.41,43.11,814.00,5.00,7.00,15.00,32.06,28.45,514.00,8.00,10.00,13.00,65.48,61.13,915.00,4.00,12.00,15.00,10.71,9.30,212.00,8.00,9.00,9.00,2,손가락 펴기 (Open)
47.06,-8.75,44.38,-33.88,-19.06,412.07,119.80,176.36,192.03,104.42,59.28,17.13,101.00,304.53,147.66,234.13,314.87,102.25,217.37,169.11,116.00,256.42,41.67,46.47,137.24,67.49,68.93,176.22,74.00,423.13,202.50,194.36,44.18,318.38,239.53,231.85,254.00,44.62,38.57,24.02,73.25,57.63,27.83,33.64,63.00,46.09,38.94,464.00,6.00,5.00,10.00,53.15,42.66,769.00,5.00,7.00,15.00,32.06,28.45,481.00,7.00,9.00,13.00,62.78,58.75,957.00,5.00,11.00,15.00,11.40,9.92,202.00,7.00,8.00,8.00,2,손가락 펴기 (Open)
2.75,17.44,-19.38,-55.19,4.94,345.49,170.92,105.06,118.96,178.27,37.46,63.38,176.00,253.61,209.79,167.60,278.63,160.05,204.42,104.72,183.00,241.40,46.06,27.38,151.64,69.87,57.68,194.97,94.00,326.96,322.45,120.18,95.08,241.72,140.36,304.37,393.00,44.62,38.57,24.02,73.25,57.63,27.83,33.64,63.00,42.06,34.25,495.00,6.00,6.00,10.00,49.15,38.99,746.00,6.00,7.00,15.00,32.45,29.62,501.00,5.00,9.00,13.00,61.39,56.96,975.00,5.00,10.00,15.00,11.40,9.92,223.00,8.00,9.00,9.00,2,손가락 펴기 (Open)
-49.94,-12.12,18.44,63.94,-0.88,289.87,220.21,83.73,141.01,186.56,126.70,72.55,59.00,238.27,239.63,147.47,231.04,126.30,247.52,149.72,128.00,230.83,45.37,21.47,172.15,41.28,55.67,166.02,65.00,321.00,336.48,87.91,99.62,218.12,134.45,273.67,359.00,46.51,41.53,21.27,70.72,59.44,25.76,35.61,60.00,41.20,33.70,506.00,5.00,6.00,10.00,48.18,37.50,746.00,7.00,8.00,15.00,30.61,27.81,472.00,5.00,9.00,13.00,58.56,54.57,921.00,5.00,10.00,15.00,11.39,9.89,208.00,8.00,9.00,8.00,2,손가락 펴기 (Open)
33.06,-39.81,49.00,-44.94,-22.62,289.22,222.24,67.88,128.43,202.56,141.03,88.48,43.00,255.10,239.56,193.57,263.91,101.71,195.70,123.42,181.00,236.20,100.52,49.60,225.53,58.06,60.95,107.02,6.00,314.37,346.91,110.89,128.55,189.87,113.96,243.77,329.00,47.89,43.98,21.85,73.01,61.49,29.75,34.42,64.00,41.82,34.57,566.00,5.00,6.00,10.00,49.20,39.44,704.00,6.00,7.00,15.00,32.81,29.75,460.00,6.00,8.00,13.00,56.64,52.93,869.00,5.00,10.00,15.00,11.84,10.17,206.00,7.00,8.00,8.00,2,손가락 펴기 (Open)
15.56,-1.69,25.00,42.81,-11.50,280.63,242.14,66.38,145.10,194.64,134.67,66.02,67.00,214.18,282.52,153.29,222.62,41.03,171.79,140.96,243.00,236.20,100.52,49.60,225.53,58.06,60.95,107.02,6.00,340.12,306.66,127.66,125.78,193.90,70.52,202.25,285.00,51.14,46.06,39.73,88.19,43.87,20.26,36.46,46.00,41.97,34.94,574.00,7.00,7.00,11.00,46.72,35.77,673.00,5.00,8.00,15.00,32.81,29.75,414.00,5.00,8.00,13.00,53.47,49.84,815.00,5.00,10.00,15.00,12.12,10.69,213.00,7.00,8.00,9.00,2,손가락 펴기 (Open)
60.50,50.56,4.69,57.50,3.50,242.78,305.90,130.14,194.98,149.31,111.56,120.37,2.00,178.48,326.45,182.29,259.49,77.46,153.40,109.98,199.00,212.91,131.03,40.75,184.57,71.90,40.42,117.97,59.00,243.95,418.74,22.70,16.12,309.62,69.77,142.91,168.00,51.14,46.06,39.73,88.19,43.87,20.26,36.46,46.00,44.78,38.44,607.00,6.00,7.00,11.00,48.45,38.87,650.00,6.00,7.00,15.00,30.71,27.02,427.00,5.00,8.00,14.00,53.83,50.62,796.00,5.00,9.00,15.00,12.12,10.69,213.00,8.00,7.00,9.00,2,손가락 펴기 (Open)
26.50,32.06,-7.75,42.44,25.06,230.37,315.35,138.94,186.68,164.92,124.37,109.85,18.00,232.56,292.04,133.19,236.22,94.82,106.94,67.87,143.00,188.87,136.90,33.88,159.76,97.57,70.52,93.06,20.00,183.92,455.46,82.47,79.40,283.64,14.10,145.51,233.00,54.41,52.76,44.56,94.37,38.04,13.49,39.83,53.00,45.21,39.31,551.00,5.00,7.00,11.00,44.03,34.93,481.00,5.00,7.00,15.00,28.56,24.28,413.00,6.00,7.00,14.00,54.73,51.87,766.00,5.00,9.00,15.00,12.89,11.07,226.00,8.00,7.00,10.00,2,손가락 펴기 (Open)
-25.06,23.62,22.25,46.12,-12.50,176.98,312.96,119.64,139.70,164.44,69.10,136.64,39.00,101.77,296.74,169.55,116.39,116.39,28.96,85.95,8.00,151.46,121.84,33.91,201.25,59.61,28.39,134.69,68.00,67.57,455.91,176.75,147.87,208.36,110.41,197.89,116.00,38.38,34.62,25.48,106.83,21.87,12.55,60.26,76.00,40.92,35.44,592.00,6.00,7.00,12.00,35.63,30.50,421.00,5.00,6.00,14.00,28.54,23.78,427.00,7.00,7.00,14.00,53.55,49.41,757.00,5.00,9.00,15.00,13.08,11.38,262.00,9.00,8.00,11.00,2,손가락 펴기 (Open)
56.19,71.44,-22.25,19.44,13.12,37.08,242.25,39.76,254.16,42.18,181.20,165.09,101.00,91.94,258.00,158.69,105.15,204.09,107.64,96.85,139.00,129.46,103.74,33.25,213.06,52.91,36.58,110.71,44.00,17.18,414.65,191.65,125.06,283.05,86.36,133.19,191.00,43.45,34.78,23.69,102.18,26.24,18.40,66.26,82.00,38.85,33.94,647.00,9.00,8.00,12.00,37.87,32.06,467.00,5.00,5.00,14.00,26.72,22.09,456.00,8.00,7.00,14.00,52.15,45.98,739.00,5.00,9.00,15.00,13.37,11.75,272.00,9.00,8.00,11.00,2,손가락 펴기 (Open)
-4.75,20.44,-4.12,43.19,6.12,16.18,202.03,44.21,277.07,89.05,166.91,126.55,54.00,182.28,196.42,107.74,193.29,137.50,65.11,31.00,43.00,99.51,73.74,22.85,188.40,81.91,49.62,139.23,74.00,162.25,275.27,136.72,23.35,275.91,100.43,278.71,43.00,59.35,27.79,8.69,113.17,14.47,16.23,51.93,66.00,36.77,31.00,705.00,10.00,9.00,13.00,33.75,28.81,471.00,3.00,6.00,14.00,25.41,19.98,445.00,8.00,7.00,14.00,47.28,38.76,762.00,5.00,10.00,15.00,13.27,11.52,250.00,8.00,8.00,10.00,2,손가락 펴기 (Open)
-0.19,-34.56,47.38,-6.69,-21.25,70.31,148.30,51.15,233.21,87.58,142.80,179.64,109.00,182.28,196.42,107.74,193.29,137.50,65.11,31.00,43.00,40.62,85.20,102.36,150.12,100.13,70.44,87.45,46.00,253.00,190.26,69.49,100.66,183.99,124.27,189.65,137.00,22.74,67.00,49.50,89.55,52.29,57.16,42.55,24.00,34.26,27.56,705.00,10.00,10.00,13.00,33.75,28.81,504.00,4.00,6.00,14.00,22.64,18.88,420.00,8.00,7.00,14.00,40.49,30.68,690.00,5.00,11.00,15.00,13.57,11.88,252.00,8.00,7.00,10.00,2,손가락 펴기 (Open)
52.19,-22.88,22.62,-15.62,-14.75,174.30,131.31,94.89,182.17,20.85,241.28,77.35,3.00,172.96,206.04,114.09,203.84,126.86,54.26,38.66,54.00,51.49,97.11,106.10,162.11,89.40,62.79,82.15,34.00,226.58,200.94,102.49,112.87,166.06,157.04,168.08,170.00,21.64,73.92,52.39,96.93,48.16,51.11,38.31,32.00,34.74,27.46,676.00,10.00,9.00,13.00,34.11,29.50,482.00,3.00,7.00,14.00,23.20,19.62,444.00,8.00,8.00,15.00,40.50,31.34,679.00,5.00,10.00,15.00,13.97,12.38,253.00,8.00,8.00,10.00,2,손가락 펴기 (Open)
42.62,41.75,5.00,60.94,5.75,182.19,139.06,94.32,190.88,23.10,233.41,83.87,12.00,186.28,200.83,126.53,210.95,126.04,45.50,60.04,76.00,45.49,93.49,110.51,162.44,90.20,64.05,78.02,28.00,238.33,210.50,96.11,93.60,181.49,175.52,163.96,193.00,19.64,72.06,58.06,94.25,53.68,51.56,32.63,40.00,35.35,27.95,677.00,10.00,10.00,13.00,35.35,30.88,537.00,4.00,7.00,14.00,23.07,19.25,429.00,7.00,7.00,15.00,42.24,32.42,724.00,6.00,10.00,15.00,14.04,12.59,260.00,8.00,8.00,10.00,2,손가락 펴기 (Open)
9.69,-0.19,-7.00,-36.31,0.50,171.91,122.76,110.30,187.42,40.08,229.49,92.59,29.00,179.15,184.24,95.28,180.70,157.51,69.49,92.61,109.00,60.54,92.23,96.37,146.49,105.85,78.29,63.97,12.00,234.25,169.07,63.33,75.95,222.81,188.72,181.17,237.00,27.12,65.98,47.51,82.87,64.80,61.54,22.61,52.00,34.82,27.02,686.00,10.00,10.00,13.00,34.45,28.84,570.00,5.00,7.00,14.00,22.43,18.25,424.00,8.00,7.00,15.00,43.25,34.90,780.00,7.00,10.00,15.00,13.71,11.94,263.00,8.00,8.00,10.00,2,손가락 펴기 (Open)
-28.31,-7.75,31.44,84.50,-7.00,167.93,111.66,133.45,219.06,41.51,213.40,90.90,3.00,200.65,133.52,109.35,210.38,130.92,19.43,52.69,54.00,95.77,69.83,109.57,155.32,89.96,42.49,104.64,53.00,223.20,201.77,97.69,110.65,228.19,179.17,209.90,272.00,50.48,43.97,56.56,78.10,68.11,38.77,46.01,28.00,35.58,28.81,694.00,10.00,9.00,13.00,32.60,26.75,504.00,6.00,6.00,14.00,23.79,19.62,448.00,8.00,8.00,15.00,46.56,36.81,848.00,7.00,11.00,15.00,13.24,11.50,248.00,8.00,8.00,9.00,2,손가락 펴기 (Open)
49.50,64.00,-32.88,4.81,1.44,158.79,97.30,175.71,223.38,124.47,137.21,150.31,86.00,135.00,230.68,15.68,147.17,216.35,102.91,107.97,46.00,72.98,110.29,67.07,115.84,127.98,58.10,146.33,96.00,216.81,206.82,100.86,110.00,237.21,188.34,199.06,261.00,41.76,52.68,47.78,69.12,77.09,36.43,54.80,19.00,37.09,30.19,720.00,8.00,9.00,13.00,35.74,29.25,571.00,5.00,7.00,14.00,25.18,21.38,503.00,9.00,8.00,15.00,46.56,36.64,873.00,7.00,12.00,15.00,13.12,11.12,251.00,9.00,8.00,9.00,2,손가락 펴기 (Open)
7.56,16.25,-15.38,21.38,14.56,163.73,107.06,159.92,206.90,131.66,120.91,167.11,103.00,105.82,258.25,54.42,187.88,187.19,70.93,64.45,2.00,85.60,146.46,71.04,138.77,103.36,18.17,115.58,56.00,151.62,200.60,68.95,23.02,171.32,105.05,284.63,348.00,25.93,73.08,52.35,73.74,69.19,30.36,34.22,49.00,36.64,28.99,714.00,7.00,10.00,13.00,35.40,28.88,594.00,5.00,7.00,14.00,24.85,20.80,453.00,8.00,8.00,15.00,44.23,32.75,865.00,11.00,12.00,15.00,13.19,10.94,242.00,8.00,7.00,9.00,2,손가락 펴기 (Open)
-39.44,-56.38,20.56,-16.88,-17.69,174.89,122.99,160.81,211.57,142.29,129.05,151.65,87.00,153.45,265.93,49.01,177.23,219.82,95.97,15.79,52.00,50.23,134.70,6.05,100.46,152.14,52.20,109.59,9.00,88.04,164.78,45.57,88.06,152.73,157.47,217.16,264.00,32.43,74.90,24.44,48.55,95.15,29.59,42.49,77.00,37.50,30.01,702.00,10.00,9.00,13.00,38.24,32.25,637.00,6.00,7.00,14.00,23.17,19.81,457.00,9.00,8.00,15.00,36.96,27.50,781.00,11.00,12.00,15.00,13.78,11.73,270.00,9.00,8.00,10.00,2,손가락 펴기 (Open)
10.31,-73.81,24.38,-35.44,-6.94,89.49,78.71,70.84,121.49,238.14,146.91,95.68,13.00,194.45,301.81,89.96,218.19,181.99,55.01,47.11,11.00,46.04,162.42,32.81,133.52,125.11,29.34,94.49,26.00,137.16,213.26,88.33,90.82,105.36,172.91,200.44,209.00,37.79,85.46,24.12,55.90,87.73,35.30,32.78,65.00,30.81,25.69,674.00,9.00,9.00,13.00,41.74,34.84,626.00,6.00,6.00,14.00,23.91,20.67,428.00,8.00,7.00,14.00,37.85,28.49,696.00,10.00,11.00,15.00,13.85,11.94,258.00,8.00,8.00,10.00,2,손가락 펴기 (Open)
1.81,-34.75,35.62,-28.38,-21.62,82.18,84.90,63.84,126.21,236.91,149.11,94.49,5.00,166.16,272.50,84.34,219.11,185.97,38.04,73.26,20.00,45.99,174.20,40.47,137.42,121.17,26.20,102.44,14.00,74.20,155.83,58.88,38.83,59.82,162.86,222.41,146.00,39.17,90.22,29.06,59.67,85.16,30.35,37.53,70.00,30.78,25.41,666.00,9.00,9.00,12.00,39.39,32.88,625.00,6.00,7.00,14.00,24.83,21.42,416.00,7.00,7.00,14.00,31.25,25.05,622.00,10.00,12.00,15.00,14.28,12.25,263.00,8.00,9.00,10.00,2,손가락 펴기 (Open)
0.31,-53.75,-35.06,-67.31,-2.88,58.21,108.75,71.35,145.96,216.55,128.31,108.07,29.00,188.81,287.48,56.19,187.30,217.52,60.68,97.68,52.00,66.18,156.26,63.84,172.41,84.46,24.90,137.17,23.00,135.83,184.93,27.81,39.66,112.85,127.35,275.82,81.00,39.57,88.45,27.25,62.29,81.19,27.22,41.52,74.00,30.24,23.77,617.00,8.00,8.00,11.00,41.31,34.91,591.00,5.00,7.00,14.00,26.43,23.69,472.00,8.00,8.00,14.00,35.72,28.60,643.00,9.00,12.00,15.00,14.20,12.00,267.00,7.00,10.00,10.00,2,손가락 펴기 (Open)
-50.62,-57.69,-47.88,-71.25,13.75,137.37,85.17,11.85,200.85,155.99,52.24,183.72,110.00,247.33,279.91,57.73,220.81,186.48,39.73,91.74,45.00,99.84,172.34,95.52,185.61,106.83,42.96,102.37,12.00,221.77,194.98,80.88,81.94,78.83,219.75,180.34,178.00,42.99,90.67,31.72,66.84,82.97,28.27,36.31,68.00,32.29,26.30,640.00,8.00,8.00,11.00,43.06,36.81,579.00,5.00,7.00,14.00,28.92,25.88,477.00,8.00,7.00,14.00,39.86,31.62,642.00,5.00,11.00,15.00,14.48,12.38,262.00,8.00,9.00,10.00,2,손가락 펴기 (Open)
-87.94,-81.12,-51.00,-122.12,-1.19,220.71,167.22,100.99,266.81,138.53,114.64,93.93,19.00,305.78,227.83,155.31,314.39,105.14,71.63,68.06,60.00,129.51,201.75,101.24,159.53,120.48,14.28,129.33,18.00,342.62,188.92,176.25,135.62,70.60,122.45,325.13,32.00,21.62,61.18,16.53,91.26,62.32,31.43,31.93,35.00,39.47,32.70,635.00,8.00,7.00,11.00,47.68,40.62,609.00,3.00,7.00,15.00,31.22,27.75,449.00,7.00,6.00,13.00,50.68,38.23,691.00,5.00,10.00,15.00,12.28,10.46,240.00,8.00,9.00,10.00,2,손가락 펴기 (Open)
-85.25,-83.94,-33.00,-102.94,-7.19,254.79,206.38,121.78,243.82,177.18,108.82,131.29,62.00,361.59,134.59,208.35,291.03,218.81,64.75,125.28,55.00,172.78,242.85,73.00,139.98,73.96,53.49,101.57,30.00,452.84,184.24,220.38,133.99,152.20,145.43,207.14,179.00,21.62,61.18,16.53,91.26,62.32,31.43,31.93,35.00,43.68,35.72,545.00,7.00,6.00,10.00,52.01,43.93,563.00,3.00,6.00,15.00,32.22,28.88,421.00,6.00,6.00,13.00,56.51,43.08,679.00,5.00,10.00,15.00,12.28,10.46,220.00,7.00,8.00,9.00,2,손가락 펴기 (Open)
-50.69,-73.25,-23.31,-67.00,0.06,324.14,265.89,115.54,159.14,126.46,76.09,97.51,43.00,437.85,37.49,206.86,120.07,236.40,108.01,52.43,116.00,169.25,241.44,78.00,135.16,73.77,56.16,101.48,35.00,510.43,170.35,190.86,74.22,100.64,179.85,255.80,84.00,11.99,53.04,31.03,75.69,59.51,19.93,50.95,15.00,43.90,36.85,515.00,6.00,5.00,10.00,50.57,42.16,518.00,3.00,6.00,14.00,31.97,28.60,411.00,6.00,6.00,13.00,58.82,47.00,676.00,5.00,9.00,15.00,11.28,9.07,220.00,8.00,9.00,9.00,2,손가락 펴기 (Open)
-47.75,-18.50,-36.44,-20.56,5.62,347.49,269.59,89.27,195.82,90.10,105.98,83.02,4.00,462.81,101.34,163.92,144.22,160.81,68.01,55.73,40.00,182.55,228.31,71.78,146.25,102.08,58.64,116.49,65.00,545.25,135.84,111.06,23.43,57.32,94.77,243.44,171.00,13.23,58.13,31.37,69.81,51.22,28.02,42.06,24.00,45.59,40.16,507.00,5.00,5.00,10.00,48.94,39.75,513.00,3.00,5.00,14.00,33.25,30.24,367.00,5.00,6.00,13.00,56.93,44.87,673.00,3.00,9.00,15.00,10.78,8.58,195.00,7.00,8.00,8.00,2,손가락 펴기 (Open)
-22.75,-6.88,-30.88,-37.56,-6.00,354.83,252.37,57.27,215.43,120.74,74.16,101.01,28.00,463.13,106.24,153.93,152.64,163.73,62.36,46.54,50.00,214.11,149.92,157.61,78.55,83.44,125.80,60.75,24.00,554.89,93.77,70.48,83.36,118.06,154.15,224.70,107.00,15.79,48.21,40.14,62.24,44.40,37.41,34.07,34.00,45.92,41.25,471.00,5.00,4.00,10.00,48.96,39.98,513.00,3.00,5.00,14.00,31.39,28.48,343.00,3.00,6.00,12.00,57.45,46.06,683.00,3.00,9.00,15.00,10.14,7.88,200.00,5.00,9.00,9.00,2,손가락 펴기 (Open)
-9.56,-90.88,17.25,-5.19,2.19,354.85,173.79,80.39,162.50,136.55,141.07,44.09,55.00,437.52,135.50,154.77,133.88,258.81,173.11,158.49,62.00,217.93,132.20,168.02,63.89,65.53,109.07,72.14,6.00,551.29,73.07,87.70,82.30,106.94,145.10,237.05,129.00,27.54,38.60,50.51,54.08,39.74,33.41,41.41,21.00,42.48,37.26,470.00,5.00,4.00,10.00,54.17,43.48,538.00,5.00,5.00,14.00,30.45,27.22,372.00,4.00,6.00,12.00,57.33,45.34,636.00,3.00,9.00,15.00,9.82,7.54,188.00,8.00,9.00,8.00,2,손가락 펴기 (Open)
-12.44,-4.75,-26.81,-65.50,-0.12,341.80,102.69,158.06,99.20,55.82,136.26,112.42,27.00,399.86,160.53,252.76,45.25,198.58,116.37,76.43,36.00,216.53,112.71,150.45,100.72,97.36,133.76,33.87,53.00,486.42,107.16,248.75,89.27,127.11,172.09,126.62,42.00,16.58,39.49,53.50,45.34,28.97,41.04,46.29,10.00,39.22,33.05,444.00,5.00,5.00,9.00,49.30,37.19,574.00,5.00,6.00,14.00,30.91,27.27,408.00,5.00,6.00,12.00,54.53,42.88,607.00,3.00,9.00,15.00,9.47,6.78,185.00,9.00,10.00,8.00,2,손가락 펴기 (Open)
-23.50,-29.50,3.56,-32.94,-7.31,320.39,115.53,179.44,154.16,88.88,88.46,49.66,36.00,353.41,164.62,295.87,61.06,158.19,107.43,129.64,48.00,214.75,115.91,144.52,103.77,98.94,134.34,39.09,47.00,463.68,144.16,259.85,95.27,143.99,180.38,154.84,1.00,8.13,34.35,66.50,38.01,38.15,28.10,45.83,23.00,38.61,31.06,419.00,4.00,4.00,9.00,48.23,34.56,593.00,7.00,6.00,14.00,30.83,26.80,397.00,6.00,6.00,12.00,55.17,44.43,514.00,3.00,9.00,15.00,9.57,7.02,184.00,8.00,9.00,8.00,2,손가락 펴기 (Open)
-22.06,-71.81,12.12,-50.81,-14.56,307.05,137.66,166.33,164.48,97.79,111.30,70.51,13.00,269.97,153.69,258.84,163.49,280.75,198.43,120.04,75.00,191.64,156.31,127.97,72.35,58.27,105.20,3.90,88.00,326.92,283.71,175.96,110.37,57.16,88.01,67.38,195.00,15.80,24.90,72.09,49.04,42.89,36.74,41.45,11.00,39.03,32.08,336.00,5.00,3.00,8.00,50.44,36.81,565.00,7.00,5.00,14.00,28.11,23.73,336.00,5.00,5.00,11.00,45.51,38.41,465.00,5.00,9.00,15.00,10.25,7.87,183.00,7.00,9.00,8.00,2,손가락 펴기 (Open)
6.12,-12.38,4.88,3.25,-2.00,242.48,213.34,85.38,101.83,18.11,70.09,57.69,96.00,167.04,159.10,123.69,183.92,253.57,69.02,101.25,76.00,207.74,140.74,112.92,88.51,50.63,85.39,20.98,108.00,275.25,309.20,119.14,109.48,45.30,128.15,74.42,130.00,24.74,15.90,67.27,52.84,34.01,36.59,47.34,20.00,32.49,25.59,316.00,6.00,3.00,8.00,37.97,29.88,570.00,7.00,6.00,14.00,27.91,23.27,327.00,5.00,6.00,10.00,42.39,34.25,493.00,6.00,9.00,15.00,10.12,7.62,180.00,7.00,9.00,8.00,2,손가락 펴기 (Open)
-6.38,-33.88,10.19,-28.81,-8.00,191.83,243.04,98.28,64.88,53.83,52.77,33.55,40.00,111.02,181.88,64.35,100.81,128.82,140.86,146.93,60.00,218.51,140.48,102.89,83.19,42.07,94.49,13.21,97.00,160.31,299.61,67.41,38.01,82.43,12.87,78.42,257.00,56.09,23.24,35.68,29.53,51.28,23.24,21.51,12.00,30.28,22.62,284.00,5.00,3.00,8.00,30.56,26.38,524.00,5.00,7.00,14.00,28.03,23.94,293.00,4.00,7.00,9.00,36.18,30.21,500.00,5.00,10.00,15.00,8.63,6.62,154.00,6.00,9.00,7.00,2,손가락 펴기 (Open)
-12.44,-30.12,-7.69,-13.56,1.25,176.92,241.62,113.17,78.77,54.95,62.62,38.63,55.00,109.73,178.32,124.32,43.38,181.69,136.85,92.41,0.00,169.68,110.24,112.04,130.08,20.74,116.23,50.04,47.00,79.52,257.62,151.41,57.38,86.95,75.86,75.55,173.00,46.11,12.25,39.54,40.50,48.93,18.81,13.42,24.00,30.44,23.24,235.00,5.00,2.00,7.00,30.80,26.39,504.00,5.00,6.00,13.00,26.21,21.77,308.00,5.00,8.00,10.00,32.22,27.31,488.00,5.00,10.00,15.00,8.24,6.12,154.00,7.00,9.00,7.00,2,손가락 펴기 (Open)
-8.00,19.25,-18.25,-19.06,7.69,110.36,194.07,149.24,122.80,19.61,8.55,46.25,16.00,111.55,184.75,121.05,40.02,181.82,145.03,82.55,10.00,120.37,47.63,80.87,129.81,50.84,143.86,22.30,118.00,7.53,193.28,191.03,72.86,20.22,65.09,45.84,245.00,42.36,13.65,34.42,38.33,57.56,26.37,20.99,15.00,26.50,19.25,227.00,5.00,2.00,7.00,31.10,27.09,513.00,6.00,5.00,13.00,23.53,19.06,311.00,5.00,7.00,10.00,30.10,25.31,487.00,7.00,10.00,15.00,8.48,6.52,146.00,7.00,8.00,6.00,2,손가락 펴기 (Open)
-24.69,-35.06,42.25,53.62,-14.44,83.57,111.49,138.04,98.62,89.76,78.07,67.66,69.00,94.50,94.14,76.88,130.31,106.32,234.99,20.48,101.00,118.45,23.63,58.46,106.89,45.24,120.16,2.92,94.00,4.69,182.62,186.73,65.30,18.49,55.04,48.73,234.00,42.52,15.58,32.43,36.35,56.35,24.48,18.99,17.00,23.27,16.77,249.00,5.00,2.00,8.00,29.68,26.31,552.00,9.00,6.00,13.00,19.83,17.19,297.00,5.00,8.00,10.00,28.73,24.62,516.00,8.00,11.00,15.00,8.25,6.38,149.00,7.00,9.00,6.00,2,손가락 펴기 (Open)
92.19,85.56,-2.06,61.94,12.88,72.37,142.66,167.76,132.46,112.76,105.97,101.29,103.00,113.95,140.85,128.83,144.46,59.55,271.72,71.41,155.00,116.53,27.32,62.23,108.63,49.93,116.10,7.68,89.00,38.40,207.66,229.73,102.04,28.56,19.90,84.49,191.00,48.73,25.67,31.27,39.40,51.49,30.87,29.60,6.00,29.42,19.16,312.00,6.00,3.00,8.00,35.88,29.69,666.00,10.00,7.00,13.00,19.76,16.95,326.00,6.00,9.00,10.00,32.40,27.45,517.00,6.00,11.00,15.00,8.87,7.00,160.00,8.00,9.00,6.00,2,손가락 펴기 (Open)
47.19,112.50,26.69,120.50,16.06,64.28,168.24,206.23,144.59,135.65,103.75,56.56,55.00,202.32,197.55,200.52,235.58,96.21,285.00,31.39,58.00,88.74,61.28,68.38,63.25,41.58,134.01,44.51,141.00,154.92,231.27,297.67,120.74,120.65,114.53,34.69,310.00,46.09,24.45,28.44,36.67,48.50,30.98,32.11,3.00,31.84,22.64,311.00,5.00,4.00,8.00,45.83,36.88,669.00,7.00,7.00,13.00,20.14,17.85,353.00,7.00,9.00,11.00,44.86,35.81,523.00,5.00,10.00,15.00,8.49,6.82,146.00,8.00,9.00,5.00,2,손가락 펴기 (Open)
26.50,94.25,12.81,109.31,12.38,88.69,177.42,206.79,82.04,66.36,59.51,118.86,130.00,318.08,234.71,214.60,233.11,166.99,189.56,84.94,174.00,67.69,87.62,54.07,49.37,5.44,151.83,16.14,95.00,323.88,243.32,282.26,115.43,145.29,146.16,149.04,131.00,57.03,22.31,36.83,33.38,45.11,25.34,39.55,8.00,30.54,22.44,327.00,5.00,4.00,9.00,51.75,43.22,670.00,7.00,8.00,13.00,18.85,16.94,349.00,7.00,10.00,11.00,50.80,40.90,513.00,7.00,10.00,14.00,9.05,7.50,143.00,7.00,9.00,5.00,2,손가락 펴기 (Open)
60.25,117.31,-13.50,26.56,16.94,170.59,164.58,127.13,80.61,122.97,168.38,88.60,14.00,466.68,254.22,152.78,86.21,94.02,348.53,89.66,15.00,65.07,88.07,49.65,54.33,3.07,146.98,13.65,100.00,402.28,229.91,214.40,87.30,73.65,55.23,66.07,223.00,79.31,18.24,39.20,11.18,29.01,47.26,35.88,15.00,31.90,24.81,340.00,5.00,5.00,9.00,59.40,49.40,703.00,5.00,9.00,14.00,18.58,16.62,365.00,8.00,9.00,11.00,48.89,39.87,560.00,5.00,10.00,14.00,9.98,8.20,143.00,7.00,10.00,5.00,2,손가락 펴기 (Open)
1.31,76.44,-13.19,-26.06,15.88,191.52,150.83,96.22,104.85,131.72,143.51,71.19,45.00,569.54,243.17,66.90,99.76,37.64,275.80,36.41,141.00,69.09,91.25,53.67,55.11,8.02,142.70,10.82,105.00,408.73,223.33,204.87,77.47,68.36,60.95,71.31,213.00,93.80,20.41,29.91,24.17,45.92,34.11,30.71,2.00,31.09,23.52,397.00,5.00,6.00,10.00,61.66,52.06,686.00,4.00,10.00,14.00,18.77,16.94,350.00,8.00,9.00,10.00,48.50,39.32,571.00,5.00,9.00,14.00,10.79,9.25,138.00,6.00,9.00,5.00,2,손가락 펴기 (Open)
-55.94,-8.94,20.88,24.62,-4.56,182.18,176.81,107.89,122.35,159.72,143.91,54.25,73.00,563.71,249.08,76.70,93.24,38.18,279.35,45.64,151.00,25.46,44.52,78.58,13.04,51.21,139.54,39.83,152.00,415.75,202.41,204.34,76.24,89.27,66.57,69.79,234.00,88.44,24.02,38.90,22.02,49.43,35.68,28.03,11.00,33.41,25.05,433.00,6.00,6.00,10.00,61.71,52.55,761.00,5.00,9.00,14.00,18.58,16.61,387.00,9.00,9.00,11.00,48.90,40.80,602.00,5.00,9.00,14.00,10.81,9.26,148.00,6.00,8.00,5.00,2,손가락 펴기 (Open)
47.56,31.75,40.44,83.88,6.56,183.84,128.15,147.86,90.82,188.08,190.90,38.93,129.00,568.71,228.29,67.53,77.90,23.59,298.77,62.73,172.00,46.75,43.82,145.85,82.30,76.42,95.74,43.56,81.00,426.61,137.87,307.60,184.10,117.01,51.30,98.52,126.00,92.31,10.63,35.55,8.06,41.91,48.51,23.98,25.00,35.57,28.10,532.00,3.00,6.00,11.00,62.17,54.06,712.00,3.00,9.00,14.00,20.22,16.81,364.00,10.00,8.00,11.00,53.29,45.38,637.00,4.00,8.00,14.00,10.81,9.31,151.00,6.00,8.00,6.00,2,손가락 펴기 (Open)
37.06,108.19,-13.56,6.88,-10.62,179.81,127.72,183.23,129.03,210.62,153.08,55.54,89.00,577.27,136.58,256.06,152.16,224.50,139.33,169.72,29.00,24.99,12.96,144.34,85.73,105.92,67.22,75.40,49.00,426.61,137.87,307.60,184.10,117.01,51.30,98.52,126.00,93.72,23.30,24.48,16.12,28.93,60.54,22.21,38.00,36.84,31.17,532.00,3.00,7.00,11.00,64.93,58.16,721.00,3.00,8.00,14.00,20.08,16.87,373.00,8.00,8.00,11.00,53.29,45.38,643.00,3.00,8.00,14.00,11.15,9.83,166.00,6.00,9.00,7.00,2,손가락 펴기 (Open)
57.50,27.50,5.19,33.38,18.12,166.86,191.33,194.54,163.25,142.10,194.27,29.92,162.00,571.37,172.60,281.45,171.68,212.21,136.05,126.99,14.00,42.78,41.55,110.89,52.35,113.84,32.98,110.19,13.00,381.92,238.19,268.84,80.22,158.62,92.67,150.35,22.00,84.60,19.77,43.11,31.30,29.24,71.40,26.09,58.00,39.62,34.94,542.00,3.00,8.00,11.00,65.23,59.25,769.00,3.00,9.00,14.00,18.72,15.19,364.00,11.00,9.00,11.00,51.38,43.05,646.00,3.00,8.00,14.00,12.09,11.00,188.00,7.00,10.00,8.00,2,손가락 펴기 (Open)
-38.00,-83.00,73.25,-40.62,-17.38,169.83,183.91,200.54,169.45,142.64,194.27,33.90,170.00,591.35,134.61,302.13,206.19,246.51,114.28,94.47,54.00,107.86,104.92,75.12,113.72,179.13,95.02,63.91,92.00,381.92,238.19,268.84,80.22,158.62,92.67,150.35,22.00,90.32,13.12,42.92,28.64,37.24,71.13,28.81,66.00,40.05,35.38,638.00,4.00,9.00,12.00,67.65,61.75,832.00,4.00,8.00,14.00,26.61,19.41,431.00,10.00,8.00,12.00,51.38,43.05,690.00,4.00,8.00,14.00,12.64,11.50,216.00,8.00,10.00,9.00,2,손가락 펴기 (Open)
21.56,84.19,-58.81,-42.50,16.38,136.13,211.20,153.45,142.09,195.89,161.14,71.00,225.00,451.87,273.41,123.55,205.73,410.94,90.64,171.35,243.00,74.40,97.49,31.60,105.38,230.31,134.97,98.73,155.00,355.31,245.95,253.70,110.16,128.65,82.14,155.51,8.00,57.85,49.12,14.43,10.00,61.33,53.10,48.04,102.00,39.68,35.06,678.00,5.00,9.00,12.00,66.88,60.46,961.00,5.00,8.00,14.00,30.64,23.31,561.00,10.00,8.00,13.00,49.27,41.12,640.00,6.00,7.00,13.00,12.55,11.30,240.00,9.00,10.00,9.00,2,손가락 펴기 (Open)
-72.31,-73.56,8.50,-2.81,6.44,192.28,230.43,152.15,83.60,239.77,99.09,124.10,291.00,469.70,267.79,122.43,188.16,411.53,99.07,191.20,263.00,73.41,88.52,42.40,94.54,228.98,136.50,109.30,166.00,334.43,237.30,267.71,111.02,137.07,100.24,159.47,13.00,43.16,60.56,1.07,12.04,65.92,66.44,42.36,87.00,43.77,39.19,760.00,6.00,10.00,12.00,68.07,61.87,1090.00,6.00,9.00,14.00,30.71,23.69,623.00,10.00,8.00,14.00,48.93,39.81,641.00,6.00,6.00,13.00,12.50,11.05,241.00,9.00,10.00,9.00,2,손가락 펴기 (Open)
-62.62,-17.00,-48.06,-45.06,-20.31,235.21,271.24,118.89,67.36,257.42,140.38,100.93,248.00,398.89,239.41,189.52,164.61,348.85,106.23,260.22,334.00,107.78,143.22,48.52,100.46,177.09,114.48,164.00,221.00,315.26,219.02,286.46,91.24,150.66,81.42,148.27,7.00,47.11,60.03,4.68,15.00,69.92,70.19,43.19,83.00,46.31,41.88,760.00,6.00,11.00,12.00,64.71,56.88,1151.00,6.00,10.00,15.00,33.11,26.69,662.00,10.00,9.00,14.00,47.52,38.56,672.00,6.00,6.00,13.00,12.87,11.36,258.00,10.00,10.00,9.00,2,손가락 펴기 (Open)
89.62,-12.06,61.88,54.62,-13.81,125.46,172.06,238.43,57.43,380.93,230.77,159.46,124.00,322.80,173.11,247.49,85.16,416.49,153.53,198.41,253.00,37.56,109.88,38.89,178.10,133.32,64.89,238.83,302.00,237.07,116.20,314.88,136.03,63.00,166.61,252.06,110.00,54.13,65.38,11.28,20.81,67.48,67.17,38.89,91.00,51.31,45.33,920.00,7.00,11.00,13.00,60.67,51.31,1111.00,6.00,9.00,15.00,36.59,29.36,762.00,11.00,9.00,14.00,47.49,38.22,769.00,7.00,6.00,13.00,13.25,11.98,257.00,9.00,10.00,9.00,2,손가락 펴기 (Open)
40.62,27.25,-6.00,36.38,6.81,111.96,193.43,266.47,92.62,363.79,225.57,86.02,204.00,274.78,98.28,239.58,127.78,432.93,78.93,235.06,328.00,19.31,130.83,64.25,186.82,112.61,91.69,217.06,272.00,245.88,157.12,250.93,229.87,81.52,170.59,136.19,6.00,50.40,59.38,12.56,24.76,72.36,70.00,34.50,97.00,51.61,44.83,942.00,9.00,11.00,13.00,60.05,50.03,1095.00,7.00,8.00,15.00,35.54,27.25,769.00,9.00,9.00,14.00,44.66,37.33,708.00,7.00,7.00,13.00,13.37,12.27,256.00,9.00,9.00,9.00,2,손가락 펴기 (Open)
-11.69,-22.44,28.62,97.38,21.94,147.55,244.46,236.99,73.11,318.36,187.09,138.54,151.00,271.65,80.28,162.07,198.83,342.36,151.96,228.90,237.00,17.19,136.82,64.35,181.24,118.40,86.19,219.31,278.00,329.91,269.06,138.93,206.24,148.44,80.51,241.81,106.00,59.87,41.86,58.54,65.52,42.28,28.02,78.82,51.00,49.21,41.10,872.00,9.00,10.00,13.00,53.53,43.69,1015.00,7.00,9.00,15.00,35.82,27.67,760.00,11.00,9.00,14.00,51.21,43.83,765.00,7.00,8.00,13.00,13.45,11.41,246.00,8.00,9.00,9.00,2,손가락 펴기 (Open)
29.94,151.19,-35.44,-3.62,-12.00,122.94,222.61,262.86,99.08,297.20,161.16,163.64,125.00,370.41,225.44,77.13,180.65,434.88,172.38,201.45,387.00,28.46,127.49,78.09,187.38,121.25,82.12,219.91,293.00,329.91,269.06,138.93,206.24,148.44,80.51,241.81,106.00,46.44,30.81,54.59,72.07,56.00,11.25,95.49,34.00,47.80,39.68,870.00,10.00,11.00,13.00,66.20,53.06,1165.00,8.00,9.00,15.00,36.55,28.63,793.00,11.00,9.00,14.00,51.21,43.83,800.00,7.00,9.00,13.00,13.76,12.25,278.00,9.00,9.00,10.00,2,손가락 펴기 (Open)
37.38,-7.06,17.19,21.12,-5.12,147.93,228.46,256.67,103.16,304.40,143.11,184.38,100.00,328.55,191.84,37.38,223.14,421.02,215.76,196.82,431.00,22.52,126.68,74.07,192.78,116.52,85.65,218.10,299.00,286.76,271.54,111.63,212.96,163.46,119.55,222.64,62.00,33.78,17.74,67.33,84.58,45.57,21.94,84.05,48.00,48.63,41.05,863.00,9.00,10.00,12.00,65.63,51.20,1315.00,9.00,9.00,15.00,36.70,28.96,835.00,12.00,10.00,14.00,48.92,40.73,822.00,8.00,10.00,14.00,13.67,12.23,281.00,9.00,9.00,10.00,2,손가락 펴기 (Open)
-3.62,-64.06,68.62,97.94,-15.69,147.93,228.46,256.67,103.16,304.40,143.11,184.38,100.00,232.79,213.42,66.40,262.67,516.45,149.82,249.46,335.00,51.31,83.13,125.46,233.69,183.91,16.27,270.28,226.00,316.18,244.55,146.41,246.98,198.36,137.02,226.38,27.00,11.38,7.99,85.02,77.93,41.50,26.19,97.50,25.00,48.63,41.05,863.00,9.00,10.00,12.00,67.35,52.45,1345.00,9.00,8.00,15.00,40.75,33.50,865.00,11.00,10.00,14.00,52.44,43.20,824.00,7.00,10.00,14.00,14.18,12.94,287.00,9.00,10.00,11.00,2,손가락 펴기 (Open)
95.50,34.00,9.94,-3.75,-10.12,195.85,169.98,310.34,104.36,336.23,193.22,207.57,38.00,204.03,244.86,90.84,236.14,501.71,145.51,219.84,368.00,93.30,48.73,162.30,203.71,185.36,59.26,229.30,269.00,322.84,233.56,149.96,249.61,195.15,139.07,220.58,38.00,13.62,32.98,83.51,53.37,64.68,3.55,92.44,50.00,53.67,44.44,909.00,9.00,11.00,12.00,65.82,50.12,1408.00,10.00,9.00,15.00,40.07,32.31,921.00,9.00,11.00,15.00,52.32,42.59,873.00,8.00,10.00,14.00,14.00,12.64,291.00,9.00,11.00,11.00,2,손가락 펴기 (Open)
29.94,23.69,12.88,65.44,-2.94,232.78,119.27,311.05,53.41,369.58,138.87,207.79,95.00,197.78,254.58,89.18,229.40,494.33,153.62,230.79,357.00,137.43,4.36,165.92,169.14,138.29,43.00,278.23,220.00,385.36,174.40,107.80,119.27,120.57,77.27,343.98,103.00,32.00,48.15,67.24,60.54,54.49,22.17,88.33,31.00,53.88,44.17,912.00,9.00,11.00,12.00,65.52,49.44,1333.00,9.00,9.00,15.00,39.29,30.86,890.00,8.00,12.00,14.00,52.21,43.26,899.00,7.00,11.00,14.00,13.48,11.67,276.00,8.00,10.00,10.00,2,손가락 펴기 (Open)
30.19,-1.62,46.81,137.69,-6.81,304.22,152.97,210.52,100.22,253.58,220.90,179.76,29.00,214.18,243.78,140.67,189.55,444.62,206.53,281.84,304.00,176.29,46.39,129.04,209.40,174.55,28.18,234.84,269.00,457.64,313.99,112.66,146.45,289.70,218.81,171.98,69.00,33.71,48.72,65.56,62.27,53.14,20.69,89.32,33.00,49.70,38.61,813.00,6.00,11.00,11.00,64.17,46.53,1313.00,10.00,9.00,15.00,41.11,33.54,903.00,8.00,11.00,14.00,62.87,51.23,916.00,6.00,10.00,14.00,13.54,11.77,268.00,7.00,10.00,9.00,2,손가락 펴기 (Open)
96.62,49.25,-0.69,31.69,10.00,348.65,241.78,132.94,159.51,264.77,223.32,222.32,60.00,226.76,290.11,185.35,149.00,450.67,169.54,232.19,370.00,163.66,35.68,151.86,198.21,170.32,31.64,221.18,293.00,457.64,313.99,112.66,146.45,289.70,218.81,171.98,69.00,31.98,50.17,65.06,63.81,50.32,20.86,91.72,36.00,55.50,42.83,877.00,7.00,10.00,12.00,65.33,49.59,1279.00,10.00,9.00,15.00,40.72,32.31,896.00,8.00,11.00,14.00,62.87,51.23,945.00,5.00,10.00,14.00,13.66,12.00,267.00,7.00,10.00,9.00,2,손가락 펴기 (Open)
15.56,82.56,-42.06,-45.31,14.31,353.15,254.66,138.38,150.46,278.12,209.09,207.50,43.00,226.41,301.08,182.46,158.76,460.04,166.15,236.39,359.00,162.97,42.19,153.22,207.34,179.94,35.41,223.08,283.00,457.64,313.99,112.66,146.45,289.70,218.81,171.98,69.00,37.88,76.59,39.46,87.85,58.06,16.48,65.80,9.00,55.65,43.58,932.00,6.00,10.00,12.00,66.14,50.37,1235.00,9.00,9.00,15.00,41.29,32.94,917.00,8.00,11.00,14.00,62.87,51.23,989.00,6.00,9.00,14.00,13.86,12.52,243.00,6.00,9.00,8.00,2,손가락 펴기 (Open)
-44.88,-16.75,16.12,28.94,3.25,367.78,258.08,65.38,217.01,343.13,137.99,135.59,30.00,230.92,294.02,193.33,154.16,468.95,156.61,236.87,348.00,155.32,13.21,178.44,197.52,199.09,63.86,219.76,254.00,435.65,301.91,98.51,120.77,332.26,241.83,193.28,25.00,26.71,64.95,51.38,94.67,50.35,21.19,50.83,6.00,56.52,45.77,901.00,6.00,9.00,12.00,66.26,50.97,1222.00,10.00,9.00,15.00,41.40,33.14,904.00,8.00,11.00,14.00,63.23,52.44,992.00,7.00,10.00,14.00,13.15,11.47,219.00,5.00,9.00,8.00,2,손가락 펴기 (Open)
-8.81,-2.50,-3.62,-19.69,-6.50,331.11,208.97,107.40,245.73,347.09,120.99,74.43,93.00,161.86,307.14,167.61,62.64,457.35,47.46,229.50,224.00,200.38,77.42,134.00,133.42,183.54,125.17,200.33,186.00,381.93,243.25,166.95,189.47,329.20,169.11,191.63,99.00,37.64,66.44,54.65,84.63,38.36,23.28,40.47,18.00,53.78,41.34,878.00,6.00,9.00,12.00,58.75,44.19,1065.00,9.00,9.00,15.00,38.39,30.17,792.00,8.00,11.00,14.00,59.12,47.81,1036.00,8.00,11.00,15.00,12.43,10.81,192.00,5.00,8.00,7.00,2,손가락 펴기 (Open)
14.62,31.88,-18.19,-14.00,11.88,311.29,183.98,105.34,266.85,368.68,105.40,94.65,68.00,176.68,317.80,146.36,83.95,437.48,55.39,226.57,202.00,147.33,62.03,109.64,164.94,131.18,159.53,178.81,129.00,306.73,158.37,230.44,229.44,250.01,245.23,162.87,14.00,31.65,69.86,48.65,81.30,36.66,21.97,37.52,24.00,53.86,41.41,805.00,7.00,8.00,12.00,57.75,42.64,939.00,9.00,8.00,15.00,33.97,26.31,735.00,8.00,10.00,14.00,54.07,42.88,1006.00,10.00,11.00,15.00,11.98,10.39,201.00,6.00,9.00,8.00,2,손가락 펴기 (Open)
-46.50,-47.94,20.94,-6.44,-5.19,248.69,146.30,52.94,239.75,319.43,170.57,77.05,134.00,122.55,259.12,190.53,113.86,393.83,115.67,205.75,141.00,117.37,88.07,80.27,144.17,155.45,161.93,198.10,159.00,252.51,128.87,225.94,189.10,292.71,229.00,195.30,69.00,19.17,84.74,44.93,69.03,25.73,34.83,41.13,9.00,47.56,36.25,855.00,8.00,9.00,13.00,52.45,39.30,954.00,10.00,9.00,15.00,34.35,27.05,716.00,9.00,10.00,14.00,51.98,39.87,976.00,10.00,10.00,15.00,11.84,9.98,192.00,6.00,9.00,8.00,2,손가락 펴기 (Open)
3.25,13.00,-7.19,-22.75,-4.06,132.79,215.89,65.09,133.45,294.08,106.38,102.19,18.00,60.01,203.63,185.43,166.88,371.25,76.84,248.52,206.00,59.12,151.66,67.23,102.42,179.24,114.41,140.44,93.00,170.21,179.38,152.94,137.88,322.70,194.22,123.14,16.00,27.78,74.26,33.18,61.29,12.59,48.16,43.87,5.00,39.00,28.31,752.00,8.00,9.00,13.00,51.08,37.38,1009.00,11.00,10.00,15.00,29.42,22.71,625.00,11.00,10.00,14.00,45.13,35.31,880.00,8.00,10.00,15.00,11.03,9.33,188.00,6.00,10.00,8.00,2,손가락 펴기 (Open)
13.50,40.50,-43.50,-62.62,4.81,165.95,180.09,55.17,118.30,260.73,130.37,122.69,18.00,27.99,208.63,115.38,147.28,458.75,87.84,168.87,118.00,129.01,127.07,25.41,45.01,269.52,28.84,55.34,2.00,224.70,113.56,212.95,82.07,388.45,142.50,64.20,82.00,39.57,76.42,19.36,46.23,20.74,42.17,48.01,13.00,37.21,26.62,716.00,8.00,9.00,12.00,51.00,37.81,998.00,9.00,9.00,15.00,29.58,22.88,601.00,8.00,9.00,14.00,47.94,38.41,913.00,8.00,9.00,15.00,10.65,9.09,177.00,6.00,10.00,8.00,2,손가락 펴기 (Open)
-55.44,-83.19,49.00,34.56,-8.12,218.13,148.73,118.17,59.41,310.81,65.55,118.18,47.00,60.27,141.02,197.83,232.17,504.27,114.75,85.69,33.00,95.22,87.28,74.32,117.00,298.19,43.29,20.70,70.00,199.99,146.44,216.18,117.48,404.63,97.51,24.02,127.00,34.62,62.53,17.68,37.95,23.27,54.09,61.48,30.00,39.84,30.58,740.00,8.00,9.00,12.00,55.33,42.69,1083.00,10.00,9.00,15.00,31.82,24.50,663.00,7.00,9.00,14.00,48.72,40.62,945.00,8.00,9.00,15.00,10.66,8.91,173.00,7.00,10.00,8.00,2,손가락 펴기 (Open)
14.00,9.38,-15.19,-16.50,-2.19,189.99,133.28,100.24,52.80,303.01,53.30,157.51,104.00,13.12,196.00,194.17,236.52,478.33,123.32,31.46,22.00,93.37,113.41,58.79,120.78,281.47,67.64,44.51,99.00,222.04,155.98,140.06,171.82,355.00,67.61,57.62,206.00,53.36,31.81,22.22,13.00,48.71,23.54,31.41,1.00,38.69,28.25,773.00,9.00,10.00,12.00,54.30,40.62,996.00,10.00,9.00,15.00,31.91,24.81,664.00,8.00,9.00,14.00,46.60,37.12,900.00,8.00,9.00,15.00,8.12,6.76,142.00,6.00,10.00,7.00,2,손가락 펴기 (Open)
5.44,17.38,-7.12,23.38,9.75,190.22,126.60,108.41,44.78,311.49,45.53,148.87,95.00,127.54,136.14,82.91,113.72,350.53,138.63,105.16,150.00,116.35,72.36,40.76,76.16,235.38,94.41,84.69,146.00,227.41,98.84,190.55,143.34,290.66,126.34,118.91,272.00,37.25,43.68,30.55,7.07,61.89,20.98,14.45,18.00,38.70,28.23,772.00,8.00,10.00,12.00,41.36,33.42,835.00,9.00,9.00,14.00,29.10,22.16,622.00,10.00,10.00,14.00,45.92,36.95,922.00,9.00,10.00,15.00,8.35,7.31,149.00,7.00,9.00,8.00,2,손가락 펴기 (Open)
-18.00,35.94,-27.38,-30.94,-1.25,180.93,151.60,91.98,61.07,328.71,21.69,124.02,70.00,83.36,109.94,135.82,104.39,336.94,140.06,159.39,205.00,92.42,81.06,66.69,70.03,232.10,99.65,106.59,174.00,221.20,109.78,192.90,132.70,289.28,136.33,127.84,283.00,37.25,43.68,30.55,7.07,61.89,20.98,14.45,18.00,38.96,29.50,756.00,8.00,9.00,12.00,42.20,34.05,794.00,9.00,8.00,14.00,29.94,23.55,588.00,7.00,10.00,14.00,46.31,37.55,898.00,9.00,10.00,15.00,8.35,7.31,148.00,8.00,9.00,8.00,2,손가락 펴기 (Open)
-26.50,-33.31,-7.12,-4.69,8.31,186.25,146.18,88.00,66.47,325.74,20.47,117.11,62.00,81.05,68.91,153.80,52.77,294.31,173.42,117.44,153.00,30.36,89.10,121.86,2.83,173.43,143.28,88.86,106.00,169.40,161.60,260.33,132.19,231.88,128.42,106.99,215.00,18.29,35.01,38.39,18.68,39.57,43.64,17.83,41.00,38.57,28.88,661.00,7.00,8.00,11.00,37.49,30.02,764.00,9.00,8.00,14.00,26.20,19.66,548.00,7.00,10.00,14.00,43.74,33.36,819.00,8.00,10.00,15.00,7.91,7.27,155.00,9.00,10.00,9.00,2,손가락 펴기 (Open)
-20.56,41.62,-30.75,13.88,15.56,107.82,169.35,182.81,67.18,230.79,110.90,98.02,33.00,104.83,36.12,136.07,57.27,323.37,140.44,134.45,186.00,14.53,87.11,126.08,40.05,206.67,105.60,78.55,144.00,220.52,158.33,238.69,80.11,186.79,175.63,137.01,160.00,28.92,22.31,34.28,37.59,61.45,34.30,12.01,13.00,34.68,26.99,599.00,7.00,7.00,10.00,38.91,31.83,830.00,9.00,9.00,14.00,27.34,21.00,568.00,9.00,11.00,15.00,42.79,32.52,763.00,8.00,10.00,15.00,8.43,7.69,158.00,9.00,9.00,9.00,2,손가락 펴기 (Open)
-18.50,18.25,-18.62,25.62,5.75,78.91,164.23,196.58,93.30,246.32,87.20,82.04,0.00,126.23,22.42,114.15,77.79,325.79,156.20,130.58,164.00,41.12,72.84,101.28,53.81,211.67,128.70,97.99,110.00,208.55,149.12,229.59,75.96,190.64,187.01,148.04,148.00,41.61,16.59,25.18,33.38,64.35,26.40,10.08,26.00,34.86,27.50,591.00,7.00,7.00,10.00,39.19,32.56,830.00,9.00,9.00,14.00,27.55,21.20,541.00,9.00,11.00,15.00,42.24,31.67,691.00,8.00,9.00,15.00,8.40,7.62,163.00,9.00,9.00,9.00,2,손가락 펴기 (Open)
15.00,15.50,12.06,21.25,-2.81,71.09,158.35,191.71,89.44,251.10,86.70,87.57,8.00,169.70,57.53,109.40,76.66,283.35,159.57,124.93,208.00,78.54,42.82,61.87,36.12,169.40,133.09,61.25,153.00,122.95,43.86,141.95,39.12,84.79,167.79,42.05,254.00,50.45,10.98,16.49,24.52,55.37,35.06,6.40,17.00,34.59,27.00,552.00,8.00,6.00,10.00,38.82,31.06,775.00,8.00,9.00,13.00,24.21,18.20,520.00,12.00,11.00,15.00,29.06,24.22,596.00,8.00,10.00,15.00,7.92,7.06,154.00,9.00,9.00,8.00,2,손가락 펴기 (Open)
-3.44,5.88,-23.94,-20.00,2.38,36.84,53.44,93.37,47.17,152.09,177.84,40.26,97.00,151.08,38.61,88.63,98.06,270.06,178.49,119.24,230.00,104.25,16.25,73.55,5.00,189.32,106.52,92.21,121.00,116.62,42.28,163.83,72.90,111.92,135.77,84.25,210.00,47.94,13.79,16.95,24.08,54.08,37.65,6.46,14.00,24.41,20.87,497.00,9.00,7.00,10.00,38.25,30.20,752.00,8.00,8.00,13.00,24.93,19.44,516.00,12.00,11.00,15.00,29.00,24.12,563.00,10.00,9.00,15.00,7.83,6.88,153.00,10.00,9.00,8.00,2,손가락 펴기 (Open)
-9.38,51.56,-33.94,40.75,26.38,69.80,40.38,102.92,77.16,154.09,148.64,45.68,64.00,145.36,38.88,81.38,100.88,264.37,167.95,125.49,219.00,104.25,16.25,73.55,5.00,189.32,106.52,92.21,121.00,117.48,60.52,71.29,148.03,122.08,36.84,176.28,110.00,58.24,7.22,31.30,40.05,66.08,44.76,16.42,2.00,23.88,19.72,440.00,8.00,6.00,9.00,37.21,29.77,697.00,7.00,8.00,13.00,24.93,19.44,466.00,11.00,10.00,15.00,27.65,24.03,553.00,8.00,9.00,15.00,9.95,7.88,166.00,9.00,9.00,8.00,2,손가락 펴기 (Open)
-26.38,34.75,-20.81,-2.88,1.19,55.64,31.95,86.96,83.73,140.80,145.49,59.32,48.00,172.61,50.64,80.40,175.76,188.33,148.57,195.63,142.00,126.11,37.15,96.76,54.08,139.39,85.03,136.84,71.00,118.30,51.61,70.12,139.78,110.24,20.51,194.09,88.00,59.51,10.16,33.36,40.01,63.53,45.33,14.47,1.00,22.42,18.97,416.00,8.00,6.00,9.00,37.04,27.50,687.00,7.00,9.00,13.00,24.60,18.94,452.00,9.00,11.00,15.00,27.28,22.84,554.00,8.00,9.00,15.00,9.94,7.84,182.00,9.00,9.00,9.00,2,손가락 펴기 (Open)
12.62,31.31,5.19,93.25,0.44,47.97,18.66,83.27,97.99,154.61,136.53,43.39,64.00,190.73,85.79,61.95,193.20,206.66,116.81,140.76,197.00,126.11,37.15,96.76,54.08,139.39,85.03,136.84,71.00,122.40,108.02,190.61,43.57,19.25,132.75,283.82,38.00,61.53,21.15,30.85,28.02,62.61,35.76,20.86,11.00,22.65,19.80,431.00,8.00,6.00,9.00,37.55,27.10,654.00,8.00,8.00,12.00,24.60,18.94,467.00,9.00,10.00,15.00,35.81,28.59,647.00,9.00,10.00,15.00,9.55,7.05,164.00,8.00,8.00,8.00,2,손가락 펴기 (Open)
37.56,-1.00,15.75,9.19,-8.56,51.45,1.68,98.30,92.18,157.38,153.10,59.92,47.00,190.14,84.39,72.01,203.11,199.67,106.55,131.07,208.00,131.42,38.95,119.73,77.06,123.09,62.60,129.44,94.00,132.52,123.78,210.23,12.21,20.49,107.99,267.42,5.00,65.51,19.35,46.13,32.76,48.36,19.79,31.21,27.00,24.00,20.99,400.00,7.00,5.00,9.00,37.47,26.62,611.00,8.00,7.00,12.00,24.89,19.62,438.00,10.00,9.00,15.00,35.45,27.94,718.00,9.00,10.00,15.00,9.66,7.37,156.00,8.00,7.00,8.00,2,손가락 펴기 (Open)
41.38,47.44,-23.44,-23.12,3.50,124.28,81.65,169.33,24.74,77.04,94.73,47.29,130.00,185.11,90.90,87.21,187.30,89.47,47.19,110.48,329.00,102.57,29.49,114.35,96.40,68.33,32.07,151.01,155.00,132.53,126.07,215.50,10.77,30.18,108.90,266.82,6.00,56.18,9.27,39.12,46.24,37.36,15.17,40.87,42.00,24.53,21.62,352.00,6.00,5.00,8.00,35.55,24.99,602.00,9.00,8.00,12.00,24.09,19.06,457.00,9.00,10.00,15.00,35.79,28.62,740.00,10.00,10.00,15.00,9.31,6.75,167.00,9.00,8.00,9.00,2,손가락 펴기 (Open)
-38.06,-60.12,30.44,7.81,-2.94,67.69,57.05,179.01,33.54,56.10,123.43,102.28,187.00,198.51,105.55,49.45,133.66,116.38,101.19,153.72,384.00,114.19,30.71,96.84,82.73,74.55,48.20,166.00,173.00,122.33,99.07,182.83,43.19,44.60,136.61,280.13,39.00,50.59,4.96,44.63,49.24,34.67,10.46,38.30,35.00,26.12,22.82,427.00,7.00,5.00,9.00,38.73,28.86,680.00,9.00,8.00,12.00,25.09,20.19,470.00,9.00,10.00,15.00,35.35,27.54,729.00,11.00,10.00,15.00,9.01,6.20,163.00,9.00,8.00,8.00,2,손가락 펴기 (Open)
-19.00,-13.38,-0.50,-38.25,-9.31,36.76,97.51,227.94,54.20,18.17,74.51,55.37,138.00,231.46,148.57,86.18,151.27,76.33,71.52,110.44,340.00,143.12,60.36,81.95,106.78,43.71,23.50,135.50,142.00,107.80,66.24,177.90,56.73,63.94,105.30,255.97,6.00,60.23,14.35,36.58,58.18,24.73,2.83,40.53,25.00,25.65,21.75,370.00,6.00,5.00,9.00,38.21,28.12,595.00,8.00,8.00,12.00,23.91,18.31,402.00,11.00,10.00,15.00,32.06,25.22,673.00,11.00,10.00,15.00,9.33,6.90,156.00,8.00,7.00,7.00,2,손가락 펴기 (Open)
17.94,1.94,53.31,106.56,-13.31,69.38,42.61,208.61,107.02,47.13,49.54,47.44,73.00,131.28,86.10,73.84,82.01,139.90,142.89,19.62,233.00,130.15,49.98,72.82,100.18,42.25,28.99,122.77,129.00,82.33,67.21,255.16,54.49,38.53,158.33,334.00,89.00,60.23,14.35,36.58,58.18,24.73,2.83,40.53,25.00,23.58,20.95,338.00,6.00,4.00,9.00,28.55,21.68,521.00,9.00,8.00,12.00,21.79,17.48,389.00,8.00,10.00,15.00,41.59,29.76,767.00,11.00,10.00,15.00,9.33,6.90,156.00,8.00,7.00,7.00,2,손가락 펴기 (Open)
93.44,21.88,-24.06,-93.38,2.88,125.96,87.55,272.64,151.09,72.05,42.29,42.04,145.00,98.46,108.43,106.13,114.14,114.36,111.54,32.92,266.00,107.55,54.80,48.88,123.86,19.99,4.73,144.91,155.00,116.50,7.28,218.90,109.56,102.13,178.89,398.78,154.00,49.53,17.36,23.64,70.23,19.67,15.83,29.28,38.00,33.07,26.01,410.00,6.00,4.00,10.00,29.01,22.14,543.00,9.00,8.00,13.00,22.66,19.06,457.00,9.00,10.00,15.00,47.34,34.33,927.00,11.00,10.00,15.00,9.04,6.39,160.00,8.00,7.00,7.00,2,손가락 펴기 (Open)
-55.00,-11.12,2.62,82.19,16.94,95.52,26.67,225.87,206.07,140.33,86.19,100.10,218.00,98.46,108.43,106.13,114.14,114.36,111.54,32.92,266.00,101.71,65.22,51.18,128.35,30.53,15.69,138.30,144.00,56.12,77.37,181.15,106.61,138.87,172.93,463.25,225.00,44.29,32.26,20.97,76.66,34.33,11.89,44.01,23.00,35.82,27.75,538.00,6.00,5.00,10.00,29.01,22.14,554.00,9.00,8.00,13.00,22.42,18.38,461.00,9.00,10.00,15.00,51.72,38.21,1052.00,11.00,10.00,15.00,10.02,7.45,164.00,7.00,6.00,7.00,2,손가락 펴기 (Open)
-14.50,-9.75,-13.06,-74.75,-12.81,98.12,30.39,230.49,210.64,139.45,84.38,94.53,210.00,116.55,95.59,124.78,135.79,92.37,105.79,36.15,244.00,101.22,69.68,56.17,123.89,30.14,12.43,139.48,149.00,87.15,57.42,214.15,75.64,129.75,154.75,487.01,258.00,43.71,29.31,17.09,80.13,36.59,15.58,47.90,19.00,35.97,28.12,570.00,6.00,6.00,11.00,28.98,22.28,488.00,8.00,7.00,12.00,22.57,18.69,461.00,9.00,10.00,15.00,54.03,40.53,1189.00,12.00,11.00,15.00,10.28,7.66,183.00,7.00,7.00,7.00,2,손가락 펴기 (Open)
0.50,-33.12,19.19,22.44,5.00,87.83,14.93,214.97,223.83,153.86,94.39,90.33,194.00,105.12,92.58,108.36,134.00,86.04,88.80,54.68,222.00,98.12,66.74,51.95,129.85,41.49,19.08,138.35,161.00,42.78,59.61,201.61,70.41,86.60,112.34,507.62,303.00,45.20,29.46,19.09,78.71,35.17,18.33,50.39,16.00,35.77,27.44,586.00,7.00,6.00,12.00,26.84,20.78,433.00,7.00,6.00,12.00,23.02,19.44,468.00,9.00,10.00,15.00,54.10,40.45,1267.00,11.00,12.00,15.00,10.35,7.88,192.00,8.00,7.00,8.00,2,손가락 펴기 (Open)
-0.50,1.25,16.81,-21.19,-15.25,74.65,6.38,213.36,233.00,142.58,78.40,88.36,210.00,108.82,109.51,101.81,112.00,105.29,66.81,76.65,200.00,82.98,94.13,85.42,99.72,34.68,19.10,158.43,123.00,61.91,70.19,183.46,92.07,73.46,92.30,510.78,325.00,27.87,51.93,39.39,55.32,7.45,39.13,70.15,12.00,35.55,26.62,586.00,6.00,6.00,12.00,26.25,19.53,444.00,8.00,7.00,12.00,22.92,19.21,458.00,9.00,10.00,14.00,54.38,41.79,1301.00,13.00,12.00,15.00,10.70,8.09,205.00,9.00,8.00,9.00,2,손가락 펴기 (Open)
38.81,-19.38,-0.88,-80.06,-6.56,23.61,64.89,267.59,188.96,129.31,128.42,124.91,151.00,108.34,131.28,80.33,114.14,90.03,83.46,56.52,222.00,77.31,104.99,93.39,92.46,23.69,12.71,148.96,134.00,147.56,167.79,111.80,144.31,79.05,153.97,541.34,227.00,22.34,62.44,48.25,48.88,13.79,36.93,65.13,1.00,36.69,28.71,596.00,6.00,5.00,12.00,26.72,20.75,466.00,9.00,8.00,13.00,22.73,18.61,447.00,9.00,9.00,14.00,58.10,46.44,1355.00,13.00,12.00,15.00,10.79,8.31,205.00,8.00,8.00,9.00,2,손가락 펴기 (Open)
-33.12,-28.31,16.12,83.81,1.12,69.82,44.04,236.85,227.44,85.87,152.87,172.25,102.00,103.07,153.56,66.23,146.66,79.78,84.58,81.62,189.00,77.31,104.99,93.39,92.46,23.69,12.71,148.96,134.00,100.14,119.66,92.36,206.09,86.51,186.87,602.74,145.00,25.90,60.14,49.35,44.65,13.82,40.43,65.29,4.00,37.53,29.41,646.00,6.00,6.00,12.00,27.69,22.23,466.00,8.00,7.00,13.00,22.73,18.61,426.00,9.00,10.00,14.00,61.97,51.56,1480.00,13.00,12.00,15.00,10.76,8.14,208.00,8.00,8.00,9.00,2,손가락 펴기 (Open)
38.69,-6.31,-12.50,-82.50,1.12,22.33,35.63,213.30,259.59,51.38,155.37,222.68,51.00,103.07,153.56,66.23,146.66,79.78,84.58,81.62,189.00,67.83,103.92,83.42,99.04,31.29,22.46,139.25,144.00,105.69,109.65,130.55,186.25,72.38,184.95,644.11,102.00,25.90,60.14,49.35,44.65,13.82,40.43,65.29,4.00,38.76,31.85,713.00,7.00,7.00,13.00,27.69,22.23,443.00,7.00,7.00,13.00,22.26,18.06,444.00,10.00,10.00,14.00,64.62,54.25,1582.00,13.00,12.00,15.00,10.76,8.14,183.00,8.00,7.00,8.00,2,손가락 펴기 (Open)
-42.81,-24.12,-9.06,-25.00,16.75,39.86,47.20,237.30,242.77,70.09,143.83,243.74,27.00,72.88,118.69,128.04,81.04,65.48,150.58,116.47,122.00,42.87,86.83,75.52,82.66,17.24,14.64,159.97,119.00,116.75,77.93,174.77,239.17,126.68,225.63,588.59,158.00,15.95,51.27,45.26,36.80,22.79,34.40,58.11,6.00,39.96,33.16,780.00,8.00,7.00,13.00,26.57,20.53,453.00,7.00,8.00,13.00,20.75,16.70,439.00,10.00,11.00,13.00,64.55,53.88,1591.00,12.00,12.00,15.00,9.43,7.59,173.00,8.00,7.00,8.00,2,손가락 펴기 (Open)
-71.38,-31.00,-19.38,-65.56,-5.75,70.90,86.18,255.27,272.80,44.45,180.90,220.57,66.00,72.46,66.66,150.60,117.59,7.52,122.05,107.58,188.00,38.46,81.88,79.80,78.60,12.94,9.99,157.08,124.00,131.50,37.50,174.55,260.42,107.02,171.12,636.64,103.00,9.83,43.60,51.57,31.91,23.81,33.34,65.45,2.00,43.08,35.30,771.00,7.00,7.00,13.00,26.58,20.25,464.00,7.00,8.00,14.00,20.42,16.42,423.00,9.00,12.00,13.00,66.63,56.88,1531.00,11.00,12.00,15.00,9.54,7.88,196.00,9.00,8.00,9.00,2,손가락 펴기 (Open)
0.12,24.69,-13.38,-4.06,7.88,76.41,92.13,250.64,277.68,39.38,173.94,222.09,58.00,74.08,55.79,144.54,125.16,17.93,116.47,102.16,177.00,49.85,95.16,67.77,70.21,8.36,7.25,154.52,140.00,174.66,70.48,101.34,176.07,54.97,247.15,575.94,207.00,12.70,46.64,46.62,27.02,29.79,29.33,71.45,8.00,43.04,34.77,816.00,8.00,8.00,13.00,25.79,19.65,486.00,8.00,8.00,14.00,20.70,16.97,416.00,9.00,12.00,12.00,62.12,50.08,1504.00,11.00,13.00,15.00,9.73,8.25,200.00,9.00,8.00,9.00,2,손가락 펴기 (Open)
-20.25,-28.25,9.00,-33.62,-10.00,112.70,112.85,194.32,234.91,96.83,196.90,239.54,116.00,75.79,34.62,112.08,104.62,27.20,148.37,129.00,210.00,53.09,96.78,70.33,64.88,2.91,2.52,152.95,134.00,199.39,110.89,46.63,142.78,105.01,242.74,587.16,152.00,12.20,47.07,46.18,28.32,30.75,27.35,73.30,10.00,42.45,34.12,831.00,9.00,8.00,14.00,26.79,21.38,485.00,9.00,8.00,14.00,20.49,16.50,395.00,9.00,11.00,12.00,62.55,49.98,1504.00,10.00,13.00,15.00,9.85,8.38,205.00,9.00,8.00,9.00,2,손가락 펴기 (Open)
13.94,-12.38,-3.62,-72.56,-9.06,133.21,112.53,193.33,210.64,92.55,207.97,215.38,81.00,102.02,97.30,124.01,56.09,57.72,91.87,53.16,132.00,53.64,111.25,44.49,57.22,27.17,27.18,139.04,108.00,221.73,140.67,70.27,202.14,80.75,200.31,599.76,217.00,21.30,60.39,31.59,19.92,41.59,40.34,63.55,5.00,40.85,31.94,780.00,9.00,8.00,14.00,21.96,18.05,385.00,8.00,8.00,14.00,19.19,15.28,351.00,9.00,11.00,12.00,65.23,53.38,1514.00,11.00,12.00,15.00,10.04,8.57,199.00,8.00,8.00,9.00,2,손가락 펴기 (Open)
-34.06,-35.06,2.88,35.75,8.38,133.21,112.53,193.33,210.64,92.55,207.97,215.38,81.00,98.81,87.55,113.05,45.35,65.08,95.04,42.16,121.00,43.32,87.39,55.60,81.15,43.95,48.07,121.51,84.00,220.91,142.08,60.72,198.66,90.91,189.52,606.41,228.00,12.61,52.09,37.88,28.64,49.49,44.35,62.14,14.00,40.85,31.94,812.00,10.00,9.00,14.00,20.66,17.45,363.00,8.00,9.00,14.00,18.06,13.41,327.00,9.00,11.00,11.00,65.55,54.16,1579.00,11.00,12.00,15.00,10.27,9.12,210.00,9.00,8.00,10.00,2,손가락 펴기 (Open)
-10.56,-52.69,2.56,-59.56,-7.62,133.84,120.45,188.13,205.53,87.47,200.63,223.35,89.00,105.34,114.72,138.90,78.49,67.37,145.77,23.23,67.00,46.32,91.38,58.13,81.61,43.32,50.28,116.97,79.00,210.41,109.90,68.24,158.03,124.56,155.44,644.03,271.00,12.61,52.09,37.88,28.64,49.49,44.35,62.14,14.00,40.68,31.44,795.00,9.00,10.00,14.00,24.73,20.56,362.00,7.00,9.00,14.00,18.06,13.49,274.00,8.00,10.00,10.00,67.15,56.51,1527.00,11.00,12.00,15.00,10.27,9.12,222.00,10.00,8.00,11.00,2,손가락 펴기 (Open)
-16.00,-17.94,16.81,3.12,-6.00,119.70,91.19,172.79,175.50,113.70,189.82,262.65,130.00,113.76,121.25,124.04,65.00,101.89,109.38,25.12,111.00,22.34,92.94,23.56,46.10,14.67,53.07,81.04,43.00,182.91,30.08,109.96,167.84,201.13,213.59,505.85,132.00,7.63,54.86,31.91,22.80,43.86,39.37,66.15,20.00,40.48,30.88,723.00,9.00,10.00,13.00,24.43,20.05,372.00,7.00,9.00,14.00,13.21,10.96,207.00,7.00,9.00,10.00,57.64,47.12,1377.00,13.00,12.00,15.00,9.94,8.75,207.00,9.00,9.00,10.00,2,손가락 펴기 (Open)
6.56,-3.50,-26.19,-90.00,5.00,106.83,148.22,69.60,121.40,49.51,154.43,190.81,25.00,126.09,109.02,71.20,10.00,67.36,126.46,41.66,56.00,22.34,92.94,23.56,46.10,14.67,53.07,81.04,43.00,178.64,52.55,110.70,194.65,175.74,216.52,534.82,162.00,7.63,54.86,31.91,22.80,43.86,39.37,66.15,20.00,30.10,23.49,586.00,9.00,10.00,13.00,21.06,16.62,350.00,7.00,9.00,14.00,13.21,10.96,224.00,8.00,9.00,10.00,60.06,49.00,1292.00,13.00,12.00,15.00,9.94,8.75,203.00,10.00,8.00,10.00,2,손가락 펴기 (Open)
-62.06,-12.44,10.12,53.44,-1.56,108.58,170.06,58.19,143.03,29.69,171.19,195.84,47.00,132.02,89.30,53.85,34.48,49.75,138.47,8.90,89.00,32.17,82.29,13.67,35.44,21.71,63.25,89.64,54.00,160.79,99.28,62.62,177.28,175.08,163.91,480.12,91.00,24.24,36.88,24.68,6.08,40.60,56.16,43.16,3.00,32.38,24.70,616.00,10.00,11.00,13.00,20.76,15.60,361.00,7.00,10.00,15.00,13.47,11.62,245.00,9.00,9.00,10.00,53.27,44.56,1272.00,13.00,12.00,15.00,8.51,7.51,181.00,10.00,8.00,9.00,2,손가락 펴기 (Open)
22.44,62.75,-30.94,37.62,11.12,116.02,156.25,44.52,141.00,16.49,195.03,194.75,71.00,143.14,133.08,34.98,48.10,6.45,181.96,36.19,134.00,17.17,90.62,27.51,34.37,22.89,77.13,98.25,69.00,205.59,109.46,139.61,254.20,118.90,87.45,452.64,14.00,16.08,41.26,44.28,15.03,24.85,63.48,24.73,24.00,32.89,26.19,686.00,10.00,12.00,13.00,25.80,19.47,417.00,7.00,10.00,15.00,15.04,12.58,254.00,5.00,10.00,10.00,53.41,44.45,1183.00,12.00,12.00,15.00,8.70,7.75,177.00,10.00,8.00,9.00,2,손가락 펴기 (Open)
14.44,-4.25,28.31,49.38,10.94,116.02,156.25,44.52,141.00,16.49,195.03,194.75,71.00,143.14,133.08,34.98,48.10,6.45,181.96,36.19,134.00,28.57,92.90,28.66,46.27,17.00,82.92,102.24,81.00,194.57,98.01,135.41,254.95,107.23,78.02,454.06,2.00,17.85,40.42,46.19,15.52,27.79,64.34,26.30,21.00,32.89,26.19,694.00,10.00,13.00,13.00,25.80,19.47,451.00,7.00,10.00,15.00,16.13,13.31,314.00,10.00,11.00,11.00,52.63,43.80,1149.00,12.00,13.00,15.00,8.91,7.94,155.00,9.00,7.00,8.00,2,손가락 펴기 (Open)
14.44,104.69,-42.75,-14.56,-1.88,116.02,156.25,44.52,141.00,16.49,195.03,194.75,71.00,220.43,168.39,57.95,56.61,81.24,215.12,110.21,215.00,43.48,50.05,34.53,74.03,46.33,92.69,120.24,144.00,161.58,70.06,161.87,287.84,116.64,86.89,438.45,35.00,30.00,30.02,42.01,4.47,28.16,53.09,26.80,34.00,32.89,26.19,651.00,10.00,12.00,12.00,36.62,26.43,543.00,8.00,11.00,15.00,19.09,15.53,372.00,7.00,11.00,11.00,52.60,43.81,1150.00,12.00,13.00,15.00,8.15,7.12,159.00,10.00,7.00,9.00,2,손가락 펴기 (Open)
17.12,12.00,7.94,35.00,3.44,73.04,114.85,33.32,184.00,40.42,163.75,156.24,114.00,231.31,167.62,66.15,50.99,76.86,217.40,101.45,204.00,38.48,54.62,33.29,71.03,48.19,91.45,121.15,149.00,244.89,117.53,102.72,307.00,85.65,101.50,377.31,122.00,40.95,19.02,31.33,7.28,17.31,63.91,21.68,23.00,29.69,23.64,576.00,11.00,11.00,11.00,36.75,27.38,624.00,7.00,11.00,15.00,19.18,15.80,406.00,8.00,11.00,11.00,51.99,42.75,1036.00,12.00,13.00,15.00,8.00,6.87,157.00,10.00,8.00,9.00,2,손가락 펴기 (Open)
0.12,-40.94,42.44,19.50,-14.56,87.84,122.86,46.40,184.69,43.46,147.78,140.38,130.00,203.62,193.12,81.69,82.01,103.70,246.11,90.53,171.00,18.54,77.37,55.02,91.68,66.87,112.50,127.88,125.00,171.99,144.73,86.36,213.00,48.49,133.15,288.94,226.00,27.74,32.14,43.17,15.65,15.49,74.33,17.29,7.00,29.44,22.53,517.00,10.00,10.00,11.00,38.15,28.66,657.00,7.00,10.00,15.00,21.48,17.12,414.00,7.00,10.00,11.00,42.62,37.06,889.00,11.00,13.00,15.00,8.84,7.81,176.00,11.00,9.00,10.00,2,손가락 펴기 (Open)
42.25,3.75,-23.62,-55.81,7.06,75.61,127.73,34.21,166.77,33.00,134.80,123.03,148.00,198.00,204.00,92.29,79.76,95.22,235.63,88.75,182.00,26.98,71.19,46.43,86.02,79.55,126.75,138.73,110.00,170.30,155.62,79.42,218.84,55.14,134.33,299.61,215.00,30.73,30.68,44.81,14.04,21.49,74.62,16.91,1.00,27.44,21.69,475.00,9.00,11.00,11.00,37.99,27.72,679.00,7.00,11.00,15.00,22.19,18.17,476.00,8.00,10.00,12.00,43.43,37.84,911.00,11.00,12.00,15.00,9.02,8.19,183.00,12.00,9.00,10.00,2,손가락 펴기 (Open)
-37.75,34.00,-31.75,19.50,32.00,72.98,142.35,45.35,169.06,49.00,135.34,135.83,132.00,207.92,181.21,96.54,123.49,117.28,219.34,78.12,226.00,48.43,88.56,69.58,114.98,88.28,115.80,110.79,140.00,167.70,147.01,90.15,209.72,65.61,143.32,310.49,204.00,38.19,42.98,61.79,31.02,21.87,86.51,27.08,18.00,28.52,22.94,525.00,10.00,11.00,11.00,38.95,30.25,701.00,7.00,10.00,15.00,23.64,20.28,476.00,8.00,9.00,12.00,43.65,38.44,943.00,11.00,12.00,15.00,11.51,9.25,186.00,11.00,8.00,10.00,2,손가락 펴기 (Open)
-59.31,-0.38,-16.44,-14.88,-3.31,75.57,148.84,51.56,175.93,46.86,139.91,132.18,139.00,207.75,189.72,118.50,123.49,96.51,209.73,88.47,204.00,51.63,93.56,73.65,116.21,83.30,113.35,115.79,135.00,156.35,146.65,96.61,223.04,66.88,121.81,291.81,226.00,39.83,47.92,64.04,31.58,16.87,81.52,22.27,13.00,29.37,23.48,476.00,9.00,10.00,11.00,38.57,29.27,679.00,7.00,10.00,15.00,23.82,20.63,486.00,8.00,10.00,13.00,42.85,36.89,921.00,11.00,12.00,15.00,11.35,8.94,207.00,11.00,8.00,10.00,2,손가락 펴기 (Open)
-18.81,-68.62,78.88,104.38,-13.06,108.22,168.91,63.53,173.18,27.80,100.00,143.09,99.00,264.77,94.57,121.18,231.26,143.37,116.53,188.49,96.00,88.42,68.92,128.30,205.35,102.36,37.17,203.38,44.00,104.00,223.92,73.75,299.77,28.41,187.47,352.15,134.00,44.53,39.56,78.14,51.35,21.24,69.98,2.90,7.00,29.37,23.96,490.00,8.00,10.00,11.00,41.60,30.16,699.00,6.00,9.00,15.00,31.30,24.23,565.00,10.00,9.00,13.00,50.40,41.92,1013.00,11.00,13.00,15.00,11.75,9.32,200.00,10.00,8.00,10.00,2,손가락 펴기 (Open)
110.62,124.06,-34.19,-41.25,-12.94,17.66,222.36,163.53,294.11,97.07,79.18,189.35,22.00,144.28,243.44,30.70,269.08,285.33,33.26,336.73,53.00,43.19,33.02,92.69,203.63,147.97,15.73,243.66,3.00,118.86,203.28,91.26,310.79,35.66,193.07,361.80,112.00,46.06,40.68,79.91,51.62,19.37,69.45,4.20,5.00,40.96,29.88,595.00,8.00,9.00,11.00,52.35,39.41,890.00,7.00,9.00,15.00,32.42,26.16,670.00,9.00,9.00,13.00,51.24,43.47,1117.00,12.00,13.00,15.00,11.88,9.43,200.00,10.00,8.00,10.00,2,손가락 펴기 (Open)
30.06,-24.25,45.88,61.50,-4.38,23.16,231.34,169.66,294.49,95.14,70.34,186.70,13.00,154.04,236.00,24.23,259.70,287.47,42.82,346.59,64.00,90.19,79.16,82.74,156.82,163.51,49.98,275.93,50.00,47.45,283.47,77.01,210.52,118.09,177.51,395.96,20.00,39.41,33.80,80.78,58.55,20.45,63.51,9.76,2.00,41.32,30.44,627.00,7.00,9.00,11.00,52.60,39.84,1017.00,8.00,10.00,15.00,34.51,28.73,748.00,10.00,10.00,14.00,51.18,42.56,1119.00,10.00,13.00,15.00,11.59,9.05,191.00,9.00,7.00,9.00,2,손가락 펴기 (Open)
10.56,-35.25,26.38,-2.75,-14.00,53.93,262.64,158.08,254.57,64.93,106.05,186.32,53.00,154.04,236.00,24.23,259.70,287.47,42.82,346.59,64.00,112.76,99.19,62.05,161.05,179.94,44.70,266.87,26.00,62.55,283.84,41.63,178.39,131.22,159.67,399.90,64.00,61.40,53.57,59.54,59.67,42.43,42.17,29.76,24.00,40.82,29.26,620.00,7.00,8.00,11.00,52.60,39.84,1007.00,8.00,9.00,15.00,35.16,30.05,766.00,10.00,11.00,15.00,50.21,40.50,1088.00,10.00,13.00,15.00,12.02,9.25,186.00,8.00,7.00,9.00,2,손가락 펴기 (Open)
41.44,15.00,-7.94,24.81,15.44,95.86,275.18,109.80,256.13,113.83,97.49,206.46,3.00,85.44,186.10,53.65,199.45,353.82,102.15,329.75,12.00,104.60,96.81,71.63,150.42,190.07,53.27,267.61,15.00,41.94,224.37,75.83,249.72,99.50,92.52,387.83,151.00,39.95,48.73,78.03,35.85,57.43,37.73,52.13,49.00,42.17,30.99,646.00,5.00,8.00,12.00,50.70,38.75,1030.00,9.00,10.00,15.00,35.22,30.44,789.00,11.00,10.00,15.00,48.45,38.16,1067.00,11.00,13.00,15.00,12.49,10.01,215.00,9.00,8.00,10.00,2,손가락 펴기 (Open)
-39.06,32.88,-44.00,-39.12,11.19,81.10,286.28,126.75,232.36,121.66,116.77,226.04,21.00,74.69,122.42,104.26,249.70,363.90,48.59,317.87,54.00,98.37,143.01,91.43,177.86,199.95,14.10,244.95,78.00,40.74,256.97,85.85,267.15,70.43,60.21,375.54,184.00,35.17,64.99,76.01,47.38,66.91,24.79,39.60,29.00,43.15,32.80,712.00,7.00,8.00,12.00,50.86,39.78,1041.00,9.00,9.00,15.00,36.80,32.00,786.00,10.00,9.00,15.00,49.45,40.48,1038.00,12.00,13.00,15.00,12.67,10.31,207.00,8.00,8.00,9.00,2,손가락 펴기 (Open)
-50.62,-1.50,-51.19,-43.00,22.81,90.56,339.65,121.04,246.26,164.18,64.05,172.38,34.00,89.92,103.13,105.16,263.01,342.16,49.89,328.46,32.00,117.47,171.52,81.51,202.20,171.05,14.95,263.36,49.00,44.59,210.54,25.06,219.22,38.97,32.10,337.17,246.00,48.53,86.43,56.66,64.66,45.83,46.04,47.18,51.00,45.09,36.55,657.00,6.00,7.00,12.00,50.54,38.75,1063.00,10.00,9.00,15.00,38.61,33.59,758.00,9.00,8.00,14.00,43.44,36.12,899.00,11.00,12.00,14.00,13.97,11.69,212.00,7.00,8.00,10.00,2,손가락 펴기 (Open)
-85.31,-93.56,-24.56,-77.56,-2.50,107.56,357.60,103.26,265.98,147.40,74.64,193.20,13.00,36.10,132.79,162.49,314.40,313.78,58.56,380.66,31.00,157.46,198.77,41.31,184.38,194.15,32.41,226.21,91.00,106.84,238.53,122.18,160.64,156.58,148.38,246.52,365.00,53.28,89.31,52.60,62.18,46.30,41.99,46.50,46.00,47.23,38.02,607.00,5.00,6.00,12.00,55.30,42.31,1081.00,9.00,8.00,15.00,38.94,33.76,740.00,8.00,8.00,14.00,47.02,39.31,930.00,11.00,11.00,14.00,13.86,11.38,223.00,7.00,9.00,10.00,2,손가락 펴기 (Open)
-52.38,-84.75,-42.38,-179.56,-18.81,185.87,385.21,55.84,251.16,145.68,115.52,130.48,92.00,110.93,186.74,277.26,406.86,234.40,155.75,242.28,110.00,176.32,199.76,30.52,166.57,203.98,17.76,245.06,72.00,330.84,275.67,274.29,75.13,207.41,144.36,458.33,141.00,26.52,97.05,52.66,86.98,27.02,47.03,60.45,19.00,48.81,40.58,627.00,3.00,7.00,13.00,58.20,44.16,1014.00,8.00,7.00,14.00,39.95,34.80,699.00,7.00,8.00,14.00,65.56,49.19,1035.00,9.00,10.00,14.00,14.59,12.04,241.00,7.00,9.00,11.00,2,손가락 펴기 (Open)
-61.06,-117.62,3.81,-36.44,-4.94,268.39,366.57,135.94,166.24,219.64,31.79,178.93,7.00,216.40,218.49,293.52,343.01,348.38,67.49,355.41,4.00,207.65,179.65,60.89,182.32,169.75,36.01,211.51,107.00,422.95,274.59,285.65,148.03,125.80,47.19,361.79,239.00,16.70,110.27,42.41,83.36,40.98,33.92,48.07,33.00,51.07,43.56,641.00,3.00,8.00,14.00,65.59,52.17,940.00,7.00,6.00,14.00,38.82,32.34,668.00,7.00,8.00,14.00,64.67,47.62,1106.00,8.00,10.00,14.00,14.49,11.68,242.00,6.00,9.00,11.00,2,손가락 펴기 (Open)
-21.06,-27.44,-36.19,-54.12,2.69,309.35,330.50,167.97,175.51,188.10,68.19,164.99,55.00,344.24,232.60,208.74,221.38,319.47,140.19,236.57,143.00,207.65,179.65,60.89,182.32,169.75,36.01,211.51,107.00,464.77,247.71,246.77,132.74,116.79,87.63,406.97,186.00,18.40,104.96,48.14,89.27,43.30,28.38,42.16,39.00,50.98,43.20,678.00,3.00,9.00,15.00,59.50,47.56,929.00,7.00,7.00,14.00,38.82,32.34,657.00,7.00,9.00,14.00,66.15,50.52,1072.00,7.00,10.00,14.00,14.49,11.73,244.00,6.00,8.00,11.00,2,손가락 펴기 (Open)
-46.19,-62.44,-4.88,-47.38,-4.81,363.06,252.51,160.25,250.57,161.36,84.02,165.29,23.00,417.35,217.76,112.91,295.97,232.49,143.43,286.69,47.00,215.99,161.93,55.44,172.19,187.93,31.72,202.81,128.00,529.48,150.49,150.61,27.78,219.30,116.45,350.97,294.00,19.65,107.50,47.92,90.96,38.51,26.70,34.38,47.00,51.90,43.48,692.00,3.00,9.00,15.00,61.23,49.44,915.00,6.00,7.00,14.00,38.65,31.47,651.00,7.00,9.00,14.00,65.82,49.55,1050.00,5.00,10.00,13.00,14.52,11.79,233.00,6.00,8.00,10.00,2,손가락 펴기 (Open)
-21.69,-50.50,-6.00,-70.12,-10.19,382.09,226.77,127.49,244.59,200.25,44.26,175.79,17.00,434.39,198.57,102.54,313.82,257.66,115.64,278.89,78.00,228.30,162.41,19.24,119.47,145.17,85.43,211.36,66.00,578.02,43.24,209.48,132.20,178.50,1.62,372.43,178.00,16.14,110.12,42.31,85.16,32.61,30.98,29.84,53.00,52.04,43.07,673.00,3.00,9.00,15.00,62.36,51.38,881.00,5.00,8.00,14.00,36.27,27.38,589.00,6.00,10.00,13.00,67.53,50.62,1004.00,4.00,9.00,13.00,14.18,11.48,216.00,5.00,8.00,9.00,2,손가락 펴기 (Open)
13.38,3.88,-6.31,-0.12,-4.50,392.40,239.13,87.09,195.74,177.10,88.65,145.98,32.00,439.70,176.96,121.39,296.66,262.80,136.97,275.54,56.00,228.65,158.27,22.72,116.40,147.90,89.88,210.88,61.00,574.67,54.62,180.45,130.25,207.66,30.60,372.18,146.00,25.57,99.70,50.62,82.87,32.34,41.95,27.46,64.00,49.85,38.86,624.00,3.00,9.00,15.00,62.04,50.00,901.00,6.00,7.00,14.00,36.19,27.18,579.00,6.00,9.00,12.00,67.08,48.66,1000.00,3.00,9.00,13.00,14.15,11.25,195.00,5.00,8.00,8.00,2,손가락 펴기 (Open)
-3.62,-79.88,28.38,-55.50,-12.50,394.63,224.69,82.92,195.00,188.95,97.16,133.61,48.00,446.20,97.81,253.89,231.04,117.06,138.55,370.64,204.00,257.11,106.58,74.06,80.62,96.50,88.77,239.85,114.00,551.06,125.26,202.05,25.30,292.31,128.99,349.50,40.00,73.56,59.94,60.67,36.06,18.44,37.24,45.95,16.00,49.63,38.23,618.00,4.00,9.00,15.00,63.59,51.00,961.00,5.00,8.00,14.00,36.52,28.66,602.00,7.00,9.00,12.00,67.65,49.75,1029.00,5.00,9.00,13.00,11.84,9.12,171.00,5.00,9.00,8.00,2,손가락 펴기 (Open)
-13.50,-6.12,-28.38,-60.31,0.50,411.16,196.50,54.06,165.00,162.78,105.98,162.27,18.00,440.37,132.75,261.34,274.39,148.07,95.95,329.09,160.00,239.98,117.69,71.65,64.03,96.86,106.72,257.54,134.00,514.54,205.41,161.14,94.11,314.38,105.91,393.57,123.00,73.56,59.94,60.67,36.06,18.44,37.24,45.95,16.00,48.58,37.06,588.00,4.00,9.00,14.00,62.96,49.02,957.00,4.00,8.00,14.00,37.16,29.59,559.00,7.00,9.00,12.00,69.28,52.19,914.00,3.00,8.00,13.00,11.84,9.12,173.00,5.00,10.00,8.00,2,손가락 펴기 (Open)
2.00,-17.44,61.69,92.38,2.62,417.94,193.45,49.05,165.25,161.69,98.50,154.33,26.00,450.38,112.46,278.39,271.89,143.60,77.94,308.11,139.00,207.53,118.23,103.06,50.49,65.66,76.92,224.65,101.00,475.03,242.89,102.52,123.17,255.38,71.79,343.83,64.00,64.34,50.94,74.53,23.32,31.97,26.56,45.38,30.00,48.56,37.00,467.00,4.00,9.00,14.00,62.39,47.87,765.00,3.00,8.00,14.00,32.60,27.02,531.00,7.00,9.00,12.00,62.56,48.50,916.00,4.00,8.00,13.00,11.55,8.84,176.00,5.00,10.00,8.00,2,손가락 펴기 (Open)
17.56,54.81,-7.25,4.38,-7.62,299.13,182.42,103.49,44.91,56.40,49.74,77.83,147.00,365.78,196.51,191.91,156.55,42.33,127.66,208.45,23.00,222.26,127.63,94.73,35.69,55.90,74.53,210.40,86.00,475.03,242.89,102.52,123.17,255.38,71.79,343.83,64.00,63.47,47.01,75.68,25.61,29.94,26.56,43.58,26.00,35.13,27.74,395.00,4.00,9.00,13.00,48.05,39.71,681.00,4.00,9.00,14.00,32.18,26.31,516.00,7.00,9.00,12.00,62.56,48.50,893.00,4.00,8.00,13.00,11.34,8.66,177.00,6.00,10.00,9.00,2,손가락 펴기 (Open)
50.12,32.12,21.38,42.25,10.50,290.26,177.91,103.70,47.54,65.14,40.82,76.32,138.00,375.65,193.99,186.68,158.47,31.59,138.56,203.29,12.00,188.41,85.75,76.80,60.22,86.08,107.09,181.03,44.00,397.47,195.72,161.83,91.14,315.75,23.90,267.33,14.00,67.74,36.14,65.68,37.58,23.47,37.22,54.65,40.00,34.25,27.11,410.00,4.00,8.00,13.00,48.44,40.48,692.00,4.00,9.00,14.00,28.64,23.08,524.00,10.00,10.00,12.00,56.08,43.62,859.00,4.00,8.00,13.00,11.64,9.31,185.00,7.00,10.00,9.00,2,손가락 펴기 (Open)
4.62,30.75,18.19,53.25,0.50,257.36,139.96,70.15,85.91,70.59,76.76,101.84,178.00,397.62,206.88,164.76,137.03,40.97,126.35,206.04,34.00,176.85,66.11,48.61,49.37,64.23,79.19,191.66,73.00,397.47,195.72,161.83,91.14,315.75,23.90,267.33,14.00,80.02,39.68,50.81,34.00,39.34,21.85,39.03,24.00,32.50,24.30,424.00,4.00,8.00,13.00,49.01,42.03,637.00,4.00,9.00,13.00,26.55,21.04,494.00,10.00,11.00,11.00,56.08,43.62,837.00,4.00,7.00,13.00,11.02,8.50,163.00,6.00,10.00,8.00,2,손가락 펴기 (Open)
31.75,53.44,7.50,45.00,1.44,236.07,96.54,33.79,89.89,20.69,70.42,56.70,128.00,387.26,195.96,168.40,140.09,37.24,129.70,203.99,45.00,177.21,67.25,45.58,44.41,62.16,81.54,191.46,68.00,363.99,158.48,156.68,103.35,310.81,66.57,246.71,58.00,65.53,26.18,52.40,49.00,48.25,20.89,24.25,9.00,26.67,20.78,366.00,3.00,9.00,13.00,48.18,41.26,637.00,4.00,8.00,13.00,26.44,20.69,465.00,9.00,11.00,11.00,52.77,41.12,782.00,6.00,8.00,13.00,10.28,7.56,160.00,6.00,9.00,8.00,2,손가락 펴기 (Open)
29.75,34.88,10.00,3.31,2.19,236.75,106.13,25.09,120.33,33.06,98.99,26.33,96.00,348.62,156.34,134.04,89.55,91.87,83.13,237.57,10.00,162.74,38.10,41.33,55.61,22.16,80.75,209.09,28.00,355.68,156.65,137.71,85.45,330.61,56.59,247.97,37.00,53.61,14.72,43.40,50.45,54.17,11.72,34.77,21.00,27.76,22.75,351.00,3.00,9.00,12.00,43.64,37.86,626.00,8.00,9.00,13.00,25.60,19.75,461.00,7.00,11.00,11.00,52.44,39.98,825.00,6.00,8.00,14.00,9.69,6.81,147.00,6.00,8.00,7.00,2,손가락 펴기 (Open)
-10.69,15.62,2.25,55.25,15.00,234.75,104.06,20.34,122.38,27.26,92.58,33.31,103.00,336.88,166.44,90.60,78.00,82.10,127.07,198.34,34.00,140.52,12.93,32.31,34.00,56.42,110.48,175.58,72.00,356.79,135.90,164.29,107.81,353.27,76.85,240.63,4.00,42.80,15.59,31.62,37.95,41.59,24.60,27.39,8.00,27.54,22.31,355.00,4.00,8.00,12.00,41.30,35.45,552.00,7.00,9.00,13.00,23.54,17.62,442.00,7.00,11.00,10.00,53.98,41.78,837.00,5.00,9.00,14.00,7.72,6.00,134.00,5.00,8.00,7.00,2,손가락 펴기 (Open)
16.62,63.94,5.69,50.56,-1.69,197.28,53.62,55.41,56.59,72.66,138.11,44.76,28.00,334.17,81.66,153.28,29.00,186.10,214.37,93.14,141.00,123.99,26.06,24.70,9.00,61.20,85.69,198.93,47.00,341.26,64.05,167.95,82.15,387.83,4.87,287.09,79.00,40.60,20.44,32.62,36.67,42.39,20.98,27.97,13.00,24.18,19.70,359.00,5.00,8.00,12.00,43.47,36.44,607.00,3.00,10.00,14.00,23.13,16.77,428.00,7.00,11.00,9.00,55.30,43.69,721.00,5.00,8.00,13.00,7.70,5.94,133.00,6.00,8.00,7.00,2,손가락 펴기 (Open)
52.12,67.56,2.94,38.62,-5.31,151.00,47.96,123.68,63.89,112.84,155.64,44.27,116.00,324.82,41.51,171.29,121.51,160.15,208.20,210.74,23.00,88.82,56.90,26.29,44.91,17.20,117.30,155.00,91.00,301.72,132.92,119.64,109.11,202.43,189.04,134.20,112.00,41.89,13.18,22.72,26.93,34.68,23.75,27.90,23.00,26.54,21.25,386.00,7.00,7.00,12.00,45.50,37.51,578.00,3.00,9.00,14.00,20.93,14.56,384.00,10.00,10.00,8.00,42.93,37.25,584.00,7.00,7.00,12.00,6.83,5.35,123.00,6.00,8.00,6.00,2,손가락 펴기 (Open)
29.81,37.06,-1.75,35.25,-0.44,115.03,106.67,148.91,135.19,54.15,78.33,43.29,31.00,314.05,156.03,137.88,159.29,45.45,116.85,105.94,159.00,93.46,55.49,27.34,44.18,16.07,118.19,150.53,96.00,290.56,179.72,96.42,119.51,212.34,156.71,181.30,58.00,41.66,13.74,21.73,26.48,36.53,21.85,28.40,21.00,24.44,19.94,366.00,7.00,7.00,12.00,40.21,33.45,519.00,5.00,9.00,14.00,20.92,14.47,349.00,10.00,9.00,7.00,43.71,38.28,563.00,7.00,7.00,11.00,6.81,5.24,120.00,5.00,8.00,6.00,2,손가락 펴기 (Open)
19.31,43.94,-18.00,71.81,32.75,101.56,125.55,131.05,126.32,33.97,117.95,6.96,71.00,304.09,198.00,92.04,118.97,111.43,179.05,132.53,93.00,73.47,48.32,7.64,24.33,35.09,108.41,138.39,116.00,254.54,246.76,30.34,50.01,312.68,169.05,62.58,177.00,37.97,41.87,46.07,55.23,46.33,49.51,24.69,50.00,24.50,19.85,344.00,7.00,6.00,11.00,41.52,34.30,489.00,3.00,9.00,14.00,19.21,13.38,334.00,10.00,8.00,7.00,46.35,39.54,607.00,5.00,7.00,12.00,10.76,7.28,147.00,5.00,8.00,7.00,2,손가락 펴기 (Open)
-22.56,16.62,-3.31,2.50,-2.38,89.46,124.73,101.13,96.42,63.12,101.97,30.97,41.00,278.92,218.61,14.33,56.46,112.33,112.96,137.42,178.00,68.94,44.30,5.73,24.02,32.52,113.12,139.49,111.00,234.66,253.93,54.20,10.77,275.18,192.26,114.47,124.00,37.74,43.48,47.48,55.44,44.40,48.43,24.62,48.00,21.52,17.74,362.00,8.00,6.00,11.00,38.43,30.41,501.00,3.00,10.00,14.00,19.12,13.10,344.00,10.00,9.00,8.00,44.73,36.12,643.00,5.00,7.00,12.00,10.72,7.17,177.00,6.00,8.00,8.00,2,손가락 펴기 (Open)
-0.56,-8.69,11.06,7.62,-7.50,74.30,107.17,91.10,104.39,53.29,96.03,19.21,73.00,255.22,206.75,63.52,107.28,59.33,119.62,107.62,125.00,55.25,18.71,31.35,50.01,25.30,90.38,145.77,137.00,190.65,220.35,99.71,84.10,248.36,102.00,59.27,218.00,36.86,43.85,46.76,53.46,44.67,48.01,23.91,50.00,20.02,15.70,354.00,6.00,6.00,11.00,35.43,26.27,470.00,4.00,9.00,14.00,19.02,13.06,360.00,11.00,9.00,9.00,39.65,30.16,582.00,7.00,7.00,12.00,10.62,7.06,177.00,6.00,7.00,8.00,2,손가락 펴기 (Open)
-0.56,42.88,-29.00,37.19,11.44,74.30,107.17,91.10,104.39,53.29,96.03,19.21,73.00,220.72,167.72,103.80,130.21,94.69,151.24,151.92,180.00,56.84,29.14,28.05,52.50,15.32,88.42,156.11,152.00,162.23,178.21,105.34,98.27,301.59,154.23,66.76,163.00,26.94,37.45,29.79,53.94,59.84,62.83,37.34,33.00,20.02,15.70,338.00,6.00,6.00,10.00,37.05,27.75,432.00,7.00,9.00,14.00,20.08,14.00,363.00,11.00,9.00,9.00,40.63,30.51,553.00,7.00,7.00,12.00,10.97,7.84,186.00,7.00,7.00,8.00,2,손가락 펴기 (Open)
-9.06,-7.62,-38.81,-98.56,9.69,67.28,100.06,97.68,101.51,59.40,88.03,26.70,81.00,146.54,65.25,135.35,77.01,155.69,47.27,50.42,76.00,80.96,77.97,93.78,118.09,82.32,65.81,97.19,85.00,177.08,198.21,120.60,115.83,313.68,165.23,73.01,143.00,21.26,21.40,30.35,81.61,44.48,37.68,10.01,61.00,19.70,15.33,338.00,6.00,5.00,10.00,25.29,21.25,405.00,8.00,9.00,14.00,21.57,14.76,319.00,6.00,8.00,9.00,43.29,32.23,680.00,8.00,7.00,12.00,10.40,8.18,173.00,7.00,7.00,7.00,2,손가락 펴기 (Open)
-79.44,-50.00,-11.06,-21.06,0.31,124.99,129.18,122.60,157.50,71.30,63.95,84.63,139.00,154.85,74.14,140.14,87.01,164.33,40.44,40.42,66.00,75.23,72.37,86.04,122.41,91.82,55.61,77.97,65.00,110.46,155.46,68.96,106.10,286.00,169.94,105.50,71.00,22.38,17.03,36.32,81.10,40.20,39.24,16.01,55.00,27.69,19.33,396.00,8.00,5.00,10.00,26.39,21.88,438.00,8.00,8.00,14.00,20.35,13.57,260.00,9.00,8.00,9.00,37.16,26.04,613.00,7.00,7.00,12.00,10.31,7.98,179.00,7.00,6.00,7.00,2,손가락 펴기 (Open)
-55.12,-97.81,-2.12,-65.00,-15.81,176.09,137.10,174.16,155.29,108.56,47.96,42.26,86.00,205.23,103.11,190.78,100.34,177.79,61.17,89.60,117.00,86.54,61.79,54.55,64.90,77.55,24.61,16.00,2.00,239.13,167.27,99.96,32.65,158.46,155.88,196.86,58.00,27.23,31.00,34.83,95.08,27.48,35.51,29.50,41.00,31.10,23.47,409.00,7.00,6.00,11.00,34.17,25.06,424.00,7.00,7.00,14.00,14.08,10.84,197.00,4.00,7.00,8.00,38.13,29.12,577.00,6.00,7.00,12.00,11.07,8.64,186.00,8.00,5.00,7.00,2,손가락 펴기 (Open)
-1.62,-12.75,-25.88,-3.38,11.62,182.67,133.88,175.90,147.36,101.96,52.79,44.67,94.00,237.29,109.55,202.73,73.59,144.80,67.46,64.34,84.00,92.03,56.03,36.17,77.79,95.16,35.84,33.22,22.00,218.54,174.87,105.83,25.02,147.25,147.00,211.16,80.00,14.79,21.03,13.21,99.33,39.57,23.02,52.16,16.00,31.07,23.30,430.00,7.00,5.00,11.00,34.00,24.59,485.00,6.00,8.00,14.00,15.48,12.41,196.00,3.00,7.00,8.00,37.63,27.41,607.00,5.00,8.00,12.00,11.06,8.97,196.00,8.00,5.00,7.00,2,손가락 펴기 (Open)
-21.62,-42.06,0.44,-43.00,-19.69,224.47,78.94,130.03,152.49,107.29,12.03,78.03,30.00,273.54,99.25,176.96,54.45,165.39,30.66,88.13,127.00,94.21,41.50,23.72,93.60,80.84,14.95,22.77,1.00,260.03,126.12,51.85,29.02,186.88,100.72,235.44,134.00,33.89,17.07,39.85,73.93,65.17,17.40,74.70,11.00,29.97,23.09,406.00,8.00,5.00,11.00,35.69,27.30,517.00,5.00,9.00,15.00,14.58,11.48,216.00,6.00,8.00,9.00,39.18,30.25,639.00,3.00,8.00,12.00,12.08,9.48,220.00,8.00,6.00,8.00,2,손가락 펴기 (Open)
47.81,11.25,-22.00,-38.94,9.56,207.13,135.87,185.82,99.28,77.99,63.17,134.26,27.00,266.99,107.56,187.83,43.57,159.82,19.69,93.11,138.00,95.91,7.88,61.05,76.49,70.20,51.20,41.87,42.00,299.31,65.34,63.80,72.09,135.11,165.45,232.82,69.00,21.91,21.89,38.08,70.09,67.92,18.84,82.97,23.00,32.38,24.91,455.00,6.00,6.00,11.00,35.81,27.81,549.00,6.00,9.00,15.00,15.06,12.62,230.00,7.00,8.00,9.00,40.05,32.58,628.00,5.00,8.00,11.00,12.32,10.12,250.00,9.00,7.00,9.00,2,손가락 펴기 (Open)
-43.31,-38.69,-10.75,-44.94,-13.69,203.31,104.18,182.57,90.80,18.89,111.09,194.74,89.00,288.74,43.45,183.20,83.86,95.47,51.55,120.28,203.00,95.31,15.70,74.82,57.01,88.93,44.24,34.31,22.00,326.61,78.07,125.86,74.71,125.56,132.71,210.29,133.00,33.50,10.03,27.34,81.79,59.35,18.69,88.56,35.00,34.04,27.61,550.00,9.00,7.00,12.00,36.73,29.60,581.00,7.00,10.00,15.00,15.17,13.03,235.00,7.00,8.00,10.00,41.52,35.20,595.00,4.00,7.00,11.00,12.80,10.77,274.00,10.00,8.00,10.00,2,손가락 펴기 (Open)
-18.81,-83.81,-4.50,-43.62,12.38,195.17,127.96,221.33,52.20,57.04,106.30,162.66,49.00,308.70,81.53,274.64,88.23,147.21,56.24,128.66,109.00,91.05,29.95,71.19,65.19,77.40,36.15,34.91,42.00,330.17,98.88,132.00,57.01,144.40,125.11,223.04,112.00,22.79,24.09,40.47,86.16,45.45,17.89,92.05,50.00,34.05,28.09,532.00,8.00,7.00,12.00,42.62,34.94,610.00,6.00,9.00,15.00,14.76,12.56,235.00,7.00,7.00,10.00,42.57,36.67,541.00,3.00,7.00,10.00,13.19,11.50,289.00,10.00,8.00,10.00,2,손가락 펴기 (Open)
-65.69,-22.12,-12.94,31.38,-1.88,176.82,177.96,253.63,58.52,67.08,76.19,190.51,99.00,308.60,92.08,280.84,79.51,150.78,45.84,120.53,120.00,82.04,44.06,48.42,87.32,65.00,58.42,44.36,17.00,330.17,98.88,132.00,57.01,144.40,125.11,223.04,112.00,27.71,20.40,42.37,75.15,47.59,17.08,91.90,62.00,37.73,31.60,550.00,7.00,8.00,12.00,42.89,35.62,616.00,5.00,10.00,15.00,14.89,12.81,240.00,7.00,8.00,11.00,42.57,36.67,616.00,4.00,7.00,11.00,12.98,10.98,287.00,10.00,9.00,10.00,2,손가락 펴기 (Open)
16.31,-18.00,-15.75,-76.44,-11.56,176.82,177.96,253.63,58.52,67.08,76.19,190.51,99.00,290.40,137.23,251.91,62.82,84.82,94.38,183.52,54.00,67.86,58.28,29.70,80.00,99.99,30.12,21.97,52.00,283.52,160.33,53.11,163.78,149.43,36.49,337.70,3.00,29.30,24.07,47.35,77.41,42.61,19.96,93.68,57.00,37.73,31.60,591.00,8.00,8.00,12.00,41.63,34.75,605.00,5.00,9.00,14.00,14.80,12.59,245.00,7.00,8.00,11.00,46.22,40.63,731.00,7.00,8.00,12.00,13.20,11.26,294.00,10.00,8.00,11.00,2,손가락 펴기 (Open)
-25.19,-79.75,-13.56,-115.19,-11.44,110.86,199.44,165.63,74.41,120.44,34.91,203.29,187.00,245.48,217.48,104.42,209.54,199.65,147.93,43.16,202.00,56.69,65.89,62.64,45.00,91.66,43.04,50.28,17.00,228.92,243.38,212.03,255.34,286.58,144.71,190.11,161.00,29.39,26.06,48.29,79.18,43.59,17.97,92.28,59.00,35.31,29.94,621.00,9.00,9.00,12.00,43.87,36.62,654.00,5.00,8.00,14.00,14.37,12.19,240.00,7.00,8.00,11.00,54.05,46.06,780.00,7.00,8.00,13.00,13.29,11.37,289.00,10.00,8.00,11.00,2,손가락 펴기 (Open)
-60.12,-90.62,16.44,-12.12,-6.31,62.40,196.22,161.71,85.04,179.72,79.60,235.29,74.00,228.44,275.29,130.40,246.66,247.49,20.09,170.80,56.00,56.69,65.89,62.64,45.00,91.66,43.04,50.28,17.00,211.77,256.46,250.49,220.51,244.75,121.63,231.52,96.00,28.84,27.37,47.08,78.26,44.82,19.52,94.12,57.00,36.71,31.00,655.00,7.00,9.00,13.00,48.27,38.92,663.00,7.00,7.00,14.00,14.37,12.19,255.00,8.00,7.00,11.00,52.66,43.52,835.00,7.00,8.00,13.00,13.35,11.48,259.00,9.00,7.00,10.00,2,손가락 펴기 (Open)
-0.12,-24.56,-17.31,-42.81,0.69,75.73,177.18,209.61,64.50,138.33,62.00,199.20,122.00,230.42,280.98,222.72,172.35,154.97,84.46,107.48,153.00,44.10,49.15,54.85,65.00,107.43,32.53,69.10,3.00,189.78,232.96,231.15,107.35,205.75,121.13,219.52,245.00,27.48,41.11,17.72,51.66,16.84,35.10,62.12,89.00,34.84,28.02,672.00,7.00,9.00,13.00,45.57,36.69,701.00,7.00,8.00,14.00,15.04,13.10,275.00,9.00,8.00,11.00,47.64,38.39,809.00,7.00,8.00,13.00,10.74,9.31,229.00,9.00,7.00,9.00,2,손가락 펴기 (Open)
-20.25,-48.00,-5.75,-92.94,-14.50,87.18,151.52,224.27,34.93,134.97,46.88,227.10,92.00,237.54,242.90,260.61,114.98,187.55,89.29,151.15,48.00,28.84,24.42,30.39,69.64,115.28,55.93,52.19,22.00,218.89,188.21,136.81,242.22,338.58,197.99,174.67,103.00,32.39,43.83,24.81,61.22,15.95,22.51,74.35,76.00,35.17,29.09,670.00,9.00,10.00,13.00,45.39,37.25,709.00,5.00,8.00,14.00,14.41,12.06,269.00,9.00,8.00,11.00,52.32,41.19,857.00,9.00,8.00,13.00,11.36,10.12,240.00,10.00,7.00,10.00,2,손가락 펴기 (Open)
-23.44,-98.12,30.56,-37.44,-12.12,114.28,92.37,195.91,76.92,192.78,104.36,166.17,153.00,264.20,150.34,213.41,255.33,290.73,53.90,163.72,190.00,25.74,22.09,27.54,65.00,110.28,51.63,53.34,17.00,255.92,138.73,32.83,282.64,285.82,95.92,231.37,207.00,34.04,41.71,30.38,65.12,20.79,25.78,69.90,82.00,34.60,28.69,677.00,9.00,10.00,13.00,51.19,42.86,713.00,5.00,7.00,14.00,13.68,11.67,264.00,9.00,8.00,11.00,50.89,40.01,873.00,7.00,8.00,13.00,11.66,10.50,222.00,9.00,8.00,9.00,2,손가락 펴기 (Open)
-6.50,-85.81,38.62,-38.25,-16.12,136.79,82.61,148.97,106.40,168.01,69.25,209.51,106.00,340.54,82.15,74.49,338.00,171.21,171.46,116.59,7.00,69.93,43.47,37.57,93.72,103.55,61.66,66.93,30.00,315.96,84.62,136.63,178.37,207.89,210.98,111.55,60.00,46.04,20.21,45.20,46.82,19.66,43.22,87.84,50.00,33.26,26.56,683.00,9.00,11.00,14.00,49.59,43.21,669.00,7.00,7.00,13.00,16.87,14.30,261.00,9.00,7.00,11.00,45.02,36.97,746.00,4.00,8.00,13.00,11.85,10.52,228.00,9.00,9.00,9.00,2,손가락 펴기 (Open)
17.50,16.56,0.12,28.94,-2.88,141.82,95.22,142.75,96.80,157.69,68.78,198.03,122.00,359.87,98.44,30.23,299.55,131.83,127.68,118.44,47.00,93.61,55.49,39.63,80.50,81.06,38.22,64.93,6.00,306.40,121.78,113.13,233.08,147.44,240.22,67.14,1.00,56.08,10.83,42.83,28.84,9.78,23.64,82.88,70.00,32.50,25.44,632.00,9.00,10.00,14.00,46.66,40.26,725.00,8.00,7.00,13.00,15.85,13.00,269.00,8.00,8.00,11.00,45.05,36.55,735.00,6.00,8.00,13.00,11.15,9.48,231.00,9.00,10.00,10.00,2,손가락 펴기 (Open)
6.38,-1.50,9.81,19.94,0.62,151.25,46.81,111.09,141.32,110.32,52.96,185.44,172.00,362.58,97.10,5.01,277.24,161.75,132.74,102.47,16.00,97.95,55.41,36.28,76.06,84.71,42.66,62.71,11.00,297.48,89.95,87.44,247.20,133.45,236.90,45.59,33.00,58.91,9.68,36.04,33.94,2.03,28.40,81.21,62.00,30.81,23.50,619.00,9.00,11.00,13.00,46.11,38.75,694.00,8.00,7.00,13.00,16.00,13.36,274.00,8.00,8.00,12.00,43.47,34.80,694.00,5.00,8.00,13.00,10.95,8.92,217.00,9.00,9.00,9.00,2,손가락 펴기 (Open)
34.56,87.25,14.50,100.25,-2.75,197.87,59.78,51.21,131.24,126.13,102.82,179.29,111.00,408.36,191.98,111.06,209.57,213.09,127.18,82.22,100.00,101.14,52.10,31.53,78.55,86.50,41.29,66.44,6.00,370.31,177.28,189.86,162.94,224.40,174.45,76.91,140.00,59.01,13.70,41.23,30.00,4.51,28.85,78.22,56.00,31.54,24.01,598.00,8.00,11.00,13.00,51.02,42.41,707.00,8.00,7.00,13.00,16.23,13.75,254.00,7.00,7.00,11.00,50.59,39.81,718.00,4.00,8.00,13.00,10.76,8.59,191.00,9.00,9.00,8.00,2,손가락 펴기 (Open)
88.44,43.94,33.25,45.94,-1.31,262.86,125.78,78.97,65.49,175.01,47.80,209.90,177.00,399.57,181.80,107.40,219.69,208.49,123.67,84.47,111.00,127.33,5.15,59.27,125.87,34.50,45.89,23.24,58.00,359.88,173.55,188.03,154.87,232.45,164.35,85.13,151.00,52.95,9.57,49.08,18.03,26.00,24.62,62.19,33.00,38.33,28.40,632.00,7.00,10.00,13.00,50.36,41.80,719.00,8.00,7.00,13.00,17.92,15.47,251.00,6.00,6.00,11.00,49.90,39.30,730.00,4.00,9.00,13.00,9.41,7.14,158.00,8.00,8.00,7.00,2,손가락 펴기 (Open)
35.94,83.88,10.94,85.19,16.81,301.85,156.75,115.96,72.45,143.21,58.77,177.05,137.00,462.67,214.86,70.23,251.81,143.50,73.68,100.14,176.00,129.00,4.02,63.41,124.33,36.70,46.54,27.33,53.00,435.74,154.79,128.44,214.89,219.14,97.25,138.50,227.00,71.40,22.78,20.39,48.01,44.38,27.91,39.41,3.00,39.44,31.33,609.00,6.00,10.00,13.00,54.49,45.62,709.00,6.00,7.00,13.00,18.07,15.82,248.00,5.00,6.00,11.00,54.41,43.06,774.00,6.00,10.00,14.00,9.94,7.88,148.00,6.00,7.00,7.00,2,손가락 펴기 (Open)
8.00,52.25,24.06,122.62,16.81,251.00,158.24,128.67,32.00,175.88,80.60,115.88,72.00,440.99,218.50,92.09,234.44,137.07,52.06,106.42,198.00,135.52,44.54,71.37,81.39,74.42,27.39,19.57,99.00,547.36,108.10,43.03,184.27,334.37,165.22,121.27,106.00,71.40,22.78,20.39,48.01,44.38,27.91,39.41,3.00,35.25,26.25,546.00,3.00,9.00,13.00,52.89,44.25,688.00,6.00,8.00,13.00,18.46,16.31,254.00,5.00,7.00,11.00,62.91,50.62,809.00,5.00,10.00,14.00,9.94,7.88,124.00,5.00,6.00,6.00,2,손가락 펴기 (Open)
43.62,91.50,27.44,72.25,-7.19,287.25,105.42,58.95,38.00,243.59,105.74,46.01,2.00,506.69,159.84,87.50,195.17,203.98,42.41,130.62,274.00,138.65,78.52,55.95,106.83,53.40,60.21,28.53,57.00,613.42,84.72,126.82,98.51,291.15,173.46,89.10,192.00,71.40,22.78,20.39,48.01,44.38,27.91,39.41,3.00,36.57,28.42,564.00,5.00,9.00,13.00,57.69,49.00,681.00,5.00,8.00,13.00,19.54,17.12,255.00,5.00,6.00,11.00,65.58,55.22,854.00,5.00,11.00,15.00,9.94,7.88,121.00,5.00,5.00,6.00,2,손가락 펴기 (Open)
96.88,125.75,25.12,97.81,-9.25,331.81,13.83,108.98,114.49,248.61,157.15,152.57,110.00,630.31,14.14,259.49,73.55,146.16,129.72,191.27,102.00,137.49,97.26,24.70,134.85,30.96,29.14,8.50,94.00,681.29,100.94,212.89,146.58,224.58,82.74,171.48,73.00,45.50,47.03,23.47,56.60,37.86,4.07,12.08,28.00,44.29,35.41,574.00,5.00,8.00,13.00,65.56,54.75,665.00,2.00,8.00,13.00,20.44,17.89,245.00,5.00,6.00,10.00,70.18,60.96,812.00,2.00,11.00,15.00,8.85,6.81,110.00,7.00,5.00,5.00,2,손가락 펴기 (Open)
87.00,14.75,50.31,22.88,-4.50,393.11,151.42,254.38,161.44,94.00,7.97,74.25,48.00,630.31,14.14,259.49,73.55,146.16,129.72,191.27,102.00,137.06,119.09,53.77,110.00,107.67,80.27,69.49,17.00,672.66,105.85,220.24,126.91,191.58,52.23,204.29,40.00,41.95,58.42,34.63,46.86,26.25,7.97,18.98,16.00,47.09,38.88,492.00,4.00,7.00,12.00,65.56,54.75,776.00,2.00,9.00,14.00,23.55,19.40,270.00,5.00,6.00,11.00,69.05,58.88,774.00,3.00,12.00,15.00,8.75,6.44,104.00,6.00,6.00,4.00,2,손가락 펴기 (Open)
11.00,14.75,45.19,111.50,4.06,393.11,151.42,254.38,161.44,94.00,7.97,74.25,48.00,630.31,14.14,259.49,73.55,146.16,129.72,191.27,102.00,151.52,132.99,118.43,28.02,103.97,88.66,28.32,99.00,669.75,100.70,42.65,97.74,206.67,132.75,382.12,142.00,40.95,55.41,34.73,51.62,22.39,14.01,23.23,9.00,47.09,38.88,521.00,3.00,7.00,12.00,65.56,54.75,705.00,1.00,9.00,13.00,24.97,20.56,270.00,5.00,6.00,11.00,73.24,62.62,825.00,1.00,12.00,15.00,8.79,6.67,113.00,7.00,6.00,4.00,2,손가락 펴기 (Open)
54.00,148.12,-32.12,54.88,14.88,386.41,172.80,178.36,110.63,160.71,103.90,165.58,144.00,608.25,204.42,100.84,145.28,322.15,321.60,94.92,320.00,151.91,131.61,118.48,28.64,98.97,83.75,24.23,94.00,645.05,234.66,154.84,141.32,36.63,116.70,243.56,44.00,36.86,65.16,53.26,40.72,17.35,18.73,23.84,28.00,48.22,40.38,528.00,3.00,7.00,12.00,74.50,59.64,832.00,1.00,8.00,13.00,24.54,20.25,317.00,6.00,5.00,11.00,67.91,57.89,771.00,5.00,12.00,15.00,9.56,7.64,120.00,6.00,6.00,5.00,2,손가락 펴기 (Open)
6.94,47.00,-7.12,39.12,0.88,365.78,173.49,94.73,206.40,99.50,78.08,72.54,47.00,579.66,323.29,235.70,199.48,242.50,204.60,93.21,174.00,151.91,131.61,118.48,28.64,98.97,83.75,24.23,94.00,620.60,270.94,205.78,121.04,60.94,40.70,270.51,32.00,36.86,65.16,53.26,40.72,17.35,18.73,23.84,28.00,43.11,35.45,512.00,5.00,7.00,12.00,71.83,57.25,864.00,3.00,8.00,13.00,24.54,20.25,307.00,6.00,5.00,11.00,68.16,58.62,742.00,5.00,12.00,15.00,9.56,7.64,129.00,6.00,6.00,6.00,2,손가락 펴기 (Open)
11.94,-9.94,16.94,31.88,5.88,346.30,156.51,120.29,217.28,71.64,41.41,110.74,95.00,566.37,334.13,255.47,178.23,220.45,205.51,83.30,205.00,121.83,72.59,84.44,63.51,149.12,94.13,39.04,31.00,556.78,277.27,204.60,5.83,136.47,147.84,282.94,84.00,36.86,65.16,53.26,40.72,17.35,18.73,23.84,28.00,42.36,34.31,498.00,5.00,8.00,11.00,71.16,55.31,889.00,4.00,8.00,13.00,22.43,18.44,325.00,7.00,5.00,11.00,65.72,55.36,683.00,5.00,11.00,14.00,9.56,7.64,118.00,5.00,6.00,5.00,2,손가락 펴기 (Open)
-22.44,-89.69,13.62,-97.19,-12.00,321.65,126.04,156.54,181.86,109.63,78.86,91.97,57.00,581.04,342.14,264.59,194.02,201.78,193.56,90.16,225.00,97.92,76.25,130.16,62.24,112.46,45.40,20.13,84.00,519.61,256.51,168.94,46.27,104.64,127.20,253.83,35.00,38.69,64.96,55.21,38.91,17.75,18.78,25.84,30.00,40.04,31.94,523.00,6.00,8.00,12.00,72.56,56.56,911.00,4.00,8.00,13.00,20.70,16.83,289.00,7.00,5.00,10.00,59.86,51.91,760.00,6.00,10.00,14.00,9.71,7.75,134.00,6.00,6.00,6.00,2,손가락 펴기 (Open)
-46.81,-35.88,-37.12,-115.94,-11.75,302.72,104.09,160.81,174.32,102.86,62.99,93.53,79.00,488.94,251.30,166.63,264.61,224.02,97.97,177.01,324.00,122.64,44.35,107.04,96.30,135.41,12.19,55.68,120.00,538.46,274.79,187.99,48.38,117.66,138.22,237.81,15.00,42.69,67.60,56.10,40.82,13.80,21.59,22.29,26.00,38.03,30.56,532.00,6.00,8.00,12.00,65.17,50.86,971.00,6.00,9.00,14.00,22.80,19.36,331.00,7.00,4.00,10.00,62.04,53.32,770.00,6.00,9.00,14.00,9.96,7.97,128.00,6.00,5.00,6.00,2,손가락 펴기 (Open)
-47.31,-60.81,-29.50,-77.81,0.31,294.82,99.04,154.55,182.00,96.39,62.75,95.47,71.00,409.96,177.51,168.89,317.91,145.21,173.27,98.18,245.00,163.16,6.48,135.38,114.62,98.23,43.66,19.84,78.00,508.51,247.22,187.41,21.93,145.92,167.98,209.08,15.00,29.33,52.62,68.64,29.00,13.91,36.57,17.64,11.00,37.35,30.14,509.00,8.00,7.00,11.00,57.28,46.54,892.00,6.00,9.00,14.00,23.90,20.75,299.00,6.00,4.00,9.00,59.20,51.21,739.00,6.00,9.00,14.00,9.31,7.19,129.00,7.00,5.00,6.00,2,손가락 펴기 (Open)
-60.44,-59.56,-15.12,3.50,0.12,324.11,99.60,181.56,176.14,72.03,47.60,116.66,41.00,428.66,185.27,149.07,331.64,140.51,184.62,80.99,225.00,153.30,9.03,126.54,122.87,100.53,49.26,20.29,68.00,470.26,235.67,228.49,60.17,148.50,136.92,251.97,28.00,27.74,50.43,71.03,31.24,10.97,34.60,16.51,14.00,39.61,31.94,516.00,6.00,6.00,12.00,58.36,47.63,872.00,6.00,8.00,13.00,23.38,20.12,304.00,6.00,4.00,9.00,58.44,48.62,812.00,7.00,8.00,14.00,9.28,7.02,126.00,6.00,4.00,6.00,2,손가락 펴기 (Open)
-23.44,-97.06,-5.75,-59.88,-2.69,311.04,109.62,182.58,160.25,78.87,34.56,132.04,25.00,458.83,176.17,133.12,361.20,108.76,194.15,108.25,265.00,144.96,14.11,128.05,128.60,90.60,51.27,15.94,78.00,476.63,230.16,222.47,58.31,158.33,138.09,260.97,38.00,28.25,50.55,71.81,29.41,10.91,35.02,14.76,17.00,38.82,30.94,522.00,6.00,7.00,12.00,61.63,49.82,816.00,5.00,7.00,13.00,23.10,19.50,309.00,6.00,4.00,10.00,59.03,49.41,789.00,7.00,8.00,14.00,9.31,7.19,126.00,6.00,4.00,6.00,2,손가락 펴기 (Open)
-22.44,28.62,-47.31,-63.19,4.81,319.68,93.64,167.29,163.02,94.74,18.59,147.92,9.00,464.12,167.65,141.92,354.20,118.89,184.27,103.40,254.00,169.37,40.20,90.19,161.53,78.97,87.67,33.16,117.00,519.09,127.93,292.97,165.11,135.24,81.68,205.12,69.00,30.63,56.12,63.86,23.35,18.74,41.86,9.60,25.00,39.21,31.94,464.00,5.00,6.00,11.00,61.25,49.05,897.00,5.00,7.00,13.00,25.98,21.94,331.00,5.00,4.00,10.00,60.49,52.29,744.00,6.00,7.00,14.00,9.36,7.36,134.00,7.00,5.00,6.00,2,손가락 펴기 (Open)
-53.44,-43.75,-43.50,-78.69,-3.19,358.99,75.03,127.53,59.20,125.62,124.82,74.09,121.00,470.96,125.83,178.94,322.55,125.65,224.57,112.24,296.00,200.03,98.99,70.11,198.01,36.75,45.45,45.01,56.00,531.98,66.66,358.54,182.51,67.19,143.56,213.69,3.00,30.63,56.12,63.86,23.35,18.74,41.86,9.60,25.00,39.37,31.69,452.00,3.00,6.00,11.00,62.27,51.34,928.00,5.00,7.00,13.00,28.08,23.62,309.00,6.00,3.00,9.00,63.74,57.35,720.00,5.00,7.00,14.00,9.36,7.36,122.00,7.00,6.00,5.00,2,손가락 펴기 (Open)
-56.12,-104.00,-9.19,-71.44,0.88,373.38,143.37,193.58,57.43,65.97,98.10,92.92,52.00,468.12,124.55,232.60,444.57,31.60,198.80,191.53,140.00,201.43,101.96,74.85,194.46,41.71,43.57,40.09,61.00,527.76,134.19,377.99,92.11,172.90,57.74,253.46,113.00,15.85,46.26,55.08,17.03,31.84,36.99,26.18,8.00,41.90,34.39,427.00,2.00,5.00,10.00,66.93,53.38,965.00,5.00,6.00,13.00,28.16,23.94,327.00,5.00,3.00,9.00,65.66,60.01,675.00,3.00,6.00,13.00,8.30,6.36,125.00,8.00,7.00,5.00,2,손가락 펴기 (Open)
-60.38,-68.19,-12.56,-70.75,-6.50,371.96,179.60,222.34,96.80,65.30,77.58,91.52,96.00,454.71,217.17,206.44,499.81,93.96,130.32,103.31,233.00,200.59,101.92,93.81,176.95,36.92,67.91,65.76,35.00,501.13,302.55,272.97,105.12,225.61,152.23,148.44,58.00,12.34,59.57,29.09,9.06,20.09,28.13,6.75,34.00,44.43,36.80,394.00,1.00,5.00,9.00,69.03,55.69,951.00,3.00,7.00,13.00,28.18,23.88,326.00,5.00,4.00,9.00,64.11,59.50,640.00,3.00,5.00,13.00,7.10,5.75,110.00,8.00,8.00,4.00,2,손가락 펴기 (Open)
-35.44,-122.44,36.31,-99.44,-13.88,354.34,204.81,206.89,95.82,120.07,135.57,76.22,33.00,412.20,394.41,65.18,370.41,157.53,333.10,307.23,29.00,207.62,113.83,99.97,163.42,54.58,84.14,81.91,17.00,465.53,425.04,108.30,233.33,85.86,169.59,280.97,107.00,20.40,69.56,27.33,12.73,11.11,35.51,9.01,24.00,44.95,36.80,355.00,1.00,6.00,9.00,73.82,58.24,973.00,3.00,7.00,13.00,29.27,25.15,376.00,6.00,5.00,10.00,67.57,61.62,646.00,3.00,4.00,13.00,7.87,6.41,114.00,4.00,7.00,4.00,2,손가락 펴기 (Open)
-13.69,2.81,-21.06,-31.75,-4.12,307.45,208.86,107.94,34.48,90.68,64.60,146.58,141.00,385.43,463.65,81.84,261.34,104.57,249.20,190.69,161.00,178.75,71.83,58.03,194.62,84.53,107.32,115.18,25.00,425.41,471.83,149.57,218.89,117.96,39.11,142.20,32.00,18.05,66.68,23.69,15.81,7.99,39.47,11.37,20.00,39.01,30.94,370.00,3.00,6.00,10.00,66.20,49.31,979.00,6.00,8.00,13.00,29.39,24.83,406.00,7.00,6.00,10.00,63.13,55.81,628.00,3.00,4.00,13.00,7.67,6.12,120.00,8.00,8.00,5.00,2,손가락 펴기 (Open)
38.06,4.12,22.81,10.56,-0.38,273.28,188.51,67.38,34.48,31.73,58.16,87.51,81.00,377.13,461.89,84.28,275.77,84.47,244.08,202.38,140.00,153.14,54.84,56.36,177.87,94.87,112.21,100.12,5.00,415.15,466.07,169.02,198.41,125.20,60.11,162.32,11.00,17.91,66.80,20.85,18.38,7.31,37.17,10.53,24.00,32.02,27.19,342.00,4.00,5.00,10.00,65.92,48.00,979.00,6.00,8.00,13.00,26.94,22.59,448.00,8.00,7.00,11.00,62.70,54.17,569.00,4.00,3.00,13.00,7.60,5.88,115.00,7.00,8.00,5.00,2,손가락 펴기 (Open)
22.06,56.06,8.75,58.44,-7.56,273.28,188.51,67.38,34.48,31.73,58.16,87.51,81.00,400.88,487.10,112.58,253.51,67.39,217.24,212.71,107.00,107.54,84.86,102.93,139.18,48.46,74.05,110.94,42.00,358.43,400.68,188.30,195.63,47.35,56.51,111.79,89.00,16.71,57.72,19.10,29.07,7.39,41.94,19.43,37.00,32.02,27.19,309.00,4.00,5.00,10.00,67.18,50.06,886.00,6.00,7.00,13.00,23.34,19.28,388.00,7.00,7.00,11.00,54.82,48.08,567.00,4.00,3.00,13.00,7.75,6.17,111.00,5.00,8.00,4.00,2,손가락 펴기 (Open)
79.50,42.56,39.69,133.62,20.25,281.97,197.34,58.95,42.54,28.82,66.49,95.27,90.00,276.79,352.17,90.11,172.41,191.31,83.87,252.49,29.00,172.33,22.63,92.20,109.66,74.17,9.06,131.51,107.00,399.67,445.18,220.60,151.42,55.25,101.41,117.61,134.00,17.26,60.71,21.65,27.86,7.72,44.84,22.40,40.00,33.32,27.75,326.00,4.00,5.00,10.00,52.01,41.63,816.00,6.00,8.00,13.00,24.90,20.73,398.00,7.00,8.00,11.00,60.32,51.59,634.00,4.00,3.00,13.00,8.20,6.31,125.00,6.00,8.00,4.00,2,손가락 펴기 (Open)
22.00,76.25,10.00,36.38,-7.06,274.04,192.97,59.54,46.32,21.05,73.85,100.44,98.00,265.87,345.73,100.89,162.12,185.02,89.36,250.80,18.00,182.28,23.03,102.98,98.95,64.61,18.69,130.03,96.00,355.67,420.25,182.75,148.49,98.69,137.23,150.19,178.00,13.62,52.77,14.63,18.03,7.12,54.56,33.13,51.00,32.93,27.25,376.00,4.00,5.00,11.00,50.93,41.03,794.00,6.00,9.00,13.00,25.03,21.38,399.00,6.00,9.00,11.00,57.66,48.16,734.00,4.00,4.00,14.00,8.36,6.68,148.00,7.00,8.00,5.00,2,손가락 펴기 (Open)
38.00,32.25,38.25,111.31,4.25,274.04,192.97,59.54,46.32,21.05,73.85,100.44,98.00,265.87,345.73,100.89,162.12,185.02,89.36,250.80,18.00,190.66,34.03,110.05,102.53,63.75,17.26,127.01,108.00,386.31,414.12,179.11,181.40,112.19,149.33,182.42,211.00,12.73,53.25,18.41,15.81,10.11,53.07,29.06,46.00,32.93,27.25,360.00,4.00,6.00,11.00,50.93,41.03,757.00,5.00,9.00,13.00,25.99,22.12,428.00,6.00,10.00,12.00,60.99,50.73,685.00,3.00,5.00,14.00,8.10,6.41,141.00,7.00,9.00,5.00,2,손가락 펴기 (Open)
51.00,78.75,0.00,60.12,16.56,305.40,154.43,102.07,82.76,42.20,101.95,113.53,50.00,382.50,247.14,226.69,60.88,58.49,216.46,199.97,154.00,181.51,15.06,125.96,76.94,39.77,43.60,113.52,136.00,476.48,328.90,83.34,221.11,201.87,214.08,73.14,96.00,33.86,35.52,14.98,13.00,36.32,70.60,28.46,19.00,35.43,30.25,353.00,3.00,6.00,11.00,53.37,42.22,752.00,4.00,9.00,13.00,25.09,20.38,415.00,5.00,10.00,12.00,61.72,52.86,709.00,3.00,5.00,14.00,8.88,6.74,155.00,9.00,9.00,6.00,2,손가락 펴기 (Open)
1.56,160.25,-42.81,104.19,26.12,314.67,131.48,105.41,95.78,49.28,78.99,96.92,73.00,510.86,84.75,354.14,227.50,161.17,115.72,314.45,14.00,184.98,30.26,144.19,87.46,57.32,29.50,127.72,117.00,603.65,138.76,113.18,127.39,136.53,25.82,243.30,287.00,72.85,12.68,52.80,36.06,45.73,31.86,25.43,58.00,35.06,29.01,401.00,3.00,7.00,12.00,67.53,53.34,824.00,3.00,9.00,13.00,26.65,21.56,454.00,6.00,10.00,13.00,64.49,56.16,725.00,3.00,6.00,14.00,10.82,7.88,154.00,8.00,9.00,6.00,2,손가락 펴기 (Open)
-35.50,-18.38,-41.31,-102.12,-2.69,314.19,141.78,117.72,107.65,64.14,69.97,83.66,88.00,516.50,75.38,352.84,228.37,161.10,109.95,304.67,4.00,200.00,53.37,149.12,107.19,60.58,35.24,104.89,141.00,579.80,189.42,93.78,186.27,195.27,57.23,293.03,346.00,70.11,13.99,52.09,37.16,48.60,30.24,26.64,61.00,35.81,30.06,424.00,4.00,6.00,12.00,67.31,52.80,1002.00,4.00,10.00,14.00,28.29,23.06,439.00,6.00,10.00,12.00,68.62,59.39,851.00,3.00,6.00,14.00,10.84,8.02,183.00,9.00,10.00,7.00,2,손가락 펴기 (Open)
-14.88,51.31,-25.75,51.19,35.00,306.61,143.25,100.45,96.66,73.25,77.85,61.93,110.00,540.99,88.76,272.06,144.18,87.35,193.92,388.63,89.00,222.74,70.28,130.62,96.77,35.65,46.92,129.87,116.00,579.66,186.11,83.97,186.00,200.51,67.70,299.96,357.00,99.13,23.62,30.05,15.30,64.11,53.35,47.16,98.00,34.83,28.52,408.00,3.00,7.00,12.00,68.21,54.56,1037.00,5.00,10.00,14.00,29.05,24.62,443.00,5.00,9.00,12.00,69.08,60.16,941.00,3.00,7.00,14.00,14.12,11.12,220.00,7.00,10.00,8.00,2,손가락 펴기 (Open)
-41.06,-17.44,19.56,67.12,8.12,337.70,110.53,95.37,58.73,60.14,121.71,20.22,155.00,542.85,148.53,235.06,146.25,143.74,151.46,338.27,29.00,211.74,70.06,140.90,107.28,32.00,57.91,139.94,105.00,549.53,248.21,61.68,283.00,270.88,87.66,286.41,260.00,108.02,33.95,16.53,29.15,71.45,39.74,41.19,84.00,36.41,31.19,437.00,3.00,8.00,13.00,65.66,50.81,977.00,5.00,10.00,14.00,29.39,25.31,445.00,5.00,9.00,12.00,70.95,63.25,953.00,3.00,7.00,14.00,14.21,11.59,238.00,6.00,10.00,9.00,2,손가락 펴기 (Open)
-3.56,37.25,-22.31,-10.81,-11.00,345.18,102.57,88.49,53.60,67.45,115.22,24.99,147.00,546.27,140.45,228.93,135.59,145.51,153.28,332.59,18.00,198.80,81.06,142.19,104.24,21.61,48.61,130.46,119.00,531.97,279.14,92.46,284.59,245.02,56.70,275.26,291.00,104.10,34.10,28.01,33.62,85.10,35.12,44.83,70.00,36.40,31.13,436.00,2.00,9.00,13.00,65.21,50.12,956.00,5.00,11.00,14.00,28.52,24.44,486.00,6.00,10.00,13.00,70.26,61.31,1009.00,4.00,8.00,14.00,14.48,11.88,250.00,6.00,9.00,10.00,2,손가락 펴기 (Open)
32.06,2.31,-9.12,-24.31,-8.75,275.24,163.20,151.02,41.87,127.00,126.19,82.61,77.00,526.39,144.27,259.50,131.06,121.03,179.97,329.82,13.00,179.78,109.74,118.16,75.71,50.23,52.43,142.08,90.00,499.47,307.05,110.86,244.84,239.27,88.38,302.82,251.00,104.86,37.53,28.07,37.12,84.44,32.91,42.02,74.00,36.31,31.31,469.00,3.00,9.00,14.00,64.85,48.48,919.00,5.00,11.00,14.00,27.04,22.62,467.00,6.00,10.00,13.00,68.71,58.81,1020.00,4.00,8.00,15.00,14.60,12.03,249.00,6.00,9.00,10.00,2,손가락 펴기 (Open)
4.75,-23.69,-18.19,-54.94,2.94,228.31,189.44,162.29,34.21,137.24,78.36,53.01,130.00,457.98,122.75,288.84,51.16,196.34,106.09,311.59,67.00,184.26,101.28,131.40,74.01,56.35,49.04,144.57,75.00,489.79,307.56,106.15,243.82,248.75,86.13,293.51,261.00,102.11,32.75,32.59,39.66,88.78,28.10,37.54,79.00,34.43,29.00,486.00,3.00,9.00,15.00,59.95,43.52,910.00,8.00,10.00,14.00,27.42,23.56,472.00,6.00,10.00,14.00,68.16,58.19,1040.00,4.00,8.00,15.00,14.61,12.20,252.00,7.00,9.00,11.00,2,손가락 펴기 (Open)
-61.81,-73.69,-17.56,-103.06,-9.19,232.57,190.55,167.38,39.96,144.24,71.53,54.67,137.00,457.98,122.75,288.84,51.16,196.34,106.09,311.59,67.00,184.02,104.16,131.09,64.01,62.78,57.03,146.64,85.00,519.53,328.08,136.11,213.94,269.28,106.28,263.52,291.00,100.48,31.89,34.05,41.34,87.23,29.88,39.53,77.00,35.17,29.44,532.00,4.00,9.00,15.00,59.95,43.52,893.00,8.00,9.00,14.00,27.71,24.19,422.00,5.00,9.00,13.00,70.57,60.06,1051.00,4.00,7.00,15.00,14.53,12.11,256.00,8.00,9.00,12.00,2,손가락 펴기 (Open)
-53.50,-106.00,-4.44,-66.12,-1.38,239.13,208.13,186.62,54.04,137.50,84.48,44.25,116.00,421.75,85.78,253.46,88.09,165.22,128.54,283.75,104.00,171.42,150.81,87.23,81.84,24.19,12.53,123.75,35.00,477.63,279.08,127.98,223.90,255.04,155.22,219.34,340.00,82.12,42.65,33.10,35.13,83.71,29.81,22.11,96.00,36.76,30.75,524.00,4.00,10.00,14.00,54.98,41.50,806.00,8.00,9.00,14.00,25.48,21.62,372.00,4.00,8.00,13.00,66.59,57.00,1032.00,4.00,8.00,15.00,13.66,11.22,255.00,8.00,10.00,11.00,2,손가락 펴기 (Open)
-38.12,-63.50,-0.38,-74.88,-6.62,239.40,229.58,187.98,43.68,120.69,87.70,60.99,138.00,455.19,118.47,259.56,98.39,132.74,168.54,246.85,144.00,179.20,137.70,100.30,70.72,36.60,22.13,114.72,20.00,489.32,293.54,109.60,243.00,235.42,169.39,207.28,360.00,78.14,46.65,29.96,31.14,87.52,26.30,24.65,92.00,37.79,32.12,490.00,3.00,9.00,14.00,56.98,43.69,846.00,8.00,10.00,15.00,25.21,20.80,335.00,3.00,7.00,12.00,67.81,58.25,1001.00,4.00,9.00,15.00,13.50,11.03,256.00,8.00,10.00,11.00,2,손가락 펴기 (Open)
-46.88,-42.25,-22.12,-99.19,-10.38,226.24,284.02,121.98,43.68,200.33,43.71,26.61,54.00,467.12,125.42,243.59,116.62,127.99,154.89,266.84,124.00,139.28,158.87,116.70,49.01,83.27,73.78,76.85,32.00,519.18,311.32,74.53,282.65,296.32,188.66,243.64,269.00,81.67,43.96,33.58,31.02,90.14,22.45,26.33,88.00,38.82,33.38,488.00,3.00,9.00,14.00,57.70,44.78,812.00,7.00,9.00,15.00,24.91,20.27,343.00,5.00,7.00,12.00,72.39,63.94,988.00,3.00,9.00,15.00,13.66,11.22,252.00,8.00,9.00,11.00,2,손가락 펴기 (Open)
-36.06,-56.38,-24.62,-99.25,-4.06,212.05,292.78,66.89,84.22,200.84,93.22,47.38,115.00,499.94,127.98,167.79,119.01,220.58,174.60,181.97,218.00,103.93,155.51,156.36,9.06,88.60,56.05,112.58,8.00,542.06,281.47,215.90,183.58,367.74,70.38,257.18,412.00,75.07,44.46,35.56,42.01,85.94,19.83,29.63,77.00,39.54,34.19,437.00,3.00,9.00,13.00,58.94,46.38,810.00,5.00,9.00,15.00,25.50,20.62,313.00,7.00,6.00,11.00,76.27,67.50,919.00,3.00,8.00,14.00,13.19,10.70,231.00,7.00,9.00,10.00,2,손가락 펴기 (Open)
-61.44,-89.38,17.56,-30.12,-17.06,194.88,251.58,180.70,133.69,62.04,76.57,106.66,39.00,518.17,135.21,234.55,50.16,190.96,233.59,264.16,106.00,69.77,134.36,169.45,35.17,53.63,45.40,77.58,27.00,550.03,207.91,324.36,90.02,219.02,230.79,185.11,250.00,87.09,68.14,4.04,52.20,54.04,48.32,45.64,45.00,36.83,32.56,414.00,5.00,9.00,13.00,63.17,50.55,817.00,5.00,8.00,15.00,22.39,18.44,324.00,8.00,6.00,11.00,69.92,61.14,878.00,3.00,8.00,14.00,13.50,10.34,218.00,6.00,9.00,10.00,2,손가락 펴기 (Open)
12.06,-61.56,-0.81,-63.75,-7.44,193.72,235.52,198.04,122.25,85.05,54.13,85.17,15.00,518.10,155.89,351.14,75.11,88.51,108.61,220.67,231.00,44.09,109.26,154.06,48.80,68.88,65.79,101.93,1.00,539.59,140.05,316.20,192.01,228.05,167.09,249.66,352.00,86.28,62.30,9.52,47.51,51.50,53.67,48.68,39.00,35.87,31.06,470.00,6.00,10.00,13.00,63.53,49.45,793.00,5.00,8.00,15.00,21.55,16.91,315.00,9.00,6.00,11.00,71.36,62.72,841.00,3.00,8.00,14.00,13.21,10.10,217.00,6.00,10.00,10.00,2,손가락 펴기 (Open)
7.06,-9.62,65.44,159.31,-7.12,181.50,187.77,188.15,80.60,91.31,83.77,120.64,63.00,510.63,152.89,355.41,79.71,118.88,132.74,213.77,200.00,54.46,119.96,165.89,57.80,65.29,77.48,111.35,11.00,559.63,185.42,358.68,198.15,194.78,187.73,294.62,399.00,84.98,65.02,10.16,44.41,55.17,55.54,49.88,34.00,33.31,28.06,462.00,6.00,10.00,12.00,63.38,48.33,788.00,3.00,8.00,15.00,23.54,17.76,342.00,10.00,7.00,11.00,76.80,66.02,1023.00,4.00,8.00,14.00,13.32,10.30,203.00,5.00,10.00,9.00,2,손가락 펴기 (Open)
120.75,140.12,8.75,68.31,-9.69,213.02,231.59,239.19,64.12,144.31,104.90,156.29,116.00,552.23,206.52,414.15,145.53,149.18,159.83,187.61,132.00,51.34,118.39,164.82,54.92,60.37,80.30,114.03,16.00,559.63,185.42,358.68,198.15,194.78,187.73,294.62,399.00,73.86,65.00,33.16,29.07,36.10,67.18,57.00,57.00,41.77,31.38,531.00,6.00,11.00,12.00,70.27,54.08,850.00,6.00,7.00,15.00,23.39,17.41,355.00,9.00,8.00,11.00,76.80,66.02,1058.00,4.00,8.00,14.00,13.20,9.70,195.00,7.00,9.00,8.00,2,손가락 펴기 (Open)
106.00,108.81,26.00,179.62,29.06,298.92,269.97,302.90,28.28,138.67,148.09,140.13,24.00,500.34,149.72,370.69,146.54,131.58,160.74,160.39,73.00,87.85,104.84,119.89,33.11,57.08,92.27,138.49,76.00,616.14,206.93,341.67,192.26,198.92,239.51,347.21,458.00,76.69,67.36,31.83,25.55,37.70,71.16,60.21,61.00,49.68,37.62,502.00,5.00,11.00,11.00,62.70,49.01,707.00,5.00,7.00,15.00,23.05,17.38,376.00,6.00,9.00,12.00,83.78,70.22,963.00,3.00,8.00,14.00,13.71,10.04,205.00,7.00,9.00,8.00,2,손가락 펴기 (Open)
41.62,18.88,61.62,24.06,-18.94,368.71,265.55,290.25,71.69,69.68,78.09,120.51,94.00,531.09,165.88,359.68,116.48,102.36,145.93,142.02,42.00,166.93,83.54,37.61,73.35,45.51,153.43,151.56,26.00,736.47,209.39,223.75,71.70,82.41,228.53,279.40,337.00,62.08,51.54,21.75,36.40,53.67,84.11,75.87,77.00,50.45,39.55,540.00,5.00,10.00,11.00,62.83,50.16,720.00,4.00,6.00,15.00,26.60,20.64,404.00,7.00,9.00,12.00,80.78,67.55,957.00,2.00,9.00,14.00,14.52,10.67,214.00,9.00,9.00,8.00,2,손가락 펴기 (Open)
69.56,31.94,44.88,77.69,-2.31,442.67,220.91,215.18,84.65,134.54,146.62,169.66,13.00,499.36,174.06,392.61,112.00,82.54,115.90,116.95,9.00,224.46,88.31,106.97,95.02,66.74,79.41,105.56,50.00,755.97,200.36,210.74,72.01,99.65,210.91,280.96,359.00,20.46,29.84,20.27,35.23,55.84,85.60,35.90,35.00,53.52,44.67,544.00,3.00,10.00,11.00,61.26,47.58,666.00,3.00,6.00,15.00,28.20,23.28,370.00,6.00,9.00,12.00,81.92,69.10,990.00,2.00,9.00,14.00,10.94,7.68,202.00,9.00,10.00,8.00,2,손가락 펴기 (Open)
62.69,81.50,14.88,98.31,0.56,527.00,123.36,151.84,68.88,176.98,145.61,73.73,123.00,569.66,102.42,362.76,199.00,153.22,41.79,50.27,78.00,224.46,88.31,106.97,95.02,66.74,79.41,105.56,50.00,770.37,180.42,223.68,93.77,106.34,232.79,287.87,337.00,6.98,40.95,28.98,25.00,41.86,73.63,46.34,49.00,54.93,47.35,507.00,3.00,10.00,10.00,64.77,53.69,667.00,2.00,5.00,15.00,28.20,23.28,359.00,5.00,8.00,12.00,83.39,70.65,936.00,2.00,9.00,14.00,10.35,6.55,184.00,8.00,9.00,7.00,2,손가락 펴기 (Open)
50.62,79.44,-7.38,61.25,21.75,563.75,59.47,204.82,45.61,116.94,89.73,135.81,58.00,588.78,69.44,389.87,201.88,130.96,48.30,77.65,45.00,229.13,71.57,98.05,83.35,66.77,87.76,87.47,70.00,793.93,120.60,286.76,107.04,41.37,198.26,248.24,402.00,33.93,14.59,46.65,51.24,42.54,45.51,66.39,78.00,56.40,50.12,475.00,2.00,9.00,9.00,66.78,56.01,634.00,2.00,5.00,14.00,27.45,22.34,365.00,6.00,7.00,12.00,84.87,75.22,958.00,1.00,10.00,14.00,11.69,8.22,205.00,9.00,9.00,8.00,2,손가락 펴기 (Open)
-11.88,75.31,-7.69,77.12,11.62,554.95,86.54,174.92,84.85,127.16,49.99,175.34,18.00,608.38,49.30,446.04,137.28,113.16,90.31,12.62,111.00,228.61,66.62,93.05,87.71,71.09,82.92,92.45,65.00,801.58,131.99,319.07,53.24,118.71,187.76,332.80,304.00,50.16,22.69,62.75,49.09,24.55,56.01,59.12,60.00,56.10,49.11,516.00,3.00,9.00,9.00,69.46,60.65,613.00,1.00,5.00,13.00,27.34,22.11,355.00,6.00,7.00,11.00,87.09,79.50,950.00,1.00,11.00,14.00,11.99,8.97,202.00,8.00,9.00,7.00,2,손가락 펴기 (Open)
-10.88,-1.38,-8.62,-3.06,-7.50,558.44,90.25,181.85,88.54,111.17,60.82,161.71,34.00,608.05,59.28,444.85,134.97,123.39,79.66,23.61,100.00,222.01,58.88,88.10,95.80,60.06,96.21,78.26,80.00,790.34,181.53,289.18,5.39,126.40,221.81,281.90,355.00,41.09,8.83,64.31,63.07,22.67,57.39,62.27,46.00,56.16,49.34,449.00,2.00,8.00,8.00,69.40,60.05,639.00,2.00,5.00,13.00,26.79,21.41,355.00,6.00,7.00,11.00,86.10,76.31,977.00,2.00,11.00,14.00,12.06,8.81,210.00,8.00,8.00,7.00,2,손가락 펴기 (Open)
8.44,-24.88,-4.88,-18.75,-7.38,518.03,140.81,107.42,161.45,109.48,99.33,134.35,109.00,593.10,97.45,406.78,174.52,100.42,105.28,19.97,140.00,207.86,68.36,104.73,80.61,54.76,91.49,93.86,60.00,744.08,262.37,199.95,86.02,35.63,130.91,369.27,264.00,40.77,7.96,66.28,63.20,20.72,58.49,60.95,48.00,53.88,46.88,466.00,3.00,8.00,9.00,67.81,57.86,630.00,2.00,4.00,13.00,26.12,20.47,350.00,6.00,7.00,10.00,81.94,70.62,947.00,2.00,10.00,14.00,12.13,8.89,201.00,7.00,7.00,7.00,2,손가락 펴기 (Open)
-3.31,10.12,-33.62,-12.56,1.75,472.43,200.17,110.39,181.73,49.78,109.30,131.75,49.00,523.73,182.93,343.54,219.44,88.15,148.53,92.07,28.00,226.23,48.71,89.55,95.80,36.12,104.84,106.02,40.00,698.40,291.36,199.86,106.61,84.68,177.38,322.37,325.00,41.31,9.00,67.37,61.20,21.97,56.52,62.74,46.00,51.65,43.60,460.00,4.00,8.00,8.00,63.28,53.11,632.00,5.00,5.00,13.00,27.26,21.41,375.00,6.00,7.00,11.00,80.01,67.01,947.00,4.00,11.00,14.00,12.10,8.72,205.00,7.00,7.00,7.00,2,손가락 펴기 (Open)
-13.69,57.19,-78.00,-36.69,47.50,437.00,225.54,148.33,149.62,76.61,74.51,144.45,87.00,424.25,252.88,436.86,142.62,192.75,21.53,55.73,155.00,300.23,41.88,135.97,78.85,103.96,30.88,107.29,114.00,651.84,285.89,248.71,72.56,97.47,174.42,346.04,275.00,40.85,43.11,105.64,83.49,46.44,31.65,114.68,6.00,50.18,41.52,454.00,4.00,7.00,7.00,62.99,53.31,667.00,5.00,4.00,13.00,33.82,25.00,399.00,8.00,7.00,11.00,77.62,64.27,938.00,4.00,12.00,14.00,17.23,13.00,250.00,5.00,6.00,8.00,2,손가락 펴기 (Open)
-59.12,-20.75,36.62,71.75,2.75,430.00,225.72,151.45,145.61,78.29,81.27,139.22,80.00,395.47,255.60,463.76,113.72,172.60,48.68,27.95,124.00,237.17,28.80,82.99,147.98,134.38,54.76,163.68,184.00,450.85,197.51,396.88,142.62,105.01,131.40,370.48,476.00,45.70,52.08,115.61,75.17,48.46,23.06,103.52,6.00,49.63,41.14,492.00,4.00,6.00,8.00,61.89,51.38,723.00,6.00,5.00,13.00,34.31,26.17,513.00,7.00,7.00,12.00,73.90,62.25,1050.00,5.00,12.00,15.00,17.10,12.97,287.00,5.00,6.00,9.00,2,손가락 펴기 (Open)
13.06,26.69,4.75,-4.19,-10.69,360.33,182.59,118.09,213.93,8.39,78.73,213.19,157.00,290.47,210.77,464.07,183.35,149.23,93.73,132.13,229.00,211.75,71.45,114.37,159.93,160.74,19.46,118.01,138.00,324.01,135.52,400.31,226.02,129.74,216.28,286.85,333.00,45.26,51.61,117.45,82.20,57.43,14.23,97.40,15.00,47.35,38.93,534.00,3.00,6.00,8.00,59.46,49.73,737.00,7.00,5.00,13.00,32.87,24.41,502.00,5.00,7.00,12.00,64.71,53.31,1058.00,6.00,12.00,15.00,17.31,13.32,286.00,6.00,5.00,9.00,2,손가락 펴기 (Open)
29.50,27.94,9.06,53.38,4.88,292.26,72.33,34.08,294.50,145.05,66.63,81.34,20.00,157.77,114.25,336.55,300.67,295.57,72.20,53.59,73.00,210.88,77.77,124.05,149.88,150.42,17.16,128.69,149.00,268.68,109.92,288.16,179.47,58.68,71.01,410.90,484.00,41.05,38.17,94.76,97.67,70.98,12.93,92.74,38.00,40.58,35.12,487.00,3.00,5.00,8.00,51.52,44.69,728.00,7.00,5.00,13.00,32.95,24.94,487.00,5.00,7.00,11.00,62.12,50.88,1085.00,9.00,12.00,15.00,16.81,13.03,293.00,7.00,6.00,9.00,2,손가락 펴기 (Open)
32.94,9.12,24.00,-11.06,-11.88,305.91,21.35,64.67,251.29,133.94,76.54,140.87,93.00,158.33,69.95,229.80,261.30,242.69,64.21,84.35,198.00,231.86,87.04,129.63,136.72,159.49,61.35,93.41,100.00,331.21,150.15,162.93,45.88,77.75,169.91,276.89,349.00,42.42,41.90,97.01,95.02,69.49,16.87,94.03,42.00,40.44,34.70,487.00,5.00,4.00,8.00,43.37,38.02,689.00,7.00,6.00,13.00,33.04,24.88,438.00,4.00,6.00,11.00,51.03,42.45,915.00,11.00,12.00,15.00,16.96,13.22,310.00,8.00,7.00,10.00,2,손가락 펴기 (Open)
-3.06,-5.88,-11.44,-26.00,-3.19,338.81,39.88,76.87,211.01,88.78,29.72,114.49,45.00,209.16,77.24,255.18,197.72,193.54,22.14,56.54,134.00,189.13,117.56,177.13,80.23,123.16,113.62,97.03,43.00,238.68,187.85,186.51,133.46,165.90,235.96,169.48,236.00,39.04,37.42,99.78,91.29,64.49,20.25,97.48,47.00,38.50,32.07,403.00,5.00,4.00,8.00,39.93,33.52,546.00,7.00,5.00,13.00,31.35,23.19,420.00,4.00,6.00,11.00,47.16,38.62,846.00,8.00,11.00,15.00,16.86,12.98,315.00,8.00,7.00,10.00,2,손가락 펴기 (Open)
-43.75,-60.25,-34.88,-93.06,6.56,233.58,110.70,172.51,170.19,79.86,90.76,161.83,72.00,62.23,187.69,104.57,234.09,76.66,172.48,184.31,20.00,166.68,142.56,197.08,79.76,147.98,104.20,81.91,68.00,152.62,282.23,148.96,135.93,193.35,249.84,245.35,331.00,23.23,36.91,119.39,79.08,75.09,27.71,79.42,27.00,36.33,30.91,442.00,3.00,4.00,9.00,36.94,33.09,575.00,7.00,5.00,13.00,32.49,24.75,424.00,3.00,6.00,11.00,52.91,44.06,804.00,7.00,10.00,15.00,16.65,12.87,287.00,8.00,6.00,10.00,2,손가락 펴기 (Open)
-77.31,-80.94,-17.94,-98.69,-7.25,87.82,255.61,297.99,20.62,79.17,95.99,61.98,79.00,88.39,330.90,176.64,136.36,105.31,113.98,39.62,129.00,135.85,165.91,192.86,110.55,142.44,93.15,108.30,37.00,83.12,482.20,94.76,115.83,48.02,108.04,209.54,101.00,56.51,19.19,117.09,52.80,65.83,62.70,44.76,8.00,37.99,32.31,425.00,3.00,3.00,9.00,39.64,35.06,517.00,6.00,4.00,13.00,32.69,25.05,397.00,3.00,6.00,11.00,50.37,42.69,676.00,4.00,9.00,15.00,15.40,11.31,254.00,8.00,6.00,10.00,2,손가락 펴기 (Open)
-51.94,-67.75,-32.12,-74.81,6.88,18.13,300.78,303.62,80.28,62.58,29.73,108.94,9.00,135.12,361.26,221.82,90.21,122.19,78.49,81.35,78.00,52.88,200.53,109.41,137.20,72.61,178.57,17.25,130.00,136.66,509.71,111.49,104.58,32.58,156.75,171.57,163.00,27.70,43.93,88.99,78.79,39.48,86.78,16.60,38.00,40.13,34.69,413.00,5.00,4.00,9.00,43.02,38.25,516.00,6.00,5.00,13.00,30.58,22.89,405.00,5.00,7.00,11.00,53.78,46.56,641.00,3.00,10.00,15.00,14.50,10.77,256.00,9.00,7.00,10.00,2,손가락 펴기 (Open)
-38.94,14.88,-58.00,-105.00,3.06,78.25,316.51,230.06,138.96,34.26,105.54,21.39,105.00,119.48,363.89,223.64,80.96,143.98,57.28,98.08,56.00,105.31,212.57,61.81,82.10,186.39,95.55,131.13,16.00,271.05,491.60,129.13,54.13,126.32,39.51,311.14,6.00,20.84,56.05,80.12,74.46,51.17,84.41,26.15,25.00,39.21,33.56,420.00,5.00,4.00,9.00,43.16,38.73,545.00,6.00,5.00,13.00,31.63,24.62,408.00,3.00,7.00,11.00,59.23,50.88,659.00,3.00,10.00,15.00,14.33,10.44,257.00,9.00,8.00,10.00,2,손가락 펴기 (Open)
-25.44,-3.69,26.00,106.81,16.44,163.72,287.68,150.70,115.43,87.39,99.50,106.19,17.00,147.05,321.28,171.08,134.35,167.05,26.21,135.13,1.00,105.31,212.57,61.81,82.10,186.39,95.55,131.13,16.00,246.85,515.93,145.92,70.18,145.57,70.59,346.10,29.00,34.67,71.50,95.08,49.77,57.42,71.06,23.84,51.00,36.93,31.24,420.00,5.00,4.00,9.00,41.37,36.19,567.00,7.00,6.00,14.00,31.63,24.62,471.00,4.00,8.00,11.00,62.48,53.06,840.00,4.00,10.00,15.00,14.80,11.06,249.00,8.00,8.00,10.00,2,손가락 펴기 (Open)
16.12,-19.94,58.44,7.88,-23.12,199.69,254.72,162.62,74.67,65.18,63.89,67.68,58.00,184.60,245.40,132.60,141.51,218.64,57.07,118.38,77.00,53.73,266.35,64.07,102.20,231.47,51.39,98.47,73.00,259.15,482.93,113.91,50.16,133.21,101.44,376.25,62.00,10.11,81.22,59.69,50.16,96.35,38.21,59.16,90.00,34.39,28.38,394.00,5.00,4.00,9.00,39.52,34.20,588.00,7.00,6.00,15.00,35.02,27.30,507.00,4.00,8.00,12.00,61.71,51.00,919.00,4.00,10.00,15.00,15.58,11.62,282.00,9.00,9.00,11.00,2,손가락 펴기 (Open)
69.00,4.50,38.00,-18.69,-13.75,157.39,336.40,80.68,118.07,137.93,20.24,62.09,140.00,208.29,213.09,178.48,92.36,172.06,56.75,105.12,22.00,47.11,301.40,102.92,74.63,200.48,89.95,105.75,34.00,277.37,426.45,135.24,134.50,219.82,98.10,321.25,25.00,25.72,102.49,66.87,31.24,91.26,60.20,37.44,68.00,38.68,32.50,452.00,5.00,4.00,10.00,36.80,31.19,533.00,7.00,7.00,15.00,36.36,29.38,525.00,5.00,9.00,13.00,59.73,47.90,874.00,4.00,10.00,15.00,15.88,11.97,270.00,8.00,10.00,10.00,2,손가락 펴기 (Open)
24.50,-16.50,41.19,11.94,-11.75,164.78,363.68,77.13,98.08,115.94,22.50,34.86,100.00,208.29,213.09,178.48,92.36,172.06,56.75,105.12,22.00,82.05,320.07,124.72,45.88,191.32,61.48,115.73,79.00,278.79,423.63,113.69,133.02,230.55,118.88,317.82,47.00,25.72,102.49,66.87,31.24,91.26,60.20,37.44,68.00,39.05,33.06,470.00,4.00,4.00,10.00,36.80,31.19,533.00,8.00,7.00,15.00,37.89,31.71,526.00,4.00,9.00,13.00,59.77,48.19,896.00,5.00,10.00,15.00,15.88,11.97,272.00,8.00,10.00,10.00,2,손가락 펴기 (Open)
31.00,63.75,-26.94,51.19,27.62,181.17,364.63,100.68,76.03,101.43,10.35,54.42,124.00,254.44,131.49,233.75,59.68,67.02,64.21,196.68,130.00,52.24,329.97,141.71,20.62,162.92,77.32,139.03,109.00,322.02,367.80,125.60,209.01,281.92,62.50,306.42,29.00,40.11,101.53,67.95,26.91,63.83,73.01,69.99,110.00,39.80,34.50,470.00,3.00,5.00,10.00,39.13,32.41,578.00,7.00,8.00,15.00,38.52,33.44,566.00,4.00,10.00,13.00,60.99,49.84,930.00,5.00,9.00,15.00,17.14,13.17,305.00,9.00,10.00,11.00,2,손가락 펴기 (Open)
-50.69,-12.56,-17.56,26.44,2.12,133.33,401.31,85.14,70.60,49.92,62.59,107.33,177.00,245.03,142.35,223.48,69.32,59.87,74.64,207.68,141.00,61.98,320.81,132.19,29.07,156.28,87.31,148.81,119.00,361.75,323.82,169.50,213.18,243.14,65.02,326.90,15.00,47.92,108.23,75.94,21.63,59.03,65.16,65.03,102.00,41.89,37.81,547.00,4.00,6.00,11.00,39.26,33.01,600.00,7.00,8.00,15.00,38.16,32.81,527.00,4.00,10.00,13.00,61.25,50.05,931.00,5.00,9.00,15.00,17.09,13.00,281.00,8.00,10.00,11.00,2,손가락 펴기 (Open)
-5.69,-8.44,-39.06,-104.19,-11.25,133.33,401.31,85.14,70.60,49.92,62.59,107.33,177.00,180.23,199.48,231.93,115.12,62.32,72.90,148.97,75.00,97.61,283.85,135.37,37.48,142.47,63.67,109.78,79.00,291.78,377.91,160.62,282.14,262.29,75.85,385.55,85.00,14.20,53.34,73.40,76.94,11.63,35.82,76.65,44.00,41.89,37.81,547.00,4.00,6.00,11.00,36.82,30.06,524.00,8.00,7.00,14.00,34.16,30.31,427.00,3.00,10.00,13.00,66.15,55.52,945.00,5.00,8.00,15.00,13.29,11.12,254.00,9.00,10.00,11.00,2,손가락 펴기 (Open)
-37.56,-56.88,-16.31,-36.00,5.56,146.90,391.82,75.79,75.58,37.77,63.21,97.49,163.00,139.99,217.02,272.67,99.25,91.38,37.02,175.73,116.00,68.15,310.48,76.81,90.14,83.94,102.70,71.93,19.00,175.56,419.08,288.27,328.28,131.32,160.00,256.30,46.00,11.37,54.33,70.40,77.47,14.45,38.19,79.18,41.00,40.96,36.94,501.00,3.00,7.00,11.00,39.35,32.62,521.00,7.00,7.00,14.00,32.84,28.60,417.00,3.00,10.00,13.00,62.93,53.88,938.00,5.00,8.00,15.00,13.35,11.31,257.00,9.00,10.00,11.00,2,손가락 펴기 (Open)
-40.19,-79.06,9.06,-50.75,-15.19,99.27,394.30,73.68,141.89,43.39,126.66,99.43,93.00,81.00,221.32,349.87,35.00,68.82,161.97,170.20,9.00,69.79,309.12,73.16,92.11,87.85,96.79,72.16,25.00,150.07,401.27,340.46,260.68,179.19,83.36,339.14,38.00,15.37,56.08,72.16,73.55,17.30,42.15,83.13,37.00,41.74,37.59,483.00,3.00,7.00,10.00,43.23,35.18,540.00,7.00,6.00,14.00,32.70,28.18,437.00,4.00,10.00,14.00,63.87,55.62,891.00,5.00,8.00,15.00,13.60,11.56,261.00,9.00,10.00,11.00,2,손가락 펴기 (Open)
1.38,-107.12,25.69,-96.62,-17.62,108.36,362.12,56.17,164.75,36.15,80.82,71.75,150.00,226.49,212.09,331.07,197.99,113.99,131.48,142.40,166.00,66.03,314.20,70.18,97.74,85.45,93.54,70.55,31.00,296.38,270.81,321.62,198.48,320.78,240.14,191.67,172.00,39.59,80.31,59.25,82.37,34.38,33.49,59.10,62.00,39.27,33.75,513.00,6.00,7.00,11.00,49.17,39.72,568.00,3.00,6.00,14.00,32.96,28.60,436.00,4.00,9.00,14.00,63.50,55.00,894.00,3.00,8.00,15.00,14.26,12.20,248.00,8.00,9.00,10.00,2,손가락 펴기 (Open)
-16.12,-13.44,-27.00,-59.81,-4.00,182.90,277.68,49.48,102.96,54.75,117.21,140.60,62.00,301.32,194.11,269.86,201.56,93.29,63.57,156.71,91.00,130.22,247.48,139.03,98.79,16.49,128.66,63.63,100.00,420.90,162.49,232.49,322.13,231.64,218.75,233.57,47.00,34.60,75.36,65.25,77.18,39.24,37.90,54.76,68.00,35.58,30.27,503.00,7.00,8.00,11.00,47.05,37.88,646.00,3.00,7.00,14.00,32.25,27.50,454.00,5.00,10.00,14.00,63.65,54.66,901.00,3.00,9.00,15.00,14.08,11.88,253.00,8.00,10.00,11.00,2,손가락 펴기 (Open)
-26.75,-56.31,22.69,13.19,-7.56,252.88,217.12,75.63,53.85,59.88,134.99,70.77,132.00,406.97,132.76,177.24,94.51,36.89,177.17,106.04,205.00,109.43,258.10,133.37,79.61,20.07,149.66,68.17,121.00,451.39,130.66,201.44,320.04,216.39,194.89,228.82,79.00,38.68,76.81,62.76,73.79,38.54,44.88,52.57,75.00,34.83,28.69,470.00,6.00,8.00,11.00,47.48,38.69,632.00,2.00,8.00,14.00,32.77,28.98,480.00,5.00,10.00,14.00,62.76,52.41,899.00,3.00,9.00,15.00,14.21,12.26,246.00,7.00,10.00,10.00,2,손가락 펴기 (Open)
17.75,-6.31,-9.25,-18.44,-4.56,230.73,222.77,85.77,32.80,83.00,158.28,48.30,156.00,406.97,132.76,177.24,94.51,36.89,177.17,106.04,205.00,96.95,255.25,146.06,87.42,7.92,139.46,70.11,106.00,443.73,137.08,202.97,330.04,206.39,184.89,232.09,89.00,46.08,70.07,75.67,59.91,53.71,36.61,52.81,59.00,35.10,29.78,473.00,7.00,8.00,11.00,47.48,38.69,652.00,2.00,8.00,14.00,32.30,28.16,496.00,6.00,10.00,14.00,62.53,51.87,910.00,4.00,9.00,15.00,14.00,11.70,232.00,6.00,9.00,9.00,2,손가락 펴기 (Open)
43.56,41.50,36.69,80.00,7.62,177.33,196.13,184.07,83.17,118.42,91.06,136.31,57.00,377.77,214.35,94.24,47.01,119.86,199.38,175.33,122.00,82.74,217.35,187.56,130.39,44.49,144.23,57.20,155.00,400.21,187.85,114.82,355.42,284.22,297.75,171.64,48.00,44.68,81.96,65.46,53.85,62.57,43.57,51.49,46.00,34.60,29.81,484.00,7.00,8.00,11.00,47.77,38.69,695.00,3.00,8.00,14.00,33.58,30.06,525.00,7.00,11.00,14.00,64.65,54.38,997.00,5.00,9.00,15.00,14.09,12.05,229.00,6.00,8.00,9.00,2,손가락 펴기 (Open)
23.69,47.25,10.81,52.06,5.00,190.43,156.60,211.48,118.26,66.52,88.61,95.11,119.00,397.81,272.99,100.16,37.01,118.30,121.96,91.48,206.00,108.37,171.38,188.87,120.10,55.41,171.67,82.01,109.00,431.73,207.89,22.13,269.53,329.73,281.76,233.42,47.00,42.54,76.48,63.75,59.46,60.78,49.55,49.64,40.00,33.99,28.98,493.00,3.00,9.00,12.00,48.62,38.69,622.00,2.00,7.00,14.00,32.65,28.54,515.00,7.00,11.00,14.00,65.34,55.43,979.00,5.00,9.00,15.00,13.88,11.62,229.00,6.00,8.00,9.00,2,손가락 펴기 (Open)
27.75,57.56,16.19,64.25,8.00,238.55,96.53,184.42,89.44,71.29,129.93,119.75,56.00,405.29,274.35,111.09,38.33,107.31,132.59,102.01,195.00,194.49,128.51,121.14,30.41,40.08,81.78,30.77,199.00,558.31,214.47,140.28,236.33,181.01,204.35,95.78,110.00,42.54,76.48,63.75,59.46,60.78,49.55,49.64,40.00,33.79,29.00,493.00,3.00,10.00,12.00,49.36,39.20,611.00,2.00,7.00,14.00,27.81,24.34,442.00,6.00,12.00,14.00,63.92,54.88,787.00,4.00,9.00,15.00,13.88,11.62,217.00,6.00,8.00,8.00,2,손가락 펴기 (Open)
31.81,86.44,5.50,26.56,-7.00,300.36,45.26,121.88,29.68,119.98,67.98,119.62,119.00,466.33,240.76,144.41,30.68,148.33,113.89,64.87,261.00,189.57,125.84,126.00,30.00,43.79,78.07,31.37,204.00,458.72,267.77,128.58,136.31,211.82,132.17,41.40,211.00,20.61,94.50,54.65,31.24,52.49,61.04,27.31,8.00,34.05,29.06,462.00,2.00,10.00,11.00,53.80,42.44,623.00,5.00,6.00,14.00,27.72,24.06,417.00,6.00,12.00,14.00,56.15,48.56,730.00,4.00,10.00,15.00,12.68,10.25,192.00,6.00,8.00,8.00,2,손가락 펴기 (Open)
30.31,8.81,35.25,36.88,-7.62,323.82,54.66,111.42,47.17,102.44,82.77,106.67,95.00,476.32,231.45,140.47,29.00,151.75,107.18,63.88,251.00,179.60,114.22,128.48,18.00,48.73,79.33,35.67,192.00,469.49,256.79,117.66,134.73,222.69,121.48,42.21,222.00,27.94,84.51,45.64,26.00,61.93,60.29,21.29,2.00,34.88,30.56,404.00,2.00,9.00,10.00,53.85,42.91,679.00,4.00,6.00,14.00,26.59,23.44,428.00,6.00,12.00,14.00,56.54,49.25,709.00,3.00,10.00,15.00,12.06,9.78,184.00,6.00,8.00,8.00,2,손가락 펴기 (Open)
2.44,-10.19,-2.62,3.25,0.69,271.74,15.24,77.42,57.28,143.36,105.78,70.47,29.00,447.32,261.18,172.46,61.00,183.75,75.34,58.83,219.00,163.78,86.39,103.40,38.47,15.89,102.55,22.26,226.00,477.80,249.38,113.01,124.79,220.48,130.19,45.16,212.00,38.74,76.76,37.75,16.40,55.46,68.46,30.49,9.00,30.68,26.74,394.00,2.00,8.00,10.00,53.67,42.54,679.00,3.00,5.00,14.00,25.50,22.17,462.00,7.00,12.00,15.00,56.52,49.03,710.00,2.00,11.00,15.00,11.80,9.35,191.00,7.00,8.00,8.00,2,손가락 펴기 (Open)
-18.56,-28.25,-9.50,-15.06,4.81,254.78,52.28,31.60,97.08,102.99,121.00,105.72,77.00,427.36,275.53,186.98,68.43,173.95,101.54,73.81,250.00,171.19,96.80,58.44,76.03,51.36,53.00,57.49,176.00,455.13,254.56,90.08,127.35,257.25,148.30,81.70,169.00,52.47,78.75,45.88,27.29,48.58,54.56,16.57,5.00,30.29,26.44,410.00,3.00,7.00,11.00,54.16,44.38,612.00,3.00,4.00,14.00,23.74,20.69,402.00,6.00,11.00,15.00,56.28,48.56,687.00,3.00,10.00,15.00,11.67,9.21,154.00,6.00,7.00,7.00,2,손가락 펴기 (Open)
7.44,-2.12,-15.44,0.69,9.38,260.50,73.07,21.78,88.46,98.57,90.53,74.48,45.00,411.25,268.29,152.92,48.27,111.04,117.72,46.97,152.00,162.08,82.66,57.05,83.82,54.63,46.23,72.49,161.00,452.12,222.18,14.19,56.08,203.74,180.46,5.70,245.00,34.05,58.97,24.10,26.83,23.58,44.16,9.80,30.00,28.77,24.44,349.00,3.00,7.00,11.00,48.96,38.52,555.00,3.00,5.00,14.00,22.83,19.69,397.00,6.00,10.00,14.00,53.12,43.90,676.00,6.00,11.00,15.00,8.38,7.62,132.00,6.00,7.00,6.00,3,엄지 굽히기 (Thumb Flex)
-32.44,-19.56,-15.75,-15.62,-0.94,252.46,72.97,7.79,102.40,85.94,77.99,60.63,31.00,426.83,244.68,114.85,38.33,152.04,77.72,49.94,193.00,157.87,78.11,52.55,87.92,58.39,44.25,67.89,166.00,488.62,160.21,68.92,66.48,178.61,106.83,80.37,170.00,33.50,47.97,29.61,37.00,29.59,39.00,1.25,19.00,27.56,23.56,343.00,4.00,7.00,11.00,48.97,38.19,575.00,5.00,6.00,15.00,22.58,19.38,378.00,6.00,9.00,13.00,51.37,41.75,562.00,6.00,11.00,15.00,8.03,7.05,126.00,6.00,7.00,6.00,3,엄지 굽히기 (Thumb Flex)
-8.94,-35.75,1.50,-47.50,-10.69,259.15,67.03,13.44,103.41,79.98,76.12,53.99,23.00,473.55,185.98,80.81,26.00,140.49,134.25,38.27,132.00,114.92,75.69,34.40,73.17,28.38,86.23,103.21,122.00,464.19,190.16,58.43,49.40,149.66,82.46,108.48,140.00,35.62,45.26,33.45,35.90,31.48,42.68,3.10,23.00,27.66,24.06,335.00,4.00,8.00,11.00,49.53,38.84,544.00,4.00,6.00,15.00,20.12,16.81,379.00,7.00,9.00,13.00,49.07,39.88,532.00,6.00,10.00,15.00,8.30,7.27,119.00,5.00,6.00,6.00,3,엄지 굽히기 (Thumb Flex)
-2.88,-16.38,-28.19,-45.62,2.81,228.72,98.02,35.61,73.01,95.66,97.05,46.26,8.00,463.90,194.95,73.41,31.24,149.84,139.31,41.63,122.00,119.87,71.47,29.62,78.16,32.47,90.47,106.43,117.00,493.35,171.61,35.59,24.08,132.75,85.96,132.87,110.00,42.56,46.51,35.36,28.16,23.61,35.47,4.96,15.00,26.41,22.12,336.00,4.00,7.00,11.00,49.26,38.30,534.00,4.00,7.00,15.00,20.52,17.16,384.00,7.00,10.00,13.00,50.27,41.75,512.00,6.00,10.00,14.00,7.89,6.71,111.00,5.00,7.00,6.00,3,엄지 굽히기 (Thumb Flex)
-40.88,-9.50,-31.00,-26.25,6.69,228.72,98.02,35.61,73.01,95.66,97.05,46.26,8.00,414.33,216.80,33.37,76.66,121.80,158.14,62.93,172.00,151.21,37.82,27.33,83.57,20.40,88.73,100.90,152.00,483.48,170.05,45.39,32.25,139.17,94.89,138.97,100.00,24.66,32.45,50.09,28.79,26.98,34.89,22.78,3.00,26.41,22.12,336.00,4.00,7.00,11.00,47.12,35.56,505.00,4.00,6.00,15.00,22.02,19.12,372.00,7.00,9.00,12.00,49.88,41.12,473.00,6.00,9.00,14.00,7.64,6.56,112.00,5.00,6.00,6.00,3,엄지 굽히기 (Thumb Flex)
-38.50,-61.94,0.38,-39.94,0.62,261.31,105.43,61.43,37.12,99.05,78.03,30.69,30.00,381.21,211.49,64.35,76.40,99.60,120.71,28.89,133.00,167.28,35.59,49.04,63.53,1.73,72.26,94.45,130.00,434.56,128.50,81.67,51.31,85.62,44.03,134.46,159.00,9.29,15.49,64.22,14.14,10.42,22.36,10.63,14.00,28.21,24.50,313.00,4.00,7.00,10.00,42.77,33.91,466.00,2.00,6.00,15.00,21.34,17.80,345.00,7.00,9.00,12.00,44.60,37.44,454.00,6.00,10.00,14.00,6.54,5.58,103.00,5.00,6.00,5.00,3,엄지 굽히기 (Thumb Flex)
-37.56,27.44,-46.81,-23.06,7.94,270.95,119.34,74.18,45.97,84.15,72.60,37.79,15.00,359.36,182.67,99.46,37.22,141.54,159.45,69.62,175.00,173.59,47.01,54.02,58.52,11.87,85.25,102.16,143.00,410.74,79.48,87.72,48.30,91.65,65.82,117.15,109.00,11.01,9.88,63.85,10.05,15.31,33.23,14.81,3.00,29.20,25.49,298.00,6.00,6.00,9.00,43.25,35.70,508.00,3.00,6.00,15.00,22.84,18.71,342.00,7.00,9.00,12.00,41.22,34.83,403.00,2.00,10.00,14.00,6.82,5.82,107.00,7.00,7.00,5.00,3,엄지 굽히기 (Thumb Flex)
-31.00,-55.19,2.19,-59.25,-7.06,268.79,113.01,75.24,41.23,80.89,66.58,44.06,8.00,358.45,172.73,99.37,33.24,138.43,155.43,59.95,165.00,176.64,62.25,45.81,73.98,14.68,74.42,88.37,127.00,418.32,135.64,137.20,106.30,65.36,92.07,99.78,48.00,11.01,9.88,63.85,10.05,15.31,33.23,14.81,3.00,28.69,25.00,259.00,3.00,6.00,8.00,42.37,35.23,540.00,4.00,7.00,15.00,22.41,17.84,359.00,7.00,9.00,12.00,43.96,37.91,412.00,4.00,10.00,14.00,6.82,5.82,120.00,8.00,8.00,6.00,3,엄지 굽히기 (Thumb Flex)
-35.12,-24.56,-26.88,-76.12,-5.06,268.58,135.21,31.39,29.53,116.75,24.02,90.04,38.00,355.48,180.68,108.52,23.77,146.36,159.59,52.46,155.00,174.93,70.88,30.81,78.79,5.73,74.16,103.15,142.00,411.54,164.96,178.41,126.49,113.71,105.19,127.71,98.00,11.01,9.88,63.85,10.05,15.31,33.23,14.81,3.00,30.01,26.88,234.00,5.00,6.00,7.00,42.67,35.70,517.00,3.00,8.00,15.00,23.22,18.89,340.00,7.00,9.00,12.00,47.56,40.64,325.00,3.00,9.00,14.00,6.82,5.82,109.00,7.00,8.00,5.00,3,엄지 굽히기 (Thumb Flex)
-36.81,-76.88,9.94,-10.06,-4.25,255.66,150.45,64.19,60.64,69.94,91.08,33.20,47.00,293.99,233.33,214.07,116.10,75.95,58.54,151.04,278.00,164.01,74.33,33.33,53.60,23.34,95.48,75.26,113.00,377.78,188.85,192.19,72.34,100.65,29.40,54.92,1.00,4.16,8.25,60.77,23.02,15.41,27.28,15.37,10.00,29.47,26.19,225.00,5.00,5.00,6.00,46.00,36.48,566.00,5.00,9.00,15.00,21.31,17.30,352.00,8.00,9.00,12.00,42.81,35.08,363.00,3.00,9.00,14.00,6.60,5.72,106.00,5.00,7.00,5.00,3,엄지 굽히기 (Thumb Flex)
-11.88,-2.88,-17.81,-5.38,2.94,242.09,143.02,101.35,67.60,37.37,79.03,44.79,0.00,255.10,236.54,225.08,142.80,31.48,121.30,111.21,214.00,143.55,66.35,69.12,43.19,35.39,60.13,105.07,149.00,339.05,183.22,149.42,7.62,25.98,100.06,119.80,76.00,6.91,11.24,57.87,23.09,12.42,29.93,15.39,7.00,28.44,24.73,239.00,5.00,6.00,7.00,43.58,32.34,625.00,5.00,10.00,15.00,21.41,17.56,371.00,9.00,9.00,12.00,39.41,30.47,341.00,1.00,8.00,13.00,6.48,5.55,110.00,6.00,6.00,5.00,3,엄지 굽히기 (Thumb Flex)
-8.44,-54.44,18.88,-64.94,-14.50,216.17,111.25,110.01,33.24,92.37,54.71,54.18,55.00,165.20,195.36,150.72,88.53,165.85,82.79,180.79,349.00,135.12,59.41,73.33,54.15,26.36,66.50,98.46,138.00,241.41,155.24,17.86,174.03,182.48,102.28,47.86,91.00,31.90,34.21,46.86,2.83,31.30,10.07,22.25,32.00,26.26,21.92,231.00,5.00,6.00,7.00,41.83,29.99,652.00,9.00,10.00,15.00,20.62,16.88,396.00,10.00,9.00,12.00,35.70,28.07,367.00,5.00,7.00,13.00,7.12,6.00,112.00,6.00,7.00,5.00,3,엄지 굽히기 (Thumb Flex)
9.56,12.31,-19.56,-10.38,9.44,185.81,68.45,84.21,15.52,85.93,95.65,23.70,7.00,110.57,142.26,46.88,30.41,155.19,38.10,158.22,241.00,97.27,20.27,55.79,65.46,41.05,81.48,114.20,179.00,198.45,141.92,83.87,187.55,177.32,33.68,29.20,18.00,17.66,28.93,34.47,19.10,35.73,23.18,34.10,49.00,22.30,18.37,246.00,4.00,6.00,8.00,30.00,23.55,635.00,10.00,11.00,15.00,20.66,16.81,408.00,11.00,9.00,12.00,32.52,25.38,406.00,5.00,7.00,13.00,7.33,6.12,137.00,7.00,8.00,6.00,3,엄지 굽히기 (Thumb Flex)
-22.12,14.25,-1.12,33.31,14.00,124.50,21.30,4.40,90.26,21.51,36.20,97.17,92.00,98.43,117.57,29.72,24.17,124.59,47.18,145.61,272.00,42.64,35.78,14.64,37.01,76.66,28.63,117.86,124.00,167.57,118.11,101.96,148.53,136.19,58.79,13.83,61.00,23.34,47.57,13.71,31.40,53.22,8.76,28.90,26.00,17.58,15.16,251.00,5.00,7.00,8.00,28.08,22.34,614.00,10.00,11.00,14.00,16.05,13.52,383.00,11.00,10.00,12.00,27.75,22.98,414.00,8.00,7.00,13.00,7.94,6.25,134.00,5.00,8.00,6.00,3,엄지 굽히기 (Thumb Flex)
-12.25,54.25,-22.69,33.94,13.12,89.87,67.04,42.44,94.24,65.86,36.30,52.39,46.00,120.60,149.52,17.95,54.92,110.57,78.96,126.91,304.00,9.59,71.00,26.80,2.24,50.82,66.85,97.55,163.00,158.68,108.75,97.18,144.09,143.06,57.80,6.53,51.00,36.68,61.02,22.58,25.50,42.67,8.50,24.74,40.00,15.99,13.78,234.00,5.00,7.00,7.00,30.75,23.59,636.00,10.00,10.00,14.00,16.70,14.10,397.00,11.00,11.00,12.00,26.86,22.43,393.00,8.00,6.00,12.00,8.63,7.12,129.00,8.00,8.00,6.00,3,엄지 굽히기 (Thumb Flex)
24.75,102.56,-7.75,94.19,15.38,104.32,57.67,40.14,109.48,75.38,38.24,41.57,30.00,224.85,235.24,95.47,128.86,76.69,68.65,221.64,197.00,18.70,79.05,32.50,14.14,42.53,58.92,108.60,148.00,234.43,180.99,173.10,81.39,133.74,123.46,76.34,25.00,48.58,67.96,33.33,13.93,39.25,13.64,31.69,28.00,17.03,14.91,248.00,6.00,6.00,7.00,40.58,29.44,671.00,8.00,9.00,14.00,16.74,14.25,406.00,11.00,12.00,13.00,35.75,26.81,447.00,6.00,5.00,12.00,9.44,7.88,129.00,8.00,7.00,6.00,3,엄지 굽히기 (Thumb Flex)
62.75,76.50,36.94,100.44,3.56,136.32,73.00,71.11,122.45,93.89,59.63,57.64,62.00,288.54,261.68,128.41,117.52,132.94,4.67,156.70,262.00,18.67,91.73,60.89,41.44,5.90,79.15,144.34,111.00,307.38,229.67,212.07,57.28,202.45,63.76,23.30,51.00,45.98,68.31,33.40,13.15,36.35,16.62,34.48,25.00,21.93,17.22,249.00,5.00,5.00,7.00,44.95,33.50,673.00,7.00,10.00,14.00,19.26,16.58,453.00,11.00,12.00,14.00,43.52,31.56,437.00,6.00,5.00,12.00,9.34,7.69,130.00,7.00,8.00,6.00,3,엄지 굽히기 (Thumb Flex)
35.81,71.19,18.69,53.12,-6.31,180.81,119.91,104.61,85.63,52.91,15.52,58.64,15.00,363.04,254.39,122.52,33.84,95.09,89.65,236.27,177.00,37.30,111.26,77.17,51.74,20.92,59.15,124.66,131.00,351.33,238.01,193.53,109.18,170.99,74.63,45.82,2.00,44.81,69.91,35.31,11.18,37.61,15.43,32.48,27.00,23.71,19.86,250.00,4.00,6.00,7.00,48.51,38.99,653.00,3.00,9.00,13.00,19.85,17.98,450.00,10.00,12.00,14.00,45.62,34.88,451.00,5.00,6.00,12.00,9.41,7.81,130.00,8.00,7.00,6.00,3,엄지 굽히기 (Thumb Flex)
56.81,64.62,29.00,89.19,2.56,220.32,158.78,105.57,59.91,59.75,51.54,39.94,63.00,440.42,202.75,76.86,99.30,48.51,76.25,168.36,282.00,46.53,120.56,76.34,44.05,22.57,67.33,133.96,120.00,438.20,207.23,71.16,154.87,136.60,160.08,102.55,125.00,51.70,52.21,27.46,19.42,33.45,25.93,17.72,45.00,27.71,23.61,266.00,4.00,6.00,8.00,50.55,42.97,633.00,3.00,9.00,12.00,20.66,18.75,431.00,9.00,13.00,14.00,50.52,41.02,495.00,1.00,7.00,13.00,8.68,7.06,127.00,7.00,8.00,6.00,3,엄지 굽히기 (Thumb Flex)
9.31,-67.25,48.94,-47.19,-20.25,215.65,156.96,112.07,52.20,55.54,55.69,38.57,71.00,417.82,248.07,122.91,95.71,39.85,125.62,171.20,332.00,100.76,150.27,29.47,41.77,42.43,88.31,108.66,185.00,433.74,214.09,78.91,162.00,128.20,169.63,112.54,135.00,52.02,64.55,15.27,34.00,17.81,44.78,21.53,64.00,27.47,22.98,276.00,3.00,7.00,8.00,53.19,45.31,758.00,4.00,8.00,12.00,24.02,21.31,450.00,9.00,12.00,15.00,51.04,41.48,612.00,2.00,7.00,13.00,10.11,8.34,146.00,9.00,8.00,7.00,3,엄지 굽히기 (Thumb Flex)
22.44,-26.00,-7.00,-73.44,-9.38,229.97,137.20,77.74,78.87,10.83,65.68,44.90,117.00,417.82,266.65,136.71,115.41,55.21,110.54,160.82,312.00,112.09,149.42,15.07,53.01,39.17,73.36,105.85,170.00,434.34,274.09,86.53,207.76,181.31,150.88,63.59,75.00,60.96,66.59,2.09,42.43,31.42,37.44,11.47,50.00,27.57,23.63,292.00,3.00,8.00,9.00,53.58,46.25,748.00,4.00,8.00,12.00,23.47,20.38,475.00,9.00,12.00,15.00,54.27,44.30,632.00,2.00,6.00,13.00,10.36,8.75,151.00,8.00,8.00,8.00,3,엄지 굽히기 (Thumb Flex)
-9.50,-18.50,-6.06,4.69,1.50,230.76,124.15,86.12,70.33,17.10,70.24,42.89,102.00,403.29,252.99,155.46,127.91,90.95,117.12,132.27,272.00,105.61,160.44,27.82,62.97,53.18,62.59,99.36,155.00,421.56,253.56,108.15,226.15,183.55,170.76,61.03,45.00,59.12,67.63,4.07,43.86,31.91,38.24,10.09,48.00,27.00,22.81,323.00,4.00,9.00,10.00,51.81,44.38,666.00,3.00,7.00,12.00,23.43,20.20,427.00,8.00,11.00,14.00,53.94,43.48,692.00,3.00,6.00,13.00,10.36,8.81,154.00,8.00,7.00,9.00,3,엄지 굽히기 (Thumb Flex)
-17.94,-15.25,-12.81,-42.81,-4.69,228.74,117.37,92.88,64.35,20.21,63.78,40.47,109.00,439.28,232.07,105.20,84.90,106.47,165.53,89.59,220.00,109.01,132.53,39.43,48.38,74.42,70.19,82.30,127.00,451.14,253.76,75.90,197.65,150.88,210.76,88.80,5.00,72.12,55.04,12.46,36.24,23.16,50.65,6.21,35.00,26.65,22.43,324.00,4.00,8.00,10.00,51.24,42.22,584.00,2.00,6.00,11.00,21.40,18.66,384.00,7.00,10.00,13.00,55.04,45.66,702.00,4.00,7.00,13.00,10.25,8.69,146.00,8.00,7.00,8.00,3,엄지 굽히기 (Thumb Flex)
-24.50,-35.88,2.50,4.06,-2.94,233.16,121.06,92.17,60.83,27.07,57.31,36.56,116.00,429.97,241.02,106.42,78.41,100.90,174.49,80.33,210.00,109.83,135.80,34.86,43.66,73.67,74.96,78.38,122.00,403.90,288.57,73.66,163.60,109.33,248.48,137.93,45.00,68.43,58.57,10.31,32.76,19.22,54.15,8.38,31.00,27.00,22.81,324.00,4.00,8.00,10.00,50.74,41.83,574.00,2.00,5.00,11.00,21.33,18.31,369.00,7.00,10.00,13.00,53.93,43.44,732.00,5.00,7.00,13.00,10.13,8.44,146.00,8.00,8.00,8.00,3,엄지 굽히기 (Thumb Flex)
3.62,43.19,-30.94,-0.31,7.25,207.07,130.51,66.56,88.54,44.61,54.29,22.54,146.00,366.98,301.28,62.84,48.01,163.42,164.70,143.33,273.00,115.00,135.56,36.50,41.44,82.37,67.18,87.03,131.00,333.97,358.50,48.77,115.43,110.10,248.69,72.01,25.00,60.06,63.77,21.47,28.28,25.33,51.83,12.44,44.00,26.26,21.62,347.00,5.00,8.00,11.00,51.79,44.77,597.00,3.00,5.00,11.00,22.03,18.80,368.00,7.00,10.00,13.00,51.18,39.14,672.00,2.00,7.00,12.00,10.23,8.53,157.00,9.00,8.00,9.00,3,엄지 굽히기 (Thumb Flex)
-6.19,-51.69,51.50,-10.31,-15.12,178.50,158.04,43.88,84.01,58.72,34.80,42.25,117.00,339.66,317.29,32.92,78.01,157.31,144.30,116.04,243.00,82.36,166.92,5.61,6.00,111.76,70.36,127.81,172.00,333.97,358.50,48.77,115.43,110.10,248.69,72.01,25.00,63.06,67.20,16.41,18.44,22.89,58.95,22.23,54.00,24.86,19.81,333.00,6.00,9.00,10.00,49.35,43.36,620.00,4.00,5.00,11.00,25.51,21.69,423.00,7.00,10.00,13.00,51.18,39.14,682.00,2.00,7.00,13.00,10.84,9.23,173.00,9.00,8.00,10.00,3,엄지 굽히기 (Thumb Flex)
30.88,38.00,18.94,156.56,21.56,132.87,200.63,77.37,37.01,21.65,80.74,7.64,164.00,306.71,312.08,53.72,93.74,113.86,197.06,155.51,296.00,47.25,207.45,40.23,35.00,127.89,36.59,93.33,131.00,251.43,393.93,137.53,258.31,92.29,425.61,170.82,203.00,66.68,48.16,13.13,30.81,7.96,79.92,42.92,75.00,25.88,21.16,373.00,5.00,10.00,11.00,50.23,45.62,653.00,5.00,5.00,11.00,25.48,22.07,417.00,4.00,10.00,13.00,65.16,50.48,790.00,3.00,7.00,13.00,12.18,10.38,192.00,9.00,8.00,10.00,3,엄지 굽히기 (Thumb Flex)
66.38,148.12,-5.75,34.19,-2.50,84.44,248.59,156.84,94.54,74.20,54.08,85.73,76.00,346.35,218.00,285.16,168.24,344.25,154.82,202.24,58.00,67.39,195.46,40.40,40.82,148.64,15.77,85.34,110.00,308.13,369.21,238.04,241.70,80.74,354.28,36.95,69.00,78.98,32.07,15.67,25.02,24.66,69.68,29.35,58.00,30.76,25.33,399.00,5.00,9.00,11.00,60.09,51.12,718.00,5.00,5.00,11.00,25.27,21.31,402.00,4.00,9.00,13.00,61.37,49.52,854.00,3.00,8.00,13.00,11.23,9.25,190.00,7.00,9.00,10.00,3,엄지 굽히기 (Thumb Flex)
38.38,9.50,51.12,-2.00,-12.31,105.26,250.73,168.14,121.63,80.58,18.01,42.58,124.00,380.55,192.90,300.03,160.31,336.34,113.77,162.77,100.00,18.56,194.68,42.18,51.48,186.77,69.40,124.91,28.00,353.02,334.72,237.58,191.42,40.71,338.82,87.03,120.00,61.03,42.91,29.24,44.01,37.64,76.35,28.56,39.00,32.27,27.70,387.00,5.00,9.00,11.00,59.64,49.69,854.00,5.00,6.00,12.00,27.72,23.86,449.00,5.00,9.00,13.00,60.01,47.12,846.00,4.00,8.00,13.00,11.59,9.69,195.00,9.00,9.00,11.00,3,엄지 굽히기 (Thumb Flex)
-19.44,-51.25,2.88,-31.69,-10.75,131.33,234.44,148.74,102.90,51.63,44.94,62.29,95.00,360.94,212.43,314.00,180.28,353.83,97.11,142.77,120.00,38.37,184.43,51.38,62.37,196.93,54.98,106.37,48.00,332.07,355.63,256.29,196.45,55.38,321.09,105.80,141.00,36.03,50.04,51.25,50.12,49.53,53.06,23.12,64.00,30.36,26.12,436.00,6.00,9.00,12.00,60.51,51.09,874.00,5.00,6.00,12.00,27.43,23.12,472.00,5.00,9.00,13.00,60.49,48.11,877.00,4.00,8.00,14.00,11.45,9.50,195.00,9.00,9.00,11.00,3,엄지 굽히기 (Thumb Flex)
16.69,-8.94,-28.00,-30.38,17.06,193.33,174.83,90.50,62.39,92.31,33.48,61.10,157.00,340.34,230.31,333.41,180.34,337.83,102.27,162.36,99.00,51.92,171.07,46.08,52.63,183.19,55.37,120.37,34.00,312.22,372.02,272.36,176.46,38.70,341.68,92.59,120.00,38.80,50.85,51.24,52.77,52.36,50.24,23.04,67.00,28.74,24.81,438.00,7.00,10.00,12.00,60.49,51.06,860.00,5.00,6.00,12.00,26.30,22.25,488.00,6.00,9.00,13.00,60.93,49.17,812.00,3.00,8.00,13.00,11.71,9.69,220.00,10.00,8.00,12.00,3,엄지 굽히기 (Thumb Flex)
-82.31,-14.50,-53.31,-43.75,5.81,122.96,249.01,117.10,31.83,111.64,113.48,133.44,237.00,272.52,266.16,345.73,93.65,320.23,159.84,114.13,186.00,33.58,195.54,72.91,75.58,179.94,45.09,145.87,7.00,244.25,399.63,263.37,174.04,97.23,295.61,154.10,226.00,31.35,40.62,40.26,48.51,54.52,46.52,21.98,79.00,35.69,29.81,502.00,7.00,10.00,12.00,58.08,47.44,849.00,5.00,7.00,12.00,28.79,23.94,468.00,5.00,8.00,13.00,60.28,47.19,821.00,3.00,7.00,13.00,10.95,8.94,220.00,10.00,9.00,12.00,3,엄지 굽히기 (Thumb Flex)
15.19,40.19,31.94,93.88,1.12,112.42,260.71,107.94,22.02,126.05,98.01,109.60,213.00,268.36,264.13,337.11,93.00,330.69,149.00,113.58,175.00,36.64,191.43,68.18,81.54,190.87,36.36,155.27,5.00,248.42,408.53,282.79,153.06,100.10,306.62,166.64,248.00,31.07,35.69,36.60,53.37,58.49,43.93,23.53,74.00,34.57,28.31,574.00,8.00,10.00,12.00,57.54,46.66,903.00,6.00,8.00,13.00,29.47,24.69,537.00,6.00,8.00,13.00,62.16,48.91,916.00,4.00,7.00,13.00,10.85,8.62,215.00,9.00,8.00,11.00,3,엄지 굽히기 (Thumb Flex)
15.19,30.56,-11.12,27.88,8.31,112.42,260.71,107.94,22.02,126.05,98.01,109.60,213.00,269.78,246.56,317.95,115.00,316.91,162.55,123.71,197.00,39.21,185.19,57.74,69.53,201.95,21.44,163.39,20.00,248.42,408.53,282.79,153.06,100.10,306.62,166.64,248.00,28.40,44.34,33.70,52.01,69.91,31.69,34.15,61.00,34.57,28.31,550.00,8.00,9.00,11.00,56.56,45.12,914.00,6.00,9.00,14.00,29.60,25.14,570.00,7.00,9.00,13.00,62.16,48.91,938.00,4.00,7.00,13.00,11.02,8.85,213.00,8.00,8.00,10.00,3,엄지 굽히기 (Thumb Flex)
-5.81,-17.75,-14.19,-19.06,0.62,139.23,221.20,95.05,51.89,137.67,140.07,88.80,165.00,312.64,172.25,336.54,137.30,286.52,183.56,76.25,122.00,64.56,157.01,29.36,92.66,213.78,49.78,159.57,11.00,310.42,323.47,326.18,68.59,189.84,229.95,202.90,151.00,30.60,44.33,38.43,47.01,69.79,27.11,39.13,56.00,33.09,26.04,526.00,8.00,8.00,11.00,55.10,42.47,832.00,8.00,8.00,14.00,29.58,24.73,551.00,7.00,8.00,12.00,59.53,43.71,854.00,4.00,7.00,13.00,10.93,8.58,197.00,7.00,8.00,9.00,3,엄지 굽히기 (Thumb Flex)
1.69,-21.50,-10.75,-68.44,-10.88,132.01,229.14,87.83,49.04,132.29,147.55,90.56,157.00,260.49,212.91,276.58,190.39,226.85,241.56,57.11,62.00,119.50,106.13,67.29,132.06,158.95,52.70,149.07,44.00,319.81,321.47,335.97,76.06,188.94,230.22,194.50,161.00,24.69,38.74,33.84,47.52,62.52,25.60,46.82,48.00,33.05,25.81,518.00,8.00,8.00,10.00,51.61,39.25,792.00,6.00,8.00,13.00,27.77,21.78,496.00,6.00,8.00,11.00,60.19,44.10,874.00,4.00,6.00,13.00,10.24,8.02,198.00,8.00,8.00,9.00,3,엄지 굽히기 (Thumb Flex)
-26.88,-60.25,-6.06,-41.56,1.44,170.95,207.28,120.06,16.12,96.11,167.68,118.48,118.00,280.19,212.48,285.54,183.44,217.79,258.72,55.86,42.00,114.83,107.74,63.67,135.00,157.53,57.63,147.17,49.00,269.88,296.14,330.21,59.03,234.87,200.12,145.77,211.00,15.55,27.79,41.49,36.67,71.15,19.84,38.61,59.00,33.68,26.73,518.00,8.00,9.00,10.00,52.83,40.28,822.00,8.00,8.00,13.00,27.68,21.59,501.00,6.00,8.00,11.00,56.72,42.15,824.00,4.00,6.00,13.00,9.99,7.63,200.00,10.00,8.00,9.00,3,엄지 굽히기 (Thumb Flex)
-39.50,-11.50,-25.12,-11.56,4.25,191.82,214.12,119.74,11.31,97.31,172.14,97.36,140.00,260.74,198.46,298.55,164.47,231.87,264.68,53.95,22.00,126.07,114.86,59.52,123.33,169.59,70.34,137.18,64.00,269.88,296.14,330.21,59.03,234.87,200.12,145.77,211.00,12.80,25.51,44.18,36.22,71.88,22.57,39.76,56.00,34.85,27.94,524.00,8.00,9.00,11.00,52.33,39.25,872.00,6.00,9.00,14.00,28.29,22.17,516.00,6.00,8.00,12.00,56.72,42.15,804.00,4.00,5.00,13.00,10.04,7.84,196.00,9.00,7.00,9.00,3,엄지 굽히기 (Thumb Flex)
-25.50,-31.50,-10.44,-24.06,-3.88,191.82,214.12,119.74,11.31,97.31,172.14,97.36,140.00,260.74,198.46,298.55,164.47,231.87,264.68,53.95,22.00,123.78,110.00,64.39,120.10,173.83,71.90,132.79,69.00,245.00,260.90,360.64,70.18,221.46,167.32,112.93,251.00,10.80,25.50,44.12,38.21,69.90,20.73,39.74,58.00,34.85,27.94,531.00,8.00,9.00,12.00,52.33,39.25,872.00,6.00,9.00,14.00,28.14,21.98,516.00,6.00,8.00,12.00,54.80,40.59,764.00,4.00,6.00,13.00,9.98,7.73,202.00,10.00,8.00,9.00,3,엄지 굽히기 (Thumb Flex)
33.12,57.25,4.25,57.19,3.62,170.97,150.84,178.79,78.41,159.61,106.24,162.87,70.00,224.16,137.42,325.78,276.52,256.49,160.00,91.26,94.00,123.55,105.75,67.37,116.28,174.69,74.14,137.76,64.00,240.46,252.49,347.62,41.63,296.95,191.24,162.44,175.00,4.06,31.82,36.82,39.85,74.21,24.72,37.32,50.00,34.89,28.25,564.00,9.00,8.00,12.00,52.73,40.97,885.00,6.00,9.00,14.00,28.17,22.31,497.00,7.00,7.00,12.00,56.64,44.77,850.00,5.00,7.00,14.00,9.97,7.75,199.00,10.00,8.00,8.00,3,엄지 굽히기 (Thumb Flex)
30.62,34.56,22.44,62.75,-3.69,186.07,146.05,180.93,91.59,163.30,125.49,133.76,110.00,227.76,143.58,318.27,278.92,264.00,170.79,84.52,83.00,156.17,110.01,65.12,162.83,115.63,23.48,80.97,125.00,291.72,321.77,266.72,51.87,266.99,230.19,141.82,262.00,12.45,21.18,45.72,50.45,68.96,25.87,32.42,39.00,35.73,29.75,556.00,7.00,7.00,12.00,53.11,41.74,814.00,5.00,9.00,14.00,27.32,22.26,434.00,6.00,6.00,12.00,58.71,48.94,851.00,5.00,6.00,14.00,9.87,7.52,184.00,10.00,8.00,7.00,3,엄지 굽히기 (Thumb Flex)
35.12,48.69,13.62,77.31,5.88,232.05,190.29,136.65,52.80,108.63,144.24,160.65,54.00,326.86,268.75,204.24,159.31,153.75,144.59,166.09,209.00,125.36,79.59,92.27,146.89,96.70,15.12,64.79,160.00,403.26,438.62,196.61,113.16,181.15,113.69,140.49,143.00,15.90,37.68,54.39,50.22,45.98,25.78,24.71,16.00,36.59,30.64,524.00,6.00,7.00,11.00,51.55,40.94,743.00,4.00,10.00,14.00,24.80,19.80,415.00,6.00,7.00,12.00,61.38,53.02,695.00,4.00,5.00,14.00,9.13,7.02,157.00,10.00,8.00,7.00,3,엄지 굽히기 (Thumb Flex)
34.12,36.31,13.94,60.38,4.00,247.89,205.93,122.09,38.83,119.13,128.82,157.16,70.00,348.65,285.91,208.95,151.53,149.06,126.69,153.63,187.00,120.43,74.67,96.37,151.57,93.35,14.78,64.28,155.00,322.69,396.88,151.37,165.24,103.21,57.02,164.42,62.00,3.27,37.34,36.92,32.89,43.44,26.27,25.68,2.00,37.31,31.52,483.00,6.00,6.00,10.00,52.24,42.31,629.00,4.00,10.00,14.00,24.59,19.45,389.00,5.00,6.00,11.00,52.64,47.33,603.00,4.00,6.00,14.00,7.44,5.88,137.00,9.00,9.00,6.00,3,엄지 굽히기 (Thumb Flex)
-9.31,-7.88,-16.44,-32.62,-3.81,178.33,176.74,138.36,60.21,112.13,73.65,187.31,143.00,200.93,307.26,56.67,45.61,38.93,34.43,202.39,30.00,110.69,69.46,94.86,155.35,102.89,9.47,69.27,165.00,268.59,421.95,87.37,210.85,122.78,65.02,167.01,126.00,5.19,39.91,36.75,34.01,40.61,27.59,25.79,1.00,34.13,28.69,506.00,7.00,6.00,10.00,37.93,33.48,547.00,5.00,10.00,14.00,24.89,19.99,358.00,5.00,5.00,11.00,52.84,46.91,667.00,4.00,6.00,14.00,7.50,6.06,134.00,10.00,9.00,5.00,3,엄지 굽히기 (Thumb Flex)
-13.81,-35.62,-11.94,-68.19,-11.81,142.92,211.75,111.71,56.36,161.00,82.65,143.23,87.00,171.26,355.94,37.53,14.42,85.21,22.82,157.38,82.00,67.80,113.76,33.26,94.18,119.37,79.83,41.32,93.00,239.01,490.01,88.04,176.17,173.31,102.30,137.94,55.00,5.19,39.91,36.75,34.01,40.61,27.59,25.79,1.00,32.83,27.19,458.00,8.00,5.00,9.00,38.89,34.28,516.00,4.00,9.00,14.00,20.57,16.42,311.00,5.00,5.00,10.00,55.70,50.23,676.00,4.00,6.00,14.00,7.50,6.06,142.00,10.00,9.00,5.00,3,엄지 굽히기 (Thumb Flex)
-13.81,-45.62,-1.00,-18.81,3.19,142.92,211.75,111.71,56.36,161.00,82.65,143.23,87.00,171.26,355.94,37.53,14.42,85.21,22.82,157.38,82.00,71.41,128.58,18.84,84.88,104.56,69.21,44.43,108.00,238.28,481.34,78.05,185.63,181.88,112.25,132.64,45.00,16.03,34.82,27.62,43.14,36.92,15.66,16.89,15.00,32.83,27.19,418.00,7.00,4.00,8.00,38.89,34.28,485.00,4.00,8.00,14.00,20.29,15.38,291.00,4.00,5.00,10.00,55.43,49.77,726.00,4.00,7.00,15.00,6.90,5.46,130.00,10.00,9.00,5.00,3,엄지 굽히기 (Thumb Flex)
-17.88,-24.31,-1.94,-19.44,-3.56,160.91,247.28,98.28,55.95,150.62,47.65,96.23,40.00,178.56,363.34,51.74,17.69,77.79,38.11,136.79,103.00,62.30,120.20,24.31,73.00,102.28,71.87,55.91,123.00,234.14,478.90,75.15,182.69,183.49,106.16,140.72,55.00,4.15,27.27,19.38,31.95,19.62,28.19,17.04,35.00,32.46,26.48,321.00,6.00,3.00,7.00,39.37,35.27,494.00,4.00,8.00,14.00,19.88,14.79,264.00,4.00,4.00,9.00,55.16,49.30,706.00,4.00,6.00,14.00,5.76,4.81,126.00,11.00,10.00,4.00,3,엄지 굽히기 (Thumb Flex)
-7.38,-33.06,-4.56,-49.44,-0.25,112.13,247.97,46.43,31.14,85.34,27.89,41.33,32.00,193.46,356.07,50.19,34.54,97.60,38.50,153.67,83.00,37.15,136.55,37.24,55.33,67.65,40.51,17.35,81.00,234.14,478.90,75.15,182.69,183.49,106.16,140.72,55.00,9.13,23.75,14.92,36.69,24.24,23.33,16.56,30.00,26.14,22.55,240.00,5.00,4.00,7.00,40.12,36.20,450.00,3.00,8.00,14.00,16.36,13.15,178.00,3.00,3.00,8.00,55.16,49.30,597.00,3.00,5.00,14.00,5.64,4.53,124.00,10.00,10.00,4.00,3,엄지 굽히기 (Thumb Flex)
24.12,82.19,7.56,68.94,4.44,105.87,254.48,38.43,37.44,92.10,26.00,42.22,24.00,152.03,396.34,91.11,65.37,125.32,79.93,183.60,39.00,63.46,103.83,55.62,21.84,39.11,11.06,18.81,47.00,254.71,457.54,57.63,178.06,172.08,89.15,119.13,33.00,5.12,28.73,19.18,35.51,24.96,21.27,19.26,25.00,26.53,23.11,272.00,6.00,4.00,8.00,44.14,39.64,557.00,4.00,9.00,14.00,12.96,10.23,144.00,3.00,3.00,8.00,53.15,47.58,648.00,4.00,6.00,14.00,5.76,4.81,121.00,10.00,9.00,4.00,3,엄지 굽히기 (Thumb Flex)
23.62,27.19,33.19,86.81,10.25,98.27,262.36,35.77,33.62,93.62,21.77,44.40,32.00,152.03,396.34,91.11,65.37,125.32,79.93,183.60,39.00,25.92,138.79,27.60,48.75,64.00,27.55,53.55,9.00,188.81,515.36,70.48,243.50,219.95,23.22,74.76,33.00,5.15,31.05,19.15,38.47,27.43,20.10,16.68,28.00,26.90,23.72,248.00,3.00,3.00,7.00,44.14,39.64,559.00,3.00,10.00,14.00,15.52,12.89,167.00,3.00,3.00,9.00,57.32,52.73,617.00,3.00,6.00,14.00,6.04,5.00,119.00,9.00,9.00,4.00,3,엄지 굽히기 (Thumb Flex)
29.12,-16.44,76.44,-3.12,-21.38,58.41,287.36,72.08,15.81,54.50,60.77,33.67,8.00,142.85,400.26,86.66,56.86,115.33,82.82,184.42,29.00,66.47,196.51,112.48,83.53,51.84,77.86,57.95,101.00,161.53,525.75,62.63,242.03,193.81,49.22,82.41,2.00,19.10,35.71,40.06,41.23,47.21,9.64,6.43,50.00,27.85,25.48,248.00,3.00,2.00,7.00,43.83,39.17,602.00,4.00,10.00,15.00,24.98,18.27,216.00,3.00,3.00,10.00,56.72,51.28,655.00,4.00,6.00,14.00,8.18,6.45,141.00,10.00,9.00,4.00,3,엄지 굽히기 (Thumb Flex)
27.12,12.94,-38.06,-93.50,-10.38,34.05,287.39,95.66,45.89,78.49,40.35,48.84,24.00,118.11,387.05,44.67,48.05,138.46,107.46,200.28,71.00,44.51,195.76,101.45,98.31,74.27,99.54,81.67,125.00,167.69,529.87,72.04,252.03,196.20,54.03,83.46,8.00,19.10,35.71,40.06,41.23,47.21,9.64,6.43,50.00,28.71,27.12,217.00,3.00,2.00,6.00,43.43,38.82,594.00,5.00,10.00,15.00,26.54,19.45,327.00,4.00,3.00,11.00,57.69,51.75,716.00,4.00,6.00,14.00,8.18,6.45,139.00,9.00,10.00,4.00,3,엄지 굽히기 (Thumb Flex)
30.69,7.81,32.19,98.38,19.50,72.19,245.88,105.44,76.61,115.02,67.78,30.70,47.00,136.88,318.34,78.44,129.39,189.78,25.48,146.76,11.00,79.57,166.49,76.19,73.16,89.69,123.42,124.67,169.00,196.51,381.97,127.11,297.44,357.49,160.24,164.60,170.00,17.71,22.14,52.04,50.99,63.91,27.09,17.37,32.00,28.30,26.52,211.00,3.00,1.00,5.00,39.65,35.31,544.00,5.00,9.00,14.00,27.71,21.52,380.00,5.00,3.00,11.00,61.50,56.45,888.00,5.00,6.00,14.00,9.58,7.50,167.00,10.00,9.00,5.00,3,엄지 굽히기 (Thumb Flex)
-19.62,-42.94,56.31,6.69,-16.12,109.10,210.49,86.68,62.51,83.10,70.57,32.71,10.00,121.43,338.15,63.17,132.44,207.84,19.03,131.57,31.00,158.28,74.94,17.81,164.23,161.48,159.07,67.69,75.00,234.00,340.92,161.59,334.65,340.51,146.80,142.29,127.00,14.83,28.47,33.97,37.58,80.12,46.62,39.37,10.00,25.10,23.92,245.00,4.00,2.00,5.00,40.69,36.56,576.00,6.00,8.00,14.00,30.20,24.15,395.00,5.00,3.00,11.00,60.91,54.94,967.00,5.00,6.00,14.00,10.38,8.25,196.00,10.00,9.00,6.00,3,엄지 굽히기 (Thumb Flex)
64.25,78.00,-3.94,34.31,0.69,219.98,119.95,27.56,52.61,123.97,58.62,86.97,124.00,246.70,279.32,119.11,30.00,241.26,144.75,47.27,160.00,173.08,57.50,31.37,168.68,146.66,139.18,66.17,95.00,319.83,312.04,170.28,303.66,283.10,120.87,168.32,213.00,14.39,28.89,32.98,34.89,79.43,47.95,42.14,7.00,28.00,23.94,273.00,4.00,3.00,5.00,44.03,38.25,609.00,6.00,8.00,14.00,29.64,23.05,439.00,6.00,4.00,11.00,60.38,53.85,914.00,4.00,7.00,14.00,10.37,8.15,205.00,10.00,9.00,7.00,3,엄지 굽히기 (Thumb Flex)
-24.25,-35.62,-13.62,-26.62,-1.81,187.21,121.89,41.92,61.06,117.84,78.53,122.44,164.00,164.00,249.03,154.78,56.00,201.65,217.43,86.65,246.00,170.83,58.67,32.55,173.49,148.63,135.30,64.77,100.00,259.46,282.31,222.26,367.13,220.31,89.27,190.49,278.00,13.88,22.70,40.95,39.20,71.57,46.25,48.21,1.00,28.49,25.09,364.00,5.00,4.00,6.00,43.46,38.00,706.00,7.00,8.00,14.00,29.76,23.33,427.00,5.00,3.00,11.00,60.12,53.62,968.00,5.00,8.00,14.00,10.27,7.94,200.00,10.00,9.00,7.00,3,엄지 굽히기 (Thumb Flex)
-29.25,-115.06,30.25,-125.00,-23.38,169.12,104.07,87.21,105.00,163.05,93.05,95.03,116.00,114.41,147.70,304.13,162.93,354.25,220.49,124.24,93.00,172.86,69.23,14.67,169.50,166.62,134.83,55.96,118.00,189.24,134.13,388.47,377.62,301.53,265.37,249.57,92.00,24.81,0.33,55.32,25.30,86.51,66.00,41.76,22.00,29.19,26.12,364.00,5.00,4.00,6.00,52.13,42.82,773.00,7.00,7.00,14.00,30.57,24.59,461.00,6.00,4.00,11.00,67.03,57.62,1056.00,5.00,7.00,14.00,11.91,9.38,212.00,9.00,8.00,7.00,3,엄지 굽히기 (Thumb Flex)
42.69,39.31,5.94,52.06,3.12,167.68,118.38,86.10,111.36,174.26,109.70,96.21,99.00,129.23,127.77,310.05,156.73,345.31,200.50,102.82,115.00,171.81,74.22,12.71,174.43,164.89,131.20,59.54,113.00,205.38,102.10,391.51,346.30,316.48,238.88,220.61,125.00,30.02,8.12,53.28,17.89,89.68,58.53,39.61,14.00,30.43,27.19,437.00,6.00,5.00,7.00,50.80,41.27,915.00,8.00,8.00,14.00,30.61,24.95,485.00,6.00,5.00,12.00,64.92,55.30,1209.00,6.00,8.00,14.00,11.61,8.92,235.00,8.00,9.00,8.00,3,엄지 굽히기 (Thumb Flex)
-11.81,-10.62,0.94,11.50,0.62,187.80,80.33,50.66,77.47,162.09,144.49,122.01,59.00,191.22,68.89,263.66,94.34,302.70,262.81,167.44,50.00,171.81,74.22,12.71,174.43,164.89,131.20,59.54,113.00,252.80,60.24,345.08,332.28,261.99,250.74,275.16,70.00,34.10,14.77,45.49,22.63,81.69,62.05,44.43,22.00,29.85,26.16,446.00,6.00,6.00,7.00,49.19,38.08,915.00,9.00,9.00,14.00,30.61,24.95,459.00,5.00,5.00,11.00,62.92,51.50,1156.00,5.00,9.00,14.00,11.42,8.61,230.00,8.00,10.00,8.00,3,엄지 굽히기 (Thumb Flex)
-41.38,-66.19,-25.38,-96.12,-6.88,207.69,74.38,33.06,93.72,184.69,138.48,100.66,82.00,261.69,89.76,197.51,137.00,371.99,234.75,109.38,121.00,167.66,74.62,17.16,169.50,169.41,127.77,64.54,108.00,322.63,100.20,288.67,401.36,286.95,288.69,208.77,140.00,36.88,19.17,41.23,28.84,84.64,64.66,37.42,14.00,31.29,27.42,469.00,6.00,6.00,8.00,52.07,41.36,944.00,8.00,9.00,14.00,30.33,24.67,485.00,6.00,5.00,12.00,67.18,55.88,1228.00,6.00,8.00,14.00,11.56,9.16,230.00,8.00,9.00,8.00,3,엄지 굽히기 (Thumb Flex)
-53.56,-82.44,-16.31,-47.38,-1.25,236.55,95.15,53.54,114.48,170.87,124.42,129.65,53.00,315.73,149.67,208.68,181.46,365.14,211.77,143.67,61.00,153.03,66.31,22.69,167.59,170.67,128.00,51.31,123.00,303.77,80.49,283.22,398.91,274.55,308.58,194.83,160.00,36.97,20.18,37.66,32.56,80.64,70.23,31.51,8.00,33.53,29.01,483.00,6.00,6.00,9.00,55.85,44.17,954.00,8.00,8.00,14.00,29.60,23.89,485.00,6.00,6.00,12.00,66.11,54.62,1228.00,6.00,9.00,14.00,11.43,8.69,220.00,7.00,9.00,7.00,3,엄지 굽히기 (Thumb Flex)
-31.12,-4.31,-40.06,-7.06,17.19,243.25,102.10,59.42,110.21,166.16,130.95,123.15,60.00,295.59,129.17,178.74,200.32,392.66,186.33,157.78,31.00,172.79,85.67,36.35,147.67,190.04,115.94,42.87,143.00,295.77,74.88,272.35,409.86,285.22,300.14,198.79,149.00,41.96,28.50,28.86,39.66,89.25,62.14,40.36,17.00,33.89,29.39,498.00,6.00,6.00,10.00,55.23,42.77,1014.00,8.00,8.00,14.00,30.87,24.95,510.00,6.00,7.00,13.00,65.98,53.94,1269.00,6.00,9.00,15.00,12.05,9.11,231.00,8.00,8.00,8.00,3,엄지 굽히기 (Thumb Flex)
-51.75,25.06,-66.94,-36.81,18.94,260.66,117.00,60.24,93.35,187.10,111.29,139.60,38.00,285.75,140.35,164.27,233.08,364.12,227.75,155.71,73.00,217.28,130.72,82.76,151.34,165.57,165.21,60.46,93.00,304.28,71.33,283.30,408.44,288.97,299.28,199.83,129.00,60.29,47.26,32.51,33.06,89.23,70.71,25.58,3.00,35.53,30.59,505.00,6.00,7.00,10.00,55.48,43.93,1036.00,9.00,7.00,14.00,34.99,27.68,540.00,6.00,7.00,14.00,66.50,55.19,1270.00,6.00,9.00,15.00,13.00,10.31,231.00,8.00,8.00,8.00,3,엄지 굽히기 (Thumb Flex)
-42.88,-26.94,-21.62,-46.81,1.94,277.44,121.67,39.68,116.25,186.51,122.93,127.78,68.00,285.75,140.35,164.27,233.08,364.12,227.75,155.71,73.00,220.76,132.88,83.64,156.20,162.04,161.23,58.68,98.00,304.28,71.33,283.30,408.44,288.97,299.28,199.83,129.00,60.29,47.26,32.51,33.06,89.23,70.71,25.58,3.00,37.02,32.23,480.00,5.00,8.00,9.00,55.48,43.93,970.00,9.00,7.00,14.00,35.17,27.95,575.00,6.00,8.00,14.00,66.50,55.19,1163.00,5.00,9.00,15.00,13.00,10.31,243.00,8.00,9.00,9.00,3,엄지 굽히기 (Thumb Flex)
-32.44,-38.31,-20.69,-86.38,-9.94,295.72,106.50,16.21,154.63,135.70,147.52,134.31,13.00,234.26,57.67,86.05,354.70,226.83,283.52,102.08,65.00,226.80,128.91,71.76,153.44,176.06,163.78,59.56,83.00,298.17,95.79,122.42,448.40,172.52,466.27,160.28,38.00,44.74,54.90,32.44,36.67,79.25,86.37,28.39,15.00,37.63,32.42,487.00,5.00,8.00,9.00,51.22,39.65,935.00,7.00,7.00,14.00,35.53,28.77,547.00,5.00,8.00,13.00,67.76,56.70,1191.00,7.00,8.00,15.00,13.13,10.45,250.00,9.00,8.00,10.00,3,엄지 굽히기 (Thumb Flex)
-29.00,-14.38,-27.38,10.75,11.25,302.69,76.04,66.32,128.39,180.89,93.46,148.47,68.00,210.65,114.99,145.93,335.81,250.76,221.23,130.48,2.00,235.58,89.16,33.84,101.20,181.60,197.46,87.50,136.00,299.89,180.18,158.68,361.52,131.35,402.46,198.80,60.00,43.23,57.85,35.42,34.00,77.39,83.53,28.27,12.00,37.92,32.00,479.00,5.00,8.00,9.00,50.04,38.00,912.00,7.00,7.00,14.00,35.76,28.80,508.00,5.00,7.00,13.00,62.43,51.34,1194.00,8.00,9.00,15.00,12.95,10.28,238.00,9.00,8.00,10.00,3,엄지 굽히기 (Thumb Flex)
-31.62,-31.88,-11.62,-17.69,3.75,298.57,35.02,105.58,65.60,201.67,157.38,107.23,2.00,189.44,151.44,172.63,296.86,277.35,254.93,96.76,42.00,242.97,10.92,119.33,150.23,91.44,105.47,30.37,44.00,294.06,200.18,198.24,342.24,171.13,397.77,164.80,19.00,51.60,40.43,31.90,50.00,54.55,76.22,43.73,12.00,37.79,30.48,486.00,5.00,8.00,9.00,50.69,39.48,900.00,7.00,8.00,14.00,30.28,23.78,402.00,4.00,7.00,13.00,62.36,51.31,1134.00,8.00,9.00,15.00,12.05,9.38,233.00,9.00,9.00,9.00,3,엄지 굽히기 (Thumb Flex)
-20.69,0.75,-22.50,-20.81,-3.62,284.19,47.98,107.53,115.38,138.96,140.67,157.96,61.00,159.84,172.85,162.77,309.74,239.03,247.46,137.63,0.00,245.06,21.27,112.23,141.40,83.40,96.33,32.44,30.00,319.69,215.01,196.77,297.70,203.80,361.75,117.31,31.00,53.08,41.81,37.82,46.65,54.99,72.88,37.94,6.00,36.85,28.23,485.00,3.00,8.00,9.00,49.62,36.62,930.00,8.00,9.00,15.00,29.43,23.12,339.00,3.00,8.00,13.00,60.11,48.19,932.00,7.00,8.00,14.00,11.85,9.00,209.00,9.00,8.00,8.00,3,엄지 굽히기 (Thumb Flex)
57.81,84.00,19.62,99.31,12.94,288.22,47.04,113.66,112.00,137.00,146.11,165.92,69.00,199.82,184.31,205.42,269.32,245.79,277.55,180.98,44.00,235.83,6.84,101.59,127.48,95.16,100.23,36.69,12.00,291.67,183.74,164.54,315.66,194.15,327.76,83.31,65.00,54.62,34.10,34.12,54.56,47.41,64.15,29.01,3.00,37.58,28.86,516.00,4.00,7.00,9.00,53.02,39.88,964.00,7.00,8.00,15.00,28.33,21.72,350.00,4.00,8.00,13.00,55.88,46.06,961.00,8.00,7.00,14.00,11.00,8.44,188.00,9.00,8.00,8.00,3,엄지 굽히기 (Thumb Flex)
31.81,57.38,39.50,95.88,-1.94,314.51,72.74,142.54,141.99,112.35,114.12,135.52,37.00,273.81,254.02,255.28,308.03,172.97,203.58,123.68,30.00,213.17,33.53,72.20,109.77,68.44,74.88,45.16,42.00,345.33,236.20,205.93,362.31,140.49,290.16,39.58,120.00,47.53,47.94,25.08,62.01,36.33,52.50,18.45,17.00,38.46,31.38,449.00,4.00,7.00,9.00,54.96,43.58,857.00,6.00,8.00,15.00,24.53,19.50,309.00,4.00,8.00,13.00,60.04,49.50,928.00,8.00,6.00,13.00,10.30,7.56,185.00,9.00,8.00,8.00,3,엄지 굽히기 (Thumb Flex)
73.94,81.44,26.44,104.81,8.56,296.83,55.75,143.69,137.48,96.02,101.89,122.91,19.00,243.76,225.54,267.66,282.60,156.55,182.73,117.52,63.00,229.12,21.75,76.64,95.44,73.25,58.04,60.31,59.00,377.79,254.15,200.89,379.70,162.68,288.75,55.83,87.00,42.15,53.21,17.15,68.51,34.21,54.10,21.78,9.00,35.97,29.95,399.00,4.00,8.00,9.00,51.20,41.26,760.00,5.00,9.00,15.00,25.32,20.70,311.00,3.00,8.00,13.00,63.03,51.56,874.00,8.00,6.00,13.00,10.54,8.06,193.00,9.00,9.00,9.00,3,엄지 굽히기 (Thumb Flex)
8.44,15.12,-0.56,-31.62,-9.94,304.68,59.31,135.99,129.63,97.00,103.01,120.53,11.00,258.17,231.03,246.69,269.09,171.50,187.41,126.11,84.00,229.12,21.75,76.64,95.44,73.25,58.04,60.31,59.00,343.87,263.60,240.15,414.34,153.01,261.84,81.26,46.00,49.29,53.87,20.51,73.25,26.50,50.68,24.73,1.00,36.04,30.58,456.00,3.00,8.00,10.00,51.33,42.00,736.00,5.00,9.00,15.00,25.32,20.70,293.00,3.00,7.00,13.00,63.54,52.95,903.00,8.00,6.00,13.00,10.83,8.56,189.00,10.00,9.00,9.00,3,엄지 굽히기 (Thumb Flex)
-0.06,-11.44,-7.12,-45.31,-9.00,311.38,57.76,131.15,128.27,89.23,96.55,119.81,19.00,303.61,205.98,232.81,206.82,98.81,117.71,79.73,5.00,181.03,37.59,128.93,59.62,73.27,73.48,22.59,4.00,378.01,212.89,209.29,387.49,97.76,203.45,121.00,13.00,32.31,41.34,32.86,60.96,20.27,35.76,31.90,16.00,35.99,30.20,391.00,3.00,7.00,9.00,45.21,36.80,604.00,5.00,8.00,15.00,22.65,18.02,279.00,5.00,7.00,13.00,59.15,49.73,738.00,7.00,5.00,13.00,9.01,7.50,165.00,7.00,9.00,8.00,3,엄지 굽히기 (Thumb Flex)
-10.06,-35.56,-0.50,-28.69,-4.69,273.72,130.58,112.24,50.33,76.17,20.19,111.51,99.00,292.46,284.28,148.69,142.17,163.25,25.71,88.92,99.00,167.68,54.98,135.33,37.01,47.27,80.58,27.96,30.00,362.28,317.72,158.10,293.10,72.71,132.54,197.97,119.00,37.07,46.32,28.94,57.28,24.95,30.86,33.74,21.00,31.95,25.83,349.00,3.00,7.00,9.00,44.09,35.01,580.00,5.00,8.00,15.00,21.79,16.25,279.00,5.00,8.00,13.00,56.75,45.86,704.00,7.00,6.00,13.00,9.09,7.77,166.00,8.00,9.00,8.00,3,엄지 굽히기 (Thumb Flex)
-16.12,-14.31,-8.56,13.62,10.44,276.32,158.34,86.18,48.76,45.21,38.75,119.80,68.00,301.39,303.45,132.53,125.43,147.20,45.07,85.62,79.00,168.03,66.80,114.27,61.29,65.95,52.53,34.67,1.00,370.72,331.08,137.42,282.71,51.80,127.48,186.40,98.00,27.66,36.83,27.79,67.80,35.71,26.03,37.20,35.00,32.04,25.42,326.00,2.00,7.00,8.00,44.23,35.39,540.00,4.00,9.00,15.00,21.25,15.08,263.00,6.00,8.00,13.00,56.20,44.22,633.00,7.00,5.00,13.00,9.45,8.38,174.00,9.00,8.00,9.00,3,엄지 굽히기 (Thumb Flex)
-16.12,1.94,-17.62,-21.12,-4.06,276.32,158.34,86.18,48.76,45.21,38.75,119.80,68.00,257.75,279.30,129.42,102.83,173.89,93.08,119.89,19.00,175.68,65.98,99.84,69.66,72.17,67.22,22.47,14.00,328.83,340.66,177.65,231.35,67.32,86.11,187.41,38.00,27.47,39.01,21.44,63.29,37.85,21.92,37.69,27.00,32.04,25.42,312.00,2.00,6.00,7.00,41.95,32.82,540.00,5.00,8.00,15.00,21.72,15.78,263.00,5.00,7.00,13.00,52.82,41.41,614.00,8.00,6.00,13.00,9.03,7.95,182.00,10.00,9.00,10.00,3,엄지 굽히기 (Thumb Flex)
19.56,37.25,-2.00,57.94,8.94,236.14,186.16,95.55,81.02,41.03,80.24,73.51,121.00,155.60,352.30,71.61,24.70,60.97,124.31,41.86,142.00,183.98,59.81,99.39,62.23,62.27,62.09,31.91,4.00,247.82,425.06,174.07,193.57,39.13,179.66,157.85,133.00,37.99,54.06,9.39,50.33,21.86,37.20,32.17,43.00,31.49,25.80,329.00,3.00,5.00,7.00,38.02,32.19,503.00,5.00,8.00,15.00,21.64,15.25,253.00,4.00,8.00,13.00,54.30,44.20,658.00,8.00,6.00,13.00,9.19,8.20,177.00,10.00,10.00,10.00,3,엄지 굽히기 (Thumb Flex)
25.12,44.88,11.12,44.25,9.12,200.59,224.98,75.87,108.41,70.42,45.84,111.58,82.00,107.68,406.30,40.38,70.21,67.75,70.32,73.00,88.00,154.58,89.47,72.51,86.09,62.38,76.85,61.81,26.00,206.43,465.51,141.61,235.92,22.69,148.20,180.14,90.00,35.12,51.44,7.58,48.41,20.80,39.78,30.79,46.00,32.02,27.11,315.00,3.00,4.00,6.00,39.72,35.27,482.00,4.00,7.00,15.00,21.38,15.47,238.00,5.00,7.00,13.00,55.48,47.22,638.00,7.00,7.00,13.00,8.97,8.00,174.00,10.00,9.00,10.00,3,엄지 굽히기 (Thumb Flex)
6.31,33.19,28.00,70.56,3.88,155.72,261.07,31.18,88.53,44.86,68.02,68.30,127.00,96.90,414.15,29.88,67.74,74.79,78.31,62.28,99.00,75.19,162.17,48.96,83.19,22.22,8.85,37.73,56.00,100.35,521.51,56.85,273.91,84.34,177.58,102.90,197.00,23.18,49.68,4.54,39.70,13.78,38.37,40.45,34.00,30.69,25.65,324.00,3.00,5.00,7.00,40.20,36.04,441.00,3.00,8.00,15.00,18.71,15.62,215.00,3.00,7.00,13.00,57.89,51.55,661.00,3.00,8.00,13.00,8.14,7.25,163.00,9.00,9.00,9.00,3,엄지 굽히기 (Thumb Flex)
-3.56,-20.44,9.75,-46.44,-15.19,127.41,268.61,29.25,59.81,26.95,72.89,92.54,97.00,87.08,414.47,24.23,57.87,65.53,78.17,72.19,89.00,62.20,171.63,68.88,66.03,30.31,22.82,20.88,36.00,100.35,521.51,56.85,273.91,84.34,177.58,102.90,197.00,12.53,60.96,17.87,51.97,28.75,29.22,25.71,49.00,29.60,24.01,325.00,4.00,5.00,7.00,39.81,35.49,474.00,4.00,7.00,15.00,18.74,15.94,232.00,3.00,8.00,14.00,57.89,51.55,728.00,4.00,8.00,13.00,9.03,8.19,170.00,10.00,8.00,9.00,3,엄지 굽히기 (Thumb Flex)
17.50,6.75,-29.00,-30.81,0.88,99.09,250.55,76.21,88.09,73.76,35.36,74.18,144.00,49.92,375.96,79.38,91.05,88.58,52.51,35.78,150.00,68.97,177.46,65.50,79.25,49.55,42.01,8.11,16.00,84.08,467.28,125.17,244.47,61.42,125.39,41.18,267.00,19.86,46.19,21.20,46.32,37.62,15.71,11.15,64.00,29.14,23.62,349.00,5.00,6.00,8.00,37.66,33.41,485.00,5.00,7.00,15.00,20.01,17.00,262.00,4.00,7.00,14.00,52.86,48.27,657.00,4.00,8.00,13.00,8.37,7.36,166.00,10.00,8.00,9.00,3,엄지 굽히기 (Thumb Flex)
-15.44,-62.38,14.75,-48.25,-7.19,99.08,237.31,82.77,98.31,68.60,50.16,71.65,129.00,53.83,405.58,66.58,75.96,80.52,39.51,53.90,180.00,74.78,145.61,35.60,107.07,66.21,68.64,34.48,20.00,71.55,508.22,121.86,205.77,35.03,84.79,16.85,308.00,18.33,55.89,7.15,31.95,35.06,2.56,10.37,79.00,28.41,22.69,374.00,6.00,6.00,9.00,40.00,35.05,536.00,6.00,7.00,15.00,19.77,17.03,298.00,5.00,7.00,14.00,54.25,50.19,646.00,4.00,9.00,13.00,8.38,7.44,169.00,11.00,9.00,9.00,3,엄지 굽히기 (Thumb Flex)
-30.88,-4.56,-38.44,-9.19,13.06,102.43,230.60,78.77,93.61,63.14,44.78,75.02,136.00,73.28,365.74,39.70,33.60,35.08,31.28,103.86,231.00,57.64,173.88,63.64,94.56,60.04,80.78,60.49,49.00,89.24,487.98,92.77,218.84,4.94,62.11,32.27,339.00,14.02,56.86,12.44,37.80,24.67,13.58,21.82,91.00,27.88,22.25,382.00,6.00,6.00,10.00,37.66,32.26,567.00,6.00,8.00,15.00,21.93,18.69,343.00,6.00,7.00,14.00,53.40,48.73,687.00,4.00,10.00,14.00,9.02,8.19,183.00,11.00,9.00,10.00,3,엄지 굽히기 (Thumb Flex)
-30.88,-44.31,-0.69,-40.19,-4.06,102.43,230.60,78.77,93.61,63.14,44.78,75.02,136.00,55.75,367.66,58.98,51.08,19.04,35.40,123.35,251.00,73.69,163.77,62.77,75.77,42.46,79.61,76.56,69.00,89.24,487.98,92.77,218.84,4.94,62.11,32.27,339.00,13.41,58.53,12.20,36.24,26.40,12.02,19.86,89.00,27.88,22.25,303.00,5.00,5.00,9.00,38.80,33.35,522.00,5.00,8.00,15.00,21.34,17.52,341.00,5.00,8.00,14.00,53.40,48.73,600.00,3.00,11.00,14.00,8.95,8.06,184.00,11.00,9.00,10.00,3,엄지 굽히기 (Thumb Flex)
-11.88,-9.56,-18.12,-51.56,-5.06,43.64,221.05,111.56,71.06,86.39,47.12,20.03,72.00,23.72,326.47,120.03,73.11,68.64,92.53,74.31,175.00,33.86,156.32,25.88,98.99,23.84,60.99,105.86,110.00,48.85,391.28,134.87,309.70,137.48,96.91,133.80,201.00,26.26,42.99,27.77,48.01,29.29,19.43,11.19,73.00,25.15,19.73,294.00,5.00,4.00,9.00,35.47,29.56,530.00,7.00,8.00,15.00,21.21,17.38,343.00,7.00,8.00,14.00,51.23,44.40,620.00,3.00,11.00,15.00,8.68,7.70,172.00,10.00,8.00,9.00,3,엄지 굽히기 (Thumb Flex)
-23.44,-99.00,40.88,-5.44,-8.69,16.47,185.92,105.11,16.28,119.98,72.03,71.28,127.00,169.55,186.51,192.46,119.88,158.12,77.48,167.49,328.00,33.86,156.32,25.88,98.99,23.84,60.99,105.86,110.00,143.69,294.35,141.29,260.55,138.16,109.33,40.04,299.00,32.25,40.45,31.31,44.78,33.54,13.49,10.70,79.00,24.82,18.80,268.00,5.00,4.00,9.00,42.19,32.38,607.00,6.00,8.00,15.00,21.21,17.38,390.00,8.00,9.00,14.00,46.14,38.05,649.00,7.00,11.00,15.00,8.93,8.02,165.00,9.00,7.00,8.00,3,엄지 굽히기 (Thumb Flex)
19.12,-14.00,-5.81,-45.50,-7.62,66.27,130.57,63.11,56.32,73.49,15.73,19.38,70.00,257.99,95.43,189.80,113.30,108.09,31.00,126.86,232.00,15.43,119.39,46.43,77.39,53.54,25.60,117.50,147.00,291.81,188.29,120.26,126.06,21.11,55.13,185.42,140.00,48.51,49.77,28.09,31.11,19.79,27.11,21.77,62.00,17.02,15.12,242.00,4.00,5.00,9.00,37.52,28.88,621.00,9.00,9.00,15.00,19.92,15.79,412.00,9.00,10.00,14.00,39.39,31.88,560.00,8.00,12.00,15.00,8.89,7.78,146.00,8.00,6.00,7.00,3,엄지 굽히기 (Thumb Flex)
3.62,6.69,-9.88,-16.12,0.69,72.96,123.59,55.23,59.09,70.59,20.51,23.22,78.00,266.41,92.44,180.96,103.08,99.15,20.00,124.27,243.00,28.25,110.16,59.50,91.18,55.54,33.53,117.24,132.00,283.90,185.21,126.44,118.79,25.44,59.90,193.92,130.00,40.17,38.79,38.13,24.60,26.55,32.70,32.73,51.00,16.80,14.62,250.00,4.00,6.00,10.00,37.30,28.19,620.00,9.00,9.00,15.00,20.05,15.98,407.00,10.00,9.00,13.00,39.06,31.41,580.00,8.00,12.00,15.00,8.53,7.35,153.00,9.00,6.00,7.00,3,엄지 굽히기 (Thumb Flex)
26.12,77.31,13.88,93.25,7.62,62.00,131.78,64.49,81.61,46.69,31.90,37.53,102.00,238.09,86.01,259.05,157.80,49.66,73.02,104.85,329.00,8.25,108.48,63.80,85.99,75.42,38.63,127.04,112.00,247.94,91.91,261.37,99.86,152.72,161.65,157.43,268.00,37.34,28.26,51.25,12.08,13.39,38.33,17.43,68.00,18.08,16.12,259.00,3.00,7.00,10.00,42.30,32.48,666.00,9.00,8.00,15.00,20.33,16.77,427.00,9.00,9.00,14.00,44.93,37.19,688.00,7.00,12.00,15.00,8.49,7.42,157.00,9.00,6.00,7.00,3,엄지 굽히기 (Thumb Flex)
38.69,28.81,34.50,85.25,9.62,86.29,124.17,56.23,111.02,87.68,61.13,48.13,47.00,263.58,91.33,271.37,128.08,32.15,42.39,140.00,257.00,30.62,86.17,101.80,123.69,66.83,60.88,97.94,150.00,319.49,65.86,317.86,218.77,140.53,68.14,143.43,140.00,46.55,36.79,50.84,27.46,13.50,23.03,29.15,52.00,20.39,17.85,267.00,7.00,7.00,11.00,41.77,32.21,690.00,7.00,9.00,15.00,22.19,19.00,440.00,9.00,9.00,14.00,49.22,42.28,647.00,3.00,11.00,14.00,8.74,7.75,144.00,8.00,5.00,6.00,3,엄지 굽히기 (Thumb Flex)
19.75,56.50,15.56,48.88,-3.50,130.81,100.25,37.69,84.86,103.23,19.03,16.17,94.00,333.77,104.73,213.31,47.01,97.58,52.35,71.70,342.00,61.00,57.68,117.52,130.63,39.16,30.38,126.85,119.00,369.69,86.41,294.26,212.00,86.56,64.08,156.00,194.00,34.21,22.80,63.35,28.46,13.62,11.50,39.18,38.00,20.05,17.75,283.00,7.00,8.00,12.00,43.84,34.62,703.00,7.00,10.00,15.00,22.28,19.06,447.00,7.00,9.00,14.00,50.81,46.28,649.00,3.00,10.00,14.00,8.43,7.31,144.00,8.00,5.00,6.00,3,엄지 굽히기 (Thumb Flex)
-13.19,-55.38,7.38,-45.50,-9.12,145.69,86.94,25.83,71.11,88.48,23.32,25.01,79.00,284.27,124.65,262.31,49.09,135.83,84.67,38.74,392.00,92.85,26.02,104.34,98.39,71.34,56.77,91.97,154.00,359.70,87.78,304.26,222.00,82.81,60.55,163.33,204.00,28.34,18.83,67.81,34.21,17.82,12.39,36.46,44.00,19.09,16.81,276.00,7.00,8.00,12.00,46.06,37.75,775.00,7.00,11.00,15.00,21.38,17.80,438.00,7.00,9.00,13.00,51.31,46.75,659.00,3.00,9.00,14.00,8.70,7.64,136.00,7.00,5.00,5.00,3,엄지 굽히기 (Thumb Flex)
10.81,27.31,-35.12,-67.69,-4.12,145.69,86.94,25.83,71.11,88.48,23.32,25.01,79.00,273.60,135.49,264.85,40.36,138.21,83.48,46.53,381.00,76.72,37.33,128.10,111.21,77.48,67.96,71.69,178.00,252.08,203.85,372.51,254.77,83.37,180.46,61.14,79.00,12.82,26.75,64.74,33.73,8.74,23.67,39.90,28.00,19.09,16.81,292.00,8.00,8.00,13.00,45.57,37.06,846.00,8.00,11.00,15.00,22.99,19.48,467.00,7.00,9.00,13.00,52.67,45.86,678.00,5.00,8.00,14.00,8.31,7.14,140.00,7.00,6.00,5.00,3,엄지 굽히기 (Thumb Flex)
-25.25,-20.06,-10.19,25.69,17.50,122.23,117.52,54.42,35.36,55.77,67.36,22.36,126.00,218.85,200.44,210.52,55.76,65.66,63.97,32.70,455.00,74.70,40.52,136.19,99.76,88.54,71.56,80.32,163.00,241.72,222.98,363.43,235.85,92.75,163.11,79.47,101.00,17.66,20.76,70.46,39.62,14.54,29.48,40.50,22.00,19.58,17.03,315.00,9.00,9.00,13.00,44.06,34.95,887.00,9.00,12.00,15.00,23.12,19.94,469.00,7.00,9.00,13.00,51.73,44.14,737.00,6.00,8.00,14.00,8.94,7.56,156.00,8.00,6.00,6.00,3,엄지 굽히기 (Thumb Flex)
-29.88,22.31,-26.62,-10.25,5.50,129.08,126.62,63.14,71.06,93.65,41.32,17.38,88.00,212.69,209.66,189.76,70.09,81.34,77.10,24.18,433.00,108.61,56.14,116.35,73.82,46.99,31.43,83.68,220.00,255.19,267.64,266.43,201.95,15.55,196.57,20.09,4.00,17.66,20.76,70.46,39.62,14.54,29.48,40.50,22.00,20.99,18.12,314.00,5.00,8.00,13.00,43.03,33.73,875.00,11.00,12.00,15.00,23.11,20.12,472.00,9.00,10.00,13.00,47.42,37.84,662.00,6.00,8.00,14.00,8.94,7.56,148.00,7.00,6.00,6.00,3,엄지 굽히기 (Thumb Flex)
7.62,51.31,-0.69,38.19,7.06,123.94,129.91,68.20,69.58,96.53,44.54,25.38,80.00,212.24,236.87,202.51,122.58,88.25,141.09,76.57,369.00,122.99,58.87,101.92,88.68,38.81,44.99,73.64,205.00,213.95,286.93,301.57,130.05,88.54,196.47,87.57,69.00,32.41,31.38,62.94,17.46,19.28,33.13,33.17,1.00,21.08,18.67,328.00,8.00,8.00,13.00,44.97,36.31,877.00,8.00,11.00,15.00,22.85,19.27,457.00,8.00,10.00,13.00,47.80,39.77,695.00,7.00,8.00,14.00,8.33,7.30,134.00,6.00,6.00,5.00,3,엄지 굽히기 (Thumb Flex)
23.62,49.25,22.12,96.75,9.50,123.94,129.91,68.20,69.58,96.53,44.54,25.38,80.00,206.62,269.17,179.82,139.81,112.24,119.65,43.83,402.00,72.63,93.88,140.02,96.66,12.25,93.88,38.69,154.00,146.31,399.47,258.08,156.24,117.51,281.36,65.09,50.00,38.37,40.36,54.22,16.12,23.48,36.54,37.60,8.00,21.08,18.67,312.00,7.00,8.00,13.00,46.49,38.38,806.00,7.00,10.00,14.00,22.60,19.25,437.00,8.00,9.00,13.00,53.80,46.44,741.00,5.00,7.00,14.00,8.67,7.94,128.00,5.00,5.00,5.00,3,엄지 굽히기 (Thumb Flex)
36.62,84.00,6.81,57.12,-0.06,76.44,174.36,85.47,89.50,54.84,89.68,67.86,32.00,189.86,400.58,58.37,92.70,76.23,172.94,186.56,254.00,81.95,83.12,142.65,86.77,19.92,100.41,32.36,143.00,113.56,494.83,156.59,250.14,46.95,177.83,53.24,56.00,42.85,46.88,49.23,25.08,15.00,28.00,30.32,1.00,23.00,20.62,313.00,7.00,8.00,13.00,49.32,40.00,789.00,5.00,9.00,14.00,22.23,18.56,398.00,7.00,9.00,13.00,54.71,48.61,733.00,5.00,7.00,14.00,8.39,7.45,116.00,5.00,5.00,4.00,3,엄지 굽히기 (Thumb Flex)
10.19,-13.31,-5.31,-18.19,-7.75,39.14,194.66,73.88,64.41,56.66,77.04,44.48,71.00,191.47,396.42,51.42,102.88,86.67,173.69,196.20,243.00,66.94,105.34,108.94,77.23,36.14,102.56,22.74,109.00,117.07,490.83,164.45,254.35,57.14,172.70,60.65,67.00,43.36,49.54,39.86,33.97,26.29,12.22,12.32,22.00,22.13,19.46,337.00,7.00,9.00,14.00,49.43,40.69,846.00,6.00,9.00,14.00,20.10,16.48,369.00,6.00,8.00,13.00,54.87,49.21,778.00,6.00,7.00,14.00,8.06,7.09,108.00,4.00,5.00,3.00,3,엄지 굽히기 (Thumb Flex)
-14.75,-80.81,4.38,-66.31,-9.38,30.79,192.98,59.93,51.61,68.03,68.51,45.96,56.00,215.62,413.99,14.89,123.07,91.99,201.40,173.58,283.00,67.89,105.74,106.44,72.25,37.36,105.28,23.17,114.00,139.49,503.90,156.46,282.09,42.99,165.48,55.75,37.00,47.28,55.02,33.95,38.60,21.49,11.33,17.83,16.00,21.19,18.41,346.00,8.00,8.00,14.00,52.47,43.19,886.00,6.00,8.00,14.00,20.13,16.75,359.00,7.00,8.00,13.00,56.63,50.85,808.00,6.00,6.00,14.00,8.36,7.42,108.00,4.00,5.00,3.00,3,엄지 굽히기 (Thumb Flex)
-21.31,-57.69,-6.56,-46.94,-0.69,31.62,198.33,65.19,47.89,74.11,61.78,45.59,49.00,261.49,462.17,57.65,89.69,42.08,151.50,186.11,233.00,77.56,96.99,116.43,75.00,22.44,90.59,19.43,99.00,129.85,494.37,166.24,285.85,51.58,157.50,61.11,27.00,42.76,50.43,36.91,41.77,23.60,9.09,22.82,11.00,21.55,18.90,338.00,8.00,7.00,13.00,54.48,46.31,807.00,6.00,8.00,14.00,19.48,15.81,310.00,7.00,8.00,13.00,56.05,50.30,788.00,6.00,6.00,14.00,8.24,7.15,113.00,4.00,6.00,3.00,3,엄지 굽히기 (Thumb Flex)
-29.31,-13.88,-31.00,-63.81,-1.25,31.62,198.33,65.19,47.89,74.11,61.78,45.59,49.00,162.53,380.02,79.93,181.91,88.00,114.60,210.23,134.00,30.30,168.94,55.92,21.02,64.68,48.57,70.16,26.00,179.61,539.39,144.32,240.65,95.55,108.02,107.11,23.00,33.78,48.01,33.64,48.83,14.74,17.40,15.16,20.00,21.55,18.90,307.00,7.00,6.00,12.00,47.13,40.12,778.00,6.00,8.00,14.00,18.71,15.12,290.00,6.00,8.00,13.00,58.26,53.04,758.00,6.00,6.00,14.00,7.86,6.66,113.00,4.00,6.00,3.00,3,엄지 굽히기 (Thumb Flex)
-26.88,-52.62,2.38,2.75,0.06,34.92,225.16,26.67,74.89,38.43,62.65,33.83,10.00,180.90,383.01,63.83,187.97,103.66,129.51,212.98,114.00,34.94,161.14,51.84,11.05,71.52,55.62,78.29,16.00,120.90,518.94,100.70,216.91,121.35,88.85,177.92,94.00,23.52,55.00,22.80,43.46,19.81,9.44,22.50,9.00,22.51,20.12,291.00,6.00,5.00,11.00,48.27,41.38,798.00,6.00,9.00,14.00,18.64,14.88,319.00,7.00,8.00,14.00,55.89,49.50,799.00,7.00,7.00,14.00,7.40,6.06,106.00,4.00,6.00,3.00,3,엄지 굽히기 (Thumb Flex)
41.12,38.00,21.12,51.75,-1.94,50.31,228.43,67.41,62.29,26.76,107.96,53.89,38.00,147.32,416.29,68.96,138.71,106.10,183.28,208.62,60.00,68.13,161.92,16.04,38.60,91.05,19.82,65.33,52.00,118.82,575.57,4.88,123.98,188.08,62.42,100.50,2.00,23.52,55.00,22.80,43.46,19.81,9.44,22.50,9.00,24.86,22.27,338.00,6.00,5.00,11.00,49.15,42.75,816.00,6.00,9.00,14.00,19.14,15.27,315.00,6.00,8.00,14.00,56.61,50.38,736.00,6.00,7.00,14.00,7.40,6.06,100.00,3.00,6.00,3.00,3,엄지 굽히기 (Thumb Flex)
47.12,49.69,31.69,73.75,-1.44,81.23,255.29,76.61,94.19,9.02,82.02,47.35,6.00,149.27,405.31,76.31,133.82,97.92,190.63,205.17,49.00,91.02,180.74,19.48,50.25,69.97,37.97,63.16,29.00,118.82,575.57,4.88,123.98,188.08,62.42,100.50,2.00,27.26,49.56,19.64,41.00,27.81,4.24,22.75,17.00,27.33,24.12,330.00,6.00,4.00,10.00,48.37,42.15,783.00,6.00,8.00,14.00,20.65,16.69,304.00,6.00,7.00,14.00,56.61,50.38,758.00,6.00,7.00,15.00,7.25,5.74,97.00,3.00,5.00,3.00,3,엄지 굽히기 (Thumb Flex)
38.62,47.62,15.75,42.81,-3.56,89.10,263.06,71.86,94.02,3.11,82.83,43.99,14.00,158.47,430.79,47.56,164.47,68.91,192.39,186.00,16.00,76.33,164.16,7.99,63.81,73.32,46.53,60.25,12.00,89.24,550.74,28.83,93.47,196.94,93.24,102.87,31.00,33.35,52.76,6.29,27.51,26.28,17.50,18.80,3.00,27.96,24.62,322.00,6.00,5.00,9.00,49.73,43.95,750.00,6.00,7.00,13.00,19.40,15.62,304.00,6.00,8.00,14.00,54.44,48.31,758.00,6.00,8.00,15.00,6.87,5.20,86.00,2.00,5.00,2.00,3,엄지 굽히기 (Thumb Flex)
-15.38,-50.81,0.75,-46.25,-7.31,64.40,247.92,103.42,126.02,34.69,68.84,32.38,46.00,113.17,430.87,103.01,222.77,137.00,154.00,118.46,89.00,68.63,156.34,23.36,73.59,57.38,50.56,68.44,28.00,14.34,554.49,107.38,159.85,102.08,45.66,150.69,64.00,34.59,56.43,3.86,29.07,22.41,14.47,20.46,7.00,27.98,24.62,346.00,6.00,4.00,9.00,49.94,44.56,740.00,6.00,6.00,13.00,18.97,14.72,314.00,6.00,8.00,15.00,54.63,48.75,758.00,6.00,8.00,15.00,7.07,5.39,84.00,2.00,4.00,2.00,3,엄지 굽히기 (Thumb Flex)
-15.38,-13.94,-26.75,-55.62,-0.88,64.40,247.92,103.42,126.02,34.69,68.84,32.38,46.00,142.11,392.65,117.53,191.38,179.06,120.78,90.27,139.00,79.08,173.12,55.94,51.92,84.07,19.75,39.74,12.00,18.21,562.42,109.17,165.32,106.97,37.22,141.33,54.00,35.94,48.24,6.46,21.40,18.22,17.12,28.12,16.00,27.98,24.62,322.00,5.00,3.00,8.00,47.54,41.44,698.00,5.00,6.00,13.00,19.99,15.88,300.00,6.00,7.00,15.00,55.21,49.38,738.00,6.00,7.00,15.00,6.65,4.97,87.00,2.00,5.00,2.00,3,엄지 굽히기 (Thumb Flex)
-34.50,-77.56,5.81,-47.50,-7.75,80.96,290.26,72.27,80.02,34.22,26.86,34.68,92.00,63.21,494.57,19.92,119.95,197.20,29.44,75.12,241.00,53.80,135.61,67.23,90.09,83.39,22.44,26.45,51.00,30.55,532.72,134.75,190.77,92.62,8.83,111.33,24.00,34.74,48.91,6.75,20.25,19.83,19.08,30.11,18.00,29.28,26.06,305.00,4.00,3.00,8.00,51.37,44.76,716.00,4.00,6.00,13.00,18.41,14.16,311.00,7.00,7.00,15.00,53.08,47.50,656.00,5.00,7.00,15.00,6.78,5.06,72.00,1.00,5.00,1.00,3,엄지 굽히기 (Thumb Flex)
-20.00,-18.19,-13.88,-15.50,5.00,74.15,282.96,80.21,80.62,31.53,27.31,38.50,100.00,71.08,487.81,19.05,128.80,190.64,19.74,77.24,251.00,57.64,140.09,62.34,91.01,79.34,24.90,26.54,56.00,6.96,552.46,111.93,177.20,60.64,32.41,83.15,8.00,25.33,45.31,18.73,12.08,11.71,11.27,19.14,6.00,28.87,25.62,313.00,4.00,3.00,9.00,51.09,44.21,735.00,3.00,7.00,13.00,18.60,14.52,311.00,8.00,7.00,15.00,53.10,47.44,644.00,4.00,6.00,15.00,5.48,4.12,72.00,2.00,5.00,1.00,3,엄지 굽히기 (Thumb Flex)
23.12,54.06,8.62,55.12,0.31,17.55,267.60,113.70,20.59,93.24,41.96,66.20,38.00,114.38,491.99,29.75,115.85,233.00,62.15,93.19,207.00,21.98,132.60,79.90,52.55,49.23,43.13,41.44,96.00,86.80,567.32,105.05,101.21,81.37,115.37,78.94,94.00,20.85,41.30,21.30,16.76,8.99,10.23,22.51,11.00,28.07,25.23,322.00,5.00,3.00,9.00,52.86,47.30,777.00,4.00,7.00,13.00,17.19,13.12,311.00,9.00,8.00,15.00,54.58,49.62,667.00,4.00,6.00,15.00,5.32,3.93,74.00,6.00,6.00,1.00,3,엄지 굽히기 (Thumb Flex)
29.12,2.75,51.75,32.44,-5.75,18.77,288.00,106.88,28.43,84.42,41.12,35.59,70.00,73.53,458.38,51.27,158.62,242.98,94.29,131.38,164.00,42.58,180.45,75.07,94.67,54.86,68.84,55.05,34.00,97.32,576.80,97.10,94.87,71.57,109.08,70.58,83.00,6.21,26.44,18.80,25.61,23.98,23.26,21.19,4.00,29.06,27.12,314.00,4.00,3.00,8.00,51.69,44.28,831.00,4.00,8.00,14.00,21.71,15.81,332.00,4.00,7.00,15.00,54.92,50.38,623.00,4.00,6.00,15.00,5.09,4.06,78.00,7.00,5.00,1.00,3,엄지 굽히기 (Thumb Flex)
35.62,25.12,32.62,35.88,-2.75,38.87,311.97,84.46,47.41,64.29,21.45,59.58,46.00,60.14,436.46,70.88,158.20,260.00,91.87,109.38,186.00,58.37,198.07,62.84,105.12,65.01,51.01,38.40,52.00,64.11,523.82,149.61,56.80,94.98,132.37,27.41,28.00,9.79,21.67,10.88,20.00,22.97,11.41,17.03,12.00,30.29,28.62,306.00,4.00,2.00,7.00,50.73,42.73,808.00,4.00,8.00,14.00,22.93,17.22,334.00,3.00,8.00,15.00,50.91,46.88,590.00,4.00,6.00,14.00,4.05,3.66,71.00,7.00,6.00,1.00,3,엄지 굽히기 (Thumb Flex)
-2.38,-0.75,-15.44,-41.50,-2.31,27.36,289.12,109.79,68.41,39.50,10.85,90.05,14.00,108.49,380.95,120.87,60.53,181.57,72.13,203.48,88.00,49.28,190.13,77.45,117.07,79.36,44.01,23.47,67.00,126.85,482.07,195.95,60.42,34.92,31.75,127.17,134.00,16.47,27.23,5.51,13.00,16.03,11.17,19.74,5.00,29.44,26.92,322.00,5.00,3.00,7.00,44.95,35.94,742.00,4.00,9.00,14.00,23.27,17.92,373.00,4.00,7.00,15.00,49.84,45.44,598.00,4.00,6.00,14.00,3.95,3.56,62.00,6.00,6.00,1.00,3,엄지 굽히기 (Thumb Flex)
-16.88,-28.88,-10.44,-58.38,-4.31,44.75,290.78,108.36,85.28,34.59,20.06,72.30,38.00,138.07,390.48,117.59,63.91,172.18,86.36,179.49,118.00,49.28,190.13,77.45,117.07,79.36,44.01,23.47,67.00,176.52,507.08,179.31,93.01,15.54,81.62,79.55,84.00,16.47,27.23,5.51,13.00,16.03,11.17,19.74,5.00,29.73,27.34,314.00,4.00,3.00,7.00,45.56,37.77,702.00,8.00,8.00,14.00,23.27,17.92,368.00,4.00,7.00,14.00,51.98,48.17,568.00,4.00,5.00,14.00,3.95,3.56,62.00,6.00,5.00,1.00,3,엄지 굽히기 (Thumb Flex)
-16.88,-31.38,-9.81,-77.12,-4.44,44.75,290.78,108.36,85.28,34.59,20.06,72.30,38.00,99.72,354.43,155.10,29.73,132.81,126.12,164.66,158.00,52.66,198.85,69.30,109.02,70.86,53.54,16.72,77.00,195.74,526.63,159.68,82.76,17.11,69.71,94.73,104.00,15.51,26.20,6.32,11.00,14.93,13.10,17.79,7.00,29.73,27.34,307.00,4.00,3.00,7.00,42.72,35.47,682.00,4.00,8.00,13.00,23.41,18.41,358.00,6.00,7.00,13.00,53.59,49.27,568.00,4.00,4.00,14.00,3.77,3.44,53.00,5.00,5.00,1.00,3,엄지 굽히기 (Thumb Flex)
-31.38,-23.25,-14.50,-9.00,12.88,52.57,298.73,102.56,79.25,28.68,24.70,73.21,46.00,80.00,326.02,175.92,55.71,151.69,104.88,163.69,128.00,56.44,203.65,65.01,106.02,75.07,49.23,18.13,72.00,172.98,501.72,178.30,110.68,46.53,82.63,113.15,134.00,18.57,31.07,9.01,15.56,25.87,6.81,28.71,4.00,30.19,27.72,314.00,4.00,3.00,8.00,41.05,34.06,642.00,4.00,7.00,13.00,23.57,18.69,334.00,6.00,6.00,12.00,52.77,47.62,618.00,4.00,4.00,14.00,4.99,4.12,71.00,6.00,5.00,2.00,3,엄지 굽히기 (Thumb Flex)
-44.50,-3.25,-25.38,-1.81,3.75,64.66,307.71,108.71,89.38,26.07,28.72,66.82,32.00,80.00,326.02,175.92,55.71,151.69,104.88,163.69,128.00,43.21,197.23,64.22,95.02,74.17,48.03,23.23,58.00,158.60,494.62,161.96,108.17,65.94,24.71,106.92,73.00,20.26,33.05,8.80,17.03,25.32,5.63,26.96,2.00,31.27,28.44,328.00,4.00,3.00,9.00,41.05,34.06,622.00,4.00,6.00,13.00,22.35,17.97,310.00,4.00,6.00,12.00,50.53,44.29,558.00,3.00,4.00,14.00,5.06,4.25,78.00,6.00,6.00,2.00,3,엄지 굽히기 (Thumb Flex)
36.06,75.81,19.94,112.25,6.56,57.05,320.74,39.18,69.23,49.12,99.08,53.53,39.00,163.11,387.48,49.38,77.62,24.93,218.33,123.78,1.00,16.22,207.82,41.51,80.06,99.41,33.12,30.30,85.00,221.75,574.60,64.78,26.68,58.06,135.35,104.25,184.00,23.23,35.51,6.14,15.26,22.97,8.55,28.89,5.00,31.66,29.55,342.00,4.00,4.00,9.00,44.09,37.61,615.00,6.00,6.00,13.00,22.90,19.20,336.00,4.00,7.00,12.00,58.21,52.09,624.00,4.00,4.00,14.00,5.24,4.44,79.00,6.00,7.00,2.00,3,엄지 굽히기 (Thumb Flex)
43.56,84.06,-1.06,45.94,3.44,63.62,327.82,39.58,77.10,48.56,93.18,53.51,31.00,206.91,431.15,45.73,78.75,55.45,180.31,141.03,45.00,31.51,192.71,56.36,66.04,110.44,20.72,45.32,101.00,211.44,563.65,75.21,37.48,66.95,143.08,106.35,195.00,25.17,35.96,4.62,13.60,24.78,6.98,28.27,3.00,32.28,30.12,342.00,4.00,3.00,9.00,47.88,41.05,615.00,6.00,6.00,13.00,22.61,18.20,346.00,5.00,7.00,12.00,57.60,51.32,669.00,4.00,4.00,14.00,5.30,4.56,82.00,6.00,8.00,2.00,3,엄지 굽히기 (Thumb Flex)
6.06,40.75,-4.00,48.00,11.75,25.25,289.93,9.57,92.66,86.97,100.84,79.90,9.00,196.45,422.57,34.73,89.29,55.88,178.46,150.08,56.00,61.60,163.41,67.20,56.04,126.02,53.63,13.00,68.00,178.45,543.11,84.92,53.76,79.95,146.13,115.96,162.00,34.63,31.84,13.63,21.95,27.49,13.19,29.17,14.00,30.30,27.30,374.00,4.00,4.00,10.00,47.22,40.19,659.00,6.00,7.00,14.00,21.54,16.38,334.00,7.00,7.00,11.00,55.29,49.00,636.00,4.00,4.00,13.00,6.10,5.25,88.00,5.00,9.00,2.00,3,엄지 굽히기 (Thumb Flex)
-41.62,-65.44,1.69,-50.44,-7.88,59.83,265.33,77.04,169.50,80.10,39.46,21.09,76.00,131.12,428.45,116.83,172.04,175.49,143.50,36.19,69.00,70.45,160.91,61.67,67.03,115.31,46.12,22.23,79.00,93.43,567.09,83.23,78.39,31.65,81.85,80.86,267.00,30.95,37.07,10.77,19.65,33.48,15.68,29.07,20.00,30.61,26.95,371.00,4.00,4.00,10.00,48.34,39.30,668.00,4.00,6.00,14.00,21.32,15.60,323.00,7.00,8.00,10.00,55.43,47.99,646.00,4.00,4.00,13.00,6.40,5.62,104.00,6.00,9.00,3.00,3,엄지 굽히기 (Thumb Flex)
-19.19,-7.94,-31.44,-68.56,-9.62,66.28,269.58,79.57,167.44,73.12,45.49,22.40,69.00,128.64,395.88,97.07,195.13,199.47,122.97,19.65,109.00,90.63,179.31,31.77,74.25,123.50,52.00,21.88,49.00,90.15,594.08,73.23,68.59,18.84,108.29,90.29,237.00,30.44,40.89,14.15,23.54,32.35,16.84,30.51,16.00,30.84,27.34,393.00,4.00,5.00,11.00,46.94,37.42,688.00,4.00,6.00,14.00,22.80,17.24,328.00,8.00,8.00,10.00,57.24,49.63,656.00,4.00,3.00,13.00,6.70,5.88,99.00,5.00,8.00,3.00,3,엄지 굽히기 (Thumb Flex)
-12.19,-73.56,6.06,-29.81,-5.19,66.28,269.58,79.57,167.44,73.12,45.49,22.40,69.00,163.60,465.32,65.31,148.72,180.25,63.58,73.68,179.00,80.58,139.40,57.54,111.68,99.44,55.73,60.53,9.00,83.46,575.29,92.77,88.46,38.71,127.19,106.42,217.00,33.36,44.69,20.04,25.94,26.97,10.64,25.81,23.00,30.84,27.34,378.00,4.00,4.00,10.00,50.59,40.70,688.00,4.00,6.00,14.00,21.36,15.81,333.00,8.00,8.00,10.00,56.38,48.54,686.00,4.00,4.00,13.00,6.82,6.09,96.00,4.00,7.00,3.00,3,엄지 굽히기 (Thumb Flex)
-13.56,-17.31,-17.69,-11.69,8.88,61.00,252.60,100.36,162.78,58.21,40.07,9.73,91.00,112.92,430.71,123.24,102.94,124.13,3.75,126.50,239.00,75.60,155.09,63.97,107.67,79.57,52.97,80.10,11.00,70.32,563.46,112.10,90.47,36.59,116.48,77.11,247.00,23.26,49.16,25.93,39.85,14.44,4.86,15.05,38.00,29.76,26.13,363.00,4.00,4.00,9.00,47.11,37.89,688.00,4.00,7.00,14.00,21.84,16.77,338.00,8.00,8.00,10.00,55.52,46.98,676.00,4.00,4.00,13.00,7.07,6.38,99.00,4.00,6.00,3.00,3,엄지 굽히기 (Thumb Flex)
8.50,32.38,5.75,8.00,-7.25,76.68,252.38,107.90,132.20,88.71,28.10,34.39,60.00,64.26,445.61,158.70,70.94,167.17,56.36,95.30,186.00,90.62,153.17,39.13,82.87,76.84,40.59,102.02,36.00,59.76,572.05,106.31,70.21,15.65,107.24,97.95,226.00,35.39,36.22,13.20,38.05,23.96,18.56,9.77,52.00,29.36,25.50,340.00,4.00,4.00,9.00,47.63,39.45,666.00,4.00,6.00,14.00,21.41,16.12,338.00,8.00,9.00,10.00,55.48,47.00,621.00,4.00,3.00,13.00,7.15,6.41,111.00,5.00,7.00,4.00,3,엄지 굽히기 (Thumb Flex)
24.50,-25.31,49.81,32.06,-8.56,76.68,252.38,107.90,132.20,88.71,28.10,34.39,60.00,148.82,370.60,201.77,32.20,177.39,130.25,126.02,101.00,134.92,189.46,53.22,89.16,36.14,84.67,78.47,11.00,86.11,541.13,138.77,86.05,28.86,78.20,127.85,193.00,46.39,26.03,18.96,49.04,16.11,14.43,15.78,41.00,29.36,25.50,348.00,4.00,4.00,10.00,45.98,36.64,675.00,5.00,6.00,14.00,24.93,19.61,338.00,6.00,8.00,10.00,53.68,44.69,621.00,4.00,3.00,13.00,7.47,6.70,106.00,4.00,6.00,4.00,3,엄지 굽히기 (Thumb Flex)
25.00,35.69,16.06,84.31,2.00,68.70,244.39,115.32,124.34,95.25,36.08,27.66,68.00,118.94,401.73,171.84,61.03,155.68,147.40,155.29,69.00,99.25,154.17,24.02,57.80,13.89,116.95,89.93,47.00,42.83,581.63,121.66,123.44,68.82,36.11,162.33,149.00,39.96,29.03,12.93,49.82,20.89,19.83,22.61,34.00,28.87,25.00,340.00,4.00,3.00,10.00,46.87,39.14,717.00,6.00,6.00,14.00,21.76,16.81,356.00,8.00,9.00,10.00,56.85,47.77,676.00,4.00,3.00,14.00,7.40,6.62,115.00,5.00,7.00,5.00,3,엄지 굽히기 (Thumb Flex)
11.00,-5.31,6.88,9.38,-1.12,39.54,224.33,120.36,134.24,70.86,24.30,51.85,36.00,143.00,385.67,174.78,59.44,125.24,146.87,187.28,37.00,76.08,140.82,46.83,78.82,15.68,108.96,69.26,18.00,75.66,569.63,96.97,112.97,79.94,39.82,182.94,116.00,38.65,28.64,13.60,51.79,19.15,17.88,20.66,36.00,27.00,23.00,316.00,4.00,3.00,10.00,46.46,37.30,728.00,6.00,7.00,14.00,19.98,15.00,318.00,7.00,8.00,10.00,55.94,45.45,669.00,3.00,4.00,14.00,7.36,6.52,118.00,6.00,8.00,5.00,3,엄지 굽히기 (Thumb Flex)
3.00,-5.31,-22.50,-79.12,-5.00,39.54,224.33,120.36,134.24,70.86,24.30,51.85,36.00,143.00,385.67,174.78,59.44,125.24,146.87,187.28,37.00,72.52,144.98,54.65,85.04,16.77,103.37,78.09,28.00,112.80,587.79,60.87,152.45,108.47,9.42,173.18,156.00,39.30,30.29,11.60,52.17,19.54,16.93,19.07,38.00,27.00,23.00,308.00,3.00,3.00,9.00,46.46,37.30,698.00,6.00,7.00,13.00,20.53,15.62,343.00,8.00,8.00,11.00,58.58,47.88,740.00,4.00,4.00,14.00,7.43,6.62,120.00,6.00,8.00,5.00,3,엄지 굽히기 (Thumb Flex)
-33.62,-25.94,-7.50,-12.25,-3.12,40.91,242.54,101.53,126.65,92.83,46.06,62.16,14.00,141.92,376.87,183.11,62.39,116.25,156.83,180.48,47.00,72.52,144.98,54.65,85.04,16.77,103.37,78.09,28.00,81.25,539.97,71.62,153.76,153.50,44.94,192.07,206.00,39.42,28.33,12.47,50.22,21.52,17.70,18.20,40.00,28.17,24.38,346.00,4.00,3.00,10.00,46.05,36.91,718.00,6.00,7.00,14.00,20.53,15.62,358.00,8.00,9.00,12.00,56.64,44.91,790.00,4.00,4.00,14.00,7.36,6.52,122.00,6.00,8.00,5.00,3,엄지 굽히기 (Thumb Flex)
-18.19,-17.19,-34.69,-54.12,3.31,45.87,249.38,103.18,119.92,90.67,42.02,60.74,21.00,149.42,357.71,180.64,81.32,132.10,142.10,188.02,27.00,89.79,171.45,26.53,69.46,38.39,80.17,105.96,57.00,84.64,513.49,60.08,183.31,155.81,36.86,169.51,176.00,44.32,24.67,9.99,52.92,18.70,9.68,20.36,31.00,28.40,24.81,346.00,4.00,4.00,10.00,45.32,36.13,718.00,6.00,8.00,14.00,22.32,17.44,382.00,8.00,10.00,13.00,54.34,43.27,760.00,4.00,5.00,14.00,7.29,6.44,111.00,6.00,7.00,4.00,3,엄지 굽히기 (Thumb Flex)
-45.88,-55.31,-1.31,-3.81,3.88,66.07,261.42,124.05,127.48,75.36,42.35,59.26,0.00,128.66,372.70,209.30,94.30,129.06,145.35,191.68,3.00,80.68,167.80,34.14,60.37,39.42,80.40,114.19,67.00,91.99,510.53,49.41,181.89,145.09,29.11,179.76,187.00,36.75,21.59,18.32,44.72,26.98,1.44,22.84,22.00,30.02,26.12,361.00,4.00,4.00,10.00,46.99,37.30,738.00,6.00,9.00,14.00,22.15,16.81,406.00,8.00,10.00,13.00,54.22,42.66,800.00,4.00,6.00,14.00,6.64,5.88,102.00,6.00,6.00,4.00,3,엄지 굽히기 (Thumb Flex)
33.31,76.25,6.81,57.12,12.31,15.92,282.78,110.73,66.85,25.29,67.01,82.82,77.00,209.34,401.34,169.52,53.76,59.99,223.47,194.79,90.00,50.77,182.61,40.44,54.08,66.14,60.63,100.40,37.00,153.95,545.92,52.17,117.39,190.70,93.94,114.81,122.00,45.54,29.35,14.52,41.48,33.63,9.61,25.23,13.00,29.57,25.48,360.00,4.00,5.00,10.00,50.93,43.44,788.00,6.00,10.00,14.00,21.52,15.79,369.00,8.00,9.00,13.00,56.18,46.25,744.00,4.00,5.00,14.00,7.29,6.44,108.00,6.00,5.00,4.00,3,엄지 굽히기 (Thumb Flex)
33.81,35.00,29.44,40.00,-4.94,8.80,275.34,102.95,60.44,33.21,69.08,86.40,85.00,165.60,360.25,137.10,12.73,18.00,264.19,194.01,134.00,45.07,188.50,37.50,60.07,62.22,66.47,100.32,43.00,77.88,469.07,33.42,130.60,185.75,160.25,55.51,44.00,33.85,18.48,7.73,53.15,32.76,20.51,28.51,1.00,28.92,25.04,352.00,4.00,4.00,10.00,47.84,40.00,821.00,6.00,10.00,14.00,21.98,16.12,370.00,8.00,9.00,13.00,49.09,41.38,699.00,4.00,6.00,14.00,7.22,6.30,123.00,7.00,5.00,5.00,3,엄지 굽히기 (Thumb Flex)
42.31,79.69,-3.25,61.31,15.31,2.32,268.00,98.39,55.76,30.08,73.03,85.87,77.00,156.12,350.13,126.75,21.93,19.43,259.80,197.51,123.00,48.91,184.38,42.49,60.53,64.77,70.74,98.58,48.00,86.53,478.18,25.46,140.46,176.40,164.62,55.62,33.00,43.96,24.20,19.43,56.86,22.99,28.29,31.96,11.00,28.12,24.60,320.00,4.00,4.00,9.00,46.60,39.14,821.00,6.00,11.00,14.00,22.00,16.25,398.00,8.00,9.00,14.00,49.87,42.06,721.00,4.00,7.00,15.00,8.17,7.15,135.00,8.00,5.00,6.00,3,엄지 굽히기 (Thumb Flex)
-32.81,-60.19,11.75,-48.12,-10.19,44.71,255.03,130.19,97.72,29.34,29.88,81.36,123.00,128.23,326.15,167.80,124.62,128.13,240.26,146.79,237.00,43.31,187.82,39.98,44.72,80.57,76.38,88.82,64.00,94.71,468.96,95.21,134.74,108.25,162.43,140.48,72.00,34.21,34.98,21.93,36.24,9.86,38.81,41.56,35.00,29.25,26.19,345.00,4.00,4.00,9.00,47.62,37.76,854.00,6.00,11.00,14.00,22.19,16.72,409.00,8.00,9.00,15.00,49.73,41.88,732.00,4.00,8.00,15.00,7.97,6.73,142.00,8.00,6.00,6.00,3,엄지 굽히기 (Thumb Flex)
9.88,-22.69,-18.00,-57.50,-0.56,22.60,230.04,87.74,95.80,52.37,24.76,87.37,176.00,111.96,300.57,130.48,136.85,151.52,215.77,131.32,277.00,43.87,198.63,22.33,45.61,87.71,72.51,73.07,84.00,103.60,476.24,97.28,144.20,101.31,167.27,130.49,62.00,33.06,28.98,16.32,32.76,15.85,39.12,43.74,41.00,27.50,24.11,369.00,5.00,5.00,9.00,45.39,36.20,834.00,6.00,11.00,14.00,22.67,17.88,405.00,8.00,9.00,15.00,50.39,42.50,722.00,4.00,7.00,15.00,7.81,6.45,150.00,8.00,7.00,7.00,3,엄지 굽히기 (Thumb Flex)
-14.56,17.00,-28.31,-11.25,6.44,28.67,223.59,90.77,102.61,54.01,18.98,87.42,169.00,100.58,279.79,132.72,156.00,161.62,236.40,145.04,256.00,44.82,193.71,26.81,50.45,84.56,68.85,68.40,89.00,43.85,416.29,149.49,172.61,48.99,225.85,80.11,2.00,29.07,21.41,23.17,20.81,17.01,50.51,45.91,25.00,27.21,23.62,386.00,6.00,6.00,10.00,45.60,37.50,805.00,7.00,10.00,14.00,22.24,17.56,375.00,7.00,8.00,15.00,47.37,38.78,732.00,4.00,8.00,15.00,7.67,6.51,154.00,9.00,7.00,7.00,3,엄지 굽히기 (Thumb Flex)
-28.62,-36.50,-7.38,7.19,8.50,13.73,237.59,75.85,106.98,68.95,23.15,94.78,154.00,74.28,248.68,172.06,145.38,122.35,204.76,109.52,296.00,37.85,206.18,31.04,49.09,70.20,53.85,53.40,104.00,11.05,389.75,181.12,206.66,51.39,193.35,103.94,43.00,27.27,32.36,37.46,34.18,3.49,35.68,37.96,40.00,27.95,24.67,401.00,6.00,6.00,11.00,42.46,35.62,796.00,8.00,11.00,14.00,22.26,17.55,370.00,6.00,8.00,15.00,46.71,37.44,733.00,5.00,8.00,15.00,7.85,6.75,142.00,8.00,6.00,6.00,3,엄지 굽히기 (Thumb Flex)
16.38,84.75,-3.31,47.12,2.88,45.41,226.16,90.20,77.90,88.09,54.95,122.61,122.00,66.33,265.42,246.48,41.18,176.50,238.01,216.80,188.00,48.94,203.47,16.30,34.13,70.75,44.73,40.12,119.00,68.67,402.79,178.51,182.44,105.80,208.10,98.88,22.00,29.29,26.51,37.03,32.56,8.58,32.63,33.96,46.00,28.04,24.47,424.00,6.00,7.00,11.00,47.58,41.16,871.00,8.00,11.00,14.00,21.82,16.73,350.00,5.00,8.00,14.00,48.14,39.27,756.00,4.00,8.00,15.00,7.57,6.38,131.00,7.00,7.00,5.00,3,엄지 굽히기 (Thumb Flex)
45.88,29.75,33.88,75.31,0.31,83.07,247.37,77.36,103.48,109.48,36.01,82.70,162.00,66.33,265.42,246.48,41.18,176.50,238.01,216.80,188.00,77.43,222.01,31.34,46.69,43.25,46.66,61.58,90.00,144.66,471.69,118.92,108.63,75.89,248.48,81.00,55.00,23.42,32.02,28.88,23.77,16.02,36.56,26.47,55.00,30.37,26.61,440.00,6.00,7.00,11.00,47.58,41.16,863.00,7.00,11.00,14.00,23.44,18.77,342.00,6.00,7.00,14.00,51.91,43.90,767.00,4.00,8.00,15.00,7.28,5.85,131.00,7.00,6.00,5.00,3,엄지 굽히기 (Thumb Flex)
29.38,25.81,23.75,30.62,-6.94,89.60,255.27,69.77,108.90,101.96,31.16,90.35,154.00,93.37,325.12,184.41,101.00,113.56,186.75,267.97,125.00,48.86,192.04,19.23,32.25,29.89,44.57,82.64,60.00,154.38,482.00,108.49,113.15,65.66,237.53,83.60,44.00,20.25,32.23,25.89,23.09,16.59,32.67,30.33,51.00,30.79,27.05,456.00,6.00,8.00,12.00,47.27,40.94,800.00,6.00,10.00,13.00,20.19,16.66,318.00,6.00,8.00,14.00,52.25,44.67,756.00,4.00,8.00,15.00,6.97,5.57,127.00,7.00,5.00,4.00,3,엄지 굽히기 (Thumb Flex)
-8.62,-61.38,7.44,-45.38,-8.38,76.60,230.27,94.19,133.70,105.89,7.39,117.03,122.00,103.83,292.84,248.60,150.23,111.60,94.24,331.25,32.00,41.82,184.05,30.16,43.19,20.45,50.91,77.71,71.00,120.44,443.79,172.28,57.71,92.90,160.47,192.61,84.00,28.93,38.48,24.02,14.14,25.55,25.37,39.26,42.00,30.37,26.38,480.00,7.00,8.00,12.00,49.41,42.80,850.00,6.00,10.00,13.00,19.76,15.88,324.00,6.00,8.00,14.00,49.96,42.75,763.00,5.00,8.00,15.00,7.30,6.12,126.00,6.00,5.00,4.00,3,엄지 굽히기 (Thumb Flex)
-7.62,-30.12,-25.38,-79.69,2.31,80.69,229.72,92.48,143.40,90.02,20.87,107.78,138.00,120.96,304.20,244.02,164.10,91.61,107.41,322.79,52.00,48.76,187.11,55.80,58.05,53.76,16.26,85.53,36.00,188.65,501.99,170.52,144.54,59.93,147.82,101.85,7.00,24.01,33.49,28.75,15.65,28.19,25.54,43.71,37.00,30.37,26.38,472.00,7.00,8.00,12.00,49.93,43.89,880.00,6.00,11.00,14.00,20.73,16.59,329.00,6.00,7.00,14.00,54.01,47.19,712.00,4.00,7.00,15.00,7.29,6.10,133.00,7.00,6.00,5.00,3,엄지 굽히기 (Thumb Flex)
-68.06,-19.50,-41.94,-51.56,-2.94,140.92,286.06,36.07,99.16,141.74,55.34,139.72,65.00,130.91,314.09,234.23,157.38,95.73,107.81,323.10,42.00,68.94,206.46,58.05,43.83,54.00,37.91,87.71,59.00,159.06,471.99,195.36,153.01,89.84,132.61,76.75,37.00,20.82,31.05,31.46,12.21,30.45,22.49,41.15,41.00,35.09,30.32,499.00,6.00,7.00,12.00,50.12,44.44,870.00,6.00,10.00,14.00,22.79,18.07,332.00,4.00,6.00,14.00,51.68,45.38,672.00,4.00,7.00,15.00,7.13,5.82,136.00,8.00,7.00,5.00,3,엄지 굽히기 (Thumb Flex)
-4.94,-38.88,37.31,8.12,-12.44,110.95,256.61,66.07,127.49,139.32,81.75,151.68,35.00,140.51,322.19,228.71,149.97,102.49,100.36,326.63,52.00,24.96,164.11,96.13,85.38,97.67,71.84,118.80,103.00,138.60,457.07,212.72,172.68,82.83,152.52,88.73,16.00,25.49,30.66,35.26,18.03,38.23,14.50,39.82,49.00,34.06,28.68,549.00,6.00,7.00,12.00,50.54,44.98,880.00,6.00,10.00,14.00,24.72,20.27,385.00,7.00,6.00,14.00,51.64,45.25,693.00,5.00,6.00,15.00,7.71,6.38,139.00,7.00,7.00,6.00,3,엄지 굽히기 (Thumb Flex)
1.62,-56.38,-3.81,-34.12,0.69,89.61,244.71,78.01,122.80,160.61,76.11,150.90,58.00,173.70,331.21,253.79,179.81,67.16,140.35,300.25,12.00,13.28,151.59,122.60,84.17,87.17,69.02,86.29,69.00,123.09,457.72,210.12,167.15,67.50,135.13,84.69,36.00,26.27,29.40,37.22,17.00,37.92,15.92,39.23,47.00,33.67,27.62,528.00,7.00,6.00,11.00,52.37,47.17,860.00,6.00,9.00,14.00,22.96,18.41,390.00,8.00,7.00,14.00,50.57,44.00,683.00,6.00,7.00,15.00,7.69,6.27,152.00,8.00,8.00,7.00,3,엄지 굽히기 (Thumb Flex)
-9.12,10.19,-22.56,-3.12,5.50,67.74,260.39,68.76,79.25,134.39,59.21,138.24,14.00,142.17,370.45,188.61,147.96,107.88,196.47,240.66,59.00,8.07,142.89,127.96,103.95,104.96,86.06,66.31,49.00,123.09,457.72,210.12,167.15,67.50,135.13,84.69,36.00,26.31,32.38,36.74,19.70,40.54,16.36,37.44,44.00,31.15,25.02,452.00,5.00,7.00,10.00,50.37,44.56,794.00,6.00,9.00,14.00,23.66,19.51,400.00,7.00,7.00,14.00,50.57,44.00,649.00,5.00,7.00,15.00,7.79,6.44,148.00,8.00,7.00,7.00,3,엄지 굽히기 (Thumb Flex)
-34.75,-33.50,-20.69,-46.88,1.19,90.50,195.82,134.64,96.02,185.96,46.51,118.94,56.00,170.42,254.63,213.42,46.04,217.18,251.98,130.97,176.00,35.81,115.81,157.94,112.00,85.45,58.06,94.26,79.00,173.48,341.96,298.50,181.14,134.36,123.51,89.57,80.00,23.56,24.67,27.68,26.17,49.52,14.19,28.82,33.00,31.42,24.84,482.00,7.00,7.00,11.00,47.17,41.44,801.00,7.00,9.00,14.00,24.18,19.98,377.00,7.00,6.00,13.00,49.49,43.12,678.00,7.00,7.00,15.00,7.20,5.84,135.00,7.00,7.00,6.00,3,엄지 굽히기 (Thumb Flex)
-36.94,-10.19,-26.75,-3.50,5.44,137.13,125.28,190.66,56.01,128.28,97.82,164.78,21.00,188.60,213.50,184.54,30.02,216.20,261.20,183.80,123.00,95.21,58.20,192.86,59.46,72.23,98.69,61.52,16.00,200.36,309.38,293.97,134.62,151.34,153.34,86.44,26.00,30.52,25.68,38.76,19.92,49.10,12.27,18.29,21.00,31.55,24.08,481.00,7.00,6.00,11.00,46.13,38.98,777.00,7.00,9.00,14.00,23.73,19.62,354.00,5.00,5.00,13.00,47.98,40.19,696.00,7.00,7.00,15.00,7.18,5.67,119.00,6.00,7.00,5.00,3,엄지 굽히기 (Thumb Flex)
40.56,24.94,51.06,51.88,-1.50,141.19,123.44,189.14,48.01,124.55,90.21,157.25,13.00,205.53,221.69,118.77,93.21,154.07,206.11,123.07,189.00,60.20,84.18,219.78,103.08,41.75,119.60,88.98,35.00,206.90,314.61,273.84,123.00,129.47,131.37,75.22,48.00,16.12,36.59,41.33,6.32,34.92,15.90,4.53,4.00,30.84,23.70,480.00,7.00,6.00,11.00,40.83,33.83,661.00,7.00,8.00,14.00,27.13,22.81,419.00,6.00,5.00,13.00,46.16,38.64,634.00,7.00,7.00,15.00,6.15,5.06,100.00,6.00,7.00,4.00,3,엄지 굽히기 (Thumb Flex)
36.19,61.12,10.44,56.31,2.56,146.98,102.94,257.88,84.05,54.87,86.36,87.35,57.00,237.77,128.20,195.35,167.52,107.89,83.33,106.77,314.00,61.02,84.16,214.00,105.55,35.87,118.81,94.65,41.00,235.71,228.87,358.07,57.14,143.03,88.23,72.69,153.00,30.48,21.74,26.34,21.10,22.60,22.12,13.18,11.00,31.31,24.66,434.00,6.00,5.00,10.00,41.31,35.61,665.00,7.00,8.00,14.00,26.95,22.44,429.00,5.00,6.00,13.00,47.16,39.94,635.00,7.00,6.00,15.00,5.43,4.33,95.00,7.00,8.00,3.00,3,엄지 굽히기 (Thumb Flex)
42.19,97.06,8.88,69.75,-2.44,169.74,83.95,276.08,70.83,69.96,58.78,116.84,25.00,349.26,28.65,208.16,261.61,37.32,183.45,85.30,185.00,70.52,68.09,218.41,83.76,29.74,100.56,119.60,66.00,353.08,92.26,363.29,80.10,17.77,89.93,129.12,16.00,30.48,21.74,26.34,21.10,22.60,22.12,13.18,11.00,33.00,26.91,418.00,5.00,5.00,9.00,47.93,40.69,668.00,6.00,7.00,14.00,26.78,22.27,419.00,5.00,5.00,12.00,48.15,40.88,607.00,5.00,6.00,15.00,5.43,4.33,92.00,7.00,9.00,3.00,3,엄지 굽히기 (Thumb Flex)
-6.31,-103.44,33.88,-64.12,-17.88,177.36,76.33,272.16,63.06,73.94,66.72,111.03,33.00,229.36,139.14,303.55,341.23,109.00,253.13,161.21,65.00,128.18,15.10,170.74,130.38,35.85,164.51,67.91,2.00,303.12,129.29,405.00,92.28,64.80,107.16,178.68,34.00,16.61,30.04,20.90,46.04,2.40,43.70,22.12,14.00,32.85,26.48,451.00,6.00,5.00,9.00,54.82,46.12,825.00,6.00,7.00,14.00,27.35,23.00,428.00,5.00,5.00,12.00,50.72,44.00,723.00,5.00,7.00,15.00,6.98,5.39,106.00,7.00,8.00,4.00,3,엄지 굽히기 (Thumb Flex)
-0.25,-25.06,-14.81,-31.56,-2.06,208.26,50.44,241.36,77.01,43.75,53.25,126.25,2.00,238.80,131.14,295.70,334.84,110.25,253.77,167.33,55.00,123.19,19.38,175.48,127.77,37.13,168.19,66.57,3.00,264.94,142.83,438.82,129.45,55.06,122.21,139.72,7.00,24.43,32.65,14.47,47.30,12.47,32.31,9.52,1.00,31.97,24.81,412.00,3.00,6.00,8.00,54.48,45.57,776.00,5.00,7.00,14.00,27.50,23.31,472.00,6.00,6.00,13.00,51.34,45.38,709.00,5.00,8.00,15.00,6.49,4.94,115.00,7.00,9.00,5.00,3,엄지 굽히기 (Thumb Flex)
-6.75,-8.31,-18.88,-7.50,10.56,187.15,56.95,248.90,59.82,47.89,69.46,133.81,22.00,173.14,179.65,284.77,260.05,60.65,201.69,223.60,53.00,109.98,33.96,177.19,140.89,49.42,168.10,65.90,12.00,224.16,137.72,431.86,122.48,19.36,61.30,192.36,58.00,18.77,35.34,20.35,53.15,16.53,31.71,3.52,5.00,31.75,24.09,388.00,7.00,6.00,7.00,48.95,39.02,731.00,5.00,7.00,14.00,27.90,24.25,438.00,5.00,5.00,12.00,49.49,42.19,696.00,7.00,7.00,15.00,6.93,5.31,126.00,8.00,9.00,6.00,3,엄지 굽히기 (Thumb Flex)
-31.38,-5.00,-15.50,-10.75,-2.12,151.30,88.00,195.62,138.05,38.18,18.01,158.04,64.00,179.48,186.02,238.99,219.24,107.94,249.40,209.88,0.00,88.29,78.53,134.14,172.59,33.86,133.59,97.58,42.00,231.04,114.60,332.97,23.02,118.59,167.83,152.45,50.00,23.77,30.51,18.19,52.35,15.83,35.40,2.29,10.00,30.20,21.97,402.00,7.00,6.00,7.00,47.59,35.50,731.00,5.00,7.00,14.00,26.68,22.81,426.00,5.00,5.00,11.00,43.72,35.94,662.00,7.00,8.00,15.00,6.92,5.27,132.00,8.00,10.00,7.00,3,엄지 굽히기 (Thumb Flex)
23.62,-1.69,26.50,32.62,-2.25,155.42,91.29,179.73,143.17,34.57,7.39,145.28,48.00,216.11,166.09,197.40,258.82,82.43,201.22,203.30,53.00,88.29,78.53,134.14,172.59,33.86,133.59,97.58,42.00,245.69,104.84,316.51,13.34,109.01,154.83,146.83,28.00,21.94,32.28,16.74,50.36,14.02,37.39,4.25,12.00,29.15,20.72,416.00,7.00,7.00,7.00,45.95,31.16,638.00,4.00,6.00,13.00,26.68,22.81,451.00,6.00,5.00,11.00,42.35,34.38,620.00,9.00,9.00,15.00,6.86,5.16,130.00,8.00,9.00,7.00,3,엄지 굽히기 (Thumb Flex)
60.56,76.44,15.12,49.38,4.06,123.76,134.76,206.78,204.97,97.79,70.13,84.99,17.00,104.51,281.56,193.77,207.48,198.65,203.02,194.42,179.00,84.85,80.85,134.12,176.78,32.44,138.75,91.60,36.00,172.21,184.79,297.84,71.06,179.68,190.88,122.92,56.00,16.54,37.18,7.71,50.25,23.47,31.49,6.95,1.00,33.08,25.24,457.00,7.00,7.00,8.00,48.84,36.77,694.00,5.00,6.00,13.00,26.86,23.23,427.00,5.00,6.00,11.00,43.57,36.45,602.00,7.00,8.00,15.00,6.75,5.06,126.00,8.00,8.00,6.00,3,엄지 굽히기 (Thumb Flex)
25.56,39.50,28.50,51.94,-8.12,106.47,166.49,190.54,215.47,86.15,50.28,116.84,15.00,48.95,338.81,150.79,269.90,168.81,149.02,212.46,116.00,49.13,136.75,84.28,141.82,34.57,135.85,145.38,94.00,50.15,307.94,173.83,155.19,122.48,59.70,212.44,79.00,19.43,41.59,11.12,37.34,26.73,38.08,19.81,12.00,33.72,26.69,425.00,7.00,7.00,8.00,49.63,39.25,717.00,5.00,6.00,13.00,27.03,23.62,426.00,5.00,6.00,11.00,41.31,35.82,583.00,5.00,8.00,15.00,6.99,5.27,134.00,8.00,9.00,7.00,3,엄지 굽히기 (Thumb Flex)
4.50,-60.38,18.12,4.12,-2.00,70.99,225.79,109.87,144.62,49.38,79.49,46.75,66.00,97.47,322.86,199.93,268.60,208.80,99.79,251.59,66.00,56.39,199.05,39.56,86.68,81.51,88.85,101.88,24.00,27.42,339.68,130.04,138.36,68.99,118.81,152.79,18.00,19.88,43.52,10.82,37.66,28.03,36.09,18.06,10.00,28.25,23.06,376.00,3.00,7.00,8.00,51.91,41.59,800.00,6.00,6.00,13.00,24.54,21.52,350.00,4.00,6.00,10.00,38.99,33.00,566.00,4.00,8.00,15.00,7.01,5.38,130.00,5.00,9.00,6.00,3,엄지 굽히기 (Thumb Flex)
-19.00,-11.62,-20.50,-62.44,-10.00,74.26,224.59,112.30,149.46,42.97,81.06,44.94,74.00,78.08,313.17,196.31,248.65,225.49,90.58,271.17,46.00,60.66,184.85,27.36,56.52,126.65,41.00,113.85,30.00,69.97,357.89,112.36,209.24,34.24,169.77,83.13,53.00,19.88,43.52,10.82,37.66,28.03,36.09,18.06,10.00,28.52,23.50,392.00,4.00,6.00,9.00,51.40,40.66,830.00,6.00,6.00,13.00,23.87,21.12,353.00,4.00,6.00,10.00,42.18,36.37,596.00,4.00,7.00,15.00,7.01,5.38,125.00,4.00,10.00,5.00,3,엄지 굽히기 (Thumb Flex)
-3.00,-32.88,-14.88,-60.56,0.19,74.26,224.59,112.30,149.46,42.97,81.06,44.94,74.00,63.63,294.17,213.85,250.89,229.65,84.77,251.57,66.00,69.00,191.13,25.33,46.84,127.62,50.99,106.50,20.00,99.97,385.37,86.17,209.95,5.12,167.19,108.44,23.00,18.61,44.42,9.11,37.22,28.34,35.90,17.54,7.00,28.52,23.50,400.00,4.00,7.00,10.00,50.36,39.72,779.00,5.00,6.00,13.00,24.13,21.75,338.00,4.00,7.00,9.00,44.20,38.06,565.00,5.00,6.00,14.00,6.97,5.21,130.00,6.00,10.00,6.00,3,엄지 굽히기 (Thumb Flex)
-45.69,-39.06,-20.19,-38.00,0.69,110.04,261.31,80.45,129.71,59.18,46.06,73.38,111.00,100.74,349.93,171.76,190.82,290.18,48.80,204.23,127.00,64.06,186.15,30.03,45.71,132.46,54.49,101.88,15.00,138.72,423.60,56.85,169.19,45.46,141.10,88.19,64.00,14.33,41.60,15.52,29.27,35.41,30.91,16.97,15.00,30.73,25.52,415.00,4.00,8.00,10.00,51.15,39.84,738.00,4.00,5.00,13.00,23.84,21.44,343.00,4.00,8.00,9.00,45.27,40.25,534.00,4.00,5.00,14.00,6.64,4.77,125.00,6.00,9.00,6.00,3,엄지 굽히기 (Thumb Flex)
-38.69,-57.19,-1.75,-19.88,3.69,110.04,261.31,80.45,129.71,59.18,46.06,73.38,111.00,118.83,362.79,188.91,198.98,276.95,75.46,217.84,97.00,40.12,167.76,50.06,21.54,119.24,59.41,126.88,40.00,116.77,411.90,46.70,175.28,62.16,111.89,95.08,94.00,14.33,41.60,15.52,29.27,35.41,30.91,16.97,15.00,30.73,25.52,415.00,4.00,8.00,10.00,52.71,41.01,738.00,4.00,5.00,13.00,22.94,19.88,353.00,4.00,8.00,9.00,43.84,38.61,514.00,4.00,5.00,14.00,6.64,4.77,123.00,6.00,8.00,6.00,3,엄지 굽히기 (Thumb Flex)
26.50,32.19,33.56,30.44,-10.06,61.76,263.88,11.82,118.87,96.03,105.32,20.81,34.00,111.23,377.52,149.03,160.15,307.66,115.20,227.55,55.00,53.77,184.28,86.80,85.38,90.66,29.36,63.94,35.00,109.96,431.17,15.56,134.63,87.44,150.59,71.62,51.00,9.36,22.97,21.10,49.16,34.09,17.84,17.11,35.00,29.19,24.62,408.00,4.00,8.00,10.00,53.32,43.39,799.00,4.00,6.00,13.00,22.61,19.74,312.00,6.00,7.00,9.00,44.47,40.06,513.00,4.00,5.00,14.00,6.77,4.94,130.00,7.00,8.00,7.00,3,엄지 굽히기 (Thumb Flex)
49.94,52.12,22.69,31.12,-5.56,69.81,284.79,13.50,143.54,75.27,98.83,19.64,59.00,127.60,408.41,151.62,176.71,278.73,102.83,232.15,88.00,36.07,167.55,92.40,83.02,74.13,33.68,60.44,53.00,105.90,420.60,26.22,139.09,97.44,155.23,64.76,40.00,14.77,22.16,19.60,49.16,40.87,16.09,17.08,27.00,31.17,26.19,433.00,4.00,8.00,11.00,54.72,45.97,777.00,4.00,6.00,13.00,21.01,18.48,283.00,5.00,8.00,9.00,43.90,39.38,502.00,4.00,5.00,13.00,6.90,5.35,129.00,7.00,8.00,7.00,3,엄지 굽히기 (Thumb Flex)
9.94,-25.94,-0.31,-7.81,7.44,58.18,269.24,18.26,146.74,81.25,109.18,28.09,75.00,67.42,325.01,61.72,112.70,306.48,172.48,296.56,183.00,36.07,167.55,92.40,83.02,74.13,33.68,60.44,53.00,79.57,364.98,82.40,85.56,117.75,186.11,124.52,105.00,14.77,22.16,19.60,49.16,40.87,16.09,17.08,27.00,30.60,25.19,466.00,4.00,8.00,12.00,52.67,41.79,817.00,5.00,6.00,13.00,21.01,18.48,306.00,6.00,8.00,10.00,41.76,36.29,523.00,5.00,4.00,13.00,6.90,5.35,137.00,8.00,8.00,8.00,3,엄지 굽히기 (Thumb Flex)
-39.19,-26.62,-23.75,-68.00,-5.06,36.23,238.56,95.20,223.09,7.37,31.27,71.03,3.00,123.71,326.65,106.85,254.95,157.94,46.48,161.02,34.00,19.97,159.57,104.18,87.28,85.63,17.11,79.39,78.00,141.30,368.01,186.11,113.21,47.99,36.50,35.82,52.00,18.03,30.14,14.98,49.16,39.43,8.10,24.25,19.00,31.02,25.21,472.00,4.00,7.00,12.00,44.37,34.00,619.00,6.00,5.00,13.00,21.88,20.00,302.00,5.00,7.00,10.00,40.42,34.25,456.00,6.00,3.00,13.00,7.00,5.67,133.00,8.00,8.00,8.00,3,엄지 굽히기 (Thumb Flex)
-30.75,-39.69,-20.38,-38.62,15.00,49.86,250.93,104.78,220.45,18.68,51.06,48.04,20.00,98.84,285.85,81.64,250.00,151.70,79.22,113.40,15.00,59.62,192.75,87.28,39.62,34.98,69.31,28.80,24.00,135.50,359.52,187.00,108.24,56.23,26.53,45.82,62.00,31.92,25.00,23.25,18.44,13.71,25.67,55.25,12.00,31.93,26.53,471.00,7.00,7.00,12.00,39.81,30.94,550.00,6.00,5.00,13.00,21.11,19.17,253.00,4.00,7.00,9.00,39.74,33.62,456.00,6.00,4.00,13.00,7.12,5.62,140.00,9.00,9.00,8.00,3,엄지 굽히기 (Thumb Flex)
-55.06,-37.81,-6.00,-28.00,-4.75,92.14,309.17,83.73,161.61,60.01,62.07,104.60,39.00,101.46,315.53,61.56,220.00,180.08,108.74,83.64,45.00,49.63,182.75,96.70,47.01,37.99,77.45,19.14,14.00,137.80,369.29,177.41,99.48,55.55,21.61,55.17,72.00,28.00,21.26,23.94,18.00,9.74,29.12,58.96,16.00,34.95,30.19,491.00,6.00,8.00,13.00,40.92,32.81,540.00,5.00,5.00,12.00,20.79,18.62,263.00,4.00,7.00,10.00,40.11,34.25,446.00,5.00,3.00,13.00,7.22,5.84,147.00,9.00,9.00,8.00,3,엄지 굽히기 (Thumb Flex)
-11.56,31.25,-35.06,-7.38,4.75,97.30,315.62,76.25,162.50,55.15,54.11,98.03,31.00,110.61,297.87,92.26,222.32,201.34,129.50,59.22,76.00,63.44,193.73,87.60,57.49,52.98,81.82,4.30,1.00,136.92,374.79,171.25,94.85,64.83,19.34,48.12,62.00,20.18,14.20,31.88,10.00,14.02,27.90,53.48,8.00,35.06,30.69,504.00,6.00,8.00,13.00,41.70,34.75,611.00,6.00,5.00,13.00,22.02,19.45,293.00,4.00,8.00,11.00,40.15,34.55,456.00,4.00,2.00,13.00,6.61,5.28,143.00,9.00,10.00,7.00,3,엄지 굽히기 (Thumb Flex)
32.06,91.19,19.31,137.00,11.94,99.16,312.22,134.74,93.62,110.36,44.51,85.81,39.00,193.58,332.89,151.14,127.09,252.74,158.56,130.52,21.00,43.26,195.65,72.99,44.28,78.44,76.02,38.84,43.00,246.20,431.49,161.28,78.89,203.59,141.26,146.22,92.00,31.57,20.88,28.14,16.40,15.55,38.13,51.04,5.00,34.97,30.32,498.00,6.00,8.00,13.00,47.89,42.27,677.00,5.00,5.00,14.00,21.97,19.56,308.00,4.00,8.00,11.00,53.48,44.12,568.00,4.00,2.00,13.00,7.29,6.06,151.00,9.00,10.00,7.00,3,엄지 굽히기 (Thumb Flex)
46.06,74.81,19.31,76.56,-1.06,123.80,336.90,137.71,105.82,89.57,13.05,72.23,7.00,279.58,416.29,155.55,134.33,173.99,75.19,96.34,65.00,43.26,195.65,72.99,44.28,78.44,76.02,38.84,43.00,300.80,485.14,129.92,69.63,202.45,114.58,91.47,37.00,31.57,20.88,28.14,16.40,15.55,38.13,51.04,5.00,36.70,32.31,473.00,4.00,7.00,13.00,51.62,47.59,602.00,4.00,5.00,14.00,21.97,19.56,297.00,4.00,7.00,10.00,56.65,47.99,603.00,4.00,3.00,13.00,7.29,6.06,157.00,9.00,10.00,8.00,3,엄지 굽히기 (Thumb Flex)
62.56,54.19,29.88,33.25,-4.38,131.64,344.84,131.20,112.77,85.31,20.56,77.26,15.00,259.37,397.90,172.63,114.53,177.77,55.86,106.32,87.00,60.40,218.41,60.98,47.54,55.60,53.32,58.21,66.00,290.26,475.95,140.91,80.41,213.05,120.05,82.06,26.00,29.18,29.40,21.05,26.00,26.39,33.70,44.55,6.00,37.49,32.81,457.00,4.00,7.00,13.00,49.87,46.04,591.00,4.00,5.00,14.00,23.19,21.00,292.00,4.00,6.00,10.00,56.18,47.22,636.00,4.00,2.00,13.00,7.22,5.92,148.00,8.00,9.00,7.00,3,엄지 굽히기 (Thumb Flex)
-8.44,-34.62,-7.06,-52.56,-8.25,100.42,326.14,159.48,131.14,53.74,45.69,106.91,47.00,211.29,390.82,247.62,170.21,96.70,108.89,61.29,4.00,28.80,200.22,44.38,79.08,47.99,31.89,83.84,99.00,214.16,467.30,210.06,152.12,169.50,26.86,174.96,141.00,29.94,31.35,22.34,25.30,25.95,32.76,46.17,4.00,37.14,31.87,514.00,5.00,8.00,13.00,49.42,44.53,582.00,4.00,4.00,14.00,22.43,19.82,325.00,5.00,7.00,11.00,56.01,45.70,685.00,5.00,2.00,13.00,7.34,6.03,146.00,8.00,8.00,7.00,3,엄지 굽히기 (Thumb Flex)
-21.50,-81.81,4.00,-48.12,1.62,77.98,333.70,161.08,155.87,66.82,44.65,76.02,16.00,211.17,412.22,250.12,188.86,117.26,105.27,78.53,33.00,11.83,205.40,27.75,84.58,32.13,29.26,75.06,82.00,215.78,522.01,201.60,130.25,111.50,93.03,134.80,70.00,28.52,30.32,20.47,27.20,27.64,30.87,48.12,2.00,37.51,32.56,505.00,6.00,7.00,13.00,51.86,45.89,581.00,4.00,3.00,14.00,21.85,18.62,293.00,5.00,7.00,11.00,57.17,46.41,614.00,4.00,2.00,12.00,7.36,6.12,148.00,9.00,8.00,8.00,3,엄지 굽히기 (Thumb Flex)
-41.69,-2.81,-38.81,-38.75,3.81,75.07,359.51,137.04,141.95,85.01,22.85,102.53,45.00,211.17,412.22,250.12,188.86,117.26,105.27,78.53,33.00,8.52,222.76,22.04,67.74,48.04,43.54,78.45,101.00,210.45,512.10,210.67,140.23,102.36,101.46,135.13,60.00,17.44,36.04,24.05,26.48,18.88,42.98,35.40,15.00,38.84,34.15,511.00,5.00,6.00,13.00,51.86,45.89,640.00,4.00,4.00,14.00,23.42,19.69,332.00,6.00,7.00,12.00,56.69,45.94,624.00,4.00,2.00,13.00,7.10,5.79,141.00,8.00,8.00,7.00,3,엄지 굽히기 (Thumb Flex)
-18.25,5.31,-19.50,17.81,19.56,88.16,381.34,117.74,121.24,64.78,45.37,87.09,22.00,189.67,393.17,274.74,210.64,147.15,75.28,48.53,3.00,13.52,227.40,26.85,65.30,48.63,38.68,79.07,96.00,159.08,472.90,266.98,153.52,122.02,108.83,121.40,131.00,6.63,55.87,43.91,7.81,16.94,38.27,52.85,5.00,39.11,34.81,488.00,4.00,6.00,13.00,51.55,45.15,640.00,5.00,4.00,14.00,23.65,20.00,346.00,6.00,7.00,13.00,55.47,45.23,665.00,5.00,2.00,13.00,8.71,6.99,158.00,9.00,8.00,8.00,3,엄지 굽히기 (Thumb Flex)
9.44,53.44,-10.12,14.62,2.38,47.03,360.20,117.40,107.07,90.80,93.39,90.09,31.00,111.52,415.62,273.71,165.68,134.24,156.07,139.87,97.00,5.51,223.62,22.38,56.60,58.42,34.69,84.71,86.00,117.33,488.60,262.89,109.04,156.61,63.23,145.09,80.00,7.71,58.23,44.90,6.32,18.95,36.18,50.81,2.00,37.79,33.51,512.00,5.00,6.00,14.00,52.60,46.76,674.00,5.00,3.00,14.00,23.26,19.39,336.00,6.00,7.00,13.00,54.93,44.67,645.00,5.00,2.00,12.00,8.73,7.12,172.00,8.00,8.00,9.00,3,엄지 굽히기 (Thumb Flex)
21.56,56.62,14.88,116.75,18.31,34.96,390.75,75.67,45.18,41.47,84.32,65.92,31.00,48.93,531.69,179.87,55.44,25.66,153.79,70.96,28.00,16.38,230.57,36.34,50.00,51.45,30.39,71.36,102.00,49.60,620.84,144.10,119.00,72.43,204.64,75.48,222.00,19.78,62.83,34.64,23.09,7.40,53.17,58.63,19.00,37.01,32.81,458.00,4.00,6.00,14.00,52.31,47.00,593.00,4.00,3.00,14.00,23.57,20.38,322.00,6.00,6.00,13.00,62.52,51.50,703.00,4.00,2.00,12.00,9.91,8.19,174.00,7.00,8.00,9.00,3,엄지 굽히기 (Thumb Flex)
22.06,64.88,6.06,17.44,-4.31,33.27,382.91,83.65,45.18,46.63,91.16,63.35,39.00,68.40,571.61,137.66,93.78,69.54,114.25,65.04,16.00,18.66,197.46,27.44,19.10,81.30,24.66,38.43,137.00,47.67,610.99,154.42,111.02,82.85,212.17,74.45,233.00,27.76,59.85,24.68,25.94,4.66,46.38,57.29,9.00,36.66,32.31,433.00,4.00,5.00,13.00,54.59,49.75,582.00,4.00,2.00,14.00,21.38,18.19,321.00,6.00,7.00,13.00,62.27,50.81,803.00,4.00,3.00,13.00,9.33,7.56,192.00,8.00,9.00,10.00,3,엄지 굽히기 (Thumb Flex)
-13.38,-17.12,-15.94,7.81,7.50,88.63,324.40,127.46,28.28,34.22,28.03,122.51,34.00,74.11,551.85,155.48,91.71,112.67,54.68,81.99,80.00,65.86,155.08,75.42,36.40,56.80,58.76,86.35,89.00,58.59,604.42,157.09,127.61,70.77,213.57,85.68,211.00,42.06,44.94,26.44,12.65,21.16,48.04,53.92,28.00,33.97,29.42,432.00,5.00,5.00,13.00,53.64,47.89,584.00,4.00,3.00,14.00,20.44,17.18,323.00,7.00,7.00,13.00,61.87,49.44,771.00,3.00,3.00,13.00,9.14,7.50,192.00,10.00,9.00,10.00,3,엄지 굽히기 (Thumb Flex)
-3.88,1.31,-19.06,-78.81,-10.69,112.62,323.37,123.05,34.41,21.06,32.70,98.52,10.00,47.72,532.44,184.33,54.38,111.94,60.19,101.49,121.00,93.41,151.14,91.57,54.82,36.03,32.54,59.15,119.00,124.84,640.89,105.99,179.18,57.98,164.55,43.34,281.00,36.04,57.94,13.51,25.32,30.45,43.37,50.32,41.00,33.64,28.22,386.00,4.00,5.00,12.00,52.77,45.81,595.00,5.00,4.00,14.00,20.90,17.69,303.00,6.00,7.00,12.00,65.04,53.81,792.00,4.00,2.00,13.00,9.54,7.94,198.00,8.00,9.00,10.00,3,엄지 굽히기 (Thumb Flex)
-19.81,-59.06,-9.38,-41.31,-0.38,99.07,313.01,137.44,47.42,34.78,33.07,84.63,5.00,55.31,541.92,175.47,49.77,103.59,69.82,104.80,131.00,89.74,147.77,93.92,58.05,31.06,32.49,56.29,124.00,85.70,601.66,145.29,204.41,41.80,125.16,43.13,321.00,36.99,50.73,19.42,29.15,30.04,34.50,45.52,52.00,32.88,27.52,394.00,4.00,5.00,13.00,53.41,46.44,646.00,6.00,5.00,14.00,20.72,17.38,313.00,6.00,8.00,13.00,62.69,51.31,802.00,4.00,3.00,13.00,9.14,7.39,187.00,9.00,9.00,10.00,3,엄지 굽히기 (Thumb Flex)
-40.94,-30.94,-23.75,-41.94,2.19,108.66,327.00,129.29,43.42,45.18,28.64,75.68,19.00,27.36,515.29,174.94,78.34,79.95,96.90,108.72,161.00,94.18,157.75,84.00,51.09,29.95,40.56,55.36,134.00,77.94,593.33,147.91,211.77,51.20,133.61,43.46,311.00,39.41,50.18,24.02,21.93,22.79,25.53,40.03,61.00,33.79,28.17,388.00,4.00,4.00,13.00,51.81,44.56,676.00,6.00,6.00,15.00,21.29,18.00,313.00,5.00,8.00,13.00,62.22,50.69,792.00,4.00,3.00,12.00,8.73,6.71,169.00,7.00,8.00,9.00,3,엄지 굽히기 (Thumb Flex)
-21.19,-32.81,-17.50,-41.94,7.12,99.91,301.58,112.94,9.22,50.94,22.90,75.99,55.00,4.91,507.42,148.66,76.79,74.29,89.21,116.28,131.00,98.51,173.17,81.20,67.60,12.93,21.58,51.22,114.00,77.94,593.33,147.91,211.77,51.20,133.61,43.46,311.00,30.04,63.08,9.45,16.12,10.28,19.52,27.83,78.00,31.15,26.48,367.00,4.00,5.00,13.00,50.08,42.91,605.00,3.00,6.00,14.00,21.76,18.94,288.00,4.00,8.00,12.00,62.22,50.69,772.00,4.00,3.00,11.00,8.63,6.84,166.00,8.00,8.00,9.00,3,엄지 굽히기 (Thumb Flex)
8.31,70.06,0.62,48.38,1.00,109.84,303.56,88.99,19.31,68.19,35.31,64.58,31.00,67.36,544.75,102.83,14.87,137.52,69.67,84.50,197.00,105.08,171.81,55.03,59.08,18.05,30.54,47.86,84.00,104.64,638.23,88.87,163.62,69.00,114.50,112.92,236.00,28.71,65.05,10.58,14.14,8.93,18.12,29.53,76.00,31.01,26.40,350.00,4.00,5.00,13.00,53.21,47.55,646.00,4.00,5.00,14.00,20.57,17.38,251.00,4.00,8.00,12.00,63.21,52.05,713.00,4.00,2.00,11.00,8.63,6.88,164.00,7.00,8.00,9.00,3,엄지 굽히기 (Thumb Flex)
9.81,18.50,38.88,94.56,4.19,91.88,285.03,102.08,24.76,89.62,59.26,51.75,7.00,30.57,490.29,83.74,66.75,174.72,56.99,71.48,252.00,113.65,180.83,45.21,71.06,14.94,18.57,51.54,96.00,74.59,603.40,78.33,134.63,66.50,94.69,147.57,201.00,31.41,63.35,7.74,14.87,6.09,15.13,32.50,73.00,29.97,24.71,334.00,4.00,5.00,12.00,50.27,43.69,690.00,4.00,6.00,14.00,21.75,18.16,290.00,6.00,8.00,13.00,59.25,50.13,700.00,4.00,2.00,11.00,8.51,6.66,154.00,6.00,9.00,8.00,3,엄지 굽히기 (Thumb Flex)
34.81,31.56,26.88,41.62,-5.81,77.52,269.07,95.46,38.01,91.19,49.98,63.93,23.00,49.63,464.18,53.67,69.89,187.50,79.54,86.24,219.00,113.65,180.83,45.21,71.06,14.94,18.57,51.54,96.00,43.48,578.20,47.72,117.20,95.77,126.37,119.98,234.00,31.41,63.35,7.74,14.87,6.09,15.13,32.50,73.00,28.52,23.59,341.00,4.00,4.00,12.00,48.30,41.37,679.00,4.00,7.00,14.00,21.75,18.16,290.00,6.00,8.00,13.00,57.22,48.33,711.00,4.00,3.00,11.00,8.51,6.66,160.00,7.00,10.00,9.00,3,엄지 굽히기 (Thumb Flex)
6.88,-17.44,-7.06,-47.19,-9.81,14.63,231.94,30.63,58.82,30.63,69.66,14.63,42.00,112.74,461.81,38.31,23.09,123.88,18.15,45.07,283.00,64.75,153.96,6.06,120.04,41.42,50.76,18.22,47.00,39.67,578.75,54.90,195.50,69.39,69.80,176.87,151.00,31.41,63.35,7.74,14.87,6.09,15.13,32.50,73.00,22.59,19.02,300.00,3.00,5.00,12.00,47.25,39.49,638.00,6.00,8.00,14.00,19.38,15.95,288.00,5.00,7.00,13.00,57.97,49.69,712.00,4.00,3.00,11.00,8.51,6.66,160.00,7.00,9.00,9.00,3,엄지 굽히기 (Thumb Flex)
-8.62,-47.44,-1.75,-38.44,-6.31,6.99,234.34,27.53,54.59,37.78,69.90,18.06,34.00,112.74,461.81,38.31,23.09,123.88,18.15,45.07,283.00,60.34,155.67,5.93,120.27,38.47,48.97,20.48,52.00,23.41,563.70,39.99,191.37,89.17,79.96,188.11,131.00,26.11,55.54,6.04,7.81,13.03,21.30,37.15,65.00,22.69,19.45,301.00,4.00,5.00,12.00,47.25,39.49,619.00,6.00,7.00,14.00,19.37,15.81,283.00,5.00,7.00,12.00,56.93,48.44,722.00,4.00,4.00,12.00,7.90,6.23,154.00,7.00,10.00,8.00,3,엄지 굽히기 (Thumb Flex)
-29.69,-50.50,-5.50,-49.06,-8.06,8.02,247.84,40.45,42.01,40.96,59.20,9.04,49.00,80.55,412.83,55.67,52.33,90.00,41.33,90.46,234.00,50.53,174.11,16.42,100.32,31.80,43.79,11.91,32.00,22.20,553.71,45.57,201.25,84.59,70.07,185.90,141.00,27.27,57.74,2.05,10.82,13.84,25.22,38.58,61.00,23.61,20.31,301.00,6.00,4.00,12.00,42.22,36.81,540.00,6.00,7.00,13.00,19.12,14.94,244.00,4.00,7.00,11.00,56.34,47.81,722.00,4.00,5.00,12.00,8.09,6.45,153.00,7.00,10.00,8.00,3,엄지 굽히기 (Thumb Flex)
-9.50,-11.12,-16.38,-30.31,-1.06,21.99,220.80,27.52,33.14,69.96,30.37,26.23,78.00,80.05,406.09,64.86,48.76,99.84,38.37,80.55,244.00,51.82,161.37,20.14,102.39,19.17,34.74,17.14,18.00,36.24,540.59,64.98,205.19,72.37,87.08,183.06,121.00,27.27,57.74,2.05,10.82,13.84,25.22,38.58,61.00,21.77,18.69,301.00,4.00,5.00,12.00,41.98,36.28,570.00,4.00,7.00,13.00,18.04,14.39,235.00,4.00,7.00,11.00,55.45,46.56,681.00,3.00,6.00,12.00,8.09,6.45,143.00,6.00,10.00,7.00,3,엄지 굽히기 (Thumb Flex)
-30.56,-58.00,-6.69,-46.50,-6.56,8.21,226.96,15.08,48.09,76.92,20.34,38.88,93.00,75.88,406.47,81.13,97.87,121.14,78.51,45.37,294.00,51.24,159.77,25.02,97.51,23.48,39.63,15.79,23.00,26.12,538.92,80.37,264.76,15.54,119.99,164.00,60.00,28.02,40.55,25.64,16.16,12.87,31.34,37.36,37.00,22.76,19.51,292.00,3.00,6.00,12.00,44.48,39.00,566.00,5.00,8.00,13.00,17.88,14.20,235.00,4.00,8.00,11.00,56.67,48.56,701.00,3.00,7.00,13.00,7.17,5.74,133.00,7.00,10.00,6.00,3,엄지 굽히기 (Thumb Flex)
-21.12,-79.62,22.69,-33.31,-8.00,35.83,217.41,25.35,63.78,104.21,38.24,31.96,54.00,144.03,334.14,213.53,155.08,222.15,67.25,143.47,160.00,46.00,173.21,39.55,95.08,36.43,23.00,26.60,3.00,73.63,505.28,130.31,278.93,46.54,129.54,195.11,111.00,30.14,31.72,30.59,21.21,8.38,33.67,39.46,46.00,23.06,19.64,283.00,5.00,7.00,11.00,47.54,39.58,585.00,7.00,8.00,13.00,18.81,16.02,240.00,4.00,7.00,11.00,57.19,49.14,600.00,3.00,7.00,13.00,7.46,6.25,118.00,7.00,9.00,5.00,3,엄지 굽히기 (Thumb Flex)
26.38,55.06,3.00,55.56,6.75,43.71,210.97,30.57,58.00,97.38,37.06,26.68,62.00,150.77,323.94,217.01,148.45,213.79,57.03,135.35,171.00,56.31,152.58,49.57,74.11,55.90,37.57,41.84,24.00,144.72,427.76,166.62,208.15,87.33,65.12,127.61,33.00,32.37,22.48,27.38,15.30,6.05,23.04,32.59,34.00,22.40,19.08,330.00,6.00,7.00,12.00,46.66,38.80,708.00,8.00,8.00,13.00,17.89,14.38,250.00,4.00,8.00,11.00,48.71,43.05,584.00,4.00,7.00,13.00,6.09,5.50,110.00,7.00,9.00,5.00,3,엄지 굽히기 (Thumb Flex)
41.88,66.75,28.94,85.12,6.12,37.11,218.89,34.24,64.03,99.09,42.88,20.38,70.00,154.34,313.82,209.01,139.63,210.47,61.89,140.10,160.00,42.11,167.02,33.73,75.13,59.82,54.31,53.46,41.00,107.98,472.29,197.79,239.71,135.94,11.67,76.02,22.00,34.07,24.03,36.99,25.18,9.95,13.36,25.86,24.00,23.23,19.64,306.00,5.00,6.00,12.00,45.59,38.03,633.00,7.00,7.00,13.00,19.10,15.70,252.00,3.00,9.00,11.00,52.73,47.34,606.00,4.00,7.00,13.00,6.23,5.64,97.00,6.00,8.00,4.00,3,엄지 굽히기 (Thumb Flex)
31.38,51.75,16.00,70.69,-6.81,38.83,245.21,73.91,50.00,59.72,4.90,59.39,30.00,168.75,342.50,269.05,112.18,147.02,77.46,159.18,96.00,15.34,177.46,47.18,44.92,84.92,43.56,47.74,10.00,112.97,485.85,250.47,201.16,146.08,66.45,130.94,33.00,26.36,34.62,30.21,32.02,17.70,16.47,14.83,7.00,24.55,21.45,306.00,3.00,6.00,12.00,47.46,41.28,623.00,4.00,7.00,13.00,19.25,16.25,258.00,2.00,9.00,12.00,55.58,51.64,526.00,3.00,7.00,13.00,6.03,5.56,92.00,6.00,7.00,4.00,3,엄지 굽히기 (Thumb Flex)
60.31,38.75,35.31,82.19,-1.31,99.68,253.42,112.12,15.00,110.99,64.18,17.26,95.00,193.19,336.48,273.55,81.04,166.03,86.75,158.90,128.00,46.38,166.21,104.26,62.97,53.14,43.23,54.32,69.00,257.56,434.44,319.72,127.57,22.10,132.11,63.77,135.00,31.52,26.68,23.79,26.25,18.01,24.46,11.33,1.00,29.07,25.44,324.00,3.00,7.00,12.00,48.45,43.53,573.00,3.00,6.00,13.00,20.66,18.36,271.00,5.00,9.00,12.00,56.23,54.04,508.00,3.00,8.00,13.00,5.60,5.06,87.00,5.00,8.00,3.00,3,엄지 굽히기 (Thumb Flex)
9.38,-44.88,0.38,-45.81,-3.00,130.31,239.25,107.53,34.44,117.01,49.84,21.29,64.00,202.88,328.53,265.31,84.31,170.72,77.28,154.50,118.00,59.62,155.74,108.56,74.03,40.99,46.35,51.72,54.00,257.56,434.44,319.72,127.57,22.10,132.11,63.77,135.00,26.93,29.99,28.38,22.67,14.37,28.29,9.72,6.00,28.73,24.67,351.00,3.00,7.00,12.00,47.81,42.98,626.00,4.00,6.00,13.00,20.36,17.70,290.00,5.00,9.00,12.00,56.23,54.04,636.00,4.00,9.00,14.00,5.63,5.12,87.00,5.00,9.00,3.00,3,엄지 굽히기 (Thumb Flex)
-16.44,-24.88,-24.94,-45.81,9.62,156.07,212.44,81.39,34.01,88.09,42.14,24.12,93.00,202.88,328.53,265.31,84.31,170.72,77.28,154.50,118.00,63.15,150.75,104.96,71.03,45.54,41.82,50.18,59.00,257.56,434.44,319.72,127.57,22.10,132.11,63.77,135.00,32.93,30.56,28.87,27.46,8.84,29.77,8.74,12.00,26.77,22.69,353.00,4.00,7.00,12.00,47.81,42.98,646.00,4.00,7.00,14.00,19.93,17.43,310.00,6.00,9.00,13.00,56.23,54.04,636.00,4.00,9.00,14.00,6.07,5.55,94.00,6.00,9.00,4.00,3,엄지 굽히기 (Thumb Flex)
-37.50,-15.50,-20.25,-73.94,-6.31,146.31,226.49,93.71,48.08,82.25,34.01,38.34,108.00,211.50,322.49,267.21,81.04,173.66,74.47,145.17,108.00,65.34,147.08,100.36,67.01,45.87,46.59,53.39,54.00,238.72,453.32,329.54,157.46,15.22,123.33,92.21,165.00,17.95,18.99,12.72,39.41,20.09,27.30,17.32,29.00,27.81,23.69,344.00,3.00,7.00,12.00,47.54,42.44,549.00,3.00,6.00,14.00,19.58,17.19,295.00,6.00,10.00,12.00,58.19,55.68,571.00,3.00,9.00,14.00,5.77,5.14,105.00,7.00,9.00,5.00,3,엄지 굽히기 (Thumb Flex)
-20.56,-9.44,-24.00,-19.25,15.94,141.02,241.34,93.67,64.35,62.12,63.79,8.74,77.00,170.39,322.69,172.75,176.38,119.23,150.61,48.19,11.00,66.49,148.95,101.91,57.01,65.35,58.81,71.96,34.00,232.72,453.64,280.55,169.17,61.19,189.93,56.60,90.00,25.89,30.59,23.26,33.84,30.14,22.50,26.46,41.00,28.23,24.56,359.00,3.00,8.00,13.00,42.70,36.87,494.00,5.00,5.00,13.00,20.49,18.25,261.00,5.00,10.00,11.00,56.90,52.81,577.00,3.00,9.00,14.00,6.99,6.08,125.00,8.00,9.00,6.00,3,엄지 굽히기 (Thumb Flex)
-39.25,-6.81,-1.56,-2.44,-8.06,165.89,235.06,56.20,45.54,114.85,35.06,57.92,130.00,183.45,299.78,149.98,176.14,161.06,112.17,88.17,53.00,94.22,130.04,72.17,25.24,54.65,70.08,33.16,73.00,298.57,392.53,175.86,79.20,96.85,99.77,99.64,199.00,22.67,19.36,27.75,19.42,33.18,13.08,38.20,57.00,29.87,26.16,357.00,3.00,8.00,13.00,41.90,34.77,483.00,5.00,4.00,12.00,18.39,15.70,269.00,5.00,11.00,11.00,50.74,44.60,532.00,3.00,9.00,14.00,7.07,5.84,140.00,8.00,10.00,6.00,3,엄지 굽히기 (Thumb Flex)
61.19,87.44,-13.94,61.88,21.38,145.06,253.48,81.12,70.35,124.96,55.53,80.55,155.00,154.23,342.42,125.46,219.91,185.23,107.68,126.59,97.00,135.47,92.95,34.75,64.54,20.45,30.30,72.47,31.00,288.36,403.05,176.58,88.20,106.19,101.16,106.54,210.00,23.78,27.23,5.59,39.40,24.60,15.96,56.06,82.00,32.36,27.91,427.00,4.00,9.00,13.00,46.08,38.20,527.00,5.00,4.00,12.00,17.55,14.43,247.00,4.00,11.00,11.00,51.50,45.55,503.00,3.00,8.00,14.00,8.95,7.53,167.00,9.00,10.00,7.00,3,엄지 굽히기 (Thumb Flex)
-10.81,50.44,9.81,107.81,22.38,160.65,237.53,77.51,70.58,115.73,70.90,92.80,171.00,105.32,398.31,61.68,234.56,222.80,70.84,94.56,33.00,116.11,112.62,34.50,63.29,1.96,12.41,89.40,11.00,127.36,550.22,83.15,135.07,204.52,96.76,162.09,49.00,43.72,42.64,36.07,39.40,54.88,31.14,47.07,50.00,32.46,28.14,484.00,4.00,10.00,13.00,47.82,41.95,530.00,3.00,5.00,12.00,17.58,14.61,267.00,5.00,11.00,12.00,57.47,52.73,549.00,3.00,7.00,14.00,10.47,8.91,166.00,7.00,10.00,7.00,3,엄지 굽히기 (Thumb Flex)
34.19,75.50,19.19,35.56,-3.75,113.72,271.07,43.09,23.77,68.86,104.00,124.39,219.00,59.78,454.20,125.35,124.58,112.86,192.01,147.11,160.00,97.03,129.49,21.55,89.20,24.38,29.23,75.80,37.00,59.95,590.33,37.67,113.44,145.87,118.37,84.58,133.00,44.90,42.87,37.08,37.58,53.76,29.22,46.28,52.00,33.52,30.16,510.00,5.00,10.00,13.00,50.40,45.44,563.00,3.00,6.00,13.00,18.22,15.79,273.00,5.00,11.00,13.00,57.12,53.24,606.00,3.00,7.00,14.00,10.41,8.81,190.00,8.00,10.00,8.00,3,엄지 굽히기 (Thumb Flex)
37.31,57.25,12.56,60.62,3.50,69.57,286.06,35.14,89.74,109.56,119.66,112.06,141.00,141.15,445.94,227.38,97.41,129.55,116.96,138.12,44.00,91.60,132.06,9.33,91.22,28.93,31.83,80.56,11.00,129.60,575.61,99.42,17.20,129.00,20.98,210.90,6.00,49.38,36.92,31.59,34.23,48.02,36.46,55.37,40.00,33.63,30.56,496.00,5.00,9.00,12.00,50.81,46.25,534.00,3.00,6.00,13.00,18.25,15.94,268.00,5.00,11.00,12.00,57.27,53.88,619.00,3.00,7.00,14.00,10.26,8.69,191.00,9.00,10.00,8.00,3,엄지 굽히기 (Thumb Flex)
-3.69,-65.62,15.00,-83.88,-19.31,74.51,279.39,44.82,94.94,115.05,104.21,104.23,157.00,113.10,480.63,231.01,52.80,111.54,144.69,175.75,6.00,111.48,114.54,37.30,52.00,15.10,13.03,92.09,52.00,89.78,604.75,100.93,51.92,103.43,39.61,249.11,34.00,51.01,54.91,50.55,15.52,29.02,41.12,73.95,21.00,33.30,29.56,514.00,6.00,9.00,12.00,53.34,49.38,610.00,4.00,6.00,13.00,17.65,15.38,263.00,5.00,12.00,11.00,60.05,56.38,746.00,4.00,7.00,14.00,11.40,9.73,208.00,10.00,11.00,9.00,3,엄지 굽히기 (Thumb Flex)
1.44,-28.12,-16.00,-45.12,-5.44,112.42,237.30,51.05,55.90,69.07,146.22,141.81,111.00,121.07,440.64,192.09,42.76,73.12,184.66,214.91,46.00,111.48,114.54,37.30,52.00,15.10,13.03,92.09,52.00,109.14,584.78,81.23,50.36,83.74,48.62,265.10,54.00,49.80,53.18,49.73,16.16,28.31,40.57,75.90,19.00,31.51,26.87,515.00,7.00,10.00,12.00,51.10,46.88,620.00,4.00,6.00,13.00,17.65,15.38,263.00,5.00,12.00,11.00,58.90,55.12,776.00,4.00,8.00,14.00,11.33,9.62,220.00,10.00,11.00,10.00,3,엄지 굽히기 (Thumb Flex)
-23.50,-41.88,-4.69,-36.38,-1.00,127.37,223.18,44.89,47.01,75.59,140.56,126.93,126.00,133.67,401.48,163.06,19.70,121.98,146.56,156.69,14.00,90.64,134.82,56.16,33.60,28.86,30.83,72.13,31.00,125.94,571.64,72.13,70.26,89.78,54.81,255.10,34.00,42.35,51.71,56.38,8.49,22.35,48.56,68.65,28.00,30.59,25.81,492.00,7.00,11.00,12.00,45.68,43.12,496.00,3.00,7.00,13.00,17.26,14.69,252.00,4.00,12.00,11.00,57.93,53.88,702.00,3.00,8.00,14.00,11.07,9.12,211.00,9.00,11.00,9.00,3,엄지 굽히기 (Thumb Flex)
-14.00,11.50,-36.56,-69.88,-0.69,104.87,234.22,68.78,28.60,64.28,152.47,103.90,150.00,134.47,399.23,147.61,34.99,122.55,153.43,140.26,36.00,58.41,155.17,83.26,30.41,20.60,14.72,106.11,65.00,104.11,572.64,70.64,130.38,77.27,157.29,265.96,70.00,47.20,48.61,52.03,12.53,17.46,53.28,66.37,33.00,30.72,26.25,484.00,7.00,11.00,11.00,45.01,41.75,537.00,4.00,7.00,13.00,19.64,16.81,259.00,3.00,12.00,11.00,60.25,56.11,709.00,3.00,8.00,14.00,11.02,8.86,211.00,9.00,11.00,9.00,3,엄지 굽히기 (Thumb Flex)
-52.75,-72.69,-0.88,25.88,9.94,74.84,227.51,130.42,63.32,148.21,71.97,176.36,66.00,223.94,315.21,50.56,146.11,239.60,61.80,221.24,89.00,44.07,156.09,84.40,55.79,7.55,14.11,82.15,38.00,135.71,545.87,68.32,158.42,108.49,126.32,240.17,26.00,41.29,54.55,51.49,16.28,17.60,56.23,66.35,39.00,32.93,27.59,520.00,7.00,11.00,12.00,47.40,43.02,618.00,5.00,8.00,13.00,18.60,15.23,282.00,3.00,12.00,11.00,58.09,53.02,791.00,4.00,8.00,14.00,11.26,9.33,208.00,9.00,10.00,9.00,3,엄지 굽히기 (Thumb Flex)
-14.25,10.38,-18.62,-2.06,-1.62,101.01,204.68,132.66,83.49,136.90,110.31,150.78,106.00,256.58,282.85,78.96,143.03,221.36,91.95,205.79,56.00,59.00,136.86,58.23,58.31,30.60,32.88,107.33,74.00,199.27,481.85,43.59,122.56,63.12,134.85,295.37,91.00,34.09,61.97,43.19,23.32,8.95,58.88,63.09,30.00,32.59,26.78,523.00,5.00,11.00,12.00,46.26,40.70,688.00,6.00,9.00,13.00,18.81,15.55,279.00,9.00,12.00,11.00,56.07,48.70,801.00,5.00,8.00,14.00,10.97,8.91,213.00,10.00,10.00,10.00,3,엄지 굽히기 (Thumb Flex)
42.81,53.00,13.19,43.69,-4.62,117.34,188.28,119.03,72.01,122.65,102.40,155.10,89.00,235.35,301.53,64.86,165.03,235.38,112.19,206.41,34.00,86.06,109.82,30.68,33.30,29.10,12.38,96.54,45.00,242.41,446.24,28.09,83.22,47.10,157.59,251.64,47.00,34.09,61.97,43.19,23.32,8.95,58.88,63.09,30.00,30.89,25.59,530.00,6.00,11.00,12.00,47.51,42.25,649.00,5.00,8.00,13.00,16.02,13.96,275.00,10.00,13.00,11.00,52.82,45.35,716.00,3.00,9.00,14.00,10.97,8.91,214.00,10.00,9.00,10.00,3,엄지 굽히기 (Thumb Flex)
25.81,-4.19,34.44,69.38,2.75,101.50,202.42,133.31,85.23,109.47,109.26,154.61,73.00,197.96,317.93,102.85,173.61,187.96,102.40,188.65,85.00,58.24,136.30,40.49,55.90,57.06,36.93,104.41,17.00,157.38,475.68,139.15,100.42,76.85,274.12,142.47,70.00,34.89,57.31,47.56,15.62,15.74,68.29,54.41,20.00,31.47,26.71,522.00,5.00,12.00,12.00,45.59,39.46,683.00,6.00,9.00,13.00,18.20,15.49,273.00,9.00,12.00,11.00,54.79,48.45,749.00,5.00,9.00,15.00,10.85,8.78,209.00,10.00,9.00,9.00,3,엄지 굽히기 (Thumb Flex)
38.31,23.88,42.38,41.44,-10.19,61.03,226.23,142.15,73.98,109.90,57.41,182.56,129.00,186.24,300.26,158.09,115.41,196.35,70.04,231.20,22.00,32.82,176.45,59.17,64.03,69.89,37.66,72.84,82.00,167.66,446.42,204.23,76.22,114.05,211.98,215.42,25.00,28.63,73.39,30.88,11.18,31.17,77.44,37.78,3.00,32.79,28.65,516.00,7.00,12.00,12.00,45.10,39.00,705.00,7.00,10.00,13.00,20.69,17.20,280.00,3.00,11.00,12.00,54.46,48.44,741.00,5.00,9.00,15.00,11.07,8.86,206.00,10.00,9.00,9.00,3,엄지 굽히기 (Thumb Flex)
3.44,-19.75,-22.31,-36.69,-6.44,71.31,220.31,112.95,29.55,148.97,102.67,144.37,83.00,190.08,292.06,158.38,111.09,204.17,78.49,221.76,32.00,29.22,176.34,60.67,68.01,74.67,42.49,70.41,87.00,206.24,405.28,198.56,33.30,72.26,206.33,189.87,25.00,30.77,69.89,31.73,14.87,31.79,77.05,33.83,1.00,31.16,26.56,533.00,7.00,12.00,12.00,44.76,38.38,748.00,8.00,11.00,14.00,20.99,17.48,340.00,4.00,11.00,13.00,50.89,45.31,766.00,6.00,9.00,15.00,10.88,8.67,187.00,9.00,9.00,8.00,3,엄지 굽히기 (Thumb Flex)
-6.00,-48.50,-8.25,-46.06,-3.38,91.02,204.25,90.25,29.15,132.38,90.60,166.58,106.00,176.11,311.80,176.58,93.06,221.74,97.97,201.79,52.00,43.30,166.15,45.69,60.42,77.70,51.82,59.74,102.00,196.49,415.18,207.79,41.34,76.33,199.43,189.80,35.00,18.68,76.11,46.28,18.44,20.37,65.18,21.31,18.00,30.37,25.12,519.00,8.00,11.00,11.00,45.84,39.62,778.00,8.00,11.00,15.00,20.29,16.66,335.00,4.00,11.00,13.00,51.39,45.94,766.00,6.00,9.00,15.00,10.42,7.77,164.00,8.00,8.00,7.00,3,엄지 굽히기 (Thumb Flex)
-37.88,-47.25,-12.62,-44.81,-3.88,104.98,190.27,88.42,42.45,127.17,86.97,152.75,92.00,158.29,324.00,191.39,85.44,224.30,88.58,220.01,32.00,33.37,176.13,50.90,51.48,70.28,52.83,51.03,112.00,176.79,427.46,222.28,35.06,56.44,219.41,182.72,15.00,25.44,78.88,40.73,13.42,12.39,57.22,21.27,26.00,29.07,24.25,448.00,7.00,10.00,11.00,46.86,40.88,681.00,7.00,10.00,14.00,20.54,17.20,325.00,4.00,11.00,12.00,52.25,47.19,701.00,5.00,9.00,14.00,10.05,7.45,133.00,7.00,8.00,6.00,3,엄지 굽히기 (Thumb Flex)
-24.88,-11.81,-27.00,-30.12,7.88,38.68,255.51,38.16,99.81,47.59,49.79,94.70,12.00,72.37,326.54,184.62,170.70,140.68,97.46,171.03,119.00,25.25,183.78,46.51,47.43,79.60,58.98,60.91,102.00,121.10,426.14,209.81,40.05,105.36,172.10,238.22,90.00,13.52,67.90,36.77,6.00,14.64,48.39,29.58,38.00,26.81,22.36,383.00,6.00,10.00,10.00,43.37,36.91,678.00,7.00,9.00,14.00,21.20,17.75,315.00,3.00,11.00,12.00,51.80,46.27,655.00,5.00,8.00,14.00,8.99,6.42,141.00,8.00,7.00,7.00,3,엄지 굽히기 (Thumb Flex)
-45.06,1.88,-29.50,-2.25,11.62,45.07,264.61,16.05,114.81,67.61,70.69,103.38,41.00,30.67,303.49,149.65,181.80,172.82,114.45,176.65,76.00,36.93,192.05,6.67,86.31,87.45,19.16,24.33,142.00,141.55,363.64,116.67,118.93,163.23,178.61,133.58,20.00,3.39,56.71,25.15,6.00,4.02,49.40,18.21,26.00,28.86,23.95,357.00,5.00,11.00,10.00,41.98,34.12,656.00,6.00,8.00,14.00,22.44,18.75,309.00,7.00,10.00,11.00,44.78,38.81,609.00,5.00,7.00,14.00,7.41,5.62,118.00,7.00,6.00,6.00,3,엄지 굽히기 (Thumb Flex)
31.94,120.06,-16.94,71.69,10.75,45.07,264.61,16.05,114.81,67.61,70.69,103.38,41.00,70.28,346.98,190.74,224.24,167.60,158.81,176.12,31.00,77.22,177.15,37.49,101.79,46.50,57.70,56.86,101.00,115.43,395.28,147.61,133.69,193.03,168.18,100.60,53.00,14.23,63.25,35.80,15.23,16.56,43.35,4.24,12.00,28.86,23.95,426.00,6.00,11.00,11.00,48.15,37.17,766.00,8.00,8.00,14.00,22.17,18.30,314.00,7.00,10.00,12.00,47.29,41.39,652.00,6.00,6.00,14.00,7.89,6.19,110.00,6.00,5.00,6.00,3,엄지 굽히기 (Thumb Flex)
24.94,33.12,40.62,92.31,7.56,60.76,249.77,17.82,105.82,51.83,80.93,99.14,57.00,49.89,319.17,192.80,216.68,137.95,186.28,170.09,2.00,55.34,197.45,32.43,121.66,44.83,73.07,75.02,78.00,95.04,414.62,150.94,152.59,194.57,187.23,121.48,31.00,16.74,62.73,35.40,16.64,15.07,46.03,7.17,15.00,27.71,23.05,394.00,4.00,11.00,10.00,46.03,34.88,729.00,5.00,8.00,14.00,24.03,19.92,368.00,8.00,9.00,13.00,49.62,43.11,527.00,5.00,5.00,14.00,8.03,6.42,89.00,5.00,4.00,5.00,3,엄지 굽히기 (Thumb Flex)
15.94,-2.69,45.12,-29.81,-22.25,45.29,264.63,3.75,92.42,45.03,82.31,91.29,73.00,80.09,336.04,134.43,156.73,97.97,209.82,151.80,63.00,41.51,220.33,55.91,134.40,21.93,75.28,64.17,102.00,45.10,432.14,113.90,135.96,146.92,140.09,88.52,81.00,15.12,65.17,38.27,19.24,17.25,48.88,9.85,18.00,28.01,23.94,394.00,4.00,10.00,10.00,43.36,31.73,721.00,8.00,7.00,14.00,26.06,21.61,343.00,7.00,8.00,12.00,46.15,40.77,606.00,6.00,6.00,14.00,8.50,6.56,105.00,6.00,4.00,5.00,3,엄지 굽히기 (Thumb Flex)
37.94,46.62,-0.50,39.88,9.75,29.06,279.16,34.72,78.16,28.34,103.83,116.92,41.00,133.65,313.27,99.96,158.40,77.36,239.70,199.46,12.00,42.70,225.26,61.73,126.51,30.08,66.85,64.10,92.00,44.54,408.92,41.52,54.13,214.03,189.53,130.44,4.00,23.08,49.51,30.98,18.38,32.29,57.91,24.01,34.00,29.60,25.94,394.00,3.00,10.00,10.00,44.58,34.05,765.00,9.00,7.00,14.00,25.94,21.19,378.00,4.00,8.00,12.00,46.15,41.77,671.00,7.00,6.00,14.00,8.76,7.03,133.00,7.00,5.00,6.00,3,엄지 굽히기 (Thumb Flex)
19.44,41.31,24.81,66.12,6.25,55.85,271.54,63.75,117.09,67.68,64.01,77.72,81.00,195.98,247.16,177.88,241.51,155.90,158.04,122.36,73.00,62.51,220.13,54.54,111.41,42.78,93.55,77.02,119.00,152.47,326.13,135.05,139.86,252.31,215.03,129.15,104.00,27.63,45.84,37.68,25.96,32.15,58.98,18.53,26.00,29.66,25.87,402.00,3.00,10.00,11.00,44.75,34.90,713.00,8.00,6.00,13.00,26.71,23.23,371.00,5.00,8.00,12.00,48.36,44.12,664.00,7.00,5.00,14.00,8.91,7.38,136.00,7.00,6.00,6.00,3,엄지 굽히기 (Thumb Flex)
17.44,70.19,-18.38,5.31,0.12,87.68,247.16,67.99,127.05,59.10,87.49,109.47,49.00,239.20,181.16,225.88,239.31,126.50,219.61,187.73,7.00,81.24,205.38,37.33,128.44,26.41,83.28,61.23,100.00,240.58,233.14,205.36,193.20,161.67,128.80,88.96,11.00,28.36,46.63,39.28,25.50,30.23,57.32,19.05,28.00,29.83,25.80,358.00,3.00,9.00,10.00,48.24,39.54,654.00,7.00,5.00,13.00,25.47,22.34,379.00,6.00,8.00,12.00,43.52,38.98,626.00,6.00,5.00,14.00,8.89,7.27,131.00,6.00,5.00,5.00,3,엄지 굽히기 (Thumb Flex)
-31.38,-50.31,1.31,-24.69,0.69,115.63,218.19,51.18,101.55,34.49,87.31,85.11,78.00,258.47,155.65,219.15,199.57,97.12,204.41,149.73,47.00,86.10,200.39,33.46,130.59,25.38,81.91,66.05,105.00,215.96,257.11,212.70,216.18,161.32,98.48,81.99,21.00,29.66,38.34,42.30,34.37,25.41,48.50,20.45,37.00,26.96,23.58,369.00,4.00,9.00,10.00,44.51,37.35,691.00,8.00,6.00,13.00,25.46,22.27,379.00,7.00,8.00,12.00,43.96,40.31,626.00,6.00,4.00,14.00,8.58,6.77,120.00,5.00,5.00,4.00,3,엄지 굽히기 (Thumb Flex)
-24.38,-38.38,-19.00,-72.50,-4.12,115.63,218.19,51.18,101.55,34.49,87.31,85.11,78.00,254.78,152.89,248.82,205.77,68.14,220.57,128.76,78.00,90.21,197.18,35.44,126.13,30.21,86.24,61.10,100.00,199.70,267.26,263.55,252.62,113.69,127.73,113.00,30.00,31.65,35.53,45.29,34.06,23.45,50.18,20.71,34.00,26.96,23.58,320.00,3.00,9.00,9.00,45.54,39.05,657.00,7.00,6.00,13.00,25.20,22.00,369.00,7.00,9.00,12.00,47.36,43.50,634.00,5.00,4.00,14.00,8.64,6.98,122.00,6.00,4.00,4.00,3,엄지 굽히기 (Thumb Flex)
-41.50,-71.19,-3.38,-104.12,-19.12,100.04,228.38,108.10,54.59,84.20,16.19,122.41,0.00,311.95,109.66,332.49,100.12,131.06,109.22,193.77,37.00,85.08,196.47,25.49,131.03,36.99,95.89,52.77,90.00,260.37,235.86,344.91,195.17,231.09,185.07,45.52,104.00,46.74,32.56,52.89,18.11,39.11,55.14,18.36,50.00,27.83,25.06,326.00,3.00,9.00,9.00,48.19,39.86,643.00,6.00,6.00,13.00,25.16,21.72,361.00,7.00,10.00,12.00,54.17,48.14,641.00,5.00,3.00,14.00,9.89,8.11,130.00,5.00,3.00,5.00,3,엄지 굽히기 (Thumb Flex)
-9.50,-39.25,-6.00,-18.69,0.19,120.31,215.42,110.82,23.41,90.94,32.01,113.30,32.00,339.63,92.46,326.65,86.68,139.22,138.07,181.50,6.00,89.78,170.35,39.48,100.50,61.00,83.20,79.37,128.00,340.50,187.59,324.64,109.90,242.41,98.12,87.88,17.00,51.71,36.43,50.48,19.31,38.27,50.43,19.55,45.00,27.44,24.50,340.00,3.00,9.00,9.00,49.17,41.31,641.00,5.00,6.00,13.00,24.02,19.50,354.00,7.00,10.00,11.00,51.91,44.36,699.00,5.00,4.00,14.00,9.81,7.84,135.00,5.00,3.00,5.00,3,엄지 굽히기 (Thumb Flex)
-34.62,-72.81,6.50,-24.00,-3.19,194.83,148.37,65.78,88.77,12.94,75.88,121.53,46.00,442.52,33.86,228.25,187.67,36.27,131.13,202.98,109.00,120.24,130.64,76.93,79.12,34.71,66.89,66.78,88.00,415.44,121.18,253.58,148.50,167.77,158.69,16.84,92.00,46.53,30.50,56.46,13.89,43.63,45.03,24.07,39.00,27.09,24.38,338.00,3.00,10.00,9.00,52.29,42.37,638.00,4.00,7.00,13.00,21.23,16.44,299.00,7.00,10.00,11.00,50.89,41.50,634.00,4.00,5.00,14.00,9.58,7.44,134.00,4.00,4.00,5.00,3,엄지 굽히기 (Thumb Flex)
41.38,100.62,-9.12,87.56,21.06,163.32,180.16,97.30,86.58,29.19,106.36,127.03,78.00,331.56,135.17,323.33,209.31,109.84,245.62,244.02,230.00,110.45,138.74,76.18,69.86,42.70,59.08,70.82,78.00,311.26,239.27,346.63,104.81,151.04,225.66,103.53,211.00,37.91,27.04,70.74,37.00,29.89,59.76,7.29,67.00,28.97,26.38,408.00,4.00,11.00,10.00,58.29,50.22,789.00,5.00,8.00,13.00,20.82,15.89,299.00,8.00,10.00,11.00,55.34,47.80,743.00,5.00,6.00,14.00,10.93,8.32,158.00,5.00,5.00,6.00,3,엄지 굽히기 (Thumb Flex)
16.38,7.75,48.38,58.88,-8.69,150.22,190.64,106.34,102.49,20.79,99.29,129.52,62.00,295.43,190.93,320.11,265.93,84.88,195.39,239.54,168.00,56.22,158.71,129.57,69.86,32.06,115.02,45.49,134.00,267.20,318.75,345.59,211.40,47.72,244.66,47.36,104.00,36.47,23.39,72.61,35.90,33.40,59.83,9.27,71.00,29.28,27.38,401.00,3.00,11.00,10.00,56.86,48.28,878.00,5.00,9.00,14.00,24.26,19.53,355.00,9.00,11.00,12.00,56.38,50.14,765.00,5.00,7.00,15.00,11.09,8.60,188.00,6.00,6.00,7.00,3,엄지 굽히기 (Thumb Flex)
59.38,34.81,22.06,10.94,-10.31,130.54,210.08,102.35,133.42,80.32,108.04,108.34,158.00,296.85,244.83,237.49,248.00,44.66,223.25,215.96,263.00,38.50,153.81,154.17,104.81,11.96,93.64,67.90,97.00,283.23,335.35,293.29,216.84,104.05,187.79,49.10,167.00,32.86,17.82,78.57,41.77,29.12,64.00,9.30,65.00,32.09,28.80,442.00,3.00,11.00,11.00,55.83,47.44,881.00,5.00,10.00,14.00,24.70,20.55,364.00,9.00,12.00,12.00,55.07,48.06,799.00,5.00,7.00,15.00,11.34,9.02,179.00,5.00,6.00,6.00,3,엄지 굽히기 (Thumb Flex)
-14.56,-58.31,-6.50,-32.69,-0.81,138.86,205.41,92.93,122.33,78.17,112.34,112.15,143.00,281.84,247.00,263.24,278.00,33.83,217.01,205.15,293.00,51.45,136.99,147.30,101.04,13.43,88.93,44.48,122.00,290.20,331.34,284.70,207.13,103.62,197.43,46.73,157.00,26.68,16.90,81.17,44.01,26.61,56.00,7.18,73.00,31.45,27.74,493.00,4.00,11.00,11.00,57.30,49.31,965.00,6.00,11.00,14.00,23.52,19.56,386.00,6.00,11.00,13.00,54.64,47.44,821.00,6.00,7.00,15.00,11.21,8.69,185.00,5.00,7.00,6.00,3,엄지 굽히기 (Thumb Flex)
-30.94,-46.38,-36.50,-97.62,-4.81,158.08,186.45,71.65,108.00,59.04,92.80,99.13,165.00,258.88,272.29,261.47,279.61,63.43,242.53,226.24,262.00,51.45,136.99,147.30,101.04,13.43,88.93,44.48,122.00,217.64,407.52,283.77,239.92,181.22,248.17,103.26,76.00,13.27,31.08,70.57,29.68,42.39,68.06,18.41,57.00,29.59,26.20,431.00,3.00,10.00,11.00,58.37,51.25,854.00,5.00,11.00,14.00,23.52,19.56,406.00,6.00,11.00,13.00,59.92,52.50,815.00,5.00,7.00,15.00,10.97,8.34,190.00,9.00,8.00,6.00,3,엄지 굽히기 (Thumb Flex)
-41.56,-65.00,-21.81,-50.31,5.56,88.48,255.17,105.02,66.22,38.11,30.73,59.38,235.00,113.01,452.06,116.75,100.58,154.64,76.01,88.23,444.00,56.45,133.12,144.59,101.32,11.29,83.94,39.80,127.00,103.24,514.39,191.64,155.62,149.06,271.56,15.26,193.00,8.33,36.60,64.78,26.93,39.71,67.43,12.41,63.00,30.86,27.56,438.00,3.00,10.00,12.00,54.26,48.00,795.00,5.00,12.00,14.00,23.20,19.37,362.00,5.00,12.00,13.00,59.36,51.48,833.00,5.00,7.00,15.00,10.68,8.01,197.00,10.00,9.00,7.00,3,엄지 굽히기 (Thumb Flex)
-37.69,17.69,-40.94,-3.19,17.00,32.27,295.61,101.80,17.12,25.35,66.77,106.27,173.00,104.38,458.92,105.87,97.86,147.48,77.00,95.82,433.00,32.95,160.21,117.91,24.35,66.84,66.35,56.81,205.00,9.98,561.14,104.70,90.25,62.87,183.46,88.22,95.00,16.99,34.00,66.46,18.87,46.50,73.70,5.30,72.00,31.92,28.40,430.00,3.00,9.00,12.00,53.97,47.23,845.00,5.00,12.00,14.00,24.10,18.55,380.00,9.00,12.00,14.00,54.77,44.98,755.00,4.00,6.00,15.00,11.33,8.50,179.00,5.00,8.00,7.00,3,엄지 굽히기 (Thumb Flex)
38.81,57.62,15.88,46.12,-1.38,47.63,296.40,121.81,7.28,44.29,77.52,130.17,149.00,167.47,470.04,136.63,36.36,187.44,65.64,158.14,368.00,61.30,157.35,91.12,43.57,62.54,42.10,28.23,176.00,76.81,581.39,111.26,34.21,29.05,111.64,161.78,20.00,38.79,50.05,50.70,20.00,29.63,51.72,23.12,50.00,33.19,30.09,484.00,4.00,8.00,12.00,55.98,50.88,835.00,4.00,12.00,14.00,21.77,16.28,390.00,9.00,12.00,14.00,55.70,47.23,734.00,4.00,6.00,15.00,9.81,7.30,163.00,5.00,8.00,7.00,0,휴식 (Relax)
23.81,46.62,19.56,46.12,-3.50,42.10,284.48,109.50,19.31,45.91,76.35,145.49,133.00,167.47,470.04,136.63,36.36,187.44,65.64,158.14,368.00,41.19,172.94,107.70,37.05,82.77,21.13,8.11,155.00,76.81,581.39,111.26,34.21,29.05,111.65,161.78,20.00,27.17,36.43,64.31,12.17,38.53,43.51,35.45,36.00,32.24,28.96,484.00,4.00,9.00,12.00,55.98,50.88,846.00,4.00,13.00,15.00,22.35,17.74,368.00,8.00,11.00,13.00,55.70,47.23,701.00,4.00,5.00,14.00,9.53,6.75,163.00,5.00,8.00,7.00,0,휴식 (Relax)
38.81,26.00,25.56,37.88,-2.81,41.75,300.47,105.16,20.12,34.81,66.42,158.34,117.00,149.76,448.70,158.59,21.02,189.21,86.85,140.02,390.00,41.19,172.94,107.70,37.05,82.77,21.13,8.11,155.00,60.93,540.05,153.34,48.10,48.46,103.82,139.98,64.00,24.42,32.50,67.21,23.09,29.00,41.79,28.72,47.00,33.19,30.09,500.00,4.00,10.00,13.00,55.08,49.50,835.00,4.00,12.00,15.00,22.35,17.74,332.00,7.00,10.00,12.00,52.74,44.14,657.00,4.00,5.00,14.00,9.36,6.31,157.00,9.00,8.00,7.00,0,휴식 (Relax)
-14.69,-57.75,2.31,-41.56,-8.12,63.87,274.74,144.63,23.77,9.66,28.49,183.07,77.00,151.80,394.62,249.94,129.31,59.12,86.98,250.04,242.00,37.59,186.35,88.13,43.05,74.30,30.14,19.77,135.00,109.81,514.46,178.88,53.15,40.38,162.88,157.47,9.00,30.06,39.56,59.55,26.42,28.71,50.35,31.97,36.00,32.89,29.11,509.00,4.00,10.00,13.00,53.09,47.47,810.00,4.00,11.00,15.00,21.95,16.94,334.00,6.00,10.00,12.00,53.37,44.20,709.00,4.00,5.00,14.00,9.58,6.64,163.00,9.00,8.00,7.00,0,휴식 (Relax)
-15.12,-46.50,-16.44,-57.75,-3.69,57.21,273.84,141.22,22.09,16.50,21.86,185.67,70.00,168.13,405.94,245.76,132.22,78.68,67.68,238.06,262.00,33.64,187.62,101.10,61.10,54.38,50.14,39.77,115.00,170.33,545.97,151.74,47.71,32.27,106.26,164.08,52.00,36.43,46.56,52.93,20.62,34.84,43.48,32.20,43.00,32.64,28.78,502.00,4.00,9.00,13.00,53.96,48.56,810.00,4.00,11.00,15.00,22.35,17.74,334.00,6.00,9.00,12.00,55.41,47.47,678.00,4.00,5.00,14.00,9.60,6.61,162.00,8.00,9.00,7.00,0,휴식 (Relax)
-21.69,-35.25,2.31,0.06,-1.69,64.20,279.37,136.87,15.13,19.34,20.12,185.84,63.00,187.81,425.69,226.29,112.79,77.03,78.98,243.13,242.00,43.99,172.37,110.34,57.04,48.21,65.75,58.80,95.00,122.37,496.02,202.53,94.64,80.54,102.96,200.41,103.00,36.43,46.56,52.93,20.62,34.84,43.48,32.20,43.00,32.89,29.11,487.00,4.00,8.00,12.00,54.56,49.66,780.00,4.00,10.00,15.00,21.95,16.94,339.00,7.00,9.00,12.00,54.02,44.69,699.00,5.00,5.00,14.00,9.60,6.61,148.00,8.00,8.00,6.00,0,휴식 (Relax)
-1.06,1.94,-30.81,-72.19,-8.31,34.07,241.74,173.88,42.72,31.67,53.23,176.47,25.00,129.06,378.11,266.98,141.35,135.99,96.06,244.91,181.00,20.74,202.34,80.93,27.07,75.78,77.79,84.66,65.00,109.46,479.32,212.36,101.97,79.24,87.22,181.34,83.00,27.49,47.82,44.04,14.32,39.27,42.56,24.94,33.00,31.49,27.33,480.00,4.00,8.00,12.00,52.66,46.56,791.00,5.00,9.00,15.00,23.34,18.81,369.00,8.00,9.00,13.00,52.10,43.73,690.00,4.00,5.00,14.00,8.71,6.14,135.00,7.00,8.00,5.00,0,휴식 (Relax)
-37.19,-66.56,-5.81,-59.06,-5.88,50.34,260.63,170.76,60.21,40.46,80.92,163.13,5.00,161.25,382.61,283.52,174.07,161.59,97.38,238.65,141.00,20.74,202.34,80.93,27.07,75.78,77.79,84.66,65.00,130.75,491.28,244.92,148.31,127.55,37.38,131.51,33.00,32.15,42.03,49.79,20.88,46.17,38.07,19.07,26.00,32.84,28.84,488.00,6.00,8.00,12.00,54.88,49.06,822.00,6.00,9.00,15.00,23.34,18.81,384.00,7.00,9.00,13.00,54.19,46.56,690.00,6.00,5.00,14.00,8.84,6.33,134.00,6.00,8.00,5.00,0,휴식 (Relax)
-43.75,-93.75,14.50,-37.81,-5.62,53.81,260.31,177.20,65.07,44.22,78.01,168.09,2.00,179.66,366.51,312.40,190.69,174.55,115.12,253.05,170.00,31.47,203.06,71.81,16.12,81.34,87.10,81.52,76.00,136.68,482.12,263.48,155.68,117.49,52.12,149.46,53.00,33.98,38.07,49.25,20.10,45.40,42.03,22.94,30.00,33.38,29.22,417.00,5.00,7.00,11.00,57.47,50.88,670.00,5.00,8.00,15.00,23.61,19.50,390.00,7.00,8.00,13.00,54.85,47.81,591.00,5.00,4.00,14.00,8.94,6.48,108.00,5.00,7.00,4.00,0,휴식 (Relax)
-17.81,-34.69,-16.19,-29.12,0.00,90.01,218.63,226.23,50.33,22.67,79.13,111.89,61.00,280.25,212.89,391.82,119.60,27.98,45.99,151.91,9.00,26.60,199.24,76.13,17.46,86.25,91.94,82.50,81.00,192.89,353.37,301.00,66.03,107.33,139.22,115.21,86.00,45.48,31.04,25.57,6.32,26.76,26.31,5.02,4.00,31.96,27.02,415.00,5.00,7.00,11.00,49.82,45.15,630.00,5.00,8.00,15.00,23.80,19.81,360.00,7.00,8.00,13.00,48.81,42.88,569.00,5.00,4.00,13.00,6.35,4.25,82.00,3.00,7.00,3.00,0,휴식 (Relax)
-8.81,-2.06,-16.75,-3.06,10.06,110.16,187.15,222.31,23.43,20.55,95.15,143.44,29.00,303.80,174.65,374.60,77.93,30.81,36.23,181.97,51.00,52.21,128.56,97.80,55.44,99.74,82.29,71.01,10.00,246.72,263.51,252.23,31.06,179.36,63.28,89.26,11.00,42.81,21.38,39.01,14.32,11.96,35.90,19.65,11.00,31.57,25.62,373.00,5.00,6.00,10.00,48.88,42.45,627.00,5.00,7.00,15.00,20.48,17.88,341.00,7.00,8.00,12.00,43.22,37.20,545.00,5.00,4.00,13.00,6.79,5.04,91.00,5.00,6.00,4.00,0,휴식 (Relax)
-17.81,22.31,-13.81,9.62,3.38,172.43,120.01,135.70,79.43,77.44,10.37,55.38,125.00,321.99,166.22,320.61,87.71,70.45,27.02,131.27,3.00,99.12,106.11,86.25,68.01,54.00,46.58,87.54,57.00,265.32,252.66,209.24,54.64,147.45,66.04,104.83,32.00,48.03,11.55,40.82,21.40,17.40,24.95,9.59,0.00,25.90,20.24,315.00,5.00,7.00,10.00,45.48,38.40,553.00,5.00,6.00,15.00,19.27,16.81,314.00,7.00,8.00,11.00,41.33,34.17,512.00,6.00,4.00,13.00,6.60,5.03,88.00,4.00,6.00,4.00,0,휴식 (Relax)
-16.38,-9.31,-17.25,-18.50,3.25,185.52,128.03,117.41,86.76,69.52,30.42,69.43,102.00,321.83,159.29,324.79,79.08,78.05,30.10,121.27,13.00,122.24,119.61,64.01,50.00,61.20,71.23,67.52,32.00,270.83,271.00,198.81,45.01,137.53,82.19,82.00,2.00,49.72,9.57,39.30,20.25,18.19,26.24,10.81,2.00,26.21,20.31,300.00,4.00,7.00,9.00,45.28,37.85,574.00,6.00,6.00,15.00,19.71,17.41,289.00,6.00,7.00,10.00,41.53,34.56,472.00,6.00,4.00,13.00,6.65,5.19,83.00,3.00,5.00,4.00,0,휴식 (Relax)
-22.44,-9.31,-12.88,-2.25,5.62,189.99,142.24,122.90,73.57,57.69,18.81,65.03,117.00,321.83,159.29,324.79,79.08,78.05,30.10,121.27,13.00,115.07,109.69,72.38,58.31,55.43,79.42,58.24,22.00,286.21,211.26,156.67,105.00,78.82,142.14,36.87,58.00,59.60,8.99,30.62,13.04,8.24,28.62,12.08,8.00,26.75,20.78,292.00,4.00,7.00,8.00,45.28,37.85,544.00,6.00,5.00,14.00,19.15,16.86,279.00,6.00,7.00,9.00,38.69,31.56,452.00,6.00,5.00,13.00,6.73,5.42,76.00,2.00,5.00,3.00,0,휴식 (Relax)
-8.38,27.25,-17.25,-22.25,0.94,191.36,129.10,107.91,82.33,44.58,25.48,69.62,132.00,375.41,117.31,258.95,144.25,11.41,46.36,85.20,84.00,119.11,117.81,74.51,64.03,45.57,82.10,48.24,12.00,286.21,211.26,156.67,105.00,78.82,142.14,36.87,58.00,54.78,4.37,30.01,9.22,8.53,33.33,16.42,13.00,26.21,20.31,307.00,4.00,8.00,9.00,44.69,37.84,503.00,6.00,5.00,14.00,19.55,17.41,260.00,6.00,7.00,8.00,38.69,31.56,431.00,5.00,6.00,13.00,6.58,5.07,69.00,2.00,5.00,2.00,0,휴식 (Relax)
-9.31,-10.50,-4.06,-0.94,2.00,199.27,126.16,103.76,71.51,44.25,10.51,59.68,117.00,325.41,109.27,262.10,166.97,40.91,84.21,107.97,136.00,120.82,115.97,45.81,45.18,48.64,74.09,23.63,17.00,267.20,214.51,160.84,126.00,70.99,143.03,56.93,37.00,42.79,12.76,15.24,11.66,8.48,19.73,0.95,4.00,25.61,19.84,229.00,3.00,7.00,8.00,43.67,35.50,500.00,7.00,5.00,14.00,17.84,15.82,220.00,5.00,8.00,8.00,38.38,30.04,397.00,5.00,7.00,13.00,4.70,3.88,52.00,2.00,5.00,1.00,0,휴식 (Relax)
1.19,4.88,2.25,23.44,6.69,155.88,102.69,65.87,119.10,29.07,48.41,31.29,61.00,239.92,84.36,194.23,242.92,77.46,102.66,51.93,50.00,110.87,101.20,59.88,28.32,69.64,59.41,25.65,38.00,213.34,190.28,122.63,136.69,124.67,106.11,8.98,91.00,44.33,9.55,19.90,10.05,11.25,20.75,5.34,9.00,21.54,15.04,220.00,6.00,6.00,7.00,37.70,29.39,499.00,8.00,6.00,14.00,16.93,14.34,220.00,6.00,8.00,8.00,33.83,26.31,418.00,8.00,7.00,14.00,4.98,4.23,54.00,1.00,5.00,1.00,0,휴식 (Relax)
18.69,69.56,8.56,67.12,9.00,134.08,83.82,41.96,111.61,45.82,32.62,43.63,85.00,230.43,78.61,184.11,238.88,69.28,91.76,58.59,61.00,96.83,80.28,57.20,19.00,64.87,80.28,15.58,17.00,202.90,180.40,112.00,126.63,120.04,116.90,13.21,80.00,45.40,16.42,23.39,21.02,18.49,11.93,7.08,2.00,19.34,13.35,220.00,6.00,5.00,7.00,36.31,28.62,541.00,8.00,6.00,14.00,15.44,12.87,219.00,6.00,7.00,8.00,32.32,25.62,450.00,8.00,7.00,14.00,5.49,4.75,57.00,1.00,5.00,1.00,0,휴식 (Relax)
36.19,79.19,10.25,67.12,2.69,110.16,59.84,42.12,88.32,29.13,33.89,23.11,61.00,244.13,99.87,184.97,259.62,80.27,75.37,78.98,83.00,74.69,61.85,34.85,46.00,42.52,61.85,35.54,44.00,202.90,180.40,112.00,126.63,120.04,116.90,13.21,80.00,44.80,21.35,20.88,21.84,14.57,16.92,2.09,3.00,15.23,11.66,180.00,6.00,5.00,7.00,38.83,30.16,459.00,7.00,5.00,14.00,12.69,11.00,197.00,6.00,7.00,7.00,32.32,25.62,366.00,7.00,7.00,13.00,5.51,4.77,57.00,1.00,5.00,1.00,0,휴식 (Relax)
49.19,72.00,25.56,92.81,7.62,156.64,98.70,7.31,88.32,69.99,47.80,27.91,13.00,300.36,206.67,99.63,248.07,42.41,135.10,36.53,32.00,85.22,60.81,45.21,47.30,32.80,64.78,46.53,55.00,275.15,255.60,58.31,53.04,46.29,149.32,117.13,197.00,40.31,34.32,3.93,7.21,17.85,11.93,18.99,14.00,19.80,15.04,196.00,6.00,5.00,8.00,42.05,33.62,449.00,7.00,5.00,13.00,13.75,11.74,193.00,5.00,6.00,7.00,40.00,31.48,379.00,5.00,6.00,13.00,5.44,4.62,59.00,3.00,6.00,1.00,0,휴식 (Relax)
38.69,55.12,23.62,73.94,1.19,190.94,117.55,39.23,51.00,52.82,60.39,26.08,53.00,339.79,266.67,12.13,155.33,66.69,148.96,59.36,62.00,116.06,44.49,57.18,77.78,41.20,38.89,20.86,24.00,349.27,296.54,91.37,73.03,82.15,26.55,35.02,71.00,37.72,36.76,7.24,4.12,21.92,6.23,12.95,7.00,22.17,18.18,197.00,3.00,5.00,8.00,43.56,36.11,450.00,7.00,5.00,13.00,14.97,13.00,173.00,4.00,5.00,6.00,42.83,35.08,329.00,2.00,6.00,13.00,5.27,4.34,63.00,3.00,6.00,1.00,0,휴식 (Relax)
50.75,60.19,27.62,69.88,3.69,236.26,125.54,80.83,59.55,31.00,8.16,39.89,10.00,367.98,287.67,103.67,164.54,65.85,65.39,39.83,33.00,130.46,31.48,51.25,77.16,50.96,54.89,29.20,40.00,378.86,287.79,109.56,96.43,91.46,91.01,47.22,136.00,33.24,34.93,14.52,12.04,14.73,14.21,18.32,15.00,25.67,22.06,190.00,2.00,5.00,8.00,45.65,38.44,420.00,6.00,5.00,13.00,16.26,14.00,143.00,3.00,4.00,5.00,46.42,40.16,258.00,1.00,5.00,12.00,5.26,4.23,60.00,3.00,6.00,1.00,0,휴식 (Relax)
40.75,67.12,19.75,51.06,-8.44,253.37,116.79,83.85,86.31,55.70,35.96,23.65,22.00,375.88,269.26,145.51,225.96,26.03,130.39,25.24,32.00,165.40,14.56,9.15,31.40,19.63,39.80,43.50,6.00,417.21,215.38,111.11,81.69,35.94,94.70,104.57,11.00,31.70,33.38,14.85,12.04,14.53,12.80,17.41,13.00,27.60,24.56,160.00,1.00,6.00,7.00,48.80,42.50,360.00,5.00,5.00,13.00,15.94,13.91,123.00,3.00,5.00,4.00,45.13,41.05,259.00,1.00,5.00,12.00,5.04,4.08,70.00,4.00,7.00,2.00,0,휴식 (Relax)
51.38,48.31,28.75,64.50,0.00,285.21,69.99,56.69,90.21,56.33,59.14,80.12,64.00,373.74,181.76,162.25,225.68,99.79,98.56,101.54,93.00,184.55,43.99,22.98,41.11,16.61,22.38,15.26,26.00,447.59,102.68,121.64,90.44,116.97,42.39,32.51,148.00,23.36,24.42,9.21,3.16,23.17,15.22,19.82,22.00,29.68,26.95,169.00,1.00,6.00,8.00,47.13,41.44,342.00,3.00,5.00,13.00,17.58,15.75,113.00,2.00,5.00,4.00,45.19,42.69,261.00,1.00,6.00,12.00,4.54,3.38,79.00,4.00,8.00,2.00,0,휴식 (Relax)
38.06,28.38,28.06,36.56,-9.00,308.09,53.13,59.25,47.68,44.00,40.78,54.44,21.00,366.75,53.94,138.02,96.54,145.03,68.28,55.73,50.00,188.30,50.73,29.46,49.93,21.18,31.37,25.56,15.00,456.01,15.22,113.96,85.59,98.14,73.88,65.17,53.00,23.36,24.42,9.21,3.16,23.17,15.22,19.82,22.00,29.36,27.30,155.00,1.00,7.00,7.00,39.12,36.62,304.00,1.00,5.00,13.00,18.45,16.44,82.00,1.00,5.00,3.00,44.13,42.06,283.00,1.00,7.00,13.00,4.54,3.38,84.00,4.00,9.00,2.00,0,휴식 (Relax)
34.12,12.19,31.06,40.94,-6.88,315.43,74.85,70.89,17.89,33.72,22.85,44.20,42.00,355.72,29.93,94.39,76.92,80.41,100.81,30.38,33.00,193.53,68.55,45.88,46.96,28.35,19.86,22.82,63.00,447.24,91.71,79.12,53.60,14.77,44.09,45.00,159.00,25.25,24.28,10.24,1.41,24.29,16.93,20.48,20.00,29.97,28.12,148.00,1.00,6.00,7.00,35.39,32.96,285.00,1.00,5.00,13.00,19.80,17.80,83.00,1.00,5.00,3.00,42.79,40.55,274.00,1.00,8.00,13.00,4.70,3.55,75.00,5.00,9.00,1.00,0,휴식 (Relax)
30.62,-1.44,27.75,35.56,-6.06,310.56,94.01,65.09,50.60,29.52,39.26,65.31,14.00,341.12,63.73,53.65,117.89,67.92,58.89,28.94,9.00,192.39,84.66,61.14,23.71,43.56,34.83,31.49,10.00,424.83,162.34,54.27,53.60,94.64,43.45,41.16,73.00,36.16,17.26,11.59,12.04,12.06,5.66,14.71,33.00,30.47,28.45,133.00,1.00,6.00,6.00,33.79,30.01,275.00,2.00,4.00,13.00,20.28,18.38,83.00,1.00,5.00,3.00,42.19,38.95,264.00,1.00,7.00,12.00,4.70,3.80,69.00,5.00,9.00,1.00,0,휴식 (Relax)
-11.31,-60.88,-6.50,-40.44,-0.94,300.15,94.94,46.53,50.29,19.63,17.69,37.50,17.00,368.59,61.49,86.38,131.53,33.41,45.02,68.48,50.00,187.92,83.89,55.99,11.05,29.56,21.49,12.59,30.00,424.83,162.34,54.27,53.60,94.64,43.45,41.16,73.00,37.50,15.55,10.85,12.37,12.02,5.69,15.74,31.00,28.78,26.27,173.00,2.00,6.00,7.00,36.82,33.03,306.00,2.00,4.00,13.00,19.27,17.12,111.00,2.00,4.00,4.00,42.19,38.95,310.00,2.00,6.00,12.00,4.70,3.82,74.00,5.00,9.00,1.00,0,휴식 (Relax)
-28.25,-32.12,-31.50,-98.56,-9.25,290.86,87.47,31.53,36.25,4.63,16.29,52.23,2.00,350.27,45.02,90.46,114.28,15.90,61.49,88.10,70.00,187.92,83.89,55.99,11.05,29.56,21.49,12.59,30.00,449.61,177.05,83.21,79.71,115.35,47.93,27.19,103.00,42.61,5.33,1.10,3.16,22.43,14.95,8.93,42.00,27.61,25.22,182.00,2.00,5.00,8.00,35.38,31.48,336.00,2.00,5.00,14.00,19.27,17.12,131.00,2.00,3.00,5.00,45.79,41.30,350.00,2.00,5.00,12.00,5.26,4.38,80.00,5.00,9.00,1.00,0,휴식 (Relax)
-29.62,-61.50,-12.44,-67.31,-4.62,272.12,67.10,30.86,33.73,24.02,32.21,31.24,24.00,360.27,55.01,80.49,109.18,21.57,71.15,96.70,80.00,175.85,68.95,47.80,19.42,44.29,35.71,17.04,45.00,469.28,196.70,88.95,73.98,97.91,29.55,27.51,83.00,45.75,10.76,9.10,7.07,18.40,7.50,16.90,32.00,25.54,23.67,167.00,2.00,5.00,7.00,36.37,32.25,325.00,2.00,5.00,14.00,18.30,16.19,146.00,2.00,3.00,6.00,47.35,42.86,360.00,2.00,5.00,12.00,5.25,4.47,79.00,5.00,10.00,1.00,0,휴식 (Relax)
-44.12,-67.69,-13.69,-67.31,2.25,279.99,74.69,22.88,25.96,26.86,39.92,26.23,32.00,417.87,105.98,75.27,62.68,42.20,65.55,75.84,19.00,156.65,54.97,62.90,34.89,44.05,21.17,8.00,25.00,469.28,196.70,88.95,73.98,97.91,29.55,27.51,83.00,45.73,8.85,8.67,7.07,20.11,8.35,18.90,30.00,26.32,24.23,182.00,2.00,5.00,8.00,40.26,37.02,294.00,2.00,4.00,14.00,16.65,14.94,131.00,2.00,3.00,5.00,47.35,42.86,340.00,2.00,5.00,11.00,5.29,4.56,86.00,6.00,10.00,1.00,0,휴식 (Relax)
-50.19,-47.69,-23.38,-75.44,0.25,294.65,82.71,20.84,33.30,38.05,34.66,32.35,17.00,417.87,105.98,75.27,62.68,42.20,65.55,75.84,19.00,161.63,54.53,58.76,37.44,48.98,22.95,10.17,20.00,494.22,204.14,62.17,84.22,127.33,29.80,31.94,53.00,45.73,8.85,8.67,7.07,20.11,8.35,18.90,30.00,27.82,25.29,182.00,2.00,5.00,8.00,40.26,37.02,304.00,2.00,5.00,14.00,17.04,15.25,136.00,2.00,3.00,6.00,49.72,45.20,329.00,2.00,5.00,11.00,5.29,4.56,83.00,6.00,11.00,1.00,0,휴식 (Relax)
-48.81,-37.69,-27.44,-72.25,-4.12,313.05,82.51,42.68,51.89,23.30,28.18,34.28,39.00,417.87,105.98,75.27,62.68,42.20,65.55,75.84,19.00,175.07,44.64,63.85,50.57,43.06,9.87,15.50,35.00,524.96,187.03,86.95,130.92,108.90,23.29,52.77,104.00,39.20,10.98,6.34,13.04,24.74,5.23,13.37,40.00,29.66,26.84,166.00,2.00,5.00,7.00,40.26,37.02,250.00,1.00,5.00,14.00,18.13,16.19,136.00,2.00,3.00,6.00,52.73,49.19,286.00,1.00,5.00,10.00,5.22,4.61,85.00,7.00,10.00,1.00,0,휴식 (Relax)
-39.88,-71.19,-12.12,-47.62,-1.44,331.96,68.03,63.23,47.85,22.67,53.96,24.40,8.00,438.82,40.64,78.85,62.68,145.69,98.58,43.77,123.00,178.47,39.73,68.84,48.70,39.18,14.87,10.80,30.00,550.95,130.93,157.81,128.06,60.05,66.86,25.69,30.00,30.45,14.91,17.30,21.10,14.48,5.97,16.48,29.00,31.27,29.02,157.00,1.00,5.00,6.00,43.73,41.04,279.00,1.00,6.00,14.00,18.30,16.50,151.00,2.00,4.00,7.00,53.85,51.67,306.00,1.00,5.00,11.00,4.70,4.19,81.00,7.00,10.00,1.00,0,휴식 (Relax)
-36.94,-54.62,-25.88,-71.12,1.69,348.79,34.67,68.81,9.00,60.46,20.39,55.86,55.00,443.79,87.11,102.99,87.20,148.52,14.55,93.21,18.00,186.54,25.42,77.68,30.53,57.79,13.92,30.80,50.00,563.72,29.05,203.81,37.74,163.94,53.67,89.95,134.00,28.59,14.97,18.07,20.12,14.43,5.10,16.13,31.00,32.64,31.06,141.00,1.00,4.00,5.00,44.53,42.12,289.00,1.00,7.00,15.00,19.39,17.75,150.00,1.00,5.00,7.00,56.49,54.88,303.00,1.00,5.00,11.00,4.63,4.06,78.00,8.00,9.00,1.00,0,휴식 (Relax)
-39.56,-38.69,-14.25,-25.06,6.88,358.29,40.45,58.23,61.00,53.57,60.18,14.55,15.00,432.48,151.92,110.85,82.15,53.52,81.05,3.89,113.00,190.20,40.36,66.53,49.40,61.26,12.12,11.82,24.00,554.88,70.44,181.40,68.01,152.69,45.39,17.34,37.00,25.59,13.26,16.21,17.49,17.19,4.50,15.58,28.00,33.53,31.63,140.00,1.00,3.00,5.00,43.75,41.02,288.00,1.00,6.00,15.00,19.57,17.91,160.00,1.00,6.00,8.00,54.25,51.95,332.00,1.00,6.00,11.00,4.28,3.88,77.00,8.00,8.00,1.00,0,휴식 (Relax)
-29.12,-33.44,-12.62,-29.06,-2.69,353.78,81.04,46.47,82.13,10.29,58.48,43.81,40.00,406.89,189.58,90.27,45.22,115.86,66.79,83.68,29.00,187.21,66.24,40.84,66.84,35.30,20.12,26.62,50.00,525.26,158.12,101.22,132.97,61.35,62.51,83.19,133.00,19.34,6.77,9.46,21.93,13.40,10.40,19.82,35.00,33.87,31.64,131.00,1.00,3.00,4.00,43.03,39.30,277.00,1.00,6.00,14.00,19.60,17.66,155.00,1.00,5.00,8.00,52.46,48.83,342.00,1.00,7.00,12.00,4.22,3.77,84.00,9.00,8.00,2.00,0,휴식 (Relax)
-10.62,-18.12,-15.38,-4.31,10.12,336.09,111.97,38.63,55.23,45.87,19.02,15.78,16.00,365.29,199.08,50.90,44.27,146.86,30.65,29.10,114.00,174.97,93.74,36.47,52.35,60.75,18.02,27.07,14.00,485.03,206.44,41.04,116.52,129.63,29.76,41.78,57.00,21.26,9.72,10.03,20.00,15.72,13.18,22.64,38.00,32.22,29.03,138.00,1.00,2.00,5.00,40.26,35.16,276.00,3.00,5.00,14.00,19.43,16.77,155.00,1.00,4.00,8.00,49.54,43.43,351.00,1.00,7.00,12.00,4.59,3.98,85.00,9.00,8.00,2.00,0,휴식 (Relax)
-21.69,16.94,-22.81,-9.62,1.69,302.94,129.97,53.21,9.43,63.67,77.22,47.64,47.00,321.59,180.11,36.12,66.07,86.00,71.72,53.88,49.00,153.87,110.18,77.47,12.53,78.28,25.73,19.99,55.00,429.59,223.53,106.51,42.45,143.71,45.66,66.59,132.00,24.59,14.92,6.74,25.94,10.42,11.98,15.66,31.00,31.25,26.82,137.00,1.00,2.00,5.00,35.15,30.08,296.00,4.00,5.00,14.00,19.90,16.37,154.00,1.00,4.00,8.00,47.07,38.28,339.00,3.00,7.00,12.00,4.44,3.81,84.00,8.00,8.00,2.00,0,휴식 (Relax)
4.81,10.00,-10.19,16.12,9.31,263.02,128.04,66.40,61.52,27.00,44.50,24.93,9.00,266.88,134.69,57.19,55.95,103.51,24.31,50.11,114.00,126.36,110.07,101.54,49.24,40.21,22.78,35.41,13.00,360.93,207.09,165.53,76.85,68.02,58.21,67.63,56.00,26.63,17.29,2.20,29.21,9.09,8.19,21.15,37.00,27.55,22.01,152.00,2.00,3.00,6.00,30.11,25.00,296.00,4.00,6.00,14.00,18.60,14.03,164.00,1.00,5.00,9.00,41.52,32.34,338.00,4.00,7.00,12.00,4.96,4.19,83.00,7.00,8.00,2.00,0,휴식 (Relax)
-6.25,23.69,-16.94,-18.94,2.75,208.34,106.06,66.55,82.13,40.52,52.11,45.02,54.00,225.34,92.62,64.59,24.35,132.15,33.51,26.15,71.00,87.78,91.61,95.08,79.20,58.07,30.23,17.15,65.00,266.49,151.53,180.06,150.73,130.32,38.28,52.40,151.00,28.63,17.72,6.87,22.80,17.56,16.91,15.76,28.00,23.99,17.66,167.00,5.00,4.00,7.00,25.91,21.98,296.00,6.00,7.00,14.00,17.25,12.42,168.00,5.00,6.00,10.00,37.68,27.55,368.00,5.00,8.00,12.00,4.79,3.97,87.00,7.00,9.00,2.00,0,휴식 (Relax)
11.75,55.69,14.81,56.12,2.31,161.55,75.81,52.00,56.52,59.79,70.37,32.82,6.00,225.34,92.62,64.59,24.35,132.15,33.51,26.15,71.00,65.06,71.98,72.47,66.10,72.55,17.79,16.96,37.00,234.81,121.77,159.27,139.71,138.70,20.61,49.39,118.00,29.40,15.77,11.26,17.80,14.54,11.89,17.48,35.00,19.24,14.28,182.00,6.00,5.00,8.00,25.91,21.98,317.00,6.00,7.00,14.00,14.14,10.23,198.00,6.00,7.00,11.00,33.53,25.23,441.00,6.00,9.00,13.00,4.70,3.77,87.00,7.00,9.00,2.00,0,휴식 (Relax)
29.75,44.69,26.88,89.12,7.50,129.92,46.71,28.67,26.42,33.66,38.44,23.26,38.00,225.34,92.62,64.59,24.35,132.15,33.51,26.15,71.00,49.41,55.20,57.55,50.16,56.71,10.26,3.72,54.00,234.81,121.77,159.27,139.71,138.70,20.61,49.39,118.00,30.15,10.35,15.19,29.15,8.67,16.03,21.20,22.00,13.82,12.03,158.00,6.00,5.00,8.00,25.91,21.98,266.00,5.00,7.00,14.00,11.22,9.12,176.00,8.00,7.00,11.00,33.53,25.23,398.00,6.00,9.00,13.00,4.94,3.94,88.00,6.00,8.00,2.00,0,휴식 (Relax)
44.25,92.38,15.56,74.06,4.19,150.77,70.29,52.61,25.50,49.25,25.28,32.43,62.00,312.36,106.08,140.52,94.34,42.43,84.30,93.50,46.00,54.40,59.38,56.90,48.38,57.08,8.70,5.37,59.00,271.16,163.31,182.59,139.95,127.48,44.41,34.16,183.00,29.98,8.17,13.95,31.38,13.21,16.95,17.22,27.00,17.03,13.72,158.00,6.00,5.00,8.00,34.93,27.70,291.00,2.00,7.00,14.00,11.58,9.44,162.00,7.00,7.00,11.00,38.45,30.04,349.00,5.00,9.00,13.00,5.05,4.19,82.00,6.00,8.00,2.00,0,휴식 (Relax)
34.25,56.00,24.00,55.94,6.12,173.13,92.88,70.14,14.21,26.69,28.18,36.14,30.00,344.99,115.83,146.41,112.61,95.99,63.86,52.99,8.00,94.16,79.48,21.65,15.81,20.85,47.82,38.98,18.00,324.07,205.87,146.71,39.66,40.48,87.69,107.73,69.00,29.06,11.22,5.67,18.87,12.73,7.62,33.72,10.00,19.16,15.97,166.00,6.00,6.00,8.00,37.78,31.50,294.00,1.00,8.00,14.00,12.59,10.38,153.00,4.00,8.00,11.00,38.91,32.58,330.00,5.00,9.00,13.00,4.65,3.89,81.00,6.00,9.00,2.00,0,휴식 (Relax)
24.75,61.06,22.69,61.00,-2.19,184.83,98.87,64.87,15.81,20.08,38.32,21.05,54.00,385.59,120.59,94.75,62.01,99.30,68.30,116.03,87.00,112.32,81.61,5.71,36.35,41.25,33.84,19.54,39.00,359.84,215.51,72.03,65.79,134.82,39.24,15.56,164.00,28.73,13.82,5.65,14.87,8.09,11.09,28.87,15.00,20.19,17.66,159.00,5.00,6.00,7.00,40.29,34.43,295.00,3.00,8.00,14.00,13.87,11.85,153.00,4.00,8.00,11.00,41.35,36.25,341.00,3.00,10.00,14.00,4.33,3.61,82.00,8.00,9.00,2.00,0,휴식 (Relax)
52.31,64.81,21.38,55.06,-2.06,209.16,95.80,24.37,63.35,87.60,32.74,85.82,17.00,420.36,137.93,29.88,54.01,22.86,131.72,96.75,29.00,126.89,72.78,26.41,44.41,41.93,34.74,36.06,18.00,382.93,193.10,26.96,132.41,126.06,60.56,103.61,69.00,29.52,14.11,7.13,13.60,8.51,13.07,27.30,17.00,24.01,20.77,184.00,3.00,7.00,8.00,42.13,36.23,286.00,1.00,8.00,14.00,14.92,13.33,143.00,3.00,8.00,10.00,42.83,38.68,331.00,3.00,10.00,13.00,4.37,3.70,80.00,8.00,9.00,2.00,0,휴식 (Relax)
47.44,48.50,24.12,69.12,-0.19,231.97,93.41,63.86,89.83,82.32,60.89,18.18,61.00,432.73,147.70,81.59,99.86,65.81,53.20,67.32,56.00,145.77,44.07,53.45,26.00,7.23,59.62,29.68,54.00,400.46,136.41,148.54,133.84,13.62,109.23,63.81,196.00,28.08,12.47,5.52,15.26,10.51,14.37,26.44,19.00,26.12,22.58,184.00,1.00,7.00,8.00,43.21,38.31,287.00,1.00,8.00,14.00,15.98,14.61,143.00,1.00,7.00,10.00,44.58,41.23,353.00,1.00,10.00,14.00,4.33,3.61,77.00,8.00,8.00,2.00,0,휴식 (Relax)
35.06,64.44,16.88,61.19,2.19,246.93,93.12,99.82,65.49,12.45,26.14,71.42,9.00,429.23,143.96,128.88,94.37,83.49,117.53,127.68,41.00,159.16,8.66,62.53,10.00,42.45,25.86,24.92,18.00,408.50,92.20,220.05,65.76,139.01,38.27,80.13,69.00,19.25,2.87,12.93,13.15,10.95,17.71,28.46,9.00,26.50,23.68,185.00,1.00,7.00,8.00,45.79,41.06,269.00,1.00,8.00,14.00,15.98,14.75,133.00,1.00,7.00,9.00,44.87,41.94,333.00,1.00,9.00,13.00,3.96,3.41,78.00,9.00,8.00,2.00,0,휴식 (Relax)
46.12,45.56,25.88,33.88,-5.81,256.53,95.50,107.70,16.12,82.84,54.04,48.55,70.00,408.05,140.55,152.07,60.11,62.18,142.57,19.40,85.00,165.31,24.13,50.79,33.53,44.72,45.62,35.95,50.00,402.69,88.69,209.94,22.36,128.30,47.65,66.37,154.00,19.25,2.87,12.93,13.15,10.95,17.71,28.46,9.00,28.14,25.12,201.00,1.00,8.00,9.00,43.41,38.88,270.00,1.00,9.00,14.00,17.28,15.98,129.00,1.00,7.00,9.00,44.16,40.86,325.00,1.00,8.00,13.00,3.96,3.41,83.00,10.00,9.00,2.00,0,휴식 (Relax)
33.69,28.00,17.31,26.69,-2.81,258.13,99.08,82.61,64.54,95.06,56.71,46.33,1.00,378.58,143.63,131.71,74.89,61.88,40.01,114.01,20.00,166.18,61.91,16.72,44.55,4.26,54.89,14.28,9.00,378.30,120.08,119.68,106.89,26.75,93.95,77.05,39.00,19.25,2.87,12.93,13.15,10.95,17.71,28.46,9.00,28.21,24.90,202.00,1.00,8.00,9.00,40.07,35.62,271.00,3.00,9.00,14.00,17.00,15.27,125.00,1.00,8.00,8.00,39.48,36.11,285.00,1.00,7.00,12.00,3.96,3.41,81.00,9.00,9.00,2.00,0,휴식 (Relax)
21.31,1.44,21.00,32.31,-2.50,251.43,98.81,33.80,84.29,28.68,13.83,65.81,69.00,346.32,134.85,81.42,69.32,42.17,111.22,46.27,53.00,161.14,87.06,20.37,31.40,36.64,19.39,37.78,46.00,348.76,148.60,42.20,124.02,112.74,34.11,77.11,125.00,23.60,2.23,17.93,8.25,7.62,19.16,25.13,4.00,26.36,23.31,203.00,3.00,8.00,9.00,36.15,30.67,293.00,3.00,9.00,15.00,17.49,15.25,131.00,3.00,9.00,8.00,38.38,33.52,286.00,1.00,6.00,12.00,3.97,3.38,71.00,8.00,8.00,1.00,0,휴식 (Relax)
24.88,7.19,13.06,36.62,-0.94,236.66,94.79,38.81,56.57,70.88,65.07,21.13,2.00,294.95,108.35,6.93,38.01,43.02,89.79,115.60,31.00,151.29,96.19,43.94,5.00,41.01,49.86,6.79,15.00,298.55,169.14,129.08,66.03,122.81,87.70,60.37,18.00,19.72,6.13,16.46,12.04,1.03,17.90,19.37,3.00,24.91,21.98,196.00,3.00,8.00,8.00,31.12,25.96,294.00,3.00,10.00,15.00,17.33,14.70,132.00,3.00,10.00,8.00,35.94,29.73,277.00,1.00,5.00,12.00,3.47,3.05,60.00,7.00,7.00,0.00,0,휴식 (Relax)
28.88,23.19,16.44,20.88,-5.25,216.16,87.53,81.05,11.31,96.18,38.24,67.34,62.00,224.51,82.14,102.93,68.62,81.81,55.41,78.43,65.00,131.40,91.72,59.65,37.00,6.05,40.57,48.22,57.00,254.36,166.24,187.28,10.20,49.33,84.53,76.80,94.00,23.09,6.19,7.64,21.02,11.60,12.87,9.49,14.00,24.73,21.48,189.00,3.00,7.00,7.00,26.59,22.11,285.00,3.00,9.00,15.00,16.83,13.48,128.00,3.00,10.00,7.00,33.94,25.95,278.00,3.00,5.00,12.00,3.49,2.84,57.00,6.00,7.00,0.00,0,휴식 (Relax)
16.44,-1.50,13.19,5.19,-8.81,186.85,79.76,102.48,63.51,38.22,42.05,6.26,9.00,187.67,71.57,125.76,68.31,56.86,81.70,67.92,22.00,103.24,72.31,60.42,63.82,46.03,25.87,22.81,5.00,201.31,138.92,190.14,73.68,89.02,30.51,31.66,19.00,25.14,13.03,1.48,24.84,10.52,18.88,16.34,7.00,21.49,18.55,174.00,3.00,7.00,6.00,24.30,19.12,296.00,6.00,9.00,15.00,14.51,10.66,118.00,3.00,9.00,6.00,29.51,20.16,268.00,3.00,4.00,12.00,4.13,3.21,53.00,3.00,6.00,0.00,0,휴식 (Relax)
5.94,-45.19,-5.38,-39.44,-6.00,165.71,72.06,89.86,70.66,34.90,47.93,34.70,31.00,176.91,64.58,121.22,57.94,49.20,70.76,72.33,33.00,87.79,56.03,47.86,53.37,43.67,37.53,18.50,30.00,192.67,131.13,182.15,73.00,91.48,38.92,35.38,29.00,28.79,23.23,14.12,17.09,3.59,8.03,4.78,20.00,19.95,16.42,167.00,1.00,6.00,5.00,22.83,18.44,328.00,6.00,9.00,15.00,12.53,8.31,125.00,4.00,8.00,6.00,28.56,19.22,271.00,4.00,3.00,12.00,4.11,3.25,49.00,3.00,6.00,0.00,0,휴식 (Relax)
-27.50,-83.62,2.75,-52.00,-9.31,149.20,59.67,68.03,51.22,52.39,25.77,17.85,8.00,217.41,105.25,162.22,82.22,15.74,55.69,107.09,74.00,57.01,15.58,4.21,13.42,9.35,8.55,47.63,16.00,152.25,90.34,147.88,32.00,50.78,11.60,25.37,12.00,32.00,28.63,21.44,7.81,12.57,12.57,13.06,9.00,16.96,14.62,184.00,2.00,6.00,5.00,29.18,21.14,337.00,4.00,8.00,15.00,6.99,5.75,106.00,5.00,9.00,6.00,21.22,15.38,208.00,4.00,3.00,12.00,4.75,3.73,53.00,3.00,6.00,0.00,0,휴식 (Relax)
-20.50,-69.69,-2.94,-50.00,-8.62,134.82,45.13,58.14,43.08,40.56,40.93,24.63,24.00,273.51,159.07,195.51,62.65,53.03,48.57,44.31,11.00,49.24,5.34,6.79,23.77,18.97,6.74,36.63,5.00,183.71,112.90,143.03,45.25,43.42,42.69,43.69,44.00,34.59,29.69,21.67,17.72,10.38,15.83,9.07,20.00,15.22,13.38,176.00,2.00,7.00,4.00,34.17,26.55,336.00,4.00,8.00,15.00,6.14,5.06,100.00,6.00,9.00,5.00,24.30,18.38,175.00,3.00,2.00,11.00,5.23,4.22,47.00,3.00,5.00,0.00,0,휴식 (Relax)
-20.50,-66.44,-17.94,-65.62,-3.81,134.82,45.13,58.14,43.08,40.56,40.93,24.63,24.00,311.65,183.63,177.70,13.45,67.23,78.84,95.50,63.00,63.92,21.30,14.69,25.08,31.97,22.72,22.65,11.00,260.59,148.80,68.89,62.77,45.72,58.60,72.61,42.00,36.99,26.05,14.05,24.76,2.78,3.35,11.25,7.00,15.22,13.38,160.00,2.00,6.00,3.00,37.96,31.02,281.00,3.00,7.00,14.00,7.65,6.06,105.00,6.00,8.00,5.00,29.37,23.89,185.00,3.00,2.00,11.00,4.86,4.09,48.00,3.00,4.00,0.00,0,휴식 (Relax)
-34.50,-41.00,-22.31,-60.94,-1.31,165.61,66.69,27.85,43.08,9.00,57.97,40.84,8.00,360.83,189.93,93.35,78.64,29.66,14.32,47.00,24.00,73.91,29.07,23.08,34.48,34.10,16.88,28.94,1.00,318.44,161.90,28.18,69.03,82.48,26.74,10.58,33.00,37.61,20.83,6.15,20.12,8.21,11.33,10.79,15.00,17.60,15.88,168.00,2.00,6.00,4.00,37.99,33.00,268.00,1.00,6.00,14.00,8.98,6.69,99.00,6.00,8.00,4.00,33.23,28.96,174.00,1.00,1.00,10.00,4.61,3.81,47.00,3.00,3.00,0.00,0,휴식 (Relax)
-33.00,-56.38,-21.00,-66.31,-2.50,185.41,74.16,38.31,65.97,25.93,34.00,18.62,16.00,389.91,169.00,70.10,114.63,49.47,59.79,67.20,50.00,93.45,39.41,30.41,34.79,13.13,21.42,27.76,22.00,363.59,151.38,102.17,47.42,46.69,47.27,75.74,41.00,37.16,8.56,10.57,10.30,9.65,9.94,10.12,2.00,19.36,17.75,160.00,2.00,5.00,4.00,40.55,37.16,277.00,1.00,7.00,14.00,10.48,8.00,99.00,2.00,8.00,4.00,37.37,34.36,173.00,1.00,1.00,10.00,3.92,3.31,41.00,3.00,3.00,0.00,0,휴식 (Relax)
-39.50,-69.81,-15.00,-61.00,-4.06,200.22,70.64,61.31,64.50,34.65,53.08,42.43,8.00,413.82,111.94,173.98,88.23,83.83,77.18,93.27,55.00,105.96,42.27,27.24,20.25,24.91,27.15,21.01,6.00,400.55,117.48,155.72,46.52,41.87,60.81,22.27,44.00,36.05,2.48,16.57,16.76,4.83,3.44,10.87,9.00,21.44,19.62,136.00,1.00,5.00,3.00,43.75,40.96,286.00,1.00,6.00,14.00,11.17,9.38,104.00,3.00,8.00,4.00,40.27,38.00,173.00,1.00,1.00,10.00,4.01,3.33,43.00,3.00,3.00,0.00,0,휴식 (Relax)
-42.56,-71.94,-14.00,-65.06,-1.75,228.04,52.81,94.88,8.06,32.31,69.95,26.00,55.00,428.07,68.33,258.03,49.93,81.88,52.24,45.23,71.00,115.19,38.69,14.95,17.72,30.86,11.44,31.95,22.00,425.70,74.97,160.23,85.96,100.24,37.80,78.06,51.00,34.15,6.09,17.19,18.87,3.40,8.42,7.93,4.00,23.71,21.99,143.00,1.00,5.00,3.00,46.01,43.06,285.00,1.00,5.00,14.00,11.74,10.50,99.00,3.00,7.00,4.00,43.19,40.94,161.00,1.00,1.00,10.00,3.96,3.25,43.00,1.00,3.00,0.00,0,휴식 (Relax)
-38.62,-36.62,-17.38,-48.38,0.56,247.95,58.92,97.25,55.01,47.27,7.23,37.35,8.00,425.36,91.91,251.21,71.61,38.25,46.69,72.47,14.00,124.89,26.69,11.65,43.29,8.44,36.49,8.72,4.00,437.35,80.11,108.96,99.25,76.09,74.53,58.28,56.00,31.09,10.89,13.60,14.87,7.77,6.28,11.99,9.00,25.18,23.38,135.00,1.00,4.00,3.00,45.64,42.33,293.00,1.00,5.00,14.00,12.44,11.45,99.00,3.00,6.00,4.00,42.91,40.30,171.00,1.00,2.00,11.00,3.72,2.94,42.00,1.00,2.00,0.00,0,휴식 (Relax)
-28.62,-11.19,-30.12,-69.81,3.88,255.01,71.87,70.77,73.66,30.65,54.47,22.79,40.00,406.07,126.30,178.65,73.41,48.98,42.54,19.73,73.00,132.99,23.39,43.92,53.01,31.29,32.63,43.69,32.00,436.87,159.41,45.24,89.83,61.27,84.33,86.36,81.00,27.06,14.25,8.92,12.08,5.90,4.99,7.03,4.00,25.90,23.95,126.00,1.00,3.00,2.00,41.96,37.61,302.00,1.00,5.00,14.00,14.64,13.25,103.00,3.00,5.00,4.00,44.02,39.54,179.00,1.00,3.00,11.00,3.16,2.62,37.00,1.00,1.00,0.00,0,휴식 (Relax)
-51.81,-53.31,-13.12,-34.50,0.88,257.93,107.64,22.97,62.01,62.39,70.12,73.37,53.00,361.33,175.75,87.53,81.54,119.57,92.45,117.54,53.00,135.81,38.70,58.73,32.89,40.47,10.70,15.90,0.00,424.87,198.93,80.47,65.15,78.96,24.46,55.44,4.00,27.06,14.25,8.92,12.08,5.90,4.99,7.03,4.00,27.68,24.19,147.00,3.00,4.00,3.00,40.87,35.39,341.00,1.00,6.00,14.00,14.38,13.12,112.00,1.00,5.00,5.00,43.37,37.88,209.00,1.00,4.00,12.00,3.16,2.62,37.00,1.00,2.00,0.00,0,휴식 (Relax)
-25.88,-27.38,-11.50,-29.19,3.88,254.35,128.30,70.64,40.50,70.75,12.97,37.28,10.00,317.80,198.43,168.78,84.40,84.67,50.28,34.36,42.00,133.46,49.49,53.28,12.08,17.68,33.75,33.99,26.00,396.54,208.32,107.43,30.48,34.33,66.51,65.08,81.00,27.06,14.25,8.92,12.08,5.90,4.99,7.03,4.00,27.16,23.48,161.00,3.00,4.00,4.00,38.30,32.05,339.00,5.00,6.00,14.00,14.30,12.94,106.00,1.00,4.00,5.00,42.04,35.34,198.00,1.00,4.00,11.00,3.16,2.62,40.00,1.00,3.00,0.00,0,휴식 (Relax)
-15.88,-13.44,-9.50,-32.56,-0.81,243.26,127.43,88.01,17.20,25.93,46.02,48.39,38.00,279.24,189.48,217.28,50.25,29.48,28.91,77.34,21.00,124.97,56.16,27.29,43.29,30.04,17.49,27.55,6.00,344.59,186.30,114.36,89.02,71.67,89.58,96.19,25.00,22.78,9.28,12.80,7.81,9.04,9.58,10.55,9.00,26.41,22.11,160.00,1.00,4.00,4.00,36.61,29.30,338.00,5.00,6.00,14.00,13.51,11.88,100.00,1.00,3.00,5.00,39.25,31.95,197.00,1.00,3.00,11.00,3.00,2.41,43.00,2.00,3.00,0.00,0,휴식 (Relax)
-18.94,-18.19,-12.56,-34.62,-0.38,218.25,104.65,77.78,50.01,62.55,56.98,63.46,25.00,215.56,144.64,216.76,34.37,112.59,91.79,66.36,63.00,112.24,56.05,8.59,56.08,46.90,19.51,23.40,25.00,271.33,140.01,110.70,134.95,119.98,39.25,41.76,102.00,19.82,5.60,13.63,6.32,4.63,8.75,8.94,2.00,24.79,20.05,159.00,1.00,4.00,4.00,33.43,25.01,326.00,5.00,6.00,14.00,13.23,11.02,99.00,1.00,3.00,5.00,33.84,26.36,196.00,1.00,3.00,11.00,2.55,1.97,38.00,2.00,3.00,0.00,0,휴식 (Relax)
-22.00,-39.69,3.81,-27.38,1.62,180.03,66.26,48.35,84.63,101.90,22.02,31.69,54.00,108.80,63.61,127.31,145.04,146.87,68.03,93.22,73.00,99.64,49.23,30.49,41.68,29.49,25.66,29.62,3.00,201.89,103.74,105.62,108.24,68.93,84.47,100.43,14.00,19.82,5.60,13.63,6.32,4.63,8.75,8.94,2.00,21.58,16.88,159.00,1.00,4.00,4.00,26.62,18.48,334.00,7.00,6.00,14.00,11.67,9.13,114.00,2.00,4.00,6.00,27.45,20.47,185.00,1.00,3.00,10.00,2.55,1.97,36.00,1.00,3.00,0.00,0,휴식 (Relax)
-17.56,-4.44,5.19,7.31,-4.25,143.92,50.78,47.57,72.42,53.38,57.37,68.50,17.00,61.83,65.47,43.43,149.60,74.56,18.85,73.32,11.00,83.29,34.92,43.16,25.24,27.73,3.81,14.83,25.00,155.70,87.73,84.85,41.73,12.49,44.15,25.58,61.00,20.86,7.60,11.81,6.00,6.37,10.69,10.61,0.00,18.07,14.08,151.00,1.00,4.00,4.00,18.48,14.44,321.00,7.00,7.00,14.00,9.67,7.31,97.00,4.00,3.00,5.00,18.85,14.61,171.00,2.00,3.00,10.00,2.70,2.06,40.00,2.00,4.00,0.00,0,휴식 (Relax)
22.94,16.88,-3.88,-0.12,-2.12,129.26,48.84,45.29,50.09,38.89,38.32,44.57,7.00,55.26,67.55,38.50,130.00,69.53,6.10,61.88,10.00,69.89,21.05,40.75,38.63,40.29,18.47,26.80,10.00,126.89,73.33,53.45,31.02,49.11,30.10,64.48,20.00,22.55,9.18,12.14,4.00,6.74,9.78,8.63,2.00,14.96,12.20,158.00,2.00,3.00,4.00,16.48,13.12,300.00,7.00,6.00,14.00,9.36,6.86,96.00,5.00,2.00,5.00,16.05,11.42,171.00,3.00,4.00,10.00,2.76,2.16,38.00,2.00,5.00,0.00,0,휴식 (Relax)
-0.06,6.25,-6.94,11.19,9.00,116.34,41.61,32.87,45.40,54.89,40.92,60.07,9.00,60.96,73.11,29.40,134.16,60.04,15.95,54.91,20.00,39.30,12.20,17.51,57.63,26.32,23.94,4.53,41.00,109.02,58.50,33.59,51.20,40.99,44.49,48.47,41.00,8.95,15.14,2.68,14.56,20.74,19.97,5.90,16.00,14.45,10.96,174.00,3.00,4.00,5.00,16.54,13.28,300.00,6.00,7.00,14.00,7.63,5.55,96.00,5.00,2.00,5.00,14.23,10.51,181.00,6.00,5.00,11.00,3.45,2.62,50.00,3.00,5.00,1.00,0,휴식 (Relax)
-12.62,-3.12,-0.62,-15.62,-5.00,79.55,19.40,14.05,84.21,54.51,67.17,35.87,30.00,52.42,63.22,37.68,143.18,53.83,24.55,46.21,30.00,18.99,32.87,3.52,47.43,10.24,4.44,17.95,20.00,60.08,10.00,61.87,64.03,27.28,10.00,81.36,10.00,8.95,15.14,2.68,14.56,20.74,19.97,5.90,16.00,13.47,10.38,189.00,7.00,4.00,6.00,16.48,13.12,310.00,7.00,7.00,15.00,5.83,3.98,85.00,5.00,3.00,4.00,12.23,10.47,190.00,7.00,6.00,11.00,3.45,2.62,60.00,4.00,6.00,2.00,0,휴식 (Relax)
-2.69,-11.88,-0.31,-13.75,-2.88,48.56,24.19,44.80,91.79,23.56,37.26,44.94,1.00,33.06,48.46,40.41,152.64,46.03,25.52,66.00,10.00,15.77,36.21,6.87,42.72,15.23,6.21,13.12,25.00,30.08,20.00,88.21,44.72,49.81,20.00,69.51,20.00,10.81,14.04,4.68,16.49,22.17,19.15,4.19,14.00,11.64,8.77,181.00,7.00,5.00,5.00,16.67,13.36,300.00,7.00,6.00,15.00,5.72,3.59,80.00,4.00,3.00,4.00,12.18,10.78,190.00,7.00,6.00,11.00,3.52,2.73,60.00,4.00,7.00,2.00,0,휴식 (Relax)
12.31,-9.38,19.38,25.62,-0.75,48.56,24.19,44.80,91.79,23.56,37.26,44.94,1.00,7.40,65.42,30.65,120.42,85.66,17.89,29.47,50.00,28.56,41.86,22.87,40.45,30.58,21.90,13.79,46.00,39.47,14.74,88.95,53.85,57.88,27.98,71.97,30.00,12.38,14.69,5.79,16.12,20.38,18.45,5.46,16.00,11.64,8.77,196.00,8.00,5.00,6.00,15.19,12.03,280.00,7.00,6.00,14.00,7.60,5.36,101.00,5.00,3.00,5.00,13.21,11.33,220.00,8.00,6.00,11.00,3.51,2.69,60.00,4.00,7.00,2.00,0,휴식 (Relax)
12.31,1.25,7.75,15.00,-2.62,48.56,24.19,44.80,91.79,23.56,37.26,44.94,1.00,17.39,75.41,24.49,114.02,81.42,17.69,35.62,40.00,35.22,51.59,30.27,30.59,32.92,19.25,4.89,36.00,47.57,21.41,98.64,50.99,60.53,27.23,65.90,20.00,13.55,16.56,5.27,14.14,20.30,20.25,4.94,14.00,11.64,8.77,188.00,8.00,5.00,6.00,14.95,11.56,270.00,7.00,6.00,14.00,7.85,5.94,107.00,4.00,4.00,6.00,13.69,11.88,230.00,8.00,7.00,12.00,3.57,2.78,60.00,4.00,7.00,2.00,0,휴식 (Relax)
19.31,19.38,7.44,23.75,-0.75,57.04,40.14,59.54,77.41,39.11,52.26,39.44,17.00,15.83,57.15,54.40,92.20,104.95,46.20,54.55,10.00,37.66,55.85,29.55,30.02,27.92,16.21,9.66,41.00,61.34,41.32,111.59,31.62,40.56,17.11,83.31,40.00,13.11,14.77,7.20,14.00,18.48,22.13,5.89,12.00,12.61,9.90,189.00,7.00,5.00,6.00,15.60,12.03,280.00,7.00,5.00,14.00,8.05,6.33,107.00,4.00,4.00,6.00,14.95,12.97,230.00,7.00,7.00,12.00,3.51,2.69,60.00,4.00,7.00,2.00,0,휴식 (Relax)
47.88,76.88,22.12,82.81,-0.75,89.85,89.20,83.02,70.34,60.48,26.00,82.94,38.00,119.80,133.73,132.45,68.96,62.12,70.62,89.83,114.00,46.21,64.50,11.88,51.01,40.95,36.92,11.63,20.00,135.28,126.00,114.68,109.20,118.67,108.51,12.83,55.00,13.11,14.77,7.20,14.00,18.48,22.13,5.89,12.00,17.63,12.92,221.00,3.00,5.00,7.00,24.68,16.77,314.00,6.00,5.00,14.00,9.85,7.97,118.00,3.00,4.00,7.00,26.04,17.73,285.00,5.00,6.00,12.00,3.51,2.69,58.00,4.00,7.00,2.00,0,휴식 (Relax)
51.94,51.62,48.62,130.00,4.06,133.07,130.99,82.06,132.23,30.25,40.99,20.01,25.00,169.15,183.20,142.06,117.05,11.76,30.93,39.36,62.00,80.84,76.26,44.52,76.49,78.15,35.72,44.80,76.00,254.29,232.11,108.72,200.66,176.77,88.87,132.27,86.00,15.10,16.42,6.16,14.32,19.68,21.36,8.87,9.00,22.08,16.95,222.00,3.00,4.00,7.00,28.04,20.52,316.00,4.00,5.00,14.00,15.93,11.42,133.00,3.00,3.00,7.00,42.48,27.75,311.00,3.00,5.00,12.00,3.65,2.92,60.00,5.00,6.00,2.00,0,휴식 (Relax)
55.94,70.25,16.06,66.81,4.06,175.39,153.52,57.35,138.84,33.87,56.61,83.33,39.00,214.37,215.17,109.56,113.77,64.12,51.91,93.36,116.00,109.12,79.48,72.55,57.87,51.89,6.12,14.58,35.00,345.29,287.84,111.53,171.29,88.19,27.76,43.35,29.00,15.10,16.42,6.16,14.32,19.68,21.36,8.87,9.00,26.36,20.96,201.00,3.00,3.00,6.00,33.01,25.16,288.00,3.00,5.00,14.00,15.41,11.19,148.00,3.00,4.00,7.00,44.61,32.51,337.00,3.00,6.00,12.00,3.65,2.92,57.00,5.00,5.00,2.00,0,휴식 (Relax)
50.12,84.38,9.75,71.81,5.75,233.19,161.10,49.84,59.67,87.91,37.14,41.60,54.00,309.02,244.24,18.29,24.41,123.92,126.69,54.24,10.00,120.86,72.96,71.59,37.36,40.43,15.25,21.78,56.00,409.28,294.74,97.08,75.66,82.25,86.63,99.23,67.00,20.09,20.60,5.06,14.14,21.70,16.48,13.11,4.00,27.76,23.59,179.00,3.00,3.00,5.00,38.58,31.19,290.00,1.00,5.00,14.00,15.40,11.72,153.00,3.00,4.00,7.00,48.08,38.78,348.00,1.00,7.00,13.00,3.93,3.31,56.00,5.00,4.00,2.00,0,휴식 (Relax)
38.19,88.06,13.12,55.50,0.94,266.50,147.86,73.45,41.63,63.44,39.56,41.85,9.00,387.68,238.69,130.89,98.01,78.28,46.02,68.50,107.00,130.33,53.64,50.22,50.91,66.43,16.93,24.98,30.00,451.25,260.64,66.11,106.07,149.16,42.32,76.18,18.00,17.37,20.00,2.13,17.12,20.01,15.17,15.27,1.00,28.97,25.64,180.00,3.00,2.00,5.00,44.43,38.54,291.00,1.00,4.00,14.00,15.50,12.34,158.00,3.00,5.00,7.00,49.78,43.06,349.00,1.00,8.00,13.00,3.82,3.08,56.00,4.00,5.00,2.00,0,휴식 (Relax)
34.69,40.12,17.12,39.25,3.62,286.49,114.94,76.07,95.52,22.58,18.94,52.76,47.00,419.61,210.44,160.99,108.67,18.42,45.61,43.23,44.00,136.50,22.02,25.18,76.94,61.32,15.72,15.38,62.00,475.72,192.21,46.70,175.80,102.06,53.63,72.16,66.00,20.97,17.40,6.61,17.26,15.08,17.81,18.14,4.00,29.97,27.35,173.00,3.00,2.00,5.00,45.36,41.09,325.00,1.00,5.00,14.00,15.77,12.98,159.00,3.00,4.00,7.00,49.77,44.69,350.00,1.00,8.00,13.00,3.92,3.30,59.00,4.00,6.00,2.00,0,휴식 (Relax)
15.75,35.56,20.44,64.31,3.31,293.33,72.42,55.82,98.67,69.13,30.00,20.38,0.00,440.30,148.16,141.49,54.56,89.54,87.31,60.08,117.00,139.72,26.73,61.06,68.36,23.83,31.04,41.01,19.00,490.98,65.66,111.93,167.29,79.43,120.11,135.09,61.00,23.77,12.85,8.86,22.20,16.81,12.85,17.15,1.00,29.35,26.78,181.00,1.00,2.00,6.00,45.49,42.12,295.00,1.00,4.00,13.00,15.82,13.19,150.00,3.00,4.00,6.00,50.52,46.77,383.00,1.00,9.00,14.00,4.00,3.44,57.00,4.00,5.00,2.00,0,휴식 (Relax)
27.31,49.75,13.06,46.06,0.31,290.11,16.00,24.39,37.80,73.24,48.35,82.35,71.00,454.72,28.25,51.02,79.70,131.11,45.01,107.02,8.00,137.88,48.02,77.57,46.53,45.24,15.88,19.03,41.00,488.20,93.09,162.79,67.48,170.98,41.47,27.82,55.00,23.77,12.85,8.86,22.20,16.81,12.85,17.15,1.00,28.43,26.31,197.00,1.00,3.00,7.00,43.95,41.50,287.00,1.00,4.00,13.00,16.06,13.45,156.00,3.00,5.00,6.00,49.32,46.19,364.00,1.00,9.00,14.00,4.00,3.44,54.00,3.00,4.00,2.00,0,휴식 (Relax)
22.88,54.12,-4.25,20.06,2.75,276.43,83.31,66.37,47.01,13.08,34.51,17.30,0.00,452.38,106.56,58.00,150.59,59.87,64.72,11.56,98.00,136.02,50.99,76.59,46.04,44.39,14.41,23.63,36.00,473.40,156.45,152.16,44.64,132.63,42.21,89.36,9.00,24.54,11.65,0.42,13.34,8.57,14.57,24.09,10.00,26.76,24.73,158.00,1.00,2.00,6.00,44.61,41.64,278.00,1.00,3.00,13.00,15.93,13.09,163.00,4.00,5.00,6.00,48.50,44.70,376.00,1.00,8.00,14.00,3.78,3.28,55.00,7.00,5.00,2.00,0,휴식 (Relax)
28.38,38.44,10.75,46.38,4.19,261.07,117.63,78.92,75.17,28.99,7.38,47.13,40.00,436.32,175.67,102.35,130.00,41.22,40.40,80.48,23.00,116.41,57.21,45.97,78.03,22.63,44.35,21.86,68.00,426.23,238.49,70.85,150.48,101.88,111.32,29.41,98.00,25.09,19.93,9.42,17.69,11.14,6.39,15.29,1.00,27.64,25.47,142.00,1.00,2.00,5.00,44.96,41.17,279.00,1.00,4.00,13.00,15.38,12.25,175.00,5.00,5.00,7.00,47.98,42.97,399.00,1.00,8.00,14.00,3.78,3.31,45.00,6.00,4.00,1.00,0,휴식 (Relax)
9.38,33.12,8.44,50.62,2.50,232.37,141.13,64.98,63.39,51.31,40.67,35.19,8.00,400.52,227.76,119.37,45.01,111.62,47.01,22.04,108.00,89.03,58.11,33.14,87.21,59.58,24.60,19.54,31.00,362.36,284.96,37.57,178.09,200.87,43.51,82.02,10.00,26.31,15.67,8.80,14.42,9.97,1.54,10.35,4.00,26.18,22.89,143.00,1.00,2.00,5.00,44.15,38.67,269.00,1.00,4.00,12.00,13.98,10.99,170.00,5.00,5.00,7.00,47.98,40.86,380.00,1.00,8.00,14.00,3.35,3.00,33.00,5.00,3.00,0.00,0,휴식 (Relax)
36.38,47.81,0.81,11.06,-0.88,163.81,161.06,46.41,33.73,60.49,72.34,75.05,88.00,333.74,259.35,109.75,126.29,94.76,99.94,103.64,9.00,66.98,52.70,58.69,65.00,54.27,19.31,20.39,57.00,286.80,287.47,127.72,106.02,157.85,75.54,54.53,95.00,22.74,17.62,3.28,10.00,5.00,5.78,6.26,10.00,24.12,19.77,168.00,3.00,3.00,6.00,42.97,35.49,281.00,3.00,4.00,12.00,12.59,9.27,176.00,5.00,5.00,7.00,42.44,33.22,413.00,1.00,9.00,15.00,2.91,2.62,34.00,6.00,3.00,0.00,0,휴식 (Relax)
-7.56,-1.38,10.44,25.12,1.69,126.84,155.27,57.40,51.86,38.37,33.79,50.72,41.00,276.04,249.03,83.65,174.09,14.00,38.14,54.61,74.00,31.83,38.33,84.56,52.01,23.24,47.84,21.46,19.00,185.13,242.71,191.73,54.64,79.84,118.09,82.96,32.00,17.65,17.02,4.42,6.08,11.87,3.52,9.60,3.00,20.20,15.73,194.00,4.00,4.00,6.00,37.80,28.70,325.00,6.00,5.00,13.00,11.11,8.38,167.00,7.00,5.00,7.00,35.43,26.42,395.00,5.00,9.00,15.00,2.66,2.40,35.00,7.00,4.00,0.00,0,휴식 (Relax)
5.44,24.38,-6.56,-31.88,-5.19,84.16,127.08,54.01,42.72,19.09,54.38,62.02,89.00,183.98,190.46,60.55,128.02,113.69,102.43,112.86,42.00,31.83,38.33,84.56,52.01,23.24,47.84,21.46,19.00,156.67,218.35,183.92,83.01,110.98,86.66,62.21,0.00,19.43,18.32,3.37,4.12,12.55,5.50,10.66,1.00,17.48,12.92,210.00,7.00,5.00,7.00,31.53,23.59,348.00,7.00,6.00,13.00,11.11,8.38,173.00,8.00,6.00,7.00,32.67,23.67,440.00,6.00,9.00,15.00,2.86,2.54,40.00,8.00,5.00,0.00,0,휴식 (Relax)
2.44,-13.19,8.69,6.75,-1.44,38.33,82.53,38.87,17.00,59.10,67.94,68.31,41.00,121.70,131.34,75.98,55.04,117.43,96.04,86.54,31.00,7.34,10.44,56.99,59.54,32.45,64.01,40.91,9.00,72.19,132.43,102.08,94.63,95.51,151.19,112.49,86.00,15.44,14.33,2.62,6.40,10.23,8.99,12.26,3.00,13.61,9.48,202.00,7.00,5.00,7.00,23.69,18.44,361.00,6.00,7.00,13.00,10.39,7.94,190.00,9.00,7.00,8.00,26.58,19.25,474.00,11.00,10.00,15.00,2.55,2.26,42.00,8.00,6.00,0.00,0,휴식 (Relax)
-7.56,-37.12,6.94,-8.31,-1.56,6.67,52.92,23.09,18.79,46.08,36.46,47.91,73.00,92.50,100.34,68.64,64.14,86.44,70.25,79.78,0.00,28.61,20.37,47.02,37.64,12.83,69.28,32.28,19.00,10.61,101.39,70.59,56.29,32.28,147.20,93.01,21.00,13.56,12.93,2.23,5.39,12.22,8.42,12.07,1.00,9.74,6.73,178.00,8.00,5.00,6.00,19.00,16.50,319.00,6.00,6.00,13.00,9.29,7.05,174.00,9.00,7.00,7.00,19.79,15.19,420.00,12.00,11.00,15.00,2.42,2.12,42.00,8.00,6.00,0.00,0,휴식 (Relax)
-0.06,6.19,0.56,-8.31,-3.56,1.37,51.18,16.13,17.00,39.29,43.53,54.16,65.00,81.50,93.00,58.52,73.79,91.51,81.22,84.92,11.00,34.56,25.83,52.39,33.24,8.27,63.77,30.00,13.00,10.61,101.39,70.59,56.29,32.28,147.20,93.01,21.00,13.56,12.93,2.23,5.39,12.22,8.42,12.07,1.00,9.54,6.09,178.00,6.00,6.00,6.00,19.04,16.59,341.00,7.00,6.00,13.00,9.20,6.70,150.00,8.00,6.00,6.00,19.79,15.19,364.00,11.00,10.00,14.00,2.42,2.12,39.00,7.00,6.00,0.00,0,휴식 (Relax)
7.44,-6.19,2.06,-4.81,-1.38,9.35,56.33,10.20,9.00,46.24,41.53,46.42,73.00,61.72,97.65,44.82,66.91,106.19,68.87,68.45,11.00,17.81,27.41,38.32,23.00,16.14,42.13,23.62,11.00,55.96,48.63,42.88,70.43,53.31,92.33,65.48,77.00,15.01,10.86,5.04,5.10,14.61,5.49,10.20,4.00,9.73,6.77,178.00,6.00,6.00,6.00,17.81,15.04,330.00,8.00,7.00,13.00,6.68,5.58,120.00,7.00,6.00,5.00,15.54,12.29,308.00,10.00,9.00,13.00,2.42,2.12,41.00,7.00,6.00,0.00,0,휴식 (Relax)
7.44,-16.50,7.31,5.50,-1.19,9.35,56.33,10.20,9.00,46.24,41.53,46.42,73.00,68.95,87.93,38.79,77.78,116.33,73.05,58.64,22.00,21.15,16.11,31.00,35.00,24.47,41.12,24.44,23.00,47.16,59.27,33.00,79.32,52.19,87.29,60.35,88.00,15.88,7.88,6.27,2.24,12.23,8.24,12.77,1.00,9.73,6.77,178.00,6.00,6.00,6.00,18.24,15.81,319.00,7.00,7.00,13.00,6.87,5.55,121.00,7.00,5.00,5.00,15.56,12.38,308.00,10.00,8.00,13.00,2.40,2.09,39.00,7.00,5.00,0.00,0,휴식 (Relax)
-0.06,-4.12,17.50,36.44,-2.75,6.96,50.80,2.76,1.00,53.91,33.66,53.53,65.00,79.89,66.97,16.93,77.78,118.11,52.67,80.53,0.00,38.80,14.75,4.06,45.45,41.74,27.32,39.29,6.00,43.73,81.58,21.24,101.41,83.62,81.58,87.09,55.00,17.31,4.62,6.66,6.32,11.92,8.16,5.83,8.00,9.54,6.09,178.00,6.00,6.00,6.00,17.77,15.12,319.00,7.00,7.00,13.00,7.83,5.62,128.00,7.00,5.00,6.00,18.12,14.44,330.00,9.00,8.00,13.00,2.30,1.94,36.00,6.00,4.00,0.00,0,휴식 (Relax)
23.38,18.56,-6.50,-7.56,-2.62,21.72,54.84,24.18,25.02,71.97,18.89,72.75,40.00,83.31,63.19,17.99,66.91,107.40,63.19,70.12,11.00,38.80,14.75,4.06,45.45,41.74,27.32,39.29,6.00,43.73,81.58,21.24,101.41,83.62,81.58,87.09,55.00,17.46,6.32,5.85,7.21,13.57,6.32,7.80,6.00,11.29,8.23,203.00,7.00,7.00,7.00,16.83,14.44,297.00,7.00,7.00,13.00,7.83,5.62,146.00,8.00,6.00,7.00,18.12,14.44,363.00,10.00,8.00,13.00,2.39,2.03,33.00,5.00,4.00,0.00,0,휴식 (Relax)
21.81,6.19,-0.50,2.06,2.38,44.23,50.84,39.37,34.66,81.65,20.72,62.09,65.00,86.44,55.75,4.03,73.79,96.03,76.46,55.99,33.00,38.80,14.75,4.06,45.45,41.74,27.32,39.29,6.00,63.82,70.14,36.72,85.91,74.68,59.59,108.40,33.00,17.46,6.32,5.85,7.21,13.57,6.32,7.80,6.00,12.61,9.98,187.00,7.00,6.00,6.00,16.49,13.84,308.00,7.00,8.00,14.00,7.83,5.62,146.00,7.00,6.00,7.00,17.49,13.32,341.00,10.00,8.00,13.00,2.39,2.03,38.00,6.00,4.00,0.00,0,휴식 (Relax)
-19.19,-15.81,11.12,13.06,-0.44,44.23,50.84,39.37,34.66,81.65,20.72,62.09,65.00,86.44,55.75,4.03,73.79,96.03,76.46,55.99,33.00,38.22,13.46,7.45,50.22,47.62,31.60,34.17,0.00,63.82,70.14,36.72,85.91,74.68,59.59,108.40,33.00,15.81,8.12,5.08,6.08,13.22,5.66,9.87,3.00,12.61,9.98,212.00,8.00,6.00,6.00,16.49,13.84,308.00,7.00,8.00,14.00,8.22,6.09,152.00,7.00,6.00,8.00,17.49,13.32,341.00,10.00,8.00,13.00,2.32,1.85,38.00,6.00,4.00,0.00,0,휴식 (Relax)
-3.19,6.19,4.75,2.06,2.38,44.23,50.84,39.37,34.66,81.65,20.72,62.09,65.00,86.44,55.75,4.03,73.79,96.03,76.46,55.99,33.00,36.24,10.14,8.67,53.91,44.60,31.70,37.81,6.00,63.82,70.14,36.72,85.91,74.68,59.59,108.40,33.00,18.25,8.62,2.53,3.16,10.50,8.11,11.59,0.00,12.61,9.98,228.00,8.00,7.00,7.00,16.49,13.84,319.00,8.00,8.00,14.00,8.31,6.41,141.00,7.00,6.00,7.00,17.49,13.32,330.00,9.00,8.00,13.00,2.39,2.03,38.00,6.00,5.00,0.00,0,휴식 (Relax)
4.31,27.50,-12.62,0.69,-0.44,45.64,45.05,35.86,40.80,88.22,28.71,55.97,57.00,97.37,50.15,7.27,83.77,96.05,87.46,50.37,22.00,32.95,5.31,7.16,49.50,40.95,27.27,36.35,0.00,80.25,65.53,29.62,70.43,63.20,47.33,106.94,55.00,15.31,6.05,5.45,5.00,8.39,11.02,12.87,3.00,12.63,10.15,228.00,8.00,6.00,7.00,17.39,14.44,330.00,8.00,8.00,14.00,7.58,6.08,141.00,8.00,6.00,7.00,16.71,11.86,297.00,8.00,8.00,12.00,2.32,1.85,39.00,7.00,6.00,0.00,0,휴식 (Relax)
-3.19,-15.12,-7.25,-8.94,-0.12,47.34,45.47,30.49,36.67,94.94,34.67,48.54,49.00,76.49,47.50,19.14,77.78,117.06,103.98,37.07,0.00,37.83,11.29,12.70,53.91,35.10,21.28,38.15,6.00,71.32,53.31,12.34,88.68,41.20,28.08,117.80,77.00,10.43,1.25,8.19,4.47,7.33,9.30,13.06,2.00,12.61,9.98,220.00,8.00,6.00,6.00,17.77,15.12,374.00,9.00,9.00,15.00,7.80,6.41,146.00,8.00,7.00,7.00,16.60,11.95,297.00,9.00,7.00,12.00,2.00,1.44,37.00,7.00,6.00,0.00,0,휴식 (Relax)
-41.19,-72.81,-11.56,-48.12,4.75,72.07,36.66,7.92,66.94,104.83,43.89,80.54,81.00,60.21,66.47,98.67,162.37,93.06,124.98,114.96,85.00,48.69,20.85,21.42,47.51,38.36,30.26,31.47,5.00,110.63,32.98,64.69,83.77,99.67,104.94,67.96,0.00,12.07,2.50,9.01,6.32,5.66,10.66,14.32,4.00,16.24,11.48,227.00,7.00,5.00,6.00,25.81,19.21,415.00,9.00,8.00,15.00,8.34,7.01,145.00,8.00,7.00,7.00,19.78,13.75,308.00,8.00,6.00,12.00,2.22,1.62,39.00,7.00,5.00,0.00,0,휴식 (Relax)
-52.12,-27.69,-49.69,-111.94,-4.00,152.70,65.40,88.90,116.76,24.71,37.72,30.74,0.00,119.25,102.35,131.41,179.37,33.58,61.28,51.18,19.00,93.94,57.72,49.07,24.52,77.19,47.44,73.46,41.00,223.05,125.17,152.57,50.33,152.38,87.76,167.65,115.00,10.26,4.12,5.07,6.32,2.88,14.66,18.02,8.00,20.18,14.58,202.00,6.00,4.00,6.00,25.28,19.06,412.00,8.00,8.00,15.00,15.21,10.39,174.00,5.00,6.00,7.00,35.01,22.85,357.00,3.00,5.00,12.00,2.45,1.75,45.00,3.00,5.00,0.00,0,휴식 (Relax)
-56.19,-74.12,-27.31,-84.62,-3.56,197.78,91.94,115.60,98.66,54.98,38.44,39.05,47.00,192.13,131.21,121.33,117.69,104.69,131.56,115.02,92.00,128.27,81.73,60.32,62.20,57.62,10.86,36.10,3.00,337.76,209.74,191.57,92.20,70.99,40.12,51.94,2.00,12.93,11.09,7.98,13.15,5.23,11.09,11.03,1.00,24.65,18.62,193.00,5.00,4.00,5.00,31.68,23.62,430.00,7.00,8.00,15.00,16.63,12.02,177.00,4.00,6.00,7.00,40.76,30.69,322.00,2.00,5.00,12.00,2.50,1.92,38.00,3.00,4.00,0.00,0,휴식 (Relax)
-45.69,-76.88,-26.00,-71.38,-1.69,244.89,109.82,107.34,44.78,81.23,18.27,51.76,9.00,301.19,165.88,64.70,97.17,134.31,116.20,80.61,24.00,144.13,86.31,52.38,64.03,43.16,25.50,54.28,24.00,382.99,227.87,171.33,85.16,44.05,60.50,98.32,50.00,11.24,9.88,6.29,13.60,5.63,12.18,9.29,1.00,27.27,22.43,200.00,3.00,5.00,5.00,36.46,29.05,407.00,3.00,8.00,15.00,17.86,13.50,160.00,1.00,6.00,6.00,44.35,35.56,288.00,1.00,4.00,12.00,2.36,1.77,36.00,2.00,4.00,0.00,0,휴식 (Relax)
-56.25,-90.44,-14.25,-65.38,-5.31,294.39,118.01,56.49,97.99,34.48,63.30,28.34,62.00,387.38,184.48,60.90,195.92,49.45,47.41,75.24,79.00,159.74,78.45,25.39,37.58,70.81,30.63,40.42,4.00,450.62,217.67,77.13,18.44,138.63,35.92,68.73,46.00,17.15,10.43,7.50,8.06,4.38,18.15,7.64,7.00,30.78,26.69,207.00,3.00,5.00,6.00,43.27,36.33,405.00,2.00,7.00,15.00,17.97,14.19,170.00,3.00,6.00,7.00,47.02,40.73,277.00,1.00,4.00,11.00,2.73,2.15,40.00,2.00,4.00,0.00,0,휴식 (Relax)
-30.75,-57.25,-26.56,-69.44,-1.19,314.51,110.43,16.55,120.34,18.09,35.46,35.94,22.00,421.17,175.36,69.61,192.37,43.90,92.13,77.92,28.00,176.26,52.05,30.89,43.42,72.39,13.00,54.22,39.00,500.69,174.98,75.66,81.88,126.01,70.32,71.52,49.00,19.09,9.82,6.67,9.22,5.89,16.66,6.95,5.00,31.74,28.81,222.00,1.00,6.00,7.00,45.66,40.31,391.00,1.00,7.00,15.00,18.90,15.49,179.00,3.00,7.00,8.00,50.07,45.70,287.00,1.00,4.00,12.00,2.74,2.19,42.00,2.00,5.00,0.00,0,휴식 (Relax)
-41.81,-60.69,-19.56,-72.88,0.69,332.23,78.61,60.38,85.07,75.25,60.15,32.10,85.00,470.17,121.52,85.63,87.82,137.30,44.77,74.65,133.00,182.80,26.32,60.48,71.31,40.47,27.88,52.65,7.00,535.96,101.60,179.11,123.33,27.40,52.62,103.29,56.00,17.50,11.55,8.66,7.81,7.64,16.75,6.02,3.00,33.23,31.09,229.00,1.00,7.00,8.00,47.28,43.02,390.00,3.00,8.00,15.00,19.38,16.55,184.00,1.00,8.00,8.00,53.08,49.89,297.00,1.00,4.00,13.00,2.73,2.15,42.00,2.00,5.00,0.00,0,휴식 (Relax)
-51.44,-64.19,-26.94,-75.69,-1.19,341.92,47.40,131.90,26.48,76.79,94.48,67.79,1.00,500.76,67.64,111.41,126.62,112.20,62.24,105.64,29.00,183.41,16.51,77.65,67.68,70.67,18.91,43.14,49.00,553.06,38.56,238.21,99.02,140.63,63.37,35.44,59.00,18.53,9.66,7.96,6.40,7.81,18.35,4.91,1.00,34.99,32.81,244.00,1.00,7.00,9.00,49.36,46.16,389.00,3.00,7.00,15.00,20.34,17.95,188.00,1.00,9.00,9.00,55.95,53.06,296.00,1.00,4.00,13.00,2.74,2.19,44.00,2.00,5.00,0.00,0,휴식 (Relax)
-46.06,-39.62,-14.56,-49.06,3.62,339.56,82.90,159.05,112.11,20.31,13.20,18.53,85.00,506.55,56.91,105.24,184.56,43.03,64.72,43.87,102.00,177.36,48.56,68.48,31.76,84.71,20.01,61.74,11.00,548.45,102.76,218.27,36.40,147.42,68.51,108.57,47.00,18.19,11.22,5.82,8.94,5.61,21.31,3.41,2.00,35.86,33.20,236.00,1.00,6.00,9.00,49.85,47.12,398.00,3.00,8.00,15.00,19.95,17.69,186.00,1.00,9.00,9.00,55.88,52.81,283.00,1.00,4.00,13.00,2.89,2.38,47.00,3.00,6.00,0.00,0,휴식 (Relax)
-41.19,-34.38,-20.81,-40.38,0.50,325.68,125.49,132.98,133.69,58.16,77.21,60.10,7.00,493.28,87.26,64.16,160.20,121.19,22.05,123.97,18.00,160.76,93.24,27.59,53.00,28.72,44.55,22.42,71.00,518.95,203.48,109.70,105.80,10.44,72.56,31.36,92.00,18.99,11.16,3.91,8.25,7.56,20.18,4.79,0.00,36.48,32.86,211.00,1.00,6.00,8.00,49.33,46.17,376.00,3.00,7.00,14.00,18.53,16.54,172.00,1.00,9.00,9.00,51.88,49.17,239.00,1.00,3.00,12.00,2.87,2.31,50.00,3.00,7.00,0.00,0,휴식 (Relax)
-20.69,-18.38,-18.56,-43.81,-1.50,297.72,159.23,56.60,76.84,81.28,76.55,36.40,95.00,458.08,136.57,44.65,64.50,140.67,90.91,36.49,114.00,147.03,109.65,12.48,78.24,40.03,22.97,47.45,35.00,479.88,255.46,18.89,139.60,102.80,62.27,74.33,13.00,18.99,11.16,3.91,8.25,7.56,20.18,4.79,0.00,33.24,28.86,226.00,1.00,6.00,9.00,45.97,41.72,375.00,3.00,7.00,14.00,18.73,16.51,166.00,3.00,9.00,9.00,51.19,47.27,238.00,1.00,3.00,12.00,2.87,2.31,47.00,2.00,6.00,0.00,0,휴식 (Relax)
-35.81,-31.81,-15.94,-36.56,-1.19,254.78,182.58,60.05,44.10,53.42,37.39,74.28,15.00,401.19,180.17,105.46,129.87,40.98,55.38,122.88,9.00,125.24,111.01,40.10,64.07,67.81,32.66,6.46,77.00,417.41,272.26,132.41,92.66,130.77,53.85,51.00,103.00,14.34,16.16,2.19,8.54,12.04,16.16,0.72,5.00,29.80,24.89,207.00,3.00,6.00,9.00,43.42,37.49,373.00,3.00,7.00,14.00,18.20,15.55,154.00,3.00,8.00,8.00,48.60,42.77,227.00,1.00,2.00,11.00,2.74,2.19,44.00,2.00,5.00,0.00,0,휴식 (Relax)
-18.38,-26.62,-7.88,-9.88,3.62,228.21,176.53,104.85,87.24,21.45,52.93,35.47,40.00,342.67,193.07,131.91,185.41,84.53,32.76,77.76,92.00,96.32,94.48,66.08,15.30,38.75,52.89,55.33,28.00,344.51,248.18,204.38,18.60,45.22,76.18,56.31,4.00,17.34,14.10,4.42,11.40,14.26,13.16,3.54,8.00,28.94,22.89,205.00,3.00,7.00,9.00,41.92,33.69,351.00,3.00,7.00,13.00,15.45,12.70,153.00,3.00,8.00,8.00,42.70,34.81,236.00,1.00,2.00,11.00,2.89,2.38,46.00,3.00,4.00,0.00,0,휴식 (Relax)
-13.94,-1.31,-14.56,-13.25,3.62,184.40,138.82,123.56,86.01,49.78,18.71,77.09,31.00,270.06,177.12,115.03,149.64,125.78,80.43,101.64,7.00,67.43,62.72,73.49,57.97,29.45,7.26,19.94,81.00,259.16,186.75,208.31,96.18,80.19,39.62,61.16,102.00,17.34,14.10,4.42,11.40,14.26,13.16,3.54,8.00,25.80,18.80,197.00,5.00,6.00,9.00,36.72,25.88,349.00,3.00,6.00,13.00,13.06,10.19,146.00,7.00,8.00,8.00,36.62,26.53,246.00,1.00,3.00,12.00,2.89,2.38,43.00,3.00,4.00,0.00,0,휴식 (Relax)
-9.00,5.38,-17.00,-16.00,5.31,131.06,74.70,100.93,34.00,78.06,63.93,65.77,48.00,167.70,131.22,60.75,48.83,54.62,44.74,120.85,114.00,53.06,31.38,58.11,79.20,59.21,35.76,36.75,40.00,155.70,90.30,139.72,138.66,141.86,77.58,54.91,14.00,21.28,18.25,5.52,6.71,9.31,14.45,8.12,13.00,19.72,13.75,189.00,5.00,6.00,9.00,24.61,17.03,305.00,4.00,6.00,12.00,12.62,9.75,146.00,7.00,7.00,8.00,28.01,18.25,245.00,5.00,3.00,12.00,3.20,2.69,45.00,3.00,4.00,0.00,0,휴식 (Relax)
-24.25,-9.44,-4.75,-0.06,3.12,79.49,19.26,45.35,58.00,46.78,55.15,60.56,44.00,84.72,85.41,43.93,117.99,44.35,38.31,64.27,31.00,51.08,10.17,26.49,59.46,39.39,31.76,31.65,76.00,66.52,10.36,45.35,101.00,81.03,60.12,50.57,81.00,23.09,21.16,4.95,6.00,11.23,11.68,6.02,10.00,13.10,10.66,170.00,5.00,6.00,9.00,17.31,12.01,262.00,7.00,5.00,12.00,10.23,7.88,151.00,7.00,8.00,9.00,16.01,10.09,211.00,5.00,4.00,12.00,3.30,2.88,42.00,3.00,3.00,0.00,0,휴식 (Relax)
6.19,29.31,-7.50,12.50,5.12,70.11,35.03,26.31,62.39,24.39,32.17,56.16,21.00,103.28,102.82,54.87,112.79,43.82,54.69,52.97,11.00,59.73,35.58,15.88,28.28,23.47,11.59,25.09,40.00,26.76,39.57,40.63,60.00,55.94,20.84,10.19,40.00,23.09,21.16,4.95,6.00,11.23,11.68,6.02,10.00,11.09,9.04,183.00,6.00,7.00,9.00,18.70,13.45,261.00,6.00,5.00,12.00,7.91,6.56,115.00,6.00,8.00,8.00,9.68,8.12,150.00,7.00,3.00,12.00,3.30,2.88,35.00,2.00,3.00,0.00,0,휴식 (Relax)
-0.88,21.25,-7.81,10.62,10.19,61.95,41.37,13.46,48.76,29.53,43.60,52.20,36.00,82.96,74.05,27.82,82.46,25.14,70.12,36.23,20.00,59.14,33.47,11.56,25.00,19.44,11.40,26.28,35.00,56.76,35.58,10.63,67.08,25.94,11.59,19.81,10.00,26.42,22.86,11.59,16.16,3.77,14.54,17.13,5.00,10.55,8.09,184.00,7.00,7.00,9.00,14.52,11.41,220.00,8.00,6.00,12.00,7.49,6.29,95.00,5.00,8.00,7.00,8.99,7.11,130.00,6.00,3.00,11.00,4.10,3.41,41.00,3.00,3.00,0.00,0,휴식 (Relax)
-13.50,29.38,-2.19,28.75,3.62,47.33,43.29,29.86,43.01,45.42,44.74,66.01,14.00,93.35,88.50,33.30,94.34,6.95,74.62,30.46,50.00,56.82,30.81,13.42,33.54,11.46,10.04,27.56,25.00,85.25,63.55,27.73,42.43,46.57,19.01,13.94,40.00,28.93,21.66,18.55,15.30,8.52,5.55,8.14,4.00,10.96,8.38,191.00,7.00,6.00,10.00,16.38,13.28,220.00,5.00,7.00,12.00,7.28,5.86,100.00,5.00,8.00,7.00,11.66,9.06,140.00,4.00,3.00,11.00,4.01,3.38,45.00,3.00,4.00,0.00,0,휴식 (Relax)
8.94,46.56,-10.94,18.12,3.19,41.80,40.81,35.31,50.01,39.84,38.68,59.51,21.00,117.33,100.92,53.29,53.49,63.51,114.44,71.03,11.00,49.56,19.59,16.63,30.41,17.82,25.82,35.34,45.00,93.41,72.43,35.34,36.06,49.05,12.43,4.49,30.00,30.06,17.87,19.02,8.54,5.84,11.77,14.72,3.00,10.46,8.05,198.00,8.00,6.00,10.00,20.13,16.24,221.00,5.00,6.00,12.00,7.55,5.66,100.00,5.00,8.00,7.00,12.36,9.84,150.00,4.00,4.00,12.00,4.00,3.34,41.00,3.00,3.00,0.00,0,휴식 (Relax)
8.44,12.44,-4.38,8.12,2.50,49.47,47.98,37.87,50.49,42.95,30.92,51.51,29.00,139.14,99.99,66.09,19.00,59.21,65.45,21.22,39.00,41.48,13.61,25.06,7.07,33.63,10.71,17.92,20.00,93.41,72.43,35.34,36.06,49.05,12.43,4.49,30.00,30.80,8.61,12.19,11.31,5.58,11.91,8.92,8.00,10.68,8.42,175.00,8.00,5.00,9.00,18.35,15.06,222.00,5.00,6.00,12.00,5.83,4.53,90.00,5.00,8.00,6.00,12.36,9.84,150.00,3.00,4.00,12.00,3.52,2.88,37.00,3.00,3.00,0.00,0,휴식 (Relax)
38.44,60.88,24.38,97.50,0.19,65.37,63.19,53.87,66.37,27.06,41.19,66.64,13.00,171.13,87.59,69.85,92.00,14.22,119.78,93.78,34.00,53.26,25.38,36.19,25.50,51.14,29.26,15.47,0.00,154.58,99.32,71.48,129.52,134.23,117.34,101.59,76.00,30.48,3.63,7.20,15.26,7.04,7.27,8.79,3.00,13.27,9.45,191.00,6.00,5.00,9.00,24.08,18.91,265.00,1.00,7.00,12.00,8.45,5.94,115.00,6.00,7.00,7.00,28.04,17.06,236.00,3.00,5.00,12.00,3.32,2.51,37.00,3.00,3.00,0.00,0,휴식 (Relax)
59.00,76.31,23.44,79.94,7.50,116.84,102.10,89.77,81.61,66.90,66.29,42.23,68.00,222.91,95.44,89.49,139.60,103.55,134.76,45.18,71.00,67.39,40.14,50.11,26.93,53.39,18.40,19.90,15.00,227.44,149.30,143.70,146.63,165.82,81.19,39.61,29.00,28.37,8.33,10.10,13.34,4.63,18.07,14.95,14.00,20.11,13.75,200.00,5.00,5.00,9.00,30.59,23.52,277.00,1.00,6.00,12.00,10.11,7.34,105.00,5.00,6.00,6.00,34.49,23.84,237.00,3.00,5.00,12.00,3.77,2.81,43.00,1.00,3.00,0.00,0,휴식 (Relax)
39.62,58.81,27.50,93.38,3.88,162.95,125.30,95.04,49.48,86.42,14.15,51.24,14.00,275.88,132.89,113.48,105.68,103.33,41.31,75.74,33.00,98.30,63.79,60.80,11.66,22.76,32.29,16.27,16.00,321.67,208.55,188.22,75.80,45.82,80.53,116.63,108.00,26.17,17.70,19.51,4.24,7.35,14.24,5.69,4.00,22.38,16.17,216.00,5.00,6.00,10.00,32.65,26.48,268.00,5.00,7.00,12.00,12.35,9.81,101.00,4.00,5.00,5.00,41.09,31.69,239.00,3.00,6.00,12.00,3.64,2.75,41.00,1.00,3.00,0.00,0,휴식 (Relax)
43.75,53.56,26.19,65.44,-1.12,209.25,132.09,67.16,18.44,32.45,66.36,65.33,76.00,312.19,156.56,107.79,24.19,22.92,125.25,62.13,51.00,117.53,72.08,52.49,12.53,39.03,34.91,18.32,5.00,378.99,228.25,168.10,22.83,77.80,110.15,71.78,13.00,26.17,17.70,19.51,4.24,7.35,14.24,5.69,4.00,24.80,19.88,224.00,1.00,7.00,10.00,34.86,29.35,268.00,3.00,7.00,12.00,13.98,11.62,91.00,3.00,5.00,4.00,44.01,36.90,261.00,3.00,7.00,13.00,3.64,2.75,43.00,2.00,3.00,0.00,0,휴식 (Relax)
54.88,58.62,24.25,49.19,-1.31,259.00,121.70,24.92,91.08,69.13,69.68,33.25,2.00,342.18,163.73,72.30,85.62,92.19,86.61,59.59,44.00,141.47,71.33,22.48,27.31,52.16,12.14,16.56,26.00,416.03,213.08,99.47,75.69,120.41,26.16,84.43,97.00,24.06,17.23,17.01,6.71,6.95,17.23,2.75,1.00,28.17,24.30,225.00,1.00,6.00,10.00,37.18,32.97,269.00,3.00,6.00,12.00,15.27,13.66,91.00,1.00,5.00,4.00,45.17,40.37,262.00,1.00,7.00,13.00,3.49,2.56,41.00,2.00,3.00,0.00,0,휴식 (Relax)
35.94,43.00,32.62,53.62,-1.62,281.51,102.64,39.37,95.86,84.97,24.06,51.74,45.00,354.67,150.19,42.26,126.15,109.31,58.84,70.06,30.00,167.66,59.28,30.63,39.82,18.73,52.25,34.18,16.00,444.69,158.45,36.06,112.04,55.67,125.42,113.82,8.00,19.65,13.86,13.00,10.00,11.63,13.86,7.33,6.00,29.58,26.95,219.00,1.00,6.00,10.00,38.20,34.88,260.00,3.00,7.00,12.00,17.35,16.09,102.00,1.00,5.00,5.00,45.80,42.97,273.00,1.00,8.00,14.00,3.12,2.25,41.00,2.00,3.00,0.00,0,휴식 (Relax)
39.12,37.12,24.38,67.69,-1.94,304.97,56.14,80.48,35.47,20.10,99.82,31.08,32.00,355.93,112.07,68.34,95.63,24.72,136.83,43.98,64.00,184.17,43.69,63.36,32.89,26.37,31.99,1.83,20.00,462.41,77.30,163.00,100.70,79.65,112.97,49.06,119.00,14.73,8.97,15.46,8.06,9.39,13.91,4.44,1.00,30.07,28.23,213.00,1.00,7.00,9.00,37.12,34.38,260.00,3.00,7.00,12.00,18.30,17.45,103.00,1.00,5.00,5.00,47.19,45.48,275.00,1.00,7.00,14.00,2.66,1.94,36.00,2.00,3.00,0.00,0,휴식 (Relax)
58.62,62.19,17.75,40.38,-6.62,320.77,53.23,112.50,56.52,73.51,80.07,72.42,56.00,347.48,86.50,142.44,33.84,114.65,56.82,117.31,63.00,190.37,28.78,70.93,12.08,39.44,27.42,24.26,6.00,460.46,50.96,211.59,54.00,110.50,41.13,95.05,34.00,19.67,13.54,10.73,13.04,13.75,11.87,7.29,4.00,33.10,30.75,238.00,1.00,7.00,10.00,37.68,34.69,273.00,1.00,7.00,12.00,18.78,18.25,98.00,1.00,5.00,4.00,47.25,45.88,287.00,1.00,8.00,14.00,3.12,2.25,41.00,2.00,3.00,0.00,0,휴식 (Relax)
37.19,3.94,37.06,55.06,-4.44,323.29,94.09,107.25,100.40,90.41,37.22,4.14,15.00,336.99,88.81,146.30,52.01,115.35,39.68,65.38,11.00,194.46,36.72,55.79,48.26,29.22,76.01,37.43,53.00,437.59,111.69,198.74,63.00,43.25,157.50,26.93,151.00,22.31,15.08,11.15,13.15,11.77,14.51,4.44,1.00,33.62,30.96,255.00,1.00,8.00,11.00,35.88,31.93,328.00,1.00,8.00,13.00,20.55,19.20,116.00,1.00,5.00,5.00,47.29,45.45,299.00,1.00,8.00,14.00,3.30,2.44,41.00,2.00,4.00,0.00,0,휴식 (Relax)
32.75,21.31,27.44,67.75,-1.31,313.58,128.12,66.53,85.51,28.51,100.76,70.84,56.00,306.96,87.98,97.96,58.69,43.65,100.05,135.67,85.00,193.25,79.61,35.43,79.20,36.31,35.39,21.81,5.00,394.76,213.83,109.48,161.77,105.84,110.09,134.90,2.00,23.67,14.90,13.13,11.18,10.86,12.64,6.44,3.00,33.55,30.06,234.00,1.00,7.00,10.00,34.11,29.48,330.00,3.00,8.00,13.00,20.59,18.55,112.00,1.00,5.00,4.00,46.87,43.44,311.00,1.00,8.00,14.00,3.31,2.48,42.00,2.00,4.00,0.00,0,휴식 (Relax)
27.00,15.44,8.50,-2.81,-9.75,288.72,156.22,28.93,17.89,80.34,50.30,41.84,36.00,256.43,103.40,6.93,67.62,129.02,42.35,79.59,9.00,187.59,94.70,25.23,65.25,25.08,34.12,9.73,26.00,364.92,243.69,41.83,149.34,104.60,57.23,65.98,75.00,28.31,10.45,19.11,13.04,19.86,18.08,3.83,6.00,30.66,26.88,205.00,1.00,6.00,9.00,28.76,24.80,290.00,3.00,7.00,12.00,20.02,17.19,124.00,1.00,5.00,5.00,43.12,37.73,367.00,2.00,9.00,14.00,4.15,2.97,49.00,2.00,5.00,0.00,0,휴식 (Relax)
0.56,-57.31,-8.75,-56.44,-5.31,271.61,154.25,48.07,24.35,86.14,32.19,17.75,3.00,271.30,107.91,17.08,81.57,133.59,59.00,85.37,29.00,178.95,94.27,14.53,46.24,7.03,45.22,10.39,6.00,358.37,241.68,33.65,139.36,94.62,66.71,72.76,65.00,31.06,6.21,18.61,19.31,18.35,18.85,3.47,1.00,29.21,23.90,221.00,1.00,6.00,10.00,30.77,26.36,354.00,4.00,6.00,12.00,18.85,15.47,140.00,2.00,5.00,6.00,42.22,36.95,420.00,2.00,9.00,15.00,4.35,3.14,47.00,2.00,5.00,0.00,0,휴식 (Relax)
-46.44,-66.06,-19.38,-94.56,-4.50,271.61,154.25,48.07,24.35,86.14,32.19,17.75,3.00,290.38,126.09,26.95,95.78,149.48,40.33,72.37,9.00,171.99,88.16,6.17,50.77,16.84,35.22,2.93,16.00,385.30,266.93,37.84,144.64,85.84,94.29,88.96,35.00,35.05,8.29,9.61,18.97,8.45,9.56,10.57,12.00,29.21,23.90,254.00,2.00,5.00,10.00,33.00,27.92,354.00,4.00,6.00,12.00,18.03,14.61,145.00,2.00,4.00,7.00,45.66,39.30,440.00,2.00,8.00,15.00,4.05,3.06,41.00,3.00,5.00,0.00,0,휴식 (Relax)
-47.31,-54.81,-24.38,-63.31,0.62,258.75,140.30,34.26,12.04,92.57,18.19,13.49,17.00,310.29,144.79,28.56,84.22,133.05,50.62,89.85,29.00,171.99,88.16,6.17,50.77,16.84,35.22,2.93,16.00,405.28,286.37,30.83,125.54,69.28,87.49,84.68,55.00,35.31,9.24,7.61,17.09,10.44,11.43,8.61,10.00,27.55,22.77,232.00,4.00,5.00,9.00,34.68,29.48,343.00,4.00,6.00,12.00,18.03,14.61,140.00,2.00,3.00,6.00,47.11,40.86,460.00,2.00,9.00,15.00,4.00,2.98,46.00,4.00,5.00,0.00,0,휴식 (Relax)
-46.81,-61.62,-15.62,-72.06,-5.81,266.75,146.49,39.28,9.00,88.08,13.61,14.06,25.00,356.20,173.09,38.24,47.41,129.90,74.16,39.05,22.00,152.01,72.72,20.02,43.57,12.33,40.53,22.19,36.00,424.13,297.42,13.52,120.67,87.30,79.01,81.23,35.00,34.36,11.61,8.90,16.28,11.27,5.22,16.78,19.00,28.32,23.38,232.00,2.00,5.00,9.00,37.98,33.52,322.00,2.00,6.00,12.00,16.21,13.05,145.00,2.00,4.00,7.00,48.75,42.54,460.00,2.00,9.00,15.00,4.22,3.36,53.00,5.00,6.00,0.00,0,휴식 (Relax)
-38.81,-69.75,-21.25,-80.81,-1.50,266.75,146.49,39.28,9.00,88.08,13.61,14.06,25.00,377.49,173.63,43.81,75.29,156.56,44.19,68.48,8.00,142.66,73.29,27.56,33.73,19.79,31.00,12.98,26.00,439.30,294.66,8.72,140.43,89.62,97.34,91.65,55.00,32.88,12.12,13.76,21.21,6.33,5.02,13.32,14.00,28.32,23.38,209.00,2.00,5.00,8.00,40.64,36.09,279.00,1.00,6.00,12.00,15.18,12.34,120.00,2.00,5.00,6.00,50.55,44.26,374.00,1.00,8.00,15.00,4.15,3.31,55.00,5.00,6.00,0.00,0,휴식 (Relax)
-50.94,-73.94,-20.00,-73.56,-3.19,301.67,123.45,6.81,46.87,89.75,58.84,42.22,71.00,424.36,135.89,75.70,135.68,108.67,126.69,49.06,85.00,157.66,58.79,37.06,35.47,37.78,15.34,15.97,6.00,503.78,217.15,123.26,194.47,31.28,47.79,59.65,61.00,30.25,10.79,15.54,21.10,8.75,8.10,15.32,19.00,31.16,27.34,200.00,1.00,5.00,8.00,44.77,41.70,267.00,1.00,5.00,12.00,16.03,13.75,120.00,1.00,5.00,6.00,53.23,48.92,363.00,1.00,7.00,14.00,4.22,3.44,49.00,5.00,5.00,0.00,0,휴식 (Relax)
-40.00,-38.62,-18.75,-38.88,2.31,337.47,70.56,66.77,85.44,27.71,41.88,41.07,8.00,451.63,86.69,108.52,115.73,61.08,112.04,44.38,0.00,168.14,38.91,56.22,18.38,41.40,22.32,6.86,26.00,530.52,145.35,164.92,150.31,84.02,29.37,81.95,14.00,24.63,7.24,12.40,13.15,13.96,1.24,16.02,11.00,32.46,29.88,191.00,1.00,5.00,7.00,44.63,42.55,286.00,1.00,6.00,12.00,16.74,15.16,114.00,1.00,5.00,6.00,53.55,50.27,371.00,1.00,6.00,14.00,3.42,2.94,51.00,6.00,6.00,0.00,0,휴식 (Relax)
-23.00,-15.25,-31.19,-60.94,2.62,348.00,38.56,82.26,73.35,54.28,15.92,15.04,40.00,456.16,48.50,101.97,62.37,113.70,73.51,41.26,54.00,181.18,25.79,74.62,30.87,1.50,45.66,38.97,15.00,550.28,60.21,166.15,64.63,91.09,116.35,59.42,113.00,20.42,5.12,7.70,13.34,10.08,4.21,13.20,16.00,32.95,31.25,198.00,1.00,5.00,8.00,43.86,41.50,306.00,1.00,6.00,13.00,18.48,16.81,129.00,1.00,5.00,7.00,53.76,50.94,379.00,1.00,7.00,14.00,2.93,2.62,46.00,6.00,6.00,0.00,0,휴식 (Relax)
-27.06,-30.62,-14.56,-6.56,4.50,350.51,33.73,72.92,28.65,71.99,62.39,59.24,7.00,443.72,32.65,53.60,86.27,97.47,146.59,44.11,20.00,184.08,50.85,67.59,48.01,24.82,21.82,14.86,11.00,546.38,103.49,134.01,118.34,48.81,76.19,51.24,59.00,22.37,6.71,9.29,11.40,11.08,5.56,11.78,18.00,33.39,32.06,189.00,1.00,5.00,7.00,43.43,40.70,315.00,1.00,6.00,13.00,18.69,17.01,144.00,1.00,6.00,8.00,52.57,48.38,419.00,1.00,7.00,14.00,3.08,2.75,48.00,6.00,6.00,0.00,0,휴식 (Relax)
-30.62,-25.31,-22.31,-51.69,-0.31,338.42,104.44,35.92,88.60,23.08,47.08,18.82,64.00,411.45,98.69,32.63,158.23,25.91,96.16,66.97,65.00,180.04,83.14,34.87,39.81,35.90,45.31,45.48,25.00,515.65,194.93,41.29,156.63,79.02,111.16,69.24,153.00,19.42,3.85,10.30,11.00,14.03,6.57,9.17,21.00,33.04,31.45,181.00,1.00,4.00,6.00,41.61,37.89,304.00,1.00,6.00,12.00,19.33,17.27,143.00,1.00,6.00,8.00,53.42,48.23,459.00,1.00,8.00,14.00,3.01,2.60,53.00,7.00,7.00,0.00,0,휴식 (Relax)
-19.69,-20.69,-14.69,-17.00,7.38,320.28,142.84,26.44,111.40,25.54,12.10,30.50,17.00,368.89,147.32,85.93,146.58,99.91,90.74,12.53,9.00,167.93,107.80,22.56,8.54,19.20,52.17,29.21,17.00,474.64,246.02,82.17,111.62,116.94,131.44,66.56,78.00,23.72,7.35,5.34,16.00,15.93,7.35,4.38,26.00,32.83,30.61,181.00,1.00,5.00,6.00,40.03,34.70,304.00,1.00,6.00,12.00,18.64,15.86,142.00,1.00,7.00,8.00,51.80,45.00,467.00,3.00,8.00,14.00,3.50,2.95,61.00,8.00,8.00,0.00,0,휴식 (Relax)
-23.75,-16.06,-12.44,-20.31,4.25,282.62,170.97,56.23,75.29,64.43,71.09,42.41,80.00,312.96,173.95,113.94,73.16,98.63,139.68,71.62,65.00,151.66,114.02,58.29,28.16,17.30,18.28,30.50,19.00,395.93,276.24,179.32,43.19,50.56,35.80,65.66,185.00,25.06,8.12,5.28,16.12,17.19,8.12,6.38,24.00,32.13,28.66,164.00,1.00,5.00,5.00,37.81,30.84,271.00,3.00,5.00,11.00,18.10,14.60,137.00,1.00,6.00,8.00,47.79,39.18,455.00,3.00,8.00,14.00,3.61,3.09,59.00,7.00,8.00,0.00,0,휴식 (Relax)
-18.25,0.00,-5.81,3.75,3.81,217.37,180.27,102.51,27.20,61.60,53.32,45.67,8.00,226.54,180.74,112.00,110.63,3.09,46.53,31.46,32.00,135.10,105.26,70.82,36.24,22.17,44.08,34.11,7.00,338.22,263.99,197.34,108.07,25.20,100.54,64.11,120.00,28.34,9.20,12.20,9.22,10.84,2.32,2.53,31.00,27.92,23.38,147.00,1.00,5.00,4.00,29.64,22.50,226.00,3.00,4.00,11.00,17.52,13.09,119.00,1.00,5.00,7.00,44.79,33.59,453.00,4.00,9.00,14.00,3.68,3.19,57.00,7.00,8.00,0.00,0,휴식 (Relax)
30.25,72.94,6.62,70.12,9.12,196.28,171.63,100.84,48.70,40.00,29.84,25.97,16.00,259.13,197.12,136.69,92.61,29.95,48.78,64.31,65.00,104.14,75.01,62.14,25.50,21.52,35.12,23.46,32.00,316.41,247.81,183.32,109.49,39.36,85.45,48.89,142.00,32.45,12.61,19.92,12.73,14.14,13.16,9.31,20.00,25.59,21.12,194.00,2.00,5.00,5.00,33.40,25.59,279.00,4.00,4.00,11.00,13.62,9.64,123.00,4.00,5.00,8.00,42.25,31.70,496.00,4.00,8.00,14.00,4.36,3.64,60.00,6.00,7.00,0.00,0,휴식 (Relax)
39.25,82.56,18.06,103.81,11.44,180.43,157.63,86.64,46.00,40.40,44.51,34.77,0.00,280.52,218.75,156.00,112.95,29.29,29.35,44.04,43.00,83.09,52.05,42.89,11.00,15.40,18.25,30.71,9.00,305.78,236.81,172.69,98.66,30.50,84.84,58.47,131.00,35.82,16.70,20.98,21.93,21.46,8.67,6.02,31.00,23.69,19.62,202.00,2.00,5.00,5.00,36.25,27.66,290.00,4.00,4.00,12.00,10.13,7.66,116.00,4.00,5.00,8.00,40.43,30.76,463.00,4.00,8.00,14.00,5.26,4.24,54.00,5.00,6.00,0.00,0,휴식 (Relax)
55.25,91.50,24.06,69.44,-0.12,180.43,157.63,86.64,46.00,40.40,44.51,34.77,0.00,307.99,246.48,157.12,128.14,3.91,62.19,69.87,76.00,83.09,52.05,42.89,11.00,15.40,18.25,30.71,9.00,323.48,252.67,176.77,104.92,43.19,71.19,80.43,109.00,37.53,18.40,15.71,20.00,14.56,5.77,5.36,22.00,23.69,19.62,194.00,2.00,5.00,5.00,40.35,30.75,227.00,3.00,4.00,12.00,10.13,7.66,106.00,4.00,5.00,7.00,42.40,32.65,443.00,3.00,9.00,14.00,4.77,3.66,61.00,3.00,7.00,1.00,0,휴식 (Relax)
38.75,43.56,33.38,75.06,-5.12,186.90,161.81,84.90,46.69,47.37,47.72,35.64,8.00,348.43,269.07,107.66,83.86,62.78,51.78,58.11,13.00,109.06,60.29,49.00,29.15,26.20,44.11,4.29,36.00,376.42,270.97,119.46,41.48,50.73,156.14,28.68,195.00,37.53,18.40,15.71,20.00,14.56,5.77,5.36,22.00,24.42,20.38,163.00,1.00,6.00,5.00,41.69,34.23,261.00,3.00,4.00,12.00,13.13,9.98,107.00,3.00,5.00,7.00,46.59,38.79,414.00,3.00,9.00,14.00,4.77,3.66,66.00,3.00,7.00,1.00,0,휴식 (Relax)
66.25,49.31,31.06,67.19,4.25,245.42,166.98,19.12,42.76,103.13,44.56,73.48,80.00,387.23,256.52,40.33,44.64,79.77,39.37,62.28,97.00,140.60,62.37,39.02,37.48,21.12,38.32,41.23,1.00,437.42,248.85,13.09,86.70,97.62,98.35,108.37,69.00,34.14,10.28,15.21,22.36,24.54,5.14,11.72,12.00,29.52,25.91,196.00,1.00,7.00,6.00,42.93,37.70,262.00,1.00,4.00,12.00,15.36,12.54,102.00,1.00,4.00,7.00,47.95,42.27,384.00,3.00,8.00,13.00,4.71,3.72,71.00,4.00,7.00,2.00,0,휴식 (Relax)
37.31,65.31,22.81,71.50,-3.56,280.06,150.15,49.36,69.20,68.46,58.46,54.04,17.00,415.86,201.41,126.62,139.52,37.82,91.40,90.99,1.00,166.11,57.72,21.05,27.51,18.71,17.29,15.30,35.00,474.75,196.06,119.91,146.01,79.84,74.53,62.28,176.00,35.93,13.27,12.23,19.72,25.69,6.78,13.85,9.00,30.54,28.11,221.00,1.00,8.00,7.00,45.68,42.11,274.00,1.00,4.00,12.00,16.21,13.98,98.00,1.00,3.00,6.00,50.84,46.75,385.00,1.00,8.00,13.00,4.80,3.88,72.00,5.00,7.00,2.00,0,휴식 (Relax)
3.38,-31.31,-3.19,-26.75,-1.00,290.35,128.31,62.13,56.09,46.95,27.51,44.19,48.00,416.21,192.07,132.76,139.01,28.20,82.14,81.44,11.00,166.11,57.72,21.05,27.51,18.71,17.29,15.30,35.00,476.60,178.70,128.56,135.20,60.01,82.81,52.36,156.00,29.99,9.26,16.89,17.26,21.66,9.71,18.16,2.00,29.82,27.08,245.00,1.00,7.00,8.00,45.18,41.64,360.00,2.00,5.00,12.00,16.21,13.98,119.00,2.00,3.00,7.00,49.94,45.81,472.00,2.00,9.00,13.00,4.39,3.50,71.00,5.00,8.00,2.00,0,휴식 (Relax)
-19.62,-13.81,-17.56,-66.12,-9.62,290.35,128.31,62.13,56.09,46.95,27.51,44.19,48.00,404.39,156.18,119.44,99.02,50.55,103.76,121.37,29.00,165.59,67.58,29.67,32.20,23.78,27.26,12.40,25.00,479.45,188.44,134.92,144.01,58.44,92.54,46.11,146.00,35.87,8.50,19.43,23.19,15.70,11.48,21.39,4.00,29.82,27.08,253.00,2.00,6.00,8.00,43.34,39.77,370.00,2.00,5.00,12.00,16.70,14.45,134.00,2.00,3.00,8.00,50.70,46.28,512.00,2.00,9.00,14.00,4.94,3.83,78.00,5.00,8.00,2.00,0,휴식 (Relax)
-20.56,-63.81,1.81,-28.00,-0.94,284.90,117.23,47.27,60.84,45.83,32.37,35.19,63.00,404.39,156.18,119.44,99.02,50.55,103.76,121.37,29.00,162.24,59.81,31.74,40.71,33.39,35.39,13.31,15.00,460.89,174.36,106.92,160.00,86.30,118.95,26.82,116.00,30.99,11.94,14.55,24.35,15.18,11.46,23.36,9.00,28.94,26.26,246.00,2.00,6.00,8.00,43.34,39.77,390.00,2.00,6.00,12.00,16.59,14.21,154.00,3.00,4.00,9.00,49.12,44.88,522.00,2.00,9.00,14.00,4.72,3.55,82.00,5.00,9.00,2.00,0,휴식 (Relax)
-28.56,-43.19,-12.88,-65.50,-7.50,284.90,117.23,47.27,60.84,45.83,32.37,35.19,63.00,413.04,151.54,125.36,89.02,60.39,111.32,114.90,19.00,165.52,60.28,26.74,38.63,34.53,36.96,14.64,10.00,495.69,164.12,113.33,130.23,116.22,138.04,30.26,76.00,36.88,5.10,16.99,17.89,21.92,9.69,25.12,16.00,28.94,26.26,239.00,2.00,5.00,7.00,43.90,40.23,390.00,2.00,6.00,12.00,16.78,14.48,154.00,4.00,4.00,9.00,51.45,46.75,532.00,2.00,9.00,14.00,5.10,3.94,89.00,5.00,10.00,2.00,0,휴식 (Relax)
-20.12,-50.69,-4.12,-46.12,-3.31,291.25,112.41,41.82,64.14,41.69,26.70,41.92,56.00,452.74,114.47,111.36,98.41,51.94,71.65,131.64,59.00,147.76,74.11,39.44,21.26,23.04,34.46,25.30,10.00,485.75,172.23,120.95,123.04,114.55,136.85,35.71,66.00,38.79,4.65,15.44,19.42,20.32,11.85,25.30,13.00,29.20,26.64,240.00,2.00,6.00,7.00,45.68,42.11,380.00,2.00,7.00,12.00,15.75,13.39,149.00,4.00,4.00,9.00,50.83,46.28,501.00,2.00,9.00,14.00,5.17,4.10,91.00,5.00,10.00,2.00,0,휴식 (Relax)
-34.19,-40.06,-18.50,-43.56,1.69,306.24,97.43,29.04,77.39,35.30,31.72,27.14,71.00,462.37,105.10,101.58,107.54,42.28,77.93,130.20,49.00,157.70,64.15,43.22,28.84,13.14,29.75,31.78,20.00,525.18,132.07,87.28,155.04,75.79,108.82,61.97,25.00,38.79,4.65,15.44,19.42,20.32,11.85,25.30,13.00,30.05,27.46,247.00,2.00,6.00,8.00,46.16,42.58,390.00,2.00,8.00,13.00,16.29,13.94,154.00,4.00,4.00,9.00,52.04,48.20,450.00,2.00,8.00,13.00,5.17,4.10,91.00,5.00,9.00,2.00,0,휴식 (Relax)
-19.69,-11.31,-18.50,-25.44,4.19,298.77,103.52,27.89,81.12,27.40,31.06,21.08,79.00,446.78,114.62,114.24,116.81,33.47,79.37,137.19,29.00,157.70,64.15,43.22,28.84,13.14,29.75,31.78,20.00,501.80,150.02,82.36,173.48,58.04,79.37,82.63,5.00,40.10,3.50,19.52,24.84,12.84,9.26,19.64,21.00,29.66,27.02,254.00,2.00,6.00,9.00,45.60,41.64,420.00,2.00,8.00,14.00,16.29,13.94,149.00,4.00,4.00,9.00,50.60,46.80,440.00,2.00,7.00,13.00,5.21,4.19,86.00,4.00,8.00,2.00,0,휴식 (Relax)
-33.75,-21.94,-22.88,-34.81,1.38,309.80,103.01,42.16,68.60,23.05,23.69,21.27,94.00,442.19,112.96,110.51,125.40,25.79,85.31,130.06,39.00,165.61,65.84,47.05,21.26,20.52,20.63,33.75,30.00,506.52,150.96,91.63,166.18,65.20,71.10,87.94,15.00,38.34,1.88,21.01,23.02,13.38,11.68,17.12,24.00,30.49,27.84,261.00,2.00,7.00,10.00,45.23,41.17,430.00,2.00,9.00,15.00,16.97,14.48,154.00,4.00,4.00,9.00,50.97,47.27,440.00,2.00,7.00,13.00,5.11,4.00,86.00,4.00,9.00,2.00,0,휴식 (Relax)
-26.75,-22.56,-8.19,-25.44,-0.50,309.80,103.01,42.16,68.60,23.05,23.69,21.27,94.00,441.56,105.25,100.53,120.77,35.32,75.37,139.29,29.00,163.10,61.60,50.36,17.80,24.76,19.88,33.89,35.00,505.54,143.18,85.09,159.36,74.29,70.32,90.61,25.00,36.69,3.60,22.98,24.70,11.39,9.75,19.08,22.00,30.49,27.84,268.00,2.00,8.00,10.00,44.85,40.70,420.00,2.00,9.00,14.00,16.78,14.21,164.00,4.00,5.00,10.00,50.60,46.80,430.00,2.00,8.00,13.00,5.10,3.94,88.00,4.00,9.00,2.00,0,휴식 (Relax)
17.31,37.44,1.19,24.88,7.12,310.67,56.07,77.43,41.77,34.95,70.19,28.80,47.00,466.86,41.60,92.74,68.77,69.01,131.65,75.29,93.00,162.22,51.85,59.79,11.70,27.71,14.89,37.99,25.00,520.07,100.40,112.47,130.43,86.15,50.51,102.94,18.00,42.57,3.08,22.46,22.14,9.96,8.63,24.99,16.00,30.04,27.44,268.00,2.00,8.00,10.00,45.51,42.38,409.00,2.00,9.00,14.00,16.64,13.81,164.00,4.00,5.00,10.00,50.85,47.89,418.00,2.00,8.00,13.00,5.41,4.36,90.00,5.00,10.00,2.00,0,휴식 (Relax)
17.31,48.44,5.88,57.19,7.12,310.67,56.07,77.43,41.77,34.95,70.19,28.80,47.00,466.86,41.60,92.74,68.77,69.01,131.65,75.29,93.00,163.93,49.45,60.42,16.49,22.73,19.36,34.08,30.00,527.83,94.02,122.44,139.52,75.27,59.59,94.63,7.00,42.57,3.08,22.46,22.14,9.96,8.63,24.99,16.00,30.04,27.44,260.00,2.00,8.00,10.00,45.51,42.38,409.00,2.00,9.00,14.00,16.71,14.12,159.00,4.00,5.00,9.00,51.55,48.66,418.00,2.00,7.00,13.00,5.41,4.36,87.00,5.00,9.00,2.00,0,휴식 (Relax)
25.31,38.81,21.19,58.56,4.50,310.67,56.07,77.43,41.77,34.95,70.19,28.80,47.00,445.99,43.73,83.06,56.86,77.51,140.99,91.94,71.00,171.66,54.01,51.42,21.93,27.93,10.02,44.64,19.00,507.53,91.92,124.91,128.86,73.35,81.13,74.44,15.00,37.75,5.28,18.94,21.02,7.39,2.85,21.95,22.00,30.04,27.44,252.00,2.00,7.00,9.00,44.00,40.84,409.00,2.00,9.00,14.00,17.36,14.81,169.00,4.00,5.00,10.00,49.68,47.12,385.00,2.00,6.00,12.00,4.87,3.94,79.00,4.00,9.00,1.00,0,휴식 (Relax)
33.81,51.19,20.88,47.56,-7.06,303.04,50.30,85.40,49.65,27.00,64.28,30.59,39.00,424.04,39.88,100.50,77.49,55.80,119.97,82.64,93.00,176.32,58.86,47.11,18.60,30.65,11.13,39.70,24.00,507.53,91.92,124.91,128.86,73.35,81.13,74.44,15.00,34.98,12.19,23.94,28.02,3.51,8.33,23.20,15.00,29.40,26.94,244.00,2.00,6.00,8.00,42.03,39.29,376.00,2.00,9.00,14.00,17.69,15.16,158.00,2.00,5.00,9.00,49.68,47.12,385.00,2.00,6.00,12.00,5.20,4.32,86.00,5.00,8.00,2.00,0,휴식 (Relax)
64.25,60.12,26.88,68.88,-3.19,343.90,91.29,75.78,59.08,36.23,23.28,50.25,2.00,453.87,66.03,75.42,74.67,58.94,91.59,91.23,126.00,176.32,58.86,47.11,18.60,30.65,11.13,39.70,24.00,517.75,102.91,119.19,124.65,66.58,83.74,84.95,4.00,34.89,11.04,22.22,28.02,2.05,9.38,23.17,13.00,33.10,29.59,244.00,2.00,5.00,8.00,44.17,41.61,376.00,2.00,9.00,14.00,17.69,15.16,164.00,2.00,5.00,9.00,50.55,47.89,407.00,2.00,7.00,13.00,5.10,4.21,80.00,4.00,8.00,1.00,0,휴식 (Relax)
40.31,38.12,26.88,57.88,-2.69,328.83,79.92,60.26,45.97,51.94,16.68,60.57,19.00,453.87,66.03,75.42,74.67,58.94,91.59,91.23,126.00,176.32,58.86,47.11,18.60,30.65,11.13,39.70,24.00,517.75,102.91,119.19,124.65,66.58,83.74,84.95,4.00,38.79,11.94,22.36,20.02,5.97,11.46,21.62,5.00,31.51,28.44,244.00,2.00,6.00,8.00,44.17,41.61,376.00,2.00,9.00,14.00,17.69,15.16,158.00,2.00,5.00,9.00,50.55,47.89,407.00,2.00,7.00,13.00,5.00,4.10,72.00,6.00,7.00,1.00,0,휴식 (Relax)
-12.69,-39.25,5.88,-12.69,-6.44,300.73,98.40,39.06,87.09,68.27,37.42,61.91,29.00,428.25,95.34,30.96,137.59,99.00,91.22,36.59,20.00,165.73,68.53,39.98,11.05,18.72,6.60,39.29,40.00,489.53,133.39,42.79,125.00,24.83,26.10,87.40,91.00,42.20,11.32,19.16,20.62,5.60,12.73,23.50,9.00,30.56,27.02,268.00,3.00,6.00,8.00,42.58,39.06,364.00,2.00,8.00,14.00,16.91,14.12,154.00,3.00,5.00,9.00,47.43,43.36,386.00,2.00,7.00,13.00,5.22,4.38,73.00,5.00,6.00,1.00,0,휴식 (Relax)
10.81,-19.88,-13.50,-50.81,-4.12,302.18,90.50,31.63,84.48,75.91,41.72,67.98,37.00,425.72,85.43,27.36,132.48,107.41,90.07,39.69,10.00,163.11,78.52,48.15,21.02,28.60,3.75,34.91,30.00,494.76,163.28,62.52,153.44,18.42,14.63,65.46,61.00,47.17,8.62,14.89,25.50,0.90,8.11,19.62,4.00,30.68,27.59,269.00,3.00,7.00,8.00,42.22,38.59,364.00,2.00,8.00,14.00,17.24,14.75,159.00,4.00,4.00,9.00,48.86,44.77,386.00,2.00,6.00,13.00,5.33,4.62,66.00,4.00,5.00,1.00,0,휴식 (Relax)
-27.69,-38.00,-4.44,-32.69,-2.50,303.85,97.11,37.86,76.84,77.19,41.41,75.71,45.00,444.22,106.22,17.02,107.20,107.01,70.49,50.81,20.00,161.45,68.33,37.07,26.40,35.59,18.47,27.43,15.00,478.52,141.82,39.51,164.58,48.18,29.67,41.77,31.00,41.42,14.27,14.71,27.31,5.13,2.90,14.19,2.00,31.06,28.02,308.00,4.00,8.00,9.00,43.27,40.00,334.00,2.00,8.00,14.00,16.60,13.81,149.00,3.00,4.00,9.00,47.03,43.36,366.00,2.00,6.00,13.00,4.94,4.25,59.00,3.00,4.00,1.00,0,휴식 (Relax)
-27.19,-39.25,-8.81,-50.81,-2.31,308.55,99.11,36.98,74.73,83.90,47.11,67.80,37.00,426.65,106.35,33.82,120.22,90.20,51.20,59.58,40.00,166.11,67.90,33.70,19.42,32.08,26.06,22.43,5.00,503.03,143.19,35.78,138.44,64.15,47.85,20.11,1.00,43.75,11.76,17.32,24.60,6.96,4.43,11.22,5.00,31.44,28.46,300.00,4.00,7.00,9.00,41.84,39.06,314.00,2.00,7.00,13.00,16.76,14.29,139.00,2.00,4.00,8.00,48.48,44.77,346.00,2.00,6.00,13.00,4.97,4.35,52.00,2.00,3.00,1.00,0,휴식 (Relax)
-33.75,-20.50,-27.88,-51.44,2.12,314.57,95.99,30.62,81.58,78.34,40.13,73.85,44.00,406.79,122.50,49.92,106.83,107.78,69.61,58.59,20.00,178.14,58.66,19.16,32.89,46.92,27.19,34.32,20.00,493.25,149.34,43.98,133.36,60.93,50.32,15.01,9.00,40.08,15.75,11.96,22.09,9.38,13.42,3.20,14.00,31.86,28.84,299.00,4.00,6.00,9.00,40.93,38.12,324.00,2.00,6.00,13.00,17.88,15.11,149.00,2.00,3.00,8.00,47.75,44.30,326.00,2.00,6.00,12.00,4.73,4.12,53.00,3.00,3.00,1.00,0,휴식 (Relax)
-26.25,-31.75,-12.25,-13.31,7.44,322.49,88.53,25.04,83.52,76.46,45.72,69.14,36.00,387.55,142.14,51.67,91.93,110.76,63.62,51.77,40.00,187.91,48.94,14.61,37.44,42.91,18.57,24.41,10.00,463.79,179.22,70.40,108.00,90.73,68.65,40.95,21.00,42.34,18.77,21.36,11.18,16.92,9.89,12.20,3.00,32.21,29.28,291.00,4.00,6.00,8.00,39.66,37.19,324.00,2.00,7.00,13.00,18.15,15.66,149.00,2.00,4.00,8.00,46.66,42.89,366.00,2.00,6.00,13.00,5.05,4.44,54.00,3.00,3.00,1.00,0,휴식 (Relax)
-26.69,-23.00,-17.25,-33.94,1.44,315.73,95.02,22.43,90.25,69.62,46.61,68.16,29.00,372.19,154.47,38.17,107.20,91.04,54.33,64.71,20.00,187.91,48.94,14.61,37.44,42.91,18.57,24.41,10.00,455.51,186.95,71.22,114.21,86.49,58.67,31.01,11.00,42.34,18.77,21.36,11.18,16.92,9.89,12.20,3.00,31.80,28.90,276.00,4.00,5.00,7.00,38.62,36.25,304.00,2.00,7.00,13.00,18.15,15.66,154.00,2.00,5.00,8.00,46.14,42.42,366.00,2.00,6.00,13.00,5.05,4.44,57.00,3.00,3.00,1.00,0,휴식 (Relax)
-18.69,-2.69,-12.56,-14.56,7.25,315.73,95.02,22.43,90.25,69.62,46.61,68.16,29.00,367.37,154.10,27.39,114.11,97.50,64.38,54.51,31.00,183.73,50.47,10.86,40.46,38.54,21.97,28.62,15.00,450.13,188.37,62.89,122.00,79.68,65.67,39.99,21.00,45.06,16.34,20.40,14.14,16.45,12.85,13.95,0.00,31.80,28.90,269.00,4.00,4.00,6.00,38.48,35.73,315.00,2.00,7.00,13.00,17.89,15.38,154.00,2.00,5.00,8.00,45.88,41.95,376.00,2.00,6.00,13.00,5.26,4.62,60.00,3.00,4.00,1.00,0,휴식 (Relax)
-27.12,-4.00,-31.00,-53.31,-3.44,312.31,92.72,19.74,83.52,73.57,39.78,72.85,22.00,366.98,140.07,31.80,99.25,109.21,45.79,75.50,10.00,188.87,54.81,10.49,47.71,40.82,24.15,34.85,24.00,453.86,200.61,80.62,135.07,60.96,69.51,55.90,41.00,40.07,21.32,25.36,15.65,11.82,16.36,16.24,5.00,31.38,28.52,270.00,4.00,5.00,6.00,38.01,34.75,315.00,2.00,7.00,13.00,18.71,15.88,158.00,2.00,6.00,8.00,47.06,42.89,406.00,2.00,7.00,13.00,5.33,4.74,69.00,4.00,4.00,2.00,0,휴식 (Relax)
1.94,4.06,-2.31,5.75,7.06,310.49,66.90,48.38,80.31,44.16,68.20,46.07,53.00,380.20,109.30,62.60,78.49,79.88,60.26,47.99,41.00,187.77,49.93,14.45,45.18,45.81,22.91,37.39,29.00,460.53,169.74,87.16,114.86,68.94,62.63,78.54,72.00,47.63,17.26,22.63,9.22,7.82,18.98,19.65,13.00,30.59,27.06,254.00,4.00,6.00,6.00,37.47,33.80,261.00,2.00,7.00,13.00,18.63,15.60,177.00,1.00,7.00,8.00,46.70,42.16,414.00,2.00,8.00,13.00,5.63,5.19,72.00,4.00,5.00,3.00,0,휴식 (Relax)
-12.06,16.44,7.38,48.38,9.88,299.98,98.83,39.10,48.51,55.21,87.63,17.82,85.00,363.66,127.55,59.66,61.52,82.77,63.02,40.66,63.00,188.75,45.76,18.71,49.66,44.02,27.09,36.74,24.00,474.05,153.31,109.16,133.46,47.08,79.55,69.13,50.00,49.97,18.74,25.19,11.66,5.40,19.92,19.15,10.00,30.40,26.57,270.00,5.00,7.00,7.00,36.48,32.26,261.00,2.00,6.00,13.00,18.72,15.95,182.00,2.00,7.00,9.00,47.81,43.70,425.00,2.00,8.00,13.00,5.90,5.38,75.00,4.00,5.00,3.00,0,휴식 (Relax)
19.94,70.06,12.06,59.38,1.25,299.98,98.83,39.10,48.51,55.21,87.63,17.82,85.00,384.42,124.11,39.66,78.77,104.62,56.28,51.63,85.00,191.63,45.18,18.96,51.97,40.35,22.29,35.44,29.00,474.05,153.31,109.16,133.46,47.08,79.55,69.13,50.00,47.27,12.91,20.80,10.00,2.31,25.56,21.72,4.00,30.40,26.57,294.00,6.00,8.00,8.00,38.66,33.80,305.00,2.00,5.00,13.00,18.88,16.30,171.00,2.00,7.00,8.00,47.81,43.70,436.00,2.00,8.00,14.00,5.64,5.00,81.00,4.00,6.00,3.00,0,휴식 (Relax)
42.94,37.06,23.06,59.38,-0.44,314.11,100.98,31.27,32.76,55.28,99.37,33.82,69.00,384.42,124.11,39.66,78.77,104.62,56.28,51.63,85.00,191.63,45.18,18.96,51.97,40.35,22.29,35.44,29.00,474.05,153.31,109.16,133.46,47.08,79.55,69.13,50.00,47.44,8.85,23.41,15.00,2.69,21.25,17.84,9.00,31.54,27.70,310.00,6.00,8.00,9.00,38.66,33.80,327.00,2.00,6.00,13.00,18.88,16.30,182.00,2.00,7.00,9.00,47.81,43.70,425.00,2.00,7.00,13.00,5.53,4.74,71.00,3.00,5.00,2.00,0,휴식 (Relax)
42.44,48.06,34.31,69.00,1.00,322.08,107.79,37.78,35.34,47.55,91.41,26.54,77.00,384.42,124.11,39.66,78.77,104.62,56.28,51.63,85.00,203.48,57.16,11.35,47.13,42.08,28.40,26.32,41.00,495.19,175.31,89.21,124.06,30.22,86.37,54.10,72.00,44.02,12.71,14.86,17.49,10.45,21.41,10.03,18.00,32.15,28.26,277.00,6.00,7.00,8.00,38.66,33.80,327.00,2.00,6.00,13.00,19.99,17.15,188.00,2.00,7.00,10.00,49.46,45.25,414.00,2.00,6.00,13.00,5.20,4.38,69.00,3.00,5.00,2.00,0,휴식 (Relax)
51.50,69.38,12.38,48.38,0.69,305.95,91.44,25.93,21.21,39.22,81.75,20.46,94.00,391.76,132.61,50.58,85.28,115.20,63.58,41.36,74.00,187.01,46.00,11.26,31.30,59.01,45.38,13.31,58.00,478.10,160.33,89.89,103.79,45.30,107.32,37.43,94.00,41.02,13.73,15.71,21.93,10.85,17.37,14.86,13.00,30.12,27.06,260.00,6.00,7.00,7.00,39.79,34.58,327.00,2.00,6.00,13.00,18.87,15.95,211.00,2.00,8.00,11.00,47.81,43.70,425.00,2.00,7.00,13.00,5.10,4.15,69.00,3.00,5.00,2.00,0,휴식 (Relax)
43.50,57.00,13.44,38.75,-1.50,305.95,91.44,25.93,21.21,39.22,81.75,20.46,94.00,399.80,137.09,64.15,103.25,114.48,67.12,58.80,96.00,173.84,52.14,17.07,28.16,53.54,34.92,28.73,41.00,468.30,163.69,72.00,96.54,29.08,88.76,57.75,72.00,38.55,12.87,18.71,20.88,7.86,20.36,11.92,16.00,30.12,27.06,212.00,5.00,7.00,6.00,41.37,36.12,254.00,1.00,6.00,13.00,17.63,14.76,189.00,2.00,8.00,10.00,46.37,42.16,360.00,1.00,7.00,13.00,4.99,3.94,67.00,3.00,5.00,2.00,0,휴식 (Relax)
32.50,-1.19,34.69,56.00,-0.06,329.95,89.81,23.49,36.25,21.40,46.68,36.44,46.00,403.41,121.17,65.98,88.05,68.25,31.13,49.45,45.00,188.03,26.07,36.61,3.00,78.55,50.85,56.65,13.00,478.01,107.52,143.89,28.43,95.06,107.52,133.65,4.00,29.86,7.48,23.99,12.53,14.52,15.94,19.95,7.00,31.10,28.50,196.00,4.00,6.00,5.00,39.39,33.48,289.00,2.00,5.00,13.00,19.65,16.73,192.00,1.00,7.00,10.00,48.41,45.00,342.00,1.00,7.00,13.00,4.48,3.34,67.00,6.00,5.00,2.00,0,휴식 (Relax)
-14.00,-41.56,0.75,-41.25,-10.81,326.15,104.38,21.20,34.21,45.06,24.43,55.89,22.00,406.08,129.20,73.11,98.05,60.29,22.77,56.50,35.00,191.64,12.11,48.95,18.00,68.94,35.91,43.61,28.00,474.73,87.86,148.46,18.11,84.44,87.86,115.74,16.00,33.85,11.06,25.77,11.18,14.66,18.21,23.04,3.00,31.23,28.75,205.00,4.00,6.00,5.00,39.97,33.95,310.00,2.00,5.00,13.00,19.35,16.00,215.00,1.00,7.00,10.00,47.09,43.78,418.00,2.00,7.00,13.00,4.95,3.61,76.00,4.00,6.00,3.00,0,휴식 (Relax)
0.06,-32.81,-13.62,-60.00,-4.81,319.29,73.41,10.08,9.22,61.28,9.42,79.35,9.00,393.89,109.54,55.79,100.66,69.00,3.40,75.70,15.00,193.01,17.36,51.10,20.59,74.76,30.57,39.02,38.00,485.26,105.17,164.39,2.83,98.72,71.96,104.35,36.00,33.85,11.06,25.77,11.18,14.66,18.21,23.04,3.00,30.32,27.06,221.00,5.00,7.00,6.00,38.63,33.02,320.00,2.00,6.00,14.00,19.64,16.62,225.00,2.00,7.00,11.00,48.41,45.00,418.00,2.00,7.00,13.00,4.95,3.61,82.00,4.00,7.00,3.00,0,휴식 (Relax)
-30.94,-62.19,0.75,-60.00,-10.44,319.29,73.41,10.08,9.22,61.28,9.42,79.35,9.00,402.49,115.35,54.54,90.96,78.84,10.17,85.60,5.00,187.93,19.70,41.14,12.81,84.40,35.33,40.53,48.00,485.26,105.17,164.39,2.83,98.72,71.96,104.35,36.00,38.02,14.39,27.88,13.60,10.34,23.13,24.70,3.00,30.32,27.06,245.00,6.00,7.00,7.00,39.55,33.48,330.00,2.00,6.00,14.00,19.51,16.09,220.00,3.00,7.00,11.00,48.41,45.00,418.00,2.00,7.00,13.00,5.50,4.08,83.00,3.00,8.00,3.00,0,휴식 (Relax)
-17.31,-69.69,-1.12,-60.00,-6.00,301.52,75.49,18.39,25.63,39.28,28.89,86.69,31.00,442.15,117.13,22.08,108.23,80.11,31.14,54.74,45.00,165.41,49.20,37.83,40.79,85.49,7.46,32.19,18.00,485.26,105.17,164.39,2.83,98.72,71.96,104.35,36.00,41.45,15.92,23.88,19.70,8.89,22.42,25.63,4.00,29.04,26.02,253.00,2.00,8.00,8.00,42.65,35.69,330.00,2.00,5.00,14.00,17.99,14.27,205.00,2.00,6.00,10.00,48.41,45.00,378.00,2.00,6.00,12.00,5.71,4.50,81.00,3.00,8.00,3.00,0,휴식 (Relax)
-45.44,-49.06,-25.50,-38.75,4.19,315.07,63.93,23.98,33.24,36.31,37.94,88.77,45.00,451.80,112.06,12.24,116.50,70.17,23.91,58.31,35.00,174.71,41.82,27.91,40.05,95.34,2.62,31.35,8.00,504.95,86.35,144.93,22.09,117.93,52.00,93.63,16.00,42.13,15.18,20.90,18.68,11.54,20.29,23.90,1.00,30.19,26.67,282.00,2.00,9.00,9.00,43.29,36.31,340.00,2.00,6.00,14.00,18.70,14.81,225.00,2.00,5.00,11.00,49.17,46.25,378.00,2.00,5.00,12.00,5.53,4.34,85.00,4.00,7.00,4.00,0,휴식 (Relax)
-23.94,-19.69,-20.50,-29.38,1.19,307.16,71.87,16.53,28.02,43.74,39.30,87.82,53.00,443.91,121.68,16.93,122.20,65.82,26.93,59.68,25.00,174.71,41.82,27.91,40.05,95.34,2.62,31.35,8.00,496.53,95.62,151.13,23.41,124.24,44.90,86.23,6.00,42.13,15.18,20.90,18.68,11.54,20.29,23.90,1.00,29.73,26.30,296.00,2.00,9.00,10.00,42.94,35.69,349.00,2.00,6.00,14.00,18.70,14.81,225.00,2.00,5.00,11.00,48.73,45.62,368.00,2.00,4.00,12.00,5.53,4.34,82.00,4.00,7.00,4.00,0,휴식 (Relax)
-31.44,-37.75,-6.12,-19.38,-5.00,314.04,67.18,17.91,21.93,49.48,36.06,84.52,61.00,459.83,95.96,40.75,99.09,90.58,57.30,62.40,6.00,165.63,35.19,23.36,41.76,101.52,10.86,38.62,18.00,496.53,95.62,151.13,23.41,124.24,44.90,86.23,6.00,37.40,3.08,32.12,25.46,14.00,13.80,11.58,12.00,30.19,26.67,296.00,2.00,9.00,10.00,43.98,37.62,369.00,2.00,7.00,15.00,18.34,14.27,221.00,2.00,4.00,11.00,48.73,45.62,338.00,2.00,3.00,12.00,5.36,4.25,78.00,4.00,6.00,3.00,0,휴식 (Relax)
27.62,23.25,1.44,39.06,7.31,280.47,82.11,76.65,80.41,66.77,34.83,60.48,124.00,455.32,104.37,29.01,78.55,117.75,85.03,68.62,38.00,142.49,7.09,15.95,79.91,65.50,30.26,10.45,21.00,485.66,114.20,47.52,99.46,20.89,142.02,18.80,99.00,44.60,11.19,25.32,19.31,13.14,22.20,1.06,23.00,29.94,27.17,328.00,3.00,9.00,10.00,44.35,38.53,422.00,2.00,8.00,15.00,15.94,12.31,202.00,3.00,4.00,11.00,47.35,44.56,342.00,3.00,3.00,12.00,5.63,4.48,80.00,4.00,7.00,3.00,0,휴식 (Relax)
18.12,52.81,11.12,56.94,1.69,279.66,82.20,91.68,79.51,79.03,35.99,71.92,100.00,473.80,98.94,83.26,42.72,134.25,83.09,86.23,17.00,141.17,21.22,29.23,79.51,66.70,17.49,25.43,0.00,514.74,125.24,77.38,106.51,68.33,93.87,48.72,33.00,39.06,9.79,22.08,13.89,9.59,28.04,5.19,29.00,30.29,28.12,320.00,3.00,9.00,9.00,46.40,41.81,444.00,2.00,8.00,15.00,16.05,12.39,203.00,2.00,4.00,11.00,49.56,47.55,320.00,2.00,3.00,12.00,5.32,4.15,83.00,4.00,7.00,3.00,0,휴식 (Relax)
23.12,39.75,15.12,34.94,2.25,301.68,66.17,85.59,32.28,35.47,20.24,38.87,148.00,497.79,84.55,102.98,74.97,101.54,56.07,60.04,16.00,148.20,31.63,30.92,63.64,80.35,16.36,9.44,16.00,514.74,125.24,77.38,106.51,68.33,93.87,48.72,33.00,30.06,17.57,13.11,12.17,18.59,24.32,5.16,20.00,30.35,28.02,296.00,2.00,10.00,8.00,47.46,43.88,400.00,2.00,8.00,15.00,16.51,13.38,203.00,2.00,4.00,11.00,49.56,47.55,331.00,2.00,4.00,12.00,4.59,3.72,74.00,4.00,7.00,3.00,0,휴식 (Relax)
29.62,51.44,20.06,56.25,0.38,321.39,51.79,66.20,34.44,37.14,30.89,58.13,124.00,487.44,94.33,107.76,74.01,99.50,45.07,50.16,27.00,161.83,37.88,22.02,63.51,68.02,27.40,26.09,1.00,525.35,115.37,76.76,102.46,58.76,103.14,57.84,22.00,28.20,19.42,12.71,14.14,17.92,23.38,3.19,22.00,31.24,29.33,280.00,2.00,10.00,7.00,46.64,43.19,378.00,2.00,8.00,15.00,17.28,14.44,198.00,2.00,4.00,10.00,50.26,48.16,353.00,2.00,5.00,13.00,4.55,3.64,74.00,4.00,7.00,3.00,0,휴식 (Relax)
-0.38,-30.56,-10.31,-54.12,-4.31,290.05,82.79,96.06,15.03,27.17,62.85,90.00,92.00,423.51,156.16,171.55,138.00,54.56,100.48,113.99,37.00,136.54,49.80,47.89,37.85,82.70,53.16,50.38,27.00,420.43,218.76,179.08,34.21,67.31,207.57,147.99,84.00,24.86,21.94,17.23,14.32,14.38,28.15,8.15,17.00,30.29,27.62,312.00,3.00,11.00,8.00,46.69,43.06,453.00,3.00,9.00,15.00,17.10,14.10,218.00,3.00,4.00,10.00,50.84,49.12,459.00,3.00,5.00,13.00,4.69,3.98,77.00,5.00,7.00,3.00,0,휴식 (Relax)
-20.88,-44.62,-7.94,-46.81,-2.00,235.15,133.05,115.45,71.01,79.75,47.80,40.89,148.00,340.16,223.07,221.26,168.11,149.55,103.69,40.43,58.00,99.03,87.77,73.17,59.03,48.65,41.31,30.56,11.00,326.64,302.48,261.03,84.48,75.26,163.78,96.77,33.00,24.04,21.74,21.01,9.49,19.24,23.91,4.32,22.00,29.66,27.12,328.00,3.00,10.00,9.00,46.70,42.70,451.00,3.00,8.00,15.00,15.67,12.68,195.00,3.00,4.00,9.00,49.68,47.66,437.00,3.00,5.00,12.00,4.66,4.00,79.00,5.00,8.00,3.00,0,휴식 (Relax)
-23.44,-27.94,-7.00,-40.88,-3.56,181.77,175.12,96.59,99.70,71.39,37.31,95.00,77.00,291.89,262.47,201.50,100.88,147.74,28.73,111.17,49.00,86.87,99.25,71.20,69.43,47.71,31.13,29.45,4.00,299.12,331.05,256.99,120.22,54.31,123.98,102.45,62.00,27.13,17.97,20.52,9.85,19.22,26.06,8.80,15.00,28.15,25.62,327.00,3.00,10.00,9.00,43.40,38.67,450.00,3.00,9.00,15.00,15.66,12.50,195.00,3.00,4.00,9.00,49.24,46.09,426.00,3.00,4.00,11.00,4.69,4.06,79.00,5.00,8.00,3.00,0,휴식 (Relax)
-27.00,-21.94,-20.12,-26.25,6.12,171.87,190.55,46.20,70.00,0.87,76.36,68.22,148.00,314.70,260.02,123.41,31.00,51.96,113.37,78.45,47.00,77.04,107.52,44.48,54.41,75.54,60.82,46.26,26.00,325.29,314.26,196.98,86.58,25.86,187.32,116.68,12.00,23.18,22.70,25.04,5.66,24.13,24.84,12.55,10.00,27.15,24.50,327.00,5.00,10.00,9.00,40.08,33.91,395.00,3.00,9.00,14.00,16.37,12.67,187.00,3.00,3.00,9.00,48.44,43.59,414.00,3.00,3.00,11.00,4.94,4.38,87.00,6.00,8.00,4.00,0,휴식 (Relax)
-23.06,-10.00,-16.81,-10.88,1.25,207.46,177.16,17.09,7.00,63.87,23.44,69.22,85.00,337.31,243.17,94.99,62.00,72.30,88.77,66.29,16.00,103.30,101.30,28.60,16.03,58.32,38.73,15.33,27.00,394.61,252.55,125.27,10.00,66.19,110.79,71.57,74.00,25.08,20.95,23.66,4.47,25.25,23.26,13.77,8.00,26.19,22.95,279.00,4.00,9.00,8.00,39.86,32.50,364.00,2.00,8.00,14.00,14.66,11.41,154.00,5.00,3.00,8.00,45.05,37.56,328.00,2.00,3.00,11.00,4.88,4.25,81.00,5.00,8.00,3.00,0,휴식 (Relax)
-8.06,-1.25,-10.88,-11.50,5.38,207.46,177.16,17.09,7.00,63.87,23.44,69.22,85.00,318.45,262.53,95.51,65.15,69.35,90.38,57.63,4.00,117.16,93.07,43.43,31.02,44.28,28.11,19.24,12.00,384.76,262.50,122.10,0.00,72.41,109.67,67.52,84.00,11.20,27.91,21.68,18.11,21.54,9.43,22.56,6.00,26.19,22.95,278.00,3.00,8.00,8.00,39.53,31.88,364.00,2.00,7.00,14.00,14.90,11.72,144.00,4.00,2.00,7.00,44.83,37.25,308.00,2.00,3.00,10.00,4.66,4.05,80.00,5.00,8.00,3.00,0,휴식 (Relax)
7.94,48.75,3.19,36.31,4.88,207.46,177.16,17.09,7.00,63.87,23.44,69.22,85.00,254.52,319.07,51.30,127.58,130.87,51.74,110.02,60.00,102.17,107.60,41.95,34.89,35.01,13.58,33.17,3.00,304.20,330.69,40.60,83.00,131.82,83.28,137.95,1.00,6.35,28.81,15.54,18.97,29.01,15.17,19.51,2.00,26.19,22.95,263.00,3.00,7.00,8.00,41.38,35.97,388.00,3.00,7.00,14.00,14.66,11.41,144.00,4.00,2.00,7.00,44.53,39.20,361.00,3.00,3.00,11.00,4.78,4.12,74.00,6.00,7.00,3.00,0,휴식 (Relax)
28.50,22.25,51.00,93.00,-3.50,156.67,218.14,70.14,55.44,24.82,77.57,54.62,30.00,192.15,350.17,20.73,136.31,108.48,118.83,38.08,12.00,59.48,153.37,91.82,83.55,40.08,63.64,18.38,48.00,208.51,395.44,125.81,170.56,92.57,210.37,11.57,150.00,9.51,26.27,10.05,13.42,25.52,15.04,19.32,4.00,26.54,23.94,272.00,3.00,6.00,8.00,40.11,35.94,400.00,3.00,7.00,14.00,19.69,15.00,195.00,2.00,2.00,8.00,49.13,45.00,427.00,3.00,3.00,12.00,4.26,3.75,78.00,7.00,7.00,3.00,0,휴식 (Relax)
56.94,68.69,15.00,32.12,-3.62,121.50,239.76,113.71,97.08,53.51,64.40,99.04,103.00,165.43,343.85,145.33,53.15,56.63,71.29,173.52,125.00,55.33,160.40,100.91,82.00,48.11,54.75,4.12,32.00,224.02,391.84,196.79,149.41,10.75,133.27,82.50,56.00,11.42,24.48,10.50,12.65,24.36,13.44,19.95,2.00,30.20,27.07,276.00,3.00,5.00,8.00,41.06,38.10,435.00,3.00,8.00,14.00,20.07,16.25,205.00,3.00,2.00,8.00,47.68,44.61,462.00,3.00,4.00,12.00,4.12,3.62,68.00,6.00,6.00,2.00,0,휴식 (Relax)
34.62,40.75,17.12,48.12,1.56,157.63,226.49,124.36,85.44,93.61,36.41,21.64,18.00,232.53,297.75,192.85,44.38,130.42,32.11,98.14,30.00,80.78,153.91,88.28,36.00,13.50,59.69,46.68,78.00,298.94,337.74,205.91,54.13,85.50,164.00,36.08,152.00,8.45,27.36,7.51,9.85,21.42,10.46,22.12,1.00,29.27,26.75,271.00,3.00,5.00,8.00,40.51,38.00,427.00,3.00,8.00,14.00,19.42,16.23,205.00,3.00,3.00,8.00,48.07,45.38,474.00,3.00,5.00,12.00,3.98,3.44,70.00,7.00,6.00,2.00,0,휴식 (Relax)
-21.81,-52.38,-14.50,-47.25,-3.12,163.88,221.73,119.98,78.92,87.83,37.04,27.81,25.00,203.49,325.44,207.00,59.41,153.23,47.46,94.71,0.00,90.30,147.05,78.99,37.36,5.85,63.14,38.10,68.00,289.10,347.31,213.50,57.01,89.57,162.67,44.63,162.00,4.99,30.15,6.77,9.06,22.82,14.11,17.45,4.00,28.89,26.31,319.00,4.00,4.00,9.00,42.24,39.88,502.00,4.00,7.00,14.00,18.79,15.69,221.00,4.00,4.00,8.00,48.62,46.00,560.00,4.00,6.00,12.00,4.04,3.52,68.00,7.00,6.00,2.00,0,휴식 (Relax)
-36.81,-51.75,-18.88,-74.12,-7.00,163.88,221.73,119.98,78.92,87.83,37.04,27.81,25.00,193.56,334.64,216.87,67.01,155.99,47.96,90.95,10.00,80.36,157.04,86.42,27.86,4.16,72.60,33.71,58.00,240.44,392.05,258.80,21.21,127.82,203.91,6.87,112.00,5.27,29.97,8.75,11.05,24.28,13.92,19.44,2.00,28.89,26.31,271.00,3.00,3.00,9.00,42.93,40.50,439.00,3.00,7.00,13.00,19.26,16.23,216.00,3.00,4.00,7.00,51.78,49.12,525.00,3.00,6.00,12.00,4.23,3.62,59.00,4.00,5.00,1.00,0,휴식 (Relax)
-32.88,-56.56,-8.25,-57.56,-2.31,106.23,271.76,142.67,31.62,27.68,27.44,38.18,38.00,128.41,374.05,249.73,67.62,73.59,52.53,158.74,73.00,71.77,164.60,84.00,32.80,9.06,63.87,34.50,68.00,169.08,439.45,279.14,84.05,73.83,105.83,101.59,217.00,15.03,22.96,17.17,14.87,15.17,10.14,10.06,13.00,29.34,26.48,263.00,3.00,2.00,9.00,45.02,42.38,416.00,3.00,6.00,13.00,19.37,16.56,215.00,3.00,5.00,7.00,52.83,49.76,513.00,3.00,6.00,12.00,3.74,3.31,57.00,5.00,6.00,1.00,0,휴식 (Relax)
-29.44,-30.56,-25.69,-40.25,2.69,84.75,288.08,120.87,26.93,79.07,34.38,17.95,17.00,133.15,368.17,209.81,60.11,149.13,99.02,63.04,23.00,58.99,173.21,44.66,69.92,34.91,83.61,57.81,27.00,191.15,430.87,212.19,146.48,55.86,177.58,39.48,100.00,15.03,22.96,17.17,14.87,15.17,10.14,10.06,13.00,29.77,26.49,255.00,3.00,2.00,9.00,43.05,39.45,425.00,3.00,6.00,13.00,20.21,16.57,230.00,3.00,6.00,8.00,50.77,46.56,501.00,3.00,5.00,12.00,3.74,3.31,62.00,6.00,6.00,1.00,0,휴식 (Relax)
-32.06,-34.62,-13.44,-24.94,2.69,123.79,269.27,53.68,83.82,95.48,39.84,52.17,53.00,212.48,314.05,117.12,68.25,179.69,23.64,156.68,72.00,80.06,160.64,31.83,68.88,34.02,92.72,24.32,63.00,263.00,379.97,127.19,120.00,107.37,183.13,57.48,185.00,15.03,22.96,17.17,14.87,15.17,10.14,10.06,13.00,29.66,25.58,254.00,3.00,1.00,9.00,41.66,36.36,424.00,3.00,6.00,13.00,19.82,15.35,234.00,3.00,6.00,9.00,49.18,43.04,489.00,3.00,4.00,12.00,3.74,3.31,60.00,6.00,6.00,1.00,0,휴식 (Relax)
-20.62,-9.25,-20.19,-27.62,0.69,192.39,216.34,48.27,92.28,30.79,39.85,28.74,18.00,298.40,233.24,91.08,68.25,96.93,72.28,91.02,14.00,130.08,118.78,83.19,21.93,18.86,46.87,76.00,11.00,379.76,267.39,136.68,3.16,70.72,96.46,87.33,68.00,15.03,22.96,17.17,14.87,15.17,10.14,10.06,13.00,27.70,22.61,229.00,3.00,2.00,8.00,37.44,30.22,358.00,2.00,7.00,13.00,19.13,13.41,212.00,2.00,7.00,9.00,44.95,36.44,382.00,2.00,5.00,12.00,3.74,3.31,57.00,5.00,5.00,1.00,0,휴식 (Relax)
25.88,50.75,19.50,92.38,10.69,184.54,224.33,40.76,99.30,34.57,47.53,36.46,26.00,239.44,293.68,33.83,124.65,115.33,118.67,99.79,78.00,109.47,139.78,75.62,39.92,35.62,25.97,96.11,10.00,262.52,386.48,20.22,129.03,198.65,45.75,215.08,60.00,18.86,20.48,17.59,12.53,28.74,20.06,11.35,3.00,28.09,23.30,252.00,3.00,2.00,8.00,39.59,34.47,402.00,3.00,6.00,13.00,19.78,15.19,253.00,3.00,8.00,10.00,50.39,43.98,510.00,3.00,6.00,13.00,4.51,3.73,66.00,8.00,6.00,2.00,0,휴식 (Relax)
38.88,45.50,28.50,74.06,-0.50,146.95,261.80,62.69,128.76,15.80,47.78,13.31,22.00,193.87,341.24,54.26,172.68,35.99,128.37,65.53,6.00,85.08,163.48,103.15,40.72,48.97,51.99,73.28,22.00,210.15,452.24,132.32,172.15,190.28,120.67,112.75,57.00,21.56,19.07,15.88,15.23,26.71,19.51,10.25,0.00,29.79,26.28,261.00,3.00,2.00,9.00,40.40,36.88,392.00,3.00,6.00,12.00,21.10,17.50,264.00,3.00,8.00,11.00,53.10,48.67,521.00,3.00,7.00,14.00,4.43,3.56,75.00,9.00,6.00,3.00,0,휴식 (Relax)
50.44,61.50,16.19,56.44,-0.81,135.29,282.61,130.03,95.52,60.00,27.49,57.71,49.00,215.69,347.20,135.34,128.72,94.92,48.90,129.68,90.00,80.14,167.24,119.64,23.35,30.29,48.40,81.23,1.00,250.49,456.49,205.34,116.30,87.14,47.19,185.87,49.00,26.56,14.50,10.95,14.04,24.81,16.85,10.72,5.00,32.25,29.26,269.00,3.00,2.00,10.00,42.78,40.06,414.00,3.00,6.00,13.00,21.49,18.54,260.00,3.00,9.00,11.00,53.94,50.76,522.00,3.00,7.00,14.00,4.20,3.29,65.00,8.00,5.00,2.00,0,휴식 (Relax)
8.00,-25.12,3.62,-20.81,-3.31,157.26,271.13,142.01,57.57,51.08,39.64,26.74,10.00,223.27,341.79,136.34,118.87,95.31,58.66,119.75,80.00,90.32,155.79,116.79,17.89,34.78,34.50,82.12,26.00,267.43,445.02,202.15,96.77,101.70,38.04,175.30,29.00,19.32,22.27,14.76,22.02,16.86,9.70,12.98,13.00,31.46,28.12,309.00,2.00,3.00,11.00,42.34,39.52,490.00,4.00,7.00,13.00,20.89,17.80,271.00,3.00,9.00,12.00,53.23,49.66,588.00,4.00,7.00,14.00,4.15,3.14,63.00,7.00,4.00,2.00,0,휴식 (Relax)
-16.94,-25.12,-16.69,-40.19,-0.31,170.75,258.50,132.46,63.63,36.78,24.70,32.68,25.00,223.27,341.79,136.34,118.87,95.31,58.66,119.75,80.00,94.41,151.16,112.18,22.47,37.91,39.01,79.48,21.00,257.54,454.83,211.77,94.89,99.27,29.86,174.42,19.00,19.32,22.27,14.76,22.02,16.86,9.70,12.98,13.00,30.74,27.30,318.00,4.00,3.00,11.00,42.34,39.52,480.00,4.00,7.00,12.00,20.61,17.52,286.00,4.00,9.00,13.00,53.65,50.21,608.00,4.00,7.00,15.00,4.15,3.14,61.00,6.00,5.00,2.00,0,휴식 (Relax)
-23.50,-33.88,-21.38,-67.69,-4.69,163.76,265.37,139.25,57.69,32.38,21.08,34.99,32.00,203.36,358.89,152.75,99.25,83.94,58.11,136.12,100.00,89.52,155.79,115.79,24.70,42.66,43.71,75.56,16.00,218.88,488.44,238.41,55.54,138.72,69.80,165.70,59.00,19.30,22.58,4.77,12.04,24.24,8.95,14.86,23.00,31.02,27.69,309.00,4.00,3.00,10.00,43.06,40.61,436.00,3.00,6.00,12.00,20.89,17.80,276.00,4.00,9.00,12.00,55.88,52.40,585.00,3.00,7.00,15.00,4.15,3.10,66.00,7.00,6.00,2.00,0,휴식 (Relax)
-29.56,-29.25,-20.12,-24.38,10.94,135.07,283.80,147.13,79.20,30.18,30.38,45.80,1.00,142.51,384.30,157.58,135.77,69.44,44.24,111.70,26.00,69.92,164.69,110.47,43.01,45.38,39.22,94.87,36.00,180.57,503.41,223.98,85.28,120.76,51.33,196.53,6.00,16.37,26.13,8.70,13.00,29.42,14.80,16.82,29.00,31.95,29.38,293.00,3.00,3.00,9.00,42.47,39.06,414.00,3.00,5.00,11.00,21.53,18.89,225.00,3.00,8.00,11.00,55.85,51.72,559.00,3.00,7.00,15.00,4.83,3.46,74.00,6.00,7.00,3.00,0,휴식 (Relax)
-39.25,-7.25,-15.69,-16.94,1.62,101.59,285.03,107.69,132.88,91.79,73.01,35.21,70.00,132.16,374.76,134.60,160.21,95.93,57.56,104.87,58.00,43.02,161.08,43.59,71.03,25.68,50.71,27.15,35.00,182.48,464.41,111.41,185.16,63.72,85.43,102.57,125.00,13.47,31.13,9.32,8.60,30.25,11.10,16.99,24.00,32.87,29.44,274.00,3.00,2.00,9.00,42.10,37.47,379.00,3.00,4.00,11.00,17.53,15.86,190.00,3.00,7.00,10.00,50.42,44.54,504.00,3.00,6.00,14.00,4.78,3.47,83.00,6.00,8.00,3.00,0,휴식 (Relax)
-12.25,-1.81,-8.75,-3.56,6.94,139.27,245.32,27.82,118.23,77.66,28.09,68.87,10.00,170.47,302.53,59.33,129.25,61.90,30.03,163.34,29.00,67.71,145.40,25.82,58.86,33.12,53.40,51.42,4.00,222.55,419.97,78.47,173.42,111.88,81.48,150.87,71.00,8.74,39.95,7.99,9.22,19.43,14.89,14.36,35.00,28.77,24.72,279.00,3.00,3.00,9.00,36.73,30.22,357.00,3.00,4.00,10.00,16.88,14.69,190.00,5.00,6.00,10.00,48.94,40.34,492.00,3.00,5.00,14.00,5.03,3.82,84.00,5.00,8.00,3.00,0,휴식 (Relax)
28.25,73.50,12.25,62.12,6.56,161.56,223.44,26.54,94.54,53.74,10.13,44.94,14.00,160.77,313.46,55.66,140.23,72.74,37.54,174.09,40.00,83.64,130.45,40.26,43.17,18.97,39.17,42.51,20.00,233.21,409.09,86.51,162.44,104.80,72.18,139.87,82.00,8.97,41.75,6.83,14.32,23.42,16.33,16.98,29.00,26.63,22.66,262.00,3.00,3.00,9.00,37.98,31.25,338.00,3.00,4.00,10.00,15.66,13.44,179.00,5.00,6.00,10.00,47.99,39.31,461.00,3.00,5.00,14.00,5.30,4.24,79.00,4.00,8.00,3.00,0,휴식 (Relax)
26.25,46.25,31.94,87.75,-1.62,129.59,253.83,5.48,105.12,48.02,24.00,17.17,46.00,77.91,371.58,30.01,159.30,77.08,89.23,92.86,44.00,49.70,165.17,31.24,49.93,45.75,8.78,55.00,57.00,117.80,488.49,56.73,193.60,192.79,48.82,56.80,200.00,9.43,40.64,4.74,13.34,24.61,13.57,14.53,32.00,27.46,24.69,247.00,3.00,3.00,8.00,38.92,34.41,360.00,3.00,5.00,11.00,17.69,15.70,196.00,3.00,5.00,11.00,52.74,46.59,464.00,3.00,4.00,14.00,5.19,4.08,83.00,5.00,7.00,3.00,0,휴식 (Relax)
45.81,61.62,19.00,47.56,-2.06,72.26,293.82,73.64,53.71,27.16,61.69,77.81,25.00,31.42,392.86,113.65,83.26,36.37,38.02,185.19,62.00,39.92,181.41,62.19,29.15,31.78,26.63,31.25,26.00,78.71,506.98,168.51,115.95,126.86,76.34,117.08,85.00,11.28,34.45,2.47,6.71,17.63,20.29,21.35,25.00,29.42,27.09,271.00,3.00,3.00,9.00,40.90,37.97,372.00,3.00,5.00,11.00,18.17,16.62,197.00,3.00,5.00,11.00,51.86,48.05,487.00,3.00,5.00,14.00,4.72,3.72,79.00,6.00,7.00,3.00,0,휴식 (Relax)
-11.12,-45.00,-6.69,-48.06,-6.94,69.36,292.96,79.73,40.50,31.76,48.61,66.02,10.00,41.42,388.62,115.34,74.24,28.97,28.19,177.94,52.00,38.12,182.27,60.28,33.84,36.34,29.43,27.21,21.00,85.52,502.17,171.32,106.89,119.15,67.55,111.03,95.00,11.07,36.38,1.88,6.08,17.16,21.41,23.31,23.00,28.83,26.27,327.00,4.00,4.00,10.00,40.14,37.50,458.00,4.00,5.00,11.00,18.24,16.90,203.00,4.00,4.00,11.00,51.22,47.58,572.00,4.00,5.00,14.00,4.88,3.80,79.00,4.00,7.00,3.00,0,휴식 (Relax)
-12.06,-44.38,-12.31,-66.81,-6.50,75.22,282.20,71.36,50.25,17.10,53.67,73.71,25.00,32.41,398.00,123.69,70.23,34.54,20.49,174.29,42.00,45.22,174.11,53.38,38.28,43.99,29.95,17.86,11.00,67.40,521.35,186.99,99.72,101.63,65.48,108.41,115.00,15.12,40.44,8.84,1.41,11.90,23.50,17.87,30.00,28.21,25.45,320.00,4.00,3.00,10.00,40.75,37.97,448.00,4.00,4.00,10.00,17.65,16.35,198.00,4.00,3.00,10.00,52.61,48.52,582.00,4.00,4.00,14.00,5.16,4.12,79.00,4.00,7.00,3.00,0,휴식 (Relax)
-34.06,-72.50,-2.94,-64.94,-6.06,75.22,282.20,71.36,50.25,17.10,53.67,73.71,25.00,27.33,425.40,149.16,43.27,11.34,35.48,175.49,72.00,54.83,164.23,43.94,46.96,47.29,36.31,27.85,21.00,37.69,547.81,213.26,71.31,101.39,47.76,102.02,85.00,21.82,40.39,13.40,8.06,18.73,17.05,21.48,23.00,28.21,25.45,335.00,4.00,3.00,11.00,43.36,39.38,458.00,4.00,4.00,10.00,17.38,15.80,198.00,4.00,3.00,10.00,54.39,49.92,572.00,4.00,3.00,13.00,5.39,4.34,77.00,4.00,6.00,3.00,0,휴식 (Relax)
-27.06,-41.25,-8.88,-26.19,0.81,75.22,282.20,71.36,50.25,17.10,53.67,73.71,25.00,43.63,433.23,148.34,56.85,12.80,37.65,181.79,52.00,69.71,155.97,46.12,42.43,32.31,21.31,14.74,6.00,57.42,542.09,215.70,66.37,84.78,30.22,94.74,65.00,19.85,41.72,14.02,8.54,19.26,15.16,22.15,21.00,28.21,25.45,295.00,3.00,4.00,10.00,44.27,40.31,424.00,3.00,5.00,10.00,16.50,14.98,162.00,3.00,4.00,9.00,53.57,48.98,484.00,3.00,2.00,13.00,5.39,4.36,73.00,4.00,5.00,2.00,0,휴식 (Relax)
-16.62,-26.62,-11.94,-28.81,1.38,36.64,285.04,47.46,81.84,53.36,20.26,62.84,64.00,117.55,412.87,86.16,118.47,77.11,42.10,140.96,126.00,45.09,151.57,15.44,73.25,36.89,22.46,27.77,25.00,74.25,494.97,104.01,184.13,61.61,88.19,95.11,53.00,27.90,32.73,5.02,3.16,13.75,14.04,23.82,12.00,28.06,24.78,287.00,3.00,4.00,9.00,43.41,37.86,434.00,3.00,5.00,11.00,16.19,14.30,156.00,3.00,3.00,8.00,49.78,43.37,483.00,3.00,3.00,13.00,4.77,3.66,62.00,3.00,5.00,1.00,0,휴식 (Relax)
23.38,47.38,4.75,47.25,-0.62,25.17,275.73,31.47,75.96,52.75,23.98,70.44,48.00,117.55,412.87,86.16,118.47,77.11,42.10,140.96,126.00,44.21,132.96,21.62,75.96,11.73,4.59,2.91,2.00,107.25,465.97,81.57,185.83,34.17,67.49,91.63,20.00,27.90,32.73,5.02,3.16,13.75,14.04,23.82,12.00,26.94,23.53,310.00,4.00,3.00,9.00,43.41,37.86,486.00,4.00,4.00,11.00,14.26,12.19,160.00,4.00,4.00,8.00,47.11,40.53,546.00,4.00,4.00,13.00,4.77,3.66,64.00,3.00,5.00,1.00,0,휴식 (Relax)
40.38,28.12,42.31,69.25,4.06,26.94,260.03,28.66,60.75,37.63,31.42,57.73,64.00,152.55,369.79,97.13,79.32,62.73,49.02,102.05,170.00,34.97,155.87,12.61,98.27,28.59,26.80,21.47,25.00,107.25,465.97,81.57,185.83,34.17,67.49,91.63,20.00,26.35,33.37,3.90,6.71,16.22,9.18,26.21,17.00,25.10,22.28,286.00,4.00,3.00,9.00,40.21,34.08,422.00,3.00,5.00,11.00,17.15,13.98,188.00,4.00,4.00,8.00,47.11,40.53,492.00,3.00,4.00,13.00,4.88,3.93,66.00,4.00,5.00,1.00,0,휴식 (Relax)
31.38,46.12,18.62,43.88,-5.81,18.93,273.50,14.16,57.22,28.59,47.40,42.98,80.00,126.56,407.85,33.83,68.96,23.91,74.65,40.91,234.00,31.02,164.42,23.61,101.19,22.10,21.63,12.97,14.00,78.66,494.78,29.97,200.64,19.88,32.75,61.83,74.00,26.09,34.51,5.50,6.08,15.33,8.42,27.89,19.00,26.03,23.53,270.00,3.00,4.00,8.00,41.78,37.34,444.00,3.00,6.00,12.00,17.68,14.84,191.00,3.00,5.00,8.00,48.43,43.91,494.00,3.00,5.00,13.00,5.00,4.04,73.00,5.00,5.00,2.00,0,휴식 (Relax)
51.38,42.12,21.38,59.88,1.06,55.95,294.85,52.38,8.60,47.99,43.47,106.92,16.00,152.56,407.51,68.10,20.10,84.45,94.44,104.81,170.00,31.62,172.65,50.06,68.00,26.78,31.68,41.20,50.00,130.41,487.24,103.60,118.93,89.13,124.05,142.00,22.00,27.08,32.54,4.09,4.12,13.33,9.56,29.87,21.00,29.13,26.95,287.00,3.00,5.00,9.00,42.93,39.61,434.00,3.00,6.00,11.00,18.24,15.83,191.00,3.00,6.00,8.00,50.24,46.89,486.00,3.00,5.00,13.00,5.01,4.06,75.00,6.00,5.00,2.00,0,휴식 (Relax)
-13.06,-41.25,-0.88,-47.38,-4.06,61.55,292.59,56.26,13.89,48.76,36.48,100.40,23.00,144.18,414.11,60.54,30.07,90.18,104.37,114.23,160.00,41.13,164.91,52.82,61.19,37.39,34.90,28.98,30.00,149.87,473.59,117.27,106.51,79.67,108.54,122.01,2.00,28.73,30.93,5.43,4.12,14.19,7.57,27.93,19.00,28.89,26.57,343.00,4.00,6.00,10.00,43.46,40.16,518.00,4.00,6.00,12.00,17.53,14.84,212.00,4.00,7.00,9.00,48.80,45.80,552.00,4.00,6.00,13.00,4.88,3.94,64.00,6.00,5.00,1.00,0,휴식 (Relax)
-28.06,-31.25,-25.56,-64.88,-3.19,61.55,292.59,56.26,13.89,48.76,36.48,100.40,23.00,144.18,414.11,60.54,30.07,90.18,104.37,114.23,160.00,39.78,169.44,56.67,56.29,42.02,39.66,29.34,25.00,110.70,513.54,136.63,76.84,111.74,113.93,87.39,38.00,15.23,35.54,9.54,10.05,12.27,9.31,18.83,5.00,28.89,26.57,344.00,4.00,5.00,10.00,43.46,40.16,508.00,4.00,7.00,12.00,17.94,15.08,237.00,4.00,7.00,10.00,51.11,47.98,572.00,4.00,6.00,14.00,4.23,3.46,55.00,6.00,4.00,1.00,0,휴식 (Relax)
-35.50,-30.00,-25.25,-53.00,-0.06,63.16,285.95,49.34,8.60,53.04,36.75,97.91,30.00,124.60,429.22,80.54,10.20,70.39,108.41,124.36,140.00,40.96,174.13,61.08,55.44,42.19,35.35,27.06,30.00,88.27,536.09,165.89,56.60,89.81,88.30,106.16,8.00,13.23,35.09,10.88,10.44,13.70,7.40,19.05,7.00,28.29,26.19,329.00,4.00,5.00,9.00,44.05,41.25,508.00,4.00,7.00,12.00,18.33,15.31,232.00,4.00,7.00,10.00,52.52,49.62,572.00,4.00,7.00,14.00,4.21,3.33,52.00,6.00,4.00,1.00,0,휴식 (Relax)
-28.00,-38.12,-10.56,-22.38,5.12,64.50,289.58,51.73,5.10,49.96,43.38,98.72,38.00,101.56,432.84,96.44,33.53,82.47,125.37,121.72,170.00,37.97,172.06,61.68,50.49,46.99,34.59,23.79,35.00,85.41,537.02,168.08,65.30,85.78,98.19,102.69,18.00,10.56,32.63,10.19,7.62,11.08,9.13,19.95,4.00,28.72,26.62,297.00,3.00,6.00,8.00,45.06,42.89,442.00,3.00,6.00,12.00,18.11,15.08,227.00,3.00,7.00,10.00,52.73,50.17,537.00,3.00,7.00,14.00,3.90,3.16,57.00,6.00,4.00,1.00,0,휴식 (Relax)
-11.00,26.62,-14.31,11.38,8.12,87.13,281.75,36.40,27.02,81.92,14.59,86.88,6.00,93.97,408.46,85.50,62.77,113.02,81.60,110.98,126.00,55.72,165.86,42.46,56.82,61.33,49.94,12.28,55.00,102.05,510.38,135.42,94.02,129.77,79.91,108.29,26.00,10.56,32.63,10.19,7.62,11.08,9.13,19.95,4.00,28.44,25.75,312.00,3.00,6.00,9.00,42.08,39.80,482.00,4.00,6.00,12.00,18.45,15.48,210.00,3.00,7.00,9.00,51.03,47.08,535.00,4.00,6.00,14.00,3.90,3.16,52.00,6.00,4.00,1.00,0,휴식 (Relax)
28.50,58.94,17.38,57.44,-2.69,79.41,288.42,44.20,28.46,85.60,16.79,82.59,2.00,89.76,419.14,95.79,69.03,122.65,73.21,106.66,115.00,66.72,156.44,36.05,47.43,65.00,39.31,19.57,44.00,130.90,477.89,104.90,78.11,120.37,67.16,115.07,7.00,10.23,30.94,8.59,10.44,14.03,7.24,22.73,1.00,28.87,26.38,328.00,4.00,5.00,9.00,42.95,40.57,493.00,4.00,5.00,12.00,17.59,14.70,230.00,4.00,8.00,9.00,48.00,44.76,546.00,4.00,6.00,14.00,3.96,3.35,63.00,7.00,5.00,2.00,0,휴식 (Relax)
