a0,a1,a2,a3,a4,a0_f1,a0_f2,a0_f3,a0_f4,a0_f5,a0_f6,a0_f7,a0_f8,a1_f1,a1_f2,a1_f3,a1_f4,a1_f5,a1_f6,a1_f7,a1_f8,a2_f1,a2_f2,a2_f3,a2_f4,a2_f5,a2_f6,a2_f7,a2_f8,a3_f1,a3_f2,a3_f3,a3_f4,a3_f5,a3_f6,a3_f7,a3_f8,a4_f1,a4_f2,a4_f3,a4_f4,a4_f5,a4_f6,a4_f7,a4_f8,a0_rms,a0_mav,a0_wl,a0_zc,a1_rms,a1_mav,a1_wl,a1_zc,a2_rms,a2_mav,a2_wl,a2_zc,a3_rms,a3_mav,a3_wl,a3_zc,a4_rms,a4_mav,a4_wl,a4_zc,label,action_name
336.00,605.00,151.00,594.00,28.00,0.00,0.00,0.00,0.00,0.00,0.00,0.00,0.00,0.00,0.00,0.00,0.00,0.00,0.00,0.00,0.00,0.00,0.00,0.00,0.00,0.00,0.00,0.00,0.00,0.00,0.00,0.00,0.00,0.00,0.00,0.00,0.00,0.00,0.00,0.00,0.00,0.00,0.00,0.00,0.00,336.00,336.00,0.00,0.00,605.00,605.00,0.00,0.00,151.00,151.00,0.00,0.00,594.00,594.00,0.00,0.00,28.00,28.00,0.00,0.00,0,휴식 (Relax)
328.00,605.00,145.00,605.00,45.00,8.00,8.00,8.00,8.00,8.00,8.00,8.00,8.00,0.00,0.00,0.00,0.00,0.00,0.00,0.00,0.00,6.00,6.00,6.00,6.00,6.00,6.00,6.00,6.00,11.00,11.00,11.00,11.00,11.00,11.00,11.00,11.00,17.00,17.00,17.00,17.00,17.00,17.00,17.00,17.00,335.51,335.50,8.00,1.00,605.00,605.00,0.00,0.00,150.63,150.62,6.00,1.00,594.69,594.69,11.00,1.00,29.35,29.06,17.00,1.00,0,휴식 (Relax)
304.00,583.00,135.00,583.00,28.00,39.51,38.08,35.83,32.98,29.87,26.94,24.80,24.00,22.00,22.00,22.00,22.00,22.00,22.00,22.00,22.00,21.67,20.68,19.12,17.09,14.78,12.50,10.71,10.00,4.29,8.42,12.22,15.56,18.29,20.33,21.58,22.00,17.00,17.00,17.00,17.00,17.00,17.00,17.00,17.00,333.59,333.50,32.00,1.00,603.65,603.62,22.00,1.00,149.68,149.62,16.00,1.00,594.01,594.00,33.00,1.00,29.35,29.06,34.00,2.00,0,휴식 (Relax)
344.00,594.00,145.00,583.00,33.00,32.58,33.94,35.25,35.78,35.25,33.94,32.58,32.00,32.44,30.78,28.11,24.60,20.49,16.21,12.56,11.00,27.09,24.49,20.59,16.00,11.41,7.51,4.91,4.00,13.85,19.05,23.11,24.60,23.11,19.05,13.85,11.00,20.84,17.72,13.92,12.00,13.92,17.72,20.84,22.00,334.10,334.00,72.00,2.00,602.97,602.94,33.00,1.00,149.31,149.25,26.00,1.00,593.33,593.31,33.00,1.00,29.68,29.38,39.00,3.00,0,휴식 (Relax)
320.00,572.00,168.00,616.00,31.00,43.62,32.34,20.98,22.63,33.30,42.07,46.69,48.00,61.96,50.49,33.62,15.56,14.29,28.96,40.04,44.00,19.27,29.81,34.76,33.00,26.33,18.59,13.96,13.00,8.47,12.75,26.98,39.66,44.64,39.13,24.40,11.00,22.58,16.50,10.96,12.37,16.90,19.34,19.40,19.00,333.12,333.00,96.00,3.00,600.95,600.88,55.00,1.00,150.44,150.31,49.00,2.00,594.73,594.69,66.00,3.00,29.86,29.56,41.00,3.00,0,휴식 (Relax)
328.00,594.00,135.00,583.00,31.00,48.05,28.30,14.81,28.84,40.48,43.44,41.49,40.00,70.62,53.31,30.18,11.00,17.98,28.08,32.23,33.00,21.37,14.35,25.44,36.67,38.66,34.00,29.89,29.00,3.05,3.49,16.40,34.79,48.49,49.07,35.25,22.00,23.60,13.85,10.71,15.30,16.32,16.38,19.75,22.00,332.62,332.50,104.00,3.00,600.26,600.19,77.00,1.00,149.49,149.31,82.00,3.00,594.05,594.00,99.00,3.00,30.05,29.75,41.00,3.00,0,휴식 (Relax)
336.00,594.00,156.00,594.00,31.00,48.05,28.30,14.81,28.84,40.48,43.44,41.49,40.00,77.05,49.79,19.69,0.00,7.88,20.62,36.84,44.00,21.31,19.04,22.15,32.25,38.22,37.01,34.45,34.00,3.05,3.49,16.40,34.79,48.49,49.07,35.25,22.00,23.82,10.96,13.58,15.00,13.76,18.92,20.56,19.00,332.62,332.50,112.00,4.00,599.58,599.50,77.00,1.00,149.81,149.62,103.00,4.00,594.05,594.00,110.00,3.00,30.23,29.94,41.00,3.00,0,휴식 (Relax)
304.00,561.00,145.00,594.00,33.00,54.23,12.83,46.79,17.89,41.43,74.80,56.01,8.00,99.11,26.62,33.39,44.00,42.87,64.27,52.09,0.00,19.18,17.11,28.01,29.73,32.70,36.98,38.91,40.00,3.05,3.49,16.40,34.79,48.49,49.07,35.25,22.00,23.08,9.76,17.09,10.00,18.15,18.24,17.59,24.00,330.69,330.50,144.00,5.00,596.90,596.75,110.00,1.00,149.44,149.25,114.00,5.00,594.05,594.00,110.00,3.00,30.54,30.25,43.00,3.00,0,휴식 (Relax)
336.00,605.00,140.00,572.00,26.00,54.23,12.83,46.79,17.89,41.43,74.80,56.01,8.00,99.11,26.62,33.39,44.00,42.87,64.27,52.09,0.00,15.70,25.14,32.08,19.72,41.47,44.92,34.99,29.00,24.46,20.92,35.78,15.56,54.70,69.90,30.61,0.00,23.99,8.46,17.77,10.20,18.19,19.71,16.05,26.00,330.69,330.50,176.00,6.00,596.90,596.75,154.00,2.00,148.76,148.56,119.00,5.00,592.70,592.62,132.00,5.00,30.43,30.12,50.00,4.00,0,휴식 (Relax)
328.00,594.00,151.00,627.00,42.00,52.52,20.24,41.39,16.00,34.05,74.02,64.00,0.00,99.12,15.67,31.38,33.00,34.40,65.97,63.08,11.00,15.70,25.14,32.08,19.72,41.47,44.92,34.99,29.00,15.75,20.29,46.84,45.35,42.17,99.97,55.13,33.00,15.62,22.39,3.77,24.08,8.51,33.69,5.42,40.00,330.19,330.00,184.00,7.00,596.20,596.06,165.00,3.00,148.76,148.56,130.00,6.00,594.82,594.69,187.00,5.00,31.42,31.00,66.00,5.00,0,휴식 (Relax)
304.00,583.00,145.00,572.00,26.00,45.51,45.10,13.80,48.00,45.63,99.99,35.88,32.00,94.18,13.67,13.64,39.66,55.38,79.67,43.74,11.00,12.21,28.90,26.29,25.08,35.65,48.90,38.54,23.00,9.51,3.27,26.76,55.00,22.76,111.05,77.04,55.00,16.99,20.93,4.87,24.00,6.53,35.07,4.58,42.00,328.24,328.00,208.00,4.00,594.83,594.69,176.00,3.00,148.39,148.19,136.00,7.00,593.47,593.31,242.00,7.00,31.31,30.88,82.00,6.00,0,휴식 (Relax)
336.00,594.00,140.00,594.00,36.00,45.51,45.10,13.80,48.00,45.63,99.99,35.88,32.00,89.36,24.67,3.28,49.19,54.78,68.67,50.55,0.00,8.53,30.67,27.50,23.02,43.22,50.27,29.24,34.00,9.51,3.27,26.76,55.00,22.76,111.05,77.04,55.00,10.01,22.41,10.90,16.00,7.16,35.97,6.45,50.00,328.24,328.00,240.00,5.00,594.14,594.00,187.00,2.00,147.72,147.50,141.00,7.00,593.47,593.31,264.00,8.00,31.82,31.38,92.00,7.00,0,휴식 (Relax)
320.00,572.00,168.00,616.00,31.00,37.73,41.42,29.67,32.00,29.67,108.87,37.73,48.00,69.85,53.37,34.20,45.35,26.28,94.92,49.57,33.00,20.14,40.95,10.64,40.01,41.14,65.37,13.58,51.00,23.00,19.42,7.12,70.43,30.00,129.63,62.00,33.00,7.19,21.36,13.24,16.28,4.38,37.65,5.46,47.00,327.24,327.00,256.00,9.00,592.09,591.94,209.00,9.00,148.86,148.56,169.00,8.00,594.87,594.69,286.00,7.00,32.00,31.56,97.00,8.00,0,휴식 (Relax)
312.00,605.00,130.00,572.00,31.00,28.30,28.66,43.44,40.00,43.44,114.59,28.30,24.00,69.85,53.37,34.20,45.35,26.28,94.92,49.57,33.00,1.18,19.99,28.41,44.72,24.42,85.28,8.19,72.00,1.22,14.18,28.98,59.24,28.20,150.96,60.72,11.00,4.19,18.77,12.96,19.24,5.05,34.69,5.38,50.00,325.75,325.50,264.00,9.00,592.09,591.94,242.00,10.00,147.61,147.25,207.00,9.00,593.52,593.31,330.00,9.00,32.17,31.75,97.00,8.00,0,휴식 (Relax)
328.00,594.00,151.00,594.00,31.00,26.03,22.25,41.65,46.65,46.55,107.41,32.44,32.00,59.56,50.85,28.44,44.00,28.44,89.79,59.56,44.00,1.18,19.99,28.41,44.72,24.42,85.28,8.19,72.00,1.22,14.18,28.98,59.24,28.20,150.96,60.72,11.00,1.75,15.85,10.29,19.00,7.27,37.18,6.51,47.00,325.24,325.00,280.00,10.00,591.40,591.25,253.00,10.00,147.61,147.25,228.00,10.00,593.52,593.31,352.00,10.00,32.34,31.94,97.00,8.00,0,휴식 (Relax)
320.00,572.00,156.00,616.00,33.00,22.54,6.30,26.51,40.79,30.65,122.74,20.25,16.00,26.56,31.94,4.56,77.00,4.56,121.28,26.56,11.00,5.08,20.18,32.94,47.17,25.37,86.80,7.56,67.00,23.20,11.93,47.69,55.00,48.81,157.43,45.44,33.00,5.04,14.01,6.98,14.00,4.17,36.44,3.53,52.00,324.23,324.00,288.00,11.00,589.34,589.19,275.00,11.00,147.94,147.56,233.00,10.00,594.92,594.69,374.00,9.00,32.63,32.25,99.00,8.00,0,휴식 (Relax)
336.00,594.00,145.00,572.00,28.00,22.54,6.30,26.51,40.79,30.65,122.74,20.25,16.00,16.93,23.34,13.42,77.78,10.17,111.91,36.96,22.00,1.27,24.17,28.97,42.20,21.06,92.25,11.99,61.00,9.08,10.39,35.19,33.00,55.99,177.75,29.47,55.00,5.04,14.01,6.98,14.00,4.17,36.44,3.53,52.00,324.23,324.00,296.00,12.00,588.64,588.50,297.00,12.00,147.56,147.19,238.00,10.00,593.57,593.31,407.00,11.00,32.63,32.25,87.00,8.00,0,휴식 (Relax)
328.00,594.00,145.00,594.00,33.00,22.54,6.30,26.51,40.79,30.65,122.74,20.25,16.00,14.76,12.35,17.97,66.91,7.80,114.71,29.16,11.00,1.27,24.17,28.97,42.20,21.06,92.25,11.99,61.00,17.11,20.43,43.84,34.79,63.28,167.75,39.06,44.00,7.72,3.44,5.75,2.00,8.67,24.50,14.97,40.00,324.23,324.00,280.00,11.00,587.94,587.81,275.00,11.00,147.56,147.19,228.00,10.00,592.88,592.62,407.00,11.00,31.72,31.50,75.00,8.00,0,휴식 (Relax)
312.00,583.00,151.00,594.00,26.00,29.77,4.72,18.51,32.98,37.78,115.83,12.64,8.00,14.76,12.35,17.97,66.91,7.80,114.71,29.16,11.00,14.74,17.77,13.29,30.81,27.41,86.96,5.16,77.00,6.27,18.05,35.26,24.60,73.54,164.38,50.05,33.00,9.71,1.61,7.29,2.83,7.65,26.10,13.04,42.00,324.71,324.50,256.00,11.00,587.94,587.81,275.00,11.00,148.53,148.19,224.00,11.00,593.56,593.31,407.00,11.00,31.62,31.38,77.00,8.00,0,휴식 (Relax)
336.00,605.00,140.00,594.00,36.00,21.77,9.77,23.00,32.00,38.41,108.08,9.06,0.00,8.67,16.90,28.96,56.09,11.38,125.25,29.88,22.00,10.27,14.76,14.63,26.91,25.50,89.61,10.12,82.00,4.82,27.34,40.62,31.11,73.78,159.34,39.94,44.00,7.19,4.59,8.44,2.24,9.94,26.77,10.87,45.00,324.19,324.00,256.00,11.00,588.64,588.50,275.00,11.00,148.23,147.88,212.00,11.00,594.24,594.00,374.00,5.00,31.82,31.56,85.00,9.00,0,휴식 (Relax)
320.00,583.00,156.00,616.00,36.00,21.77,9.77,23.00,32.00,38.41,108.08,9.06,0.00,10.18,19.86,34.40,55.00,5.18,115.76,33.26,11.00,10.40,4.52,11.04,20.88,37.46,77.89,3.80,70.00,4.82,27.34,40.62,31.11,73.78,159.34,39.94,44.00,6.50,8.75,13.39,7.07,6.37,29.52,13.33,40.00,324.19,324.00,264.00,11.00,589.32,589.19,275.00,11.00,147.41,147.12,195.00,11.00,594.24,594.00,363.00,4.00,32.15,31.88,85.00,9.00,0,휴식 (Relax)
328.00,605.00,130.00,572.00,33.00,21.77,9.77,23.00,32.00,38.41,108.08,9.06,0.00,17.29,20.38,30.51,66.00,6.07,118.76,25.87,22.00,14.89,1.36,7.42,25.71,35.56,82.20,2.53,75.00,7.70,24.68,40.42,39.66,67.33,169.33,44.74,33.00,7.86,9.68,14.09,7.07,5.44,27.54,12.90,42.00,324.19,324.00,264.00,12.00,590.01,589.88,297.00,12.00,147.13,146.81,200.00,11.00,593.57,593.31,396.00,9.00,32.27,32.00,88.00,9.00,0,휴식 (Relax)
320.00,594.00,151.00,594.00,28.00,21.77,16.23,23.00,48.00,38.41,94.62,9.06,16.00,17.29,20.38,30.51,66.00,6.07,118.76,25.87,22.00,19.89,4.79,2.72,27.31,31.97,81.03,4.79,70.00,7.70,24.68,40.42,39.66,67.33,169.33,44.74,33.00,5.12,10.71,16.29,10.05,2.45,25.20,13.94,45.00,323.17,323.00,240.00,12.00,590.01,589.88,275.00,11.00,146.80,146.50,210.00,11.00,593.57,593.31,418.00,10.00,32.10,31.81,91.00,10.00,0,휴식 (Relax)
312.00,561.00,151.00,594.00,31.00,17.20,16.84,15.01,48.66,32.14,86.74,15.44,24.00,17.29,20.38,30.51,66.00,6.07,118.76,25.87,22.00,14.57,5.56,6.09,32.89,26.43,84.46,10.77,64.00,7.70,24.68,40.42,39.66,67.33,169.33,44.74,33.00,3.15,12.64,18.07,10.44,3.87,25.42,12.50,43.00,323.65,323.50,216.00,11.00,590.01,589.88,264.00,11.00,147.18,146.88,205.00,11.00,593.57,593.31,396.00,9.00,31.98,31.69,87.00,9.00,0,휴식 (Relax)
336.00,594.00,145.00,583.00,26.00,17.20,16.84,15.01,48.66,32.14,86.74,15.44,24.00,22.23,30.61,26.06,66.91,6.84,109.04,15.23,33.00,12.42,10.55,7.64,34.89,26.69,79.51,6.27,69.00,7.85,18.28,46.79,46.67,70.03,159.12,39.45,22.00,3.15,12.64,18.07,10.44,3.87,25.42,12.50,43.00,323.65,323.50,232.00,12.00,589.32,589.19,286.00,12.00,147.48,147.19,200.00,11.00,594.24,594.00,352.00,4.00,31.98,31.69,76.00,8.00,0,휴식 (Relax)
336.00,594.00,140.00,605.00,42.00,10.10,24.57,21.19,48.00,33.44,88.57,19.47,32.00,22.23,30.61,26.06,66.91,6.84,109.04,15.23,33.00,15.55,7.91,16.25,44.94,18.14,70.92,9.23,80.00,15.01,22.59,26.88,64.14,55.38,139.05,28.74,0.00,3.15,12.64,18.07,10.44,3.87,25.42,12.50,43.00,324.16,324.00,208.00,11.00,589.32,589.19,275.00,11.00,146.80,146.50,199.00,10.00,592.81,592.62,319.00,9.00,31.98,31.69,76.00,8.00,0,휴식 (Relax)
304.00,583.00,145.00,583.00,26.00,10.10,24.57,21.19,48.00,33.44,88.57,19.47,32.00,22.23,30.61,26.06,66.91,6.84,109.04,15.23,33.00,15.55,7.91,16.25,44.94,18.14,70.92,9.23,80.00,8.47,25.71,26.98,59.24,44.64,135.86,24.40,11.00,3.15,12.64,18.07,10.44,3.87,25.42,12.50,43.00,324.16,324.00,208.00,11.00,589.32,589.19,275.00,11.00,146.80,146.50,199.00,10.00,593.48,593.31,319.00,9.00,31.98,31.69,82.00,8.00,0,휴식 (Relax)
336.00,594.00,140.00,583.00,33.00,10.10,24.57,21.19,48.00,33.44,88.57,19.47,32.00,22.23,30.61,26.06,66.91,6.84,109.04,15.23,33.00,15.55,7.91,16.25,44.94,18.14,70.92,9.23,80.00,12.35,15.46,36.56,49.19,44.37,141.74,20.36,22.00,3.83,9.76,19.56,11.66,6.06,25.15,10.50,40.00,324.16,324.00,224.00,11.00,589.32,589.19,264.00,11.00,146.80,146.50,176.00,9.00,592.80,592.62,297.00,9.00,31.77,31.50,84.00,8.00,0,휴식 (Relax)
328.00,583.00,156.00,616.00,36.00,5.23,18.35,13.36,56.00,38.94,84.94,24.12,24.00,15.56,41.24,15.56,66.00,15.56,99.57,15.56,22.00,14.13,16.53,4.26,42.19,9.12,58.95,6.55,68.00,12.35,15.46,36.56,49.19,44.37,141.74,20.36,22.00,2.60,14.42,14.68,16.16,10.55,28.81,10.51,35.00,324.66,324.50,224.00,11.00,589.99,589.88,242.00,11.00,145.97,145.75,154.00,9.00,592.80,592.62,286.00,9.00,32.10,31.81,87.00,8.00,0,휴식 (Relax)
320.00,594.00,130.00,572.00,33.00,10.65,10.35,10.60,56.57,31.90,82.49,17.10,32.00,19.05,36.58,19.05,55.00,19.05,97.73,19.05,11.00,14.13,16.53,4.26,42.19,9.12,58.95,6.55,68.00,12.35,15.46,36.56,49.19,44.37,141.74,20.36,22.00,3.76,15.45,14.54,17.00,10.62,26.82,9.47,37.00,325.15,325.00,216.00,11.00,589.29,589.19,242.00,12.00,145.97,145.75,159.00,9.00,592.80,592.62,308.00,9.00,32.22,31.94,90.00,8.00,0,휴식 (Relax)
320.00,594.00,140.00,583.00,33.00,2.81,17.11,4.53,64.50,34.10,75.65,9.44,40.00,19.05,36.58,19.05,55.00,19.05,97.73,19.05,11.00,13.31,15.20,14.10,44.60,12.02,59.12,17.54,57.00,13.52,21.45,25.57,55.00,50.51,140.09,31.12,11.00,4.98,15.20,16.41,15.26,8.71,28.12,11.06,35.00,324.65,324.50,208.00,10.00,589.29,589.19,220.00,11.00,145.28,145.06,164.00,9.00,592.12,591.94,297.00,9.00,32.35,32.06,88.00,8.00,0,휴식 (Relax)
320.00,572.00,162.00,627.00,33.00,2.81,17.11,4.53,64.50,34.10,75.65,9.44,40.00,19.05,36.58,19.05,55.00,19.05,97.73,19.05,11.00,14.87,19.02,11.63,50.29,17.75,63.91,23.25,51.00,16.19,10.46,31.95,64.14,61.12,147.21,41.92,0.00,4.98,15.20,16.41,15.26,8.71,28.12,11.06,35.00,324.65,324.50,192.00,9.00,589.29,589.19,220.00,11.00,145.69,145.44,175.00,9.00,592.84,592.62,297.00,9.00,32.35,32.06,83.00,7.00,0,휴식 (Relax)
320.00,594.00,135.00,561.00,28.00,13.45,17.99,14.87,48.66,42.85,68.32,8.13,56.00,19.05,36.58,19.05,55.00,19.05,97.73,19.05,11.00,9.80,9.04,6.49,48.26,21.61,73.79,31.73,41.00,9.24,19.61,37.72,59.24,63.72,158.19,51.57,11.00,4.98,15.20,16.41,15.26,8.71,28.12,11.06,35.00,323.64,323.50,184.00,9.00,589.29,589.19,242.00,12.00,145.09,144.81,202.00,11.00,592.18,591.94,341.00,9.00,32.35,32.06,83.00,7.00,0,휴식 (Relax)
328.00,605.00,140.00,594.00,36.00,13.45,17.99,14.87,48.66,42.85,68.32,8.13,56.00,28.74,34.89,11.91,66.00,11.91,97.11,28.74,22.00,8.51,6.90,2.92,53.24,24.62,70.91,28.72,46.00,9.24,19.61,37.72,59.24,63.72,158.19,51.57,11.00,4.85,13.40,13.41,17.03,5.72,31.12,8.71,38.00,323.64,323.50,176.00,9.00,589.99,589.88,242.00,11.00,144.78,144.50,201.00,11.00,592.18,591.94,374.00,10.00,32.55,32.25,84.00,7.00,0,휴식 (Relax)
296.00,561.00,156.00,605.00,31.00,27.65,8.98,15.78,64.50,26.87,83.42,23.84,72.00,6.74,24.81,33.91,69.57,10.09,113.74,50.74,44.00,11.35,5.54,7.91,53.00,29.38,72.08,28.24,51.00,19.59,26.01,38.17,56.09,73.73,158.04,49.02,0.00,6.53,15.32,12.68,13.60,8.57,27.99,11.62,33.00,322.69,322.50,184.00,9.00,588.65,588.50,264.00,11.00,145.11,144.81,206.00,11.00,592.88,592.62,385.00,10.00,32.82,32.56,79.00,7.00,0,휴식 (Relax)
344.00,616.00,135.00,594.00,33.00,22.23,15.54,21.25,64.00,25.45,90.59,31.10,80.00,17.42,34.09,31.39,59.24,17.55,124.64,61.05,55.00,6.95,9.42,7.40,48.00,30.35,76.47,30.46,56.00,19.59,26.01,38.17,56.09,73.73,158.04,49.02,0.00,6.19,12.42,9.91,16.12,8.20,28.67,13.13,30.00,323.22,323.00,216.00,9.00,589.37,589.19,297.00,11.00,144.82,144.50,211.00,11.00,592.88,592.62,374.00,10.00,32.62,32.38,81.00,7.00,0,휴식 (Relax)
320.00,594.00,151.00,605.00,36.00,22.23,15.54,21.25,64.00,25.45,90.59,31.10,80.00,27.44,44.69,41.55,64.14,22.21,118.22,53.25,44.00,2.46,14.28,12.36,48.26,34.41,71.71,26.62,51.00,11.76,20.04,33.23,55.00,84.01,147.04,43.17,11.00,6.19,12.42,9.91,16.12,8.20,28.67,13.13,30.00,323.22,323.00,232.00,9.00,590.05,589.88,297.00,10.00,144.49,144.19,201.00,11.00,592.17,591.94,341.00,9.00,32.62,32.38,81.00,7.00,0,휴식 (Relax)
312.00,583.00,135.00,572.00,33.00,25.15,16.90,28.04,65.97,17.69,98.48,28.78,64.00,18.28,38.13,31.45,46.67,43.76,124.44,50.69,22.00,7.33,12.21,10.95,43.29,38.65,69.62,22.02,46.00,11.76,20.04,33.23,55.00,84.01,147.04,43.17,11.00,6.19,12.42,9.91,16.12,8.20,28.67,13.13,30.00,322.23,322.00,232.00,8.00,588.67,588.50,297.00,11.00,144.77,144.50,196.00,11.00,592.17,591.94,352.00,9.00,32.62,32.38,79.00,6.00,0,휴식 (Relax)
320.00,605.00,135.00,583.00,31.00,25.15,16.90,28.04,65.97,17.69,98.48,28.78,64.00,16.48,31.67,23.02,39.66,47.68,134.59,56.71,11.00,9.12,14.30,7.92,44.38,39.81,77.09,6.09,30.00,18.21,30.59,43.35,56.09,79.89,147.69,32.95,22.00,3.39,11.31,6.92,14.87,9.62,30.23,11.84,27.00,322.23,322.00,232.00,8.00,589.37,589.19,286.00,11.00,143.78,143.50,196.00,11.00,591.49,591.25,363.00,9.00,32.79,32.56,78.00,6.00,0,휴식 (Relax)
328.00,583.00,162.00,627.00,39.00,33.25,9.57,31.34,71.55,10.82,85.63,18.85,80.00,24.29,12.35,7.63,24.60,64.14,114.71,39.11,33.00,2.62,18.36,15.21,55.11,31.92,87.89,5.20,19.00,16.25,17.56,53.34,88.68,47.04,174.43,1.48,55.00,4.65,5.95,7.83,7.81,2.68,32.72,18.16,35.00,323.22,323.00,216.00,8.00,590.70,590.56,275.00,11.00,144.53,144.19,217.00,12.00,593.61,593.31,396.00,9.00,33.32,33.06,81.00,5.00,0,휴식 (Relax)
304.00,583.00,135.00,551.00,26.00,13.76,24.57,2.46,45.25,42.63,88.57,23.40,112.00,21.81,23.34,4.68,15.56,73.62,111.91,29.31,44.00,7.53,8.48,9.47,54.01,22.54,96.28,15.16,9.00,22.24,16.94,23.36,90.47,41.87,205.79,31.54,87.00,4.65,5.95,7.83,7.81,2.68,32.72,18.16,35.00,321.24,321.00,240.00,9.00,590.01,589.88,275.00,11.00,143.92,143.56,239.00,12.00,591.70,591.31,450.00,9.00,33.32,33.06,78.00,5.00,0,휴식 (Relax)
336.00,605.00,140.00,594.00,36.00,13.76,24.57,2.46,45.25,42.63,88.57,23.40,112.00,20.17,17.15,12.83,24.60,73.33,118.25,18.53,55.00,7.53,8.48,9.47,54.01,22.54,96.28,15.16,9.00,33.21,23.48,27.32,101.20,31.11,199.77,22.07,76.00,4.64,11.81,9.29,5.00,3.48,27.39,12.49,29.00,321.24,321.00,240.00,9.00,590.71,590.56,286.00,11.00,143.92,143.56,239.00,11.00,591.00,590.62,471.00,9.00,32.88,32.69,72.00,7.00,0,휴식 (Relax)
304.00,583.00,162.00,616.00,31.00,13.76,24.57,2.46,45.25,42.63,88.57,23.40,112.00,20.17,17.15,12.83,24.60,73.33,118.25,18.53,55.00,13.56,20.68,10.33,56.32,8.97,106.12,13.15,26.00,10.75,39.40,7.68,112.77,28.91,209.74,29.01,43.00,2.30,9.72,4.47,0.00,7.53,26.56,9.70,24.00,321.24,321.00,240.00,9.00,590.71,590.56,297.00,11.00,145.05,144.62,256.00,11.00,593.09,592.69,493.00,9.00,33.15,33.00,70.00,6.00,0,휴식 (Relax)
336.00,594.00,145.00,583.00,31.00,13.76,24.57,2.46,45.25,42.63,88.57,23.40,112.00,20.17,17.15,12.83,24.60,73.33,118.25,18.53,55.00,18.55,22.98,14.59,61.13,13.96,101.14,9.59,21.00,10.75,39.40,7.68,112.77,28.91,209.74,29.01,43.00,3.05,8.79,4.90,2.00,7.79,27.91,9.90,22.00,321.24,321.00,264.00,10.00,590.71,590.56,297.00,11.00,145.36,144.94,257.00,10.00,593.09,592.69,493.00,9.00,33.03,32.88,67.00,7.00,0,휴식 (Relax)
328.00,594.00,145.00,594.00,33.00,13.76,24.57,2.46,45.25,42.63,88.57,23.40,112.00,11.87,27.52,1.86,31.11,70.38,117.31,26.64,44.00,9.08,27.44,18.79,64.88,20.47,92.84,5.78,10.00,14.85,31.70,24.22,124.81,31.51,189.51,7.22,65.00,5.89,6.14,3.58,3.61,10.34,24.91,8.58,25.00,321.24,321.00,264.00,9.00,591.40,591.25,286.00,10.00,144.64,144.25,231.00,9.00,591.69,591.31,460.00,9.00,32.83,32.69,66.00,7.00,0,휴식 (Relax)
312.00,572.00,145.00,583.00,31.00,6.42,21.34,8.17,51.22,35.58,95.63,30.49,104.00,32.54,25.30,22.44,22.00,49.00,133.24,42.95,22.00,20.27,12.94,6.17,51.62,21.44,93.57,16.71,5.00,11.12,25.60,18.95,116.28,42.48,185.93,6.98,76.00,7.87,4.19,1.76,3.00,8.91,26.39,9.98,23.00,320.74,320.50,280.00,10.00,590.04,589.88,308.00,11.00,145.53,145.19,221.00,10.00,592.36,592.00,460.00,10.00,32.71,32.56,68.00,7.00,0,휴식 (Relax)
336.00,605.00,145.00,594.00,28.00,20.19,19.04,12.44,43.08,24.58,110.95,46.49,88.00,21.84,16.12,21.75,11.00,42.97,144.20,50.27,11.00,23.96,8.58,10.07,54.41,25.13,89.66,13.46,0.00,18.97,15.84,28.49,123.75,40.31,181.09,4.82,65.00,12.47,4.75,3.63,2.00,8.07,26.48,5.49,28.00,321.76,321.50,304.00,11.00,590.74,590.56,319.00,11.00,145.84,145.50,199.00,9.00,593.04,592.69,427.00,10.00,32.42,32.25,71.00,7.00,0,휴식 (Relax)
336.00,572.00,162.00,616.00,39.00,34.25,17.84,26.98,58.24,19.83,104.01,32.16,104.00,21.84,16.12,21.75,11.00,42.97,144.20,50.27,11.00,23.96,8.58,10.07,54.41,25.13,89.66,13.46,0.00,8.26,26.76,21.91,116.18,50.41,170.83,14.65,54.00,8.82,1.36,4.77,6.32,4.17,31.40,1.43,34.00,322.78,322.50,304.00,11.00,590.74,590.56,330.00,11.00,145.84,145.50,189.00,9.00,592.32,592.00,383.00,9.00,32.83,32.62,77.00,7.00,0,휴식 (Relax)
304.00,594.00,135.00,572.00,28.00,25.26,28.27,29.82,56.00,9.04,111.29,26.37,120.00,21.84,16.12,21.75,11.00,42.97,144.20,50.27,11.00,23.96,8.58,10.07,54.41,25.13,89.66,13.46,0.00,19.26,21.52,16.77,108.19,58.50,160.78,24.37,43.00,8.82,1.36,4.77,6.32,4.17,31.40,1.43,34.00,321.81,321.50,328.00,11.00,590.74,590.56,341.00,12.00,145.84,145.50,211.00,10.00,592.97,592.69,394.00,9.00,32.83,32.62,80.00,7.00,0,휴식 (Relax)
352.00,605.00,151.00,605.00,33.00,34.13,6.09,6.04,32.00,15.24,134.68,40.47,144.00,21.84,16.12,21.75,11.00,42.97,144.20,50.27,11.00,23.50,19.53,1.47,45.97,35.83,89.29,11.57,11.00,29.67,28.50,6.27,100.66,62.50,164.91,18.07,54.00,8.20,3.71,5.97,9.22,6.28,29.94,3.69,31.00,323.39,323.00,344.00,11.00,590.74,590.56,308.00,11.00,146.52,146.19,211.00,10.00,593.67,593.38,416.00,10.00,32.63,32.44,80.00,7.00,0,휴식 (Relax)
328.00,594.00,145.00,616.00,39.00,54.13,33.13,32.02,45.25,31.49,109.36,13.15,112.00,44.37,46.11,12.35,22.00,20.36,111.33,36.56,22.00,27.85,13.40,11.70,39.12,42.91,82.12,15.16,22.00,38.98,39.48,7.27,109.20,51.52,169.20,21.01,43.00,13.61,4.89,2.73,10.82,9.09,33.32,11.69,23.00,325.32,325.00,320.00,10.00,592.75,592.62,264.00,10.00,145.81,145.50,196.00,10.00,594.38,594.06,416.00,9.00,33.17,32.94,84.00,7.00,0,휴식 (Relax)
320.00,583.00,140.00,583.00,31.00,46.51,19.04,27.51,32.98,52.25,110.95,15.41,88.00,11.99,24.74,26.38,39.66,13.11,93.95,37.53,55.00,23.83,11.81,10.25,43.42,41.34,77.17,17.37,27.00,33.02,33.08,6.52,102.93,49.22,179.55,25.07,32.00,11.65,3.23,1.50,9.22,8.61,35.26,13.56,21.00,323.78,323.50,304.00,10.00,590.66,590.56,253.00,11.00,146.11,145.81,185.00,9.00,593.70,593.38,438.00,11.00,33.04,32.81,89.00,8.00,0,휴식 (Relax)
328.00,594.00,140.00,583.00,33.00,44.75,15.87,19.65,25.30,52.84,117.59,21.25,80.00,11.99,24.74,26.38,39.66,13.11,93.95,37.53,55.00,34.48,21.59,4.89,49.68,30.47,68.74,22.33,38.00,38.85,44.71,27.92,122.09,31.64,160.04,29.90,54.00,8.71,4.30,4.32,11.40,11.53,32.76,11.51,24.00,324.28,324.00,304.00,11.00,590.66,590.56,253.00,11.00,145.42,145.12,169.00,8.00,592.32,592.00,405.00,10.00,32.85,32.62,88.00,8.00,0,휴식 (Relax)
312.00,561.00,156.00,605.00,33.00,44.75,15.87,19.65,25.30,52.84,117.59,21.25,80.00,11.99,46.34,26.38,24.60,13.11,114.45,37.53,77.00,14.37,9.42,24.74,36.24,26.06,71.14,35.02,59.00,22.67,11.71,36.80,111.20,11.22,154.42,60.35,87.00,8.71,4.30,4.32,11.40,11.53,32.76,11.51,24.00,324.28,324.00,312.00,12.00,589.33,589.19,264.00,11.00,146.73,146.44,185.00,9.00,594.36,594.06,416.00,9.00,32.85,32.62,86.00,8.00,0,휴식 (Relax)
336.00,605.00,135.00,572.00,28.00,33.44,2.94,31.28,40.79,41.08,126.96,28.71,64.00,11.99,46.34,26.38,24.60,13.11,114.45,37.53,77.00,14.37,9.42,24.74,36.24,26.06,71.14,35.02,59.00,28.22,21.01,26.80,100.44,22.19,161.87,71.28,98.00,7.57,6.84,3.64,9.22,10.17,34.57,12.24,27.00,325.29,325.00,328.00,12.00,589.33,589.19,286.00,11.00,146.73,146.44,179.00,9.00,593.70,593.38,405.00,11.00,32.68,32.44,83.00,8.00,0,휴식 (Relax)
328.00,572.00,156.00,616.00,39.00,33.44,2.94,31.28,40.79,41.08,126.96,28.71,64.00,22.58,49.09,16.51,31.11,3.28,118.52,33.80,88.00,17.27,3.63,28.76,33.84,23.16,65.37,34.73,53.00,38.35,27.11,30.11,98.62,20.10,150.87,61.82,87.00,7.57,6.84,3.64,9.22,10.17,34.57,12.24,27.00,325.29,325.00,312.00,11.00,588.65,588.50,319.00,12.00,146.32,146.06,173.00,9.00,592.97,592.69,373.00,11.00,32.68,32.44,81.00,8.00,0,휴식 (Relax)
296.00,594.00,140.00,583.00,24.00,41.36,5.10,33.97,48.66,33.12,133.29,30.05,72.00,14.76,54.53,17.97,24.60,7.80,115.07,29.16,99.00,16.64,7.13,24.28,29.15,26.92,63.13,37.11,48.00,6.62,42.28,3.46,66.91,51.48,129.79,51.17,55.00,8.82,6.28,2.33,10.63,9.49,36.15,14.09,29.00,324.83,324.50,312.00,11.00,589.34,589.19,319.00,12.00,146.62,146.38,184.00,10.00,594.88,594.69,363.00,10.00,32.58,32.31,86.00,8.00,0,휴식 (Relax)
361.00,605.00,145.00,605.00,33.00,18.44,21.38,9.17,50.92,35.37,158.07,49.89,97.00,14.76,54.53,17.97,24.60,7.80,115.07,29.16,99.00,19.21,9.80,25.34,27.66,22.73,61.56,33.18,53.00,7.33,53.25,14.39,66.00,47.04,128.55,48.64,66.00,11.64,4.29,4.90,12.81,7.32,35.85,11.10,26.00,326.50,326.06,345.00,11.00,589.34,589.19,308.00,11.00,146.92,146.69,167.00,9.00,595.58,595.38,363.00,10.00,32.38,32.12,90.00,8.00,0,휴식 (Relax)
320.00,583.00,151.00,627.00,36.00,16.97,35.58,17.20,66.22,19.43,148.76,33.98,81.00,14.76,54.53,17.97,24.60,7.80,115.07,29.16,99.00,11.13,14.63,14.40,17.09,27.50,52.21,22.99,64.00,18.21,61.02,20.81,77.00,39.30,137.05,54.91,55.00,6.67,9.19,3.97,16.40,2.89,39.36,6.89,21.00,327.46,327.06,354.00,11.00,589.34,589.19,319.00,11.00,146.18,146.00,156.00,9.00,596.29,596.06,352.00,9.00,32.71,32.44,93.00,8.00,0,휴식 (Relax)
320.00,572.00,145.00,561.00,31.00,12.76,32.46,10.24,72.01,21.54,152.85,18.99,65.00,17.97,55.06,29.16,45.35,14.76,106.05,7.80,121.00,11.13,14.63,14.40,17.09,27.50,52.21,22.99,64.00,7.09,63.49,34.69,80.08,19.31,158.90,75.05,33.00,6.67,9.19,3.97,16.40,2.89,39.36,6.89,21.00,326.46,326.06,346.00,11.00,587.98,587.81,330.00,11.00,146.18,146.00,162.00,10.00,594.97,594.69,407.00,10.00,32.71,32.44,96.00,9.00,0,휴식 (Relax)
320.00,594.00,135.00,583.00,33.00,14.60,38.73,18.16,79.20,13.64,145.79,24.88,73.00,17.97,55.06,29.16,45.35,14.76,106.05,7.80,121.00,2.90,22.59,21.90,26.68,30.60,47.22,13.84,74.00,17.61,73.35,44.34,90.71,19.87,152.24,64.07,44.00,6.67,9.19,3.97,16.40,2.89,39.36,6.89,21.00,325.96,325.56,330.00,10.00,587.98,587.81,330.00,11.00,145.58,145.38,172.00,10.00,594.29,594.00,418.00,9.00,32.71,32.44,96.00,9.00,0,휴식 (Relax)
320.00,594.00,156.00,627.00,36.00,15.80,30.90,15.94,82.86,14.44,138.13,29.86,81.00,27.63,33.98,51.07,66.91,32.88,85.53,29.53,99.00,12.98,22.19,14.47,26.48,24.95,52.06,11.47,85.00,27.02,35.68,63.85,110.00,31.98,165.18,30.77,88.00,7.30,7.35,3.39,13.93,4.75,39.87,6.98,26.00,326.44,326.06,306.00,9.00,589.34,589.19,297.00,10.00,146.29,146.06,193.00,11.00,597.09,596.75,451.00,11.00,33.02,32.75,96.00,9.00,0,휴식 (Relax)
320.00,605.00,125.00,561.00,31.00,11.95,41.62,6.94,69.40,30.44,131.44,38.87,97.00,27.63,33.98,51.07,66.91,32.88,85.53,29.53,99.00,7.83,12.10,15.53,7.81,5.01,71.66,28.36,105.00,9.72,48.07,36.09,85.91,45.21,196.44,43.39,121.00,9.79,5.45,3.23,16.76,2.78,37.47,7.62,23.00,325.44,325.06,306.00,9.00,589.34,589.19,275.00,9.00,145.14,144.81,207.00,11.00,595.09,594.69,495.00,11.00,33.19,32.94,90.00,9.00,0,휴식 (Relax)
328.00,583.00,151.00,605.00,39.00,14.43,43.19,4.67,74.41,28.32,128.47,36.60,89.00,38.61,39.33,44.63,56.09,30.20,81.74,37.60,88.00,18.83,10.07,15.04,17.09,14.31,63.01,17.40,94.00,20.32,48.76,41.57,94.63,50.45,186.79,33.50,110.00,9.79,5.45,3.23,16.76,2.78,37.47,7.62,23.00,324.93,324.56,282.00,9.00,590.01,589.88,275.00,9.00,144.39,144.12,206.00,11.00,594.38,594.00,495.00,11.00,33.19,32.94,87.00,9.00,0,휴식 (Relax)
304.00,572.00,145.00,583.00,28.00,14.43,43.19,4.67,74.41,28.32,128.47,36.60,89.00,21.07,17.89,66.49,64.14,11.62,94.21,52.38,66.00,10.41,16.92,23.50,16.49,18.19,63.13,9.81,84.00,9.83,55.79,31.02,88.68,61.27,184.16,22.63,99.00,9.79,5.45,3.23,16.76,2.78,37.47,7.62,23.00,324.93,324.56,258.00,9.00,588.65,588.50,275.00,9.00,145.00,144.75,196.00,10.00,595.05,594.69,484.00,11.00,33.19,32.94,93.00,9.00,0,휴식 (Relax)
352.00,605.00,145.00,605.00,36.00,14.43,43.19,4.67,74.41,28.32,128.47,36.60,89.00,21.07,17.89,66.49,64.14,11.62,94.21,52.38,66.00,13.83,11.13,19.51,10.77,16.15,67.85,10.54,78.00,9.83,55.79,31.02,88.68,61.27,184.16,22.63,99.00,12.27,5.40,4.34,16.12,4.16,37.24,4.62,26.00,324.93,324.56,282.00,10.00,588.65,588.50,297.00,10.00,144.61,144.38,190.00,10.00,595.05,594.69,495.00,12.00,33.39,33.12,95.00,8.00,0,휴식 (Relax)
328.00,605.00,145.00,616.00,36.00,14.43,43.19,4.67,74.41,28.32,128.47,36.60,89.00,22.43,23.89,75.28,70.43,17.34,86.11,52.21,77.00,13.83,11.13,19.51,10.77,16.15,67.85,10.54,78.00,9.83,55.79,31.02,88.68,61.27,184.16,22.63,99.00,10.72,3.17,1.82,13.15,6.98,35.10,2.26,29.00,324.93,324.56,298.00,9.00,589.35,589.19,286.00,9.00,144.61,144.38,185.00,9.00,595.05,594.69,473.00,11.00,33.17,32.94,87.00,9.00,0,휴식 (Relax)
312.00,572.00,145.00,572.00,28.00,9.01,41.62,12.26,79.91,20.42,131.44,44.49,81.00,25.17,26.30,66.33,79.32,17.28,86.81,58.14,88.00,14.64,10.62,14.61,6.40,19.45,65.00,6.15,83.00,14.38,56.71,23.94,98.39,52.27,193.49,18.98,88.00,11.02,0.71,4.22,13.04,7.23,38.10,4.05,26.00,324.44,324.06,306.00,9.00,588.68,588.50,308.00,9.00,144.92,144.69,185.00,9.00,594.38,594.00,517.00,12.00,33.01,32.75,93.00,10.00,0,휴식 (Relax)
328.00,594.00,140.00,583.00,28.00,9.01,41.62,12.26,79.91,20.42,131.44,44.49,81.00,25.17,26.30,66.33,79.32,17.28,86.81,58.14,88.00,14.64,10.62,14.61,6.40,19.45,65.00,6.15,83.00,14.38,56.71,23.94,98.39,52.27,193.49,18.98,88.00,14.55,4.46,8.50,18.03,2.31,34.67,4.32,31.00,324.44,324.06,306.00,9.00,588.68,588.50,297.00,9.00,144.92,144.69,174.00,9.00,594.38,594.00,506.00,11.00,32.72,32.44,93.00,10.00,0,휴식 (Relax)
328.00,583.00,168.00,627.00,36.00,24.69,25.76,25.00,92.01,17.44,116.94,33.00,97.00,8.02,11.16,44.56,98.39,38.23,65.05,36.46,66.00,25.98,2.02,25.58,17.46,7.47,75.35,5.93,95.00,25.87,35.29,6.07,118.47,30.51,205.70,17.29,110.00,11.68,3.45,8.94,18.44,2.29,35.04,7.10,34.00,325.42,325.06,282.00,8.00,590.01,589.88,264.00,9.00,145.76,145.44,181.00,9.00,595.81,595.38,517.00,11.00,32.91,32.62,96.00,10.00,0,휴식 (Relax)
320.00,594.00,130.00,572.00,31.00,10.24,39.89,17.34,83.24,10.80,112.90,32.89,113.00,17.03,10.19,51.32,93.98,41.71,59.38,25.70,55.00,21.04,5.34,22.67,19.24,6.77,80.15,10.83,100.00,25.87,35.29,6.07,118.47,30.51,205.70,17.29,110.00,8.69,6.02,11.93,21.38,1.08,32.65,4.13,31.00,324.41,324.06,282.00,9.00,589.32,589.19,242.00,9.00,145.47,145.12,198.00,9.00,595.81,595.38,528.00,11.00,33.08,32.81,90.00,10.00,0,휴식 (Relax)
328.00,594.00,145.00,605.00,36.00,10.24,39.89,17.34,83.24,10.80,112.90,32.89,113.00,4.97,27.01,63.68,73.79,31.66,69.54,15.55,33.00,13.21,16.05,30.58,29.41,4.47,75.42,5.84,89.00,15.23,33.79,6.84,128.75,26.06,196.95,22.23,99.00,11.44,3.44,10.96,22.14,4.00,29.67,2.26,28.00,324.41,324.06,258.00,9.00,590.67,590.56,220.00,8.00,144.76,144.44,197.00,9.00,595.10,594.69,528.00,11.00,32.87,32.62,80.00,10.00,0,휴식 (Relax)
312.00,583.00,145.00,594.00,31.00,19.64,48.22,10.91,76.84,25.70,97.23,20.95,97.00,6.64,17.55,53.51,79.32,21.02,80.42,22.87,22.00,14.76,13.59,26.43,31.30,7.14,77.53,9.82,84.00,24.55,42.14,7.01,125.42,15.31,195.95,32.40,88.00,7.90,7.97,6.49,15.65,8.94,25.97,7.72,21.00,325.35,325.06,209.00,9.00,589.99,589.88,220.00,9.00,145.07,144.75,192.00,8.00,595.78,595.38,517.00,11.00,33.23,33.06,76.00,10.00,0,휴식 (Relax)
328.00,616.00,140.00,583.00,36.00,26.64,15.63,22.35,46.65,44.91,71.64,18.93,64.00,4.47,21.69,54.26,88.68,16.15,89.44,33.63,11.00,15.16,12.40,25.66,26.93,7.52,82.29,14.81,79.00,18.69,20.77,16.36,104.36,17.30,211.14,54.37,66.00,9.03,9.41,3.50,17.20,9.58,25.13,4.75,24.00,323.16,323.00,184.00,9.00,590.70,590.56,231.00,9.00,144.76,144.44,191.00,9.00,594.41,594.00,506.00,10.00,33.43,33.25,78.00,11.00,0,휴식 (Relax)
320.00,594.00,151.00,605.00,36.00,26.64,15.63,22.35,46.65,44.91,71.64,18.93,64.00,15.39,22.81,45.33,94.63,9.02,87.79,23.04,22.00,15.16,12.40,25.66,26.93,7.52,82.29,14.81,79.00,36.72,22.91,34.14,99.61,9.27,189.14,35.66,88.00,9.03,9.41,3.50,17.20,9.58,25.13,4.75,24.00,323.16,323.00,192.00,10.00,591.38,591.25,242.00,9.00,144.76,144.44,196.00,10.00,592.98,592.62,462.00,11.00,33.43,33.25,73.00,10.00,0,휴식 (Relax)
312.00,561.00,151.00,583.00,28.00,34.57,15.48,17.02,53.67,37.07,77.67,21.65,56.00,7.35,29.23,55.30,103.77,2.19,95.23,16.46,33.00,10.47,18.39,29.98,22.02,13.30,80.72,11.09,85.00,14.73,4.04,40.80,77.78,30.91,174.57,32.16,110.00,6.15,11.94,2.90,19.10,8.81,28.06,6.94,21.00,322.67,322.50,200.00,10.00,590.73,590.56,253.00,9.00,145.14,144.81,186.00,9.00,594.31,594.00,462.00,11.00,33.26,33.06,79.00,11.00,0,휴식 (Relax)
336.00,616.00,140.00,583.00,31.00,21.99,8.46,32.90,48.66,30.72,93.60,28.60,40.00,23.20,7.23,59.52,93.98,22.11,117.23,27.48,55.00,6.33,22.12,28.89,25.50,13.30,78.20,12.51,80.00,14.73,4.04,40.80,77.78,30.91,174.57,32.16,110.00,4.15,13.87,1.87,20.62,7.11,27.01,6.06,23.00,323.69,323.50,224.00,11.00,592.13,591.94,308.00,10.00,145.44,145.12,176.00,7.00,594.31,594.00,418.00,10.00,33.14,32.94,79.00,11.00,0,휴식 (Relax)
328.00,572.00,162.00,627.00,39.00,20.98,8.72,36.11,56.57,24.38,88.66,27.09,48.00,15.86,27.59,37.52,73.79,35.42,133.69,49.10,77.00,2.46,23.67,23.13,29.83,7.52,83.97,13.35,86.00,14.73,4.04,40.80,77.78,30.91,174.57,32.16,110.00,6.98,12.60,4.82,22.63,4.82,27.95,6.98,26.00,324.19,324.00,232.00,11.00,590.78,590.56,341.00,11.00,145.85,145.50,167.00,7.00,594.31,594.00,396.00,10.00,33.35,33.12,82.00,11.00,0,휴식 (Relax)
312.00,605.00,120.00,561.00,26.00,18.90,13.33,41.50,56.00,17.42,90.24,30.74,56.00,15.86,27.59,37.52,73.79,35.42,133.69,49.10,77.00,6.24,26.02,26.68,33.24,5.47,88.34,17.19,91.00,14.73,4.04,40.80,77.78,30.91,174.57,32.16,110.00,4.28,11.33,5.03,19.42,8.44,32.58,11.36,31.00,323.70,323.50,240.00,11.00,590.78,590.56,352.00,11.00,145.59,145.19,183.00,7.00,594.31,594.00,418.00,10.00,33.08,32.81,87.00,11.00,0,휴식 (Relax)
336.00,572.00,156.00,605.00,39.00,23.54,5.43,34.36,48.00,20.75,97.17,37.67,64.00,26.06,27.74,45.82,83.77,24.58,127.16,58.25,88.00,1.24,21.16,28.65,30.00,10.24,89.91,22.11,96.00,14.73,4.04,40.80,77.78,30.91,174.57,32.16,110.00,4.28,11.33,5.03,19.42,8.44,32.58,11.36,31.00,324.21,324.00,240.00,11.00,590.10,589.88,374.00,12.00,145.91,145.50,213.00,7.00,594.31,594.00,440.00,10.00,33.08,32.81,89.00,11.00,0,휴식 (Relax)
304.00,583.00,151.00,616.00,31.00,23.54,5.43,34.36,48.00,20.75,97.17,37.67,64.00,15.15,34.94,36.85,80.08,20.47,116.37,65.46,99.00,4.91,16.25,34.63,34.99,8.37,92.63,16.33,90.00,40.54,36.30,57.05,80.08,9.61,181.12,18.27,77.00,3.41,14.32,5.27,17.89,9.65,31.67,8.69,28.00,324.21,324.00,224.00,11.00,590.78,590.56,352.00,11.00,146.29,145.88,218.00,7.00,596.38,596.06,429.00,10.00,33.25,33.00,89.00,11.00,0,휴식 (Relax)
352.00,616.00,140.00,605.00,33.00,23.54,5.43,34.36,48.00,20.75,97.17,37.67,64.00,8.26,45.93,41.53,90.71,12.36,125.69,62.15,88.00,1.40,17.34,33.42,32.70,13.15,97.43,12.96,85.00,40.54,36.30,57.05,80.08,9.61,181.12,18.27,77.00,5.12,12.48,2.27,15.26,12.62,33.26,7.30,25.00,324.21,324.00,248.00,12.00,591.49,591.25,385.00,12.00,145.99,145.56,229.00,8.00,596.38,596.06,429.00,10.00,33.06,32.81,91.00,11.00,0,휴식 (Relax)
328.00,605.00,145.00,616.00,39.00,23.54,5.43,34.36,48.00,20.75,97.17,37.67,64.00,8.26,45.93,41.53,90.71,12.36,125.69,62.15,88.00,1.40,17.34,33.42,32.70,13.15,97.43,12.96,85.00,40.54,36.30,57.05,80.08,9.61,181.12,18.27,77.00,2.43,12.20,4.47,17.03,13.71,36.21,8.14,22.00,324.21,324.00,256.00,11.00,591.49,591.25,363.00,11.00,145.99,145.56,234.00,8.00,596.38,596.06,396.00,9.00,33.27,33.00,89.00,10.00,0,휴식 (Relax)
320.00,572.00,151.00,572.00,28.00,29.83,13.33,31.19,40.00,14.93,90.24,41.89,72.00,8.26,45.93,41.53,90.71,12.36,125.69,62.15,88.00,4.88,23.05,28.73,30.81,17.05,95.99,13.26,91.00,40.54,36.30,57.05,80.08,9.61,181.12,18.27,77.00,2.43,12.20,4.47,17.03,13.71,36.21,8.14,22.00,324.70,324.50,248.00,11.00,591.49,591.25,374.00,11.00,146.37,145.94,235.00,9.00,596.38,596.06,429.00,10.00,33.27,33.00,100.00,11.00,0,휴식 (Relax)
336.00,605.00,135.00,605.00,33.00,34.97,19.39,23.25,40.79,12.86,98.02,40.69,64.00,18.37,38.56,33.16,88.68,7.19,136.38,53.55,99.00,2.69,18.86,27.46,25.96,21.65,98.79,13.64,96.00,52.30,14.43,44.43,88.68,31.17,176.10,39.74,55.00,2.60,7.20,1.55,14.32,9.08,37.39,12.98,17.00,325.21,325.00,264.00,12.00,592.18,591.94,396.00,11.00,146.08,145.62,223.00,9.00,597.75,597.44,418.00,10.00,33.55,33.31,97.00,11.00,0,휴식 (Relax)
320.00,583.00,156.00,627.00,36.00,32.72,19.27,28.14,32.98,6.47,102.51,43.99,56.00,18.37,38.56,33.16,88.68,7.19,136.38,53.55,99.00,13.90,20.90,15.98,25.50,24.37,86.99,19.32,84.00,52.30,14.43,44.43,88.68,31.17,176.10,39.74,55.00,2.60,7.20,1.55,14.32,9.08,37.39,12.98,17.00,324.71,324.50,272.00,12.00,592.18,591.94,407.00,11.00,145.24,144.88,206.00,11.00,597.75,597.44,385.00,9.00,33.55,33.31,95.00,10.00,0,휴식 (Relax)
312.00,605.00,130.00,561.00,28.00,35.36,26.30,26.08,35.78,14.39,104.06,38.03,64.00,28.44,30.39,34.70,90.71,6.90,139.30,42.56,110.00,13.90,20.90,15.98,25.50,24.37,86.99,19.32,84.00,53.78,19.57,34.39,94.63,39.00,186.95,34.36,66.00,1.91,7.92,4.50,13.34,6.28,40.26,10.61,20.00,324.22,324.00,272.00,11.00,592.88,592.62,429.00,12.00,145.24,144.88,217.00,11.00,597.10,596.75,418.00,9.00,33.39,33.12,98.00,10.00,0,휴식 (Relax)
336.00,594.00,151.00,605.00,33.00,29.90,19.04,33.84,28.84,18.38,110.95,30.84,72.00,28.44,30.39,34.70,90.71,6.90,139.30,42.56,110.00,9.76,15.77,14.75,27.31,23.27,88.34,13.32,90.00,53.78,19.57,34.39,94.63,39.00,186.95,34.36,66.00,4.68,7.44,6.09,16.28,8.75,37.66,12.18,17.00,324.73,324.50,280.00,11.00,592.88,592.62,429.00,11.00,145.62,145.25,238.00,11.00,597.10,596.75,451.00,9.00,33.19,32.94,98.00,10.00,0,휴식 (Relax)
320.00,583.00,145.00,616.00,36.00,23.29,18.57,38.95,33.94,23.04,103.26,38.80,64.00,28.44,30.39,34.70,90.71,6.90,139.30,42.56,110.00,9.76,15.77,14.75,27.31,23.27,88.34,13.32,90.00,36.84,38.63,14.94,108.89,46.87,191.69,32.61,44.00,0.78,11.45,9.24,16.12,9.61,36.78,14.34,12.00,325.22,325.00,280.00,11.00,592.88,592.62,407.00,11.00,145.62,145.25,239.00,12.00,598.49,598.12,451.00,9.00,33.51,33.25,96.00,8.00,0,휴식 (Relax)
336.00,605.00,145.00,594.00,31.00,15.82,25.48,36.56,40.00,15.88,107.29,31.25,72.00,29.83,19.42,42.57,80.08,4.85,129.63,40.38,121.00,11.93,19.17,11.80,25.71,27.21,83.51,10.48,95.00,27.50,48.85,6.60,116.93,36.17,182.18,35.78,55.00,4.42,6.81,5.51,11.18,7.25,40.10,16.17,7.00,325.73,325.50,288.00,11.00,592.17,591.94,407.00,12.00,145.93,145.56,228.00,11.00,599.17,598.81,451.00,9.00,33.19,32.94,101.00,10.00,0,휴식 (Relax)
320.00,605.00,130.00,594.00,39.00,15.82,25.48,36.56,40.00,15.88,107.29,31.25,72.00,24.19,27.74,33.34,83.77,11.84,127.16,45.11,132.00,12.29,2.22,16.03,46.39,30.68,65.99,23.21,116.00,38.23,45.17,8.02,124.45,36.46,171.52,44.56,66.00,2.30,8.17,4.55,11.05,4.34,43.10,16.83,4.00,325.73,325.50,296.00,12.00,592.87,592.62,374.00,11.00,144.66,144.25,243.00,11.00,598.48,598.12,429.00,8.00,33.40,33.12,101.00,9.00,0,휴식 (Relax)
304.00,561.00,156.00,583.00,26.00,23.52,23.21,41.52,46.65,8.26,114.15,35.20,64.00,24.19,27.74,33.34,83.77,11.84,127.16,45.11,132.00,10.00,2.87,17.72,47.30,27.91,65.59,28.19,121.00,38.23,45.17,8.02,124.45,36.46,171.52,44.56,66.00,3.05,8.68,6.45,13.04,3.40,44.55,16.78,2.00,325.26,325.00,288.00,11.00,592.87,592.62,363.00,11.00,144.99,144.56,258.00,11.00,598.48,598.12,440.00,8.00,33.30,33.00,111.00,9.00,0,휴식 (Relax)
344.00,605.00,140.00,594.00,33.00,17.62,19.37,45.45,51.22,5.93,121.89,37.80,56.00,34.49,34.94,22.47,88.68,22.47,116.37,34.49,121.00,10.00,2.87,17.72,47.30,27.91,65.59,28.19,121.00,29.79,34.55,18.97,132.46,31.50,169.03,33.90,55.00,3.07,6.90,5.48,13.04,5.14,44.68,16.19,0.00,325.78,325.50,320.00,12.00,592.16,591.94,363.00,11.00,144.99,144.56,252.00,11.00,599.15,598.81,407.00,7.00,33.42,33.12,110.00,9.00,0,휴식 (Relax)
336.00,583.00,156.00,627.00,42.00,17.11,12.70,53.32,57.69,2.11,117.98,38.32,64.00,23.56,23.96,29.95,98.39,29.95,107.36,23.56,110.00,8.72,6.21,16.91,49.04,30.08,59.59,24.03,115.00,29.79,34.55,18.97,132.46,31.50,169.03,33.90,55.00,5.55,4.07,7.95,16.03,3.66,46.66,18.13,3.00,326.29,326.00,312.00,11.00,592.83,592.62,352.00,11.00,144.58,144.19,226.00,11.00,599.15,598.81,374.00,7.00,33.65,33.31,106.00,9.00,0,휴식 (Relax)
312.00,594.00,135.00,561.00,31.00,17.11,12.70,53.32,57.69,2.11,117.98,38.32,64.00,33.51,32.21,34.69,93.98,28.86,106.32,15.12,99.00,19.31,9.29,5.91,35.36,23.22,49.53,24.43,100.00,29.79,34.55,18.97,132.46,31.50,169.03,33.90,55.00,10.55,5.27,12.23,16.49,2.79,41.67,13.69,2.00,326.29,326.00,312.00,11.00,592.13,591.94,330.00,11.00,145.40,145.12,211.00,11.00,599.15,598.81,396.00,7.00,33.91,33.62,104.00,9.00,0,휴식 (Relax)
336.00,583.00,145.00,583.00,31.00,17.11,12.70,53.32,57.69,2.11,117.98,38.32,64.00,26.60,32.07,24.01,83.77,19.78,114.05,16.14,88.00,8.35,6.02,16.79,31.58,12.59,52.40,32.83,89.00,29.05,31.12,40.41,147.99,37.03,157.88,38.42,33.00,4.29,2.73,14.84,24.33,7.35,36.17,5.94,10.00,326.29,326.00,304.00,11.00,592.80,592.62,330.00,12.00,144.69,144.44,216.00,12.00,597.79,597.44,407.00,7.00,33.39,33.12,96.00,8.00,0,휴식 (Relax)
320.00,605.00,145.00,616.00,39.00,32.90,20.87,40.69,67.88,17.82,102.82,22.99,48.00,32.16,51.55,30.91,77.78,40.80,92.06,14.73,110.00,2.99,11.94,20.27,25.71,17.23,46.98,26.97,95.00,29.05,31.12,40.41,147.99,37.03,157.88,38.42,33.00,9.24,6.50,7.21,24.33,11.06,37.87,2.06,18.00,327.24,327.00,272.00,11.00,594.18,594.00,319.00,9.00,144.31,144.06,205.00,11.00,597.79,597.44,429.00,8.00,33.91,33.62,102.00,9.00,0,휴식 (Relax)
328.00,572.00,151.00,583.00,28.00,11.82,4.30,38.79,53.67,34.21,95.23,1.08,24.00,24.17,20.92,16.99,34.79,65.33,69.90,51.02,154.00,12.40,7.65,26.82,25.50,18.78,36.68,16.19,106.00,28.12,10.39,26.14,132.46,16.36,177.75,59.85,11.00,7.15,3.04,8.56,19.42,10.54,42.39,6.96,23.00,325.68,325.50,256.00,12.00,591.42,591.25,341.00,13.00,145.00,144.75,206.00,10.00,596.42,596.06,451.00,9.00,33.63,33.31,107.00,9.00,0,휴식 (Relax)
336.00,616.00,135.00,594.00,36.00,16.17,3.74,45.53,46.65,34.17,99.85,9.08,16.00,22.54,16.94,10.28,39.66,63.31,75.91,60.05,165.00,7.20,5.41,18.17,35.36,14.17,34.27,10.27,116.00,35.06,11.93,4.18,149.62,25.49,157.43,38.62,33.00,8.44,5.22,7.28,20.25,13.23,39.61,4.56,20.00,326.19,326.00,256.00,11.00,592.13,591.94,352.00,13.00,144.39,144.12,216.00,11.00,595.02,594.69,418.00,8.00,33.42,33.12,104.00,9.00,0,휴식 (Relax)
304.00,561.00,156.00,605.00,31.00,17.66,13.30,34.29,56.57,21.59,115.72,24.62,0.00,19.97,26.30,7.03,49.19,52.88,86.81,67.08,176.00,7.08,7.63,17.57,35.00,9.33,37.63,11.92,121.00,41.83,24.36,34.23,132.91,35.33,148.84,25.89,66.00,6.12,2.44,10.26,17.46,15.52,38.58,4.50,17.00,325.23,325.00,272.00,11.00,591.47,591.25,374.00,13.00,144.72,144.44,221.00,11.00,597.06,596.75,396.00,8.00,33.59,33.31,104.00,10.00,0,휴식 (Relax)
336.00,605.00,135.00,572.00,28.00,17.66,13.30,34.29,56.57,21.59,115.72,24.62,0.00,19.97,26.30,7.03,49.19,52.88,86.81,67.08,176.00,7.08,7.63,17.57,35.00,9.33,37.63,11.92,121.00,22.21,16.34,40.62,103.77,38.68,170.34,51.50,99.00,10.86,6.01,9.08,16.12,15.13,41.08,8.64,12.00,325.23,325.00,288.00,11.00,591.47,591.25,396.00,13.00,144.72,144.44,221.00,11.00,595.02,594.69,407.00,9.00,33.30,33.00,104.00,9.00,0,휴식 (Relax)
328.00,572.00,156.00,627.00,42.00,9.99,14.26,26.43,62.48,23.66,115.05,20.84,8.00,14.75,32.47,5.03,39.66,58.35,88.88,67.68,187.00,7.08,7.63,17.57,35.00,9.33,37.63,11.92,121.00,22.21,16.34,40.62,103.77,38.68,170.34,51.50,99.00,5.01,6.75,4.10,22.09,10.19,46.97,14.64,6.00,325.73,325.50,288.00,11.00,590.80,590.56,407.00,13.00,144.72,144.44,216.00,11.00,595.02,594.69,396.00,9.00,33.74,33.38,110.00,10.00,0,휴식 (Relax)
320.00,616.00,130.00,572.00,28.00,1.99,21.89,26.18,57.69,29.69,109.84,21.84,0.00,22.72,34.71,7.73,46.67,69.14,83.80,65.75,198.00,7.08,7.63,17.57,35.00,9.33,37.63,11.92,121.00,31.58,11.57,40.34,94.63,49.45,162.75,41.31,88.00,5.01,6.75,4.10,22.09,10.19,46.97,14.64,6.00,326.21,326.00,272.00,11.00,591.51,591.25,440.00,14.00,144.72,144.44,221.00,11.00,595.68,595.38,407.00,9.00,33.74,33.38,119.00,11.00,0,휴식 (Relax)
336.00,572.00,156.00,594.00,31.00,1.99,21.89,26.18,57.69,29.69,109.84,21.84,0.00,4.13,17.20,17.24,64.14,76.89,63.72,58.77,220.00,2.88,5.41,22.57,35.36,11.88,34.27,16.40,126.00,20.61,9.15,29.93,101.41,52.85,163.64,34.79,77.00,6.16,5.22,4.80,24.08,10.32,46.66,13.29,8.00,326.21,326.00,272.00,11.00,590.16,589.88,473.00,14.00,145.06,144.75,241.00,12.00,594.99,594.69,418.00,9.00,33.62,33.25,119.00,11.00,0,휴식 (Relax)
312.00,583.00,145.00,616.00,36.00,9.44,21.43,22.18,53.67,31.97,116.16,26.47,8.00,4.13,17.20,17.24,64.14,76.89,63.72,58.77,220.00,2.88,5.41,22.57,35.36,11.88,34.27,16.40,126.00,20.61,9.15,29.93,101.41,52.85,163.64,34.79,77.00,6.16,5.22,4.80,24.08,10.32,46.66,13.29,8.00,325.73,325.50,280.00,11.00,590.16,589.88,462.00,13.00,145.06,144.75,252.00,12.00,594.99,594.69,418.00,9.00,33.62,33.25,119.00,11.00,0,휴식 (Relax)
328.00,594.00,140.00,572.00,31.00,16.79,28.19,28.48,46.65,23.97,115.26,19.49,0.00,8.29,10.19,15.68,55.00,66.41,59.38,50.34,231.00,7.85,10.40,26.29,36.40,16.88,38.29,15.17,121.00,14.54,13.82,43.53,88.68,33.30,185.51,45.92,55.00,6.16,5.22,4.80,24.08,10.32,46.66,13.29,8.00,325.22,325.00,280.00,11.00,589.46,589.19,473.00,14.00,144.75,144.44,242.00,12.00,593.64,593.31,462.00,11.00,33.62,33.25,116.00,11.00,0,휴식 (Relax)
320.00,605.00,135.00,594.00,36.00,16.79,28.19,28.48,46.65,23.97,115.26,19.49,0.00,8.29,10.19,15.68,55.00,66.41,59.38,50.34,231.00,3.54,7.90,22.07,31.62,19.19,39.52,17.32,116.00,14.54,13.82,43.53,88.68,33.30,185.51,45.92,55.00,5.61,8.21,5.21,24.52,10.07,44.30,12.16,5.00,325.22,325.00,272.00,12.00,589.46,589.19,440.00,13.00,145.03,144.75,221.00,11.00,593.64,593.31,473.00,11.00,33.41,33.06,108.00,11.00,0,휴식 (Relax)
304.00,561.00,151.00,594.00,31.00,16.79,28.19,28.48,46.65,23.97,115.26,19.49,0.00,8.29,10.19,15.68,55.00,66.41,59.38,50.34,231.00,7.07,6.94,21.48,30.41,16.98,37.49,21.63,111.00,5.63,19.57,45.96,83.77,22.55,186.95,34.93,66.00,8.60,5.95,0.29,19.65,6.00,44.10,9.90,0.00,325.22,325.00,248.00,11.00,589.46,589.19,440.00,13.00,144.70,144.44,221.00,11.00,594.32,594.00,462.00,7.00,33.67,33.38,106.00,12.00,0,휴식 (Relax)
336.00,616.00,130.00,583.00,33.00,19.27,26.91,20.66,43.08,16.98,109.31,26.57,8.00,13.33,4.93,17.39,49.19,74.99,69.40,40.51,242.00,15.49,8.14,12.81,20.62,26.97,46.77,11.69,121.00,15.77,8.58,34.98,73.79,18.14,195.97,24.88,77.00,8.60,5.95,0.29,19.65,6.00,44.10,9.90,0.00,324.70,324.50,272.00,12.00,590.17,589.88,473.00,13.00,144.12,143.81,226.00,11.00,593.64,593.31,440.00,11.00,33.67,33.38,99.00,11.00,0,휴식 (Relax)
320.00,561.00,162.00,616.00,39.00,26.57,19.04,16.98,28.84,20.66,110.95,19.27,8.00,9.87,17.55,35.73,31.11,73.03,80.42,32.20,264.00,11.84,9.99,18.33,20.02,29.99,52.25,6.07,127.00,26.68,8.37,31.65,69.57,10.38,185.19,32.90,66.00,5.63,2.99,2.71,16.76,6.84,41.10,12.58,3.00,323.69,323.50,264.00,12.00,588.83,588.50,517.00,13.00,144.53,144.19,237.00,11.00,592.92,592.62,407.00,11.00,33.45,33.19,94.00,11.00,0,휴식 (Relax)
304.00,605.00,125.00,572.00,31.00,30.42,13.30,24.89,33.94,25.70,115.72,18.83,0.00,7.91,13.67,29.11,39.66,63.32,79.67,37.04,275.00,16.04,1.67,20.35,30.02,26.06,56.81,7.81,137.00,17.74,2.78,22.91,59.24,0.91,179.38,39.74,55.00,5.63,2.99,2.71,16.76,6.84,41.10,12.58,3.00,323.21,323.00,256.00,11.00,589.53,589.19,550.00,13.00,143.97,143.56,264.00,11.00,593.57,593.31,429.00,12.00,33.45,33.19,102.00,12.00,0,휴식 (Relax)
320.00,583.00,145.00,583.00,31.00,37.46,3.74,35.58,46.65,12.82,99.85,27.40,16.00,7.91,13.67,29.11,39.66,63.32,79.67,37.04,275.00,16.04,1.67,20.35,30.02,26.06,56.81,7.81,137.00,17.74,2.78,22.91,59.24,0.91,179.38,39.74,55.00,5.63,2.99,2.71,16.76,6.84,41.10,12.58,3.00,322.19,322.00,256.00,10.00,589.53,589.19,550.00,13.00,143.97,143.56,284.00,12.00,593.57,593.31,407.00,11.00,33.45,33.19,94.00,11.00,0,휴식 (Relax)
328.00,594.00,145.00,616.00,39.00,36.19,8.46,38.44,51.22,18.33,93.60,35.05,24.00,3.97,2.67,18.81,49.19,61.46,90.67,26.33,264.00,16.04,1.67,20.35,30.02,26.06,56.81,7.81,137.00,17.74,2.78,22.91,59.24,0.91,179.38,39.74,55.00,5.63,2.99,2.71,16.76,6.84,41.10,12.58,3.00,322.69,322.50,256.00,10.00,588.83,588.50,528.00,13.00,143.97,143.56,278.00,12.00,593.57,593.31,407.00,11.00,33.45,33.19,91.00,11.00,0,휴식 (Relax)
320.00,572.00,151.00,572.00,28.00,34.34,2.75,30.47,45.25,25.52,93.25,42.99,32.00,3.97,2.67,18.81,49.19,61.46,90.67,26.33,264.00,16.04,1.67,20.35,30.02,26.06,56.81,7.81,137.00,16.93,13.51,13.42,56.09,10.17,190.05,36.96,44.00,5.63,2.99,2.71,16.76,6.84,41.10,12.58,3.00,322.19,322.00,256.00,11.00,588.83,588.50,506.00,13.00,143.97,143.56,268.00,11.00,592.90,592.62,440.00,11.00,33.45,33.19,94.00,11.00,0,휴식 (Relax)
320.00,616.00,125.00,583.00,36.00,29.93,18.05,29.93,57.69,29.93,82.72,29.93,16.00,3.97,2.67,18.81,49.19,61.46,90.67,26.33,264.00,11.01,9.99,12.18,40.01,35.87,52.25,16.00,147.00,18.84,23.09,6.11,66.91,12.08,184.59,43.38,55.00,5.63,2.99,2.71,16.76,6.84,41.10,12.58,3.00,321.17,321.00,224.00,10.00,588.83,588.50,495.00,13.00,143.40,142.94,273.00,11.00,592.22,591.94,440.00,11.00,33.45,33.19,97.00,11.00,0,휴식 (Relax)
320.00,561.00,174.00,627.00,28.00,39.29,11.48,14.35,50.60,45.80,66.90,27.57,0.00,3.97,2.67,18.81,49.19,61.46,90.67,26.33,264.00,25.59,11.43,17.03,43.46,43.57,61.48,31.38,165.00,27.77,24.83,17.11,66.91,33.79,192.08,63.92,77.00,8.27,4.71,5.27,19.65,6.66,41.16,11.81,6.00,322.14,322.00,192.00,9.00,588.83,588.50,506.00,13.00,144.69,144.06,301.00,11.00,593.65,593.31,451.00,11.00,33.28,33.00,102.00,11.00,0,휴식 (Relax)
328.00,594.00,130.00,572.00,31.00,31.99,6.77,20.55,43.08,48.70,60.55,32.36,8.00,9.53,13.67,17.19,59.24,72.43,79.67,25.68,253.00,20.60,6.71,19.18,38.91,41.23,66.45,35.16,170.00,27.77,24.83,17.11,66.91,33.79,192.08,63.92,77.00,5.27,5.27,6.02,20.62,4.40,39.22,10.61,9.00,321.63,321.50,192.00,10.00,588.13,587.81,506.00,13.00,144.40,143.75,324.00,11.00,593.65,593.31,451.00,11.00,33.45,33.19,91.00,11.00,0,휴식 (Relax)
344.00,594.00,156.00,605.00,36.00,47.96,21.97,27.95,51.22,39.86,61.17,47.35,24.00,16.41,15.67,37.69,70.43,82.11,65.97,41.62,231.00,20.60,6.71,19.18,38.91,41.23,66.45,35.16,170.00,5.86,12.91,37.41,73.79,52.66,172.04,45.66,55.00,11.07,1.86,0.65,15.26,2.06,33.26,8.30,15.00,322.67,322.50,200.00,9.00,589.50,589.19,462.00,12.00,144.40,143.75,324.00,11.00,592.22,591.94,429.00,11.00,33.01,32.81,82.00,10.00,0,휴식 (Relax)
296.00,572.00,135.00,583.00,33.00,26.60,14.06,10.21,71.55,15.89,81.94,71.27,48.00,27.59,28.51,37.19,45.35,67.88,87.51,85.34,187.00,24.32,6.42,18.74,34.48,43.20,66.10,34.92,165.00,16.19,8.66,31.95,64.14,61.12,168.76,41.92,44.00,7.37,5.73,4.39,13.34,6.79,29.45,7.50,20.00,321.24,321.00,232.00,9.00,586.72,586.44,440.00,12.00,144.69,144.06,319.00,11.00,592.89,592.62,429.00,11.00,33.30,33.12,82.00,11.00,0,휴식 (Relax)
344.00,594.00,151.00,594.00,31.00,31.40,7.04,5.78,68.35,15.47,89.52,78.52,56.00,11.32,18.79,16.50,24.60,47.92,109.49,106.48,165.00,22.27,9.70,14.14,32.31,40.09,69.61,37.21,160.00,16.19,8.66,31.95,64.14,61.12,168.76,41.92,44.00,7.37,5.73,4.39,13.34,6.79,29.45,7.50,20.00,321.76,321.50,256.00,9.00,588.08,587.81,451.00,13.00,144.36,143.75,324.00,12.00,592.89,592.62,418.00,12.00,33.30,33.12,79.00,10.00,0,휴식 (Relax)
328.00,605.00,140.00,605.00,39.00,39.91,8.98,10.67,83.52,2.98,83.42,68.44,40.00,25.62,37.93,29.25,24.60,66.72,94.70,89.85,187.00,23.16,14.67,10.84,27.73,44.97,64.61,33.34,165.00,13.70,19.61,22.30,55.00,72.01,158.19,37.27,55.00,8.40,7.26,2.95,14.32,4.66,31.58,6.25,23.00,322.76,322.50,256.00,8.00,589.47,589.19,451.00,12.00,144.05,143.44,330.00,12.00,592.18,591.94,385.00,11.00,33.51,33.31,82.00,10.00,0,휴식 (Relax)
312.00,572.00,145.00,572.00,28.00,37.58,11.16,17.17,80.40,13.78,91.93,67.11,24.00,3.92,20.29,16.33,11.00,68.97,99.97,84.03,209.00,20.39,12.12,8.92,25.96,46.16,61.26,28.66,170.00,13.70,19.61,22.30,55.00,72.01,158.19,37.27,55.00,6.29,8.02,5.88,11.66,1.80,34.58,5.16,26.00,321.76,321.50,264.00,8.00,588.11,587.81,473.00,13.00,144.36,143.75,330.00,13.00,592.18,591.94,396.00,11.00,33.34,33.12,88.00,10.00,0,휴식 (Relax)
336.00,627.00,130.00,583.00,33.00,33.75,5.60,8.71,64.50,23.64,107.78,75.17,8.00,25.92,27.90,11.58,11.00,53.25,120.28,91.97,231.00,24.46,11.06,13.82,30.81,42.41,61.87,23.66,175.00,23.50,23.12,33.19,64.14,65.88,155.40,27.97,66.00,4.07,10.89,7.86,13.45,3.32,32.61,7.11,23.00,322.78,322.50,272.00,9.00,589.55,589.19,484.00,13.00,144.07,143.44,329.00,13.00,591.50,591.25,407.00,11.00,33.15,32.94,88.00,9.00,0,휴식 (Relax)
320.00,561.00,168.00,627.00,36.00,31.09,21.34,24.52,64.50,31.14,95.63,62.15,24.00,25.92,27.90,11.58,11.00,53.25,120.28,91.97,231.00,8.19,26.00,15.30,38.42,27.74,76.31,10.25,192.00,9.57,44.28,33.44,85.91,33.44,175.24,9.57,99.00,8.71,7.07,10.50,10.30,5.49,33.50,11.99,18.00,323.75,323.50,256.00,9.00,589.55,589.19,495.00,13.00,145.24,144.50,346.00,13.00,593.62,593.31,440.00,11.00,33.46,33.25,89.00,9.00,0,휴식 (Relax)
328.00,605.00,130.00,583.00,31.00,34.38,17.35,21.97,56.57,38.77,95.77,54.55,32.00,19.68,36.63,22.58,22.00,55.70,116.89,81.53,220.00,8.19,26.00,15.30,38.42,27.74,76.31,10.25,192.00,9.57,44.28,33.44,85.91,33.44,175.24,9.57,99.00,6.74,7.11,8.68,8.60,5.37,35.23,13.95,16.00,323.23,323.00,248.00,9.00,588.83,588.50,484.00,13.00,145.24,144.50,352.00,13.00,593.62,593.31,451.00,11.00,33.34,33.12,88.00,9.00,0,휴식 (Relax)
336.00,583.00,156.00,605.00,36.00,23.65,17.72,11.78,56.57,43.69,108.25,38.58,48.00,29.43,16.01,25.00,31.11,41.67,129.17,59.57,198.00,14.07,24.86,15.91,42.43,21.79,73.66,10.30,186.00,7.01,39.82,32.40,94.63,24.55,167.15,15.31,88.00,4.52,5.89,9.39,7.28,8.11,32.36,11.56,19.00,324.25,324.00,240.00,9.00,590.17,589.88,462.00,13.00,144.83,144.12,341.00,13.00,592.92,592.62,429.00,11.00,33.13,32.94,85.00,10.00,0,휴식 (Relax)
312.00,594.00,135.00,572.00,28.00,18.09,17.22,4.08,48.66,49.15,100.36,45.88,40.00,26.61,21.45,14.32,24.60,30.76,140.09,49.97,187.00,7.60,19.84,6.05,36.06,18.71,77.78,13.70,176.00,7.01,39.82,32.40,94.63,24.55,167.15,15.31,88.00,4.80,3.78,12.39,10.20,6.52,33.85,13.15,16.00,324.72,324.50,248.00,10.00,589.47,589.19,451.00,13.00,145.39,144.75,342.00,13.00,592.92,592.62,451.00,12.00,32.96,32.75,93.00,11.00,0,휴식 (Relax)
328.00,583.00,151.00,583.00,31.00,12.08,14.19,5.58,48.00,41.96,105.18,40.57,48.00,26.61,21.45,14.32,24.60,30.76,140.09,49.97,187.00,10.25,14.73,5.30,41.18,13.60,72.08,13.04,182.00,7.01,39.82,32.40,94.63,24.55,167.15,15.31,88.00,4.80,3.78,12.39,10.20,6.52,33.85,13.15,16.00,325.22,325.00,256.00,10.00,589.47,589.19,451.00,13.00,145.77,145.12,358.00,13.00,592.92,592.62,429.00,11.00,32.96,32.75,88.00,10.00,0,휴식 (Relax)
328.00,594.00,145.00,616.00,42.00,12.08,14.19,5.58,48.00,41.96,105.18,40.57,48.00,26.61,21.45,14.32,24.60,30.76,140.09,49.97,187.00,10.25,14.73,5.30,41.18,13.60,72.08,13.04,182.00,7.01,39.82,32.40,94.63,24.55,167.15,15.31,88.00,2.28,6.55,14.68,13.15,3.95,36.43,13.85,19.00,325.22,325.00,248.00,9.00,589.47,589.19,440.00,13.00,145.77,145.12,358.00,13.00,592.92,592.62,418.00,11.00,33.19,32.94,88.00,10.00,0,휴식 (Relax)
304.00,583.00,140.00,572.00,28.00,28.02,30.12,18.39,50.60,27.02,118.07,41.61,32.00,17.42,32.45,9.41,34.79,40.58,133.50,52.93,176.00,0.86,23.12,10.51,51.08,16.35,76.31,8.10,171.00,7.01,39.82,32.40,94.63,24.55,167.15,15.31,88.00,2.28,6.55,14.68,13.15,3.95,36.43,13.85,19.00,324.26,324.00,272.00,10.00,590.14,589.88,407.00,13.00,145.09,144.44,337.00,14.00,592.92,592.62,451.00,12.00,33.19,32.94,94.00,10.00,0,휴식 (Relax)
344.00,605.00,140.00,583.00,39.00,9.55,23.00,18.81,28.84,18.17,141.70,45.18,8.00,28.02,26.04,4.08,33.00,41.96,122.69,61.07,165.00,14.48,24.19,9.53,47.27,14.99,72.96,14.80,156.00,7.01,39.82,32.40,94.63,24.55,167.15,15.31,88.00,0.75,6.37,14.54,10.20,6.95,37.99,16.61,22.00,325.79,325.50,312.00,11.00,589.43,589.19,374.00,13.00,145.94,145.38,288.00,11.00,592.92,592.62,418.00,11.00,33.40,33.12,97.00,9.00,0,휴식 (Relax)
304.00,561.00,168.00,605.00,26.00,17.51,13.41,6.23,24.00,34.02,151.62,48.35,8.00,28.02,26.04,4.08,33.00,41.96,122.69,61.07,165.00,9.06,18.80,4.68,41.30,11.69,68.31,18.96,150.00,24.70,19.82,51.12,77.78,2.67,152.72,25.33,66.00,1.47,7.69,16.36,10.77,7.99,37.64,18.61,24.00,324.83,324.50,344.00,11.00,589.43,589.19,385.00,13.00,145.50,145.00,272.00,10.00,591.49,591.25,385.00,11.00,33.30,33.00,107.00,10.00,0,휴식 (Relax)
344.00,616.00,135.00,572.00,31.00,15.59,28.25,11.89,40.00,43.92,151.27,50.51,24.00,15.29,11.63,26.01,39.66,61.95,128.70,39.29,187.00,12.60,23.66,4.73,42.20,6.69,63.33,21.77,145.00,24.70,19.82,51.12,77.78,2.67,152.72,25.33,66.00,1.47,7.69,16.36,10.77,7.99,37.64,18.61,24.00,325.86,325.50,368.00,12.00,590.84,590.56,440.00,14.00,145.78,145.31,279.00,11.00,591.49,591.25,385.00,11.00,33.30,33.00,107.00,9.00,0,휴식 (Relax)
320.00,561.00,162.00,616.00,36.00,16.98,14.23,26.23,46.65,42.02,135.96,53.76,48.00,32.12,42.73,34.06,22.00,71.47,118.94,21.08,220.00,16.53,27.39,5.09,36.40,10.64,67.38,20.78,151.00,21.61,27.72,55.94,70.43,8.70,161.54,26.16,77.00,1.47,7.69,16.36,10.77,7.99,37.64,18.61,24.00,324.33,324.00,344.00,12.00,588.82,588.50,473.00,14.00,146.19,145.69,285.00,11.00,592.20,591.94,407.00,11.00,33.30,33.00,109.00,10.00,0,휴식 (Relax)
304.00,594.00,125.00,561.00,28.00,15.11,10.49,20.82,40.00,35.70,128.07,54.11,56.00,24.49,27.83,15.92,0.00,60.64,101.77,35.74,242.00,14.97,29.40,13.13,40.31,12.91,68.01,26.09,161.00,25.05,32.43,34.35,88.68,25.61,166.57,43.50,99.00,6.05,9.00,11.36,15.52,10.49,40.80,17.44,19.00,324.80,324.50,312.00,11.00,590.18,589.88,484.00,14.00,145.64,145.06,306.00,11.00,590.87,590.56,451.00,11.00,33.01,32.69,115.00,12.00,0,휴식 (Relax)
336.00,594.00,151.00,594.00,31.00,14.00,17.64,17.84,35.78,28.72,121.63,52.51,64.00,24.49,27.83,15.92,0.00,60.64,101.77,35.74,242.00,14.97,29.40,13.13,40.31,12.91,68.01,26.09,161.00,25.05,32.43,34.35,88.68,25.61,166.57,43.50,99.00,6.05,9.00,11.36,15.52,10.49,40.80,17.44,19.00,324.27,324.00,328.00,12.00,590.18,589.88,473.00,14.00,145.64,145.06,321.00,11.00,590.87,590.56,473.00,12.00,33.01,32.69,110.00,11.00,0,휴식 (Relax)
320.00,583.00,151.00,627.00,39.00,14.30,25.12,10.16,28.84,28.39,122.93,56.91,56.00,16.91,13.16,6.60,22.00,72.50,117.74,14.91,220.00,8.72,19.57,20.36,46.75,23.85,78.93,15.12,150.00,35.89,18.24,19.13,108.34,46.42,187.73,23.40,77.00,6.05,9.00,11.36,15.52,10.49,40.80,17.44,19.00,323.77,323.50,328.00,12.00,588.80,588.50,451.00,14.00,146.32,145.75,316.00,11.00,592.30,591.94,473.00,11.00,33.01,32.69,107.00,11.00,0,휴식 (Relax)
312.00,583.00,140.00,551.00,26.00,14.30,25.12,10.16,28.84,28.39,122.93,56.91,56.00,21.61,23.16,8.23,24.60,68.17,119.27,11.90,209.00,12.06,21.16,16.32,50.61,25.83,82.91,10.45,145.00,17.96,20.35,40.13,118.43,61.26,206.18,20.86,56.00,6.75,7.07,13.23,15.13,11.34,42.80,15.71,21.00,323.77,323.50,312.00,11.00,589.47,589.19,396.00,13.00,146.02,145.44,312.00,12.00,591.05,590.62,538.00,12.00,32.91,32.56,115.00,11.00,0,휴식 (Relax)
328.00,605.00,130.00,583.00,39.00,12.90,24.01,15.21,35.78,22.77,115.10,64.84,48.00,10.58,10.53,15.51,11.00,46.24,108.38,29.96,187.00,12.06,21.16,16.32,50.61,25.83,82.91,10.45,145.00,17.96,20.35,40.13,118.43,61.26,206.18,20.86,56.00,8.53,11.19,14.19,9.22,9.01,47.04,9.83,27.00,323.26,323.00,312.00,11.00,588.03,587.81,352.00,13.00,146.02,145.44,284.00,11.00,591.05,590.62,526.00,11.00,33.32,32.94,125.00,12.00,0,휴식 (Relax)
304.00,561.00,162.00,616.00,31.00,17.70,17.38,30.17,32.00,20.34,128.82,49.59,64.00,10.58,10.53,15.51,11.00,46.24,108.38,29.96,187.00,18.03,15.94,22.31,46.01,20.15,79.52,10.17,139.00,6.96,13.45,33.22,112.77,50.37,201.41,31.29,45.00,4.84,11.36,9.19,11.40,4.45,47.53,4.92,32.00,322.29,322.00,328.00,11.00,588.03,587.81,352.00,13.00,145.59,145.06,278.00,11.00,590.33,589.94,515.00,11.00,33.00,32.62,128.00,12.00,0,휴식 (Relax)
352.00,616.00,140.00,583.00,36.00,23.65,38.56,35.83,56.00,14.11,137.35,35.86,88.00,18.58,1.44,22.99,15.56,40.10,118.46,20.55,198.00,10.17,25.84,20.15,53.26,22.31,69.79,18.03,129.00,6.96,13.45,33.22,112.77,50.37,201.41,31.29,45.00,9.33,7.48,12.13,15.65,2.69,44.74,3.27,37.00,323.87,323.50,368.00,12.00,588.74,588.50,385.00,13.00,146.17,145.69,274.00,11.00,590.33,589.94,526.00,11.00,33.32,32.94,128.00,12.00,0,휴식 (Relax)
328.00,594.00,151.00,616.00,39.00,16.44,31.65,28.02,56.57,11.53,134.90,37.04,96.00,29.53,12.35,32.88,24.60,51.07,114.71,27.63,187.00,12.39,23.06,15.60,56.59,27.30,65.55,23.02,124.00,16.79,23.99,37.30,107.94,44.80,211.48,22.43,56.00,12.32,4.50,11.39,17.20,0.40,47.66,2.51,34.00,323.36,323.00,368.00,11.00,589.43,589.19,396.00,12.00,145.84,145.38,264.00,11.00,591.04,590.62,526.00,11.00,33.53,33.12,123.00,11.00,0,휴식 (Relax)
312.00,605.00,130.00,561.00,31.00,16.44,31.65,28.02,56.57,11.53,134.90,37.04,96.00,40.14,21.77,34.87,22.00,48.71,110.05,24.66,198.00,14.49,24.93,12.16,60.31,26.01,66.76,18.37,129.00,10.73,20.28,44.87,118.11,33.81,215.83,20.69,67.00,15.08,2.76,8.53,14.87,2.67,45.15,4.07,37.00,323.36,323.00,368.00,11.00,590.13,589.88,396.00,11.00,145.56,145.06,269.00,11.00,590.38,589.94,570.00,12.00,33.69,33.31,128.00,12.00,0,휴식 (Relax)
328.00,583.00,156.00,605.00,31.00,16.44,31.65,28.02,56.57,11.53,134.90,37.04,96.00,40.14,21.77,34.87,22.00,48.71,110.05,24.66,198.00,14.33,20.22,10.40,63.66,30.36,64.49,15.37,134.00,22.51,18.12,26.98,127.77,33.50,209.19,36.65,89.00,15.08,2.76,8.53,14.87,2.67,45.15,4.07,37.00,323.36,323.00,384.00,12.00,590.13,589.88,407.00,11.00,145.89,145.38,289.00,11.00,591.76,591.31,581.00,12.00,33.69,33.31,117.00,11.00,0,휴식 (Relax)
328.00,594.00,151.00,616.00,36.00,16.44,31.65,28.02,56.57,11.53,134.90,37.04,96.00,40.14,21.77,34.87,22.00,48.71,110.05,24.66,198.00,18.14,14.89,4.83,68.12,26.08,70.16,17.18,128.00,22.51,18.12,26.98,127.77,33.50,209.19,36.65,89.00,13.75,3.37,8.18,11.18,8.00,42.08,2.02,31.00,323.36,323.00,360.00,11.00,590.13,589.88,407.00,11.00,146.27,145.75,289.00,11.00,591.76,591.31,548.00,11.00,33.26,32.94,108.00,11.00,0,휴식 (Relax)
328.00,594.00,145.00,583.00,28.00,35.43,17.69,41.10,58.24,12.47,130.26,15.10,72.00,43.33,12.35,37.11,33.00,52.87,114.71,15.56,187.00,22.90,14.61,2.96,65.00,24.27,65.73,17.48,133.00,27.81,10.24,37.97,122.54,39.68,198.57,47.36,100.00,13.75,3.37,8.18,11.18,8.00,42.08,2.02,31.00,324.82,324.50,320.00,10.00,590.81,590.56,385.00,10.00,146.57,146.06,295.00,12.00,592.43,592.00,570.00,12.00,33.26,32.94,105.00,11.00,0,휴식 (Relax)
328.00,616.00,135.00,594.00,36.00,26.87,15.01,27.65,73.76,23.84,118.25,15.78,56.00,44.97,1.44,48.10,34.79,41.93,118.46,26.10,198.00,17.94,11.13,2.04,69.07,19.32,64.50,20.71,138.00,32.74,3.39,43.11,112.77,45.65,204.21,38.75,89.00,15.98,4.08,5.68,12.81,6.98,39.44,4.85,28.00,323.78,323.50,280.00,9.00,591.52,591.25,363.00,9.00,146.28,145.75,277.00,11.00,593.12,592.69,559.00,12.00,33.05,32.75,100.00,11.00,0,휴식 (Relax)
304.00,572.00,151.00,594.00,31.00,26.87,15.01,27.65,73.76,23.84,118.25,15.78,56.00,45.00,10.53,53.57,24.60,46.14,108.38,15.37,187.00,9.34,6.29,17.80,61.10,31.62,57.08,8.00,121.00,32.08,12.72,49.96,107.94,56.29,202.05,35.70,78.00,11.25,6.95,6.26,9.43,2.45,38.39,9.40,23.00,323.78,323.50,264.00,9.00,592.18,591.94,352.00,9.00,145.11,144.69,260.00,11.00,592.42,592.00,526.00,11.00,33.31,33.06,100.00,12.00,0,휴식 (Relax)
328.00,605.00,135.00,572.00,28.00,36.85,5.60,43.62,58.24,9.59,107.78,31.61,40.00,49.07,6.97,60.19,31.11,40.22,98.14,9.76,176.00,9.34,6.29,17.80,61.10,31.62,57.08,8.00,121.00,32.08,12.72,49.96,107.94,56.29,202.05,35.70,78.00,14.25,4.02,8.41,7.07,1.25,40.25,11.86,20.00,322.74,322.50,264.00,9.00,591.47,591.25,330.00,9.00,145.11,144.69,249.00,11.00,592.42,592.00,504.00,11.00,33.15,32.88,98.00,11.00,0,휴식 (Relax)
328.00,583.00,162.00,616.00,36.00,29.36,11.53,40.88,60.93,3.90,109.08,39.34,32.00,35.07,15.78,40.00,49.19,18.32,91.99,26.57,154.00,9.34,6.29,17.80,61.10,31.62,57.08,8.00,121.00,32.08,12.72,49.96,107.94,56.29,202.05,35.70,78.00,14.25,4.02,8.41,7.07,1.25,40.25,11.86,20.00,323.25,323.00,248.00,9.00,592.80,592.62,319.00,9.00,145.11,144.69,239.00,11.00,592.42,592.00,493.00,11.00,33.15,32.88,98.00,11.00,0,휴식 (Relax)
312.00,583.00,135.00,583.00,31.00,21.36,19.27,47.48,53.67,5.27,102.51,33.19,40.00,43.99,13.02,40.26,45.35,18.88,98.75,37.57,143.00,2.23,15.84,27.00,51.89,27.00,53.36,2.23,111.00,12.53,30.54,70.64,88.19,40.53,190.22,55.81,56.00,12.31,4.27,9.33,5.39,3.10,38.00,11.48,23.00,323.72,323.50,232.00,9.00,592.12,591.94,319.00,9.00,145.67,145.31,240.00,11.00,593.75,593.38,493.00,11.00,33.31,33.06,100.00,12.00,0,휴식 (Relax)
336.00,594.00,156.00,594.00,31.00,21.36,19.27,47.48,53.67,5.27,102.51,33.19,40.00,43.99,13.02,40.26,45.35,18.88,98.75,37.57,143.00,5.51,20.17,27.81,54.20,23.45,51.20,3.80,116.00,12.53,30.54,70.64,88.19,40.53,190.22,55.81,56.00,12.31,4.27,9.33,5.39,3.10,38.00,11.48,23.00,323.72,323.50,240.00,9.00,592.12,591.94,319.00,9.00,146.00,145.62,261.00,12.00,593.75,593.38,471.00,12.00,33.31,33.06,92.00,11.00,0,휴식 (Relax)
328.00,605.00,151.00,627.00,39.00,16.56,19.39,46.27,60.93,3.57,98.02,34.00,48.00,23.20,9.31,59.52,45.35,22.11,83.26,27.48,165.00,5.51,20.17,27.81,54.20,23.45,51.20,3.80,116.00,12.53,30.54,70.64,88.19,40.53,190.22,55.81,56.00,12.31,4.27,9.33,5.39,3.10,38.00,11.48,23.00,324.22,324.00,240.00,9.00,593.50,593.31,330.00,9.00,146.00,145.62,255.00,11.00,593.75,593.38,428.00,11.00,33.31,33.06,87.00,11.00,0,휴식 (Relax)
328.00,594.00,140.00,572.00,28.00,22.20,17.35,31.54,68.82,16.89,95.77,28.05,32.00,18.01,19.46,60.37,56.09,12.01,82.95,26.96,154.00,5.51,20.17,27.81,54.20,23.45,51.20,3.80,116.00,10.54,29.17,49.79,80.08,41.15,170.04,44.81,77.00,13.49,2.47,7.92,7.28,5.10,36.00,9.66,21.00,325.21,325.00,224.00,8.00,594.18,594.00,319.00,6.00,146.00,145.62,256.00,12.00,594.99,594.69,451.00,10.00,33.42,33.19,85.00,11.00,0,휴식 (Relax)
328.00,605.00,135.00,594.00,39.00,22.20,17.35,31.54,68.82,16.89,95.77,28.05,32.00,18.01,19.46,60.37,56.09,12.01,82.95,26.96,154.00,7.35,15.52,28.94,49.93,19.11,53.27,3.39,111.00,21.52,25.91,48.29,69.57,30.23,175.47,45.81,66.00,13.49,2.47,7.92,7.28,5.10,36.00,9.66,21.00,325.21,325.00,200.00,7.00,594.18,594.00,286.00,5.00,146.29,145.94,229.00,11.00,595.67,595.38,440.00,9.00,33.42,33.19,88.00,11.00,0,휴식 (Relax)
304.00,572.00,156.00,616.00,36.00,22.20,17.35,31.54,68.82,16.89,95.77,28.05,32.00,25.54,19.68,51.79,45.35,22.87,71.96,22.34,143.00,7.83,21.25,22.96,46.96,14.55,51.72,9.15,105.00,21.52,25.91,48.29,69.57,30.23,175.47,45.81,66.00,18.48,6.73,8.99,2.83,3.92,36.15,5.14,16.00,325.21,325.00,176.00,7.00,594.83,594.69,264.00,11.00,145.88,145.56,228.00,11.00,595.67,595.38,429.00,9.00,33.73,33.50,86.00,10.00,0,휴식 (Relax)
336.00,616.00,125.00,572.00,33.00,8.89,32.50,15.69,56.57,3.12,85.98,13.30,16.00,25.54,19.68,51.79,45.35,22.87,71.96,22.34,143.00,21.59,31.60,20.65,34.21,15.82,64.79,6.41,120.00,15.41,36.87,41.03,59.24,25.22,184.97,52.60,77.00,15.66,4.29,6.02,2.24,2.73,38.52,4.36,13.00,324.15,324.00,184.00,8.00,594.83,594.69,286.00,11.00,145.02,144.62,248.00,11.00,595.00,594.69,440.00,9.00,33.53,33.31,86.00,10.00,0,휴식 (Relax)
320.00,594.00,151.00,605.00,33.00,10.74,37.31,13.07,51.22,5.68,84.76,21.21,24.00,25.54,19.68,51.79,45.35,22.87,71.96,22.34,143.00,21.59,31.60,20.65,34.21,15.82,64.79,6.41,120.00,19.62,44.84,47.75,64.14,36.18,174.40,42.83,66.00,12.14,7.45,7.46,4.12,8.54,32.60,5.66,19.00,323.65,323.50,184.00,8.00,594.83,594.69,297.00,11.00,145.02,144.62,253.00,11.00,594.29,594.00,418.00,7.00,33.13,32.94,78.00,9.00,0,휴식 (Relax)
304.00,583.00,135.00,572.00,31.00,18.04,37.74,20.57,57.69,9.42,91.12,13.66,16.00,12.98,40.48,46.88,55.00,6.23,88.31,3.86,121.00,17.52,34.74,18.38,30.41,20.75,62.76,2.95,115.00,11.34,44.94,37.64,55.00,42.28,169.45,31.98,55.00,12.14,7.45,7.46,4.12,8.54,32.60,5.66,19.00,323.17,323.00,184.00,7.00,593.46,593.31,286.00,8.00,145.31,144.94,243.00,11.00,594.95,594.69,407.00,9.00,33.13,32.94,80.00,9.00,0,휴식 (Relax)
328.00,594.00,151.00,594.00,28.00,18.04,37.74,20.57,57.69,9.42,91.12,13.66,16.00,13.42,35.89,36.96,46.67,16.93,99.22,10.17,110.00,20.31,29.75,15.09,27.20,22.48,64.89,6.16,110.00,21.32,36.82,38.49,49.19,38.49,173.51,21.32,44.00,13.46,9.50,8.36,1.41,7.15,33.25,6.46,22.00,323.17,323.00,208.00,8.00,594.14,594.00,286.00,5.00,144.98,144.62,254.00,12.00,594.25,594.00,418.00,7.00,32.96,32.75,78.00,8.00,0,휴식 (Relax)
320.00,572.00,156.00,616.00,36.00,25.44,29.88,18.10,51.22,11.47,96.02,13.19,8.00,24.91,32.07,55.89,34.79,33.91,114.05,30.24,88.00,19.40,33.64,20.02,31.38,19.56,69.67,11.14,105.00,21.32,36.82,38.49,49.19,38.49,173.51,21.32,44.00,13.46,9.50,8.36,1.41,7.15,33.25,6.46,22.00,322.67,322.50,216.00,9.00,592.79,592.62,308.00,9.00,145.31,144.94,253.00,12.00,594.25,594.00,407.00,6.00,32.96,32.75,78.00,8.00,0,휴식 (Relax)
320.00,583.00,145.00,572.00,26.00,31.90,23.60,10.65,46.65,17.10,97.09,10.60,16.00,35.80,27.14,56.62,24.60,36.18,114.27,22.26,99.00,19.40,33.64,20.02,31.38,19.56,69.67,11.14,105.00,31.50,29.59,29.79,55.00,33.90,183.66,18.97,33.00,15.41,8.36,6.48,3.16,6.47,35.19,6.21,24.00,322.17,322.00,216.00,9.00,592.11,591.94,297.00,9.00,145.31,144.94,254.00,11.00,593.59,593.31,440.00,11.00,32.86,32.62,80.00,8.00,0,휴식 (Relax)
336.00,605.00,135.00,594.00,36.00,27.97,25.05,17.59,40.00,24.22,103.75,10.65,24.00,46.49,18.23,47.64,31.11,25.19,106.23,27.26,88.00,19.40,33.64,20.02,31.38,19.56,69.67,11.14,105.00,31.50,29.59,29.79,55.00,33.90,183.66,18.97,33.00,15.41,8.36,6.48,3.16,6.47,35.19,6.21,24.00,322.68,322.50,208.00,9.00,591.40,591.25,275.00,9.00,145.31,144.94,248.00,11.00,593.59,593.31,462.00,12.00,32.86,32.62,85.00,8.00,0,휴식 (Relax)
312.00,572.00,168.00,616.00,31.00,29.09,22.79,19.32,35.78,25.51,95.96,13.32,16.00,46.49,18.23,47.64,31.11,25.19,106.23,27.26,88.00,35.49,17.06,10.40,42.64,12.00,79.20,15.77,122.00,29.16,16.55,7.80,70.43,17.97,192.97,14.76,55.00,15.41,8.36,6.48,3.16,6.47,35.19,6.21,24.00,323.16,323.00,208.00,9.00,591.40,591.25,275.00,9.00,146.47,146.00,265.00,11.00,594.99,594.69,462.00,11.00,32.86,32.62,87.00,9.00,0,휴식 (Relax)
336.00,594.00,135.00,572.00,33.00,34.64,17.22,15.05,43.08,17.54,100.36,7.62,24.00,53.29,13.02,50.02,24.60,33.59,98.75,28.10,77.00,35.49,17.06,10.40,42.64,12.00,79.20,15.77,122.00,29.16,16.55,7.80,70.43,17.97,192.97,14.76,55.00,13.30,10.84,4.62,5.00,7.41,30.99,2.64,29.00,323.67,323.50,232.00,10.00,590.70,590.56,275.00,9.00,146.47,146.00,271.00,11.00,594.99,594.69,462.00,11.00,33.15,32.94,81.00,8.00,0,휴식 (Relax)
320.00,594.00,151.00,605.00,33.00,27.18,25.14,23.04,40.79,15.40,99.32,5.41,32.00,50.50,10.93,39.05,34.79,43.17,100.22,28.95,66.00,26.70,22.96,8.11,51.62,21.76,71.04,4.93,111.00,20.33,27.47,8.42,79.32,8.42,183.33,20.33,44.00,13.28,11.40,1.96,7.21,6.12,28.04,2.54,32.00,323.17,323.00,232.00,10.00,591.38,591.25,275.00,9.00,145.73,145.31,260.00,11.00,594.28,594.00,462.00,7.00,32.95,32.75,76.00,7.00,0,휴식 (Relax)
320.00,583.00,140.00,594.00,31.00,35.18,19.51,21.09,32.98,22.94,93.31,9.77,40.00,50.50,10.93,39.05,34.79,43.17,100.22,28.95,66.00,29.09,23.50,3.13,49.19,22.55,71.22,3.42,106.00,30.78,22.18,16.21,73.79,16.21,180.73,30.78,33.00,13.28,11.40,1.96,7.21,6.12,28.04,2.54,32.00,323.66,323.50,208.00,9.00,591.38,591.25,275.00,9.00,146.03,145.62,250.00,11.00,594.96,594.69,462.00,12.00,32.95,32.75,78.00,7.00,0,휴식 (Relax)
328.00,583.00,145.00,572.00,26.00,27.88,20.02,14.36,35.78,28.60,85.32,15.71,48.00,44.88,21.69,33.04,45.35,53.67,89.44,35.69,77.00,29.17,15.43,12.09,39.66,15.44,79.85,13.59,95.00,9.47,22.72,13.82,55.00,36.09,193.59,52.66,11.00,10.86,16.22,5.41,4.12,5.51,29.37,5.15,37.00,323.15,323.00,208.00,10.00,590.70,590.56,264.00,9.00,145.32,144.94,250.00,12.00,593.61,593.31,451.00,11.00,32.68,32.44,75.00,6.00,0,휴식 (Relax)
336.00,572.00,151.00,594.00,36.00,33.60,24.97,21.79,43.08,27.42,80.10,21.45,56.00,30.42,52.06,1.67,49.19,42.33,110.88,13.58,44.00,29.17,15.43,12.09,39.66,15.44,79.85,13.59,95.00,27.70,35.09,46.22,44.00,46.22,160.85,27.70,44.00,9.20,18.01,7.79,1.41,2.52,26.68,4.03,34.00,323.66,323.50,216.00,10.00,588.64,588.50,264.00,9.00,145.32,144.94,245.00,11.00,591.49,591.25,418.00,11.00,32.47,32.25,74.00,6.00,0,휴식 (Relax)
304.00,572.00,151.00,583.00,26.00,30.72,1.05,30.95,40.79,10.48,86.16,39.65,80.00,29.95,66.05,23.56,31.11,23.56,112.15,29.95,66.00,20.93,25.27,22.29,31.11,21.68,73.96,7.70,106.00,16.86,35.63,44.35,33.00,56.85,152.23,28.43,55.00,7.82,17.96,7.78,3.16,3.93,28.59,3.86,36.00,322.19,322.00,248.00,11.00,587.28,587.12,253.00,9.00,146.00,145.62,240.00,11.00,592.16,591.94,407.00,11.00,32.36,32.12,73.00,6.00,0,휴식 (Relax)
336.00,594.00,140.00,583.00,33.00,26.57,8.46,23.79,32.98,3.44,93.60,45.21,88.00,31.50,67.40,29.79,24.60,33.90,103.46,18.97,55.00,16.69,27.73,25.70,27.80,23.84,72.72,7.53,101.00,26.63,27.11,34.73,34.79,59.59,151.59,36.19,66.00,3.86,14.53,3.93,7.62,7.78,26.25,7.82,30.00,322.71,322.50,256.00,11.00,586.58,586.44,242.00,9.00,146.30,145.94,230.00,11.00,591.47,591.25,385.00,11.00,31.94,31.75,77.00,7.00,0,휴식 (Relax)
320.00,583.00,156.00,616.00,36.00,18.55,22.26,30.46,40.00,19.34,79.30,41.01,72.00,34.14,74.01,35.66,15.56,36.72,92.51,9.27,44.00,16.69,27.73,25.70,27.80,23.84,72.72,7.53,101.00,26.63,27.11,34.73,34.79,59.59,151.59,36.19,66.00,3.86,14.53,3.93,7.62,7.78,26.25,7.82,30.00,323.67,323.50,240.00,11.00,587.25,587.12,209.00,9.00,146.30,145.94,215.00,11.00,591.47,591.25,374.00,11.00,31.94,31.75,77.00,7.00,0,휴식 (Relax)
328.00,572.00,140.00,572.00,28.00,23.85,19.85,22.93,33.94,23.29,77.50,44.13,64.00,30.91,30.36,14.73,56.09,32.16,73.28,40.80,0.00,2.93,17.47,10.72,38.83,31.05,58.16,13.29,86.00,26.63,27.11,34.73,34.79,59.59,151.59,36.19,66.00,2.69,10.25,4.31,3.61,8.06,31.06,12.70,25.00,323.16,323.00,232.00,11.00,584.46,584.38,198.00,9.00,147.14,146.88,205.00,11.00,591.47,591.25,385.00,11.00,31.64,31.44,85.00,8.00,0,휴식 (Relax)
328.00,605.00,140.00,594.00,31.00,16.45,16.18,24.26,28.84,20.65,82.33,50.54,56.00,29.65,39.97,5.84,59.24,27.84,79.93,51.65,11.00,11.78,28.14,18.60,45.97,28.08,53.61,21.80,75.00,29.03,29.05,45.59,45.35,60.04,143.85,27.09,55.00,3.81,10.20,6.24,5.39,9.60,29.36,11.06,27.00,323.66,323.50,216.00,11.00,585.17,585.06,220.00,9.00,146.46,146.19,189.00,10.00,590.78,590.56,374.00,11.00,31.51,31.31,86.00,8.00,0,휴식 (Relax)
320.00,572.00,151.00,605.00,36.00,1.38,8.23,16.25,17.89,36.40,66.42,35.00,72.00,26.65,37.65,8.65,49.19,17.08,90.90,61.35,22.00,9.63,17.36,26.20,36.67,13.68,62.26,34.14,59.00,43.58,13.43,40.46,49.19,35.59,148.61,31.70,22.00,4.83,7.21,7.29,5.83,14.10,28.71,9.63,32.00,324.62,324.50,200.00,11.00,584.49,584.38,242.00,9.00,147.44,147.19,184.00,10.00,592.83,592.62,363.00,10.00,31.85,31.62,88.00,9.00,0,휴식 (Relax)
328.00,605.00,140.00,583.00,28.00,1.38,8.23,16.25,17.89,36.40,66.42,35.00,72.00,33.15,31.56,15.05,45.35,13.47,99.47,69.17,33.00,4.58,17.08,16.63,27.20,6.81,73.21,41.76,48.00,33.39,19.61,29.63,39.66,24.82,158.19,41.80,11.00,4.83,7.21,7.29,5.83,14.10,28.71,9.63,32.00,324.62,324.50,200.00,11.00,585.19,585.06,253.00,9.00,146.76,146.50,190.00,11.00,592.14,591.94,363.00,11.00,31.85,31.62,88.00,9.00,0,휴식 (Relax)
328.00,583.00,151.00,605.00,42.00,6.81,1.94,13.04,22.63,32.17,65.94,28.22,80.00,43.48,21.49,25.01,34.79,4.97,98.50,65.08,22.00,7.17,15.40,18.58,24.60,3.53,69.46,39.74,53.00,22.41,30.59,25.17,46.67,28.61,147.69,30.82,22.00,10.83,2.79,10.39,5.83,8.95,34.70,14.38,38.00,325.12,325.00,200.00,11.00,585.87,585.75,264.00,10.00,146.43,146.19,190.00,11.00,591.44,591.25,341.00,11.00,32.30,32.00,92.00,9.00,0,휴식 (Relax)
304.00,583.00,140.00,583.00,26.00,10.49,17.43,8.22,35.78,16.23,78.08,24.15,96.00,43.48,21.49,25.01,34.79,4.97,98.50,65.08,22.00,10.49,11.59,23.54,29.15,8.51,69.84,39.89,48.00,33.05,24.54,17.40,39.66,23.77,143.01,21.45,33.00,10.83,2.79,10.39,5.83,8.95,34.70,14.38,38.00,324.16,324.00,208.00,11.00,585.87,585.75,242.00,9.00,146.12,145.88,191.00,12.00,592.11,591.94,341.00,11.00,32.30,32.00,98.00,9.00,0,휴식 (Relax)
344.00,605.00,140.00,594.00,36.00,2.60,12.47,14.17,32.98,16.07,86.00,28.54,104.00,43.48,21.49,25.01,34.79,4.97,98.50,65.08,22.00,9.05,16.59,22.65,27.66,11.59,66.83,38.71,43.00,33.05,24.54,17.40,39.66,23.77,143.01,21.45,33.00,10.83,2.79,10.39,5.83,8.95,34.70,14.38,38.00,324.68,324.50,224.00,11.00,585.87,585.75,231.00,9.00,146.42,146.19,158.00,11.00,592.11,591.94,330.00,12.00,32.30,32.00,103.00,9.00,0,휴식 (Relax)
312.00,583.00,151.00,616.00,39.00,2.60,12.47,14.17,32.98,16.07,86.00,28.54,104.00,51.24,26.69,18.30,33.00,8.55,90.78,57.08,33.00,16.22,12.32,10.65,11.66,17.20,50.16,32.86,26.00,33.05,24.54,17.40,39.66,23.77,143.01,21.45,33.00,15.75,10.49,10.18,13.34,2.70,40.57,9.43,30.00,324.68,324.50,232.00,11.00,586.55,586.44,231.00,9.00,145.26,145.12,136.00,11.00,592.11,591.94,308.00,11.00,32.84,32.50,104.00,9.00,0,휴식 (Relax)
320.00,594.00,135.00,572.00,33.00,17.28,7.04,24.04,32.98,15.60,89.52,12.66,88.00,51.24,26.69,18.30,33.00,8.55,90.78,57.08,33.00,16.22,12.32,10.65,11.66,17.20,50.16,32.86,26.00,33.05,24.54,17.40,39.66,23.77,143.01,21.45,33.00,15.75,10.49,10.18,13.34,2.70,40.57,9.43,30.00,323.67,323.50,224.00,10.00,586.55,586.44,242.00,10.00,145.26,145.12,136.00,11.00,592.11,591.94,319.00,11.00,32.84,32.50,110.00,9.00,0,휴식 (Relax)
328.00,616.00,145.00,605.00,33.00,11.13,10.95,17.85,25.30,23.56,96.71,5.10,80.00,57.30,45.89,39.69,39.66,14.21,108.11,35.10,55.00,18.56,17.99,9.54,17.09,11.24,49.16,28.39,20.00,33.05,24.54,17.40,39.66,23.77,143.01,21.45,33.00,15.75,10.49,10.18,13.34,2.70,40.57,9.43,30.00,324.17,324.00,232.00,11.00,587.97,587.81,253.00,9.00,144.87,144.75,135.00,11.00,592.11,591.94,341.00,12.00,32.84,32.50,108.00,9.00,0,휴식 (Relax)
320.00,572.00,151.00,605.00,33.00,11.13,10.95,17.85,25.30,23.56,96.71,5.10,80.00,57.51,42.73,38.66,31.11,19.57,118.94,24.98,66.00,19.99,15.84,3.16,16.76,10.99,56.70,18.80,9.00,28.29,22.86,18.79,49.19,24.80,147.45,12.95,22.00,15.30,8.98,8.91,13.04,2.28,40.83,8.09,32.00,324.17,324.00,232.00,11.00,587.29,587.12,297.00,10.00,145.56,145.44,136.00,11.00,592.80,592.62,319.00,11.00,32.96,32.62,103.00,9.00,0,휴식 (Relax)
328.00,605.00,140.00,594.00,28.00,11.13,10.95,17.85,25.30,23.56,96.71,5.10,80.00,50.61,34.99,19.44,22.00,23.05,132.86,20.05,88.00,16.75,12.22,7.21,12.08,15.97,61.70,14.01,4.00,22.58,18.88,16.51,62.23,3.28,126.88,33.80,44.00,14.33,6.98,6.96,15.03,4.09,39.23,9.87,30.00,324.17,324.00,232.00,12.00,588.68,588.50,319.00,11.00,145.26,145.12,141.00,11.00,594.15,594.00,308.00,7.00,33.06,32.75,98.00,9.00,0,휴식 (Relax)
320.00,583.00,145.00,594.00,42.00,14.39,20.18,19.35,33.94,11.74,92.48,17.46,64.00,46.24,27.59,10.58,11.00,29.96,133.69,15.51,77.00,12.19,6.29,12.18,15.56,15.19,57.80,20.01,10.00,22.58,18.88,16.51,62.23,3.28,126.88,33.80,44.00,10.67,5.07,8.63,16.55,4.53,45.19,3.88,36.00,323.16,323.00,208.00,12.00,589.35,589.19,341.00,12.00,144.87,144.75,146.00,12.00,594.15,594.00,297.00,7.00,33.50,33.12,102.00,8.00,0,휴식 (Relax)
304.00,583.00,140.00,572.00,26.00,14.39,20.18,19.35,33.94,11.74,92.48,17.46,64.00,40.10,16.90,18.58,15.56,20.55,125.25,22.99,88.00,5.45,6.65,16.04,24.60,5.96,57.57,11.03,1.00,30.12,29.35,27.39,70.43,10.85,131.49,25.40,33.00,10.67,5.07,8.63,16.55,4.53,45.19,3.88,36.00,323.16,323.00,192.00,11.00,590.03,589.88,319.00,11.00,144.18,144.06,140.00,12.00,593.48,593.31,319.00,10.00,33.50,33.12,111.00,9.00,0,휴식 (Relax)
344.00,605.00,140.00,594.00,36.00,16.16,17.22,18.95,40.00,4.98,100.36,11.08,72.00,32.44,8.75,28.11,24.60,20.49,136.23,12.56,77.00,5.45,6.65,16.04,24.60,5.96,57.57,11.03,1.00,19.78,20.67,26.60,77.78,16.14,128.50,24.01,22.00,7.91,8.02,9.53,15.52,5.34,44.96,2.46,39.00,323.69,323.50,216.00,11.00,590.73,590.56,330.00,11.00,144.18,144.06,124.00,11.00,594.17,594.00,308.00,6.00,33.69,33.31,118.00,10.00,0,휴식 (Relax)
312.00,583.00,156.00,616.00,36.00,11.31,14.19,11.31,35.78,11.31,105.18,11.31,80.00,32.44,8.75,28.11,24.60,20.49,136.23,12.56,77.00,5.45,6.65,16.04,24.60,5.96,57.57,11.03,1.00,19.78,20.67,26.60,77.78,16.14,128.50,24.01,22.00,7.91,8.02,9.53,15.52,5.34,44.96,2.46,39.00,323.20,323.00,240.00,11.00,590.73,590.56,341.00,12.00,144.18,144.06,124.00,11.00,594.17,594.00,286.00,5.00,33.69,33.31,110.00,9.00,0,휴식 (Relax)
320.00,572.00,135.00,561.00,26.00,8.00,9.19,8.00,43.08,8.00,106.34,8.00,72.00,32.44,8.75,28.11,24.60,20.49,136.23,12.56,77.00,2.17,7.27,15.24,27.20,3.24,61.44,9.83,4.00,30.35,14.77,21.77,85.91,27.13,139.23,16.99,33.00,9.82,8.53,11.45,15.13,7.31,46.96,1.76,37.00,322.69,322.50,248.00,11.00,590.73,590.56,319.00,11.00,143.88,143.75,145.00,12.00,593.51,593.31,319.00,9.00,33.59,33.19,117.00,10.00,0,휴식 (Relax)
336.00,594.00,151.00,594.00,31.00,13.30,16.82,3.12,40.79,15.69,113.02,8.89,64.00,43.15,3.77,36.58,22.00,24.45,128.23,8.58,66.00,12.00,14.89,6.59,19.42,8.10,63.78,11.61,15.00,30.35,14.77,21.77,85.91,27.13,139.23,16.99,33.00,9.82,8.53,11.45,15.13,7.31,46.96,1.76,37.00,323.21,323.00,256.00,11.00,590.03,589.88,308.00,11.00,144.58,144.44,150.00,12.00,593.51,593.31,341.00,10.00,33.59,33.19,117.00,9.00,0,휴식 (Relax)
320.00,583.00,151.00,627.00,39.00,13.30,16.82,3.12,40.79,15.69,113.02,8.89,64.00,34.55,7.23,40.21,33.00,35.30,117.23,17.31,55.00,12.00,14.89,6.59,19.42,8.10,63.78,11.61,15.00,26.38,36.44,11.85,103.77,45.14,145.53,38.50,11.00,8.71,5.83,14.13,15.03,9.90,47.18,4.29,40.00,323.21,323.00,264.00,11.00,590.70,590.56,286.00,11.00,144.58,144.44,139.00,11.00,594.93,594.69,352.00,9.00,33.80,33.38,117.00,9.00,0,휴식 (Relax)
328.00,583.00,135.00,561.00,28.00,13.30,16.82,3.12,40.79,15.69,113.02,8.89,64.00,47.81,17.65,18.34,39.66,46.10,102.85,39.30,33.00,8.44,13.31,9.38,17.09,12.49,68.58,13.15,10.00,22.54,28.45,10.28,93.98,63.31,165.84,60.05,11.00,8.71,5.83,14.13,15.03,9.90,47.18,4.29,40.00,323.21,323.00,272.00,12.00,589.32,589.19,264.00,10.00,144.28,144.12,144.00,11.00,593.61,593.31,396.00,9.00,33.80,33.38,114.00,9.00,0,휴식 (Relax)
328.00,594.00,145.00,583.00,36.00,13.30,16.82,3.12,40.79,15.69,113.02,8.89,64.00,44.11,9.50,23.42,31.11,42.58,105.08,49.69,22.00,9.27,17.57,9.27,22.80,9.27,63.40,9.27,16.00,30.05,46.41,26.71,114.84,69.06,146.01,42.92,11.00,7.50,5.75,17.26,16.55,13.19,41.22,2.84,34.00,323.21,323.00,248.00,11.00,590.00,589.88,275.00,11.00,143.89,143.75,143.00,11.00,592.23,591.94,396.00,8.00,33.37,33.00,106.00,8.00,0,휴식 (Relax)
304.00,572.00,151.00,605.00,31.00,13.30,16.82,3.12,40.79,15.69,113.02,8.89,64.00,43.67,12.35,30.09,24.60,31.84,114.71,58.60,11.00,7.17,6.81,19.04,22.56,19.04,61.80,7.17,27.00,30.87,26.50,34.37,110.55,91.05,140.95,40.93,33.00,9.84,8.51,12.59,12.21,17.91,38.34,7.74,29.00,323.21,323.00,232.00,11.00,589.33,589.19,275.00,11.00,144.59,144.44,149.00,11.00,593.61,593.31,407.00,8.00,33.63,33.31,101.00,9.00,0,휴식 (Relax)
344.00,594.00,140.00,572.00,33.00,13.30,16.82,3.12,40.79,15.69,113.02,8.89,64.00,41.69,16.16,40.40,15.56,39.44,104.26,53.08,22.00,7.17,6.81,19.04,22.56,19.04,61.80,7.17,27.00,21.58,37.56,14.68,88.68,101.12,154.92,55.95,55.00,7.26,5.52,12.82,10.77,18.47,39.11,10.66,26.00,323.21,323.00,240.00,11.00,588.63,588.50,275.00,11.00,144.59,144.44,149.00,11.00,592.26,591.94,418.00,9.00,33.44,33.12,100.00,9.00,0,휴식 (Relax)
320.00,594.00,145.00,605.00,33.00,14.12,16.95,6.78,43.08,22.78,108.96,1.88,56.00,47.48,20.29,40.92,11.00,37.59,99.97,53.73,33.00,10.25,7.40,22.38,24.60,22.38,55.81,10.25,21.00,20.09,39.36,21.04,88.00,107.74,143.93,45.44,44.00,2.00,5.01,8.51,5.66,23.50,33.92,6.59,32.00,323.70,323.50,256.00,12.00,589.32,589.19,264.00,10.00,144.20,144.06,138.00,11.00,591.55,591.25,407.00,9.00,33.03,32.75,94.00,9.00,0,휴식 (Relax)
312.00,561.00,145.00,583.00,31.00,16.23,10.83,10.49,50.60,24.15,111.47,8.22,48.00,25.06,13.16,11.05,44.00,13.63,117.74,76.42,66.00,3.65,13.90,13.24,16.28,32.04,48.75,19.92,11.00,25.25,45.51,12.20,77.00,118.31,136.01,34.47,33.00,1.23,6.97,6.56,7.21,21.97,35.88,6.99,30.00,323.21,323.00,256.00,11.00,587.29,587.12,275.00,11.00,144.81,144.69,128.00,10.00,592.22,591.94,396.00,9.00,32.91,32.62,96.00,9.00,0,휴식 (Relax)
328.00,605.00,140.00,594.00,26.00,16.23,10.83,10.49,50.60,24.15,111.47,8.22,48.00,19.59,21.29,3.25,45.35,24.45,106.79,65.81,55.00,6.96,9.13,13.40,13.42,33.28,49.36,24.83,6.00,16.34,34.57,12.10,77.78,120.18,136.56,25.14,22.00,7.01,13.33,8.86,12.53,20.73,32.56,10.14,37.00,323.21,323.00,264.00,11.00,586.58,586.44,275.00,11.00,144.50,144.38,127.00,11.00,591.52,591.25,407.00,10.00,32.52,32.19,101.00,9.00,0,휴식 (Relax)
336.00,572.00,162.00,616.00,36.00,4.34,25.45,19.84,65.97,39.19,96.63,10.00,64.00,19.59,21.29,3.25,45.35,24.45,106.79,65.81,55.00,4.22,16.85,23.27,23.77,26.01,58.70,34.64,5.00,26.79,43.73,21.03,88.68,111.33,145.18,21.96,11.00,4.76,12.23,6.14,14.21,17.98,33.80,12.98,40.00,324.22,324.00,264.00,10.00,586.58,586.44,275.00,11.00,145.24,145.06,138.00,7.00,592.23,591.94,418.00,10.00,32.72,32.38,106.00,9.00,0,휴식 (Relax)
312.00,594.00,135.00,572.00,28.00,17.81,22.31,11.58,64.00,44.10,91.99,25.99,80.00,11.22,18.23,13.23,44.00,19.80,106.23,56.38,44.00,2.91,16.27,20.28,25.50,21.11,63.52,38.35,10.00,5.97,43.33,15.37,88.68,92.79,167.00,35.80,11.00,4.76,12.23,6.14,14.21,17.98,33.80,12.98,40.00,323.23,323.00,280.00,10.00,585.87,585.75,275.00,11.00,144.95,144.75,160.00,11.00,590.88,590.56,462.00,11.00,32.72,32.38,100.00,9.00,0,휴식 (Relax)
328.00,594.00,140.00,594.00,36.00,9.99,16.57,5.25,56.00,39.52,96.57,33.57,88.00,21.26,27.14,15.47,33.00,9.26,114.27,51.10,33.00,7.57,20.23,23.58,30.08,22.50,61.16,36.28,5.00,5.97,43.33,15.37,88.68,92.79,167.00,35.80,11.00,7.16,6.63,1.56,18.60,16.92,28.57,8.24,34.00,323.73,323.50,280.00,11.00,586.56,586.44,275.00,11.00,144.64,144.44,160.00,10.00,590.88,590.56,462.00,11.00,32.27,32.00,92.00,9.00,0,휴식 (Relax)
296.00,572.00,145.00,605.00,28.00,16.98,24.51,13.22,56.57,31.61,104.49,40.12,96.00,10.36,16.90,5.06,34.79,7.58,125.25,52.09,22.00,2.78,15.36,19.11,32.25,19.28,62.96,36.76,0.00,33.94,13.69,31.08,98.39,60.41,174.08,6.38,22.00,6.53,8.57,3.48,17.49,15.09,28.19,7.84,32.00,323.27,323.00,272.00,11.00,585.89,585.75,275.00,11.00,144.95,144.75,165.00,11.00,592.93,592.62,451.00,10.00,32.37,32.12,90.00,9.00,0,휴식 (Relax)
344.00,605.00,145.00,594.00,31.00,16.98,24.51,13.22,56.57,31.61,104.49,40.12,96.00,10.36,16.90,5.06,34.79,7.58,125.25,52.09,22.00,3.86,13.62,20.34,36.67,24.19,58.35,34.38,5.00,33.94,13.69,31.08,98.39,60.41,174.08,6.38,22.00,7.34,7.23,4.24,13.45,11.88,31.40,10.54,27.00,323.27,323.00,288.00,11.00,585.89,585.75,286.00,11.00,145.25,145.06,149.00,7.00,592.93,592.62,440.00,10.00,32.05,31.81,93.00,9.00,0,휴식 (Relax)
320.00,605.00,145.00,627.00,39.00,15.64,25.05,19.91,58.24,25.49,103.75,39.05,88.00,29.06,20.67,17.06,46.67,21.83,128.50,35.94,44.00,7.24,11.75,9.34,42.64,28.73,48.27,27.33,16.00,41.23,23.09,29.70,93.98,66.78,184.59,14.78,33.00,7.58,5.39,1.94,15.62,13.87,34.39,13.36,24.00,323.76,323.50,304.00,12.00,587.28,587.12,275.00,11.00,144.54,144.38,128.00,9.00,593.65,593.31,418.00,9.00,32.26,32.00,91.00,9.00,0,휴식 (Relax)
320.00,583.00,140.00,572.00,28.00,15.64,25.05,19.91,58.24,25.49,103.75,39.05,88.00,38.17,23.16,23.14,39.66,16.54,119.27,45.71,33.00,3.70,14.80,12.34,38.90,26.37,46.89,23.47,21.00,46.96,33.56,20.36,83.77,56.34,179.64,3.79,22.00,8.96,3.55,3.59,14.42,12.07,32.98,11.37,26.00,323.76,323.50,288.00,11.00,587.95,587.81,275.00,11.00,144.84,144.69,117.00,9.00,594.31,594.00,440.00,7.00,32.37,32.12,97.00,10.00,0,휴식 (Relax)
328.00,605.00,140.00,583.00,31.00,10.86,17.35,23.71,60.93,26.79,95.77,34.09,96.00,45.82,22.32,21.65,31.11,9.91,130.10,34.72,44.00,11.56,3.80,19.22,32.25,15.37,53.53,13.74,32.00,45.41,29.59,30.50,80.08,56.94,183.66,7.54,11.00,8.96,3.55,3.59,14.42,12.07,32.98,11.37,26.00,323.25,323.00,280.00,11.00,588.65,588.50,286.00,11.00,144.15,144.00,117.00,9.00,593.62,593.31,418.00,9.00,32.37,32.12,92.00,9.00,0,휴식 (Relax)
328.00,572.00,162.00,638.00,42.00,17.38,22.06,16.11,68.35,21.34,89.94,27.84,104.00,42.04,30.05,31.72,24.60,1.83,136.75,24.72,55.00,7.95,13.84,11.24,42.15,15.40,64.52,4.16,43.00,42.68,25.24,31.67,90.71,67.68,193.90,18.43,0.00,11.96,3.35,3.77,16.28,14.96,35.20,9.75,29.00,323.75,323.50,272.00,10.00,587.98,587.81,319.00,12.00,144.89,144.69,123.00,9.00,594.36,594.00,407.00,7.00,32.60,32.31,92.00,9.00,0,휴식 (Relax)
312.00,605.00,130.00,561.00,28.00,1.88,27.25,22.78,64.50,6.78,91.35,14.12,120.00,44.19,8.75,23.64,45.35,21.23,136.23,20.64,77.00,6.16,11.86,9.07,44.29,20.40,68.29,2.80,48.00,42.68,25.24,31.67,90.71,67.68,193.90,18.43,0.00,11.96,3.35,3.77,16.28,14.96,35.20,9.75,29.00,322.76,322.50,288.00,11.00,589.37,589.19,341.00,12.00,144.60,144.38,145.00,9.00,594.36,594.00,462.00,8.00,32.60,32.31,98.00,9.00,0,휴식 (Relax)
328.00,583.00,151.00,594.00,33.00,1.88,27.25,22.78,64.50,6.78,91.35,14.12,120.00,45.98,16.01,13.88,49.19,26.77,129.17,29.14,88.00,10.13,10.02,15.01,39.12,23.45,69.11,7.09,54.00,34.62,14.67,38.21,80.08,62.30,198.07,26.83,11.00,10.18,1.28,6.69,18.44,16.71,33.32,9.19,26.00,322.76,322.50,280.00,11.00,588.68,588.50,341.00,12.00,144.99,144.75,160.00,10.00,595.04,594.69,473.00,11.00,32.40,32.12,98.00,9.00,0,휴식 (Relax)
304.00,572.00,145.00,583.00,28.00,1.88,27.25,22.78,64.50,6.78,91.35,14.12,120.00,45.98,16.01,13.88,49.19,26.77,129.17,29.14,88.00,4.42,14.98,13.22,36.25,21.06,65.88,12.09,60.00,55.21,30.96,51.28,77.00,40.33,191.18,43.50,33.00,10.25,3.95,7.90,20.52,13.88,33.02,10.77,29.00,322.76,322.50,264.00,11.00,588.68,588.50,330.00,11.00,144.60,144.38,155.00,9.00,593.66,593.31,451.00,10.00,32.23,31.94,101.00,10.00,0,휴식 (Relax)
344.00,594.00,140.00,594.00,36.00,1.88,27.25,22.78,64.50,6.78,91.35,14.12,120.00,45.98,16.01,13.88,49.19,26.77,129.17,29.14,88.00,4.42,14.98,13.22,36.25,21.06,65.88,12.09,60.00,33.43,31.51,32.59,99.00,39.26,172.46,59.49,55.00,9.01,2.06,9.87,22.67,14.13,30.85,13.48,32.00,322.76,322.50,280.00,11.00,588.68,588.50,352.00,12.00,144.60,144.38,155.00,9.00,595.01,594.69,429.00,9.00,32.43,32.12,109.00,11.00,0,휴식 (Relax)
312.00,583.00,145.00,605.00,36.00,6.80,23.46,29.00,64.00,5.77,90.30,10.18,128.00,56.92,5.92,24.70,39.66,32.02,130.95,21.18,77.00,4.42,14.98,13.22,36.25,21.06,65.88,12.09,60.00,33.43,31.51,32.59,99.00,39.26,172.46,59.49,55.00,7.53,4.49,12.64,24.76,11.21,33.85,10.48,29.00,322.27,322.00,304.00,12.00,587.99,587.81,330.00,12.00,144.60,144.38,160.00,10.00,595.01,594.69,418.00,9.00,32.63,32.31,107.00,11.00,0,휴식 (Relax)
312.00,572.00,140.00,572.00,28.00,6.80,23.46,29.00,64.00,5.77,90.30,10.18,128.00,46.54,16.90,21.36,34.79,28.20,125.25,21.31,66.00,3.28,14.26,12.67,40.85,18.36,67.31,13.26,55.00,40.69,21.70,21.63,110.00,34.77,178.77,58.68,44.00,9.81,2.07,12.84,26.91,9.69,36.05,7.80,26.00,322.27,322.00,288.00,11.00,588.65,588.50,297.00,11.00,144.30,144.06,160.00,10.00,594.34,594.00,440.00,5.00,32.46,32.12,110.00,12.00,0,휴식 (Relax)
336.00,605.00,145.00,594.00,28.00,4.45,31.11,31.55,64.50,13.70,98.27,8.78,120.00,46.54,16.90,21.36,34.79,28.20,125.25,21.31,66.00,3.14,18.06,17.26,42.94,13.38,65.25,17.24,50.00,40.69,21.70,21.63,110.00,34.77,178.77,58.68,44.00,7.87,2.58,10.89,25.61,11.19,36.24,6.80,24.00,322.78,322.50,304.00,12.00,588.65,588.50,297.00,11.00,144.60,144.38,143.00,10.00,594.34,594.00,440.00,5.00,32.57,32.25,100.00,11.00,0,휴식 (Relax)
328.00,583.00,162.00,627.00,36.00,5.10,27.96,23.56,56.57,17.85,103.62,11.13,112.00,43.34,19.86,30.53,39.66,23.70,115.76,31.37,55.00,3.14,18.06,17.26,42.94,13.38,65.25,17.24,50.00,41.71,18.24,17.03,121.00,25.70,187.73,51.32,55.00,7.87,2.58,10.89,25.61,11.19,36.24,6.80,24.00,322.27,322.00,288.00,11.00,589.33,589.19,297.00,11.00,144.60,144.38,133.00,9.00,595.06,594.69,429.00,9.00,32.57,32.25,100.00,11.00,0,휴식 (Relax)
320.00,594.00,130.00,561.00,31.00,6.40,25.05,27.16,56.00,16.26,103.75,15.39,104.00,43.34,19.86,30.53,39.66,23.70,115.76,31.37,55.00,5.66,15.74,19.91,45.49,10.05,69.90,12.43,55.00,36.45,27.38,27.84,121.50,30.99,198.55,42.14,66.00,5.48,1.86,12.70,27.59,11.23,33.26,8.40,21.00,322.76,322.50,280.00,11.00,589.33,589.19,308.00,12.00,144.32,144.06,160.00,10.00,594.41,594.00,473.00,5.00,32.73,32.44,97.00,11.00,0,휴식 (Relax)
336.00,583.00,151.00,605.00,33.00,14.25,18.75,23.77,48.00,23.77,109.25,14.25,112.00,38.13,29.78,41.15,46.67,15.59,110.37,21.97,66.00,5.56,14.89,9.81,36.80,1.95,75.09,8.31,66.00,44.76,17.27,24.12,110.55,41.69,205.06,31.63,77.00,7.15,3.88,9.93,29.83,8.79,30.93,11.18,18.00,323.27,323.00,264.00,11.00,588.64,588.50,297.00,12.00,145.01,144.75,176.00,10.00,595.10,594.69,506.00,10.00,32.54,32.25,91.00,10.00,0,휴식 (Relax)
304.00,583.00,145.00,605.00,31.00,22.07,10.75,15.83,48.66,19.73,101.25,12.36,104.00,46.42,20.29,35.89,39.66,23.40,99.97,19.13,77.00,5.56,14.89,9.81,36.80,1.95,75.09,8.31,66.00,44.76,17.27,24.12,110.55,41.69,205.06,31.63,77.00,6.64,1.35,10.20,28.02,6.25,30.86,14.17,15.00,323.73,323.50,248.00,11.00,589.32,589.19,264.00,11.00,145.01,144.75,182.00,10.00,595.10,594.69,495.00,9.00,32.71,32.44,90.00,10.00,0,휴식 (Relax)
352.00,616.00,140.00,583.00,33.00,29.16,7.61,13.52,56.57,14.94,107.06,16.72,112.00,57.15,21.77,44.52,49.19,15.42,110.05,17.94,66.00,5.00,19.73,5.00,33.30,5.00,79.38,5.00,61.00,33.94,15.20,16.73,99.61,51.23,213.89,41.86,66.00,7.71,2.66,8.66,29.68,6.01,29.44,12.39,17.00,324.27,324.00,272.00,11.00,590.03,589.88,297.00,12.00,144.70,144.44,187.00,11.00,594.42,594.00,484.00,7.00,32.83,32.56,84.00,9.00,0,휴식 (Relax)
312.00,583.00,145.00,605.00,33.00,24.32,5.60,6.96,58.24,6.96,107.78,24.32,120.00,35.84,8.54,28.93,44.00,33.15,120.20,25.53,44.00,5.00,19.73,5.00,33.30,5.00,79.38,5.00,61.00,20.05,18.00,34.89,104.36,37.45,192.21,29.14,88.00,3.77,3.51,14.36,26.93,2.58,23.45,9.84,23.00,323.78,323.50,312.00,12.00,588.64,588.50,308.00,12.00,144.70,144.44,187.00,11.00,592.99,592.62,451.00,11.00,32.41,32.19,73.00,8.00,0,휴식 (Relax)
320.00,561.00,156.00,572.00,28.00,24.32,5.60,6.96,58.24,6.96,107.78,24.32,120.00,23.91,18.88,45.54,66.00,23.39,126.88,26.08,66.00,11.54,22.52,14.82,25.71,18.50,72.71,20.71,77.00,20.05,18.00,34.89,104.36,37.45,192.21,29.14,88.00,3.77,3.51,14.36,26.93,2.58,23.45,9.84,23.00,323.78,323.50,312.00,11.00,587.30,587.12,308.00,11.00,145.72,145.44,198.00,9.00,592.99,592.62,473.00,12.00,32.41,32.19,75.00,9.00,0,휴식 (Relax)
336.00,594.00,145.00,594.00,31.00,23.56,13.30,11.13,60.93,5.10,115.72,17.85,112.00,27.99,25.23,54.75,66.91,14.37,116.80,19.18,55.00,16.00,27.40,16.00,30.59,16.00,70.66,16.00,72.00,17.88,26.77,40.45,108.34,27.24,190.55,26.27,77.00,3.77,3.51,14.36,26.93,2.58,23.45,9.84,23.00,324.30,324.00,328.00,12.00,586.60,586.44,308.00,11.00,146.03,145.75,187.00,9.00,593.68,593.31,440.00,12.00,32.41,32.19,67.00,8.00,0,휴식 (Relax)
328.00,583.00,151.00,627.00,42.00,23.56,13.30,11.13,60.93,5.10,115.72,17.85,112.00,19.96,27.30,57.20,77.78,5.76,106.56,12.98,44.00,11.32,19.25,25.02,30.41,25.02,60.66,11.32,61.00,23.56,16.45,29.95,98.39,29.95,182.00,23.56,66.00,3.77,3.51,14.36,26.93,2.58,23.45,9.84,23.00,324.30,324.00,320.00,11.00,587.28,587.12,286.00,11.00,145.29,145.06,161.00,9.00,592.94,592.62,396.00,11.00,32.41,32.19,64.00,8.00,0,휴식 (Relax)
312.00,605.00,130.00,561.00,26.00,23.56,13.30,11.13,60.93,5.10,115.72,17.85,112.00,19.96,27.30,57.20,77.78,5.76,106.56,12.98,44.00,11.32,19.25,25.02,30.41,25.02,60.66,11.32,61.00,23.56,16.45,29.95,98.39,29.95,182.00,23.56,66.00,1.86,1.60,14.97,26.25,4.56,25.44,11.82,25.00,324.30,324.00,320.00,11.00,587.28,587.12,286.00,11.00,145.29,145.06,161.00,9.00,592.94,592.62,429.00,11.00,32.31,32.06,75.00,8.00,0,휴식 (Relax)
336.00,583.00,156.00,594.00,33.00,16.81,10.92,10.07,53.67,10.07,120.83,16.81,120.00,19.96,27.30,57.20,77.78,5.76,106.56,12.98,44.00,8.68,15.60,26.99,31.62,26.99,63.06,8.68,66.00,23.56,16.45,29.95,98.39,29.95,182.00,23.56,66.00,1.86,1.60,14.97,26.25,4.56,25.44,11.82,25.00,324.81,324.50,320.00,11.00,587.28,587.12,297.00,12.00,145.62,145.38,181.00,9.00,592.94,592.62,451.00,11.00,32.31,32.06,77.00,8.00,0,휴식 (Relax)
328.00,594.00,151.00,616.00,36.00,9.23,18.40,34.01,67.88,27.22,96.90,33.00,96.00,5.63,41.10,45.96,77.78,22.55,86.64,34.93,66.00,6.54,9.62,32.97,37.36,21.03,64.80,13.41,60.00,13.85,18.24,23.11,116.93,23.11,187.73,13.85,33.00,8.83,8.82,13.87,25.00,11.39,26.46,7.21,17.00,326.26,326.00,288.00,10.00,588.64,588.50,286.00,12.00,146.00,145.75,181.00,9.00,595.02,594.69,462.00,11.00,32.80,32.56,72.00,7.00,0,휴식 (Relax)
328.00,583.00,135.00,572.00,33.00,12.91,20.02,30.94,57.69,40.03,85.32,48.92,80.00,7.54,41.20,56.94,66.91,30.50,76.19,45.41,77.00,9.49,13.89,31.80,39.00,20.31,69.35,18.39,55.00,9.33,20.98,2.58,101.41,19.42,207.07,31.33,11.00,6.55,7.48,10.99,22.00,13.54,29.12,8.30,14.00,325.23,325.00,256.00,9.00,587.95,587.81,286.00,12.00,145.70,145.44,192.00,10.00,593.68,593.31,495.00,11.00,32.60,32.38,75.00,7.00,0,휴식 (Relax)
320.00,605.00,135.00,583.00,31.00,5.40,12.47,23.54,51.22,39.89,86.00,56.58,72.00,18.19,27.01,51.69,66.91,33.17,69.54,64.23,99.00,19.26,19.65,40.65,48.38,11.88,60.13,9.36,65.00,29.34,42.94,23.89,118.98,38.28,186.28,22.15,33.00,6.84,10.80,8.63,22.56,15.75,24.44,5.18,19.00,325.72,325.50,264.00,10.00,589.34,589.19,297.00,13.00,145.10,144.81,187.00,8.00,592.30,591.94,473.00,10.00,32.28,32.06,69.00,6.00,0,휴식 (Relax)
320.00,561.00,168.00,616.00,33.00,2.81,5.67,18.37,46.65,47.14,79.80,50.52,80.00,7.25,37.49,41.95,77.78,27.27,76.52,72.03,110.00,10.37,33.29,27.90,62.97,17.78,56.83,24.54,93.00,26.35,31.51,39.45,101.41,75.64,172.46,56.22,77.00,4.63,5.87,5.51,17.72,20.66,23.01,4.16,24.00,326.20,326.00,240.00,9.00,588.68,588.50,308.00,13.00,146.95,146.56,215.00,11.00,595.05,594.69,484.00,11.00,32.57,32.38,71.00,6.00,0,휴식 (Relax)
344.00,616.00,140.00,583.00,28.00,10.29,10.13,23.98,53.67,41.84,87.78,54.26,72.00,17.58,28.51,51.21,77.00,16.27,87.51,77.46,121.00,5.40,28.36,23.50,59.41,21.23,60.86,29.53,98.00,16.23,21.70,31.06,90.71,76.62,178.77,67.22,88.00,4.63,5.87,5.51,17.72,20.66,23.01,4.16,24.00,326.72,326.50,256.00,10.00,589.39,589.19,341.00,13.00,146.64,146.25,226.00,11.00,594.37,594.00,484.00,9.00,32.57,32.38,68.00,6.00,0,휴식 (Relax)
328.00,583.00,156.00,605.00,39.00,10.29,10.13,23.98,53.67,41.84,87.78,54.26,72.00,17.58,28.51,51.21,77.00,16.27,87.51,77.46,121.00,1.62,25.45,19.00,63.89,23.85,54.96,24.24,92.00,6.24,4.62,44.76,88.00,96.03,157.04,47.83,66.00,3.26,7.20,5.05,20.62,18.31,25.96,4.06,27.00,326.72,326.50,264.00,9.00,589.39,589.19,363.00,13.00,146.24,145.88,210.00,11.00,592.94,592.62,440.00,11.00,32.79,32.56,74.00,6.00,0,휴식 (Relax)
304.00,583.00,135.00,561.00,28.00,13.19,13.33,30.38,68.35,26.06,90.24,60.00,88.00,14.93,22.81,61.86,77.78,11.32,87.79,80.44,110.00,3.86,24.05,17.51,60.80,28.78,52.34,21.68,87.00,6.24,4.62,44.76,88.00,96.03,157.04,47.83,66.00,5.36,4.25,2.28,21.54,15.68,28.46,4.93,30.00,325.77,325.50,272.00,9.00,588.71,588.50,352.00,12.00,146.52,146.19,210.00,11.00,592.94,592.62,440.00,11.00,32.62,32.38,83.00,7.00,0,휴식 (Relax)
328.00,583.00,151.00,594.00,31.00,20.97,21.30,38.13,71.55,28.61,83.49,54.03,80.00,14.93,22.81,61.86,77.78,11.32,87.79,80.44,110.00,3.86,24.05,17.51,60.80,28.78,52.34,21.68,87.00,14.83,15.58,45.03,88.68,92.81,155.56,46.98,55.00,7.34,2.77,1.26,23.41,15.51,28.08,4.92,28.00,325.26,325.00,264.00,9.00,588.71,588.50,352.00,12.00,146.52,146.19,220.00,11.00,592.25,591.94,473.00,12.00,32.50,32.25,84.00,7.00,0,휴식 (Relax)
328.00,594.00,151.00,616.00,39.00,5.48,18.84,41.41,93.64,22.18,60.11,33.03,56.00,9.39,33.37,68.32,80.08,20.34,76.84,70.67,121.00,8.60,18.19,14.87,64.54,24.24,57.65,24.36,81.00,10.45,11.57,54.76,99.61,81.95,162.75,52.54,44.00,2.13,7.99,6.81,27.20,8.55,33.41,11.49,20.00,326.71,326.50,216.00,8.00,589.39,589.19,330.00,12.00,146.90,146.56,215.00,11.00,592.96,592.62,473.00,11.00,33.03,32.75,90.00,8.00,0,휴식 (Relax)
312.00,583.00,140.00,561.00,31.00,35.27,22.08,2.21,88.36,25.63,53.30,11.93,16.00,38.11,32.42,38.11,49.19,38.11,61.55,38.11,154.00,8.60,18.19,14.87,64.54,24.24,57.65,24.36,81.00,19.97,15.53,41.31,99.61,72.60,184.72,72.17,22.00,1.48,7.37,6.43,25.61,6.82,35.41,13.49,18.00,324.16,324.00,192.00,8.00,587.29,587.12,308.00,12.00,146.90,146.56,221.00,12.00,591.63,591.25,506.00,11.00,32.91,32.62,98.00,9.00,0,휴식 (Relax)
336.00,616.00,135.00,594.00,36.00,17.54,21.77,23.01,64.50,32.55,74.45,30.32,8.00,7.89,9.31,46.00,45.35,46.00,83.26,7.89,187.00,10.45,18.52,7.78,71.45,26.26,53.95,14.72,91.00,28.23,21.22,49.24,110.55,64.56,176.78,61.17,33.00,3.48,6.21,3.91,23.85,7.98,37.52,16.27,15.00,325.66,325.50,208.00,9.00,589.39,589.19,319.00,13.00,146.30,145.94,215.00,11.00,590.93,590.56,506.00,11.00,33.11,32.81,98.00,9.00,0,휴식 (Relax)
312.00,551.00,162.00,616.00,31.00,19.63,14.06,21.94,64.00,29.55,81.94,36.49,16.00,14.04,16.99,52.02,55.11,41.53,93.22,11.29,197.00,5.80,21.93,5.56,75.69,22.43,57.03,8.73,97.00,36.53,48.85,23.34,122.98,28.41,182.18,26.49,77.00,6.48,4.10,1.70,21.40,5.06,37.57,14.19,18.00,325.17,325.00,216.00,9.00,588.80,588.56,351.00,13.00,146.71,146.31,231.00,11.00,593.69,593.31,506.00,10.00,33.27,33.00,100.00,8.00,0,휴식 (Relax)
344.00,627.00,135.00,605.00,31.00,20.63,21.56,14.67,72.00,21.65,85.69,41.31,24.00,27.65,17.60,23.47,58.31,8.63,117.26,43.75,230.00,15.20,11.97,15.14,69.20,12.79,66.86,4.49,107.00,47.15,59.34,33.85,132.91,24.29,172.84,29.69,66.00,6.48,4.10,1.70,21.40,5.06,37.57,14.19,18.00,325.69,325.50,240.00,10.00,590.94,590.62,416.00,13.00,146.11,145.69,252.00,11.00,594.38,594.00,484.00,7.00,33.27,33.00,89.00,7.00,0,휴식 (Relax)
336.00,572.00,156.00,605.00,36.00,26.57,26.35,9.58,72.44,26.84,88.06,39.42,16.00,16.66,9.40,21.49,48.30,9.71,119.22,54.35,241.00,10.33,16.19,13.15,65.30,13.56,71.01,8.97,112.00,25.68,52.25,27.17,143.42,5.40,151.40,38.43,44.00,4.66,9.74,4.52,17.03,2.84,31.58,14.89,12.00,326.20,326.00,232.00,9.00,590.26,589.94,449.00,13.00,146.44,146.00,252.00,11.00,592.96,592.62,418.00,9.00,32.83,32.62,78.00,9.00,0,휴식 (Relax)
304.00,583.00,135.00,561.00,26.00,18.88,27.65,6.93,80.40,25.22,95.35,42.14,8.00,8.18,26.20,9.95,61.52,13.18,132.24,38.89,219.00,7.10,18.33,17.44,62.20,8.57,70.13,4.01,107.00,25.68,52.25,27.17,143.42,5.40,151.40,38.43,44.00,4.66,9.74,4.52,17.03,2.84,31.58,14.89,12.00,325.73,325.50,240.00,9.00,588.88,588.56,438.00,12.00,146.72,146.31,247.00,11.00,592.96,592.62,429.00,9.00,32.83,32.62,81.00,9.00,0,휴식 (Relax)
344.00,583.00,151.00,583.00,31.00,26.87,20.87,14.32,80.00,17.88,102.82,48.34,0.00,8.18,26.20,9.95,61.52,13.18,132.24,38.89,219.00,8.94,20.00,14.06,58.26,7.70,73.24,2.70,102.00,22.73,63.17,35.41,137.83,9.89,154.40,38.98,33.00,6.49,9.51,3.73,18.38,0.98,31.77,14.11,10.00,326.25,326.00,272.00,10.00,588.88,588.56,427.00,11.00,146.39,146.00,258.00,12.00,592.27,591.94,429.00,9.00,32.71,32.50,83.00,9.00,0,휴식 (Relax)
352.00,551.00,180.00,594.00,18.00,49.68,4.30,34.68,104.00,39.50,95.23,25.63,24.00,51.16,57.56,34.63,43.01,37.86,167.39,63.22,176.00,28.04,11.89,24.62,79.88,36.51,102.16,31.35,73.00,36.65,81.52,37.36,118.98,15.48,135.21,48.43,55.00,24.49,13.01,14.38,13.93,17.76,20.66,29.36,28.00,327.81,327.50,280.00,10.00,586.26,585.88,448.00,10.00,148.43,147.81,271.00,11.00,590.87,590.56,396.00,9.00,31.77,31.38,93.00,9.00,1,주먹 쥐기 (Fist)
344.00,572.00,162.00,616.00,36.00,63.37,20.29,39.05,105.22,41.08,87.48,41.61,8.00,61.43,62.14,41.32,32.02,38.45,165.01,52.66,187.00,54.99,31.79,34.44,68.41,34.83,83.84,11.00,100.00,11.78,81.22,75.24,101.41,56.13,93.00,89.38,99.00,21.76,12.61,13.69,16.76,18.98,17.97,32.36,31.00,328.83,328.50,280.00,7.00,585.58,585.19,447.00,9.00,150.11,149.50,289.00,11.00,593.62,593.31,407.00,9.00,31.97,31.56,109.00,10.00,1,주먹 쥐기 (Fist)
336.00,627.00,115.00,561.00,39.00,74.72,33.43,31.30,89.44,25.20,102.62,27.17,24.00,47.31,71.31,54.07,38.28,60.19,178.36,30.79,209.00,37.79,30.02,46.03,87.86,54.80,89.10,24.37,120.00,20.62,63.05,62.35,122.98,64.21,86.01,111.25,121.00,17.54,19.06,21.01,20.62,24.84,25.75,25.25,23.00,329.83,329.50,288.00,7.00,587.03,586.56,458.00,9.00,149.06,148.25,303.00,11.00,592.30,591.94,429.00,9.00,32.51,32.06,110.00,10.00,1,주먹 쥐기 (Fist)
288.00,551.00,151.00,583.00,26.00,66.49,37.99,63.22,100.24,28.54,131.81,27.42,56.00,49.67,61.56,45.04,46.96,65.71,188.33,22.78,219.00,32.83,45.45,61.96,86.01,50.11,73.81,7.50,103.00,53.45,30.36,87.13,121.50,87.93,73.28,83.60,88.00,18.74,12.51,17.20,26.42,31.03,30.19,21.86,16.00,327.98,327.50,312.00,9.00,586.44,585.94,479.00,9.00,147.92,147.19,311.00,11.00,590.21,589.88,418.00,8.00,32.11,31.62,118.00,10.00,1,주먹 쥐기 (Fist)
328.00,551.00,145.00,561.00,36.00,73.67,53.77,71.54,86.53,14.33,126.19,16.05,40.00,79.60,34.03,82.62,95.71,113.37,145.16,77.05,154.00,31.53,40.98,61.73,91.01,54.52,69.03,2.71,98.00,74.60,25.73,106.09,99.61,70.13,92.38,96.11,110.00,20.62,16.92,13.01,23.54,31.76,31.20,23.43,8.00,326.96,326.50,336.00,10.00,582.38,581.88,446.00,7.00,148.22,147.50,301.00,11.00,588.87,588.50,418.00,7.00,32.61,32.12,117.00,10.00,1,주먹 쥐기 (Fist)
312.00,551.00,211.00,661.00,14.00,87.24,67.23,64.89,78.79,18.05,119.56,30.13,56.00,99.14,64.60,110.46,86.58,90.10,141.78,55.55,186.00,46.01,58.25,114.42,105.82,38.11,106.31,56.77,153.00,43.99,37.37,124.04,119.54,102.68,146.51,125.12,166.00,17.15,30.00,37.98,5.39,18.22,28.46,44.54,17.00,325.98,325.50,328.00,10.00,580.43,579.88,446.00,7.00,152.42,150.94,346.00,11.00,592.62,592.00,474.00,7.00,31.31,30.56,128.00,7.00,1,주먹 쥐기 (Fist)
414.00,638.00,120.00,572.00,39.00,25.38,111.79,174.78,49.68,103.12,48.57,140.11,166.00,92.82,34.89,125.66,141.35,125.34,110.31,72.21,241.00,39.99,43.27,106.62,118.96,53.11,109.87,70.69,168.00,48.32,42.82,134.91,110.60,93.03,140.77,121.71,155.00,18.23,19.30,34.94,16.12,8.64,25.60,55.54,28.00,333.46,332.38,406.00,7.00,584.03,583.31,533.00,9.00,151.63,150.00,421.00,11.00,593.28,592.69,530.00,7.00,32.04,31.25,150.00,11.00,1,주먹 쥐기 (Fist)
320.00,616.00,168.00,720.00,42.00,20.60,103.91,171.67,55.17,105.28,43.39,147.50,174.00,114.09,62.96,158.51,142.86,97.40,141.59,45.37,208.00,41.11,55.98,96.68,112.27,61.90,103.15,84.09,185.00,166.68,126.83,205.95,105.95,146.22,161.95,164.37,281.00,27.22,17.10,44.80,20.62,19.24,34.61,45.58,17.00,332.97,331.88,500.00,8.00,586.15,585.38,544.00,8.00,152.75,151.06,469.00,9.00,601.94,600.56,656.00,8.00,32.81,31.94,145.00,10.00,1,주먹 쥐기 (Fist)
361.00,605.00,156.00,530.00,11.00,40.60,125.60,149.76,40.31,82.88,11.80,172.66,207.00,124.44,73.25,162.19,132.02,95.25,132.05,55.61,219.00,40.83,57.02,91.75,117.00,64.50,107.67,81.45,180.00,84.59,118.70,245.20,59.03,146.96,166.98,210.16,367.00,2.66,18.16,31.67,45.88,37.18,62.03,35.15,11.00,335.10,333.94,525.00,9.00,586.85,586.06,544.00,7.00,153.06,151.38,470.00,9.00,596.80,595.19,791.00,8.00,31.45,30.19,168.00,9.00,1,주먹 쥐기 (Fist)
344.00,551.00,156.00,551.00,18.00,65.13,130.71,119.06,72.17,114.35,43.61,158.64,175.00,92.52,65.89,186.58,141.16,64.75,128.11,87.58,251.00,37.79,50.81,89.59,123.00,48.87,92.81,85.12,196.00,78.12,127.48,254.91,69.03,154.76,171.69,206.91,357.00,13.14,23.91,43.45,51.11,41.03,55.32,32.86,2.00,337.05,335.94,518.00,8.00,584.91,584.06,565.00,7.00,154.02,152.38,465.00,9.00,596.22,594.56,779.00,8.00,30.81,29.38,170.00,9.00,1,주먹 쥐기 (Fist)
312.00,480.00,186.00,572.00,28.00,53.90,143.82,123.12,74.46,122.23,62.22,161.12,151.00,68.57,188.44,311.54,55.33,186.89,101.33,67.07,115.00,51.04,26.56,137.46,80.06,75.53,121.13,102.20,145.00,75.46,148.61,259.27,73.05,136.12,150.59,206.22,379.00,20.26,24.72,49.31,44.41,33.05,53.19,36.57,6.00,335.61,334.44,526.00,8.00,576.90,575.56,571.00,8.00,157.31,155.56,468.00,8.00,594.87,593.19,778.00,7.00,30.29,28.88,175.00,9.00,1,주먹 쥐기 (Fist)
288.00,551.00,162.00,627.00,20.00,61.03,167.63,105.19,97.86,139.68,61.25,149.53,175.00,68.57,188.44,311.54,55.33,186.89,101.33,67.07,115.00,51.04,26.56,137.46,80.06,75.53,121.13,102.20,145.00,71.73,143.42,268.21,83.52,138.81,140.92,202.50,390.00,29.20,21.49,47.26,39.00,37.91,62.64,28.15,5.00,334.27,332.94,518.00,7.00,576.90,575.56,566.00,7.00,157.31,155.56,465.00,7.00,595.59,593.88,822.00,8.00,29.70,28.19,183.00,9.00,1,주먹 쥐기 (Fist)
369.00,594.00,145.00,616.00,42.00,44.50,148.82,128.76,105.60,162.24,82.78,132.21,200.00,101.42,199.18,282.63,61.27,159.37,73.34,99.58,82.00,52.27,17.14,132.92,87.80,65.58,114.21,112.03,135.00,65.49,147.34,277.55,87.32,127.88,144.25,209.86,379.00,23.91,30.61,57.81,29.15,33.13,73.23,18.69,16.00,335.93,334.50,591.00,8.00,574.71,573.50,554.00,7.00,157.86,156.19,461.00,8.00,596.29,594.56,833.00,8.00,30.54,28.88,200.00,10.00,1,주먹 쥐기 (Fist)
328.00,605.00,151.00,572.00,22.00,51.10,149.13,128.31,98.39,162.30,90.37,125.16,208.00,73.56,213.47,309.60,34.83,132.13,40.75,129.07,49.00,53.36,21.89,137.92,84.88,63.35,109.22,116.92,130.00,94.01,117.43,284.50,118.30,115.48,133.56,240.30,346.00,26.68,17.73,50.56,38.29,19.23,81.25,6.47,30.00,335.43,334.00,600.00,8.00,576.82,575.56,554.00,6.00,157.56,155.88,446.00,6.00,594.25,592.50,833.00,8.00,29.69,28.00,210.00,10.00,1,주먹 쥐기 (Fist)
361.00,561.00,162.00,540.00,31.00,10.59,191.56,79.62,88.96,112.80,127.17,68.85,265.00,86.32,192.33,314.50,22.56,139.72,34.25,145.30,27.00,42.57,25.17,131.17,64.44,84.11,90.91,140.06,103.00,115.00,97.52,305.35,126.12,99.56,151.66,219.30,367.00,26.78,19.57,47.30,41.73,17.18,80.89,3.26,35.00,338.95,337.56,593.00,8.00,575.45,574.19,598.00,7.00,159.14,157.56,441.00,9.00,593.04,591.19,843.00,8.00,29.99,28.31,214.00,10.00,1,주먹 쥐기 (Fist)
288.00,551.00,135.00,530.00,42.00,54.06,136.56,132.05,144.59,71.11,144.14,17.10,321.00,101.41,164.76,346.24,11.18,107.74,25.51,133.27,59.00,52.46,9.30,117.79,77.10,97.78,94.55,150.73,87.00,165.64,89.48,334.34,82.07,149.78,102.01,268.59,314.00,33.52,19.55,36.85,50.00,11.11,89.30,13.09,24.00,335.67,334.06,658.00,9.00,573.48,572.19,576.00,6.00,158.24,156.56,439.00,9.00,589.92,587.88,842.00,7.00,30.82,29.00,212.00,9.00,1,주먹 쥐기 (Fist)
281.00,594.00,151.00,583.00,28.00,124.43,115.70,157.11,166.71,68.01,177.70,78.70,250.00,100.14,178.57,327.25,39.29,101.46,38.73,144.71,102.00,80.08,21.78,94.50,65.51,105.00,69.98,142.60,116.00,174.58,98.48,328.90,75.00,148.75,106.24,260.51,325.00,42.96,17.15,37.87,44.72,21.02,79.38,3.73,34.00,331.46,329.62,657.00,9.00,576.15,574.88,598.00,7.00,156.33,154.75,437.00,7.00,589.23,587.19,873.00,7.00,31.28,29.62,208.00,9.00,1,주먹 쥐기 (Fist)
312.00,561.00,140.00,583.00,42.00,153.52,139.91,141.67,140.00,91.58,145.92,55.26,282.00,94.57,182.56,319.62,38.01,111.92,41.90,152.86,113.00,101.91,42.12,103.77,44.27,83.00,91.86,139.79,94.00,194.51,130.96,296.12,103.32,119.88,121.35,275.59,292.00,48.93,13.78,43.81,39.45,18.96,83.13,8.41,28.00,329.47,327.62,680.00,9.00,575.48,574.19,576.00,7.00,155.00,153.38,401.00,6.00,587.13,585.12,818.00,6.00,31.75,30.00,219.00,10.00,1,주먹 쥐기 (Fist)
320.00,661.00,120.00,594.00,28.00,165.31,155.74,125.68,131.03,78.52,158.91,61.20,266.00,122.60,151.61,351.63,4.12,136.16,43.55,185.45,147.00,97.56,39.91,98.82,42.95,81.19,95.13,137.72,89.00,186.60,114.62,306.59,93.77,94.73,153.91,281.96,259.00,39.50,24.38,39.42,35.17,28.72,82.94,17.92,17.00,328.47,326.62,640.00,8.00,577.85,576.31,600.00,7.00,155.24,153.69,385.00,6.00,589.16,587.19,807.00,7.00,31.01,29.31,220.00,10.00,1,주먹 쥐기 (Fist)
328.00,594.00,186.00,793.00,31.00,151.48,135.34,145.24,99.04,97.44,171.08,76.78,226.00,165.35,111.51,357.02,44.18,154.16,70.47,142.92,104.00,81.39,62.17,96.51,11.40,59.98,103.09,164.71,124.00,311.82,274.74,213.07,303.24,192.21,126.27,374.43,469.00,42.41,20.41,35.67,40.02,32.41,79.67,21.88,12.00,330.81,329.12,608.00,8.00,580.51,579.00,667.00,7.00,157.59,155.88,445.00,7.00,604.29,600.31,984.00,7.00,31.30,29.62,213.00,9.00,1,주먹 쥐기 (Fist)
414.00,572.00,168.00,561.00,20.00,185.80,184.94,124.90,74.22,28.99,217.02,99.22,312.00,185.52,106.11,339.63,50.61,133.51,49.86,161.08,125.00,86.65,84.98,118.80,32.76,82.97,82.24,142.39,101.00,311.82,274.74,213.07,303.24,192.21,126.27,374.43,469.00,41.02,26.72,50.74,46.32,31.73,63.76,33.59,4.00,336.78,334.50,678.00,9.00,581.78,580.31,689.00,8.00,159.02,157.31,397.00,8.00,604.29,600.31,1116.00,7.00,30.39,28.62,202.00,9.00,1,주먹 쥐기 (Fist)
369.00,638.00,120.00,530.00,36.00,236.46,241.91,78.92,130.25,38.14,160.10,53.97,255.00,259.82,171.93,270.25,49.74,172.96,120.98,125.62,38.00,70.55,76.21,99.37,89.89,143.23,26.77,53.45,10.00,183.84,254.66,316.22,434.17,319.28,94.97,243.75,338.00,36.08,35.96,53.10,30.23,18.47,48.40,49.58,26.00,340.37,338.06,621.00,8.00,587.31,585.75,668.00,8.00,152.98,151.62,354.00,6.00,596.17,592.12,1058.00,6.00,31.50,30.00,193.00,9.00,1,주먹 쥐기 (Fist)
273.00,520.00,162.00,605.00,48.00,95.57,177.47,216.72,204.75,142.95,108.47,98.55,114.00,201.85,65.30,255.53,149.33,159.64,201.01,194.21,80.00,79.49,37.39,58.38,84.59,141.87,67.99,36.27,32.00,210.64,230.11,322.19,434.51,338.54,126.38,212.52,305.00,34.26,44.95,62.07,38.01,27.38,47.76,45.20,17.00,331.35,329.25,623.00,8.00,579.99,578.38,764.00,9.00,155.38,154.25,348.00,6.00,598.20,594.19,985.00,6.00,32.27,30.56,202.00,9.00,1,주먹 쥐기 (Fist)
288.00,616.00,125.00,583.00,28.00,66.12,198.29,227.23,226.28,142.58,83.73,76.27,146.00,201.85,65.30,255.53,149.33,159.64,201.01,194.21,80.00,53.99,79.92,91.73,42.20,106.39,105.22,67.56,75.00,174.50,367.11,188.22,297.74,296.20,254.66,145.51,168.00,42.47,35.96,57.29,34.13,36.29,39.41,46.92,3.00,329.51,327.25,597.00,5.00,579.99,578.38,849.00,10.00,152.83,151.56,373.00,7.00,588.80,585.62,817.00,6.00,31.30,29.69,191.00,9.00,1,주먹 쥐기 (Fist)
336.00,583.00,156.00,661.00,42.00,53.80,223.29,210.47,209.47,118.86,108.73,85.64,121.00,213.50,81.78,238.86,128.41,141.11,189.85,216.08,102.00,53.99,79.92,91.73,42.20,106.39,105.22,67.56,75.00,160.99,290.20,288.42,316.72,174.90,340.87,219.52,37.00,18.71,41.82,37.02,4.24,39.40,12.94,70.42,28.00,327.86,325.69,628.00,6.00,578.58,577.00,828.00,9.00,152.83,151.56,404.00,8.00,597.02,593.81,874.00,7.00,32.90,31.62,198.00,9.00,1,주먹 쥐기 (Fist)
328.00,583.00,135.00,510.00,24.00,57.19,235.01,195.23,197.44,130.24,97.92,85.04,137.00,187.47,50.41,229.92,142.36,151.26,159.60,244.72,134.00,36.17,80.57,71.69,62.80,110.05,98.74,87.91,96.00,169.61,279.59,297.11,355.45,144.94,346.92,258.94,4.00,14.84,41.00,31.02,4.24,43.36,18.83,64.51,22.00,326.83,324.69,604.00,5.00,580.54,579.00,757.00,9.00,151.57,150.25,395.00,11.00,594.74,591.25,1004.00,8.00,33.14,32.00,206.00,10.00,1,주먹 쥐기 (Fist)
336.00,605.00,135.00,551.00,42.00,44.55,234.80,198.36,182.00,124.25,103.18,97.88,161.00,75.34,108.52,109.06,75.11,26.63,278.36,184.38,9.00,19.71,65.52,53.12,74.33,59.76,144.30,54.62,45.00,184.20,262.44,317.99,362.50,137.10,358.83,238.16,17.00,8.88,31.87,29.31,17.26,30.82,11.16,78.23,36.00,328.31,326.19,588.00,5.00,587.79,586.81,708.00,11.00,148.16,147.06,371.00,11.00,593.50,589.94,990.00,7.00,34.05,32.88,216.00,11.00,1,주먹 쥐기 (Fist)
281.00,530.00,125.00,460.00,51.00,49.50,229.69,204.24,187.63,117.45,109.53,104.06,168.00,95.32,89.29,124.60,96.08,30.31,289.86,189.03,12.00,50.78,49.46,88.85,48.02,86.65,111.28,66.05,82.00,345.28,100.26,423.80,215.41,303.86,195.67,390.82,150.00,30.76,7.29,59.73,32.76,40.07,25.55,54.82,5.00,327.94,325.75,562.00,5.00,586.58,585.50,740.00,11.00,145.90,144.75,364.00,9.00,583.86,579.50,1070.00,5.00,36.02,34.81,203.00,10.00,1,주먹 쥐기 (Fist)
224.00,594.00,115.00,540.00,36.00,192.35,84.79,333.42,155.98,234.82,57.77,42.13,23.00,95.32,89.29,124.60,96.08,30.31,289.86,189.03,12.00,75.96,31.49,108.52,27.31,97.26,122.13,66.77,52.00,420.05,99.99,405.77,179.63,280.90,265.07,337.00,74.00,26.37,12.30,56.94,36.24,37.74,28.61,53.39,1.00,319.64,316.69,578.00,5.00,586.58,585.50,793.00,12.00,144.22,142.88,368.00,9.00,579.14,574.75,1106.00,4.00,35.61,34.44,198.00,9.00,1,주먹 쥐기 (Fist)
296.00,616.00,130.00,627.00,39.00,223.07,67.90,335.98,125.00,237.64,25.84,23.74,55.00,85.89,84.99,135.55,107.07,29.59,298.94,179.50,1.00,91.21,16.26,103.16,47.30,76.44,129.85,56.71,73.00,374.47,53.75,459.34,128.38,328.48,292.23,324.07,19.00,35.97,6.93,47.16,25.50,20.81,30.92,59.27,18.00,317.68,314.69,617.00,5.00,587.30,586.19,771.00,11.00,142.94,141.56,372.00,9.00,582.69,578.19,1161.00,5.00,36.51,35.50,192.00,9.00,1,주먹 쥐기 (Fist)
328.00,540.00,192.00,627.00,16.00,250.04,86.75,307.78,120.02,205.71,53.25,35.16,22.00,99.37,104.36,127.02,108.34,50.13,319.56,158.75,20.00,81.13,45.61,132.54,49.77,75.10,158.51,42.80,103.00,337.74,33.28,513.96,120.33,267.60,319.88,315.18,106.00,32.85,8.17,62.13,13.60,18.77,29.11,71.50,33.00,315.43,312.62,576.00,5.00,586.07,584.88,837.00,12.00,145.24,143.44,407.00,9.00,588.11,583.62,1151.00,7.00,35.90,34.56,204.00,9.00,1,주먹 쥐기 (Fist)
378.00,583.00,151.00,551.00,16.00,212.37,3.40,385.25,30.07,165.79,121.11,110.44,68.00,92.14,76.43,105.52,76.90,72.26,338.71,127.79,52.00,86.04,59.05,141.84,64.85,59.67,144.80,53.30,87.00,339.87,49.99,505.54,140.69,257.94,300.08,323.15,85.00,49.25,32.75,74.78,17.00,7.81,49.41,46.03,7.00,321.32,318.25,619.00,5.00,588.00,586.88,837.00,11.00,146.22,144.44,432.00,8.00,589.32,584.94,1174.00,8.00,34.56,32.94,190.00,8.00,1,주먹 쥐기 (Fist)
336.00,520.00,174.00,594.00,33.00,227.01,56.71,384.86,60.90,125.18,113.55,76.03,13.00,97.60,115.55,178.31,94.20,90.36,338.98,84.16,126.00,103.72,69.25,132.13,62.13,76.44,151.41,32.57,110.00,345.51,54.03,494.54,138.60,268.92,310.10,315.26,96.00,44.45,30.09,77.34,15.30,9.55,54.21,41.08,2.00,324.60,321.69,630.00,5.00,583.60,582.25,867.00,10.00,147.81,145.88,444.00,7.00,590.00,585.62,1217.00,9.00,34.84,33.25,193.00,7.00,1,주먹 쥐기 (Fist)
304.00,551.00,140.00,540.00,24.00,221.45,51.70,392.05,57.38,117.56,119.86,76.25,5.00,98.85,116.75,181.08,86.45,95.53,345.30,83.90,116.00,103.72,69.25,132.13,62.13,76.44,151.41,32.57,110.00,311.67,78.73,512.50,181.22,286.34,328.01,275.97,139.00,62.39,30.28,59.70,4.24,15.24,64.99,27.42,16.00,324.13,321.19,654.00,6.00,583.01,581.62,798.00,9.00,147.81,145.88,458.00,8.00,587.44,582.94,1260.00,7.00,33.75,32.12,188.00,8.00,1,주먹 쥐기 (Fist)
336.00,605.00,151.00,649.00,42.00,236.14,51.50,380.28,43.05,117.49,135.71,84.74,11.00,102.61,95.59,142.87,65.01,42.06,289.57,116.08,172.00,134.39,47.42,122.58,67.62,45.96,122.95,6.64,141.00,364.38,24.22,549.89,195.39,254.82,316.41,221.09,194.00,50.23,38.71,63.53,17.26,18.91,66.10,27.19,30.00,325.14,322.19,678.00,6.00,579.19,578.12,785.00,10.00,149.58,147.81,403.00,8.00,591.06,586.38,1170.00,10.00,34.65,33.00,203.00,7.00,1,주먹 쥐기 (Fist)
344.00,605.00,162.00,616.00,31.00,252.14,43.83,386.28,37.48,102.48,126.54,71.46,5.00,103.71,104.51,153.62,54.01,44.18,281.08,126.47,183.00,114.19,71.05,103.46,46.62,37.28,100.55,26.48,165.00,190.08,190.65,392.20,76.06,82.68,206.78,77.20,371.00,50.23,38.71,63.53,17.26,18.91,66.10,27.19,30.00,326.17,323.19,600.00,6.00,579.90,578.81,763.00,9.00,147.82,146.31,396.00,8.00,577.73,575.31,971.00,7.00,34.65,33.00,203.00,8.00,1,주먹 쥐기 (Fist)
336.00,572.00,162.00,583.00,18.00,182.45,119.13,308.29,41.44,73.67,162.84,20.32,83.00,103.71,104.51,153.62,54.01,44.18,281.08,126.47,183.00,111.16,75.94,98.13,50.33,32.06,102.92,20.57,159.00,208.20,177.71,389.02,54.08,86.06,186.93,79.31,393.00,50.67,37.35,65.38,19.24,20.89,68.07,25.50,28.00,320.51,318.31,563.00,6.00,579.90,578.81,730.00,9.00,147.40,145.94,348.00,7.00,579.09,576.69,973.00,7.00,34.58,32.88,200.00,9.00,1,주먹 쥐기 (Fist)
352.00,551.00,186.00,594.00,11.00,173.07,133.26,302.42,42.45,57.68,145.90,25.68,66.00,61.36,91.19,231.41,33.02,77.82,234.51,62.37,96.00,135.61,90.68,112.88,43.28,43.99,101.23,50.13,93.00,250.21,200.80,327.90,81.47,23.53,248.56,66.48,329.00,52.97,46.04,70.10,33.84,27.94,49.59,50.27,53.00,319.32,317.25,483.00,5.00,574.30,573.38,633.00,8.00,151.62,150.06,330.00,6.00,582.96,580.69,909.00,6.00,33.50,31.31,195.00,9.00,1,주먹 쥐기 (Fist)
369.00,530.00,217.00,672.00,24.00,210.19,145.19,238.70,137.44,68.62,95.56,118.99,30.00,65.37,82.38,224.61,34.79,86.02,225.21,62.79,86.00,157.38,145.12,90.67,92.35,37.33,135.72,9.92,148.00,284.44,266.08,288.08,135.51,85.57,221.05,100.23,396.00,56.82,69.84,55.28,28.44,10.41,52.66,28.20,29.00,325.29,323.25,485.00,5.00,574.87,574.00,558.00,7.00,155.86,153.50,324.00,7.00,587.53,584.88,965.00,9.00,31.85,29.81,188.00,8.00,1,주먹 쥐기 (Fist)
387.00,661.00,140.00,616.00,26.00,251.69,241.21,142.75,175.70,53.57,88.71,36.81,69.00,104.00,40.66,247.39,78.77,104.11,267.25,56.47,131.00,160.76,157.13,76.19,88.96,23.13,120.75,8.68,133.00,294.29,294.10,308.73,124.20,85.33,207.36,69.76,363.00,56.82,71.40,53.29,26.48,8.81,53.51,29.42,31.00,331.65,329.44,455.00,6.00,577.99,576.81,656.00,8.00,156.65,154.44,370.00,7.00,589.63,586.94,943.00,8.00,31.74,29.69,176.00,7.00,1,주먹 쥐기 (Fist)
361.00,551.00,180.00,561.00,33.00,258.48,262.28,143.20,156.98,33.02,98.54,45.16,44.00,72.01,57.18,216.26,89.07,135.46,282.70,60.89,163.00,159.69,162.95,63.84,65.31,32.84,137.68,21.29,157.00,314.17,285.32,216.37,222.77,184.36,123.63,31.05,263.00,54.17,73.05,51.57,26.31,17.33,45.08,28.18,22.00,333.29,331.00,473.00,5.00,576.02,574.81,766.00,9.00,158.26,155.94,389.00,7.00,583.11,580.69,847.00,6.00,31.07,29.12,165.00,7.00,1,주먹 쥐기 (Fist)
281.00,583.00,135.00,583.00,28.00,265.96,255.07,99.03,192.85,67.23,144.46,72.10,3.00,72.01,57.18,216.26,89.07,135.46,282.70,60.89,163.00,159.69,162.95,63.84,65.31,32.84,137.68,21.29,157.00,269.63,234.21,222.64,242.99,227.86,50.65,100.38,190.00,56.57,75.18,48.09,22.36,18.41,41.42,30.00,18.00,330.59,328.06,545.00,5.00,576.02,574.81,776.00,10.00,158.26,155.94,434.00,8.00,587.37,585.25,828.00,8.00,31.28,29.38,152.00,7.00,1,주먹 쥐기 (Fist)
344.00,605.00,151.00,572.00,28.00,261.26,249.85,104.99,197.61,73.48,151.09,76.40,11.00,72.01,57.18,216.26,89.07,135.46,282.70,60.89,163.00,149.18,147.84,78.83,81.05,16.84,127.65,36.49,173.00,252.90,213.36,206.23,262.23,236.90,66.79,83.39,211.00,44.85,61.52,59.93,24.17,12.86,38.87,42.05,4.00,331.11,328.56,553.00,5.00,576.02,574.81,723.00,9.00,159.16,156.94,440.00,8.00,588.63,586.56,748.00,8.00,30.28,28.50,143.00,7.00,1,주먹 쥐기 (Fist)
312.00,561.00,180.00,696.00,33.00,235.61,218.99,99.95,223.03,86.42,147.85,75.93,20.00,89.35,88.18,192.35,117.18,110.61,252.63,45.15,194.00,104.35,100.64,99.33,90.35,63.49,182.19,33.44,118.00,70.49,146.82,107.56,277.11,21.93,232.20,284.25,25.00,27.89,47.02,60.73,10.77,30.09,29.21,24.09,22.00,332.84,330.50,528.00,6.00,577.86,576.75,703.00,9.00,162.42,160.38,459.00,9.00,602.94,601.31,792.00,7.00,28.68,27.38,133.00,6.00,1,주먹 쥐기 (Fist)
352.00,661.00,84.00,561.00,51.00,115.33,144.71,51.21,188.17,46.98,107.24,107.01,108.00,128.87,143.98,224.19,111.61,109.33,292.07,100.91,127.00,133.77,108.77,117.86,118.68,74.59,207.27,63.68,87.00,63.34,166.94,128.44,258.97,8.31,214.01,267.92,4.00,42.88,50.00,73.70,25.32,40.33,17.14,10.76,37.00,339.69,338.50,496.00,9.00,582.39,580.94,781.00,10.00,161.23,158.44,540.00,10.00,604.13,602.62,840.00,7.00,30.07,28.31,148.00,8.00,1,주먹 쥐기 (Fist)
296.00,616.00,130.00,627.00,57.00,115.33,144.71,51.21,188.17,46.98,107.24,107.01,108.00,128.87,143.98,224.19,111.61,109.33,292.07,100.91,127.00,133.77,108.77,117.86,118.68,74.60,207.27,63.68,87.00,63.34,166.94,128.44,258.97,8.31,214.01,267.92,4.00,60.05,45.44,88.19,28.65,48.49,35.12,24.61,19.00,339.69,338.50,520.00,10.00,582.39,580.94,750.00,9.00,161.23,158.44,524.00,9.00,604.13,602.62,906.00,8.00,31.81,29.44,131.00,7.00,1,주먹 쥐기 (Fist)
281.00,572.00,145.00,551.00,24.00,161.03,100.59,98.21,195.88,78.20,153.44,110.20,61.00,135.15,133.48,231.25,109.29,82.57,268.97,130.77,95.00,176.40,68.16,128.38,76.55,30.40,185.60,105.44,40.00,133.37,163.83,193.27,198.12,82.52,186.19,284.38,80.00,66.60,39.76,87.12,22.02,40.80,29.75,19.88,27.00,337.05,335.56,485.00,7.00,584.29,582.94,751.00,9.00,158.13,155.50,498.00,8.00,599.49,597.88,906.00,8.00,32.13,29.94,164.00,8.00,1,주먹 쥐기 (Fist)
328.00,572.00,162.00,605.00,14.00,204.45,56.60,125.60,148.56,46.03,116.87,88.00,111.00,136.45,142.91,239.88,98.33,86.32,257.97,139.28,84.00,168.66,79.11,136.26,83.10,33.94,175.59,113.70,29.00,80.08,122.84,157.76,238.21,112.23,144.67,287.25,134.00,65.49,41.76,89.03,23.35,40.66,30.11,19.80,29.00,333.76,332.44,490.00,7.00,583.61,582.25,688.00,8.00,158.80,156.19,492.00,8.00,602.73,601.25,917.00,9.00,32.07,29.81,157.00,7.00,1,주먹 쥐기 (Fist)
378.00,561.00,162.00,572.00,31.00,179.43,74.07,147.80,168.68,82.34,128.12,72.60,153.00,120.19,103.88,205.40,103.41,127.32,230.16,163.46,43.00,173.31,72.01,125.48,92.66,45.90,164.34,119.82,17.00,98.99,144.81,146.80,252.21,106.11,122.68,282.72,156.00,65.15,43.28,90.31,21.93,38.86,28.45,19.10,27.00,336.55,335.06,508.00,7.00,585.98,584.81,668.00,8.00,158.01,155.44,458.00,7.00,601.40,599.88,896.00,10.00,31.94,29.69,165.00,7.00,1,주먹 쥐기 (Fist)
320.00,530.00,224.00,661.00,16.00,177.68,74.56,163.20,155.86,72.09,113.24,81.61,137.00,133.92,114.04,201.63,123.49,136.54,233.27,171.68,22.00,189.73,98.13,145.18,82.08,107.78,151.33,158.55,67.00,94.71,98.34,267.66,180.31,27.96,90.55,241.01,277.00,67.50,44.73,86.98,17.00,45.18,36.35,25.03,35.00,337.48,336.06,534.00,10.00,584.77,583.50,645.00,7.00,163.94,160.69,509.00,7.00,608.90,607.44,876.00,8.00,31.63,29.19,162.00,7.00,1,주먹 쥐기 (Fist)
405.00,627.00,115.00,470.00,26.00,210.28,64.16,185.27,125.17,68.01,179.07,39.00,206.00,114.02,120.32,222.95,119.51,124.40,251.83,174.52,0.00,165.43,104.98,169.29,50.61,112.85,180.95,173.92,103.00,108.54,116.49,264.93,69.05,167.00,264.23,217.98,456.00,79.24,39.40,70.98,32.02,50.99,29.56,10.12,19.00,342.18,340.38,611.00,10.00,586.21,584.88,742.00,8.00,162.11,158.44,607.00,7.00,598.54,596.25,1034.00,11.00,30.54,28.19,161.00,7.00,1,주먹 쥐기 (Fist)
273.00,540.00,217.00,732.00,24.00,153.51,112.77,235.99,58.18,57.72,224.29,63.94,277.00,178.86,65.86,191.97,55.11,60.37,315.32,173.70,65.00,215.02,59.25,121.27,46.65,78.87,234.74,189.82,158.00,92.90,142.30,149.36,184.39,225.39,363.69,234.99,572.00,85.99,34.01,68.57,34.44,44.06,26.37,17.03,26.00,338.16,335.94,735.00,9.00,582.23,580.81,796.00,8.00,166.08,161.88,709.00,8.00,606.64,603.50,1263.00,11.00,30.14,27.75,150.00,4.00,1,주먹 쥐기 (Fist)
387.00,594.00,101.00,460.00,33.00,201.76,64.26,193.24,94.03,46.10,231.71,101.87,328.00,158.27,87.86,176.44,63.29,61.20,328.11,170.31,87.00,154.02,120.24,123.40,103.81,17.93,273.90,201.85,219.00,77.34,25.79,235.11,214.89,209.47,420.36,265.88,695.00,71.15,49.00,57.86,48.38,43.01,14.17,31.73,41.00,341.55,339.12,833.00,10.00,583.61,582.19,829.00,9.00,163.03,158.06,801.00,9.00,600.00,595.81,1524.00,12.00,30.92,28.69,152.00,7.00,1,주먹 쥐기 (Fist)
273.00,530.00,198.00,627.00,28.00,123.50,118.34,189.62,152.12,52.60,203.58,161.71,407.00,173.89,74.20,196.32,81.94,81.97,325.91,161.62,108.00,165.14,111.96,132.95,101.71,18.40,274.17,201.68,231.00,73.84,58.79,243.70,187.41,182.20,415.99,270.99,728.00,57.40,61.99,42.03,56.04,27.15,31.13,19.23,24.00,337.00,334.19,930.00,11.00,582.39,580.88,872.00,10.00,163.91,158.81,867.00,10.00,602.09,597.88,1613.00,12.00,31.59,29.75,144.00,8.00,1,주먹 쥐기 (Fist)
296.00,520.00,156.00,530.00,12.00,73.33,153.85,133.27,200.01,98.18,267.11,131.42,334.00,178.79,76.63,197.38,86.45,77.47,333.54,168.67,98.00,128.19,124.15,87.32,41.76,79.39,237.29,188.02,292.00,124.19,108.52,102.38,154.15,93.39,319.77,282.93,870.00,63.71,61.02,43.15,66.24,19.68,40.80,20.87,12.00,332.47,329.62,935.00,11.00,581.83,580.25,751.00,9.00,159.52,155.00,832.00,9.00,593.17,589.00,1654.00,13.00,31.15,29.00,158.00,8.00,1,주먹 쥐기 (Fist)
369.00,616.00,162.00,672.00,39.00,74.70,153.92,116.39,188.81,84.25,250.22,128.94,352.00,190.53,118.44,160.03,52.43,56.40,288.77,127.85,143.00,131.78,133.01,78.28,52.50,90.22,215.96,179.28,314.00,101.71,60.73,139.83,209.31,144.02,265.04,285.49,926.00,61.87,52.46,54.23,61.03,29.93,45.72,31.68,1.00,331.19,328.50,982.00,12.00,578.73,577.44,737.00,9.00,160.81,156.38,798.00,10.00,596.96,592.50,1741.00,13.00,31.99,29.81,178.00,8.00,1,주먹 쥐기 (Fist)
352.00,672.00,105.00,594.00,51.00,80.06,148.12,116.62,181.64,81.53,254.02,133.19,343.00,226.99,57.47,272.05,166.72,67.45,232.77,15.34,264.00,160.81,64.97,153.11,119.92,81.51,155.75,139.74,389.00,113.61,68.23,134.36,216.67,124.13,293.66,295.35,893.00,70.18,34.79,69.04,78.34,19.27,53.29,13.78,17.00,330.58,327.94,919.00,11.00,586.67,585.00,761.00,9.00,156.60,151.69,810.00,8.00,598.95,594.56,1797.00,14.00,33.44,30.94,185.00,7.00,1,주먹 쥐기 (Fist)
304.00,530.00,186.00,561.00,31.00,60.80,171.01,95.14,168.43,58.83,247.44,152.08,320.00,185.80,27.67,271.90,183.81,93.56,263.31,43.34,317.00,120.43,115.64,139.21,116.25,55.59,163.19,112.23,440.00,97.32,47.76,155.23,237.78,138.29,300.77,310.75,871.00,72.70,32.27,68.70,79.12,17.06,50.35,16.72,14.00,331.85,329.38,904.00,11.00,583.52,581.69,881.00,9.00,159.84,154.88,875.00,9.00,597.63,593.19,1819.00,14.00,33.60,31.12,205.00,6.00,1,주먹 쥐기 (Fist)
304.00,605.00,130.00,561.00,31.00,99.84,142.51,126.91,203.49,49.64,214.10,191.62,280.00,185.80,27.67,271.90,183.81,93.56,263.31,43.34,317.00,140.12,103.35,121.15,95.52,35.42,182.06,98.58,461.00,87.38,37.54,162.46,240.97,128.09,305.44,300.55,882.00,75.66,31.84,65.84,76.24,19.87,52.88,14.31,17.00,329.40,326.88,872.00,10.00,583.52,581.69,912.00,9.00,158.68,153.56,902.00,9.00,596.98,592.50,1695.00,13.00,33.76,31.31,200.00,5.00,1,주먹 쥐기 (Fist)
320.00,572.00,151.00,572.00,31.00,92.05,142.04,128.41,207.12,57.44,206.20,199.36,272.00,196.80,38.64,265.03,189.03,104.56,254.99,38.89,306.00,169.07,113.79,98.58,104.65,59.11,155.22,124.24,432.00,37.46,116.33,157.45,129.03,177.61,192.41,424.55,758.00,73.72,30.61,67.16,76.84,20.11,53.38,13.50,19.00,329.88,327.38,848.00,9.00,584.19,582.38,845.00,9.00,156.78,151.75,827.00,8.00,588.69,584.75,1571.00,12.00,33.65,31.19,182.00,5.00,1,주먹 쥐기 (Fist)
312.00,561.00,140.00,520.00,28.00,126.52,173.35,89.28,172.79,86.57,185.48,232.67,232.00,112.47,75.36,232.21,113.72,170.11,268.39,110.93,206.00,120.99,62.37,93.93,59.67,78.87,145.10,180.22,376.00,75.30,153.89,130.59,110.37,197.66,232.41,387.02,799.00,56.82,8.54,60.88,55.46,41.44,67.73,26.16,4.00,327.35,324.88,800.00,8.00,577.61,576.12,811.00,9.00,159.26,155.25,792.00,8.00,586.34,582.19,1557.00,11.00,31.91,29.75,179.00,6.00,1,주먹 쥐기 (Fist)
304.00,540.00,156.00,530.00,28.00,121.32,165.50,94.30,168.43,85.44,188.23,237.54,224.00,108.22,147.69,159.86,181.65,200.33,203.24,35.09,282.00,110.13,37.49,74.08,81.41,93.21,127.92,156.25,402.00,163.03,213.40,40.95,204.84,104.81,196.37,458.23,702.00,55.53,20.79,34.17,50.25,33.12,38.75,24.97,25.00,327.81,325.38,793.00,8.00,572.84,571.38,788.00,9.00,160.71,156.88,793.00,10.00,580.32,576.12,1491.00,10.00,29.40,27.94,146.00,5.00,1,주먹 쥐기 (Fist)
304.00,594.00,162.00,605.00,28.00,116.82,153.95,86.44,149.40,107.64,167.43,232.35,247.00,95.71,137.16,175.88,175.11,221.94,181.54,19.14,304.00,112.55,34.56,58.55,90.60,77.22,144.77,168.29,385.00,125.78,216.40,56.28,202.99,118.57,232.17,486.73,648.00,53.34,17.89,37.47,46.27,36.98,36.19,28.34,29.00,329.09,326.81,746.00,7.00,574.24,572.75,842.00,9.00,161.72,157.94,782.00,10.00,583.68,579.50,1512.00,10.00,29.62,28.19,136.00,5.00,1,주먹 쥐기 (Fist)
312.00,530.00,145.00,551.00,33.00,113.26,149.64,102.25,140.46,117.75,152.30,236.25,263.00,131.35,128.72,193.19,134.71,234.47,161.12,44.81,346.00,103.74,24.48,59.62,104.62,78.88,158.51,176.06,368.00,147.43,174.69,90.91,149.35,172.40,286.15,500.84,594.00,39.59,26.69,38.87,51.88,29.81,38.57,9.86,10.00,328.12,325.81,704.00,7.00,571.71,570.12,895.00,10.00,160.71,156.88,799.00,11.00,580.32,576.12,1533.00,10.00,30.55,29.38,124.00,5.00,1,주먹 쥐기 (Fist)
312.00,583.00,140.00,561.00,31.00,96.88,100.28,147.22,90.80,157.62,189.90,201.88,197.00,109.42,145.71,171.41,143.11,219.42,170.67,66.79,368.00,88.09,9.74,43.27,117.69,57.41,155.91,174.68,390.00,149.96,163.69,100.39,151.21,169.18,278.68,501.79,605.00,39.59,26.69,38.87,51.88,29.81,38.57,9.86,10.00,323.75,321.69,646.00,6.00,573.09,571.50,917.00,11.00,159.41,155.50,742.00,9.00,579.65,575.44,1454.00,9.00,30.55,29.38,111.00,4.00,1,주먹 쥐기 (Fist)
320.00,572.00,174.00,627.00,33.00,96.88,100.28,147.22,90.80,157.62,189.90,201.88,197.00,70.48,187.36,166.43,107.20,259.57,130.78,31.24,326.00,49.10,43.29,14.94,86.31,96.30,127.79,162.27,340.00,149.56,141.83,102.37,184.62,143.82,278.94,486.70,571.00,22.84,40.11,24.85,46.53,44.33,23.60,8.70,7.00,323.75,321.69,569.00,5.00,575.61,574.12,831.00,11.00,155.46,152.38,667.00,9.00,577.29,573.31,1329.00,9.00,31.39,30.44,103.00,4.00,1,주먹 쥐기 (Fist)
320.00,616.00,125.00,530.00,20.00,76.34,60.67,64.27,157.00,175.81,140.81,126.53,112.00,77.98,180.72,156.30,114.11,261.11,120.82,29.65,315.00,57.82,38.23,5.58,95.34,95.81,118.42,157.75,330.00,176.38,144.01,155.21,203.48,90.64,243.78,444.65,511.00,28.77,38.95,23.29,52.47,44.47,17.68,14.70,13.00,317.75,316.38,437.00,7.00,574.86,573.44,788.00,11.00,155.95,153.00,614.00,9.00,580.53,577.06,1164.00,9.00,31.11,30.06,114.00,5.00,1,주먹 쥐기 (Fist)
336.00,583.00,140.00,616.00,39.00,104.00,42.64,116.15,194.47,142.54,86.33,66.65,49.00,72.49,178.92,189.68,149.22,225.67,114.44,61.57,272.00,19.81,72.75,76.04,145.00,38.63,57.11,113.28,253.00,98.99,226.56,109.98,112.41,162.36,134.77,343.82,395.00,17.48,31.94,38.00,56.46,31.96,15.48,29.21,28.00,321.50,320.31,339.00,4.00,577.48,576.12,767.00,10.00,150.34,148.19,513.00,10.00,572.05,569.81,978.00,11.00,32.05,31.00,124.00,5.00,1,주먹 쥐기 (Fist)
328.00,510.00,217.00,605.00,26.00,55.85,84.71,132.00,157.78,83.55,28.21,8.20,10.00,76.59,242.07,223.18,129.31,158.60,184.99,145.50,188.00,100.42,119.21,116.94,119.57,77.62,139.28,91.37,137.00,224.09,89.84,54.80,85.28,293.56,44.42,203.89,250.00,20.14,38.24,34.88,50.09,25.93,21.99,35.29,35.00,317.37,316.62,233.00,5.00,572.44,570.88,776.00,8.00,157.82,155.44,493.00,8.00,580.42,578.88,822.00,8.00,31.64,30.56,132.00,5.00,1,주먹 쥐기 (Fist)
336.00,627.00,130.00,561.00,31.00,115.40,30.77,69.64,108.30,81.69,55.85,54.80,73.00,107.99,147.92,129.49,33.24,215.68,278.10,238.59,91.00,39.75,53.12,66.66,56.08,119.31,204.13,116.29,69.00,158.27,123.34,98.46,142.62,305.60,108.29,137.99,184.00,19.87,35.47,32.78,48.85,26.71,24.70,37.33,38.00,321.13,320.56,218.00,3.00,578.54,576.94,883.00,11.00,153.34,151.19,538.00,9.00,576.18,574.75,769.00,8.00,31.82,30.75,121.00,6.00,1,주먹 쥐기 (Fist)
336.00,594.00,145.00,583.00,45.00,155.00,54.28,73.26,83.24,41.72,21.90,23.51,33.00,179.06,131.84,146.13,88.96,151.75,247.23,183.11,165.00,36.80,49.59,73.79,62.48,122.66,198.75,113.79,80.00,206.75,134.31,63.48,132.00,266.62,154.43,93.55,131.00,44.36,38.48,11.36,22.47,6.69,33.36,39.57,5.00,323.58,323.06,145.00,2.00,582.97,581.56,820.00,10.00,152.66,150.50,547.00,11.00,579.38,578.06,649.00,8.00,33.61,32.81,108.00,6.00,1,주먹 쥐기 (Fist)
281.00,627.00,92.00,510.00,36.00,89.65,36.22,14.86,42.72,79.33,93.82,89.34,55.00,189.90,140.19,157.08,93.48,149.44,242.27,186.96,154.00,87.14,105.16,141.32,124.60,52.79,190.32,120.50,10.00,141.87,62.02,128.10,30.02,129.41,260.48,146.58,31.00,41.37,35.58,8.45,20.00,7.55,36.36,41.96,2.00,318.00,317.56,183.00,5.00,583.70,582.25,797.00,10.00,148.98,146.12,543.00,10.00,568.95,567.94,644.00,11.00,33.40,32.62,105.00,6.00,1,주먹 쥐기 (Fist)
288.00,561.00,145.00,616.00,39.00,101.68,97.40,69.56,28.30,50.23,51.73,27.10,9.00,112.31,31.88,162.56,198.71,47.48,142.40,216.75,43.00,47.16,69.50,138.94,142.56,49.11,166.52,127.01,30.00,133.33,68.68,129.59,37.80,140.27,265.68,168.14,53.00,30.39,25.88,9.51,16.00,17.78,29.36,30.42,14.00,313.95,313.56,142.00,4.00,576.33,575.31,721.00,10.00,151.06,148.62,515.00,9.00,570.41,569.31,717.00,11.00,32.38,31.88,88.00,5.00,1,주먹 쥐기 (Fist)
304.00,530.00,168.00,572.00,31.00,101.68,97.40,69.56,28.30,50.23,51.73,27.10,9.00,112.31,31.88,162.56,198.71,47.48,142.40,216.75,43.00,64.41,75.15,121.91,128.06,67.08,149.11,127.00,48.00,126.37,79.19,140.30,47.01,129.50,271.18,157.39,42.00,30.39,25.88,9.51,16.00,17.78,29.36,30.42,14.00,313.95,313.56,158.00,4.00,576.33,575.31,677.00,9.00,149.74,147.50,482.00,9.00,571.10,570.00,761.00,11.00,32.38,31.88,96.00,6.00,1,주먹 쥐기 (Fist)
304.00,551.00,180.00,594.00,12.00,101.68,97.40,69.56,28.30,50.23,51.73,27.10,9.00,139.21,74.06,189.56,146.45,73.38,120.47,209.75,11.00,38.54,103.56,160.12,104.40,99.52,108.42,120.87,98.00,99.24,109.21,161.58,42.20,139.34,239.29,185.37,75.00,30.81,41.30,21.16,24.84,19.56,47.12,15.77,33.00,313.95,313.56,142.00,3.00,572.94,571.94,665.00,7.00,152.94,150.62,473.00,8.00,573.18,572.06,772.00,11.00,31.58,30.69,115.00,6.00,1,주먹 쥐기 (Fist)
396.00,605.00,120.00,520.00,39.00,27.80,165.58,139.09,65.55,70.88,124.29,81.67,85.00,110.96,45.33,208.10,159.30,103.83,140.92,199.37,44.00,40.32,72.59,169.05,134.39,96.32,111.52,115.21,129.00,149.69,99.76,187.88,93.54,110.16,195.51,221.39,127.00,26.17,33.77,23.16,30.61,16.70,54.27,16.49,41.00,319.32,318.31,226.00,3.00,575.05,574.00,708.00,9.00,151.21,148.69,522.00,8.00,570.07,568.81,794.00,10.00,32.13,31.19,139.00,7.00,1,주먹 쥐기 (Fist)
281.00,583.00,180.00,684.00,28.00,53.58,138.22,139.24,82.13,68.39,143.96,112.64,116.00,89.64,48.10,229.37,140.36,104.76,118.92,213.16,22.00,54.97,103.74,129.05,148.53,62.73,147.18,104.43,169.00,33.56,110.18,51.66,179.90,53.89,236.05,328.96,291.00,26.17,33.77,23.16,30.61,16.70,54.27,16.49,41.00,317.52,316.38,333.00,4.00,576.42,575.38,709.00,9.00,153.83,151.19,566.00,8.00,580.80,579.06,948.00,13.00,32.13,31.19,150.00,8.00,1,주먹 쥐기 (Fist)
352.00,561.00,145.00,551.00,26.00,39.59,156.97,93.98,56.52,36.66,151.22,157.51,164.00,68.82,67.78,233.38,130.19,84.54,134.92,194.56,43.00,45.19,101.70,133.80,138.92,53.04,157.45,99.77,180.00,51.92,115.20,68.67,191.60,49.02,215.40,318.84,270.00,28.09,33.08,22.53,32.20,17.96,55.14,14.71,39.00,320.60,319.38,404.00,5.00,577.67,576.69,677.00,9.00,153.16,150.50,595.00,9.00,582.02,580.38,1006.00,13.00,32.02,31.06,152.00,8.00,1,주먹 쥐기 (Fist)
336.00,605.00,145.00,605.00,36.00,64.36,152.63,74.20,87.97,68.58,168.25,134.55,132.00,59.67,77.67,224.58,140.24,91.99,133.91,205.49,32.00,28.45,112.81,123.61,148.22,53.28,151.15,112.38,163.00,51.92,115.20,68.67,191.60,49.02,215.40,318.84,270.00,20.18,40.41,17.00,28.23,16.15,62.78,6.83,31.00,322.59,321.38,412.00,5.00,578.38,577.38,657.00,9.00,152.09,149.44,578.00,8.00,582.02,580.38,1006.00,13.00,32.52,31.56,157.00,8.00,1,주먹 쥐기 (Fist)
320.00,561.00,168.00,605.00,31.00,72.32,146.89,79.43,89.50,65.55,160.34,137.34,140.00,51.19,93.33,198.28,155.04,107.63,115.46,175.95,63.00,51.26,89.82,146.23,130.30,36.07,162.63,134.58,140.00,103.94,66.49,75.91,165.28,95.76,211.85,339.28,216.00,21.89,38.59,18.96,26.40,14.34,64.54,4.86,29.00,323.08,321.88,428.00,6.00,580.21,579.31,648.00,9.00,153.56,150.88,596.00,9.00,585.36,583.75,996.00,11.00,32.40,31.44,160.00,9.00,1,주먹 쥐기 (Fist)
320.00,605.00,135.00,594.00,28.00,80.01,138.89,86.97,81.74,59.80,166.84,137.65,132.00,63.08,93.61,203.90,137.28,86.59,136.88,192.95,41.00,46.90,93.48,145.19,127.02,31.26,167.53,139.52,135.00,132.74,34.62,61.04,196.39,100.23,188.40,315.11,249.00,23.85,37.67,19.79,25.30,16.71,63.72,7.53,32.00,323.57,322.38,420.00,6.00,581.61,580.69,681.00,9.00,153.28,150.56,595.00,9.00,587.39,585.81,941.00,10.00,32.23,31.25,161.00,9.00,1,주먹 쥐기 (Fist)
352.00,594.00,151.00,572.00,31.00,107.19,118.32,94.65,79.76,90.43,164.26,126.71,164.00,83.43,82.09,225.83,124.68,90.62,119.00,182.86,63.00,37.96,97.48,164.84,110.45,40.45,148.99,120.36,158.00,104.30,76.00,115.69,187.07,155.08,133.52,265.09,304.00,24.63,38.69,18.37,27.20,17.23,62.73,6.24,30.00,325.64,324.38,452.00,7.00,582.99,582.06,648.00,8.00,151.75,149.12,562.00,9.00,583.87,582.38,866.00,12.00,32.10,31.12,151.00,8.00,1,주먹 쥐기 (Fist)
273.00,530.00,130.00,520.00,28.00,84.60,118.92,131.69,33.84,108.19,200.70,106.28,211.00,5.41,165.60,202.30,67.36,60.55,138.84,199.64,149.00,36.99,99.95,160.95,106.79,38.37,148.53,117.86,163.00,105.40,80.04,120.59,197.06,150.98,141.27,275.06,294.00,25.53,30.95,26.01,26.00,25.22,55.08,9.16,22.00,322.96,321.44,515.00,7.00,577.68,576.69,679.00,9.00,152.01,149.44,568.00,10.00,583.31,581.75,832.00,11.00,32.47,31.62,135.00,7.00,1,주먹 쥐기 (Fist)
312.00,561.00,180.00,649.00,28.00,90.72,107.79,151.69,47.42,122.97,177.14,122.32,187.00,26.50,183.98,222.14,46.96,78.98,117.55,184.38,127.00,38.62,139.06,176.79,84.17,78.37,126.14,128.64,123.00,92.53,95.47,142.54,198.98,175.88,148.99,306.58,261.00,20.67,40.95,26.77,15.00,31.52,45.53,19.87,11.00,321.45,319.94,546.00,5.00,576.32,575.31,637.00,8.00,154.62,151.94,541.00,8.00,585.54,583.81,950.00,10.00,31.76,30.94,122.00,5.00,1,주먹 쥐기 (Fist)
352.00,616.00,151.00,594.00,24.00,75.77,130.23,157.03,35.90,145.75,165.18,144.95,163.00,80.75,189.48,161.94,94.81,174.56,57.28,100.52,21.00,69.57,92.87,111.56,35.74,120.67,66.71,146.55,57.00,99.44,84.59,132.60,188.10,185.48,144.65,315.23,250.00,19.57,41.80,28.76,15.13,32.38,45.99,17.93,13.00,323.03,321.44,578.00,8.00,582.75,581.94,575.00,8.00,149.63,147.81,483.00,9.00,584.84,583.12,961.00,9.00,31.66,30.81,121.00,4.00,1,주먹 쥐기 (Fist)
328.00,561.00,135.00,583.00,33.00,82.39,123.11,149.07,28.16,146.75,167.91,152.93,155.00,26.68,133.11,122.00,137.44,192.89,115.25,55.63,45.00,64.66,91.81,112.66,40.52,119.54,61.77,147.17,52.00,80.26,103.20,132.96,186.10,184.50,124.83,326.77,228.00,21.21,42.48,27.86,13.15,34.37,45.00,16.39,15.00,322.52,320.94,602.00,8.00,578.53,577.81,597.00,9.00,149.91,148.12,484.00,10.00,586.18,584.50,950.00,10.00,31.78,30.94,116.00,5.00,1,주먹 쥐기 (Fist)
320.00,649.00,130.00,672.00,45.00,98.19,119.37,142.23,28.16,160.64,153.40,138.85,171.00,61.91,187.83,176.95,112.09,161.63,166.53,43.51,100.00,79.43,104.54,125.04,46.87,104.84,54.45,144.18,37.00,17.73,153.91,68.82,97.19,268.53,211.50,322.17,317.00,21.21,42.48,27.86,13.15,34.37,45.00,16.39,15.00,321.50,319.94,555.00,5.00,582.22,581.25,652.00,10.00,149.05,147.19,436.00,10.00,592.10,590.06,966.00,11.00,31.78,30.94,119.00,5.00,1,주먹 쥐기 (Fist)
344.00,616.00,145.00,605.00,36.00,40.15,97.71,107.28,36.88,213.22,95.96,112.21,234.00,55.16,180.94,173.44,101.53,150.67,171.89,44.86,111.00,44.14,55.25,87.21,29.53,86.48,89.33,125.31,16.00,100.24,187.66,26.29,140.04,222.50,175.31,290.88,222.00,21.21,42.48,27.86,13.15,34.37,45.00,16.39,15.00,325.30,323.88,572.00,9.00,581.48,580.56,619.00,9.00,151.66,150.50,398.00,10.00,597.67,596.00,927.00,8.00,31.78,30.94,125.00,5.00,1,주먹 쥐기 (Fist)
288.00,551.00,130.00,540.00,31.00,40.15,97.71,107.28,36.88,213.22,95.96,112.21,234.00,54.15,182.52,181.28,99.04,154.01,174.62,47.36,101.00,45.84,60.86,80.01,17.80,100.09,104.10,117.97,31.00,54.48,214.12,68.24,103.16,284.10,228.75,257.38,146.00,15.26,39.93,28.64,16.40,27.47,43.40,20.50,23.00,325.30,323.88,612.00,10.00,580.88,579.94,653.00,10.00,150.81,149.56,390.00,9.00,593.06,591.25,948.00,10.00,31.23,30.44,122.00,5.00,1,주먹 쥐기 (Fist)
304.00,561.00,145.00,551.00,28.00,40.15,97.71,107.28,36.88,213.22,95.96,112.21,234.00,51.35,157.89,155.25,68.96,133.36,202.60,72.15,70.00,48.88,58.72,57.02,38.60,85.22,92.54,136.10,8.00,62.77,234.49,83.89,123.79,267.49,207.92,271.69,167.00,14.70,41.59,31.61,18.87,27.02,41.59,17.86,20.00,325.30,323.88,628.00,10.00,582.70,581.88,642.00,10.00,149.31,148.12,393.00,9.00,591.81,589.94,937.00,9.00,31.05,30.25,106.00,4.00,1,주먹 쥐기 (Fist)
328.00,561.00,174.00,616.00,24.00,51.56,83.73,124.91,39.40,229.11,72.89,93.17,210.00,50.50,147.92,157.86,66.75,143.06,193.33,62.22,80.00,49.12,55.12,55.22,40.72,82.12,90.59,130.24,14.00,46.52,216.05,91.83,122.00,274.59,195.34,292.09,189.00,15.94,29.83,27.53,27.20,15.91,29.83,6.23,8.00,326.76,325.38,560.00,10.00,583.30,582.50,588.00,9.00,148.86,147.75,362.00,9.00,593.22,591.31,928.00,9.00,31.48,31.00,83.00,3.00,1,주먹 쥐기 (Fist)
336.00,572.00,140.00,594.00,33.00,26.90,88.75,77.76,28.84,212.16,32.98,41.57,150.00,69.80,171.16,125.06,34.48,151.78,183.28,31.61,113.00,58.11,74.87,41.04,59.48,62.31,73.48,110.57,34.00,39.76,215.41,165.66,196.00,200.62,193.01,218.11,115.00,16.44,35.09,22.60,24.17,11.78,24.91,0.30,2.00,322.53,321.62,453.00,9.00,581.21,580.44,577.00,9.00,149.95,149.00,336.00,9.00,597.54,595.94,786.00,9.00,31.05,30.62,81.00,3.00,1,주먹 쥐기 (Fist)
352.00,638.00,145.00,627.00,36.00,72.08,131.42,77.01,60.01,144.19,94.21,37.83,79.00,25.89,176.24,159.54,72.90,118.48,217.56,44.38,168.00,33.70,51.53,75.52,59.77,63.99,39.48,83.76,69.00,48.07,172.30,156.05,204.40,184.37,166.23,167.76,58.00,13.14,33.40,29.86,17.20,17.55,25.31,7.72,6.00,326.85,326.06,398.00,8.00,584.81,583.88,621.00,9.00,147.56,146.81,306.00,8.00,593.62,592.38,686.00,7.00,31.56,31.12,82.00,5.00,1,주먹 쥐기 (Fist)
312.00,540.00,192.00,594.00,14.00,32.09,91.70,107.48,57.28,120.54,130.76,70.41,39.00,43.65,158.55,168.04,84.50,97.56,238.56,65.04,189.00,75.49,59.11,77.78,20.59,110.93,46.16,80.56,116.00,17.29,215.28,117.29,163.62,222.42,128.70,147.18,15.00,21.97,27.39,31.95,26.08,28.33,35.97,19.33,18.00,324.31,323.56,422.00,9.00,583.57,582.56,675.00,9.00,150.88,149.75,353.00,9.00,596.21,595.06,665.00,9.00,31.08,30.38,94.00,3.00,1,주먹 쥐기 (Fist)
378.00,572.00,162.00,572.00,16.00,72.45,121.62,76.72,20.62,150.37,153.24,103.71,3.00,76.64,126.24,200.95,111.89,111.61,216.28,33.96,156.00,92.44,58.08,94.77,36.40,104.97,29.26,72.07,99.00,44.02,192.74,144.83,155.03,247.78,96.57,151.41,18.00,41.86,12.66,51.95,22.80,33.97,19.07,10.71,2.00,327.18,326.19,472.00,9.00,581.49,580.50,663.00,8.00,151.95,150.81,360.00,8.00,594.17,593.00,687.00,7.00,30.02,29.12,91.00,3.00,1,주먹 쥐기 (Fist)
361.00,594.00,145.00,661.00,57.00,109.13,133.58,103.60,58.46,116.09,162.53,85.04,38.00,47.58,146.36,193.00,131.05,96.89,221.98,28.32,123.00,72.62,74.99,87.90,37.34,123.76,17.57,57.52,76.00,12.16,195.58,161.64,210.49,239.68,84.28,189.88,74.00,19.01,37.98,47.93,48.37,59.70,32.52,34.08,28.00,329.84,328.75,489.00,9.00,583.53,582.56,641.00,8.00,150.47,149.38,344.00,8.00,597.89,596.50,765.00,9.00,32.31,30.75,129.00,4.00,1,주먹 쥐기 (Fist)
288.00,594.00,120.00,530.00,31.00,88.80,147.34,76.74,60.08,128.63,192.06,94.53,70.00,54.06,147.18,183.73,123.04,85.93,231.50,37.00,112.00,65.76,89.85,100.83,51.66,111.88,13.03,70.13,91.00,52.28,237.26,98.00,227.16,181.27,139.75,251.63,138.00,18.00,40.40,50.82,48.84,58.93,29.56,31.12,25.00,327.99,326.75,530.00,9.00,582.83,581.88,630.00,8.00,149.67,148.44,353.00,7.00,594.12,592.50,874.00,8.00,32.48,30.94,152.00,4.00,1,주먹 쥐기 (Fist)
312.00,530.00,174.00,540.00,31.00,91.28,186.43,96.04,98.84,89.10,156.46,69.30,30.00,95.98,201.19,135.45,174.27,128.70,170.71,28.24,176.00,69.31,77.91,84.29,61.61,120.77,19.46,93.00,114.00,83.15,269.24,95.07,256.91,206.95,110.85,220.11,106.00,18.00,40.40,50.82,48.84,58.93,29.56,31.12,25.00,325.45,324.25,475.00,8.00,578.96,577.88,630.00,8.00,151.22,149.88,386.00,7.00,592.24,590.50,832.00,8.00,32.48,30.94,149.00,4.00,1,주먹 쥐기 (Fist)
288.00,572.00,130.00,561.00,26.00,82.72,174.22,81.85,102.79,87.25,153.34,58.67,15.00,79.54,161.72,122.42,157.56,125.49,158.60,67.06,218.00,69.31,77.91,84.29,61.61,120.77,19.46,93.00,114.00,54.55,242.89,57.55,273.83,202.88,106.93,187.13,65.00,17.09,41.58,51.84,49.24,57.24,29.28,32.31,27.00,326.26,325.19,460.00,8.00,581.45,580.50,641.00,8.00,151.22,149.88,380.00,7.00,594.58,593.06,724.00,7.00,32.38,30.81,154.00,5.00,1,주먹 쥐기 (Fist)
344.00,638.00,130.00,672.00,61.00,60.25,172.66,86.90,133.41,59.70,137.14,88.33,47.00,122.39,150.04,50.89,232.40,196.96,130.15,46.21,141.00,101.99,38.32,34.62,99.48,116.33,63.09,63.34,64.00,56.25,247.39,41.39,294.27,224.30,90.40,198.79,88.00,46.91,9.94,19.97,81.74,70.92,21.00,52.03,60.00,328.26,327.19,476.00,8.00,586.39,585.31,652.00,8.00,147.98,146.75,351.00,7.00,596.17,594.50,780.00,9.00,35.10,32.88,185.00,7.00,1,주먹 쥐기 (Fist)
328.00,605.00,162.00,594.00,24.00,81.45,155.81,62.94,141.44,40.67,114.92,112.26,71.00,111.91,141.70,60.40,230.52,204.17,121.73,55.36,130.00,91.41,49.14,38.47,94.43,126.97,72.80,64.81,53.00,56.25,247.39,41.39,294.27,224.30,90.40,198.79,88.00,46.91,9.94,19.97,81.74,70.92,21.00,52.03,60.00,326.70,325.69,468.00,8.00,585.68,584.62,630.00,7.00,148.71,147.44,367.00,7.00,596.17,594.50,847.00,10.00,35.10,32.88,213.00,7.00,1,주먹 쥐기 (Fist)
312.00,583.00,145.00,627.00,28.00,97.44,139.84,57.65,156.17,37.05,130.01,98.17,55.00,133.86,163.67,66.03,208.79,195.73,99.77,77.20,108.00,81.46,57.54,33.09,103.62,121.28,70.16,59.63,63.00,97.12,290.29,85.01,255.54,209.74,64.12,194.74,132.00,42.68,13.43,15.39,86.70,70.43,25.49,51.55,55.00,325.72,324.69,476.00,8.00,587.02,586.00,564.00,7.00,149.30,148.06,379.00,8.00,598.95,597.25,791.00,10.00,34.83,32.56,205.00,7.00,1,주먹 쥐기 (Fist)
361.00,594.00,162.00,616.00,22.00,61.16,172.84,33.26,175.57,14.92,152.95,80.36,14.00,87.73,132.84,11.19,224.40,140.83,76.08,130.83,53.00,55.68,72.71,2.03,119.40,106.34,58.82,86.53,31.00,41.90,263.83,86.81,232.11,154.64,100.19,181.98,188.00,35.55,28.08,15.07,92.48,50.79,9.34,48.84,78.00,328.39,327.25,501.00,8.00,583.37,582.56,542.00,6.00,151.24,150.06,381.00,9.00,595.18,593.75,735.00,6.00,33.42,31.12,202.00,7.00,1,주먹 쥐기 (Fist)
369.00,561.00,204.00,638.00,24.00,52.48,180.06,9.99,196.73,36.67,156.84,80.18,39.00,80.82,160.39,53.84,175.28,172.58,61.30,89.32,108.00,63.91,89.67,60.23,80.06,165.31,111.30,27.98,90.00,71.06,253.30,53.84,263.60,138.67,132.90,169.45,221.00,41.48,33.56,26.39,81.44,61.48,9.25,53.40,66.00,330.08,328.81,453.00,7.00,579.89,579.12,510.00,6.00,155.44,153.75,408.00,9.00,597.33,595.81,692.00,9.00,32.74,30.38,199.00,6.00,1,주먹 쥐기 (Fist)
344.00,605.00,115.00,540.00,31.00,85.84,165.03,47.35,175.35,42.80,112.96,108.30,17.00,67.04,106.84,50.43,207.97,158.12,52.29,90.78,162.00,51.66,93.17,55.82,93.62,171.92,124.97,13.47,105.00,71.06,253.30,53.84,263.60,138.67,132.90,169.45,221.00,41.48,33.56,26.39,81.44,61.48,9.25,53.40,66.00,333.42,332.31,462.00,7.00,583.24,582.50,544.00,7.00,154.70,152.81,482.00,10.00,597.33,595.81,779.00,10.00,32.74,30.38,203.00,7.00,1,주먹 쥐기 (Fist)
328.00,530.00,211.00,616.00,36.00,109.30,147.05,62.35,152.20,23.89,136.95,86.81,7.00,81.05,133.17,19.80,231.46,128.65,47.99,113.69,193.00,116.34,45.54,35.32,134.18,140.01,161.81,57.03,171.00,114.27,191.30,108.74,202.04,200.46,140.99,115.96,286.00,33.58,40.26,33.53,74.24,69.02,16.22,45.79,74.00,334.83,333.81,454.00,8.00,581.43,580.56,619.00,8.00,159.37,156.94,549.00,10.00,601.28,599.88,790.00,10.00,33.22,30.88,204.00,7.00,1,주먹 쥐기 (Fist)
296.00,627.00,120.00,530.00,18.00,78.24,179.05,79.05,146.41,48.76,161.59,55.21,39.00,41.13,130.34,71.58,197.62,97.02,55.22,178.39,259.00,65.64,97.56,79.78,107.86,86.32,169.98,110.30,225.00,98.83,240.42,78.88,188.38,228.29,131.33,46.36,372.00,39.45,34.50,29.51,77.18,73.08,21.85,39.80,80.00,332.97,331.81,478.00,7.00,585.63,584.69,705.00,11.00,156.23,153.56,606.00,10.00,596.14,594.50,854.00,10.00,32.98,30.50,213.00,7.00,1,주먹 쥐기 (Fist)
352.00,583.00,168.00,594.00,24.00,91.23,168.20,64.19,162.37,61.50,164.89,39.63,55.00,37.25,139.70,73.66,207.79,88.24,56.42,167.71,248.00,86.46,76.15,63.74,81.54,76.09,159.16,135.43,253.00,98.83,240.42,78.88,188.38,228.29,131.33,46.36,372.00,47.23,31.41,34.84,69.63,77.07,19.38,48.05,71.00,334.00,332.81,518.00,8.00,586.30,585.38,683.00,11.00,157.94,155.31,649.00,11.00,596.14,594.50,885.00,9.00,32.49,29.94,216.00,7.00,1,주먹 쥐기 (Fist)
312.00,540.00,151.00,561.00,36.00,75.85,169.94,74.57,169.84,67.31,148.73,25.93,95.00,123.37,51.17,162.67,194.14,46.58,148.46,106.86,150.00,89.79,76.54,67.93,79.38,71.22,164.53,131.33,247.00,159.07,198.09,130.01,195.60,165.64,68.25,24.78,438.00,47.23,31.41,34.84,69.63,77.07,19.38,48.05,71.00,331.50,330.31,518.00,8.00,580.12,579.25,628.00,8.00,158.29,155.69,619.00,11.00,592.02,590.38,885.00,9.00,32.49,29.94,206.00,7.00,1,주먹 쥐기 (Fist)
281.00,530.00,162.00,572.00,20.00,88.29,153.91,61.23,199.62,90.91,176.69,23.49,64.00,133.28,51.86,169.08,204.08,36.60,140.18,106.86,160.00,88.08,56.48,42.17,51.97,47.80,193.13,124.47,217.00,181.03,176.63,129.45,216.83,167.42,89.13,21.00,416.00,45.77,25.58,35.10,64.82,75.66,13.39,45.96,77.00,329.77,328.38,483.00,7.00,579.54,578.62,606.00,8.00,156.18,153.81,600.00,12.00,590.66,589.00,874.00,8.00,32.69,30.31,220.00,8.00,1,주먹 쥐기 (Fist)
352.00,638.00,101.00,605.00,68.00,110.76,129.55,35.84,194.61,70.83,152.83,30.96,90.00,83.09,38.41,206.96,220.86,64.72,144.45,104.86,226.00,129.17,14.55,84.00,57.01,58.44,172.23,122.66,278.00,152.02,205.52,159.78,227.31,140.14,109.03,49.60,383.00,76.08,32.30,86.37,52.39,43.49,62.86,65.91,25.00,327.96,326.75,537.00,8.00,583.83,582.75,692.00,8.00,152.94,150.00,644.00,10.00,592.71,591.06,818.00,8.00,36.63,33.56,227.00,8.00,1,주먹 쥐기 (Fist)
259.00,561.00,180.00,684.00,24.00,212.62,52.87,84.22,94.37,98.60,210.43,75.17,12.00,96.47,53.48,176.41,190.97,93.68,174.27,106.59,259.00,95.61,42.30,60.87,36.40,54.18,194.10,121.65,313.00,139.67,213.89,176.33,248.71,160.54,111.68,26.71,406.00,44.67,12.49,76.30,21.63,11.76,86.86,84.69,8.00,321.88,320.38,557.00,8.00,581.79,580.69,769.00,9.00,155.25,152.19,698.00,13.00,594.34,592.50,766.00,7.00,34.27,31.50,245.00,8.00,1,주먹 쥐기 (Fist)
369.00,627.00,115.00,510.00,22.00,139.55,75.20,67.49,106.85,105.51,227.93,149.89,93.00,95.95,20.49,178.53,178.37,98.87,205.22,105.64,292.00,100.60,37.88,57.96,31.62,50.10,199.10,120.37,318.00,143.17,221.77,183.76,256.39,160.71,128.99,13.83,426.00,35.67,20.74,84.30,27.66,19.75,85.79,81.75,1.00,327.01,325.44,643.00,9.00,583.95,582.75,771.00,9.00,155.01,151.88,709.00,13.00,593.25,591.25,930.00,8.00,33.83,30.94,247.00,9.00,1,주먹 쥐기 (Fist)
336.00,540.00,168.00,594.00,31.00,127.12,81.16,91.48,87.32,122.25,238.08,131.86,69.00,101.53,14.94,170.09,168.87,106.60,200.98,108.69,282.00,106.04,36.73,52.08,30.27,55.36,194.75,124.01,312.00,160.27,171.77,129.82,208.54,114.98,181.27,57.96,480.00,35.67,20.74,84.30,27.66,19.75,85.79,81.75,1.00,328.49,326.94,652.00,9.00,584.52,583.38,816.00,12.00,154.60,151.50,718.00,13.00,596.46,594.62,993.00,8.00,33.83,30.94,251.00,9.00,1,주먹 쥐기 (Fist)
304.00,551.00,186.00,661.00,31.00,126.96,76.55,98.88,78.03,108.08,222.86,138.86,85.00,84.28,19.68,187.82,163.37,125.25,209.48,123.92,261.00,78.96,43.83,82.87,26.31,75.36,201.78,175.05,256.00,245.74,84.51,135.10,273.66,208.26,152.39,43.66,380.00,39.44,19.78,86.08,31.62,24.39,80.80,79.45,4.00,329.39,327.94,628.00,9.00,583.26,582.06,761.00,9.00,158.13,155.00,736.00,13.00,602.83,600.88,949.00,8.00,34.10,31.25,216.00,7.00,1,주먹 쥐기 (Fist)
378.00,696.00,110.00,616.00,42.00,144.91,51.92,83.68,108.63,109.22,253.75,139.20,51.00,140.92,60.58,204.26,220.48,135.62,265.13,180.06,203.00,77.92,46.87,90.37,35.38,69.47,219.36,195.04,236.00,189.79,103.01,79.19,240.79,222.22,196.39,99.24,324.00,34.56,16.12,67.08,26.02,39.70,67.60,66.50,23.00,331.71,330.06,686.00,9.00,587.39,585.69,873.00,12.00,157.18,153.75,780.00,13.00,599.08,597.38,916.00,7.00,32.25,30.06,190.00,7.00,1,주먹 쥐기 (Fist)
352.00,696.00,92.00,605.00,76.00,166.18,28.64,59.86,119.57,129.93,245.78,128.86,75.00,230.51,147.84,295.22,225.58,209.92,192.37,92.09,294.00,87.05,114.45,160.19,98.95,138.56,154.20,134.57,306.00,200.17,105.49,83.30,231.40,214.45,207.16,109.14,313.00,50.23,60.15,99.48,26.02,62.80,89.87,33.95,75.00,333.24,331.56,696.00,9.00,593.65,591.38,851.00,11.00,153.60,149.38,781.00,10.00,599.77,598.06,894.00,6.00,36.95,33.31,220.00,7.00,1,주먹 쥐기 (Fist)
238.00,510.00,180.00,583.00,22.00,92.37,100.53,116.64,186.34,192.62,288.26,94.85,149.00,171.55,122.14,277.37,296.72,269.82,205.04,63.55,367.00,88.47,88.31,152.19,112.68,158.53,146.45,120.68,341.00,169.60,70.34,117.39,257.50,174.23,234.31,142.81,269.00,47.70,55.08,101.30,26.48,61.36,95.86,31.22,81.00,329.40,326.94,761.00,9.00,589.44,586.81,1026.00,11.00,155.90,151.56,852.00,12.00,596.99,595.31,905.00,7.00,36.69,32.94,268.00,8.00,1,주먹 쥐기 (Fist)
344.00,605.00,130.00,561.00,24.00,76.27,111.77,116.80,192.84,194.30,271.29,104.68,132.00,176.43,115.41,267.85,294.77,268.57,215.08,69.39,378.00,74.17,91.93,125.29,87.05,146.61,168.36,128.33,373.00,162.87,15.45,165.21,218.56,178.83,243.03,121.45,324.00,47.71,55.50,99.30,24.52,59.40,97.35,29.84,83.00,328.27,325.88,859.00,10.00,590.14,587.50,1088.00,11.00,154.02,149.56,860.00,11.00,593.59,591.88,905.00,9.00,36.77,33.06,268.00,8.00,1,주먹 쥐기 (Fist)
336.00,561.00,192.00,720.00,39.00,56.83,116.39,88.74,163.48,162.53,296.96,77.22,165.00,176.43,115.41,267.85,294.77,268.57,215.08,69.39,378.00,67.37,86.86,115.16,95.59,158.55,156.38,120.40,361.00,148.16,94.76,186.95,286.15,122.60,317.02,159.18,406.00,44.61,49.25,93.74,31.24,68.96,97.48,43.86,68.00,326.04,323.81,842.00,10.00,590.14,587.50,1088.00,11.00,153.05,148.81,833.00,11.00,599.42,597.00,966.00,7.00,37.57,34.00,276.00,9.00,1,주먹 쥐기 (Fist)
352.00,616.00,120.00,561.00,31.00,57.53,120.45,95.72,167.59,157.54,298.20,69.63,173.00,173.52,106.66,270.80,296.72,261.69,219.70,80.27,389.00,71.43,91.47,114.27,92.31,160.98,153.04,116.02,356.00,143.28,109.29,207.87,276.41,143.42,297.79,140.60,385.00,44.61,49.25,93.74,31.24,68.96,97.48,43.86,68.00,326.58,324.31,842.00,10.00,590.85,588.19,1068.00,11.00,153.29,149.12,809.00,11.00,600.63,598.31,1049.00,7.00,37.57,34.00,279.00,9.00,1,주먹 쥐기 (Fist)
352.00,649.00,135.00,638.00,48.00,56.95,143.94,96.40,147.80,147.01,312.70,93.60,149.00,141.25,151.38,389.37,181.52,227.60,281.66,46.15,270.00,16.29,36.29,189.02,59.21,129.51,175.43,41.60,280.00,132.98,112.56,215.54,256.77,139.13,306.20,162.45,407.00,36.65,37.93,104.54,25.30,56.96,109.44,54.75,56.00,328.13,325.81,810.00,9.00,598.22,595.62,1004.00,10.00,147.83,144.38,733.00,10.00,602.06,599.69,1040.00,7.00,38.40,34.75,278.00,9.00,1,주먹 쥐기 (Fist)
304.00,551.00,180.00,583.00,14.00,55.87,150.62,89.66,143.13,155.01,304.75,86.40,157.00,177.55,75.39,361.83,218.04,158.22,357.60,122.08,194.00,62.23,51.30,166.70,119.10,72.17,233.80,18.57,220.00,101.49,96.74,182.48,285.41,96.49,328.62,112.55,354.00,40.07,39.65,104.75,29.12,55.58,112.09,57.66,52.00,328.59,326.31,802.00,9.00,593.53,590.88,1058.00,10.00,151.59,148.12,730.00,10.00,605.11,603.00,1031.00,8.00,38.29,34.50,306.00,10.00,1,주먹 쥐기 (Fist)
336.00,594.00,140.00,649.00,33.00,64.55,148.00,103.37,130.25,161.94,292.45,76.98,173.00,167.87,83.40,353.26,226.81,149.74,365.72,132.41,183.00,34.64,54.93,144.67,121.20,55.71,257.63,46.13,192.00,71.22,67.08,128.63,330.84,148.79,276.08,155.69,409.00,31.16,43.13,96.25,32.76,62.69,112.01,62.10,43.00,327.54,325.31,794.00,9.00,594.21,591.56,1058.00,11.00,149.80,146.38,753.00,11.00,608.64,606.44,1064.00,9.00,38.71,35.06,313.00,9.00,1,주먹 쥐기 (Fist)
378.00,649.00,120.00,605.00,61.00,32.09,118.61,128.47,178.92,130.64,295.00,93.32,239.00,60.97,142.27,262.26,304.20,154.93,375.74,88.96,292.00,20.44,84.38,117.62,151.75,41.64,251.39,24.19,223.00,55.49,36.82,129.68,310.10,149.09,316.16,134.65,365.00,8.98,67.46,81.43,55.66,43.62,130.40,62.49,68.00,331.86,329.44,805.00,9.00,600.99,598.38,1103.00,11.00,148.04,144.44,762.00,11.00,611.26,609.19,1097.00,10.00,40.62,36.62,325.00,9.00,1,주먹 쥐기 (Fist)
266.00,616.00,120.00,594.00,31.00,36.77,131.55,114.00,187.88,115.74,307.21,106.32,254.00,25.45,177.66,298.92,261.64,223.41,305.60,88.57,206.00,55.28,122.45,131.75,151.20,83.07,228.69,48.59,181.00,51.01,18.69,151.31,290.24,127.81,308.47,135.72,387.00,12.44,76.79,88.62,53.34,39.76,119.47,56.91,57.00,331.09,328.50,846.00,9.00,606.09,603.75,1028.00,10.00,145.52,141.81,701.00,10.00,612.57,610.56,1075.00,10.00,41.05,37.31,307.00,9.00,1,주먹 쥐기 (Fist)
344.00,605.00,130.00,627.00,61.00,43.37,139.25,113.41,194.20,119.90,299.34,98.36,246.00,10.23,184.73,266.54,292.55,250.38,272.76,97.83,173.00,26.42,113.51,102.96,180.01,100.45,201.07,70.16,152.00,47.26,3.85,164.10,300.67,142.54,299.32,143.02,365.00,6.51,75.25,82.13,60.30,32.87,115.28,51.89,50.00,330.56,328.00,831.00,9.00,603.97,601.69,962.00,9.00,146.95,143.62,632.00,9.00,613.95,611.94,1029.00,10.00,40.35,36.88,293.00,9.00,1,주먹 쥐기 (Fist)
304.00,661.00,125.00,616.00,48.00,6.97,123.38,74.94,224.21,101.40,276.41,56.78,201.00,90.09,106.65,301.65,339.09,252.16,223.49,143.91,73.00,78.87,94.58,128.50,182.58,93.11,153.56,110.87,97.00,94.78,66.99,205.65,244.26,132.83,237.82,197.72,297.00,30.09,64.57,85.43,67.08,27.97,121.58,31.59,26.00,332.95,330.81,761.00,9.00,610.26,607.94,952.00,8.00,143.34,140.19,572.00,8.00,609.44,607.69,866.00,9.00,41.67,38.38,304.00,9.00,1,주먹 쥐기 (Fist)
288.00,583.00,130.00,551.00,33.00,81.85,103.16,151.25,178.10,25.24,311.48,64.71,120.00,53.02,150.32,330.41,304.36,217.58,246.07,167.19,29.00,66.68,106.52,136.25,167.90,80.70,151.69,120.29,82.00,54.12,45.56,168.72,221.28,98.85,198.84,238.42,256.00,40.71,55.08,77.13,77.08,17.27,111.64,42.10,37.00,327.91,325.75,744.00,9.00,607.53,605.19,943.00,8.00,144.13,141.12,524.00,7.00,611.67,610.25,847.00,10.00,42.12,39.06,310.00,8.00,1,주먹 쥐기 (Fist)
328.00,638.00,140.00,605.00,31.00,89.51,98.41,152.70,185.41,32.60,303.68,57.35,128.00,128.83,96.68,241.73,252.24,136.27,343.08,215.96,69.00,83.64,79.12,108.93,164.20,58.31,171.26,132.19,54.00,43.46,52.48,170.24,211.80,108.74,203.77,227.88,267.00,40.71,55.08,77.13,77.08,17.27,111.64,42.10,37.00,327.41,325.25,752.00,9.00,613.44,611.31,987.00,9.00,142.25,139.38,516.00,8.00,612.34,610.94,834.00,9.00,42.12,39.06,312.00,8.00,1,주먹 쥐기 (Fist)
320.00,551.00,156.00,627.00,45.00,77.65,114.18,166.14,179.62,36.89,290.27,41.36,144.00,128.83,96.68,241.73,252.24,136.27,343.08,215.96,69.00,99.23,68.58,108.76,134.24,54.68,141.30,131.27,84.00,73.21,18.50,137.28,196.31,112.70,196.54,202.78,301.00,49.59,48.86,78.73,64.41,26.82,106.13,54.66,51.00,328.36,326.25,686.00,9.00,613.44,611.31,929.00,9.00,139.98,137.50,456.00,7.00,610.10,608.81,811.00,10.00,42.90,39.94,315.00,8.00,1,주먹 쥐기 (Fist)
296.00,572.00,151.00,583.00,20.00,132.01,67.90,111.08,105.39,65.09,286.11,45.22,226.00,139.85,34.56,126.39,233.34,12.42,350.54,254.70,55.00,95.97,55.62,69.94,138.00,28.83,118.10,154.42,125.00,99.58,22.74,119.64,166.37,140.22,223.61,217.27,268.00,45.55,44.01,57.27,57.56,46.86,117.21,71.87,73.00,323.06,321.12,684.00,9.00,605.38,603.56,950.00,9.00,142.35,140.06,443.00,7.00,608.07,606.75,844.00,10.00,41.90,38.56,306.00,11.00,1,주먹 쥐기 (Fist)
396.00,627.00,145.00,572.00,24.00,113.19,54.93,89.73,134.71,76.35,321.20,89.15,270.00,200.03,83.56,82.80,164.91,76.30,293.80,202.40,14.00,130.87,42.42,48.59,87.46,81.50,113.16,109.61,72.00,122.21,55.42,143.70,183.81,115.97,191.55,215.45,301.00,82.52,38.23,48.58,9.43,67.24,66.61,60.02,21.00,326.22,323.88,670.00,9.00,600.64,599.25,819.00,9.00,145.08,143.38,361.00,6.00,606.07,604.69,833.00,10.00,37.82,35.31,256.00,10.00,1,주먹 쥐기 (Fist)
320.00,530.00,168.00,594.00,36.00,147.53,61.96,10.94,102.18,141.00,240.97,37.47,188.00,180.04,78.58,70.07,169.10,83.60,273.94,184.34,34.00,119.43,48.77,37.48,92.66,87.48,106.36,98.17,60.00,117.67,49.09,134.19,175.07,121.11,186.25,220.11,312.00,68.66,43.13,34.59,7.81,80.27,54.54,68.66,7.00,330.58,329.00,640.00,7.00,601.73,600.50,821.00,9.00,144.18,142.62,334.00,5.00,606.74,605.38,833.00,10.00,38.49,36.19,266.00,10.00,1,주먹 쥐기 (Fist)
312.00,594.00,130.00,490.00,28.00,119.93,68.25,42.45,134.13,166.34,226.06,58.40,156.00,190.36,72.41,80.90,179.72,77.06,267.33,173.38,45.00,119.43,48.77,37.48,92.66,87.48,106.36,98.17,60.00,136.82,75.20,141.88,142.17,191.71,218.58,277.52,383.00,64.78,46.99,33.09,6.08,80.16,55.44,65.04,11.00,328.59,327.00,640.00,9.00,601.04,599.81,841.00,8.00,144.18,142.62,310.00,5.00,602.88,600.94,778.00,9.00,38.66,36.44,259.00,9.00,1,주먹 쥐기 (Fist)
288.00,572.00,145.00,638.00,51.00,73.55,114.54,73.01,140.43,182.19,213.81,16.10,204.00,182.36,83.11,79.15,177.29,66.29,269.28,162.95,56.00,80.15,90.51,69.20,81.02,42.51,70.92,59.87,13.00,169.22,116.81,99.64,66.85,184.24,138.28,196.94,301.00,55.65,57.63,42.85,6.08,69.24,62.30,77.02,1.00,325.73,324.00,648.00,9.00,601.69,600.50,808.00,7.00,140.70,139.69,253.00,5.00,597.08,595.81,767.00,9.00,39.52,37.19,274.00,9.00,1,주먹 쥐기 (Fist)
288.00,594.00,125.00,561.00,26.00,10.36,171.69,87.26,81.63,118.44,268.05,77.83,140.00,192.03,65.63,60.55,155.76,66.12,287.84,147.23,78.00,82.45,88.47,65.27,76.03,42.98,71.73,58.30,8.00,169.22,116.81,99.64,66.85,184.24,138.28,196.94,301.00,57.80,56.09,38.97,7.21,65.55,67.28,81.75,6.00,321.77,320.00,648.00,7.00,600.30,599.12,797.00,7.00,140.98,140.00,258.00,4.00,597.08,595.81,767.00,9.00,39.29,36.88,282.00,9.00,1,주먹 쥐기 (Fist)
320.00,605.00,135.00,616.00,42.00,26.07,186.80,74.99,70.71,131.02,237.59,47.85,172.00,201.86,77.66,31.45,152.33,25.43,245.33,167.57,34.00,82.45,88.47,65.27,76.03,42.98,71.73,58.30,8.00,167.52,104.11,89.68,85.87,198.42,134.37,178.73,279.00,58.65,59.27,41.29,12.65,63.61,62.79,77.31,0.00,319.68,318.00,632.00,9.00,597.43,596.38,710.00,7.00,140.98,140.00,223.00,3.00,595.64,594.44,767.00,9.00,38.86,36.50,264.00,9.00,1,주먹 쥐기 (Fist)
304.00,605.00,84.00,480.00,57.00,26.07,186.80,74.99,70.71,131.02,237.59,47.85,172.00,212.05,27.61,35.07,98.51,34.61,224.35,186.38,20.00,142.74,36.94,31.68,20.10,78.57,29.25,84.76,104.00,158.38,26.20,179.15,100.77,259.21,105.40,248.48,382.00,79.30,18.70,3.53,48.51,21.36,75.13,71.72,43.00,319.68,318.00,616.00,9.00,600.68,599.75,667.00,7.00,135.24,134.00,234.00,7.00,589.86,588.00,837.00,9.00,41.24,39.19,260.00,9.00,1,주먹 쥐기 (Fist)
238.00,572.00,140.00,649.00,48.00,121.63,116.85,84.50,128.70,44.64,284.99,94.28,270.00,198.42,49.52,44.83,98.73,52.42,235.60,189.91,42.00,142.74,36.94,31.68,20.10,78.57,29.25,84.76,104.00,158.38,26.20,179.15,100.77,259.21,105.40,248.48,382.00,93.20,4.68,18.50,54.20,33.19,60.52,65.03,28.00,314.13,311.88,640.00,9.00,599.35,598.38,645.00,7.00,135.24,134.00,270.00,7.00,589.86,588.00,962.00,10.00,42.15,40.12,241.00,8.00,1,주먹 쥐기 (Fist)
304.00,627.00,115.00,638.00,42.00,190.05,48.82,156.18,108.07,66.11,211.74,22.22,196.00,180.07,66.08,66.15,76.94,58.81,214.12,194.93,20.00,147.65,32.39,27.65,15.13,77.10,31.95,85.60,109.00,177.85,59.15,195.36,124.63,261.89,138.04,246.57,349.00,74.22,19.73,21.28,71.31,36.33,45.18,53.84,9.00,309.07,307.25,594.00,8.00,597.88,597.00,667.00,8.00,134.97,133.69,295.00,8.00,592.03,590.06,962.00,10.00,40.68,38.94,217.00,7.00,1,주먹 쥐기 (Fist)
369.00,605.00,211.00,720.00,20.00,129.64,151.47,168.26,211.04,107.97,141.23,80.88,93.00,169.36,68.96,69.07,76.01,47.86,223.54,188.22,31.00,87.43,122.12,116.08,94.20,17.40,91.93,112.22,200.00,295.75,174.08,319.89,109.57,143.15,85.85,228.90,475.00,64.46,27.12,32.08,76.16,44.53,46.91,62.75,20.00,315.61,313.69,581.00,8.00,597.18,596.31,678.00,8.00,141.77,139.38,381.00,7.00,600.71,597.94,1011.00,8.00,40.24,38.25,209.00,7.00,1,주먹 쥐기 (Fist)
423.00,638.00,135.00,551.00,16.00,155.85,212.84,247.21,226.74,148.34,142.06,33.09,172.00,202.04,88.29,96.07,43.01,49.89,234.06,160.92,64.00,87.65,125.40,117.56,93.54,19.00,89.94,110.69,195.00,220.45,148.99,308.18,180.77,98.93,154.88,221.65,551.00,51.12,55.13,61.18,43.42,23.68,79.29,20.17,25.00,321.56,318.62,595.00,7.00,599.32,598.38,655.00,8.00,142.06,139.69,452.00,8.00,596.03,593.19,1169.00,11.00,37.46,35.44,200.00,9.00,1,주먹 쥐기 (Fist)
352.00,583.00,162.00,616.00,39.00,197.62,228.67,268.15,182.92,105.63,170.11,41.85,124.00,139.91,10.29,59.91,89.94,127.89,216.50,87.83,142.00,109.34,128.79,92.79,56.89,18.07,82.81,113.05,232.00,220.45,148.99,308.18,180.77,98.93,154.88,221.65,551.00,55.98,58.22,60.57,35.81,14.76,70.58,29.05,16.00,324.60,321.62,650.00,5.00,594.24,593.50,632.00,10.00,144.38,142.00,474.00,7.00,596.03,593.19,1169.00,11.00,36.80,34.88,208.00,9.00,1,주먹 쥐기 (Fist)
296.00,540.00,151.00,561.00,28.00,205.60,226.07,263.42,179.43,104.52,162.12,39.15,132.00,130.43,36.61,101.43,79.00,118.45,250.16,130.69,99.00,128.90,119.18,72.33,64.01,20.80,98.50,118.31,211.00,226.47,139.05,300.95,190.41,90.04,152.09,228.30,541.00,60.32,56.65,56.00,38.95,17.94,73.16,24.24,21.00,325.05,322.12,666.00,5.00,591.69,590.81,620.00,9.00,145.65,143.31,475.00,7.00,596.62,593.81,1170.00,11.00,36.54,34.56,217.00,10.00,1,주먹 쥐기 (Fist)
320.00,605.00,125.00,594.00,36.00,198.07,233.23,271.22,172.19,96.89,156.31,41.06,140.00,144.51,66.70,122.97,46.00,89.69,217.70,100.02,132.00,113.92,133.19,75.80,51.40,35.45,113.38,128.82,196.00,223.77,147.80,297.03,187.88,91.87,157.97,238.33,530.00,55.35,61.07,59.77,35.38,16.75,72.27,20.66,26.00,324.55,321.62,682.00,4.00,589.52,588.75,598.00,9.00,144.80,142.38,485.00,7.00,595.92,593.12,1181.00,12.00,36.82,34.88,211.00,10.00,1,주먹 쥐기 (Fist)
320.00,572.00,140.00,616.00,54.00,198.07,233.23,271.22,172.19,96.89,156.31,41.06,140.00,128.16,59.99,131.84,50.57,73.06,206.75,87.19,153.00,99.76,147.82,64.69,62.37,35.45,104.20,113.98,212.00,225.88,149.91,286.04,198.67,81.05,147.19,227.33,541.00,46.77,69.67,57.80,42.44,25.50,79.67,25.02,17.00,324.55,321.62,658.00,4.00,590.77,590.06,610.00,10.00,143.77,141.38,495.00,7.00,595.21,592.44,1159.00,11.00,37.57,35.44,204.00,9.00,1,주먹 쥐기 (Fist)
281.00,605.00,120.00,490.00,16.00,192.21,240.20,258.67,185.81,104.54,167.17,54.97,155.00,97.60,83.63,164.66,24.70,69.17,200.18,98.38,120.00,84.44,162.18,36.08,85.98,7.05,101.54,144.98,181.00,289.35,128.09,260.42,234.92,153.27,230.68,315.84,448.00,49.83,67.82,61.68,40.31,27.91,83.59,26.41,13.00,323.72,320.69,597.00,3.00,592.82,592.12,588.00,10.00,141.93,139.44,509.00,11.00,589.94,586.62,1274.00,12.00,37.45,35.19,238.00,10.00,1,주먹 쥐기 (Fist)
304.00,510.00,174.00,638.00,42.00,215.33,232.77,188.76,238.30,23.68,75.48,37.30,63.00,214.52,37.06,171.60,138.61,65.96,130.05,161.38,3.00,88.47,170.79,42.89,104.69,22.15,85.27,172.24,152.00,227.19,177.07,205.09,292.03,162.89,264.98,370.35,382.00,44.03,64.29,53.21,26.25,25.41,94.68,32.43,5.00,317.44,314.94,544.00,7.00,585.77,584.81,586.00,10.00,143.96,141.25,540.00,8.00,594.16,590.75,1400.00,12.00,38.43,36.31,252.00,9.00,1,주먹 쥐기 (Fist)
312.00,572.00,162.00,605.00,22.00,221.46,227.89,192.45,232.66,19.31,80.65,29.75,71.00,175.99,16.80,129.61,148.56,72.89,94.51,186.10,39.00,89.20,165.28,46.50,100.66,25.38,79.61,176.83,146.00,216.19,187.89,195.62,297.13,171.15,266.61,363.96,393.00,42.73,75.35,43.88,38.01,15.99,95.10,38.11,19.00,316.94,314.44,544.00,6.00,588.23,587.44,584.00,9.00,143.53,140.88,514.00,7.00,594.85,591.44,1329.00,11.00,37.76,35.44,264.00,10.00,1,주먹 쥐기 (Fist)
405.00,649.00,135.00,551.00,28.00,135.14,320.21,100.45,306.34,73.69,120.38,74.62,164.00,145.51,71.27,121.15,200.68,116.64,149.28,176.07,16.00,86.70,169.96,41.76,96.94,23.36,75.11,179.23,141.00,161.67,228.37,213.65,245.28,120.29,219.66,381.61,332.00,42.73,75.35,43.88,38.01,15.99,95.10,38.11,19.00,323.45,320.25,613.00,3.00,591.85,590.88,639.00,9.00,143.81,141.19,526.00,7.00,598.18,595.25,1235.00,11.00,37.76,35.44,247.00,9.00,1,주먹 쥐기 (Fist)
304.00,616.00,120.00,649.00,64.00,119.23,332.77,98.71,298.19,69.09,120.61,58.74,148.00,150.15,108.34,163.45,193.31,87.22,125.01,165.71,28.00,107.31,161.22,49.76,115.42,2.43,71.29,183.94,116.00,155.41,229.13,224.63,239.08,117.29,230.66,382.01,343.00,52.19,68.85,47.82,49.98,23.71,108.04,42.55,6.00,324.36,321.25,714.00,4.00,594.61,593.62,650.00,8.00,142.37,139.62,521.00,10.00,598.92,595.94,1256.00,11.00,38.98,36.25,258.00,9.00,1,주먹 쥐기 (Fist)
288.00,572.00,180.00,649.00,26.00,119.23,332.77,98.71,298.19,69.09,120.61,58.74,148.00,138.03,103.16,151.51,215.28,101.60,133.99,156.30,50.00,53.40,143.21,92.72,155.43,54.10,117.29,184.71,61.00,163.94,185.77,267.73,316.39,204.64,180.21,353.33,255.00,52.19,68.85,47.82,49.98,23.71,108.04,42.55,6.00,324.36,321.25,698.00,4.00,593.26,592.25,683.00,9.00,146.00,143.06,571.00,7.00,604.45,601.44,1201.00,10.00,38.98,36.25,280.00,9.00,1,주먹 쥐기 (Fist)
378.00,684.00,130.00,649.00,28.00,82.13,301.07,146.41,330.48,121.40,178.49,52.17,90.00,206.21,83.75,120.17,233.08,176.97,210.93,115.94,129.00,58.37,147.29,89.02,152.55,56.02,121.99,183.64,56.00,188.28,157.00,253.08,331.42,191.49,171.27,373.19,288.00,38.33,56.53,61.18,63.32,37.67,107.67,29.40,20.00,328.24,324.88,772.00,5.00,598.60,597.19,795.00,10.00,145.72,142.75,570.00,8.00,606.60,603.50,1065.00,9.00,38.19,35.38,267.00,9.00,1,주먹 쥐기 (Fist)
378.00,583.00,192.00,649.00,28.00,107.59,231.02,158.11,391.37,138.07,140.35,49.31,164.00,184.22,97.67,141.48,212.95,181.87,229.38,104.02,151.00,62.93,45.15,112.89,87.86,81.35,194.92,152.12,52.00,353.62,38.35,84.10,202.63,129.49,324.93,238.59,119.00,20.53,29.11,70.91,62.17,36.11,88.60,58.40,9.00,333.01,329.50,706.00,5.00,597.23,595.81,863.00,10.00,151.98,149.50,576.00,9.00,616.35,614.06,896.00,8.00,36.12,33.56,258.00,9.00,1,주먹 쥐기 (Fist)
352.00,627.00,125.00,561.00,31.00,215.40,134.31,112.27,345.91,27.60,136.19,105.23,50.00,236.51,42.67,118.13,196.15,143.20,248.08,70.95,206.00,47.97,49.99,120.00,102.59,80.65,198.25,147.51,67.00,268.99,53.77,141.69,278.68,74.81,404.97,163.78,31.00,29.36,28.77,62.35,45.61,19.14,105.36,43.04,8.00,339.26,336.62,666.00,5.00,600.67,599.25,852.00,10.00,151.16,148.56,618.00,10.00,610.93,608.56,973.00,9.00,34.93,32.50,255.00,9.00,1,주먹 쥐기 (Fist)
312.00,572.00,140.00,572.00,48.00,223.30,134.29,105.01,338.20,27.37,139.46,97.25,58.00,196.38,90.78,80.44,250.46,91.12,235.95,52.11,261.00,72.17,62.35,95.38,109.77,58.98,186.99,133.71,92.00,223.24,104.19,144.22,257.51,140.52,383.83,227.80,97.00,23.83,23.70,68.35,47.54,17.30,110.26,39.67,14.00,339.72,337.12,641.00,5.00,597.23,595.81,885.00,11.00,152.47,150.12,537.00,9.00,606.83,604.44,902.00,9.00,35.41,32.88,250.00,9.00,1,주먹 쥐기 (Fist)
273.00,583.00,151.00,616.00,26.00,150.06,92.31,187.75,326.06,73.35,232.21,32.16,154.00,190.31,102.37,58.71,248.34,93.30,253.49,61.72,239.00,40.66,5.60,122.14,59.41,32.80,133.04,94.33,152.00,219.56,169.09,89.27,157.20,132.46,342.21,127.04,7.00,17.85,17.80,70.76,42.05,12.55,109.30,40.96,8.00,334.00,331.12,626.00,5.00,595.86,594.44,863.00,11.00,147.95,146.38,472.00,9.00,599.64,597.94,777.00,9.00,35.66,33.25,268.00,10.00,1,주먹 쥐기 (Fist)
344.00,561.00,151.00,583.00,28.00,148.42,65.40,204.42,247.07,95.97,171.96,68.87,75.00,216.95,119.44,86.74,171.49,162.50,177.97,40.93,316.00,37.42,21.28,130.30,49.09,48.76,117.57,82.53,168.00,203.35,166.95,120.32,149.48,164.39,314.66,105.37,39.00,7.47,15.09,63.43,38.47,24.09,102.47,43.86,20.00,328.28,326.19,626.00,6.00,591.00,589.62,830.00,10.00,148.91,147.38,445.00,8.00,601.52,599.94,745.00,9.00,36.12,34.00,247.00,9.00,1,주먹 쥐기 (Fist)
336.00,627.00,140.00,672.00,54.00,158.50,58.03,193.61,247.20,81.03,171.81,58.99,91.00,183.92,136.33,50.99,173.79,194.57,159.43,67.19,360.00,50.11,14.54,108.81,68.54,61.59,108.52,63.00,190.00,165.13,211.19,158.89,94.37,148.68,369.45,130.75,17.00,14.43,28.59,48.79,53.34,25.79,117.14,35.08,5.00,327.23,325.19,578.00,5.00,593.81,592.38,853.00,11.00,147.51,146.00,445.00,9.00,605.26,603.44,779.00,9.00,37.30,34.94,262.00,9.00,1,주먹 쥐기 (Fist)
336.00,627.00,125.00,561.00,31.00,123.86,95.89,231.93,207.24,90.57,147.55,65.40,131.00,109.47,221.85,118.41,89.54,234.09,142.71,77.45,273.00,74.94,39.80,107.85,63.01,75.63,99.94,88.76,164.00,165.13,211.19,158.89,94.37,148.68,369.45,130.75,17.00,17.41,31.30,48.45,53.76,22.79,114.65,37.39,8.00,329.64,327.69,554.00,5.00,599.13,597.81,788.00,10.00,145.99,144.38,434.00,8.00,605.26,603.44,857.00,10.00,37.45,35.12,277.00,9.00,1,주먹 쥐기 (Fist)
328.00,594.00,115.00,480.00,36.00,116.04,102.86,233.08,207.78,82.59,155.34,59.51,123.00,119.93,213.13,110.86,93.91,244.76,136.03,87.53,262.00,84.84,48.18,117.42,53.01,66.26,108.49,79.20,174.00,278.35,177.37,272.48,30.41,93.29,406.93,182.85,97.00,17.41,31.30,48.45,53.76,22.79,114.65,37.39,8.00,330.13,328.19,562.00,6.00,598.44,597.12,788.00,10.00,145.47,143.75,429.00,8.00,598.90,596.31,916.00,9.00,37.45,35.12,264.00,10.00,1,주먹 쥐기 (Fist)
231.00,520.00,151.00,616.00,39.00,204.30,115.03,312.29,119.36,100.91,235.53,41.11,34.00,171.77,213.57,141.71,52.80,242.45,187.52,35.53,314.00,75.52,46.51,110.87,53.94,67.02,119.14,71.19,185.00,278.35,177.37,272.48,30.41,93.29,406.93,182.85,97.00,11.14,39.89,38.26,58.18,15.83,106.88,22.57,7.00,325.45,322.62,620.00,6.00,595.47,593.88,829.00,9.00,146.16,144.44,445.00,9.00,598.90,596.31,926.00,9.00,36.27,34.19,229.00,9.00,1,주먹 쥐기 (Fist)
312.00,627.00,135.00,627.00,33.00,177.55,85.26,290.94,118.71,130.94,249.98,63.71,3.00,152.34,196.58,121.74,71.55,263.36,205.26,17.59,336.00,68.44,57.78,119.75,39.29,52.58,112.12,77.89,170.00,194.14,40.37,377.19,160.38,95.16,291.54,45.85,40.00,14.88,22.89,32.47,74.00,5.05,90.77,12.75,24.00,327.21,324.56,678.00,6.00,596.89,595.25,841.00,9.00,146.97,145.38,407.00,9.00,606.84,604.88,789.00,8.00,36.98,35.25,209.00,9.00,1,주먹 쥐기 (Fist)
369.00,583.00,180.00,649.00,39.00,150.34,39.22,324.86,54.57,135.78,273.12,59.48,68.00,122.22,123.80,146.72,76.01,223.71,204.80,79.34,263.00,68.68,63.71,125.51,38.21,56.63,110.17,77.17,176.00,194.31,33.37,386.29,162.19,85.28,292.84,56.24,29.00,13.77,25.14,35.36,73.08,3.58,88.06,13.83,27.00,331.37,328.62,727.00,7.00,601.05,599.81,823.00,10.00,147.42,145.75,440.00,10.00,607.57,605.56,778.00,7.00,36.77,35.06,195.00,9.00,1,주먹 쥐기 (Fist)
320.00,649.00,156.00,627.00,5.00,151.74,43.53,332.63,53.24,127.81,265.51,53.49,60.00,158.45,95.78,222.67,43.01,181.26,148.56,46.90,340.00,66.15,60.29,124.97,32.25,54.60,104.88,79.21,182.00,204.57,43.72,382.63,140.69,86.10,306.63,41.78,51.00,23.04,31.75,47.64,89.50,20.51,95.10,11.10,10.00,331.84,329.12,683.00,7.00,605.92,604.62,812.00,10.00,147.02,145.38,437.00,9.00,608.96,606.94,746.00,7.00,36.38,34.00,223.00,10.00,1,주먹 쥐기 (Fist)
432.00,520.00,198.00,605.00,24.00,168.37,70.38,337.83,80.16,142.14,289.85,79.20,87.00,71.24,92.78,226.97,170.50,52.37,26.56,161.74,469.00,119.38,77.11,73.97,74.25,10.20,47.58,131.27,245.00,249.85,97.69,330.64,138.76,134.97,252.84,72.74,3.00,26.94,31.52,46.86,90.52,19.19,96.26,10.89,14.00,333.96,330.81,694.00,7.00,598.09,596.56,908.00,11.00,151.41,149.31,464.00,9.00,612.15,610.31,670.00,7.00,36.20,33.75,206.00,9.00,1,주먹 쥐기 (Fist)
328.00,638.00,115.00,627.00,42.00,190.27,90.06,318.70,85.09,155.76,282.32,55.54,63.00,85.27,96.40,205.03,170.24,50.14,4.61,183.49,491.00,114.38,77.68,78.72,76.54,10.60,47.17,136.27,250.00,228.03,83.14,345.02,117.09,150.64,236.27,86.66,25.00,48.73,22.39,26.00,69.64,13.09,77.29,19.03,8.00,335.38,332.31,782.00,8.00,599.53,597.94,982.00,11.00,151.17,149.00,487.00,9.00,610.72,608.94,692.00,8.00,34.13,32.38,186.00,7.00,1,주먹 쥐기 (Fist)
320.00,540.00,162.00,583.00,36.00,222.27,102.96,291.15,56.08,125.28,268.26,84.01,95.00,56.85,70.15,221.37,138.29,81.39,28.44,211.68,523.00,97.92,92.76,82.17,92.70,26.93,37.20,119.46,232.00,165.10,114.02,322.39,144.81,183.14,247.69,86.37,41.00,40.21,30.34,34.06,73.82,10.57,67.49,26.38,18.00,337.19,334.31,700.00,7.00,597.67,595.94,968.00,11.00,149.89,147.88,484.00,9.00,606.54,604.81,736.00,7.00,34.69,33.00,190.00,7.00,1,주먹 쥐기 (Fist)
304.00,572.00,151.00,594.00,31.00,156.40,139.45,288.12,113.64,142.48,201.56,146.47,169.00,57.43,42.14,185.55,183.53,97.24,91.84,161.32,411.00,112.96,72.69,99.22,102.90,43.05,19.46,105.66,211.00,130.59,169.01,268.02,191.43,131.32,277.33,61.67,14.00,38.68,33.26,33.75,71.20,13.17,69.16,24.88,15.00,332.48,329.69,716.00,7.00,590.27,588.94,899.00,10.00,151.12,149.19,433.00,8.00,603.01,601.38,747.00,7.00,34.85,33.19,195.00,10.00,1,주먹 쥐기 (Fist)
352.00,572.00,252.00,720.00,9.00,143.19,165.44,265.33,105.32,116.66,226.76,129.78,143.00,66.84,51.10,175.23,191.94,87.17,82.90,159.29,422.00,150.10,71.47,152.11,156.17,78.15,79.46,133.88,271.00,156.56,128.16,311.51,232.77,150.13,347.86,68.95,85.00,44.88,28.11,52.07,82.22,30.18,68.42,30.12,4.00,330.69,328.06,738.00,8.00,589.60,588.25,855.00,9.00,156.53,152.94,467.00,5.00,608.03,605.81,785.00,9.00,34.22,32.00,214.00,8.00,1,주먹 쥐기 (Fist)
451.00,627.00,120.00,500.00,26.00,179.20,116.84,349.19,203.19,131.90,291.10,144.21,44.00,66.84,51.10,175.23,191.94,87.17,82.90,159.29,422.00,148.02,66.85,152.17,158.09,82.33,83.09,135.48,276.00,156.07,119.49,341.23,192.77,210.85,397.09,103.37,146.00,45.89,31.97,55.08,78.52,30.09,71.69,26.06,1.00,338.12,334.25,797.00,7.00,589.60,588.25,855.00,9.00,156.28,152.62,584.00,6.00,604.69,602.00,994.00,8.00,33.95,31.69,214.00,7.00,1,주먹 쥐기 (Fist)
320.00,594.00,156.00,572.00,33.00,181.38,121.63,348.59,202.48,124.00,290.73,138.06,52.00,64.21,65.41,167.46,209.48,66.89,71.54,177.50,400.00,149.21,81.90,137.34,143.56,81.12,85.37,135.64,292.00,156.07,119.49,341.23,192.77,210.85,397.09,103.37,146.00,46.30,46.86,49.70,69.07,16.61,56.71,40.67,14.00,338.58,334.75,889.00,8.00,590.96,589.62,877.00,9.00,157.23,153.62,609.00,7.00,604.69,602.00,1022.00,7.00,32.82,30.75,199.00,5.00,1,주먹 쥐기 (Fist)
281.00,551.00,145.00,627.00,45.00,180.80,129.58,341.03,194.50,126.05,285.32,145.67,44.00,58.22,33.51,199.34,229.46,47.75,43.28,209.12,368.00,150.89,79.34,141.70,141.03,75.67,82.40,133.85,298.00,147.10,130.43,339.25,186.78,219.35,403.26,103.01,135.00,53.46,37.82,68.52,54.45,10.04,44.36,59.39,33.00,338.99,335.25,857.00,7.00,589.04,587.62,898.00,10.00,156.87,153.25,620.00,8.00,605.40,602.69,1044.00,7.00,34.08,31.94,209.00,7.00,1,주먹 쥐기 (Fist)
296.00,572.00,151.00,627.00,31.00,206.01,96.91,374.71,196.96,93.83,237.40,193.52,4.00,62.50,41.26,194.60,221.38,56.06,32.43,219.79,357.00,150.89,79.34,141.70,141.03,75.67,82.40,133.85,298.00,104.98,166.82,377.31,225.42,182.11,360.04,94.38,179.00,55.93,39.35,70.03,52.35,7.07,43.77,56.83,30.00,336.15,332.25,864.00,7.00,589.70,588.31,853.00,9.00,156.87,153.25,615.00,8.00,608.14,605.44,955.00,8.00,34.24,32.12,197.00,7.00,1,주먹 쥐기 (Fist)
361.00,638.00,130.00,572.00,36.00,184.77,95.01,384.08,221.62,69.30,219.26,216.20,29.00,71.30,43.70,202.33,229.12,46.91,39.63,211.01,368.00,159.82,88.61,131.71,145.36,79.55,73.71,125.18,308.00,204.93,170.37,306.26,203.01,226.91,282.19,110.34,279.00,38.44,22.12,81.93,41.18,17.80,30.96,48.71,12.00,337.77,333.81,929.00,8.00,590.43,589.00,919.00,10.00,156.34,152.62,621.00,8.00,601.71,599.19,899.00,6.00,32.73,31.00,179.00,3.00,1,주먹 쥐기 (Fist)
312.00,561.00,174.00,638.00,26.00,208.36,112.45,360.09,219.23,69.49,220.85,233.52,53.00,14.92,93.30,144.03,189.03,90.20,78.27,187.43,434.00,110.95,48.29,158.84,104.35,128.49,78.42,77.08,357.00,138.01,106.47,277.91,126.02,301.64,292.34,149.49,356.00,33.47,17.60,86.53,36.89,14.67,35.89,48.55,17.00,336.32,332.31,970.00,8.00,586.27,584.88,963.00,11.00,159.24,155.69,655.00,9.00,606.49,604.00,884.00,7.00,32.45,30.69,184.00,5.00,1,주먹 쥐기 (Fist)
361.00,649.00,80.00,540.00,64.00,176.28,79.71,373.27,186.27,101.99,247.67,249.64,86.00,65.14,45.60,143.94,143.93,138.03,106.41,204.94,489.00,144.71,57.74,177.08,86.16,144.37,111.79,42.77,392.00,119.12,46.49,218.68,140.43,296.69,242.15,138.79,296.00,59.47,37.05,90.93,32.02,38.52,60.81,46.34,45.00,338.43,334.38,922.00,9.00,589.90,588.31,977.00,11.00,157.89,153.50,713.00,10.00,609.63,607.75,846.00,9.00,35.05,32.44,219.00,8.00,1,주먹 쥐기 (Fist)
259.00,572.00,174.00,684.00,28.00,154.94,66.95,355.29,186.87,90.93,220.31,246.28,58.00,116.50,68.63,104.53,116.81,148.20,118.74,169.50,437.00,126.78,66.30,154.84,107.86,132.83,132.15,28.39,415.00,153.86,49.65,190.57,203.67,234.73,309.63,127.00,364.00,51.33,35.26,79.97,42.76,46.41,66.16,45.79,56.00,339.69,336.12,943.00,10.00,592.90,591.56,947.00,11.00,159.36,154.94,791.00,11.00,614.15,612.00,979.00,10.00,34.38,31.75,249.00,9.00,1,주먹 쥐기 (Fist)
361.00,561.00,174.00,572.00,14.00,142.32,99.89,308.42,235.69,60.29,249.70,235.09,107.00,67.10,4.75,168.50,60.11,214.19,182.50,117.67,371.00,115.43,104.61,155.29,103.24,171.78,124.57,48.14,376.00,106.64,5.62,150.99,226.55,195.77,346.69,122.22,419.00,47.82,50.41,73.09,49.93,54.97,72.42,54.86,37.00,342.71,339.19,988.00,10.00,588.76,587.44,914.00,10.00,161.71,157.38,746.00,10.00,610.78,608.56,1069.00,11.00,33.56,30.56,257.00,7.00,1,주먹 쥐기 (Fist)
369.00,616.00,151.00,638.00,33.00,142.32,99.89,308.42,235.69,60.29,249.70,235.09,107.00,79.59,32.26,165.21,86.45,229.25,210.95,88.80,338.00,111.67,83.09,127.44,132.19,183.68,145.73,67.91,347.00,96.08,16.17,140.49,236.04,190.88,346.71,125.46,408.00,50.46,56.23,77.96,45.00,49.15,66.76,49.75,43.00,342.71,339.19,947.00,9.00,590.85,589.50,903.00,10.00,159.84,155.56,745.00,11.00,610.06,607.88,1113.00,12.00,33.16,30.19,242.00,7.00,1,주먹 쥐기 (Fist)
352.00,672.00,110.00,638.00,39.00,164.52,121.57,337.29,203.80,56.25,226.72,210.63,139.00,87.06,49.57,186.66,77.62,243.67,205.45,111.45,361.00,103.13,97.34,103.70,142.24,215.65,100.09,59.84,393.00,107.03,13.25,141.79,241.68,179.89,354.70,133.07,397.00,31.77,48.12,52.90,70.83,56.08,38.66,17.53,77.00,344.67,341.19,852.00,8.00,592.46,590.94,830.00,9.00,157.43,152.69,744.00,11.00,610.77,608.56,1091.00,11.00,34.54,32.31,229.00,9.00,1,주먹 쥐기 (Fist)
320.00,561.00,162.00,672.00,45.00,69.67,160.21,266.82,223.71,167.19,114.84,112.60,251.00,98.66,71.37,216.41,39.45,205.19,185.49,72.22,320.00,96.41,132.62,132.26,109.66,184.01,124.84,49.76,357.00,169.32,77.86,91.58,300.61,212.31,287.77,75.23,464.00,27.01,65.68,66.30,62.82,35.34,43.47,38.40,56.00,336.95,334.19,780.00,8.00,594.79,593.50,823.00,9.00,154.84,150.44,713.00,11.00,615.13,612.75,1103.00,10.00,35.83,33.62,217.00,8.00,1,주먹 쥐기 (Fist)
320.00,594.00,135.00,540.00,16.00,62.81,168.19,271.75,216.47,163.70,120.96,120.22,243.00,103.89,82.17,233.18,41.62,209.55,145.37,50.53,276.00,105.80,116.84,116.45,120.60,188.03,128.07,47.05,337.00,116.14,55.67,177.33,346.71,184.41,238.15,29.08,551.00,41.87,41.56,43.99,88.28,39.61,43.32,63.62,30.00,336.47,333.69,772.00,8.00,591.93,590.75,758.00,9.00,155.85,151.69,693.00,11.00,609.95,607.31,1191.00,10.00,34.49,32.00,240.00,9.00,1,주먹 쥐기 (Fist)
344.00,490.00,224.00,605.00,20.00,86.53,150.89,248.79,227.92,180.91,125.82,144.13,219.00,142.11,131.08,283.02,28.84,160.71,193.65,62.52,326.00,160.74,128.24,148.04,80.53,126.91,168.79,88.83,399.00,118.06,35.16,172.74,329.73,163.41,246.00,39.53,573.00,57.41,39.88,50.83,87.01,23.78,52.74,51.02,46.00,337.94,335.19,780.00,9.00,589.21,587.62,830.00,10.00,160.57,155.56,771.00,11.00,611.29,608.69,1245.00,10.00,33.66,31.00,239.00,6.00,1,주먹 쥐기 (Fist)
344.00,616.00,120.00,551.00,31.00,125.59,157.41,248.67,194.81,146.02,148.80,110.05,259.00,99.19,98.66,272.37,69.86,139.02,220.16,85.57,370.00,129.74,99.75,119.19,109.42,112.41,199.70,119.62,430.00,133.87,77.19,137.67,303.45,139.10,286.39,68.11,616.00,57.41,39.88,50.83,87.01,23.78,52.74,51.02,46.00,340.33,337.69,732.00,8.00,591.98,590.38,956.00,11.00,158.93,153.62,774.00,11.00,608.77,606.00,1173.00,9.00,33.66,31.00,228.00,6.00,1,주먹 쥐기 (Fist)
312.00,661.00,110.00,594.00,45.00,94.49,123.67,211.01,221.33,158.21,188.74,95.92,299.00,15.57,139.14,350.99,125.10,97.83,242.08,96.69,281.00,55.91,56.96,187.83,149.93,98.37,150.77,44.16,288.00,246.40,183.05,63.16,212.04,112.43,182.49,103.61,490.00,33.69,5.26,56.30,94.54,21.12,36.34,63.31,10.00,337.88,335.19,665.00,9.00,597.74,595.94,946.00,8.00,148.48,144.75,652.00,10.00,600.21,598.12,996.00,10.00,35.42,33.25,225.00,9.00,1,주먹 쥐기 (Fist)
273.00,500.00,186.00,649.00,36.00,168.28,57.99,155.25,159.67,20.91,132.86,182.76,121.00,131.82,12.14,272.59,221.47,43.22,363.90,215.09,154.00,46.14,15.08,133.31,201.41,87.41,205.22,106.79,222.00,98.06,180.03,91.75,126.12,98.50,234.44,251.64,341.00,35.42,11.32,66.27,85.43,25.85,30.66,61.69,20.00,325.75,324.06,573.00,8.00,590.21,588.00,1074.00,11.00,152.67,148.88,692.00,12.00,609.06,607.44,979.00,9.00,35.97,33.88,227.00,9.00,1,주먹 쥐기 (Fist)
336.00,627.00,110.00,520.00,28.00,152.50,44.52,139.56,175.51,33.55,147.16,192.75,105.00,104.21,42.31,253.00,207.87,45.89,392.36,247.77,121.00,58.62,30.94,125.97,180.95,55.66,249.72,152.20,176.00,145.12,133.17,97.79,177.50,88.53,286.20,301.45,289.00,32.39,6.71,64.89,87.71,30.69,25.94,63.39,25.00,326.75,325.06,597.00,9.00,592.34,590.06,1158.00,11.00,150.14,146.00,757.00,12.00,606.14,604.19,1053.00,11.00,35.70,33.56,223.00,9.00,1,주먹 쥐기 (Fist)
312.00,572.00,145.00,551.00,42.00,122.43,50.99,124.66,182.19,47.96,118.46,185.52,136.00,95.60,56.56,232.42,227.68,61.84,387.16,229.82,142.00,58.62,30.94,125.97,180.95,55.66,249.72,152.20,176.00,207.36,62.78,173.79,183.81,159.76,233.15,245.77,365.00,29.94,6.61,67.33,85.09,30.36,28.71,61.32,22.00,328.51,327.00,606.00,10.00,593.58,591.38,1192.00,12.00,150.14,146.00,786.00,11.00,601.51,599.44,1084.00,11.00,35.47,33.38,223.00,9.00,1,주먹 쥐기 (Fist)
266.00,616.00,130.00,661.00,36.00,147.18,23.35,105.66,211.03,76.43,111.74,194.78,166.00,107.94,75.29,228.50,245.18,35.15,365.64,257.52,98.00,79.55,36.99,111.80,189.18,53.54,245.76,165.79,155.00,187.80,77.44,163.73,216.58,182.44,239.74,236.95,399.00,34.81,3.72,63.17,87.66,34.93,31.05,56.83,17.00,326.90,325.12,587.00,9.00,596.33,594.12,1170.00,10.00,148.91,144.69,780.00,12.00,603.78,601.56,1139.00,11.00,35.76,33.69,224.00,8.00,1,주먹 쥐기 (Fist)
378.00,616.00,140.00,605.00,42.00,137.73,40.18,122.40,207.33,80.59,123.25,207.10,183.00,92.05,79.66,208.28,264.76,54.69,344.88,266.01,76.00,70.13,40.24,107.32,198.21,63.17,237.80,169.57,145.00,185.82,80.16,191.95,226.93,196.97,211.74,232.68,366.00,40.73,3.80,64.74,82.66,30.99,32.92,62.81,23.00,328.10,326.19,650.00,9.00,594.88,592.75,1093.00,11.00,149.48,145.31,746.00,9.00,605.78,603.62,1129.00,10.00,36.17,34.06,220.00,7.00,1,주먹 쥐기 (Fist)
304.00,605.00,145.00,605.00,39.00,139.12,35.70,120.82,199.46,74.90,131.25,214.66,191.00,133.04,44.31,242.29,248.65,90.93,305.62,271.42,32.00,93.34,15.99,136.31,187.93,83.87,209.05,172.68,116.00,174.94,100.12,167.57,257.77,229.69,179.43,220.26,333.00,52.29,14.07,77.70,76.03,26.83,21.40,50.64,10.00,327.63,325.69,675.00,9.00,597.57,595.50,1016.00,8.00,147.53,143.50,657.00,11.00,603.66,601.56,1031.00,9.00,36.89,34.88,185.00,6.00,1,주먹 쥐기 (Fist)
312.00,583.00,140.00,572.00,24.00,138.49,68.17,164.43,196.37,121.97,103.06,165.80,142.00,67.53,110.16,265.53,186.46,109.37,293.93,267.05,34.00,75.29,75.77,127.62,131.59,90.08,179.49,171.09,56.00,195.76,68.12,157.55,248.93,240.30,164.56,200.87,301.00,37.98,35.26,69.77,44.05,16.22,19.30,36.38,30.00,324.47,322.62,581.00,8.00,593.30,591.38,961.00,10.00,150.30,147.25,568.00,7.00,605.50,603.56,920.00,9.00,33.78,32.38,164.00,6.00,1,주먹 쥐기 (Fist)
369.00,638.00,162.00,684.00,31.00,195.36,47.40,115.59,86.83,177.79,174.99,84.90,32.00,128.27,75.99,199.85,220.52,91.25,340.96,253.09,100.00,70.85,67.45,116.24,136.95,82.56,184.60,168.61,44.00,195.76,68.12,157.55,248.93,240.30,164.56,200.87,301.00,36.65,32.56,66.92,46.40,16.20,21.86,37.95,33.00,331.05,329.50,536.00,8.00,597.49,595.50,1005.00,9.00,149.46,146.50,590.00,8.00,605.50,603.56,920.00,9.00,33.94,32.56,157.00,6.00,1,주먹 쥐기 (Fist)
361.00,583.00,140.00,583.00,42.00,195.36,47.40,115.59,86.83,177.79,174.99,84.90,32.00,146.06,90.02,194.97,203.82,111.46,319.03,263.97,78.00,55.62,77.98,96.90,108.41,115.93,152.64,189.05,78.00,206.76,69.06,151.97,251.54,230.14,174.75,190.10,290.00,25.17,35.74,52.77,37.00,43.03,30.54,21.49,5.00,331.05,329.50,536.00,8.00,598.81,596.88,1005.00,9.00,147.21,144.38,589.00,13.00,606.16,604.25,955.00,9.00,35.36,34.31,149.00,7.00,1,주먹 쥐기 (Fist)
312.00,627.00,130.00,594.00,39.00,138.38,59.26,82.06,31.38,234.75,151.19,85.46,89.00,152.50,101.02,204.36,196.54,104.19,326.24,255.12,89.00,47.11,98.44,111.75,97.06,113.00,172.17,170.48,57.00,166.71,41.96,129.03,294.27,234.70,215.80,147.07,246.00,23.85,41.57,57.47,31.00,40.13,24.54,25.17,11.00,327.37,325.94,568.00,9.00,599.52,597.56,993.00,10.00,145.95,143.06,558.00,12.00,603.36,601.50,966.00,9.00,35.74,34.69,146.00,6.00,1,주먹 쥐기 (Fist)
304.00,561.00,168.00,627.00,24.00,96.70,107.22,121.39,66.64,219.33,133.96,99.77,41.00,163.72,82.02,133.53,132.85,184.89,338.49,150.43,200.00,93.43,59.45,65.15,53.00,167.30,203.39,113.12,1.00,159.85,32.67,118.03,296.89,223.92,211.19,156.08,257.00,33.66,29.95,45.27,34.44,51.44,17.97,39.35,26.00,324.35,322.94,544.00,8.00,592.34,590.62,948.00,12.00,149.37,146.69,544.00,8.00,602.64,600.81,965.00,10.00,34.90,33.75,155.00,7.00,1,주먹 쥐기 (Fist)
352.00,583.00,145.00,572.00,24.00,116.59,86.76,98.89,60.07,246.12,108.64,126.97,9.00,148.00,61.17,119.17,154.02,202.72,328.31,128.46,222.00,76.44,55.64,59.31,68.03,178.54,202.55,96.56,18.00,165.87,67.77,123.61,201.85,292.10,197.68,130.65,157.00,54.15,37.35,55.55,18.03,35.49,16.93,18.72,5.00,326.41,324.94,592.00,9.00,593.67,592.00,937.00,11.00,148.27,145.62,540.00,8.00,596.15,594.56,888.00,10.00,33.58,32.44,126.00,6.00,1,주먹 쥐기 (Fist)
352.00,661.00,125.00,672.00,54.00,132.12,98.97,117.82,92.05,221.19,140.62,95.15,41.00,91.57,26.60,56.75,151.61,225.81,392.22,193.06,155.00,67.14,48.46,49.49,64.56,182.84,209.79,104.75,8.00,121.32,92.57,13.64,279.70,283.56,154.96,225.66,25.00,18.95,5.44,22.10,53.94,63.05,38.73,26.02,33.00,328.47,326.94,568.00,8.00,598.08,596.19,911.00,11.00,147.72,145.00,471.00,6.00,604.48,602.81,923.00,10.00,35.97,34.81,152.00,7.00,1,주먹 쥐기 (Fist)
304.00,540.00,180.00,594.00,26.00,129.27,60.85,81.50,101.55,237.16,170.49,57.60,81.00,47.83,75.45,81.22,102.88,176.15,349.36,154.78,205.00,48.13,5.13,43.81,25.46,139.01,165.84,87.96,52.00,124.48,82.06,4.63,287.17,274.31,147.87,236.56,14.00,16.87,5.39,25.16,53.15,58.42,37.16,20.04,27.00,325.99,324.44,616.00,9.00,600.77,599.31,906.00,11.00,143.91,142.25,422.00,11.00,603.80,602.12,947.00,10.00,36.21,35.19,169.00,8.00,1,주먹 쥐기 (Fist)
344.00,649.00,96.00,540.00,45.00,129.27,60.85,81.50,101.55,237.16,170.49,57.60,81.00,19.67,103.52,112.20,99.13,187.40,357.66,169.83,172.00,60.38,19.06,67.81,45.69,147.72,182.77,85.88,28.00,132.04,77.73,14.52,295.24,283.48,158.81,225.94,25.00,23.97,13.94,38.88,39.20,55.50,31.49,33.66,41.00,325.99,324.44,624.00,9.00,602.93,601.38,970.00,12.00,142.78,140.75,496.00,12.00,603.17,601.44,958.00,10.00,37.12,36.06,174.00,10.00,1,주먹 쥐기 (Fist)
281.00,572.00,125.00,594.00,61.00,154.24,56.68,111.74,92.78,247.98,153.84,55.91,112.00,106.66,113.12,136.39,11.18,142.81,325.70,204.62,83.00,47.42,12.60,63.41,42.11,138.17,184.06,82.09,13.00,132.04,77.73,14.52,295.24,283.48,158.81,225.94,25.00,39.33,24.96,45.34,43.83,70.93,45.82,21.97,25.00,324.22,322.50,648.00,10.00,597.22,595.81,886.00,12.00,143.55,141.69,449.00,11.00,603.17,601.44,957.00,9.00,38.52,37.06,181.00,9.00,1,주먹 쥐기 (Fist)
266.00,594.00,135.00,594.00,45.00,161.13,62.39,115.73,85.84,252.86,160.54,52.18,105.00,32.84,33.34,49.06,89.56,50.81,249.99,243.11,11.00,97.88,42.46,34.75,9.49,89.77,158.09,69.93,38.00,187.03,130.88,49.05,257.10,229.99,173.44,204.52,80.00,48.22,28.50,40.98,52.00,66.03,37.73,25.36,34.00,323.86,322.06,600.00,9.00,602.58,601.69,781.00,11.00,139.94,138.50,383.00,8.00,599.62,598.00,828.00,8.00,39.10,37.62,189.00,9.00,1,주먹 쥐기 (Fist)
312.00,649.00,115.00,500.00,18.00,184.62,86.04,105.27,92.31,230.84,139.91,72.52,129.00,42.23,14.15,58.61,89.81,67.65,271.97,239.40,11.00,93.10,39.91,39.51,12.04,89.94,153.47,68.68,43.00,205.64,147.95,55.44,272.80,242.67,181.44,203.23,60.00,39.93,32.28,50.98,56.60,72.58,36.25,28.74,44.00,322.36,320.56,622.00,8.00,604.03,603.06,781.00,11.00,140.19,138.81,368.00,7.00,598.56,596.75,891.00,8.00,38.73,37.00,202.00,9.00,1,주먹 쥐기 (Fist)
320.00,520.00,168.00,551.00,28.00,178.01,81.52,113.27,85.00,231.27,138.49,80.51,137.00,24.48,66.15,14.46,141.51,76.95,309.50,258.11,63.00,76.95,51.69,56.91,32.98,68.59,174.98,84.00,20.00,205.64,147.95,55.44,272.80,242.67,181.44,203.23,60.00,35.16,45.98,57.64,68.88,59.78,28.32,30.40,30.00,322.85,321.06,584.00,8.00,601.08,599.81,866.00,11.00,141.79,140.25,406.00,9.00,598.56,596.75,832.00,7.00,37.94,36.12,206.00,8.00,1,주먹 쥐기 (Fist)
288.00,540.00,151.00,616.00,33.00,167.20,89.05,124.09,96.40,210.52,126.68,60.10,115.00,85.35,131.55,87.17,166.21,136.94,312.66,206.77,13.00,73.87,72.67,57.12,34.54,85.28,166.97,64.60,41.00,228.02,131.91,17.53,238.38,197.79,222.62,173.75,15.00,35.96,48.47,56.07,67.62,59.65,31.13,28.45,33.00,324.02,322.44,504.00,7.00,596.50,595.06,886.00,11.00,143.08,141.56,413.00,9.00,595.55,593.94,841.00,10.00,37.76,35.94,205.00,7.00,1,주먹 쥐기 (Fist)
344.00,605.00,162.00,561.00,26.00,172.75,57.73,145.64,72.20,189.05,94.60,45.15,81.00,94.19,136.45,93.00,156.98,128.82,303.79,216.14,2.00,84.62,89.97,40.68,16.40,91.81,158.60,86.57,19.00,241.30,98.00,56.78,210.54,215.39,208.88,212.36,59.00,47.87,54.11,40.27,53.34,74.77,18.05,43.13,17.00,321.65,320.31,486.00,7.00,595.80,594.38,940.00,12.00,144.53,142.94,419.00,8.00,592.85,591.19,896.00,11.00,36.85,34.94,209.00,7.00,1,주먹 쥐기 (Fist)
344.00,583.00,162.00,551.00,28.00,182.33,96.78,109.66,46.62,213.10,59.63,67.49,41.00,107.78,131.90,83.24,145.79,122.45,325.58,194.39,24.00,99.52,94.80,24.84,10.77,74.82,174.01,70.83,36.00,247.39,44.09,98.84,256.77,252.53,185.59,158.47,5.00,58.66,52.13,39.53,59.67,68.31,20.65,32.16,28.00,324.15,322.81,478.00,7.00,594.42,593.00,940.00,12.00,145.65,144.00,414.00,7.00,589.55,587.81,873.00,10.00,36.22,34.25,196.00,6.00,1,주먹 쥐기 (Fist)
304.00,594.00,135.00,605.00,33.00,177.02,92.37,108.89,54.08,220.69,59.10,75.14,33.00,104.45,140.76,94.23,136.08,111.66,332.37,183.70,35.00,94.53,96.90,24.90,6.40,73.20,178.68,67.54,41.00,255.07,72.51,106.94,243.10,282.65,156.83,127.55,28.00,49.90,59.26,31.12,53.04,73.86,20.15,24.53,37.00,323.68,322.31,461.00,7.00,595.10,593.69,896.00,12.00,145.35,143.69,419.00,7.00,591.61,589.88,815.00,10.00,36.66,34.81,194.00,6.00,1,주먹 쥐기 (Fist)
344.00,649.00,130.00,616.00,36.00,155.13,101.24,85.64,51.48,220.23,45.02,50.39,58.00,106.50,151.61,99.37,131.10,118.17,333.72,192.65,24.00,64.96,127.61,15.83,36.35,52.62,168.03,82.83,9.00,218.12,78.74,38.95,181.25,290.50,91.76,93.33,96.00,46.01,64.19,27.73,56.73,69.13,23.41,27.39,32.00,321.95,320.75,493.00,8.00,595.85,594.38,896.00,11.00,143.33,141.69,402.00,6.00,586.92,585.62,725.00,9.00,36.95,35.12,186.00,5.00,1,주먹 쥐기 (Fist)
320.00,530.00,192.00,594.00,20.00,114.74,140.89,62.29,12.21,182.33,84.29,87.82,17.00,86.56,128.12,137.81,85.91,103.44,377.40,225.86,29.00,106.20,87.14,60.90,59.20,4.79,199.59,109.48,43.00,226.44,68.10,44.13,186.78,281.65,88.09,95.70,107.00,59.26,54.39,25.89,45.54,71.52,45.41,39.80,10.00,319.23,318.19,468.00,9.00,592.74,591.06,971.00,11.00,147.05,144.94,454.00,7.00,587.61,586.31,736.00,8.00,35.78,33.75,199.00,6.00,1,주먹 쥐기 (Fist)
328.00,551.00,180.00,616.00,20.00,130.49,127.69,51.71,25.08,170.93,98.11,100.55,1.00,82.98,177.79,206.12,69.26,176.74,303.76,209.92,47.00,143.35,103.18,98.87,98.01,45.79,149.61,102.83,7.00,247.51,50.04,37.11,168.44,300.85,79.84,83.91,85.00,69.09,65.63,17.41,63.79,52.73,34.74,35.70,29.00,320.23,319.19,468.00,9.00,588.01,586.31,926.00,10.00,150.31,148.06,428.00,6.00,589.02,587.69,725.00,8.00,34.78,32.56,184.00,8.00,1,주먹 쥐기 (Fist)
378.00,616.00,174.00,627.00,16.00,197.14,137.70,26.07,68.01,156.36,104.00,86.41,75.00,98.19,123.21,211.83,23.71,212.52,281.27,234.81,102.00,146.68,109.05,98.27,95.27,44.13,154.05,100.10,1.00,247.51,50.04,37.11,168.44,300.85,79.84,83.91,85.00,71.67,73.62,10.43,66.13,57.44,32.46,33.17,21.00,325.12,323.81,470.00,8.00,591.44,589.75,969.00,11.00,150.73,148.44,411.00,5.00,589.02,587.69,681.00,7.00,34.49,32.06,188.00,8.00,1,주먹 쥐기 (Fist)
378.00,561.00,186.00,627.00,22.00,216.86,162.18,48.62,64.07,180.38,79.93,74.47,49.00,81.19,137.43,190.14,11.05,205.66,291.54,253.26,124.00,160.42,145.09,60.81,60.88,25.70,157.03,133.43,42.00,296.79,95.79,40.89,215.56,248.69,30.19,36.40,30.00,71.67,75.09,8.73,64.26,58.41,34.11,34.34,23.00,326.94,325.44,470.00,8.00,590.10,588.38,946.00,11.00,153.52,151.00,403.00,5.00,592.51,591.12,581.00,6.00,34.41,31.94,164.00,7.00,1,주먹 쥐기 (Fist)
352.00,572.00,174.00,605.00,24.00,216.86,162.18,48.62,64.07,180.38,79.93,74.47,49.00,32.83,162.26,160.72,78.01,294.17,206.99,165.98,35.00,171.09,168.73,36.26,100.62,71.88,119.16,85.11,7.00,255.24,41.96,34.61,194.49,208.90,72.42,37.46,37.00,66.77,82.11,33.04,60.41,28.92,7.79,17.28,7.00,326.94,325.44,448.00,7.00,584.26,582.81,836.00,8.00,156.47,154.06,360.00,6.00,587.98,586.94,525.00,6.00,32.22,30.06,138.00,6.00,1,주먹 쥐기 (Fist)
352.00,638.00,130.00,583.00,54.00,227.44,182.88,20.08,78.24,166.62,73.40,37.94,1.00,102.36,207.40,86.29,126.04,350.42,123.22,70.58,63.00,179.71,182.99,21.40,90.14,108.01,69.18,37.10,57.00,253.54,45.82,43.85,205.35,202.29,62.23,31.02,26.00,80.50,95.78,27.40,32.76,37.58,31.44,27.00,35.00,329.94,328.44,408.00,6.00,590.41,588.94,793.00,10.00,153.35,150.94,320.00,4.00,587.29,586.25,493.00,6.00,34.32,31.81,149.00,6.00,1,주먹 쥐기 (Fist)
273.00,684.00,80.00,561.00,54.00,242.70,209.95,88.56,45.54,99.03,137.97,47.17,70.00,137.30,242.30,51.98,150.23,366.91,130.07,99.12,28.00,190.47,198.03,22.58,106.12,112.19,81.68,49.37,41.00,249.00,26.62,50.62,203.25,181.91,58.08,35.78,5.00,88.48,104.70,36.37,35.78,29.14,24.22,23.67,26.00,325.76,324.00,424.00,6.00,592.87,591.12,762.00,9.00,152.77,149.94,341.00,4.00,588.52,587.56,461.00,5.00,35.12,32.38,133.00,6.00,1,주먹 쥐기 (Fist)
252.00,490.00,162.00,530.00,18.00,263.42,238.27,105.91,74.33,121.51,113.05,37.19,41.00,72.28,188.23,102.89,213.38,448.25,119.52,163.32,54.00,157.21,165.53,54.79,114.02,149.14,95.33,76.47,4.00,288.59,90.13,15.58,139.36,184.47,112.24,94.99,59.00,45.65,75.31,41.97,19.42,52.22,48.48,52.76,17.00,324.27,322.19,430.00,6.00,588.26,586.00,934.00,9.00,154.93,152.25,413.00,7.00,584.69,583.56,492.00,5.00,31.96,29.69,153.00,7.00,1,주먹 쥐기 (Fist)
296.00,490.00,204.00,638.00,22.00,235.38,213.84,121.32,82.73,118.90,111.47,56.01,11.00,112.37,234.03,136.37,282.58,431.46,196.53,126.66,50.00,88.95,163.77,112.47,179.97,135.24,129.25,67.35,73.00,249.08,69.57,33.70,149.12,227.90,153.71,138.60,103.00,24.25,83.51,64.33,40.52,35.42,26.94,29.84,6.00,325.90,324.06,428.00,6.00,582.24,579.50,879.00,7.00,159.58,156.56,435.00,7.00,587.58,586.31,506.00,5.00,30.41,28.25,130.00,6.00,1,주먹 쥐기 (Fist)
352.00,616.00,101.00,540.00,42.00,195.38,212.53,160.33,119.85,156.14,85.01,20.40,51.00,144.34,266.83,125.51,262.67,401.80,164.76,117.81,17.00,102.71,152.41,113.17,183.74,148.48,143.25,77.77,87.00,209.31,97.02,66.84,112.77,210.29,139.19,105.36,63.00,43.29,60.89,63.98,52.40,52.30,30.35,9.47,30.00,328.43,326.56,476.00,7.00,580.00,577.44,876.00,7.00,158.98,155.69,485.00,7.00,589.79,588.81,553.00,6.00,31.86,29.75,140.00,7.00,1,주먹 쥐기 (Fist)
320.00,605.00,151.00,627.00,33.00,195.38,212.53,160.33,119.85,156.14,85.01,20.40,51.00,62.34,207.91,209.69,336.32,341.64,145.91,104.66,68.00,117.44,135.59,129.60,200.00,138.00,131.56,61.59,70.00,137.68,172.63,101.00,101.41,164.13,119.10,156.22,139.00,46.73,56.28,68.87,56.22,48.16,25.50,11.25,25.00,328.43,326.56,476.00,8.00,585.13,582.75,867.00,7.00,157.91,154.62,518.00,6.00,594.51,593.56,575.00,6.00,32.15,30.06,144.00,6.00,1,주먹 쥐기 (Fist)
328.00,583.00,120.00,520.00,42.00,169.75,252.46,129.08,82.73,142.87,55.29,19.62,91.00,44.79,218.84,233.37,319.73,324.19,117.43,118.89,25.00,139.28,119.84,150.11,193.62,124.28,132.93,92.57,101.00,215.14,131.94,160.34,22.20,68.99,88.11,221.49,235.00,50.96,53.71,74.29,51.11,46.93,33.63,13.02,34.00,330.77,329.06,428.00,7.00,587.70,585.44,824.00,9.00,156.24,152.69,538.00,5.00,588.75,587.56,627.00,6.00,32.80,30.62,146.00,5.00,1,주먹 쥐기 (Fist)
288.00,583.00,174.00,661.00,33.00,189.78,218.94,181.78,76.40,88.41,84.92,74.33,147.00,41.84,199.07,244.97,340.59,302.20,95.92,136.89,3.00,134.25,116.15,154.91,205.53,112.30,126.30,103.64,113.00,169.67,106.01,90.56,78.06,110.56,86.79,285.30,335.00,52.64,57.82,71.32,45.22,53.56,31.55,8.38,27.00,327.41,325.56,468.00,9.00,586.31,584.06,802.00,8.00,157.05,153.44,592.00,6.00,595.20,593.81,758.00,7.00,33.20,31.06,153.00,5.00,1,주먹 쥐기 (Fist)
344.00,627.00,101.00,480.00,28.00,189.78,218.94,181.78,76.40,88.41,84.92,74.33,147.00,68.29,241.38,202.05,356.62,286.67,62.78,180.40,41.00,147.41,171.76,94.05,221.39,102.40,68.56,153.55,174.00,172.50,157.56,66.86,107.52,175.80,101.37,322.21,406.00,52.64,57.82,71.32,45.22,53.56,31.55,8.38,27.00,327.41,325.56,484.00,9.00,589.14,586.81,835.00,8.00,153.82,149.62,638.00,8.00,591.35,589.38,885.00,7.00,33.20,31.06,153.00,5.00,1,주먹 쥐기 (Fist)
296.00,572.00,151.00,684.00,61.00,187.74,225.83,174.79,74.81,92.42,90.26,79.59,155.00,47.20,230.97,206.44,336.76,304.06,69.36,201.73,63.00,147.75,157.44,100.01,206.74,117.92,53.71,164.22,190.00,199.83,81.61,140.78,74.01,198.15,114.52,350.30,485.00,46.90,81.55,65.95,70.01,47.61,59.26,20.30,1.00,326.95,325.06,492.00,9.00,587.78,585.44,835.00,9.00,154.75,150.62,683.00,9.00,596.70,594.31,1078.00,10.00,35.59,32.81,183.00,6.00,1,주먹 쥐기 (Fist)
296.00,649.00,151.00,696.00,26.00,164.15,272.49,139.98,122.49,45.82,103.08,76.99,107.00,47.20,230.97,206.44,336.76,304.06,69.36,201.73,63.00,158.34,152.56,87.58,216.32,107.06,64.06,157.77,169.00,268.60,89.64,198.98,154.00,256.74,155.62,353.14,405.00,50.86,78.93,56.79,74.30,38.91,67.32,29.36,11.00,324.00,322.06,468.00,8.00,587.78,585.44,793.00,9.00,155.94,151.94,621.00,5.00,602.18,599.31,1068.00,9.00,35.04,32.19,202.00,6.00,1,주먹 쥐기 (Fist)
405.00,616.00,140.00,605.00,36.00,232.08,237.65,125.96,142.69,94.67,186.24,145.24,22.00,130.33,158.10,283.91,262.41,327.99,38.91,172.98,23.00,118.76,129.59,139.22,173.05,146.55,77.51,173.02,117.00,279.58,100.42,196.95,154.32,247.39,144.63,347.59,416.00,39.69,71.42,69.51,60.80,27.28,72.21,42.49,27.00,329.89,327.38,569.00,8.00,593.00,590.81,805.00,9.00,152.44,148.69,620.00,9.00,602.86,600.00,1137.00,8.00,35.83,33.19,212.00,9.00,1,주먹 쥐기 (Fist)
336.00,627.00,135.00,627.00,51.00,240.01,241.73,119.25,149.59,88.56,179.85,137.25,30.00,199.22,82.75,294.99,311.90,252.01,37.72,168.69,53.00,80.51,92.69,158.47,203.96,112.15,96.23,142.78,162.00,289.99,109.69,186.27,143.35,245.74,152.65,356.33,405.00,20.67,44.40,70.70,83.01,28.70,88.23,33.10,4.00,330.39,327.88,588.00,8.00,597.69,595.56,751.00,8.00,149.50,145.88,619.00,9.00,603.57,600.69,1148.00,8.00,37.70,35.12,223.00,9.00,1,주먹 쥐기 (Fist)
312.00,627.00,120.00,551.00,24.00,177.15,178.22,178.02,191.05,126.75,183.50,78.51,96.00,207.49,77.03,286.44,319.62,256.18,32.22,171.47,42.00,32.87,38.85,135.36,243.32,102.26,43.26,190.86,108.00,237.80,117.28,239.58,166.87,173.51,174.35,430.35,329.00,17.92,36.48,64.52,87.97,33.60,80.26,29.97,4.00,326.06,323.75,612.00,9.00,598.41,596.25,696.00,7.00,146.15,142.50,622.00,9.00,598.91,595.94,1224.00,9.00,37.96,35.62,244.00,10.00,1,주먹 쥐기 (Fist)
336.00,540.00,192.00,627.00,39.00,149.37,141.90,183.45,221.77,91.00,149.28,106.36,54.00,198.77,73.64,305.16,334.73,242.05,44.85,185.38,21.00,38.46,42.83,141.31,247.11,96.94,38.07,196.86,102.00,237.80,117.28,239.58,166.87,173.51,174.35,430.35,329.00,17.24,29.68,49.77,75.82,18.73,93.96,42.70,13.00,323.17,321.12,610.00,10.00,597.20,594.94,772.00,8.00,146.63,142.88,682.00,10.00,598.91,595.94,1278.00,10.00,38.81,36.69,257.00,11.00,1,주먹 쥐기 (Fist)
288.00,594.00,120.00,540.00,26.00,148.56,144.28,137.38,188.04,96.22,213.10,94.74,118.00,199.71,90.83,307.30,320.22,221.23,66.82,205.74,1.00,15.72,69.11,124.14,208.47,64.87,58.95,247.78,48.00,255.06,178.36,175.14,144.53,207.97,121.69,486.10,264.00,17.51,30.90,50.21,74.33,18.24,93.57,40.73,11.00,319.18,317.12,658.00,9.00,598.54,596.31,760.00,7.00,143.21,139.50,710.00,10.00,595.02,591.88,1343.00,10.00,38.89,36.81,240.00,11.00,1,주먹 쥐기 (Fist)
336.00,605.00,156.00,638.00,31.00,158.10,158.33,121.99,173.53,107.80,202.87,87.62,102.00,211.67,58.76,275.53,295.62,222.10,92.39,238.73,34.00,11.59,43.40,102.33,189.53,86.10,84.86,268.29,22.00,219.57,159.19,209.09,90.47,260.96,66.71,522.17,209.00,31.58,8.40,27.67,61.27,6.23,108.21,18.71,12.00,318.10,316.12,627.00,9.00,596.40,594.25,725.00,8.00,144.82,141.12,696.00,11.00,598.54,595.31,1419.00,11.00,37.28,35.38,245.00,11.00,1,주먹 쥐기 (Fist)
344.00,594.00,135.00,561.00,33.00,101.53,93.35,147.06,156.08,174.11,222.94,63.45,31.00,284.96,81.22,229.59,242.06,138.36,113.81,160.46,56.00,66.59,47.11,61.84,154.87,54.16,64.14,244.27,77.00,219.57,159.19,209.09,90.47,260.96,66.71,522.17,209.00,52.37,13.57,22.18,43.42,23.14,87.21,36.36,9.00,322.38,320.56,614.00,11.00,590.34,588.62,542.00,7.00,147.35,144.56,635.00,11.00,598.54,595.31,1465.00,12.00,35.72,34.06,211.00,10.00,1,주먹 쥐기 (Fist)
296.00,583.00,140.00,605.00,45.00,64.66,93.37,128.40,112.11,174.89,182.09,85.31,75.00,193.08,14.24,174.97,166.21,89.83,206.39,138.34,149.00,47.08,25.24,52.29,136.61,73.01,81.10,246.13,99.00,146.33,233.19,134.09,164.35,200.56,101.80,525.33,134.00,27.51,17.02,7.08,34.00,45.05,70.44,58.69,36.00,324.71,323.31,618.00,12.00,595.60,594.44,553.00,8.00,145.93,143.19,598.00,11.00,602.96,600.00,1401.00,12.00,37.18,35.75,219.00,11.00,1,주먹 쥐기 (Fist)
320.00,572.00,168.00,572.00,22.00,42.91,114.55,104.57,115.69,151.74,204.70,64.08,51.00,113.98,95.91,93.05,124.45,46.31,154.14,124.68,67.00,40.04,21.71,17.19,118.85,51.70,46.20,230.31,63.00,211.97,185.04,169.72,169.10,143.61,167.70,511.11,68.00,27.51,17.02,7.08,34.00,45.05,70.44,58.69,36.00,326.13,324.81,586.00,11.00,600.15,599.56,438.00,7.00,143.04,140.94,523.00,11.00,598.81,595.88,1336.00,12.00,37.18,35.75,222.00,11.00,1,주먹 쥐기 (Fist)
328.00,530.00,168.00,540.00,20.00,66.74,92.35,118.38,92.66,137.91,216.52,40.66,27.00,186.65,73.06,145.74,47.38,50.43,196.54,133.67,19.00,54.08,45.30,80.09,62.24,110.22,62.48,189.36,4.00,211.97,185.04,169.72,169.10,143.61,167.70,511.11,68.00,38.85,21.45,29.07,40.50,66.05,52.61,55.52,14.00,324.56,323.31,562.00,11.00,594.99,594.19,469.00,7.00,146.92,145.12,473.00,10.00,598.81,595.88,1281.00,11.00,36.01,34.38,215.00,10.00,1,주먹 쥐기 (Fist)
328.00,616.00,110.00,540.00,28.00,59.13,95.38,122.28,90.47,142.79,214.91,32.72,19.00,179.31,63.63,148.91,55.61,50.95,207.52,134.60,30.00,48.32,32.83,80.82,96.15,140.78,103.44,158.79,45.00,276.07,257.66,82.87,168.32,230.02,185.56,443.83,19.00,41.12,26.45,31.40,36.40,63.20,57.61,53.57,19.00,325.06,323.81,554.00,10.00,595.70,594.88,533.00,7.00,144.63,142.56,500.00,10.00,593.49,590.44,1174.00,10.00,35.75,34.06,214.00,9.00,1,주먹 쥐기 (Fist)
320.00,540.00,162.00,627.00,57.00,65.32,98.47,114.37,98.27,150.48,208.35,26.17,11.00,196.94,106.10,106.04,88.68,26.57,241.45,130.03,73.00,39.66,21.17,39.42,120.92,137.27,135.59,121.64,87.00,238.35,158.77,153.97,273.25,295.50,180.54,345.46,126.00,41.84,18.83,41.95,47.01,72.74,68.65,44.70,34.00,324.56,323.31,522.00,10.00,593.16,592.19,609.00,8.00,147.17,145.19,498.00,10.00,599.92,597.12,1120.00,10.00,37.02,35.00,234.00,9.00,1,주먹 쥐기 (Fist)
273.00,638.00,92.00,572.00,51.00,74.05,112.67,111.78,96.19,149.40,223.16,35.71,26.00,197.39,84.16,140.36,77.78,31.80,257.11,123.39,128.00,94.14,86.58,110.09,85.09,73.51,171.40,43.01,169.00,234.11,202.34,188.70,274.06,276.36,155.44,256.74,215.00,54.32,32.34,58.23,38.60,56.42,68.86,59.82,16.00,323.75,322.38,513.00,9.00,596.69,595.62,663.00,8.00,142.46,140.06,495.00,10.00,594.17,591.56,994.00,10.00,38.28,36.12,235.00,9.00,1,주먹 쥐기 (Fist)
312.00,551.00,174.00,583.00,31.00,89.28,141.83,140.71,64.28,120.81,205.87,35.50,6.00,171.15,70.76,180.51,11.05,84.75,238.61,124.79,204.00,21.40,44.50,125.84,12.65,14.48,179.22,30.49,242.00,278.13,233.28,91.89,173.49,182.07,108.23,161.24,318.00,57.21,35.23,58.38,35.74,56.19,66.49,56.83,19.00,321.72,320.38,504.00,8.00,591.98,590.88,695.00,8.00,146.80,144.62,527.00,10.00,599.90,598.00,801.00,9.00,38.42,36.31,222.00,9.00,1,주먹 쥐기 (Fist)
304.00,583.00,125.00,540.00,28.00,87.50,138.83,135.18,64.03,114.57,208.21,41.85,14.00,177.09,76.04,170.23,1.00,85.56,230.24,124.57,215.00,47.13,32.68,100.08,32.31,39.98,169.00,54.52,268.00,173.97,101.17,161.79,193.13,111.89,93.09,131.30,462.00,24.79,33.84,89.09,40.50,27.39,33.92,27.02,52.00,322.18,320.88,512.00,8.00,592.65,591.56,650.00,7.00,145.26,143.00,576.00,11.00,590.65,589.00,832.00,9.00,35.95,34.25,190.00,8.00,1,주먹 쥐기 (Fist)
336.00,638.00,105.00,583.00,39.00,103.57,159.64,156.36,24.08,109.38,173.49,8.35,26.00,168.01,65.35,170.76,12.00,76.28,219.27,121.05,226.00,90.36,27.98,99.76,45.34,43.80,211.35,34.47,222.00,105.50,19.91,177.29,111.02,43.53,150.99,102.73,349.00,35.84,21.92,81.41,51.89,16.43,29.22,23.45,65.00,324.63,323.38,435.00,8.00,591.90,590.88,672.00,8.00,142.70,140.12,585.00,10.00,582.95,581.94,784.00,12.00,36.68,35.06,191.00,8.00,2,손가락 펴기 (Open)
328.00,572.00,180.00,661.00,39.00,57.50,83.83,84.98,82.57,51.68,99.51,73.24,103.00,125.50,35.25,133.09,45.61,115.72,250.44,152.50,182.00,63.00,48.68,60.68,77.82,83.12,248.28,64.07,182.00,146.76,36.18,218.02,162.25,32.28,206.68,110.57,293.00,37.91,19.04,83.16,53.24,15.62,27.59,22.52,62.00,319.15,318.56,374.00,8.00,589.14,588.12,727.00,9.00,145.48,142.62,655.00,11.00,586.74,585.44,840.00,10.00,36.87,35.25,176.00,8.00,2,손가락 펴기 (Open)
304.00,594.00,105.00,520.00,42.00,48.68,58.76,94.79,79.40,83.66,116.09,47.51,71.00,92.68,57.38,106.47,48.75,119.49,250.43,121.07,215.00,73.67,19.81,82.72,70.11,95.31,262.03,93.97,152.00,47.63,86.70,135.52,222.10,95.98,287.26,154.33,186.00,35.44,24.49,74.46,61.33,7.08,19.03,18.58,53.00,317.13,316.56,374.00,8.00,587.00,586.06,749.00,10.00,143.93,140.75,715.00,12.00,580.17,578.75,905.00,12.00,36.16,34.69,152.00,7.00,2,손가락 펴기 (Open)
281.00,594.00,135.00,583.00,39.00,47.48,67.52,125.71,48.66,78.14,123.63,65.28,102.00,65.96,90.00,121.14,23.71,86.93,226.66,154.04,182.00,72.65,28.65,87.23,55.15,87.58,258.61,108.29,137.00,78.75,60.02,122.78,201.40,103.93,295.30,168.81,154.00,35.12,28.45,77.66,56.89,10.61,7.92,15.45,38.00,315.32,314.62,373.00,7.00,584.85,584.00,662.00,9.00,144.75,141.69,673.00,11.00,582.12,580.75,892.00,12.00,36.96,35.62,140.00,6.00,2,손가락 펴기 (Open)
296.00,561.00,145.00,572.00,28.00,58.90,106.62,143.70,57.69,43.56,88.53,60.71,62.00,76.89,78.81,100.62,43.42,77.34,205.68,173.38,161.00,68.24,53.11,40.23,75.01,40.87,220.92,147.96,90.00,27.50,84.07,177.59,160.86,76.37,274.35,185.87,99.00,38.82,18.00,86.35,46.10,20.17,16.18,17.72,27.00,312.80,312.12,340.00,6.00,586.08,585.31,641.00,9.00,141.29,138.75,611.00,11.00,578.57,577.31,816.00,12.00,36.34,34.94,138.00,6.00,2,손가락 펴기 (Open)
344.00,605.00,156.00,638.00,28.00,70.63,68.99,180.67,32.98,25.41,35.06,103.40,6.00,80.59,83.06,99.48,42.00,69.69,213.84,165.65,172.00,81.56,19.57,63.62,104.32,47.99,185.08,173.46,54.00,114.49,129.59,160.12,243.30,25.63,193.17,215.87,1.00,37.31,19.87,84.66,46.57,20.33,18.08,18.10,25.00,316.32,315.62,340.00,6.00,586.79,586.00,674.00,10.00,143.47,141.00,586.00,10.00,584.77,583.44,784.00,8.00,36.43,35.06,133.00,6.00,2,손가락 펴기 (Open)
352.00,594.00,156.00,594.00,28.00,84.69,75.55,195.19,48.66,11.52,42.62,87.51,22.00,81.17,72.73,89.66,53.00,59.35,214.88,162.08,183.00,81.56,19.57,63.62,104.32,47.99,185.08,173.46,54.00,82.06,85.80,118.36,265.44,48.68,149.28,226.44,43.00,40.15,18.79,84.18,49.48,17.80,19.67,17.91,22.00,317.40,316.62,340.00,6.00,586.08,585.31,674.00,10.00,143.47,141.00,565.00,9.00,581.87,580.69,751.00,11.00,36.28,34.88,131.00,6.00,2,손가락 펴기 (Open)
336.00,605.00,130.00,605.00,51.00,76.70,67.86,195.54,50.60,16.41,42.42,79.81,30.00,76.37,82.94,98.43,54.13,60.22,208.26,163.48,194.00,76.65,17.12,68.55,108.71,47.28,184.64,173.14,59.00,102.91,118.14,152.26,230.49,60.23,125.25,228.31,87.00,22.25,18.95,101.72,48.37,10.07,24.43,20.23,4.00,316.87,316.12,308.00,5.00,586.79,586.00,674.00,9.00,143.18,140.69,586.00,10.00,584.62,583.44,718.00,6.00,37.56,36.00,142.00,6.00,2,손가락 펴기 (Open)
312.00,616.00,145.00,627.00,31.00,91.99,82.32,180.47,35.78,31.50,34.12,68.11,46.00,58.09,101.20,96.71,86.70,28.96,240.89,148.80,161.00,81.57,21.82,66.10,106.45,51.76,180.89,174.89,64.00,111.44,123.93,149.43,245.38,73.85,119.53,234.79,65.00,35.03,26.50,94.53,34.53,24.05,26.50,26.89,10.00,317.83,317.12,308.00,5.00,588.89,588.06,674.00,9.00,143.50,141.00,573.00,10.00,586.06,584.81,707.00,5.00,36.66,35.12,139.00,6.00,2,손가락 펴기 (Open)
352.00,627.00,135.00,638.00,54.00,118.81,98.91,160.38,57.69,41.39,64.59,84.61,14.00,44.81,112.44,55.67,96.60,79.36,199.74,190.79,216.00,56.68,16.89,51.52,78.01,79.31,147.95,199.14,97.00,134.98,113.38,89.83,296.08,28.72,177.69,196.60,131.00,23.86,5.56,77.82,42.80,47.36,33.42,48.37,42.00,319.93,319.12,340.00,6.00,592.38,591.50,643.00,9.00,141.30,138.94,583.00,11.00,590.31,588.94,686.00,5.00,38.68,37.12,160.00,7.00,2,손가락 펴기 (Open)
296.00,572.00,135.00,510.00,24.00,101.79,106.81,145.49,48.00,72.43,93.23,99.45,18.00,59.88,106.47,15.77,62.23,83.86,202.99,149.98,174.00,56.94,49.76,20.40,64.33,87.81,171.46,167.83,64.00,131.91,133.91,115.89,314.46,57.14,205.76,174.55,161.00,26.43,9.07,73.82,39.70,47.88,33.85,46.13,38.00,317.98,317.12,396.00,7.00,594.81,594.12,612.00,9.00,139.07,136.88,525.00,10.00,588.64,587.06,814.00,6.00,38.82,37.38,182.00,8.00,2,손가락 펴기 (Open)
312.00,561.00,168.00,605.00,28.00,102.41,121.77,129.49,64.00,70.87,88.14,96.93,2.00,66.72,149.02,53.88,108.34,138.84,177.60,95.64,119.00,48.75,44.42,75.44,13.93,145.75,185.23,109.91,6.00,122.07,69.10,136.09,267.92,108.66,241.30,117.80,226.00,26.43,9.07,73.82,39.70,47.88,33.85,46.13,38.00,316.97,316.12,404.00,7.00,591.40,590.69,547.00,8.00,142.65,140.50,506.00,10.00,592.57,591.12,822.00,6.00,38.82,37.38,157.00,7.00,2,손가락 펴기 (Open)
320.00,572.00,145.00,605.00,33.00,102.41,121.77,129.49,64.00,70.87,88.14,96.93,2.00,44.71,118.06,59.78,124.81,154.44,149.25,71.26,87.00,50.58,27.95,73.41,30.41,152.57,179.46,94.93,11.00,129.96,84.70,114.43,251.75,109.79,240.34,96.56,248.00,2.53,28.65,59.58,26.68,39.27,10.92,46.97,62.00,316.97,316.12,365.00,7.00,593.28,592.69,460.00,7.00,141.50,139.44,459.00,9.00,591.14,589.75,767.00,5.00,37.04,35.88,156.00,7.00,2,손가락 펴기 (Open)
369.00,649.00,140.00,605.00,36.00,65.37,127.64,92.05,160.00,68.96,23.32,80.66,98.00,36.60,113.22,70.76,133.70,160.69,159.92,75.62,98.00,42.99,74.01,34.59,60.90,126.44,138.75,76.45,59.00,107.67,87.80,125.23,275.83,83.33,218.31,63.81,281.00,12.48,42.49,44.66,12.53,26.93,20.61,50.69,47.00,322.99,322.12,375.00,7.00,594.03,593.38,450.00,7.00,143.94,142.44,382.00,9.00,593.19,591.81,756.00,5.00,35.92,34.94,139.00,6.00,2,손가락 펴기 (Open)
328.00,594.00,140.00,583.00,39.00,64.92,142.85,77.91,160.80,54.21,32.21,81.79,82.00,18.69,134.95,94.16,114.84,119.38,142.36,83.82,55.00,54.71,61.12,68.20,53.15,92.46,105.20,91.70,93.00,107.67,87.80,125.23,275.83,83.33,218.31,63.81,281.00,5.82,39.56,47.45,11.18,19.94,23.86,56.65,39.00,323.98,323.12,408.00,7.00,596.61,596.06,473.00,8.00,141.60,140.31,333.00,8.00,593.19,591.81,735.00,6.00,36.41,35.44,139.00,6.00,2,손가락 펴기 (Open)
304.00,572.00,145.00,583.00,33.00,64.92,142.85,77.91,160.80,54.21,32.21,81.79,82.00,20.01,124.03,98.92,125.42,119.16,147.94,92.34,44.00,38.53,51.65,65.45,33.24,87.62,95.36,109.36,113.00,65.48,129.64,85.58,244.86,95.07,186.71,51.75,324.00,6.55,42.20,44.23,6.32,19.54,25.37,51.88,44.00,323.98,323.12,400.00,7.00,595.94,595.38,440.00,7.00,142.79,141.56,318.00,9.00,595.73,594.50,692.00,8.00,36.67,35.75,134.00,6.00,2,손가락 펴기 (Open)
320.00,616.00,130.00,572.00,28.00,76.12,139.00,75.53,163.17,39.45,24.21,69.35,98.00,38.90,107.56,120.82,121.50,98.93,126.56,71.25,66.00,17.81,31.22,89.14,43.93,67.21,89.65,84.40,88.00,76.39,123.81,85.27,236.89,106.01,187.43,57.79,335.00,6.90,31.43,54.92,14.32,10.67,35.81,40.92,55.00,322.96,322.12,408.00,7.00,594.50,594.00,418.00,4.00,144.07,143.12,258.00,9.00,595.06,593.81,625.00,5.00,36.03,35.06,139.00,6.00,2,손가락 펴기 (Open)
304.00,551.00,174.00,638.00,26.00,99.16,153.80,53.59,139.71,59.74,23.96,92.22,74.00,59.89,109.70,128.72,100.60,115.41,145.11,92.22,45.00,23.20,37.22,85.55,39.62,61.90,85.10,78.74,82.00,97.08,131.71,65.06,221.38,101.76,170.34,39.43,312.00,17.76,21.40,58.66,14.76,23.44,25.34,52.74,42.00,321.49,320.62,400.00,6.00,593.26,592.69,461.00,7.00,143.61,142.75,227.00,9.00,593.49,592.38,550.00,5.00,35.29,34.25,138.00,6.00,2,손가락 펴기 (Open)
352.00,605.00,151.00,605.00,33.00,52.13,105.92,95.83,157.78,74.65,47.52,139.97,26.00,49.99,100.73,136.19,100.00,113.55,149.06,102.28,34.00,22.80,31.88,72.30,31.91,81.16,39.24,54.57,36.00,70.93,59.58,143.45,165.85,181.71,85.34,51.39,227.00,25.22,23.87,52.74,8.06,22.80,26.99,46.68,51.00,324.54,323.62,425.00,7.00,593.95,593.38,515.00,8.00,146.15,145.62,220.00,5.00,598.51,597.69,520.00,7.00,34.69,33.69,142.00,6.00,2,손가락 펴기 (Open)
352.00,627.00,140.00,627.00,39.00,44.31,69.03,121.21,103.08,126.50,73.79,83.44,97.00,38.82,68.19,167.24,67.00,145.62,164.28,82.38,67.00,27.48,36.83,67.71,27.80,76.43,42.54,53.95,41.00,103.17,16.10,155.53,129.83,159.06,120.19,33.70,271.00,25.22,23.87,52.74,8.06,22.80,26.99,46.68,51.00,328.84,328.06,410.00,7.00,596.07,595.44,504.00,9.00,146.44,145.94,221.00,6.00,601.28,600.44,531.00,7.00,34.69,33.69,137.00,6.00,2,손가락 펴기 (Open)
320.00,605.00,135.00,583.00,31.00,66.89,85.57,111.29,85.80,108.28,50.03,93.44,73.00,69.78,57.33,176.42,80.16,126.02,121.65,97.30,23.00,21.00,29.56,75.32,34.83,76.54,43.50,50.20,51.00,113.98,8.21,148.16,137.21,151.75,117.95,29.61,260.00,24.50,21.23,53.21,7.07,21.09,29.82,46.43,48.00,330.24,329.56,394.00,7.00,598.75,598.19,482.00,8.00,145.84,145.31,215.00,5.00,601.94,601.12,509.00,7.00,34.85,33.88,145.00,7.00,2,손가락 펴기 (Open)
328.00,605.00,130.00,605.00,45.00,51.02,69.64,127.27,74.41,115.26,42.90,97.24,57.00,69.78,57.33,176.42,80.16,126.02,121.65,97.30,23.00,31.00,40.92,72.84,27.29,52.45,61.61,69.64,25.00,82.04,30.89,179.83,115.68,120.70,139.86,29.19,227.00,32.59,23.59,40.06,10.05,17.63,16.54,55.88,65.00,329.22,328.56,394.00,7.00,598.75,598.19,471.00,7.00,144.24,143.69,220.00,9.00,599.81,599.06,487.00,7.00,35.95,34.94,159.00,8.00,2,손가락 펴기 (Open)
320.00,572.00,168.00,627.00,39.00,28.81,55.28,144.04,54.56,83.59,39.82,104.54,89.00,48.81,35.56,196.44,94.05,106.93,129.70,104.25,45.00,20.10,28.92,83.69,39.20,44.03,73.50,81.44,13.00,109.47,31.65,178.41,90.55,125.02,172.84,48.06,194.00,42.82,34.31,30.05,15.62,27.20,18.29,46.26,54.00,327.17,326.56,386.00,9.00,597.41,596.81,493.00,7.00,145.08,144.44,232.00,9.00,601.90,601.12,498.00,6.00,36.58,35.62,142.00,7.00,2,손가락 펴기 (Open)
304.00,594.00,125.00,583.00,31.00,42.51,77.32,130.84,84.48,95.91,61.51,85.26,57.00,41.55,30.71,196.64,102.18,105.56,133.67,96.53,34.00,25.05,32.73,80.18,39.01,46.60,76.66,86.33,8.00,97.18,11.12,157.87,107.65,146.86,188.66,62.29,172.00,22.91,21.09,34.31,32.31,43.80,22.52,26.75,34.00,325.21,324.56,378.00,8.00,596.72,596.12,504.00,7.00,144.81,144.12,260.00,9.00,600.54,599.75,520.00,7.00,35.15,34.38,130.00,7.00,2,손가락 펴기 (Open)
344.00,605.00,135.00,583.00,39.00,16.65,45.83,162.77,81.39,81.50,93.19,63.49,25.00,40.46,37.13,186.74,95.44,116.06,123.51,106.59,45.00,34.79,35.46,84.75,49.01,36.84,78.04,78.29,18.00,102.25,33.04,130.60,89.82,131.45,191.21,58.38,216.00,30.12,19.59,39.75,30.27,44.09,23.16,18.80,26.00,327.22,326.56,378.00,8.00,596.02,595.44,504.00,8.00,144.20,143.50,260.00,8.00,597.77,597.00,509.00,7.00,35.65,34.88,115.00,7.00,2,손가락 펴기 (Open)
304.00,572.00,130.00,551.00,36.00,61.81,81.92,148.12,33.96,34.02,128.66,36.20,23.00,80.69,92.12,149.59,59.62,91.92,175.84,51.59,10.00,39.05,33.97,89.70,49.16,37.89,73.92,80.82,13.00,172.74,113.69,195.25,18.03,77.07,129.99,67.65,129.00,21.44,34.67,24.57,12.65,29.83,20.93,9.73,8.00,324.20,323.56,362.00,8.00,592.55,592.00,482.00,8.00,143.91,143.19,265.00,8.00,592.33,591.56,413.00,6.00,34.20,33.75,88.00,6.00,2,손가락 펴기 (Open)
304.00,583.00,156.00,605.00,33.00,54.03,80.01,141.37,33.00,30.08,130.35,33.02,31.00,69.74,84.58,144.01,49.65,101.23,181.60,41.60,21.00,30.95,53.00,86.61,70.11,25.07,53.32,86.77,8.00,78.20,99.73,129.37,77.01,20.15,42.73,138.27,34.00,21.26,26.48,23.09,17.69,21.62,18.57,16.48,1.00,324.66,324.06,346.00,8.00,593.22,592.69,482.00,8.00,145.23,144.50,258.00,8.00,597.90,597.50,372.00,6.00,34.66,34.31,87.00,6.00,2,손가락 펴기 (Open)
328.00,583.00,174.00,616.00,20.00,42.38,89.93,128.45,17.00,22.07,139.29,44.96,15.00,49.14,89.00,122.16,44.01,84.73,187.39,58.17,1.00,33.20,58.48,92.12,70.71,31.07,56.71,86.90,2.00,67.58,109.69,136.32,77.65,23.25,53.72,131.27,45.00,24.16,29.78,30.58,23.85,23.84,13.82,24.44,9.00,325.65,325.06,362.00,9.00,594.54,594.06,471.00,8.00,145.67,144.88,253.00,8.00,598.60,598.19,383.00,6.00,34.31,33.81,95.00,6.00,2,손가락 펴기 (Open)
361.00,605.00,120.00,540.00,39.00,49.46,130.91,145.03,44.38,62.88,98.89,9.75,56.00,36.06,119.47,117.87,77.01,77.65,158.53,48.16,32.00,21.61,54.23,76.47,95.52,47.20,58.69,100.31,23.00,125.01,54.40,77.47,142.35,88.11,108.76,130.36,110.00,19.71,31.71,27.08,21.19,29.83,8.50,30.21,15.00,328.32,327.62,346.00,8.00,596.58,596.12,416.00,8.00,144.25,143.31,302.00,8.00,594.70,594.12,459.00,7.00,34.71,34.19,111.00,7.00,2,손가락 펴기 (Open)
304.00,561.00,174.00,627.00,28.00,35.27,94.68,81.47,63.13,108.29,57.11,59.16,121.00,81.72,55.39,49.09,116.18,32.96,75.58,115.63,120.00,46.88,36.78,62.99,97.98,50.85,52.17,131.14,57.00,109.76,58.06,76.23,142.51,98.01,119.30,144.42,132.00,27.16,24.41,23.18,13.89,33.42,1.42,36.93,23.00,324.13,323.56,362.00,9.00,590.98,590.62,405.00,9.00,146.54,145.44,356.00,7.00,596.12,595.50,524.00,7.00,34.24,33.69,119.00,8.00,2,손가락 펴기 (Open)
336.00,605.00,130.00,605.00,48.00,33.56,91.42,82.73,58.25,107.33,61.16,66.22,129.00,74.60,51.86,60.08,109.20,27.47,73.25,126.63,131.00,36.90,45.33,72.77,88.32,44.85,46.68,141.13,67.00,105.30,52.89,57.62,164.44,112.04,125.60,124.70,110.00,18.20,33.12,32.18,20.00,29.28,9.77,43.08,32.00,324.64,324.06,370.00,9.00,591.67,591.31,427.00,9.00,145.96,144.81,395.00,9.00,597.49,596.88,546.00,7.00,34.95,34.25,133.00,8.00,2,손가락 펴기 (Open)
312.00,594.00,140.00,572.00,31.00,36.68,84.12,76.26,65.00,114.98,53.34,61.25,121.00,72.24,35.17,70.67,127.42,49.46,62.55,106.63,109.00,32.22,50.13,75.65,89.81,49.79,51.49,136.56,62.00,102.70,61.42,67.38,165.60,122.34,135.76,113.77,99.00,19.97,32.09,31.43,21.26,27.28,11.41,43.96,34.00,325.11,324.56,378.00,10.00,593.03,592.69,394.00,8.00,145.66,144.50,390.00,8.00,596.83,596.19,568.00,8.00,34.83,34.12,145.00,9.00,2,손가락 펴기 (Open)
304.00,627.00,92.00,572.00,64.00,26.17,99.34,90.50,58.52,125.66,40.67,59.70,105.00,77.52,24.27,65.76,133.45,46.16,72.71,114.08,120.00,27.19,76.35,64.98,126.37,54.83,26.50,164.97,100.00,102.70,61.42,67.38,165.60,122.34,135.76,113.77,99.00,27.41,41.26,25.00,24.41,34.62,40.22,59.20,70.00,324.15,323.56,370.00,10.00,593.75,593.38,362.00,7.00,143.84,142.12,394.00,7.00,596.83,596.19,502.00,7.00,37.69,36.38,176.00,10.00,2,손가락 펴기 (Open)
273.00,605.00,174.00,720.00,45.00,19.44,117.32,94.51,88.65,140.63,51.54,54.65,136.00,125.59,37.16,11.77,94.63,29.87,32.23,106.15,66.00,27.19,76.35,64.98,126.37,54.83,26.50,164.97,100.00,176.61,67.85,147.17,194.73,199.58,130.16,185.16,181.00,46.20,44.36,20.59,38.59,18.46,35.19,55.72,51.00,322.42,321.62,353.00,9.00,597.02,596.75,330.00,8.00,143.84,142.12,453.00,8.00,602.63,601.31,617.00,8.00,38.79,37.56,188.00,10.00,2,손가락 펴기 (Open)
361.00,684.00,84.00,480.00,28.00,19.90,118.15,101.62,87.37,149.44,51.21,52.88,145.00,204.57,114.22,75.04,55.04,99.59,73.01,97.69,145.00,93.81,66.86,51.24,63.06,98.06,92.89,186.49,167.00,52.35,57.26,134.53,112.01,293.18,246.00,287.52,306.00,41.42,46.56,24.88,41.40,20.88,38.84,57.73,46.00,323.04,322.19,441.00,10.00,602.33,601.69,387.00,8.00,140.38,137.94,532.00,11.00,595.55,593.50,835.00,9.00,38.54,37.25,199.00,10.00,2,손가락 펴기 (Open)
288.00,561.00,140.00,638.00,54.00,53.89,77.86,57.55,24.35,173.58,48.25,60.03,209.00,146.45,90.29,70.16,11.18,148.65,114.59,112.54,211.00,93.81,66.86,51.24,63.06,98.06,92.89,186.49,167.00,61.78,50.51,123.54,101.77,291.45,255.65,294.78,317.00,53.72,32.42,16.43,30.81,35.67,53.81,69.69,31.00,319.06,318.19,482.00,9.00,598.25,597.56,488.00,9.00,140.38,137.94,583.00,11.00,596.28,594.19,949.00,9.00,39.66,38.19,217.00,10.00,2,손가락 펴기 (Open)
296.00,583.00,168.00,616.00,26.00,74.05,56.45,76.23,28.02,188.41,56.45,57.70,185.00,135.52,106.37,92.16,26.40,154.03,113.45,111.73,189.00,72.59,98.46,50.53,37.01,130.46,96.32,198.23,134.00,86.50,65.79,114.10,94.19,323.50,248.06,285.42,284.00,50.83,37.12,12.80,26.91,37.29,57.26,74.60,26.00,317.60,316.69,482.00,9.00,596.88,596.19,510.00,9.00,142.58,140.00,606.00,8.00,598.35,596.25,949.00,8.00,39.43,37.88,231.00,10.00,2,손가락 펴기 (Open)
352.00,638.00,130.00,616.00,42.00,61.41,80.02,58.13,16.03,211.30,80.02,72.38,161.00,141.33,73.65,85.48,50.12,186.95,139.60,129.65,156.00,72.59,98.46,50.53,37.01,130.46,96.32,198.23,134.00,93.09,76.77,123.63,105.17,317.23,241.86,283.87,295.00,50.38,38.54,9.97,25.00,39.46,57.31,71.68,29.00,319.21,318.19,530.00,10.00,599.02,598.25,532.00,9.00,142.58,140.00,606.00,8.00,599.05,596.94,927.00,8.00,39.23,37.69,241.00,11.00,2,손가락 펴기 (Open)
328.00,605.00,135.00,594.00,39.00,61.91,84.95,62.03,24.02,210.62,73.68,65.02,169.00,141.90,60.45,116.49,72.01,174.98,107.50,101.79,189.00,71.91,96.13,45.99,30.68,152.03,65.21,167.52,167.00,89.19,56.63,100.09,108.42,336.60,209.66,269.16,328.00,50.38,38.54,9.97,25.00,39.46,57.31,71.68,29.00,319.71,318.69,538.00,9.00,601.05,600.31,543.00,9.00,140.38,137.94,568.00,10.00,596.95,594.88,905.00,8.00,39.23,37.69,236.00,10.00,2,손가락 펴기 (Open)
304.00,583.00,151.00,638.00,36.00,61.91,84.95,62.03,24.02,210.62,73.68,65.02,169.00,145.11,54.85,109.82,79.21,183.68,102.50,91.18,200.00,80.78,77.76,20.90,10.44,176.22,60.86,141.52,193.00,81.55,64.28,88.47,56.82,389.82,165.23,232.86,383.00,47.47,42.93,5.72,22.36,40.04,52.32,74.45,24.00,319.71,318.69,522.00,9.00,600.37,599.62,554.00,9.00,141.96,139.56,574.00,11.00,600.45,598.31,949.00,9.00,39.49,38.00,231.00,9.00,2,손가락 펴기 (Open)
352.00,616.00,156.00,605.00,20.00,68.41,79.01,64.25,16.03,216.70,79.01,57.60,177.00,138.06,65.34,104.33,71.70,193.21,106.89,80.26,211.00,98.07,56.94,15.95,31.14,176.51,47.60,161.25,172.00,80.14,63.83,69.68,70.01,387.01,168.05,251.95,361.00,64.06,25.55,24.34,10.05,58.74,41.97,80.81,5.00,320.26,319.19,530.00,9.00,601.07,600.31,554.00,9.00,143.30,140.88,574.00,9.00,601.81,599.69,950.00,9.00,38.59,36.81,244.00,9.00,2,손가락 펴기 (Open)
369.00,627.00,135.00,661.00,61.00,132.78,14.07,46.34,67.91,244.06,14.07,112.96,112.00,94.10,116.56,49.74,119.23,206.93,57.61,130.95,156.00,103.02,52.98,20.95,32.02,171.77,52.45,157.52,177.00,113.91,88.69,62.58,167.33,294.73,246.92,143.02,471.00,39.09,39.75,29.35,35.01,74.71,56.43,86.05,20.00,324.50,323.25,547.00,9.00,604.49,603.75,554.00,9.00,143.59,141.19,569.00,9.00,608.70,606.56,952.00,11.00,40.51,38.38,282.00,10.00,2,손가락 펴기 (Open)
304.00,605.00,156.00,638.00,24.00,132.78,14.07,46.34,67.91,244.06,14.07,112.96,112.00,74.46,128.75,49.90,129.32,184.93,79.44,114.99,178.00,103.02,52.98,20.95,32.02,171.77,52.45,157.52,177.00,131.58,99.63,92.31,160.80,323.96,214.57,175.45,438.00,47.69,39.77,20.79,36.40,72.14,65.42,86.19,29.00,324.50,323.25,588.00,9.00,605.84,605.12,576.00,8.00,143.59,141.19,572.00,10.00,610.80,608.62,964.00,10.00,40.11,37.81,306.00,11.00,2,손가락 펴기 (Open)
387.00,627.00,145.00,616.00,42.00,182.31,62.02,24.49,17.46,263.64,59.26,146.85,53.00,31.46,130.78,93.59,94.76,206.20,62.04,136.66,134.00,81.74,41.22,46.28,48.27,161.09,53.60,161.47,148.00,131.58,99.63,92.31,160.80,323.96,214.57,175.45,438.00,33.19,26.34,30.54,16.40,50.55,82.17,81.87,51.00,328.53,326.94,638.00,10.00,608.58,607.88,576.00,9.00,141.56,139.38,529.00,11.00,610.80,608.62,910.00,9.00,41.16,39.19,305.00,10.00,2,손가락 펴기 (Open)
304.00,583.00,156.00,583.00,20.00,152.05,33.11,34.89,73.33,229.49,111.94,176.81,4.00,53.43,143.85,85.70,111.61,195.06,77.90,144.08,112.00,99.06,72.90,35.31,76.54,125.32,87.23,159.51,112.00,133.85,65.21,55.92,170.53,283.58,227.59,203.37,395.00,39.84,44.33,41.21,15.81,42.34,87.45,75.38,70.00,324.91,323.38,664.00,10.00,607.24,606.50,576.00,10.00,143.74,141.62,486.00,8.00,613.26,611.31,856.00,9.00,40.30,38.00,316.00,11.00,2,손가락 펴기 (Open)
369.00,616.00,130.00,594.00,42.00,166.25,43.61,52.66,102.53,165.55,154.33,205.88,69.00,23.17,89.18,53.11,150.80,140.37,132.66,155.45,57.00,96.77,37.50,12.67,67.36,110.33,127.55,150.89,68.00,143.43,98.19,86.95,140.04,261.72,258.46,218.28,362.00,39.50,33.07,28.91,28.46,54.18,83.03,68.14,84.00,329.09,327.44,697.00,10.00,610.56,609.94,565.00,11.00,140.80,138.88,468.00,10.00,611.21,609.25,845.00,8.00,41.05,38.88,318.00,11.00,2,손가락 펴기 (Open)
296.00,540.00,192.00,627.00,31.00,170.06,49.50,30.45,79.20,163.25,163.18,218.05,109.00,53.69,146.41,117.85,123.56,138.23,181.94,168.07,8.00,82.17,67.68,66.97,8.60,166.20,164.27,136.01,6.00,128.57,83.67,87.16,132.28,272.95,278.46,222.52,340.00,33.93,37.66,30.30,28.16,68.17,69.05,56.50,101.00,326.68,324.94,746.00,10.00,606.74,605.88,630.00,12.00,145.17,142.75,520.00,9.00,612.59,610.62,845.00,9.00,40.02,37.81,312.00,11.00,2,손가락 펴기 (Open)
336.00,638.00,130.00,540.00,18.00,157.63,26.52,14.71,58.25,186.12,154.48,219.50,133.00,36.32,135.04,106.25,80.96,181.64,195.55,173.62,52.00,85.40,66.37,62.12,5.83,173.18,164.68,132.27,4.00,157.43,84.71,56.79,163.25,304.50,291.62,220.02,308.00,29.99,36.22,22.73,40.79,71.12,81.98,68.04,88.00,328.16,326.44,778.00,11.00,609.52,608.62,695.00,12.00,144.58,142.12,534.00,10.00,610.77,608.62,932.00,10.00,39.52,37.00,292.00,10.00,2,손가락 펴기 (Open)
344.00,561.00,135.00,490.00,31.00,129.53,18.29,25.76,48.51,163.97,190.77,233.65,93.00,57.77,106.77,55.69,119.21,222.71,182.92,176.98,118.00,63.17,49.54,45.88,48.09,162.05,140.34,108.00,47.00,239.42,80.56,57.56,165.25,296.50,326.18,262.93,390.00,32.27,28.75,10.27,47.17,38.29,66.09,35.09,121.00,330.62,328.94,755.00,11.00,605.49,604.50,750.00,9.00,146.68,144.81,457.00,9.00,606.30,603.50,834.00,7.00,36.96,34.94,286.00,11.00,2,손가락 펴기 (Open)
245.00,540.00,135.00,638.00,64.00,154.64,10.85,32.42,21.19,183.07,216.85,255.12,65.00,108.56,65.09,13.20,91.79,254.31,234.08,197.65,53.00,92.45,82.29,83.06,60.00,124.73,103.81,83.27,86.00,316.87,95.79,136.68,89.19,221.39,247.12,194.35,308.00,33.63,40.92,17.55,64.08,33.04,76.90,18.04,140.00,329.25,327.19,766.00,11.00,601.64,600.44,692.00,9.00,144.09,142.38,367.00,8.00,600.54,598.38,742.00,7.00,38.67,36.12,302.00,10.00,2,손가락 펴기 (Open)
304.00,616.00,145.00,616.00,28.00,211.63,67.06,88.43,67.05,132.91,199.49,200.73,122.00,161.77,28.59,80.02,25.94,188.76,168.20,151.72,121.00,34.10,32.96,68.89,38.28,95.59,51.73,51.37,147.00,228.02,177.17,170.20,196.70,145.98,140.76,75.38,172.00,33.63,40.92,17.55,64.08,33.04,76.90,18.04,140.00,325.63,323.62,752.00,10.00,597.03,596.19,645.00,9.00,147.09,146.19,321.00,10.00,608.24,606.88,606.00,8.00,38.67,36.12,312.00,10.00,2,손가락 펴기 (Open)
336.00,605.00,135.00,583.00,33.00,167.89,50.57,88.14,69.86,149.87,230.35,152.81,170.00,139.59,62.40,78.31,39.41,190.38,152.58,117.77,165.00,39.08,31.96,64.00,33.62,99.68,52.06,49.24,152.00,240.39,124.09,118.28,224.02,193.24,158.54,35.40,117.00,16.89,32.16,30.18,83.82,23.26,62.51,29.44,119.00,328.49,326.62,776.00,11.00,599.71,598.94,634.00,9.00,146.79,145.88,303.00,9.00,604.78,603.44,617.00,7.00,37.16,34.81,289.00,10.00,2,손가락 펴기 (Open)
312.00,572.00,135.00,561.00,33.00,158.09,63.57,104.04,84.76,134.00,214.35,167.32,154.00,140.07,52.27,67.45,46.69,201.08,158.64,107.76,176.00,71.25,21.12,52.47,55.47,74.34,33.29,76.26,119.00,243.77,110.79,131.12,270.41,156.12,106.91,83.46,172.00,23.09,28.55,24.60,82.00,29.58,63.91,33.51,112.00,329.42,327.62,744.00,11.00,599.04,598.25,612.00,9.00,144.65,143.81,265.00,8.00,601.43,600.00,639.00,7.00,37.51,35.25,273.00,9.00,2,손가락 펴기 (Open)
320.00,616.00,130.00,605.00,42.00,168.22,33.37,93.13,100.00,129.69,192.94,190.85,122.00,135.00,49.37,58.69,63.81,189.16,137.02,129.74,154.00,71.25,21.12,52.47,55.47,74.34,33.29,76.26,119.00,241.63,118.76,142.10,265.21,150.56,117.30,72.50,161.00,23.09,28.55,24.60,82.00,29.58,63.91,33.51,112.00,327.37,325.62,728.00,11.00,597.60,596.88,623.00,10.00,144.65,143.81,265.00,8.00,600.73,599.31,661.00,7.00,37.51,35.25,279.00,10.00,2,손가락 펴기 (Open)
320.00,605.00,130.00,561.00,42.00,168.58,31.81,99.91,106.51,122.38,192.21,187.20,130.00,135.00,49.37,58.69,63.81,189.16,137.02,129.74,154.00,74.27,16.57,56.35,51.40,79.34,28.45,81.03,114.00,225.65,151.72,156.33,236.33,183.41,106.67,102.84,194.00,25.90,25.87,27.59,82.71,28.56,66.82,33.40,109.00,326.88,325.12,704.00,10.00,597.60,596.88,612.00,9.00,144.36,143.50,249.00,7.00,598.74,597.25,661.00,7.00,37.71,35.44,276.00,10.00,2,손가락 펴기 (Open)
266.00,540.00,135.00,540.00,36.00,160.58,63.52,132.36,90.71,152.49,222.32,193.31,92.00,103.45,92.28,98.06,35.74,230.97,135.22,164.10,111.00,80.22,4.85,54.46,43.66,75.31,38.84,69.40,130.00,166.51,229.51,125.98,298.61,180.06,95.71,71.65,96.00,25.90,25.87,27.59,82.71,28.56,66.82,33.40,109.00,324.80,322.75,710.00,9.00,595.07,594.19,644.00,9.00,143.37,142.50,249.00,7.00,592.69,591.12,649.00,7.00,37.71,35.44,266.00,9.00,2,손가락 펴기 (Open)
296.00,594.00,130.00,572.00,28.00,143.01,117.19,139.83,38.83,171.76,167.57,208.28,148.00,84.63,108.33,102.18,57.07,228.06,118.74,152.44,133.00,86.34,29.72,32.48,68.66,54.77,44.73,81.94,104.00,144.10,240.59,97.05,321.96,147.53,112.23,56.57,129.00,30.25,30.45,23.00,81.05,25.81,65.35,28.39,101.00,321.29,319.25,723.00,11.00,593.67,592.81,687.00,10.00,141.74,140.88,233.00,6.00,590.64,589.06,625.00,7.00,38.03,35.94,233.00,9.00,2,손가락 펴기 (Open)
336.00,605.00,145.00,661.00,51.00,129.49,137.93,117.30,63.63,139.04,186.72,186.15,115.00,63.32,112.76,86.32,65.00,208.77,140.74,156.31,111.00,86.97,22.78,41.79,67.19,45.65,54.45,85.03,94.00,144.10,240.59,97.05,321.96,147.53,112.23,56.57,129.00,28.94,20.48,32.98,71.20,34.51,57.78,20.97,91.00,319.02,317.19,698.00,11.00,592.25,591.44,676.00,10.00,142.35,141.50,227.00,6.00,590.64,589.06,691.00,8.00,37.10,35.31,219.00,9.00,2,손가락 펴기 (Open)
320.00,583.00,145.00,551.00,24.00,140.34,138.99,132.82,57.28,135.99,185.93,172.34,99.00,41.49,104.31,65.87,47.38,226.65,126.18,160.99,133.00,82.13,23.61,42.52,56.22,47.74,63.97,85.49,83.00,58.66,164.39,143.03,264.88,209.28,188.75,49.14,216.00,28.94,20.48,32.98,71.20,34.51,57.78,20.97,91.00,319.99,318.19,631.00,10.00,590.86,590.06,676.00,11.00,141.63,140.81,216.00,6.00,585.14,583.62,779.00,9.00,37.10,35.31,228.00,9.00,2,손가락 펴기 (Open)
352.00,594.00,140.00,561.00,28.00,108.78,113.43,131.74,25.61,167.18,162.89,137.89,64.00,21.80,76.72,74.92,34.00,235.45,126.36,142.73,100.00,78.66,21.79,47.43,56.00,42.76,62.65,87.03,88.00,6.49,110.52,194.00,311.89,165.15,174.09,52.31,161.00,40.36,23.71,24.37,85.00,32.52,49.11,7.16,77.00,317.46,316.00,580.00,9.00,588.73,588.00,643.00,11.00,141.31,140.50,210.00,7.00,581.67,580.19,756.00,7.00,36.26,34.44,210.00,8.00,2,손가락 펴기 (Open)
296.00,530.00,198.00,661.00,20.00,100.84,105.45,139.42,21.54,161.46,170.81,145.75,72.00,62.68,24.49,127.75,87.00,182.55,163.92,186.80,153.00,118.10,61.88,43.22,14.00,43.60,92.02,119.32,130.00,79.28,164.68,204.35,283.05,204.86,230.55,125.48,83.00,40.36,23.71,24.37,85.00,32.52,49.11,7.16,77.00,316.99,315.50,571.00,9.00,585.59,584.69,674.00,11.00,144.56,143.12,242.00,7.00,586.86,585.06,845.00,8.00,36.26,34.44,196.00,7.00,2,손가락 펴기 (Open)
378.00,616.00,151.00,594.00,20.00,109.55,112.41,134.04,13.60,165.16,178.07,153.38,81.00,62.68,24.49,127.75,87.00,182.55,163.92,186.80,153.00,138.99,80.00,64.22,25.24,22.95,71.40,98.73,109.00,79.28,164.68,204.35,283.05,204.86,230.55,125.48,83.00,61.81,44.08,26.94,63.35,21.51,68.75,16.08,55.00,317.65,316.06,580.00,9.00,585.59,584.69,684.00,11.00,145.83,144.44,227.00,6.00,586.86,585.06,879.00,8.00,35.07,33.06,185.00,6.00,2,손가락 펴기 (Open)
369.00,583.00,186.00,661.00,26.00,173.80,141.41,183.73,65.92,92.36,180.75,124.81,8.00,30.20,42.64,162.49,130.00,157.74,141.64,145.97,110.00,133.71,78.28,62.16,22.47,22.91,68.37,92.82,103.00,104.56,147.71,221.53,293.43,210.25,252.24,155.30,49.00,66.07,46.72,31.89,62.51,17.32,64.17,11.19,60.00,322.39,320.62,549.00,8.00,588.16,587.38,619.00,11.00,145.34,144.06,200.00,5.00,589.19,587.19,859.00,7.00,34.81,32.75,178.00,6.00,2,손가락 펴기 (Open)
352.00,572.00,135.00,540.00,28.00,185.56,140.34,197.82,70.38,98.18,167.27,121.87,24.00,74.57,70.90,115.92,145.79,92.48,176.38,107.85,44.00,136.88,75.87,58.42,17.89,27.76,69.97,88.68,98.00,104.56,147.71,221.53,293.43,210.25,252.24,155.30,49.00,60.57,49.54,30.84,52.61,10.02,61.37,6.86,70.00,323.45,321.62,558.00,8.00,583.90,583.25,553.00,10.00,145.63,144.38,246.00,6.00,589.19,587.19,930.00,8.00,35.22,33.38,167.00,6.00,2,손가락 펴기 (Open)
312.00,561.00,162.00,583.00,31.00,173.66,164.73,202.94,100.69,80.49,135.99,109.74,56.00,74.57,70.90,115.92,145.79,92.48,176.38,107.85,44.00,147.33,50.83,35.61,24.84,25.22,46.71,105.69,125.00,151.20,73.77,131.32,274.26,139.38,194.36,205.88,44.00,60.57,49.54,30.84,52.61,10.02,61.37,6.86,70.00,321.42,319.62,499.00,8.00,583.90,583.25,543.00,10.00,147.34,146.06,273.00,3.00,594.46,593.00,825.00,7.00,35.22,33.38,137.00,5.00,2,손가락 펴기 (Open)
304.00,470.00,224.00,510.00,6.00,177.98,106.70,144.92,102.14,21.63,116.59,87.70,115.00,119.30,125.58,185.15,130.06,155.64,233.51,149.82,26.00,178.89,43.52,106.63,106.71,63.84,135.49,109.07,36.00,152.24,135.32,189.88,146.49,230.49,80.48,280.45,172.00,71.79,22.14,43.92,10.00,48.40,12.73,52.59,12.00,324.55,323.31,448.00,8.00,580.11,578.88,558.00,7.00,153.97,151.62,325.00,5.00,586.68,585.00,876.00,7.00,31.41,29.75,126.00,5.00,2,손가락 펴기 (Open)
361.00,616.00,125.00,530.00,26.00,178.45,90.51,121.67,157.29,66.00,92.00,124.62,58.00,119.30,125.58,185.15,130.06,155.64,233.51,149.82,26.00,175.69,26.52,94.78,112.01,74.21,149.76,124.84,16.00,223.59,175.47,178.00,163.68,168.17,166.47,256.74,86.00,72.27,24.10,45.55,8.49,47.57,14.40,50.82,14.00,328.18,326.88,473.00,8.00,580.11,578.88,693.00,8.00,152.87,150.38,414.00,4.00,581.41,579.62,863.00,9.00,31.30,29.62,141.00,4.00,2,손가락 펴기 (Open)
296.00,540.00,162.00,605.00,42.00,191.35,68.15,91.70,170.00,79.56,63.33,163.41,18.00,144.83,112.01,140.05,143.60,140.22,208.76,214.74,91.00,170.01,38.88,81.92,87.21,65.34,153.68,151.32,11.00,201.67,178.29,197.67,144.40,180.30,182.52,263.49,64.00,74.04,17.38,48.23,16.16,54.22,23.23,45.61,23.00,325.77,324.38,514.00,8.00,576.08,574.81,736.00,8.00,154.50,152.06,451.00,7.00,582.81,581.00,916.00,9.00,31.97,30.19,157.00,5.00,2,손가락 펴기 (Open)
273.00,572.00,130.00,551.00,22.00,221.51,36.22,56.03,205.99,106.12,101.91,125.22,57.00,144.83,112.01,140.05,143.60,140.22,208.76,214.74,91.00,172.58,39.02,86.91,85.09,60.51,151.12,156.21,16.00,211.24,170.10,190.40,139.54,190.02,183.54,270.37,54.00,67.95,19.60,37.23,22.67,64.10,31.05,45.34,34.00,323.57,321.94,529.00,8.00,576.08,574.81,724.00,7.00,154.23,151.75,478.00,8.00,582.21,580.38,926.00,9.00,31.37,29.50,168.00,6.00,2,손가락 펴기 (Open)
336.00,572.00,156.00,616.00,33.00,205.99,52.18,55.96,212.12,120.40,114.89,112.65,73.00,144.36,68.18,139.32,131.11,114.17,166.49,246.63,135.00,152.27,25.25,79.75,109.42,49.05,126.18,178.28,42.00,202.81,180.97,186.58,149.40,192.10,177.04,280.51,43.00,61.07,19.04,34.79,29.41,64.92,31.11,41.87,25.00,324.58,322.94,592.00,9.00,573.24,572.06,713.00,7.00,155.73,153.38,504.00,9.00,582.93,581.06,947.00,9.00,30.70,28.94,179.00,7.00,2,손가락 펴기 (Open)
336.00,583.00,151.00,561.00,28.00,190.15,65.04,42.94,226.77,122.16,112.76,120.72,57.00,140.52,52.78,160.72,109.33,101.55,177.53,237.24,113.00,132.60,14.80,98.54,104.81,34.24,145.21,166.21,21.00,202.81,180.97,186.58,149.40,192.10,177.04,280.51,43.00,48.18,15.89,47.33,24.19,51.40,21.49,51.93,39.00,325.59,323.94,538.00,9.00,571.81,570.69,659.00,7.00,156.91,154.69,504.00,10.00,582.93,581.06,981.00,10.00,29.68,28.06,178.00,8.00,2,손가락 펴기 (Open)
304.00,540.00,168.00,616.00,28.00,158.83,82.34,18.93,214.90,85.44,92.16,119.36,95.00,140.52,52.78,160.72,109.33,101.55,177.53,237.24,113.00,99.60,25.35,124.45,72.18,66.94,136.45,174.81,54.00,211.51,185.70,167.44,87.05,134.33,122.55,351.88,33.00,40.20,13.22,53.28,16.28,56.82,29.31,44.29,31.00,327.66,326.31,540.00,10.00,571.81,570.69,648.00,7.00,158.89,156.75,516.00,9.00,587.63,585.81,1004.00,9.00,29.14,27.56,170.00,6.00,2,손가락 펴기 (Open)
361.00,649.00,125.00,583.00,28.00,139.08,100.04,82.63,152.43,136.84,154.45,103.99,30.00,186.34,33.76,195.89,55.66,127.33,225.55,222.45,168.00,104.22,24.13,125.48,71.45,68.56,139.46,174.70,59.00,218.67,180.52,177.49,95.43,129.59,121.03,343.57,22.00,40.20,13.22,53.28,16.28,56.82,29.31,44.29,31.00,331.71,330.38,557.00,10.00,575.54,574.12,746.00,8.00,158.64,156.44,544.00,10.00,588.30,586.50,948.00,9.00,29.14,27.56,147.00,6.00,2,손가락 펴기 (Open)
328.00,540.00,180.00,616.00,33.00,136.93,101.74,79.21,150.00,136.25,161.27,101.65,22.00,121.90,84.22,138.89,71.51,112.66,287.66,196.60,233.00,82.98,28.31,91.14,106.30,49.40,174.24,164.24,94.00,179.23,223.66,148.60,76.30,84.60,91.01,326.39,23.00,29.03,4.88,35.42,34.13,38.82,37.02,29.25,13.00,331.21,329.88,574.00,10.00,571.48,570.06,833.00,9.00,160.86,158.62,599.00,11.00,585.24,583.69,871.00,9.00,27.47,26.44,125.00,5.00,2,손가락 펴기 (Open)
320.00,605.00,135.00,583.00,24.00,136.93,101.74,79.21,150.00,136.25,161.27,101.65,22.00,143.41,64.62,135.98,89.04,93.23,299.23,184.04,255.00,84.57,29.73,97.30,107.52,39.45,182.09,158.85,104.00,210.85,196.66,133.41,45.22,78.87,60.26,329.98,55.00,29.03,4.88,35.42,34.13,38.82,37.02,29.25,13.00,331.21,329.88,550.00,9.00,572.91,571.44,887.00,10.00,160.32,158.00,639.00,12.00,587.17,585.69,894.00,10.00,27.47,26.44,130.00,6.00,2,손가락 펴기 (Open)
352.00,583.00,168.00,638.00,45.00,136.93,101.74,79.21,150.00,136.25,161.27,101.65,22.00,134.39,68.10,146.39,83.63,84.64,297.24,175.20,266.00,93.58,13.65,112.85,80.05,35.69,187.91,137.30,132.00,286.08,198.20,56.41,76.28,29.13,134.02,296.82,22.00,28.32,16.85,28.92,51.09,29.64,51.38,34.58,30.00,331.21,329.88,526.00,9.00,572.20,570.75,845.00,9.00,161.99,159.75,614.00,12.00,592.07,590.50,849.00,10.00,28.84,27.50,143.00,6.00,2,손가락 펴기 (Open)
296.00,540.00,168.00,530.00,14.00,136.93,101.74,79.21,150.00,136.25,161.27,101.65,22.00,139.84,72.46,140.10,74.79,88.31,289.17,165.56,276.00,73.35,39.95,84.69,78.92,65.53,175.44,109.77,162.00,190.18,112.75,161.33,108.23,106.66,233.99,231.88,153.00,29.71,11.92,34.75,51.79,23.64,57.11,36.09,36.00,331.21,329.88,500.00,9.00,572.79,571.38,802.00,9.00,159.86,157.88,567.00,11.00,583.77,582.31,890.00,9.00,28.62,27.12,174.00,7.00,2,손가락 펴기 (Open)
361.00,661.00,130.00,649.00,45.00,120.50,98.87,63.87,146.15,153.24,146.92,85.33,5.00,155.70,116.44,167.24,65.49,43.37,333.77,210.33,231.00,56.96,59.14,87.59,58.25,59.10,194.70,130.73,141.00,209.02,163.84,167.08,88.36,131.86,255.24,201.92,208.00,22.82,28.20,28.97,27.51,25.80,72.52,42.74,61.00,330.02,328.81,556.00,10.00,575.91,574.19,890.00,10.00,158.70,156.56,570.00,11.00,587.42,585.75,942.00,12.00,30.34,28.69,199.00,10.00,2,손가락 펴기 (Open)
328.00,583.00,156.00,616.00,33.00,92.03,72.49,40.99,105.99,144.28,159.79,119.58,46.00,155.70,116.44,167.24,65.49,43.37,333.77,210.33,231.00,31.39,77.00,117.39,59.77,36.72,167.44,102.89,171.00,210.09,125.50,122.54,43.74,116.89,246.32,170.42,253.00,22.78,31.30,35.84,30.53,19.01,72.69,42.09,54.00,327.31,326.25,572.00,10.00,575.91,574.19,957.00,9.00,156.67,154.69,545.00,13.00,584.36,582.94,854.00,9.00,30.77,29.12,209.00,10.00,2,손가락 펴기 (Open)
328.00,594.00,125.00,561.00,39.00,89.78,49.95,62.22,114.06,123.44,169.34,105.76,22.00,150.98,122.05,169.24,66.49,61.72,331.76,225.06,209.00,22.37,77.85,122.44,69.38,46.55,170.84,109.92,161.00,200.41,130.24,134.86,51.87,96.57,230.29,152.25,274.00,22.77,30.78,42.75,40.31,22.94,64.77,39.33,65.00,325.74,324.75,532.00,9.00,577.30,575.56,957.00,9.00,156.15,154.06,549.00,13.00,585.59,584.25,866.00,12.00,31.51,29.81,212.00,10.00,2,손가락 펴기 (Open)
304.00,583.00,174.00,605.00,31.00,93.40,42.56,68.08,121.33,130.06,161.74,107.09,30.00,140.97,114.44,150.91,45.22,47.11,348.50,217.91,231.00,34.29,85.53,129.72,73.41,50.65,166.41,115.33,149.00,184.84,121.69,126.09,35.81,111.61,252.26,173.98,252.00,22.77,30.78,42.75,40.31,22.94,64.77,39.33,65.00,325.27,324.25,548.00,10.00,578.67,576.94,877.00,9.00,156.95,154.81,536.00,14.00,586.99,585.62,837.00,13.00,31.51,29.81,195.00,9.00,2,손가락 펴기 (Open)
320.00,638.00,120.00,605.00,42.00,81.46,50.44,74.61,128.63,128.09,147.58,105.29,46.00,119.29,89.28,88.65,159.89,146.00,182.13,260.31,63.00,71.96,18.78,42.87,47.63,80.42,84.84,164.44,45.00,106.36,56.57,31.80,69.26,169.59,201.18,85.13,347.00,31.13,6.81,6.75,16.03,14.07,45.51,24.81,101.00,326.23,325.25,507.00,9.00,588.63,587.44,786.00,10.00,149.66,148.31,491.00,12.00,592.60,591.56,817.00,13.00,33.18,32.06,186.00,11.00,2,손가락 펴기 (Open)
328.00,649.00,120.00,594.00,39.00,112.60,63.65,42.10,101.53,97.48,142.15,96.30,79.00,130.11,98.03,121.59,171.73,145.58,202.41,255.97,96.00,76.82,22.07,46.22,50.93,81.09,89.74,162.52,50.00,54.79,33.10,51.80,107.62,118.02,185.44,134.04,283.00,39.07,15.56,12.17,29.02,11.54,40.52,30.08,88.00,324.04,323.19,450.00,9.00,590.84,589.50,721.00,9.00,149.40,148.00,454.00,11.00,596.38,595.56,753.00,13.00,33.96,32.88,173.00,10.00,2,손가락 펴기 (Open)
312.00,561.00,174.00,672.00,33.00,96.71,47.80,47.41,92.11,86.30,153.33,89.64,95.00,133.11,92.94,130.13,153.18,125.61,204.70,250.07,75.00,67.47,24.89,35.37,60.22,92.82,99.92,163.11,62.00,34.20,65.50,112.45,85.01,111.53,240.54,107.68,350.00,36.48,15.17,7.30,30.08,20.53,33.10,38.03,79.00,324.98,324.19,443.00,10.00,592.07,590.81,777.00,10.00,150.24,148.75,476.00,11.00,600.85,599.75,777.00,13.00,33.34,32.31,159.00,9.00,2,손가락 펴기 (Open)
336.00,583.00,135.00,540.00,22.00,52.35,37.07,49.84,51.24,80.63,90.36,140.15,32.00,131.69,84.44,123.47,148.03,133.22,195.88,256.76,86.00,65.47,29.70,36.29,63.25,90.12,98.75,160.87,57.00,33.50,63.34,111.83,96.01,102.60,251.17,111.03,361.00,36.48,15.17,7.30,30.08,20.53,33.10,38.03,79.00,328.65,328.12,404.00,8.00,592.74,591.50,799.00,10.00,150.52,149.06,489.00,11.00,600.22,599.06,844.00,13.00,33.34,32.31,159.00,9.00,2,손가락 펴기 (Open)
344.00,583.00,125.00,530.00,57.00,52.80,45.06,46.96,58.94,86.93,95.95,132.19,40.00,126.98,73.46,112.77,157.99,137.72,206.80,247.20,75.00,71.99,16.00,7.06,89.44,111.28,118.47,139.23,26.00,106.04,134.87,193.95,129.56,182.24,220.37,81.86,275.00,30.06,10.09,18.89,43.19,40.98,51.62,17.67,103.00,329.17,328.62,412.00,8.00,593.41,592.19,788.00,10.00,148.70,147.12,494.00,11.00,595.07,593.69,799.00,10.00,35.30,33.81,189.00,9.00,2,손가락 펴기 (Open)
252.00,551.00,151.00,572.00,31.00,73.47,58.55,130.80,89.50,164.69,128.62,56.94,124.00,151.52,97.56,121.70,147.73,169.67,227.94,215.54,43.00,71.99,16.00,7.06,89.44,111.28,118.47,139.23,26.00,95.12,124.86,187.78,137.91,183.74,226.73,79.67,264.00,29.34,12.91,20.82,45.25,38.97,50.93,18.85,100.00,324.44,323.38,472.00,10.00,591.49,590.19,777.00,10.00,148.70,147.12,503.00,12.00,595.72,594.38,786.00,11.00,35.46,34.00,215.00,10.00,2,손가락 펴기 (Open)
304.00,561.00,140.00,583.00,36.00,73.47,58.55,130.80,89.50,164.69,128.62,56.94,124.00,131.18,95.98,137.10,127.35,177.77,228.70,195.19,22.00,67.53,43.40,28.80,65.60,112.74,139.52,111.37,2.00,124.88,139.41,171.13,119.85,156.76,259.41,69.26,231.00,25.81,18.06,18.98,40.00,36.05,47.01,19.85,108.00,324.44,323.38,467.00,9.00,592.71,591.50,678.00,9.00,146.88,145.38,471.00,12.00,593.64,592.31,764.00,8.00,35.91,34.50,220.00,11.00,2,손가락 펴기 (Open)
344.00,661.00,92.00,520.00,61.00,77.28,68.81,119.88,77.16,150.08,116.49,58.39,141.00,119.28,105.07,147.83,124.78,185.96,236.64,204.83,34.00,64.20,68.77,55.27,52.47,141.65,139.01,143.37,31.00,175.42,139.95,108.28,178.37,214.05,212.95,113.59,294.00,25.26,39.15,16.68,24.02,68.92,78.85,24.84,75.00,323.29,322.31,474.00,10.00,593.54,592.25,669.00,9.00,145.34,143.31,464.00,11.00,589.97,588.38,794.00,7.00,38.38,36.56,240.00,11.00,2,손가락 펴기 (Open)
245.00,561.00,156.00,605.00,36.00,110.07,105.95,44.59,58.14,223.13,199.45,68.05,58.00,101.69,125.96,148.19,145.52,166.66,215.66,194.53,13.00,63.00,78.53,59.40,76.32,124.88,121.32,124.45,7.00,182.33,134.53,105.49,182.00,214.00,212.67,102.77,283.00,26.30,40.17,16.88,27.02,67.66,76.36,23.46,78.00,318.66,317.12,565.00,9.00,594.76,593.56,704.00,9.00,143.60,141.81,483.00,11.00,589.26,587.69,846.00,7.00,38.55,36.75,256.00,12.00,2,손가락 펴기 (Open)
304.00,616.00,105.00,551.00,36.00,117.25,108.40,52.17,72.80,223.78,188.20,63.42,74.00,96.43,133.25,138.53,147.51,166.62,223.92,195.64,24.00,62.65,77.64,43.23,84.53,114.44,151.32,140.32,37.00,194.50,104.45,133.14,152.54,184.55,236.37,134.28,315.00,29.06,37.11,9.12,29.15,60.00,79.42,26.69,66.00,317.68,316.12,592.00,9.00,595.46,594.25,737.00,7.00,142.02,139.94,501.00,11.00,587.33,585.69,845.00,7.00,39.13,37.50,235.00,11.00,2,손가락 펴기 (Open)
312.00,561.00,192.00,696.00,39.00,128.87,93.56,91.51,69.43,186.18,191.04,67.26,34.00,100.10,135.69,156.49,169.06,146.82,226.76,191.11,46.00,70.63,93.67,67.16,106.63,90.81,169.40,148.27,61.00,198.77,159.66,97.09,184.86,147.22,294.16,186.32,373.00,29.39,41.94,15.09,34.79,54.17,76.97,27.96,60.00,315.05,313.62,544.00,8.00,594.14,592.88,749.00,10.00,143.91,141.44,588.00,12.00,591.44,589.31,882.00,7.00,38.72,37.12,207.00,10.00,2,손가락 펴기 (Open)
352.00,627.00,130.00,510.00,12.00,137.68,143.36,94.43,124.79,152.30,165.48,87.89,22.00,139.98,80.02,192.27,174.87,97.47,190.94,163.95,133.00,47.29,55.73,60.95,100.00,76.42,177.84,153.90,99.00,187.97,150.44,85.16,200.23,159.70,307.55,201.08,393.00,30.49,43.90,16.09,35.47,54.49,78.82,28.18,62.00,318.63,317.12,519.00,8.00,599.46,598.31,694.00,8.00,141.43,139.06,612.00,12.00,590.34,588.06,949.00,7.00,38.68,37.00,203.00,10.00,2,손가락 펴기 (Open)
352.00,594.00,162.00,638.00,36.00,131.67,135.15,85.44,124.10,158.03,157.46,91.02,31.00,82.38,143.17,128.42,113.25,155.89,138.86,146.65,200.00,73.19,80.32,31.01,68.01,104.93,166.26,153.37,131.00,179.35,154.71,74.31,207.17,149.34,308.05,196.32,382.00,38.37,49.54,13.30,27.29,62.25,70.59,24.82,53.00,318.00,316.56,486.00,8.00,595.06,594.12,649.00,8.00,143.48,141.06,618.00,12.00,589.59,587.38,1044.00,8.00,38.09,36.44,215.00,9.00,2,손가락 펴기 (Open)
336.00,583.00,156.00,616.00,31.00,138.84,138.09,89.10,116.11,165.64,149.84,91.43,39.00,82.38,143.17,128.42,113.25,155.89,138.86,146.65,200.00,73.19,80.32,31.01,68.01,104.93,166.26,153.37,131.00,179.35,154.71,74.31,207.17,149.34,308.05,196.32,382.00,40.37,49.52,11.47,26.40,60.71,71.29,26.02,55.00,318.52,317.06,502.00,8.00,595.06,594.12,649.00,8.00,143.48,141.06,593.00,11.00,589.59,587.38,1011.00,7.00,37.98,36.31,214.00,8.00,2,손가락 펴기 (Open)
328.00,583.00,140.00,561.00,31.00,138.84,138.09,89.10,116.11,165.64,149.84,91.43,39.00,71.41,146.29,138.59,122.98,152.04,131.03,138.73,211.00,87.63,73.54,37.91,83.01,100.21,151.91,144.20,146.00,179.35,154.71,74.31,207.17,149.34,308.05,196.32,382.00,47.98,44.26,7.62,33.84,58.75,74.88,19.40,47.00,318.52,317.06,486.00,7.00,594.38,593.44,638.00,8.00,144.35,142.00,560.00,11.00,589.59,587.38,1022.00,7.00,37.52,35.81,206.00,8.00,2,손가락 펴기 (Open)
312.00,605.00,120.00,551.00,45.00,146.41,130.77,81.41,124.10,158.59,152.54,86.56,47.00,91.56,157.32,124.33,134.27,130.09,133.34,118.79,233.00,54.95,124.99,20.20,99.57,47.39,135.93,102.56,200.00,134.10,180.69,123.26,250.80,115.73,275.34,164.05,436.00,38.13,58.16,7.99,32.14,45.16,88.45,7.44,33.00,319.01,317.56,486.00,7.00,595.75,594.81,605.00,8.00,140.87,138.62,526.00,10.00,586.27,584.00,1032.00,7.00,38.39,36.69,209.00,7.00,2,손가락 펴기 (Open)
273.00,551.00,162.00,583.00,26.00,115.10,175.58,97.86,130.92,125.35,196.44,53.00,94.00,65.91,74.05,109.26,80.36,119.16,211.02,32.83,320.00,65.94,91.89,28.70,68.60,38.06,165.33,67.31,242.00,125.08,178.80,126.52,263.21,103.36,271.59,181.88,414.00,45.04,46.85,18.27,16.28,37.41,102.38,10.31,17.00,316.26,314.62,517.00,7.00,590.30,589.38,648.00,9.00,143.47,141.25,568.00,11.00,584.87,582.62,1053.00,10.00,37.50,35.69,225.00,9.00,2,손가락 펴기 (Open)
304.00,561.00,135.00,594.00,36.00,112.98,188.69,86.98,153.84,115.38,175.33,73.47,70.00,140.04,31.59,62.38,166.60,35.05,135.61,120.72,232.00,70.47,93.23,41.06,81.12,23.16,150.39,81.63,227.00,125.08,178.80,126.52,263.21,103.36,271.59,181.88,414.00,45.79,47.29,20.61,17.09,35.21,101.51,8.42,20.00,314.76,313.12,532.00,6.00,584.63,583.88,570.00,8.00,144.30,142.19,541.00,11.00,584.87,582.62,986.00,10.00,37.31,35.50,229.00,9.00,2,손가락 펴기 (Open)
336.00,594.00,151.00,572.00,26.00,105.73,193.81,110.97,162.05,91.43,170.78,97.43,46.00,107.05,5.32,93.94,165.30,20.79,136.51,151.47,199.00,73.75,75.63,48.95,72.28,22.88,136.88,104.50,204.00,190.62,78.87,66.59,219.27,122.83,172.95,280.64,314.00,45.58,53.19,20.15,23.77,41.74,98.33,11.77,13.00,316.30,314.62,540.00,6.00,586.67,585.94,581.00,9.00,142.67,140.75,518.00,11.00,578.19,576.38,876.00,10.00,36.96,35.06,228.00,10.00,2,손가락 펴기 (Open)
312.00,540.00,140.00,540.00,28.00,120.80,173.25,103.39,140.47,83.48,186.52,120.29,22.00,147.27,45.52,76.82,122.41,63.57,172.97,185.90,156.00,70.66,80.63,44.05,67.45,27.85,138.08,108.95,199.00,190.62,78.87,66.59,219.27,122.83,172.95,280.64,314.00,47.95,47.41,25.58,25.94,42.49,92.71,15.13,7.00,314.76,313.12,556.00,7.00,584.09,583.25,635.00,10.00,142.97,141.06,519.00,12.00,578.19,576.38,898.00,10.00,37.21,35.44,195.00,9.00,2,손가락 펴기 (Open)
312.00,594.00,145.00,594.00,31.00,150.58,142.10,130.98,158.05,59.79,154.53,97.25,54.00,139.03,37.60,67.73,122.00,69.08,183.52,192.41,145.00,54.49,95.90,44.98,65.03,29.20,121.20,97.03,219.00,127.70,98.73,42.81,212.15,129.22,171.63,246.71,378.00,33.02,64.08,19.86,12.37,25.40,69.74,34.56,19.00,312.67,311.12,464.00,5.00,584.78,583.94,657.00,11.00,144.15,142.31,498.00,12.00,582.06,580.38,910.00,11.00,35.24,33.81,172.00,8.00,2,손가락 펴기 (Open)
328.00,627.00,135.00,616.00,42.00,74.86,192.09,88.67,109.12,24.58,112.44,104.05,130.00,127.75,87.41,38.89,46.01,127.80,161.04,187.59,221.00,69.79,94.78,29.16,49.04,45.20,105.48,95.71,235.00,95.32,102.42,86.67,256.12,85.27,200.39,253.16,334.00,41.03,64.16,8.87,3.16,14.41,68.24,42.87,30.00,317.05,315.88,428.00,7.00,589.55,588.69,680.00,11.00,143.15,141.31,497.00,12.00,584.86,583.12,921.00,9.00,35.95,34.50,178.00,8.00,2,손가락 펴기 (Open)
304.00,540.00,162.00,572.00,26.00,74.86,192.09,88.67,109.12,24.58,112.44,104.05,130.00,118.42,67.99,18.04,50.99,144.38,175.38,199.06,242.00,48.07,80.48,45.14,52.92,57.05,95.17,106.10,257.00,99.02,107.98,82.48,256.70,81.05,211.38,251.66,323.00,31.49,56.82,15.44,7.07,13.76,75.26,48.88,40.00,317.05,315.88,412.00,7.00,588.32,587.38,667.00,11.00,144.60,142.69,476.00,13.00,584.18,582.44,902.00,10.00,35.40,33.88,169.00,9.00,2,손가락 펴기 (Open)
336.00,616.00,135.00,605.00,28.00,80.04,197.29,81.83,105.85,26.33,104.89,96.48,122.00,92.67,67.90,44.76,22.02,160.43,130.38,162.57,197.00,26.66,38.91,56.57,20.88,84.72,87.99,74.41,214.00,130.30,30.60,59.23,172.05,155.28,277.48,223.00,238.00,2.09,23.83,33.86,32.76,19.34,42.31,49.15,7.00,316.51,315.38,345.00,7.00,585.26,584.56,643.00,11.00,146.69,145.38,439.00,11.00,589.28,587.75,850.00,10.00,32.71,31.81,146.00,9.00,2,손가락 펴기 (Open)
352.00,594.00,145.00,594.00,48.00,109.39,90.75,122.70,41.00,133.32,45.86,11.69,15.00,118.84,40.79,31.28,55.01,193.27,109.96,131.52,164.00,23.45,49.19,62.68,31.58,94.41,81.21,65.14,203.00,120.60,41.59,67.40,171.19,162.94,279.96,217.34,227.00,10.06,33.69,36.73,37.22,25.84,35.65,57.95,5.00,322.75,322.06,302.00,7.00,587.29,586.62,610.00,10.00,145.98,144.69,398.00,13.00,588.58,587.06,807.00,9.00,33.66,32.56,166.00,10.00,2,손가락 펴기 (Open)
288.00,605.00,110.00,551.00,33.00,94.61,103.94,128.68,56.72,140.28,60.25,27.68,1.00,108.02,51.79,21.35,56.29,196.84,113.00,120.52,153.00,26.10,47.16,57.88,32.89,94.19,76.29,60.27,198.00,120.60,41.59,67.40,171.19,162.94,279.96,217.34,227.00,7.50,32.96,33.73,34.67,24.84,36.74,60.84,8.00,321.84,321.06,358.00,8.00,586.58,585.94,566.00,9.00,146.21,145.00,346.00,9.00,588.58,587.06,705.00,9.00,33.46,32.38,178.00,10.00,2,손가락 펴기 (Open)
312.00,551.00,174.00,605.00,28.00,94.61,103.94,128.68,56.72,140.28,60.25,27.68,1.00,98.25,59.40,14.55,66.10,204.27,104.13,129.78,163.00,14.05,43.15,62.27,17.03,77.72,62.28,42.57,180.00,41.14,101.38,107.23,197.59,71.95,193.01,131.76,136.00,9.65,40.09,31.36,41.73,35.79,26.81,49.94,3.00,321.84,321.06,342.00,7.00,585.98,585.31,554.00,9.00,144.80,143.88,348.00,13.00,582.26,581.38,573.00,9.00,32.77,31.69,156.00,10.00,2,손가락 펴기 (Open)
320.00,583.00,125.00,561.00,39.00,65.64,91.18,142.68,25.63,109.92,78.23,55.33,33.00,67.32,78.56,54.14,72.45,166.04,146.88,102.59,119.00,11.41,39.67,58.83,20.62,81.55,62.58,46.76,185.00,73.40,95.96,130.95,155.57,69.38,147.99,80.89,85.00,18.19,13.12,13.45,30.07,53.69,6.91,30.29,30.00,319.74,319.06,350.00,8.00,583.14,582.56,553.00,8.00,144.52,143.56,365.00,13.00,585.18,584.56,489.00,9.00,34.06,33.38,143.00,10.00,2,손가락 펴기 (Open)
304.00,572.00,140.00,561.00,42.00,53.14,55.43,121.19,45.79,121.17,92.09,38.40,15.00,67.09,80.27,69.09,53.60,163.38,135.97,107.35,141.00,16.27,17.77,38.74,38.48,90.25,78.37,38.23,163.00,69.81,56.41,60.47,122.00,146.29,151.15,23.92,8.00,23.46,10.36,7.89,36.06,55.45,4.09,31.76,24.00,316.65,316.06,350.00,9.00,581.76,581.19,553.00,9.00,143.08,142.19,374.00,13.00,580.23,579.75,467.00,9.00,34.48,33.75,141.00,9.00,2,손가락 펴기 (Open)
288.00,605.00,135.00,605.00,33.00,88.38,12.73,73.58,81.88,157.66,46.65,41.62,33.00,58.74,93.98,78.59,69.03,142.82,144.70,107.99,163.00,33.46,12.69,46.42,35.36,69.47,57.57,38.82,184.00,78.85,49.15,63.89,111.20,142.10,141.51,22.30,19.00,24.86,11.53,6.44,36.22,53.45,5.58,31.92,26.00,313.68,313.06,358.00,9.00,583.16,582.56,586.00,10.00,141.74,140.88,363.00,12.00,579.51,579.06,456.00,9.00,34.60,33.88,150.00,10.00,2,손가락 펴기 (Open)
328.00,583.00,140.00,551.00,28.00,88.38,12.73,73.58,81.88,157.66,46.65,41.62,33.00,58.74,93.98,78.59,69.03,142.82,144.70,107.99,163.00,33.46,12.69,46.42,35.36,69.47,57.57,38.82,184.00,88.72,39.29,73.89,113.60,134.94,151.19,26.99,9.00,23.82,8.54,5.75,39.20,52.25,8.54,33.49,29.00,313.68,313.06,382.00,9.00,583.16,582.56,586.00,10.00,141.74,140.88,348.00,12.00,578.91,578.44,500.00,10.00,34.44,33.69,141.00,9.00,2,손가락 펴기 (Open)
336.00,638.00,125.00,627.00,51.00,65.38,35.62,62.71,103.62,163.75,61.30,49.86,9.00,35.55,119.93,91.32,47.85,158.49,174.65,91.73,196.00,31.90,8.89,45.75,36.40,65.46,56.98,41.37,179.00,23.35,110.64,83.64,45.97,70.22,201.08,100.34,67.00,24.00,13.77,11.50,39.05,56.68,13.13,38.61,35.00,315.22,314.56,351.00,9.00,585.36,584.62,587.00,9.00,142.01,141.19,321.00,11.00,583.72,583.19,544.00,11.00,34.96,34.06,145.00,9.00,2,손가락 펴기 (Open)
304.00,583.00,156.00,605.00,39.00,47.12,59.07,31.94,96.33,132.83,67.64,29.60,40.00,23.12,130.40,77.61,77.88,127.26,165.05,116.06,164.00,31.57,10.28,40.50,42.20,60.32,52.58,46.48,173.00,31.12,124.11,105.22,63.29,64.93,200.44,79.28,45.00,24.47,22.24,21.64,52.04,45.51,16.04,25.73,22.00,316.99,316.50,352.00,10.00,587.29,586.62,632.00,10.00,141.59,140.81,325.00,11.00,585.12,584.56,555.00,10.00,35.71,34.88,147.00,8.00,2,손가락 펴기 (Open)
312.00,627.00,110.00,551.00,33.00,47.86,61.66,28.48,88.36,136.65,60.18,35.56,32.00,65.64,125.41,14.86,114.87,151.70,140.73,53.60,230.00,32.78,24.53,25.23,53.91,61.20,77.58,21.89,198.00,20.30,133.52,104.69,54.92,27.38,233.49,54.97,2.00,24.91,21.92,22.04,52.24,46.23,19.02,22.82,19.00,317.48,317.00,328.00,9.00,591.45,590.75,643.00,10.00,140.23,139.25,355.00,13.00,582.48,581.88,587.00,10.00,35.52,34.69,143.00,8.00,2,손가락 펴기 (Open)
320.00,583.00,145.00,583.00,39.00,41.48,69.38,19.50,88.36,127.55,45.81,51.19,16.00,58.04,131.92,25.26,122.33,145.91,131.92,42.66,241.00,33.62,27.27,30.08,49.50,66.13,73.46,27.86,192.00,18.51,123.49,93.93,44.15,17.55,244.37,57.01,9.00,20.59,16.23,9.61,39.32,59.16,30.28,14.69,6.00,316.44,316.00,312.00,9.00,590.76,590.06,633.00,10.00,139.83,138.88,379.00,14.00,583.16,582.56,587.00,11.00,36.26,35.50,147.00,9.00,2,손가락 펴기 (Open)
296.00,561.00,156.00,605.00,31.00,34.54,85.17,4.00,72.44,143.37,52.24,35.72,32.00,67.36,111.09,30.49,108.41,125.12,111.09,23.11,262.00,39.51,34.38,19.26,61.85,79.87,76.09,42.63,176.00,75.91,66.14,77.53,86.45,63.94,212.09,53.32,56.00,19.49,14.00,7.62,39.81,57.83,29.29,14.91,9.00,315.48,315.00,336.00,10.00,591.99,591.38,601.00,9.00,140.89,139.88,385.00,14.00,587.14,586.62,555.00,10.00,36.41,35.69,152.00,10.00,2,손가락 펴기 (Open)
336.00,638.00,120.00,616.00,45.00,52.54,67.48,27.36,78.79,151.09,52.37,23.29,56.00,87.89,80.41,74.07,145.79,142.16,141.97,61.01,218.00,23.66,9.85,19.17,78.75,81.47,98.62,63.74,151.00,97.63,67.61,98.99,99.25,65.07,204.65,53.69,34.00,15.01,0.27,19.33,53.60,49.48,25.73,22.56,5.00,317.02,316.50,360.00,10.00,594.84,594.12,645.00,12.00,139.41,138.31,411.00,14.00,588.55,588.00,544.00,10.00,37.31,36.56,155.00,10.00,2,손가락 펴기 (Open)
328.00,638.00,130.00,638.00,51.00,52.54,67.48,27.36,78.79,151.09,52.37,23.29,56.00,92.06,83.24,78.07,151.09,148.93,141.19,53.04,229.00,20.73,5.67,17.47,82.07,85.61,94.02,60.53,156.00,117.12,87.09,112.71,83.87,43.55,224.29,44.74,56.00,15.10,8.81,26.18,53.01,58.41,32.72,14.25,4.00,317.02,316.50,344.00,9.00,595.57,594.81,558.00,11.00,139.11,138.00,394.00,13.00,590.02,589.38,522.00,9.00,38.01,37.12,145.00,9.00,2,손가락 펴기 (Open)
304.00,594.00,145.00,572.00,26.00,52.54,67.48,27.36,78.79,151.09,52.37,23.29,56.00,109.12,133.78,57.72,108.19,98.63,111.45,87.67,175.00,12.47,17.95,3.09,70.60,72.23,101.41,67.16,139.00,117.12,87.09,112.71,83.87,43.55,224.29,44.74,56.00,15.10,8.81,26.18,53.01,58.41,32.72,14.25,4.00,317.02,316.50,336.00,9.00,598.77,598.19,526.00,11.00,137.94,136.94,382.00,13.00,590.02,589.38,555.00,9.00,38.01,37.12,168.00,10.00,2,손가락 펴기 (Open)
344.00,627.00,120.00,583.00,42.00,59.22,75.46,20.59,86.16,151.39,59.35,16.90,48.00,111.57,143.50,47.87,100.66,98.48,121.68,82.22,186.00,15.80,32.07,12.12,59.41,68.68,106.24,66.92,154.00,111.54,80.64,134.70,72.01,37.60,215.75,64.27,34.00,15.23,16.38,12.77,54.57,48.22,42.14,4.01,18.00,317.55,317.00,360.00,10.00,599.49,598.88,537.00,11.00,137.07,136.00,397.00,13.00,588.63,588.00,555.00,9.00,38.81,38.00,164.00,10.00,2,손가락 펴기 (Open)
312.00,572.00,174.00,661.00,42.00,47.97,57.44,39.92,80.40,116.83,80.98,25.15,8.00,116.26,138.23,66.56,85.28,79.08,142.00,83.66,208.00,27.93,30.42,27.81,43.32,41.32,133.52,84.52,183.00,116.27,68.91,127.24,135.59,35.34,251.35,131.27,33.00,15.83,16.18,17.62,48.76,42.58,43.06,8.60,24.00,314.93,314.50,328.00,10.00,598.15,597.50,581.00,11.00,139.16,137.81,416.00,13.00,593.08,592.19,590.00,9.00,38.37,37.62,149.00,9.00,2,손가락 펴기 (Open)
320.00,638.00,105.00,530.00,31.00,43.19,47.04,54.27,48.66,91.53,87.43,54.22,24.00,98.27,122.05,76.30,112.77,55.77,158.43,105.64,241.00,23.02,25.79,24.39,48.08,37.77,137.98,89.18,188.00,118.71,80.86,106.98,141.87,40.61,272.24,150.88,54.00,17.16,17.83,17.47,49.34,42.67,44.16,6.60,22.00,316.85,316.50,312.00,11.00,600.29,599.56,593.00,11.00,138.92,137.50,421.00,13.00,591.88,590.88,667.00,9.00,38.26,37.50,155.00,10.00,2,손가락 펴기 (Open)
328.00,572.00,162.00,605.00,39.00,43.32,37.18,69.47,53.67,87.08,94.79,42.93,8.00,83.90,102.91,97.17,104.36,47.50,163.33,86.01,220.00,11.45,15.19,31.91,46.04,34.48,134.64,77.18,176.00,118.71,80.86,106.98,141.87,40.61,272.24,150.88,54.00,8.26,7.49,27.99,39.00,33.17,55.01,5.29,11.00,317.86,317.50,312.00,10.00,601.51,600.88,627.00,12.00,138.01,136.75,429.00,13.00,591.88,590.88,698.00,9.00,38.86,38.19,152.00,10.00,2,손가락 펴기 (Open)
288.00,583.00,88.00,441.00,39.00,58.72,68.50,73.11,28.84,56.06,126.16,46.30,24.00,83.90,102.91,97.17,104.36,47.50,163.33,86.01,220.00,29.94,38.05,67.25,9.22,70.79,119.68,111.88,213.00,228.73,188.60,195.02,148.49,81.57,308.22,229.75,174.00,8.26,7.49,27.99,39.00,33.17,55.01,5.29,11.00,315.94,315.50,336.00,10.00,601.51,600.88,627.00,12.00,136.21,134.44,488.00,11.00,585.50,583.38,862.00,10.00,38.86,38.19,149.00,10.00,2,손가락 펴기 (Open)
238.00,520.00,140.00,572.00,42.00,122.04,127.81,139.06,91.41,110.84,81.55,43.40,42.00,135.67,134.50,141.22,100.81,87.49,114.65,135.65,272.00,29.94,38.05,67.25,9.22,70.79,119.68,111.88,213.00,217.80,183.58,186.55,158.34,87.61,305.28,235.64,185.00,8.26,7.49,27.99,39.00,33.17,55.01,5.29,11.00,312.38,311.38,370.00,8.00,598.56,597.62,657.00,11.00,136.21,134.44,535.00,12.00,586.16,584.06,949.00,9.00,38.86,38.19,143.00,9.00,2,손가락 펴기 (Open)
288.00,572.00,145.00,572.00,28.00,122.04,127.81,139.06,91.41,110.84,81.55,43.40,42.00,167.33,139.52,167.36,68.68,95.94,129.82,110.74,239.00,21.79,35.30,75.81,2.24,77.26,129.32,107.51,203.00,247.24,175.42,178.99,147.22,75.98,277.34,244.07,218.00,13.18,2.89,32.94,41.18,38.07,52.19,9.59,6.00,312.38,311.38,380.00,7.00,596.53,595.56,687.00,10.00,136.85,135.06,535.00,12.00,584.09,582.00,895.00,8.00,38.62,37.88,152.00,10.00,2,손가락 펴기 (Open)
312.00,583.00,130.00,572.00,39.00,135.63,123.66,128.61,75.71,96.23,96.06,46.42,58.00,167.33,139.52,167.36,68.68,95.94,129.82,110.74,239.00,27.55,30.39,68.25,8.06,86.68,134.63,107.78,193.00,233.59,192.84,199.40,126.92,55.74,256.76,243.54,239.00,6.71,13.87,31.97,32.02,45.04,41.54,19.08,5.00,311.36,310.38,396.00,8.00,596.53,595.56,643.00,9.00,136.24,134.44,535.00,12.00,585.35,583.31,819.00,7.00,39.21,38.56,140.00,10.00,2,손가락 펴기 (Open)
312.00,594.00,125.00,540.00,39.00,151.44,104.50,105.69,74.43,115.29,74.40,52.89,34.00,193.29,97.83,124.45,111.63,118.66,96.55,120.08,195.00,27.55,30.39,68.25,8.06,86.68,134.63,107.78,193.00,270.94,109.71,165.09,172.53,66.06,221.69,226.63,326.00,11.63,10.34,20.86,26.25,41.94,31.54,29.03,17.00,309.79,308.88,364.00,7.00,593.68,592.81,599.00,7.00,136.24,134.44,509.00,11.00,579.90,577.88,829.00,7.00,38.34,37.81,128.00,10.00,2,손가락 펴기 (Open)
288.00,561.00,174.00,638.00,24.00,158.17,88.55,105.96,90.35,119.41,80.24,41.65,50.00,201.58,77.98,112.48,117.39,130.06,118.51,105.59,217.00,33.12,47.60,50.26,26.02,103.09,149.91,94.88,211.00,266.29,125.88,138.36,197.25,96.52,240.43,215.86,359.00,23.62,24.43,13.36,12.81,56.54,36.27,22.32,2.00,308.84,307.88,380.00,7.00,592.35,591.44,588.00,7.00,137.59,135.56,512.00,11.00,582.11,579.94,873.00,7.00,37.56,36.88,137.00,10.00,2,손가락 펴기 (Open)
361.00,605.00,125.00,530.00,24.00,161.40,125.82,60.91,106.53,168.34,79.93,24.70,99.00,203.74,74.88,127.50,97.08,108.73,103.18,125.02,195.00,46.34,56.89,46.12,30.53,93.16,135.47,108.62,196.00,260.60,130.77,157.25,185.00,100.19,261.29,203.77,380.00,30.53,32.40,21.76,19.72,52.08,39.55,22.23,11.00,312.16,310.94,445.00,8.00,590.92,590.06,588.00,7.00,138.39,136.50,526.00,11.00,580.89,578.62,949.00,7.00,37.13,36.31,131.00,9.00,2,손가락 펴기 (Open)
320.00,605.00,110.00,583.00,57.00,161.40,125.82,60.91,106.53,168.34,79.93,24.70,99.00,210.07,61.27,107.84,108.23,108.30,107.39,146.99,173.00,11.36,67.07,23.41,63.06,114.49,122.72,143.62,161.00,260.60,130.77,157.25,185.00,100.19,261.29,203.77,380.00,25.52,30.83,17.53,18.79,65.50,56.99,25.68,29.00,312.16,310.94,462.00,7.00,592.30,591.44,566.00,7.00,136.36,134.31,530.00,11.00,580.89,578.62,980.00,8.00,38.56,37.44,156.00,9.00,2,손가락 펴기 (Open)
259.00,510.00,180.00,616.00,33.00,131.69,149.04,63.16,130.14,195.16,115.76,48.95,62.00,179.90,111.38,113.84,152.61,157.64,154.24,195.71,122.00,34.95,44.02,47.23,61.52,136.99,136.66,165.99,137.00,270.04,120.36,167.58,179.23,109.94,260.27,214.53,369.00,26.43,32.52,19.52,20.62,63.80,55.32,25.43,27.00,310.09,308.62,483.00,7.00,589.41,588.25,584.00,7.00,138.19,135.81,564.00,11.00,581.61,579.31,1002.00,8.00,38.66,37.56,166.00,9.00,2,손가락 펴기 (Open)
320.00,594.00,135.00,561.00,24.00,116.64,165.04,52.63,141.68,181.17,102.71,33.12,78.00,147.46,148.86,86.52,175.41,137.49,116.22,162.93,166.00,48.66,31.07,55.76,76.42,136.78,121.73,155.20,152.00,215.68,152.27,137.04,134.54,119.73,299.18,268.74,314.00,16.42,13.09,20.39,34.67,70.44,55.36,37.53,6.00,309.03,307.62,536.00,8.00,586.53,585.50,668.00,8.00,139.06,136.75,599.00,12.00,578.12,575.88,1035.00,9.00,37.47,36.25,169.00,9.00,2,손가락 펴기 (Open)
361.00,627.00,156.00,638.00,31.00,149.64,143.47,85.16,165.42,188.46,103.94,7.04,111.00,137.62,152.65,75.57,166.83,129.50,118.57,167.14,155.00,70.06,37.51,50.03,78.10,112.73,142.86,166.54,126.00,215.68,152.27,137.04,134.54,119.73,299.18,268.74,314.00,20.71,22.09,40.20,48.60,50.52,40.35,19.47,26.00,311.32,309.69,553.00,7.00,585.79,584.81,657.00,8.00,140.72,138.38,605.00,12.00,578.12,575.88,1046.00,9.00,36.08,35.00,151.00,8.00,2,손가락 펴기 (Open)
336.00,583.00,156.00,594.00,24.00,179.43,151.80,98.38,187.54,156.60,79.33,29.40,79.00,126.66,148.72,73.20,160.00,139.74,124.45,167.16,166.00,77.52,48.38,40.23,67.45,121.04,140.89,165.47,137.00,233.99,168.69,116.68,119.10,140.45,285.19,256.32,336.00,21.48,24.07,40.82,47.43,51.12,42.34,21.42,24.00,313.37,311.69,538.00,6.00,585.10,584.12,668.00,9.00,141.45,139.06,580.00,11.00,579.51,577.25,1079.00,8.00,35.99,34.88,142.00,7.00,2,손가락 펴기 (Open)
344.00,530.00,174.00,530.00,20.00,179.43,151.80,98.38,187.54,156.60,79.33,29.40,79.00,44.31,74.81,164.22,244.62,167.55,34.08,154.58,69.00,110.61,97.04,32.67,74.30,146.04,116.78,156.63,83.00,207.85,116.08,126.74,162.89,153.85,296.55,252.70,389.00,31.41,41.16,28.56,31.91,69.21,29.22,3.91,46.00,313.37,311.69,514.00,6.00,579.07,578.06,666.00,10.00,144.92,142.44,544.00,10.00,576.32,573.94,1065.00,9.00,34.79,33.50,146.00,7.00,2,손가락 펴기 (Open)
336.00,616.00,140.00,627.00,42.00,191.00,174.42,75.04,170.66,172.78,64.03,46.95,55.00,67.86,117.78,143.09,230.93,210.91,10.13,151.51,25.00,99.63,86.79,11.41,47.51,179.10,88.91,147.15,49.00,210.10,99.65,105.75,149.62,178.79,266.88,240.56,355.00,31.41,41.16,28.56,31.91,69.21,29.22,3.91,46.00,314.92,313.19,514.00,4.00,581.89,580.81,686.00,10.00,142.60,140.31,509.00,10.00,573.94,571.81,1031.00,11.00,34.79,33.50,157.00,7.00,2,손가락 펴기 (Open)
304.00,583.00,140.00,616.00,31.00,189.01,167.81,78.61,159.11,187.62,69.47,57.77,39.00,64.64,79.38,110.11,177.78,230.27,63.59,144.12,30.00,98.07,70.89,23.68,31.02,188.56,54.07,131.74,14.00,181.55,101.28,191.20,233.19,257.65,184.63,197.10,269.00,31.41,41.16,28.56,31.91,69.21,29.22,3.91,46.00,313.93,312.19,538.00,5.00,578.27,577.38,653.00,9.00,144.46,142.50,452.00,9.00,579.28,577.19,967.00,8.00,34.79,33.50,160.00,7.00,2,손가락 펴기 (Open)
344.00,605.00,145.00,594.00,31.00,184.76,162.21,91.27,170.94,188.72,84.77,66.41,23.00,48.03,78.46,143.06,190.07,210.42,88.42,136.71,63.00,103.73,86.03,24.09,48.01,176.58,45.58,121.03,3.00,187.20,105.32,188.15,235.51,258.49,180.36,189.83,258.00,29.56,33.59,34.21,25.50,77.17,22.18,4.18,38.00,315.00,313.19,538.00,5.00,580.37,579.44,664.00,8.00,143.33,141.44,383.00,9.00,578.57,576.50,825.00,7.00,34.28,33.00,160.00,6.00,2,손가락 펴기 (Open)
344.00,583.00,168.00,649.00,45.00,158.91,115.24,141.56,141.16,239.30,45.54,73.97,79.00,48.03,78.46,143.06,190.07,210.42,88.42,136.71,63.00,71.64,30.35,55.91,94.15,105.31,106.94,67.40,83.00,120.81,115.56,127.15,58.87,123.33,325.54,95.81,50.00,32.84,39.14,29.01,29.83,80.20,21.72,9.83,32.00,318.49,316.69,488.00,5.00,580.37,579.44,623.00,7.00,147.73,146.44,354.00,7.00,590.69,589.50,749.00,7.00,34.73,33.38,171.00,8.00,2,손가락 펴기 (Open)
320.00,627.00,125.00,561.00,26.00,121.50,34.33,165.99,73.00,190.53,77.30,50.15,3.00,70.13,33.11,96.17,171.42,216.15,93.87,85.47,170.00,77.74,22.65,52.09,87.46,109.71,120.98,58.30,98.00,120.44,111.13,134.55,48.75,112.65,336.20,96.79,39.00,20.56,35.61,30.52,41.88,72.14,35.33,24.70,16.00,322.95,321.81,462.00,6.00,586.94,586.12,615.00,11.00,146.88,145.50,392.00,8.00,590.03,588.81,837.00,8.00,33.74,32.38,176.00,8.00,2,손가락 펴기 (Open)
336.00,594.00,135.00,605.00,54.00,103.18,44.12,143.18,113.64,163.56,82.12,66.47,45.00,87.52,45.43,76.44,193.26,194.24,98.89,96.00,148.00,85.81,14.77,61.00,96.80,99.71,117.00,66.67,88.00,111.63,102.36,104.56,69.66,96.50,354.30,94.31,6.00,44.99,25.38,52.57,35.13,46.17,60.33,48.26,10.00,325.83,324.81,454.00,7.00,588.30,587.50,637.00,11.00,146.29,144.88,387.00,8.00,592.08,590.88,881.00,9.00,35.66,34.00,193.00,8.00,2,손가락 펴기 (Open)
288.00,561.00,192.00,627.00,16.00,117.99,20.14,167.16,105.76,139.67,104.75,88.64,69.00,77.26,49.93,94.77,196.98,184.90,119.13,115.09,126.00,28.06,76.74,44.82,95.51,93.20,152.95,128.33,26.00,96.71,68.33,122.88,55.11,68.15,367.38,122.16,61.00,22.59,44.33,39.44,12.37,44.47,75.34,67.54,33.00,324.45,323.31,502.00,8.00,586.96,586.12,659.00,11.00,150.49,148.75,439.00,9.00,595.55,594.31,871.00,11.00,34.54,32.56,231.00,9.00,2,손가락 펴기 (Open)
405.00,616.00,180.00,627.00,20.00,51.21,107.46,154.02,26.00,143.89,191.95,181.57,162.00,79.70,30.31,99.93,175.60,201.17,139.50,137.03,104.00,29.01,122.30,99.82,148.85,40.02,97.96,78.01,81.00,101.79,36.27,209.16,34.79,154.58,292.58,57.00,26.00,15.00,62.52,54.64,25.06,26.18,76.81,57.14,14.00,330.81,329.12,595.00,9.00,588.38,587.50,681.00,11.00,153.94,152.19,402.00,8.00,600.85,599.75,773.00,10.00,33.51,31.38,220.00,8.00,2,손가락 펴기 (Open)
378.00,594.00,168.00,605.00,24.00,70.46,176.85,242.42,66.75,53.92,166.00,105.91,72.00,81.81,6.07,132.90,186.63,172.52,129.28,106.31,137.00,24.54,120.48,97.68,150.14,36.01,93.88,74.59,87.00,103.41,50.34,202.08,55.00,172.01,260.16,39.87,59.00,15.00,62.52,54.64,25.06,26.18,76.81,57.14,14.00,336.42,334.75,549.00,8.00,590.40,589.56,659.00,10.00,153.52,151.81,365.00,7.00,598.72,597.69,687.00,9.00,33.51,31.38,224.00,8.00,2,손가락 펴기 (Open)
352.00,605.00,130.00,561.00,45.00,66.00,174.59,237.90,66.01,50.79,172.23,102.69,63.00,81.81,6.07,132.90,186.63,172.52,129.28,106.31,137.00,26.76,118.16,94.01,145.28,38.68,94.32,73.85,92.00,89.56,19.35,176.03,44.05,158.38,244.41,33.64,90.00,12.86,70.64,63.29,44.64,25.92,56.39,53.90,35.00,335.83,334.19,534.00,7.00,590.40,589.56,670.00,10.00,153.78,152.12,388.00,8.00,600.48,599.62,678.00,10.00,34.83,32.69,212.00,8.00,2,손가락 펴기 (Open)
273.00,605.00,135.00,616.00,45.00,78.42,203.38,269.54,113.00,32.19,125.23,110.00,110.00,81.81,6.07,132.90,186.63,172.52,129.28,106.31,137.00,39.29,94.78,71.83,153.24,15.38,76.33,71.16,67.00,72.63,22.79,149.09,77.03,191.37,236.56,50.50,57.00,13.84,59.08,51.55,43.00,19.52,51.61,50.97,47.00,333.22,331.25,552.00,8.00,590.40,589.56,575.00,9.00,155.02,153.69,323.00,7.00,602.54,601.69,700.00,10.00,33.71,31.94,188.00,8.00,2,손가락 펴기 (Open)
304.00,561.00,180.00,638.00,31.00,48.64,158.40,229.02,121.26,26.35,98.60,118.00,155.00,52.01,52.78,86.96,141.74,149.13,91.40,116.33,86.00,39.29,94.78,71.83,153.24,15.38,76.33,71.16,67.00,59.93,44.62,156.68,80.65,183.67,254.88,30.49,79.00,15.49,57.32,51.27,45.00,21.51,50.72,52.00,45.00,335.59,334.06,522.00,8.00,593.28,592.75,535.00,9.00,155.02,153.69,323.00,7.00,603.96,603.06,667.00,9.00,33.60,31.81,193.00,8.00,2,손가락 펴기 (Open)
378.00,672.00,120.00,561.00,24.00,40.73,122.27,241.72,176.57,72.23,97.08,132.61,97.00,61.91,118.34,126.30,195.41,104.25,112.85,138.31,164.00,41.39,101.64,57.33,159.71,2.83,88.37,81.83,82.00,59.93,44.62,156.68,80.65,183.67,254.88,30.49,79.00,15.49,57.32,51.27,45.00,21.51,50.72,52.00,45.00,339.34,337.69,555.00,8.00,598.46,597.62,613.00,12.00,154.24,152.75,362.00,7.00,603.96,603.06,667.00,9.00,33.60,31.81,193.00,8.00,2,손가락 펴기 (Open)
328.00,540.00,186.00,627.00,39.00,46.93,117.27,208.77,187.54,97.52,85.95,159.21,64.00,81.93,114.03,59.73,158.27,18.22,131.88,215.59,251.00,31.35,112.70,79.73,133.96,27.36,98.78,110.70,112.00,70.47,46.90,153.09,84.58,174.00,249.18,41.28,68.00,7.89,53.90,45.24,53.00,27.45,58.04,44.24,53.00,337.24,335.62,580.00,9.00,593.14,592.19,701.00,10.00,156.31,154.62,428.00,8.00,603.24,602.38,689.00,9.00,34.11,32.31,201.00,9.00,2,손가락 펴기 (Open)
312.00,594.00,151.00,594.00,20.00,67.88,101.46,199.42,209.65,104.69,106.42,135.65,88.00,71.72,104.22,53.34,147.51,13.38,129.88,226.59,262.00,33.18,107.91,80.87,131.23,29.48,97.50,115.64,117.00,70.47,46.90,153.09,84.58,174.00,249.18,41.28,68.00,10.97,57.59,43.91,53.15,30.94,59.71,40.28,57.00,335.79,334.12,588.00,9.00,593.82,592.88,702.00,11.00,156.00,154.31,445.00,9.00,603.24,602.38,658.00,10.00,33.95,32.06,216.00,10.00,2,손가락 펴기 (Open)
378.00,605.00,162.00,605.00,39.00,33.90,135.17,175.77,224.38,138.69,139.28,102.42,122.00,3.49,38.91,23.51,150.28,63.59,195.11,160.63,187.00,42.87,97.50,92.78,121.25,38.05,107.91,105.56,105.00,37.70,34.04,93.60,134.27,103.77,188.10,61.10,143.00,15.55,40.80,62.85,34.23,34.87,56.60,25.78,76.00,338.07,336.25,646.00,7.00,598.28,597.56,627.00,12.00,155.19,153.56,422.00,9.00,607.64,607.06,572.00,9.00,34.97,33.25,213.00,10.00,2,손가락 펴기 (Open)
328.00,627.00,125.00,561.00,42.00,41.51,129.00,183.41,217.46,141.82,143.68,96.12,130.00,13.80,41.41,31.89,160.85,61.34,184.91,166.92,198.00,57.75,95.13,100.94,130.48,26.12,93.65,114.42,120.00,48.12,35.53,86.24,180.41,68.76,122.28,126.53,209.00,15.55,40.80,62.85,34.23,34.87,56.60,25.78,76.00,337.58,335.75,664.00,10.00,599.00,598.25,616.00,11.00,154.39,152.62,459.00,10.00,603.59,602.94,605.00,11.00,34.97,33.25,205.00,9.00,2,손가락 펴기 (Open)
281.00,551.00,145.00,540.00,28.00,61.18,129.32,187.04,230.05,158.39,149.51,108.84,107.00,21.62,17.98,49.28,172.19,90.61,175.27,177.35,230.00,52.96,91.97,103.59,126.73,28.51,91.60,115.96,125.00,110.01,108.86,53.63,234.62,41.92,180.65,58.49,133.00,12.60,39.22,64.86,31.26,37.74,59.60,25.56,73.00,336.33,334.31,671.00,9.00,597.10,596.25,670.00,11.00,154.68,152.94,474.00,10.00,599.03,598.19,604.00,10.00,34.81,33.06,219.00,10.00,2,손가락 펴기 (Open)
312.00,583.00,145.00,594.00,39.00,86.08,155.48,161.90,256.74,130.55,121.56,104.48,139.00,43.61,9.93,69.47,192.23,77.68,164.54,178.14,208.00,52.96,91.97,103.59,126.73,28.51,91.60,115.96,125.00,110.01,108.86,53.63,234.62,41.92,180.65,58.49,133.00,19.72,46.99,57.45,31.26,39.49,65.50,23.57,65.00,334.38,332.31,702.00,9.00,595.73,594.88,680.00,10.00,154.68,152.94,451.00,9.00,599.03,598.19,603.00,9.00,35.31,33.56,216.00,10.00,2,손가락 펴기 (Open)
312.00,583.00,135.00,540.00,36.00,107.98,186.76,133.84,241.59,128.71,152.97,96.41,107.00,43.61,9.93,69.47,192.23,77.68,164.54,178.14,208.00,74.17,119.72,102.14,104.62,38.92,62.48,133.69,92.00,183.20,142.20,73.15,162.41,70.65,155.07,119.10,24.00,14.61,39.70,58.00,40.20,33.20,66.87,20.98,56.00,332.41,330.31,678.00,8.00,595.73,594.88,636.00,9.00,152.64,150.88,418.00,6.00,592.23,591.38,569.00,8.00,34.66,33.00,200.00,9.00,2,손가락 펴기 (Open)
304.00,572.00,174.00,572.00,18.00,116.18,196.13,137.36,227.18,143.23,144.34,104.89,123.00,90.78,47.37,30.89,143.21,131.53,117.55,223.38,153.00,66.88,115.52,56.57,70.83,86.37,16.86,178.19,43.00,177.27,143.43,65.34,152.82,77.28,148.33,130.03,13.00,16.83,39.74,51.27,41.76,40.94,71.48,25.70,64.00,331.47,329.31,670.00,7.00,592.26,591.44,614.00,7.00,155.61,153.94,447.00,9.00,592.88,592.06,557.00,7.00,34.34,32.50,190.00,9.00,2,손가락 펴기 (Open)
336.00,572.00,162.00,594.00,20.00,116.18,196.13,137.36,227.18,143.23,144.34,104.89,123.00,107.96,63.30,9.61,155.86,128.19,122.31,201.62,175.00,85.15,137.85,39.06,49.52,84.54,32.46,151.20,70.00,179.25,134.73,61.40,158.64,72.93,137.47,140.62,2.00,48.43,69.55,29.04,13.42,48.85,37.99,14.73,30.00,331.47,329.31,654.00,7.00,590.91,590.06,581.00,6.00,157.22,155.62,402.00,8.00,592.19,591.38,557.00,8.00,31.97,30.38,154.00,8.00,2,손가락 펴기 (Open)
361.00,605.00,125.00,561.00,39.00,148.26,257.73,120.30,165.24,183.08,88.95,34.85,50.00,92.01,71.36,51.67,124.47,168.73,109.26,159.22,219.00,29.58,74.66,50.90,46.01,149.84,81.09,94.05,137.00,179.52,69.40,8.26,110.00,138.88,195.05,97.00,68.00,26.12,49.42,19.11,35.51,71.53,21.90,31.76,7.00,335.91,333.88,562.00,6.00,593.61,592.81,559.00,6.00,152.94,151.44,427.00,9.00,588.04,587.25,590.00,9.00,33.18,31.81,169.00,9.00,2,손가락 펴기 (Open)
296.00,551.00,174.00,649.00,36.00,72.70,156.96,40.32,130.19,287.59,25.54,74.46,59.00,99.39,20.27,71.39,84.31,217.82,71.06,117.12,284.00,25.21,73.00,49.90,41.77,146.74,79.03,96.88,131.00,185.23,83.61,27.15,128.28,149.23,203.93,97.39,90.00,17.73,49.19,8.41,36.40,69.26,22.41,24.13,23.00,328.72,327.06,600.00,7.00,589.61,588.75,591.00,7.00,152.50,151.06,464.00,10.00,589.53,588.62,656.00,10.00,34.01,32.81,168.00,9.00,2,손가락 펴기 (Open)
336.00,594.00,135.00,520.00,22.00,55.76,150.94,11.72,88.28,283.75,44.77,40.75,17.00,99.39,20.27,71.39,84.31,217.82,71.06,117.12,284.00,14.80,94.40,20.43,28.07,129.41,70.52,98.31,164.00,144.71,117.88,71.70,186.82,121.29,194.72,158.08,175.00,17.45,47.60,10.36,38.33,71.09,21.73,24.54,25.00,325.86,324.44,614.00,8.00,589.61,588.75,623.00,8.00,150.44,149.00,465.00,8.00,584.44,583.31,741.00,10.00,33.93,32.69,161.00,9.00,2,손가락 펴기 (Open)
328.00,572.00,168.00,627.00,42.00,49.47,168.65,16.57,89.63,261.92,21.69,52.61,41.00,93.90,13.51,78.23,101.53,185.41,40.59,130.08,317.00,35.49,56.52,57.23,10.20,91.49,49.82,123.93,202.00,191.79,51.88,58.48,157.28,64.64,161.71,223.41,241.00,16.30,44.62,12.29,39.22,68.96,24.43,22.87,22.00,324.29,322.94,543.00,7.00,587.54,586.69,645.00,9.00,152.77,151.38,493.00,11.00,588.61,587.44,793.00,10.00,33.69,32.50,181.00,10.00,2,손가락 펴기 (Open)
304.00,583.00,135.00,583.00,33.00,68.44,137.82,36.10,59.48,239.73,30.49,69.33,72.00,87.96,34.37,65.13,119.27,198.64,50.84,113.42,295.00,35.49,56.52,57.23,10.20,91.49,49.82,123.93,202.00,160.06,78.85,25.56,125.94,36.96,132.45,255.34,274.00,12.52,38.53,13.62,28.18,65.16,13.85,33.27,34.00,326.01,324.88,536.00,8.00,586.15,585.31,612.00,8.00,152.77,151.38,481.00,11.00,586.51,585.38,815.00,11.00,32.81,31.75,176.00,9.00,2,손가락 펴기 (Open)
344.00,605.00,156.00,594.00,26.00,107.11,117.25,71.47,80.61,226.21,9.78,65.96,32.00,117.05,37.94,108.96,147.92,182.20,63.93,74.37,251.00,16.03,59.06,77.84,34.06,74.90,73.18,100.01,178.00,116.29,101.18,39.02,118.00,45.33,175.42,221.33,230.00,12.16,40.66,11.56,26.25,70.11,15.27,28.28,29.00,328.48,327.38,502.00,8.00,588.88,588.06,523.00,8.00,151.12,149.88,442.00,9.00,583.61,582.62,749.00,9.00,32.54,31.44,176.00,10.00,2,손가락 펴기 (Open)
328.00,594.00,135.00,605.00,33.00,58.73,108.78,84.72,57.43,176.76,58.41,103.13,18.00,48.61,40.23,112.02,111.20,105.17,94.34,16.27,173.00,23.98,67.24,67.35,36.40,60.53,82.54,87.03,163.00,156.15,112.44,23.57,74.00,47.12,203.45,206.89,186.00,16.89,32.13,20.50,17.89,75.12,14.95,20.09,20.00,325.11,324.25,468.00,8.00,583.62,583.19,402.00,7.00,151.90,150.81,397.00,9.00,586.35,585.38,694.00,10.00,33.02,32.00,168.00,10.00,2,손가락 펴기 (Open)
336.00,540.00,180.00,561.00,26.00,64.87,114.28,76.86,49.50,172.64,63.82,111.03,26.00,48.61,40.23,112.02,111.20,105.17,94.34,16.27,173.00,21.97,61.28,64.79,30.87,60.42,82.52,83.72,157.00,117.83,54.43,42.59,99.16,53.18,213.37,226.79,120.00,6.77,44.33,18.51,26.40,69.38,14.16,15.83,7.00,325.62,324.75,460.00,7.00,583.62,583.19,402.00,7.00,151.45,150.44,407.00,10.00,582.16,581.25,705.00,9.00,32.22,31.19,156.00,10.00,2,손가락 펴기 (Open)
320.00,616.00,110.00,551.00,39.00,69.20,122.28,75.69,49.01,167.87,64.29,103.29,18.00,70.61,47.08,105.67,109.00,94.97,110.33,32.63,195.00,49.81,38.39,23.80,60.83,26.41,114.50,98.95,198.00,124.90,11.68,72.37,72.92,80.17,236.29,196.83,163.00,24.34,39.20,3.81,40.82,50.38,19.06,29.38,12.00,326.10,325.25,410.00,7.00,585.04,584.56,467.00,8.00,149.23,147.88,466.00,11.00,579.51,578.56,704.00,9.00,33.28,32.38,150.00,10.00,2,손가락 펴기 (Open)
304.00,540.00,168.00,583.00,28.00,89.08,87.25,36.08,25.02,97.22,130.75,63.56,56.00,26.13,22.14,62.88,44.00,29.98,175.13,97.57,260.00,43.82,35.39,26.60,58.31,20.63,120.35,100.25,204.00,140.54,18.69,72.04,53.82,62.03,214.54,216.55,141.00,13.73,32.81,14.26,36.40,47.01,22.22,40.32,23.00,321.23,320.62,376.00,7.00,581.05,580.50,521.00,11.00,149.64,148.25,487.00,11.00,578.10,577.19,692.00,9.00,32.59,31.69,158.00,11.00,2,손가락 펴기 (Open)
304.00,572.00,174.00,684.00,26.00,111.05,103.40,20.95,35.36,99.97,109.99,61.67,32.00,68.90,64.46,7.95,70.43,72.73,144.76,50.35,205.00,16.02,19.39,40.73,105.32,54.85,102.75,117.74,155.00,46.66,104.87,188.68,101.98,153.36,135.67,339.48,18.00,11.09,18.11,26.41,51.97,34.92,30.36,25.53,7.00,319.75,319.12,329.00,6.00,577.49,577.06,477.00,10.00,152.67,151.31,473.00,11.00,586.32,584.88,772.00,11.00,31.52,30.69,146.00,10.00,2,손가락 펴기 (Open)
396.00,638.00,140.00,572.00,26.00,4.83,12.49,135.86,142.21,67.92,141.78,114.61,83.00,18.26,82.89,91.33,69.81,113.85,192.89,81.60,118.00,12.57,19.30,41.92,104.39,55.12,105.79,121.88,150.00,38.69,130.20,208.12,92.78,132.58,126.63,309.80,50.00,12.78,16.17,26.32,52.39,36.82,28.36,26.83,9.00,327.27,326.31,390.00,7.00,583.06,582.50,511.00,10.00,152.38,151.00,507.00,12.00,588.21,586.88,830.00,11.00,31.42,30.56,135.00,9.00,2,손가락 펴기 (Open)
352.00,616.00,135.00,627.00,51.00,44.73,51.63,156.13,154.35,97.52,101.94,96.45,43.00,50.82,115.89,106.37,97.94,127.57,159.89,49.81,151.00,6.63,27.83,51.88,114.27,64.11,95.86,112.08,160.00,44.11,140.75,195.64,60.21,118.40,154.71,333.75,17.00,1.77,24.51,37.72,64.13,39.69,21.57,32.91,21.00,329.80,328.81,434.00,9.00,585.18,584.56,533.00,9.00,151.80,150.38,502.00,12.00,590.35,588.94,831.00,11.00,32.47,31.31,157.00,10.00,2,손가락 펴기 (Open)
281.00,551.00,162.00,583.00,22.00,19.41,40.01,173.92,182.94,124.46,80.22,104.18,12.00,27.15,96.13,126.34,115.62,159.25,139.23,17.89,183.00,30.73,9.28,46.42,113.44,85.73,76.34,85.67,187.00,66.43,132.48,152.83,80.66,161.32,114.19,317.26,60.00,15.31,25.97,31.21,63.03,31.38,29.92,39.43,35.00,328.05,326.88,497.00,8.00,583.24,582.56,587.00,10.00,153.44,152.06,490.00,12.00,592.90,591.62,843.00,12.00,31.68,30.44,168.00,10.00,2,손가락 펴기 (Open)
352.00,594.00,145.00,605.00,28.00,55.09,36.11,128.73,171.84,130.71,99.01,142.40,36.00,36.60,93.27,106.27,99.90,166.41,144.55,10.88,205.00,6.26,22.74,20.90,84.59,86.35,84.14,64.59,216.00,86.39,110.62,140.11,107.19,150.10,130.25,316.96,27.00,6.54,17.24,24.31,53.04,21.42,39.91,43.08,45.00,331.04,329.88,536.00,10.00,584.61,583.94,630.00,11.00,151.55,150.25,495.00,13.00,594.94,593.69,843.00,12.00,32.13,31.06,172.00,10.00,2,손가락 펴기 (Open)
344.00,594.00,130.00,551.00,45.00,61.21,35.66,129.05,179.81,136.88,91.11,134.49,28.00,48.71,78.99,110.01,117.32,182.60,125.29,13.92,183.00,33.90,47.55,15.41,93.91,114.43,55.05,79.55,184.00,79.28,153.18,110.11,134.42,186.41,130.40,304.92,16.00,23.37,8.35,5.68,59.48,37.21,29.50,47.80,20.00,331.55,330.38,519.00,10.00,585.98,585.31,597.00,10.00,149.61,148.25,473.00,12.00,592.35,591.00,864.00,12.00,33.68,32.62,170.00,10.00,2,손가락 펴기 (Open)
266.00,561.00,125.00,551.00,45.00,83.56,121.72,49.15,195.26,224.70,57.49,47.70,67.00,51.62,122.53,66.55,99.46,222.63,83.21,54.52,139.00,33.90,47.55,15.41,93.91,114.43,55.05,79.55,184.00,84.45,161.17,100.44,141.45,178.74,136.42,310.75,6.00,29.33,13.96,11.64,64.88,38.81,25.94,43.48,26.00,325.89,324.44,532.00,8.00,583.24,582.56,576.00,10.00,149.61,148.25,429.00,11.00,591.77,590.38,776.00,11.00,34.14,33.00,167.00,7.00,2,손가락 펴기 (Open)
288.00,605.00,130.00,616.00,45.00,91.24,128.55,41.34,202.62,224.11,50.25,51.71,59.00,34.58,86.89,106.67,48.30,229.46,78.62,104.00,85.00,74.44,49.59,43.56,84.02,107.29,49.81,86.54,140.00,113.48,169.58,101.89,120.95,171.23,103.68,283.00,39.00,37.49,19.96,17.65,61.68,29.82,34.75,51.82,17.00,325.44,323.94,514.00,7.00,586.58,585.94,577.00,10.00,146.79,145.50,395.00,10.00,589.56,588.31,712.00,11.00,34.80,33.56,153.00,7.00,2,손가락 펴기 (Open)
304.00,594.00,151.00,583.00,24.00,123.07,140.04,48.21,192.57,195.78,81.28,55.12,91.00,34.58,86.89,106.67,48.30,229.46,78.62,104.00,85.00,62.50,56.08,45.82,100.02,92.99,64.52,88.42,124.00,50.54,204.16,41.63,177.34,111.44,65.21,221.77,102.00,38.95,20.32,17.29,59.77,30.75,33.12,49.83,19.00,323.47,321.94,522.00,7.00,586.58,585.94,566.00,9.00,147.76,146.50,383.00,10.00,593.23,592.25,638.00,11.00,34.88,33.69,154.00,7.00,2,손가락 펴기 (Open)
352.00,583.00,156.00,572.00,33.00,102.43,149.10,24.87,215.96,177.39,96.76,74.21,115.00,32.08,96.66,96.03,58.31,220.11,89.29,109.65,74.00,67.74,44.49,33.87,100.50,83.97,75.58,87.03,112.00,104.13,149.34,90.74,204.02,81.93,102.67,167.33,157.00,36.05,26.23,26.07,57.71,26.18,33.05,41.85,28.00,325.04,323.44,546.00,7.00,587.25,586.62,566.00,10.00,146.94,145.75,355.00,9.00,589.74,588.81,605.00,10.00,34.27,33.12,154.00,6.00,2,손가락 펴기 (Open)
320.00,616.00,140.00,605.00,28.00,94.53,164.36,28.70,213.12,172.59,97.84,58.44,99.00,34.40,128.29,80.06,77.08,216.86,77.08,108.37,107.00,67.23,48.96,36.51,95.52,85.91,77.75,85.01,107.00,86.13,166.88,91.44,186.68,99.83,124.36,149.11,179.00,37.27,31.22,29.08,52.77,31.18,29.25,45.05,23.00,326.00,324.44,538.00,7.00,589.35,588.69,577.00,10.00,147.23,146.06,350.00,9.00,591.13,590.19,627.00,10.00,34.00,32.81,152.00,10.00,2,손가락 펴기 (Open)
328.00,572.00,151.00,594.00,33.00,96.68,150.46,13.02,228.97,156.75,111.12,42.87,83.00,43.02,115.01,59.52,102.93,186.47,99.49,127.67,140.00,65.80,47.51,39.40,95.13,90.91,76.39,81.57,102.00,86.13,166.88,91.44,186.68,99.83,124.36,149.11,179.00,33.16,27.07,32.81,52.04,34.48,22.25,47.87,16.00,324.97,323.44,530.00,8.00,587.29,586.62,610.00,11.00,146.90,145.75,340.00,9.00,591.13,590.19,627.00,10.00,34.37,33.25,150.00,6.00,2,손가락 펴기 (Open)
328.00,616.00,130.00,605.00,39.00,96.68,150.46,13.02,228.97,156.75,111.12,42.87,83.00,26.15,106.24,81.47,93.05,170.94,121.41,147.84,162.00,62.91,50.27,44.23,90.14,89.27,80.72,86.12,107.00,86.13,166.88,91.44,186.68,99.83,124.36,149.11,179.00,28.55,29.15,38.63,46.04,38.17,26.72,47.71,22.00,324.97,323.44,522.00,8.00,588.71,588.00,600.00,11.00,146.62,145.44,316.00,9.00,591.13,590.19,594.00,9.00,34.76,33.62,149.00,7.00,2,손가락 펴기 (Open)
312.00,572.00,151.00,627.00,48.00,86.18,164.17,36.02,205.20,172.16,125.35,37.45,59.00,16.58,79.03,96.87,123.49,159.98,103.41,115.85,130.00,42.16,79.04,56.31,96.21,69.65,53.41,57.13,78.00,122.61,102.60,80.36,152.86,165.31,181.80,147.87,113.00,11.22,50.46,47.59,51.88,18.81,32.27,43.44,0.00,323.47,321.94,522.00,8.00,590.59,590.00,568.00,11.00,144.56,143.62,267.00,9.00,595.26,594.31,606.00,11.00,36.20,35.00,145.00,6.00,2,손가락 펴기 (Open)
320.00,649.00,120.00,583.00,33.00,86.18,164.17,36.02,205.20,172.16,125.35,37.45,59.00,40.10,46.52,85.27,136.08,192.73,98.46,146.71,163.00,50.74,71.57,61.71,86.93,59.90,50.77,47.89,68.00,153.10,75.92,57.56,123.44,152.90,152.39,157.00,145.00,16.14,45.62,50.91,46.65,21.52,38.20,41.81,6.00,323.47,321.94,514.00,8.00,592.80,592.06,569.00,11.00,145.06,144.25,240.00,9.00,597.16,596.31,618.00,12.00,35.82,34.62,149.00,6.00,2,손가락 펴기 (Open)
328.00,594.00,151.00,616.00,36.00,108.25,146.12,53.59,181.50,173.02,144.35,24.74,83.00,86.71,49.15,34.35,92.63,173.17,141.51,111.56,109.00,33.85,73.76,45.42,81.79,59.73,62.11,38.41,51.00,185.91,79.95,26.37,141.03,129.33,166.36,135.80,112.00,8.22,47.22,43.19,43.08,29.40,44.88,37.88,14.00,324.93,323.44,522.00,9.00,596.02,595.44,592.00,10.00,143.88,143.19,265.00,10.00,599.23,598.38,550.00,12.00,36.27,35.12,150.00,6.00,2,손가락 펴기 (Open)
328.00,583.00,115.00,490.00,51.00,132.24,147.75,74.67,186.97,150.16,120.81,42.81,59.00,95.17,60.06,26.31,85.15,164.35,130.92,113.67,120.00,27.52,66.64,72.52,27.02,15.41,4.43,71.18,110.00,92.43,127.08,193.03,120.24,81.79,221.26,108.28,82.00,17.01,41.49,47.59,21.93,33.72,45.52,58.66,11.00,326.38,324.94,430.00,8.00,596.68,596.12,537.00,9.00,140.13,139.50,267.00,9.00,587.23,586.25,564.00,10.00,37.89,36.69,165.00,7.00,2,손가락 펴기 (Open)
259.00,561.00,174.00,627.00,26.00,56.59,89.61,157.50,68.41,118.45,124.57,179.60,78.00,87.62,47.58,68.60,56.29,104.62,115.77,127.23,197.00,6.96,87.33,45.75,27.02,21.49,34.44,94.81,144.00,69.60,111.36,186.81,88.96,129.65,226.44,140.58,137.00,17.01,41.49,47.59,21.93,33.72,45.52,58.66,11.00,317.68,316.38,455.00,7.00,591.83,591.31,537.00,11.00,142.49,141.62,321.00,11.00,590.73,589.69,646.00,10.00,37.89,36.69,165.00,7.00,2,손가락 펴기 (Open)
352.00,572.00,168.00,583.00,16.00,56.59,89.61,157.50,68.41,118.45,124.57,179.60,78.00,121.62,91.44,83.25,16.28,92.12,85.46,130.58,153.00,39.95,120.31,67.56,20.81,38.32,21.79,83.66,111.00,98.05,88.49,146.46,50.45,136.69,206.09,162.99,181.00,24.45,76.46,48.76,25.61,42.87,16.05,27.90,24.00,317.68,316.38,477.00,7.00,589.06,588.56,483.00,10.00,144.67,143.69,300.00,10.00,587.91,586.94,646.00,10.00,35.90,34.50,146.00,5.00,2,손가락 펴기 (Open)
369.00,616.00,135.00,605.00,39.00,46.56,176.68,201.29,70.94,111.56,73.17,130.58,10.00,58.60,60.98,130.51,77.78,37.07,25.26,177.20,88.00,18.45,103.57,46.36,45.61,62.64,47.17,93.56,84.00,77.21,108.79,163.75,66.61,120.94,185.99,170.04,203.00,7.58,65.13,31.77,20.02,59.31,25.93,25.84,41.00,323.25,321.88,423.00,8.00,593.07,592.62,484.00,10.00,142.92,142.00,316.00,11.00,589.29,588.31,646.00,10.00,36.79,35.56,163.00,6.00,2,손가락 펴기 (Open)
328.00,594.00,130.00,551.00,51.00,39.30,158.79,178.76,54.92,135.50,88.90,134.23,34.00,58.60,60.98,130.51,77.78,37.07,25.26,177.20,88.00,21.81,107.78,54.46,51.62,63.70,35.31,82.27,99.00,131.20,63.88,183.80,107.54,72.42,136.34,178.16,257.00,15.59,72.22,31.62,43.01,59.77,4.48,22.98,18.00,321.67,320.38,456.00,8.00,593.07,592.62,506.00,10.00,142.02,141.06,306.00,10.00,585.97,584.94,646.00,10.00,38.31,37.00,158.00,6.00,2,손가락 펴기 (Open)
259.00,490.00,217.00,616.00,20.00,105.69,179.56,196.55,134.39,124.49,5.01,108.26,51.00,159.22,43.23,183.78,181.33,115.28,122.34,76.06,192.00,70.02,46.57,38.45,133.75,149.93,93.70,32.65,186.00,75.98,90.78,119.62,93.65,106.70,131.98,184.10,322.00,11.20,49.08,6.67,50.25,84.49,26.03,33.69,7.00,316.65,315.06,447.00,6.00,587.10,586.12,577.00,10.00,148.51,146.50,388.00,11.00,590.00,589.00,711.00,11.00,36.96,35.44,189.00,6.00,2,손가락 펴기 (Open)
378.00,672.00,96.00,480.00,26.00,7.56,79.72,84.72,154.55,235.48,111.67,126.99,163.00,86.33,89.04,93.38,218.28,165.44,208.13,76.15,303.00,48.18,72.87,26.17,131.02,165.31,120.94,42.40,215.00,123.60,114.97,150.45,24.60,173.38,194.58,189.02,393.00,30.19,31.53,16.71,67.23,76.86,15.17,31.07,12.00,323.69,322.06,544.00,9.00,594.34,593.06,715.00,10.00,147.16,144.69,504.00,12.00,586.11,584.56,782.00,11.00,35.80,34.25,195.00,6.00,2,손가락 펴기 (Open)
312.00,561.00,186.00,708.00,57.00,31.48,55.78,80.74,175.35,225.18,95.34,123.37,139.00,93.00,51.71,81.22,183.45,154.79,224.74,118.34,347.00,83.36,32.80,32.85,75.03,144.57,154.97,79.63,271.00,105.83,26.31,210.77,83.93,205.85,281.88,198.89,485.00,19.53,36.79,12.29,72.72,86.42,24.29,38.76,24.00,325.08,323.56,594.00,10.00,591.64,590.31,815.00,11.00,150.87,148.19,573.00,12.00,592.57,590.31,977.00,11.00,36.85,35.00,205.00,6.00,2,손가락 펴기 (Open)
281.00,572.00,140.00,551.00,18.00,12.67,72.78,60.40,187.22,241.94,100.85,132.76,116.00,95.57,55.55,61.20,198.76,176.02,232.31,96.70,325.00,77.78,29.37,33.51,75.54,133.78,155.58,86.69,282.00,91.04,57.99,183.36,97.35,189.71,299.10,199.86,517.00,23.34,38.31,6.92,67.68,91.53,30.13,44.43,30.00,323.78,322.12,577.00,9.00,590.28,588.94,815.00,10.00,150.21,147.50,614.00,13.00,590.66,588.31,1123.00,12.00,36.64,34.62,235.00,7.00,2,손가락 펴기 (Open)
387.00,638.00,151.00,616.00,33.00,38.97,75.56,91.31,159.45,273.78,133.45,161.54,81.00,117.63,22.52,109.52,165.71,213.54,283.97,59.66,270.00,77.55,25.54,38.45,70.58,136.64,158.83,85.09,277.00,124.59,45.26,180.16,65.46,145.83,294.79,192.31,561.00,23.34,38.31,6.92,67.68,91.53,30.13,44.43,30.00,326.27,324.31,651.00,9.00,593.82,592.38,848.00,10.00,149.89,147.19,609.00,13.00,593.42,591.06,1155.00,12.00,36.64,34.62,245.00,7.00,2,손가락 펴기 (Open)
328.00,638.00,120.00,649.00,57.00,45.29,82.77,91.69,164.83,273.96,126.35,153.63,89.00,136.99,20.70,112.41,185.15,221.62,264.54,64.46,292.00,86.95,5.57,51.64,70.86,148.11,138.88,85.55,297.00,168.02,84.89,141.63,104.75,164.61,328.05,215.25,517.00,37.11,14.44,28.76,46.62,119.85,45.93,22.90,1.00,326.77,324.81,702.00,8.00,595.27,593.75,804.00,9.00,148.80,145.94,629.00,13.00,596.31,593.81,1177.00,12.00,38.68,36.44,264.00,9.00,2,손가락 펴기 (Open)
288.00,561.00,135.00,551.00,28.00,41.00,47.43,128.45,138.45,311.77,121.01,115.13,129.00,126.01,26.36,121.52,180.55,232.61,261.73,65.37,303.00,100.68,13.29,49.33,86.70,132.78,151.38,90.88,281.00,126.86,50.35,178.70,98.18,144.26,370.79,253.10,474.00,32.35,14.01,28.43,42.64,122.66,50.91,23.03,4.00,324.40,322.31,742.00,9.00,594.62,593.06,837.00,9.00,147.83,144.94,623.00,12.00,593.73,591.12,1264.00,13.00,38.44,36.12,287.00,9.00,2,손가락 펴기 (Open)
328.00,616.00,120.00,583.00,45.00,41.00,47.43,128.45,138.45,311.77,121.01,115.13,129.00,126.01,26.36,121.52,180.55,232.61,261.73,65.37,303.00,110.64,22.72,40.34,86.01,134.01,150.26,83.87,291.00,111.47,56.44,178.43,120.15,166.25,357.33,231.14,496.00,38.34,18.44,22.94,46.67,119.57,54.99,26.56,10.00,324.40,322.31,766.00,9.00,594.62,593.06,848.00,9.00,147.30,144.31,617.00,11.00,592.35,589.75,1274.00,13.00,38.84,36.50,295.00,10.00,2,손가락 펴기 (Open)
288.00,551.00,174.00,638.00,36.00,63.79,64.96,120.04,153.57,301.56,145.00,106.51,153.00,111.05,44.27,118.81,189.79,217.83,282.18,55.88,324.00,88.91,22.77,60.06,109.00,115.07,166.10,63.87,314.00,115.34,46.09,188.43,121.20,170.99,359.15,220.75,507.00,27.99,6.88,32.97,55.80,107.68,56.33,37.72,22.00,323.01,320.81,798.00,10.00,593.38,591.75,836.00,9.00,148.88,145.75,640.00,11.00,593.09,590.44,1285.00,13.00,38.02,35.75,289.00,8.00,2,손가락 펴기 (Open)
336.00,616.00,120.00,500.00,20.00,47.99,49.26,135.93,165.70,285.56,156.47,109.71,169.00,104.88,64.21,88.54,161.72,249.03,254.93,81.16,291.00,88.91,22.77,60.06,109.00,115.07,166.10,63.87,314.00,141.30,126.72,140.52,40.72,133.32,430.05,168.70,590.00,23.94,12.55,34.46,64.35,111.63,64.25,24.78,9.00,324.03,321.81,838.00,10.00,591.18,589.69,846.00,10.00,148.88,145.75,663.00,11.00,588.33,585.25,1390.00,13.00,37.45,34.94,302.00,9.00,2,손가락 펴기 (Open)
320.00,561.00,156.00,605.00,33.00,54.87,53.94,132.25,160.80,282.68,157.07,114.83,177.00,120.47,74.77,66.76,145.50,248.45,261.93,48.88,324.00,87.03,27.20,55.40,104.00,115.81,169.58,58.96,319.00,150.72,133.60,148.52,46.40,144.14,419.52,170.21,579.00,25.06,15.48,32.22,62.29,113.83,61.26,27.43,12.00,323.53,321.31,854.00,11.00,589.16,587.62,890.00,10.00,149.20,146.06,663.00,11.00,587.62,584.56,1369.00,13.00,37.28,34.75,300.00,9.00,2,손가락 펴기 (Open)
304.00,540.00,162.00,530.00,20.00,72.40,56.84,149.27,180.62,265.59,173.25,93.89,153.00,158.54,76.85,98.45,185.63,208.48,285.39,91.71,281.00,100.32,61.79,40.31,114.54,70.73,176.18,101.37,272.00,111.18,142.36,113.78,28.16,168.92,402.37,166.02,539.00,52.33,41.65,13.22,44.60,86.77,86.76,24.35,19.00,322.06,319.81,801.00,10.00,586.59,584.94,889.00,10.00,151.91,149.00,610.00,10.00,589.78,587.06,1307.00,13.00,35.39,32.81,288.00,10.00,2,손가락 펴기 (Open)
336.00,561.00,180.00,594.00,24.00,73.23,113.89,86.90,154.18,195.75,250.25,22.63,76.00,158.54,76.85,98.45,185.63,208.48,285.39,91.71,281.00,105.14,64.14,46.22,120.02,75.00,170.97,96.96,278.00,143.60,113.12,111.75,5.83,158.57,415.93,156.86,506.00,54.33,42.60,15.16,46.49,86.40,86.21,22.75,17.00,326.47,324.62,740.00,10.00,586.59,584.94,899.00,10.00,152.34,149.38,622.00,10.00,587.64,585.00,1327.00,13.00,35.30,32.69,282.00,10.00,2,손가락 펴기 (Open)
320.00,561.00,140.00,551.00,39.00,50.50,84.11,78.13,122.48,202.05,273.72,14.79,44.00,168.85,66.56,96.80,175.23,212.72,294.28,99.31,270.00,78.13,78.06,39.37,133.70,70.26,144.07,89.49,306.00,171.57,82.39,84.63,35.36,190.18,385.75,176.30,538.00,35.15,53.57,18.65,44.72,64.13,99.59,6.32,6.00,324.41,322.62,739.00,11.00,585.93,584.25,855.00,9.00,150.56,147.62,629.00,10.00,585.71,583.00,1348.00,12.00,36.40,34.12,274.00,8.00,2,손가락 펴기 (Open)
288.00,572.00,156.00,616.00,26.00,48.18,94.94,24.56,135.96,121.96,279.29,75.19,125.00,203.55,31.07,56.25,165.68,168.74,290.27,91.14,314.00,99.07,57.20,20.32,117.03,51.77,135.68,97.24,327.00,164.54,87.76,94.31,38.48,196.02,375.79,186.26,549.00,42.27,40.64,9.09,32.02,56.78,112.56,13.19,19.00,319.24,317.56,730.00,11.00,583.13,581.50,844.00,9.00,151.83,148.94,640.00,11.00,586.43,583.69,1359.00,13.00,35.67,33.31,275.00,9.00,2,손가락 펴기 (Open)
352.00,605.00,151.00,605.00,26.00,41.01,71.58,45.93,115.12,110.50,299.77,98.76,149.00,197.68,30.92,65.36,154.73,165.21,298.02,96.34,325.00,118.28,42.38,11.48,131.64,70.15,128.06,82.26,306.00,158.62,92.48,105.17,90.43,230.65,397.05,132.30,495.00,55.50,26.16,31.95,45.28,45.69,95.33,19.46,6.00,320.83,319.06,725.00,11.00,583.84,582.19,773.00,9.00,153.04,150.25,558.00,10.00,589.74,587.06,1305.00,12.00,33.94,31.75,244.00,10.00,2,손가락 펴기 (Open)
361.00,583.00,174.00,627.00,31.00,122.62,53.36,136.92,190.54,82.81,202.83,55.40,47.00,205.81,79.11,105.18,172.63,110.51,205.03,59.17,232.00,92.46,55.19,31.54,107.35,81.01,92.35,48.03,263.00,163.71,88.79,98.32,89.14,220.55,400.62,142.69,506.00,52.53,22.78,27.29,38.59,34.89,97.22,30.37,17.00,326.94,325.44,615.00,10.00,589.16,588.00,613.00,9.00,149.56,147.56,460.00,9.00,590.47,587.75,1191.00,11.00,34.45,32.44,243.00,10.00,2,손가락 펴기 (Open)
361.00,649.00,130.00,605.00,42.00,105.67,36.40,135.60,182.47,70.62,196.85,67.91,30.00,191.62,71.87,113.47,152.46,87.59,189.74,60.66,209.00,100.90,66.93,37.01,78.01,66.11,58.50,24.23,229.00,273.13,63.56,37.39,36.35,250.91,292.56,94.95,381.00,58.13,14.69,41.15,52.92,45.99,84.06,15.74,1.00,325.73,324.38,549.00,9.00,587.54,586.56,568.00,9.00,151.16,149.69,414.00,9.00,597.60,595.56,985.00,8.00,35.43,33.44,223.00,8.00,2,손가락 펴기 (Open)
320.00,594.00,151.00,594.00,33.00,112.83,42.01,128.30,175.32,63.09,200.58,75.66,22.00,220.29,59.34,80.60,138.51,77.83,195.88,65.00,176.00,105.94,33.10,9.58,102.62,32.04,46.01,25.81,194.00,159.15,127.73,83.47,114.79,199.90,180.92,183.75,267.00,42.42,36.58,29.01,49.16,45.68,60.33,20.12,23.00,326.22,324.88,559.00,10.00,589.57,588.62,612.00,9.00,148.70,147.50,389.00,9.00,589.79,588.44,839.00,9.00,33.47,31.94,193.00,9.00,2,손가락 펴기 (Open)
296.00,561.00,145.00,583.00,36.00,123.36,45.47,117.72,169.00,65.22,186.22,60.89,37.00,209.33,68.46,84.41,148.96,87.66,205.53,65.91,165.00,102.78,37.73,5.61,105.76,28.96,49.58,28.19,189.00,188.87,97.21,70.08,109.07,168.46,167.18,215.71,235.00,57.68,22.91,17.29,31.26,33.11,52.20,37.64,41.00,327.05,325.81,477.00,9.00,588.90,587.94,579.00,9.00,149.00,147.81,384.00,9.00,591.71,590.44,785.00,9.00,34.36,33.06,181.00,8.00,2,손가락 펴기 (Open)
328.00,561.00,186.00,572.00,8.00,112.41,87.06,106.91,116.76,40.10,136.62,34.88,96.00,137.69,144.43,63.84,145.56,60.55,133.82,112.05,242.00,74.27,61.12,29.67,134.46,30.88,14.72,40.72,224.00,159.15,122.40,42.96,65.12,148.27,189.65,257.55,191.00,32.81,31.27,42.29,37.44,9.94,67.25,62.26,66.00,322.99,322.12,450.00,10.00,583.99,583.12,579.00,9.00,151.45,150.00,394.00,9.00,588.94,587.69,763.00,9.00,33.42,31.50,185.00,9.00,2,손가락 펴기 (Open)
387.00,583.00,145.00,551.00,39.00,101.10,34.50,161.62,157.43,33.25,143.01,84.50,155.00,110.00,183.82,41.05,92.70,12.09,159.84,59.54,187.00,51.53,70.22,46.33,123.71,48.29,35.65,19.36,199.00,164.87,155.31,55.35,114.28,100.76,93.79,191.51,289.00,16.08,35.70,52.10,24.70,17.51,49.25,47.59,48.00,327.05,325.81,469.00,9.00,580.38,579.69,524.00,7.00,152.82,151.56,420.00,10.00,582.67,581.56,686.00,8.00,31.76,30.38,187.00,9.00,2,손가락 펴기 (Open)
288.00,540.00,162.00,583.00,31.00,101.10,34.50,161.62,157.43,33.25,143.01,84.50,155.00,113.43,187.58,25.33,87.69,33.09,163.96,80.54,208.00,24.99,68.98,48.19,98.84,29.80,34.27,45.32,226.00,144.83,162.34,54.41,99.62,70.55,67.19,188.73,321.00,18.01,36.65,53.47,27.29,17.25,47.23,46.34,45.00,327.05,325.81,528.00,9.00,579.13,578.38,512.00,7.00,154.45,153.25,422.00,11.00,584.61,583.56,686.00,8.00,31.93,30.56,178.00,8.00,2,손가락 펴기 (Open)
304.00,594.00,145.00,616.00,28.00,117.93,24.65,173.96,176.95,57.21,120.44,63.70,131.00,127.93,177.07,5.95,109.55,31.88,145.34,60.59,186.00,3.18,57.75,34.36,112.00,23.09,15.71,21.55,201.00,118.71,192.39,87.25,131.22,96.95,77.03,178.81,288.00,19.76,22.29,36.61,38.42,6.65,51.33,49.25,28.00,325.59,324.31,504.00,8.00,577.70,577.00,501.00,7.00,155.78,154.81,385.00,11.00,586.72,585.62,664.00,8.00,30.69,29.50,172.00,8.00,2,손가락 펴기 (Open)
344.00,561.00,162.00,616.00,24.00,67.30,75.54,119.71,212.87,95.51,110.99,57.94,75.00,118.74,186.52,7.71,109.00,41.84,135.52,54.93,176.00,10.96,68.50,46.32,102.73,15.13,6.48,16.40,189.00,139.61,172.31,79.73,127.48,96.37,74.26,167.17,266.00,30.33,10.31,35.75,46.86,18.00,40.42,42.12,40.00,328.97,327.81,496.00,8.00,578.30,577.62,469.00,7.00,154.97,154.06,348.00,11.00,585.25,584.25,526.00,7.00,29.95,28.75,160.00,7.00,2,손가락 펴기 (Open)
344.00,551.00,145.00,520.00,24.00,59.48,82.45,119.27,218.51,97.27,105.05,52.64,83.00,183.72,131.57,67.27,44.01,91.82,113.29,79.22,111.00,17.63,46.02,41.81,88.19,9.95,19.15,33.26,164.00,119.73,179.96,64.43,107.56,79.18,62.10,152.07,246.00,26.33,13.24,31.95,49.52,20.49,36.61,39.02,44.00,329.49,328.31,480.00,7.00,574.18,573.56,424.00,6.00,156.30,155.62,329.00,11.00,586.34,585.50,517.00,7.00,30.14,29.00,147.00,6.00,2,손가락 펴기 (Open)
296.00,561.00,151.00,616.00,33.00,83.25,79.19,97.78,235.93,121.10,81.06,33.78,107.00,183.72,131.57,67.27,44.01,91.82,113.29,79.22,111.00,12.63,47.38,37.04,92.59,13.07,22.55,38.24,159.00,110.26,176.60,54.39,107.00,88.58,72.80,162.39,257.00,26.33,13.24,31.95,49.52,20.49,36.61,39.02,44.00,328.08,326.81,512.00,8.00,574.18,573.56,413.00,6.00,155.99,155.31,329.00,11.00,587.06,586.19,538.00,7.00,30.14,29.00,143.00,6.00,2,손가락 펴기 (Open)
328.00,561.00,151.00,605.00,36.00,63.39,64.23,117.61,220.80,134.23,67.03,16.48,131.00,169.20,119.41,82.04,23.02,111.68,92.40,58.23,132.00,4.94,43.66,30.97,88.02,19.71,24.61,27.93,170.00,90.42,116.66,95.53,182.00,122.72,41.54,87.58,182.00,18.87,13.36,41.50,40.25,4.54,44.47,23.08,60.00,329.52,328.31,512.00,7.00,575.44,574.88,392.00,6.00,155.30,154.62,311.00,11.00,591.57,590.88,485.00,6.00,31.05,30.00,142.00,6.00,2,손가락 펴기 (Open)
336.00,616.00,145.00,583.00,22.00,63.39,64.23,117.61,220.80,134.23,67.03,16.48,131.00,160.25,67.22,133.22,58.69,87.52,139.60,110.62,77.00,36.59,23.16,60.32,56.86,20.13,15.01,57.87,135.00,85.55,127.66,86.50,182.33,133.00,51.67,78.05,171.00,18.46,13.77,39.68,42.05,4.51,46.46,21.36,62.00,329.52,328.31,504.00,7.00,578.95,578.31,447.00,7.00,153.00,152.44,277.00,10.00,590.88,590.19,464.00,6.00,30.96,29.88,141.00,6.00,2,손가락 펴기 (Open)
352.00,530.00,186.00,561.00,24.00,68.38,40.14,86.94,241.30,102.58,96.49,18.07,163.00,151.00,96.90,133.65,54.59,114.72,153.24,137.12,46.00,14.26,65.48,42.88,49.04,62.89,50.46,96.74,89.00,92.95,120.57,84.58,172.35,133.81,60.90,72.67,161.00,16.69,27.86,42.99,38.12,10.59,36.08,32.46,47.00,331.56,330.31,488.00,7.00,577.12,576.38,522.00,8.00,156.03,155.31,302.00,10.00,591.47,590.81,421.00,5.00,29.99,28.94,130.00,5.00,2,손가락 펴기 (Open)
312.00,594.00,140.00,561.00,26.00,87.05,50.08,73.15,224.29,110.39,75.67,16.56,139.00,164.41,87.59,112.55,32.98,131.72,149.62,152.14,24.00,5.32,52.58,28.09,64.54,67.74,59.64,108.36,73.00,43.83,131.21,138.48,177.54,89.98,97.47,85.83,106.00,16.69,27.86,42.99,38.12,10.59,36.08,32.46,47.00,332.91,331.81,464.00,7.00,578.50,577.75,553.00,8.00,155.08,154.31,343.00,10.00,588.04,587.38,410.00,5.00,29.99,28.94,132.00,5.00,2,손가락 펴기 (Open)
328.00,583.00,145.00,583.00,36.00,63.67,26.44,60.65,242.39,95.81,74.93,39.54,115.00,145.12,80.30,127.92,34.93,128.26,133.42,162.23,2.00,8.42,52.52,23.77,66.10,71.99,60.29,105.76,79.00,23.78,124.75,151.12,156.32,110.82,96.00,68.90,128.00,22.91,27.24,40.27,38.64,19.32,28.56,31.81,57.00,331.38,330.31,471.00,7.00,577.09,576.38,542.00,8.00,154.72,153.94,325.00,9.00,586.65,586.00,410.00,5.00,30.63,29.56,137.00,5.00,2,손가락 펴기 (Open)
296.00,594.00,151.00,627.00,31.00,8.11,44.54,4.37,207.58,160.29,46.04,27.52,180.00,156.01,89.73,132.01,45.22,117.87,122.42,164.18,9.00,28.01,71.23,39.72,44.72,51.88,43.79,108.89,56.00,23.78,124.75,151.12,156.32,110.82,96.00,68.90,128.00,22.91,27.24,40.27,38.64,19.32,28.56,31.81,57.00,327.32,326.25,503.00,9.00,577.79,577.06,487.00,8.00,153.20,152.50,287.00,8.00,586.65,586.00,432.00,6.00,30.63,29.56,131.00,5.00,2,손가락 펴기 (Open)
352.00,594.00,162.00,627.00,28.00,15.22,52.72,11.12,199.46,157.91,52.07,18.57,171.00,103.80,39.80,77.04,59.41,90.35,91.45,163.46,64.00,19.80,41.23,22.82,65.60,66.49,13.13,108.79,24.00,45.56,146.32,173.00,135.35,130.62,74.03,90.90,106.00,9.01,13.46,30.10,43.42,28.11,40.01,22.87,43.00,326.71,325.69,518.00,9.00,574.08,573.62,432.00,8.00,155.10,154.50,277.00,9.00,588.09,587.38,421.00,6.00,29.61,28.69,125.00,5.00,2,손가락 펴기 (Open)
361.00,638.00,135.00,616.00,39.00,25.82,53.05,42.39,185.07,192.50,93.07,26.72,130.00,138.40,62.75,100.88,41.01,127.82,116.53,159.00,108.00,12.09,48.61,10.42,76.42,81.87,4.59,106.00,8.00,65.75,159.83,180.62,129.88,115.75,90.12,71.05,128.00,14.41,17.31,27.65,48.75,33.50,42.08,18.70,37.00,329.37,328.25,503.00,7.00,577.03,576.38,443.00,7.00,154.17,153.50,298.00,10.00,589.51,588.75,421.00,5.00,30.06,29.06,133.00,6.00,2,손가락 펴기 (Open)
312.00,540.00,168.00,572.00,24.00,40.93,68.17,53.69,169.64,180.24,82.63,10.74,146.00,127.40,64.06,110.91,20.02,144.22,137.53,152.93,129.00,29.58,56.86,33.39,63.06,88.11,27.59,97.22,15.00,58.01,160.96,188.42,119.05,121.44,92.12,64.79,139.00,9.82,20.53,39.63,44.91,35.34,39.40,10.20,25.00,330.29,329.25,520.00,8.00,575.77,575.06,541.00,8.00,155.62,154.94,290.00,10.00,588.83,588.06,454.00,6.00,29.31,28.31,120.00,6.00,2,손가락 펴기 (Open)
328.00,594.00,130.00,551.00,28.00,40.93,68.17,53.69,169.64,180.24,82.63,10.74,146.00,134.45,40.06,78.75,37.74,140.25,162.77,136.40,162.00,26.42,12.48,54.05,29.00,63.20,77.96,75.93,71.00,55.07,178.15,207.80,117.00,100.90,104.54,70.92,118.00,17.24,4.39,35.96,25.63,24.17,27.47,14.34,5.00,330.29,329.25,477.00,7.00,577.84,577.12,573.00,8.00,152.03,151.44,287.00,10.00,587.58,586.75,454.00,6.00,30.06,29.56,93.00,5.00,2,손가락 펴기 (Open)
320.00,572.00,140.00,561.00,45.00,58.58,80.63,120.51,106.89,113.43,49.28,74.41,79.00,135.51,50.85,80.84,44.55,130.13,164.82,128.61,173.00,31.11,9.81,58.34,24.00,67.99,75.55,78.27,66.00,51.61,168.38,207.86,107.00,99.77,114.52,72.10,108.00,21.47,4.20,41.72,24.19,30.14,33.05,11.60,11.00,325.78,325.06,386.00,10.00,577.15,576.44,552.00,8.00,151.74,151.12,280.00,9.00,588.17,587.38,432.00,6.00,30.58,29.94,102.00,6.00,2,손가락 펴기 (Open)
273.00,561.00,140.00,561.00,28.00,73.18,95.47,127.64,114.28,121.17,60.70,61.69,94.00,126.21,35.73,98.37,32.89,115.78,154.58,109.78,194.00,49.78,13.69,59.75,32.56,56.92,71.95,62.42,88.00,67.33,181.11,187.45,109.44,119.91,131.83,70.97,86.00,20.22,5.24,39.96,21.21,31.65,35.78,12.37,14.00,324.97,324.12,417.00,10.00,578.40,577.75,509.00,7.00,150.36,149.75,263.00,10.00,586.83,586.00,399.00,5.00,30.40,29.75,116.00,7.00,2,손가락 펴기 (Open)
304.00,551.00,145.00,540.00,31.00,73.18,95.47,127.64,114.28,121.17,60.70,61.69,94.00,159.36,51.09,69.47,16.28,141.21,114.84,67.18,237.00,49.78,13.69,59.75,32.56,56.92,71.95,62.42,88.00,142.13,187.99,143.33,38.60,86.56,140.37,117.86,162.00,20.35,2.31,38.39,21.84,30.03,37.00,14.62,17.00,324.97,324.12,408.00,9.00,575.73,575.06,486.00,6.00,150.36,149.75,251.00,9.00,582.13,581.25,420.00,5.00,30.58,29.94,115.00,7.00,2,손가락 펴기 (Open)
296.00,561.00,151.00,605.00,33.00,116.35,112.42,81.77,97.02,74.57,96.84,71.67,142.00,159.36,51.09,69.47,16.28,141.21,114.84,67.18,237.00,54.63,14.80,50.60,26.40,67.12,60.95,51.48,99.00,152.75,183.07,151.13,33.24,76.96,130.29,107.16,151.00,19.90,7.00,29.48,13.42,38.97,40.83,6.35,8.00,322.00,321.12,416.00,9.00,575.73,575.06,486.00,6.00,149.64,149.06,240.00,9.00,581.41,580.56,389.00,5.00,31.10,30.50,117.00,7.00,2,손가락 펴기 (Open)
336.00,616.00,130.00,551.00,26.00,122.35,110.98,82.02,89.11,75.65,95.18,65.33,134.00,96.23,106.83,17.91,77.78,154.07,154.97,126.08,172.00,58.85,17.72,56.28,14.21,68.17,72.18,66.04,84.00,129.31,212.47,123.50,12.00,55.16,101.82,76.63,120.00,19.56,8.69,29.09,12.65,38.45,38.89,8.31,10.00,321.48,320.62,408.00,9.00,579.84,579.12,531.00,7.00,148.78,148.12,255.00,9.00,583.20,582.50,347.00,5.00,31.20,30.62,115.00,7.00,2,손가락 펴기 (Open)
328.00,572.00,180.00,661.00,31.00,111.32,137.97,52.50,89.82,51.94,116.64,36.03,102.00,88.13,116.92,28.02,77.00,143.08,154.71,117.90,183.00,65.14,36.03,27.72,20.12,96.71,81.27,91.38,55.00,119.69,253.12,136.88,33.00,48.34,123.66,116.58,165.00,20.61,8.35,27.41,10.77,40.08,37.18,10.27,12.00,323.41,322.62,384.00,8.00,580.51,579.81,575.00,8.00,150.78,149.94,305.00,10.00,586.27,585.31,446.00,6.00,31.07,30.50,117.00,8.00,2,손가락 펴기 (Open)
344.00,616.00,115.00,540.00,36.00,115.16,153.39,41.26,74.22,67.55,100.67,51.86,118.00,84.11,147.04,76.31,22.00,170.92,121.55,148.84,128.00,45.38,9.93,48.46,48.47,119.33,78.86,118.95,19.00,114.43,236.72,72.19,72.90,41.93,133.18,169.31,230.00,20.61,8.35,27.41,10.77,40.08,37.18,10.27,12.00,324.45,323.62,392.00,8.00,583.98,583.25,564.00,10.00,148.78,147.69,364.00,10.00,582.29,581.25,545.00,7.00,31.07,30.50,108.00,7.00,2,손가락 펴기 (Open)
312.00,594.00,145.00,627.00,48.00,101.31,142.75,35.74,83.35,76.02,86.75,75.25,142.00,72.98,149.53,77.04,31.11,161.49,100.82,158.07,106.00,45.38,9.93,48.46,48.47,119.33,78.86,118.95,19.00,130.13,212.55,93.64,65.92,45.88,123.36,199.82,274.00,6.97,17.66,34.06,16.49,51.59,32.19,21.78,14.00,322.95,322.12,408.00,9.00,582.56,581.88,500.00,7.00,148.78,147.69,353.00,9.00,585.14,584.00,610.00,7.00,32.85,32.12,118.00,8.00,2,손가락 펴기 (Open)
304.00,572.00,180.00,605.00,18.00,69.76,167.39,23.22,48.37,112.18,86.97,43.83,94.00,107.13,117.24,37.12,67.68,119.50,64.52,167.74,64.00,40.25,15.90,42.57,42.95,113.33,72.95,120.23,13.00,167.30,170.83,84.45,109.55,79.02,158.84,184.70,230.00,6.22,14.21,37.40,18.87,57.33,29.29,27.78,20.00,319.89,319.12,376.00,8.00,585.03,584.50,458.00,9.00,148.32,147.31,342.00,9.00,587.87,586.75,632.00,7.00,32.61,31.75,146.00,9.00,2,손가락 펴기 (Open)
361.00,551.00,162.00,551.00,20.00,111.83,118.87,61.85,94.11,154.80,76.63,67.16,45.00,64.52,160.24,75.06,67.36,109.82,73.42,171.64,21.00,61.99,16.90,57.94,55.87,106.46,56.36,118.89,9.00,157.35,179.99,93.62,111.00,87.08,168.57,186.48,220.00,11.20,17.15,43.22,24.17,56.95,34.96,22.35,14.00,323.09,322.19,417.00,8.00,582.40,581.81,468.00,7.00,149.72,148.69,355.00,9.00,587.28,586.12,664.00,8.00,32.35,31.38,138.00,8.00,2,손가락 펴기 (Open)
344.00,605.00,145.00,605.00,33.00,127.83,106.24,73.65,91.35,156.24,87.69,52.20,61.00,86.12,145.31,76.90,46.96,130.12,94.77,169.18,1.00,61.99,16.90,57.94,55.87,106.46,56.36,118.89,9.00,178.54,172.95,79.68,89.50,85.34,181.21,199.68,198.00,14.20,20.13,43.80,23.09,54.20,32.32,24.36,17.00,324.13,323.19,402.00,7.00,583.80,583.19,511.00,8.00,149.72,148.69,366.00,9.00,588.67,587.50,674.00,8.00,32.15,31.19,146.00,8.00,2,손가락 펴기 (Open)
304.00,551.00,156.00,583.00,26.00,135.30,105.91,71.91,83.38,148.51,79.70,60.20,53.00,54.59,147.61,35.20,47.41,162.60,132.98,155.78,44.00,66.01,20.79,52.99,52.40,110.72,60.16,115.52,14.00,145.87,155.87,66.01,89.99,49.30,181.17,239.41,154.00,18.95,24.20,39.85,18.38,57.95,33.97,22.94,12.00,324.59,323.69,386.00,7.00,581.16,580.50,565.00,9.00,150.04,149.00,366.00,10.00,585.83,584.75,696.00,9.00,31.87,30.88,150.00,9.00,2,손가락 펴기 (Open)
336.00,594.00,151.00,627.00,36.00,124.03,95.32,87.57,83.38,139.31,70.00,75.32,37.00,54.59,147.61,35.20,47.41,162.60,132.98,155.78,44.00,60.86,21.66,59.40,44.82,109.64,71.11,105.75,25.00,145.87,155.87,66.01,89.99,49.30,181.17,239.41,154.00,13.61,23.71,47.09,17.03,56.11,31.90,25.80,4.00,323.53,322.69,409.00,8.00,581.16,580.50,564.00,10.00,149.32,148.31,344.00,9.00,585.83,584.75,729.00,10.00,32.37,31.38,149.00,9.00,2,손가락 펴기 (Open)
328.00,605.00,140.00,594.00,28.00,117.10,62.70,109.19,50.64,123.35,70.52,54.10,70.00,69.22,115.46,57.21,43.42,130.15,124.03,129.83,77.00,61.15,17.29,61.86,48.83,104.95,74.41,100.78,30.00,148.48,134.80,52.98,87.01,53.01,159.35,259.95,132.00,18.62,16.65,48.46,28.02,45.46,24.02,35.13,7.00,321.33,320.62,368.00,7.00,578.95,578.44,477.00,9.00,149.60,148.62,322.00,9.00,584.41,583.38,718.00,9.00,31.65,30.69,142.00,9.00,2,손가락 펴기 (Open)
387.00,627.00,135.00,583.00,36.00,117.72,131.65,151.84,96.90,48.35,72.26,88.45,145.00,41.65,195.57,50.22,46.32,108.59,74.86,56.48,164.00,77.46,50.03,29.72,72.95,85.82,80.22,69.65,63.00,142.70,140.13,46.63,76.01,64.01,150.73,268.15,121.00,18.16,28.29,36.65,30.08,39.09,12.24,47.11,19.00,326.39,325.31,411.00,6.00,584.40,583.88,445.00,8.00,147.50,146.56,289.00,8.00,585.09,584.06,708.00,10.00,32.35,31.44,146.00,10.00,3,엄지 굽히기 (Thumb Flex)
296.00,583.00,135.00,605.00,42.00,123.82,119.22,123.55,116.67,46.53,72.59,119.65,177.00,40.04,190.71,40.93,45.00,119.25,66.18,47.18,175.00,73.02,46.92,30.43,70.33,89.16,78.40,66.28,68.00,105.22,137.39,9.83,92.66,65.56,164.78,248.81,175.00,29.14,40.63,31.02,43.42,31.35,25.37,34.20,5.00,324.47,323.31,494.00,6.00,583.71,583.19,467.00,8.00,147.78,146.88,279.00,8.00,588.42,587.44,720.00,11.00,33.28,32.31,135.00,9.00,3,엄지 굽히기 (Thumb Flex)
320.00,627.00,145.00,627.00,28.00,123.82,119.22,123.55,116.67,46.53,72.59,119.65,177.00,54.70,179.26,60.27,10.00,158.12,12.05,14.06,230.00,68.05,47.94,26.52,74.71,84.50,82.95,68.02,63.00,61.89,111.38,74.70,151.57,4.17,197.90,249.27,109.00,12.38,37.74,19.62,50.48,14.35,37.14,26.53,12.00,324.47,323.31,471.00,6.00,587.23,586.62,500.00,9.00,148.08,147.19,289.00,8.00,592.57,591.56,742.00,11.00,32.10,31.25,132.00,9.00,3,엄지 굽히기 (Thumb Flex)
352.00,605.00,151.00,616.00,39.00,63.91,48.39,50.53,181.14,70.08,150.57,69.82,98.00,83.30,149.17,62.14,45.12,174.73,49.59,41.94,186.00,57.57,57.70,17.30,80.45,85.35,72.79,68.92,74.00,46.86,74.92,106.06,142.01,50.98,143.34,268.37,164.00,23.33,30.50,30.61,41.77,14.73,40.39,30.62,23.00,329.19,328.25,472.00,11.00,589.95,589.38,512.00,9.00,148.76,147.88,290.00,9.00,595.97,595.00,732.00,11.00,32.81,31.94,140.00,10.00,3,엄지 굽히기 (Thumb Flex)
312.00,551.00,168.00,561.00,22.00,57.79,40.40,43.92,184.94,63.42,144.40,69.49,106.00,83.30,149.17,62.14,45.12,174.73,49.59,41.94,186.00,43.24,79.68,33.06,62.97,105.79,83.77,60.08,51.00,49.01,55.30,101.07,121.02,47.55,160.72,253.04,143.00,15.80,39.37,28.72,36.36,23.72,38.24,38.30,32.00,329.66,328.75,504.00,12.00,589.95,589.38,556.00,10.00,150.26,149.31,301.00,8.00,597.18,596.31,722.00,11.00,32.35,31.38,155.00,11.00,3,엄지 굽히기 (Thumb Flex)
336.00,616.00,120.00,572.00,36.00,24.48,32.64,66.44,151.40,66.90,152.77,92.04,66.00,106.29,110.53,23.12,14.87,197.08,65.16,94.43,131.00,55.32,69.31,20.92,88.19,130.12,84.48,49.18,20.00,61.05,86.97,133.28,125.96,79.42,171.21,222.84,110.00,17.33,36.99,26.06,38.95,24.98,35.91,41.28,35.00,332.04,331.25,488.00,12.00,593.37,592.81,566.00,10.00,148.50,147.38,328.00,8.00,595.14,594.25,679.00,10.00,32.55,31.56,162.00,11.00,3,엄지 굽히기 (Thumb Flex)
312.00,551.00,180.00,661.00,42.00,46.62,13.62,46.55,166.93,52.75,144.09,114.63,42.00,107.52,118.32,46.25,56.09,167.38,89.73,152.76,66.00,63.27,55.82,29.51,120.74,129.90,70.88,51.96,30.00,65.42,97.44,117.08,233.64,167.90,166.80,113.13,0.00,26.04,38.77,16.86,34.13,37.27,51.87,26.47,19.00,330.58,329.75,504.00,12.00,589.36,588.75,587.00,10.00,151.73,150.50,338.00,8.00,602.10,601.12,658.00,10.00,33.58,32.56,163.00,11.00,3,엄지 굽히기 (Thumb Flex)
336.00,649.00,110.00,520.00,22.00,38.68,21.39,44.58,172.82,44.77,137.09,122.60,34.00,81.09,163.57,83.88,85.91,90.88,116.71,215.79,11.00,40.07,112.60,67.95,93.26,81.12,57.46,94.05,100.00,111.98,44.36,25.79,254.16,218.16,159.62,46.09,141.00,23.37,30.99,11.14,43.10,44.84,58.27,21.90,10.00,331.08,330.25,512.00,12.00,594.33,593.56,641.00,10.00,147.49,146.12,343.00,8.00,593.40,592.31,678.00,10.00,33.13,32.00,178.00,11.00,3,엄지 굽히기 (Thumb Flex)
320.00,540.00,186.00,661.00,36.00,60.63,13.52,68.17,157.87,43.70,114.11,144.38,10.00,127.26,87.75,47.92,69.26,82.64,133.35,270.02,87.00,79.06,53.38,50.84,23.09,12.75,72.95,146.47,171.00,12.81,101.54,122.57,152.76,193.91,160.02,164.55,262.00,23.37,30.99,11.14,43.10,44.84,58.27,21.90,10.00,329.57,328.75,496.00,12.00,589.69,588.81,728.00,11.00,151.95,150.56,389.00,9.00,601.00,599.88,732.00,10.00,33.13,32.00,180.00,12.00,3,엄지 굽히기 (Thumb Flex)
328.00,594.00,125.00,561.00,28.00,49.73,5.08,61.46,145.09,59.55,107.90,156.06,6.00,127.26,87.75,47.92,69.26,82.64,133.35,270.02,87.00,59.31,55.07,30.86,34.83,26.83,74.95,158.94,191.00,61.81,49.48,100.92,117.05,139.27,147.82,228.63,328.00,39.02,25.78,18.93,23.19,26.11,47.45,35.17,10.00,330.54,329.75,496.00,12.00,589.69,588.81,760.00,11.00,150.84,149.31,415.00,9.00,596.91,595.75,810.00,11.00,31.66,30.75,158.00,12.00,3,엄지 굽히기 (Thumb Flex)
336.00,594.00,168.00,605.00,22.00,52.21,31.74,88.23,127.48,52.03,98.17,144.69,26.00,105.50,88.45,38.95,78.77,76.09,152.90,268.42,65.00,47.64,50.23,29.25,28.79,19.37,81.87,155.46,179.00,61.81,49.48,100.92,117.05,139.27,147.82,228.63,328.00,35.04,22.82,15.79,23.02,23.20,43.76,39.09,14.00,332.47,331.75,447.00,12.00,591.05,590.19,739.00,11.00,149.97,148.56,440.00,10.00,596.91,595.75,800.00,11.00,31.82,31.00,162.00,12.00,3,엄지 굽히기 (Thumb Flex)
328.00,540.00,156.00,594.00,26.00,37.15,29.48,66.67,99.40,83.88,74.06,152.55,59.00,114.99,95.33,30.24,69.81,85.62,163.30,272.49,54.00,43.03,44.98,34.98,23.26,15.99,75.91,154.77,185.00,35.62,26.59,75.35,110.04,142.94,190.81,208.15,285.00,29.33,16.82,18.72,17.03,21.46,49.41,33.24,8.00,330.33,329.69,438.00,13.00,590.41,589.50,739.00,11.00,149.57,148.19,435.00,9.00,599.48,598.44,757.00,11.00,32.09,31.38,153.00,11.00,3,엄지 굽히기 (Thumb Flex)
361.00,594.00,162.00,627.00,39.00,47.66,13.90,58.12,110.34,94.52,57.19,164.49,76.00,122.15,106.31,20.66,77.08,77.43,158.68,264.78,65.00,52.56,61.61,27.94,22.14,1.37,63.44,147.54,202.00,44.77,20.08,91.85,88.05,161.24,175.54,209.64,307.00,25.19,13.20,24.56,17.72,27.34,47.05,38.24,14.00,331.46,330.75,431.00,13.00,589.71,588.81,739.00,11.00,150.66,149.25,430.00,8.00,600.90,599.81,768.00,11.00,32.51,31.75,159.00,11.00,3,엄지 굽히기 (Thumb Flex)
336.00,649.00,120.00,616.00,42.00,78.41,18.46,26.13,89.89,111.70,84.97,135.04,44.00,127.67,73.24,95.24,69.03,145.92,215.42,179.57,163.00,52.77,50.64,19.19,57.43,37.23,74.45,124.86,238.00,75.31,27.68,121.37,92.97,135.95,176.57,220.83,274.00,25.77,23.64,31.78,33.38,23.01,42.77,31.44,2.00,333.39,332.75,424.00,12.00,595.91,594.94,751.00,9.00,148.58,147.00,467.00,9.00,602.95,601.88,735.00,10.00,33.54,32.75,152.00,10.00,3,엄지 굽히기 (Thumb Flex)
304.00,561.00,145.00,561.00,31.00,47.24,20.70,48.01,118.19,142.59,101.01,103.10,12.00,105.24,47.71,95.03,47.85,173.11,248.40,147.78,196.00,57.01,55.12,17.23,58.46,35.46,68.63,129.84,232.00,11.59,68.10,138.48,37.20,171.71,145.72,272.45,208.00,22.67,18.80,34.33,34.48,27.77,39.04,32.68,7.00,331.46,330.75,448.00,12.00,593.91,592.88,828.00,11.00,148.21,146.62,481.00,8.00,598.87,597.75,757.00,10.00,33.23,32.44,155.00,10.00,3,엄지 굽히기 (Thumb Flex)
328.00,594.00,151.00,616.00,39.00,47.24,20.70,48.01,118.19,142.59,101.01,103.10,12.00,95.97,36.77,105.79,57.94,175.13,240.98,158.73,185.00,46.85,44.18,28.07,69.23,44.92,59.41,140.67,221.00,29.30,48.26,116.63,23.41,192.51,126.74,294.04,186.00,32.38,25.95,23.67,24.17,35.68,28.05,40.77,18.00,331.46,330.75,413.00,11.00,593.22,592.19,839.00,12.00,148.88,147.31,482.00,9.00,600.26,599.12,801.00,11.00,33.91,33.12,155.00,10.00,3,엄지 굽히기 (Thumb Flex)
336.00,616.00,140.00,638.00,48.00,50.62,64.63,12.81,74.52,102.68,68.71,72.76,39.00,85.23,28.88,112.31,62.77,164.32,240.55,149.06,196.00,41.86,41.27,30.89,70.34,41.25,60.41,135.79,226.00,79.01,63.61,115.33,33.96,195.92,180.87,240.49,241.00,44.38,29.63,25.54,31.11,40.48,37.39,29.32,6.00,327.97,327.56,330.00,9.00,592.50,591.50,817.00,11.00,149.17,147.62,493.00,10.00,603.75,602.56,801.00,10.00,34.83,33.88,158.00,10.00,3,엄지 굽히기 (Thumb Flex)
328.00,684.00,96.00,583.00,51.00,29.43,56.31,42.26,59.20,73.66,40.39,79.94,71.00,185.64,101.98,183.71,158.27,137.72,182.07,117.62,297.00,79.66,50.46,60.42,108.50,66.77,52.23,106.57,265.00,62.89,41.64,93.75,35.85,217.57,194.76,223.33,263.00,52.83,28.54,34.54,38.01,31.63,36.54,38.31,15.00,329.86,329.56,314.00,12.00,599.21,597.81,841.00,8.00,147.27,145.19,527.00,10.00,602.39,601.19,834.00,11.00,35.57,34.44,147.00,9.00,3,엄지 굽히기 (Thumb Flex)
304.00,583.00,145.00,583.00,33.00,42.07,46.33,35.74,74.73,77.31,24.65,92.29,87.00,147.66,89.62,149.87,155.46,180.07,142.15,143.01,341.00,79.66,50.46,60.42,108.50,66.77,52.23,106.57,265.00,64.53,30.38,77.44,78.26,197.62,202.13,246.46,219.00,56.70,25.40,36.74,35.36,32.93,33.09,33.80,10.00,328.91,328.56,306.00,11.00,596.42,595.06,920.00,9.00,147.27,145.19,570.00,9.00,599.62,598.44,823.00,11.00,35.84,34.75,154.00,9.00,3,엄지 굽히기 (Thumb Flex)
312.00,583.00,140.00,605.00,45.00,81.86,12.13,72.19,76.84,37.46,56.98,54.26,47.00,136.89,105.58,159.53,177.41,168.02,163.35,123.36,319.00,86.40,42.19,57.88,97.67,65.72,41.38,107.71,276.00,72.69,40.89,87.17,77.06,189.85,192.59,244.09,230.00,59.92,19.53,33.39,30.23,37.61,39.07,37.95,16.00,326.38,326.06,274.00,8.00,595.05,593.69,866.00,10.00,146.59,144.50,558.00,11.00,598.92,597.75,790.00,11.00,36.27,35.12,149.00,9.00,3,엄지 굽히기 (Thumb Flex)
296.00,594.00,135.00,583.00,31.00,97.18,6.33,83.21,61.85,47.45,52.71,70.26,63.00,145.53,62.95,116.99,185.35,197.10,188.87,80.78,276.00,101.70,9.21,27.18,97.16,97.14,71.11,94.82,243.00,51.99,24.51,72.14,99.05,169.54,171.36,249.35,252.00,62.47,12.76,24.49,36.07,30.33,32.85,35.18,7.00,325.45,325.06,266.00,7.00,597.63,596.38,812.00,7.00,144.44,142.44,515.00,10.00,600.23,599.12,801.00,12.00,36.68,35.69,149.00,9.00,3,엄지 굽히기 (Thumb Flex)
328.00,627.00,120.00,572.00,42.00,103.61,10.40,80.85,59.20,50.85,48.23,62.89,55.00,145.47,57.31,115.07,195.88,187.18,189.79,91.54,287.00,101.70,9.21,27.18,97.16,97.14,71.11,94.82,243.00,51.99,24.51,72.14,99.05,169.54,171.36,249.35,252.00,62.55,14.86,23.91,40.46,29.02,32.70,34.49,13.00,324.94,324.56,274.00,7.00,598.35,597.06,780.00,7.00,144.44,142.44,470.00,9.00,600.23,599.12,723.00,11.00,37.08,36.06,154.00,8.00,3,엄지 굽히기 (Thumb Flex)
296.00,572.00,174.00,649.00,28.00,112.97,20.20,65.05,74.73,35.01,63.83,74.78,71.00,139.47,67.08,133.69,191.05,186.98,173.86,74.96,266.00,100.95,10.61,29.13,96.42,94.24,69.38,89.73,237.00,63.32,15.85,60.28,111.04,158.39,168.43,238.89,240.00,68.40,3.43,11.93,50.61,15.99,25.73,31.48,27.00,324.00,323.56,282.00,7.00,599.58,598.38,737.00,7.00,143.98,142.06,454.00,9.00,599.42,598.38,659.00,11.00,36.24,35.19,148.00,10.00,3,엄지 굽히기 (Thumb Flex)
369.00,616.00,156.00,605.00,31.00,108.21,34.17,87.34,74.95,42.55,93.06,95.56,104.00,160.69,34.87,111.43,223.60,157.73,140.89,67.97,233.00,129.06,35.85,16.93,142.28,48.56,37.85,45.25,191.00,54.61,100.55,114.67,141.65,115.11,107.43,155.04,155.00,61.49,11.91,20.56,45.65,10.52,18.28,29.22,36.00,326.24,325.62,339.00,7.00,597.40,596.31,672.00,7.00,146.61,144.94,396.00,8.00,604.38,603.69,562.00,10.00,36.65,35.75,137.00,9.00,3,엄지 굽히기 (Thumb Flex)
344.00,616.00,156.00,627.00,33.00,119.57,57.96,83.78,98.48,20.13,86.75,88.26,80.00,95.29,108.14,97.21,246.86,107.55,105.81,120.57,157.00,101.68,28.02,27.18,147.26,50.97,15.91,15.28,161.00,28.10,79.19,124.23,116.93,143.97,74.74,121.81,121.00,64.32,9.61,20.25,43.05,12.90,15.29,27.90,39.00,327.76,327.12,356.00,6.00,601.98,601.06,618.00,7.00,144.41,143.06,335.00,7.00,602.11,601.56,484.00,9.00,36.48,35.56,131.00,8.00,3,엄지 굽히기 (Thumb Flex)
336.00,616.00,145.00,605.00,31.00,126.28,63.31,76.43,97.42,20.54,82.15,86.94,88.00,74.73,122.49,79.78,266.74,94.90,95.03,98.88,179.00,121.62,15.06,15.24,128.08,70.97,9.55,9.44,141.00,69.00,79.93,80.26,88.68,180.16,39.97,90.16,77.00,61.32,10.05,17.56,44.65,15.47,13.53,25.84,42.00,328.27,327.62,356.00,6.00,603.36,602.44,618.00,7.00,145.57,144.31,303.00,6.00,604.77,604.31,462.00,8.00,36.63,35.75,127.00,8.00,3,엄지 굽히기 (Thumb Flex)
344.00,561.00,162.00,561.00,26.00,134.18,63.77,70.81,89.45,27.38,89.98,91.13,80.00,107.72,127.00,110.52,281.95,62.31,65.38,66.95,212.00,115.94,20.49,10.69,126.38,73.51,10.69,15.09,135.00,26.48,107.84,103.96,128.75,179.44,64.03,89.89,33.00,57.76,8.91,14.68,41.40,16.35,13.14,29.47,38.00,328.78,328.12,356.00,5.00,601.38,600.38,619.00,8.00,145.15,143.94,308.00,6.00,602.11,601.56,495.00,8.00,36.79,36.00,128.00,8.00,3,엄지 굽히기 (Thumb Flex)
320.00,605.00,145.00,616.00,45.00,126.41,68.99,67.80,89.01,33.84,96.73,97.89,72.00,53.11,77.53,123.71,228.33,80.75,14.95,45.59,277.00,108.00,30.88,3.29,115.80,81.06,17.50,4.40,146.00,44.52,85.91,114.67,137.83,160.47,85.91,104.44,11.00,47.94,13.52,28.77,33.54,2.80,29.45,10.48,57.00,328.29,327.62,347.00,7.00,605.23,604.44,609.00,9.00,144.43,143.25,319.00,6.00,603.49,602.94,517.00,8.00,37.92,37.19,134.00,8.00,3,엄지 굽히기 (Thumb Flex)
304.00,616.00,125.00,561.00,33.00,87.78,125.98,11.44,32.02,70.90,99.94,42.40,129.00,50.51,55.92,145.65,242.71,60.26,14.24,35.53,255.00,100.37,58.76,40.25,131.23,49.46,19.94,40.08,109.00,49.22,137.83,51.72,85.91,113.07,137.83,167.62,55.00,48.25,12.81,24.51,27.66,6.85,34.96,5.35,63.00,324.66,324.06,338.00,7.00,606.61,605.81,565.00,8.00,142.12,140.94,297.00,6.00,599.42,598.81,561.00,9.00,37.56,36.81,143.00,9.00,3,엄지 굽히기 (Thumb Flex)
296.00,561.00,168.00,649.00,28.00,91.48,157.20,33.16,52.01,47.38,65.93,82.38,89.00,78.21,138.57,144.11,187.95,108.73,89.80,73.77,167.00,94.64,63.49,49.02,94.18,79.20,65.08,85.63,61.00,21.39,132.36,59.45,64.14,133.64,150.51,200.25,88.00,46.37,25.31,33.30,28.16,15.75,32.02,16.77,49.00,322.22,321.56,314.00,6.00,601.10,600.31,532.00,8.00,145.13,143.94,315.00,6.00,601.59,600.88,594.00,9.00,36.74,35.94,137.00,8.00,3,엄지 굽히기 (Thumb Flex)
352.00,572.00,130.00,520.00,36.00,70.48,155.26,38.59,44.01,89.44,18.59,127.80,41.00,72.85,132.97,133.17,178.37,118.02,96.66,81.81,156.00,99.58,49.32,35.12,83.63,92.35,74.59,98.31,46.00,60.59,108.97,90.54,101.51,172.38,144.34,236.55,129.00,48.44,20.96,28.91,23.41,19.76,35.73,20.87,44.00,325.26,324.56,346.00,6.00,601.74,601.00,510.00,8.00,144.23,143.00,347.00,7.00,599.28,598.31,668.00,9.00,37.02,36.25,137.00,7.00,3,엄지 굽히기 (Thumb Flex)
312.00,594.00,156.00,605.00,28.00,80.08,143.07,24.87,29.68,100.97,18.22,140.83,25.00,72.85,132.97,133.17,178.37,118.02,96.66,81.81,156.00,96.06,53.95,35.15,87.46,92.15,74.67,101.45,41.00,71.36,98.61,99.63,98.49,171.62,152.41,229.31,118.00,40.68,25.65,29.38,22.20,20.96,46.69,28.81,33.00,324.27,323.56,378.00,7.00,601.74,601.00,510.00,7.00,144.57,143.31,362.00,7.00,598.58,597.62,731.00,10.00,36.39,35.56,136.00,9.00,3,엄지 굽히기 (Thumb Flex)
320.00,583.00,151.00,605.00,33.00,94.73,127.09,33.26,40.61,107.03,6.45,132.56,41.00,69.19,105.19,115.43,150.80,150.24,123.42,85.66,189.00,86.10,59.27,25.82,80.99,102.45,82.46,98.72,52.00,100.62,69.86,99.38,66.73,142.28,119.49,241.38,151.00,28.31,27.86,19.32,7.62,33.41,38.62,24.44,48.00,323.26,322.56,378.00,7.00,599.69,598.94,453.00,7.00,145.26,144.00,323.00,7.00,596.44,595.56,676.00,9.00,35.34,34.62,138.00,9.00,3,엄지 굽히기 (Thumb Flex)
328.00,561.00,162.00,616.00,31.00,94.73,127.09,33.26,40.61,107.03,6.45,132.56,41.00,124.15,23.56,10.31,125.42,131.47,29.95,93.92,66.00,20.83,79.57,45.35,44.05,76.26,16.86,107.55,14.00,80.90,82.05,128.65,63.95,117.77,101.23,245.13,184.00,11.64,27.95,1.75,18.38,22.73,36.43,25.16,28.00,323.26,322.56,362.00,7.00,591.65,591.25,374.00,8.00,148.88,148.12,285.00,7.00,598.51,597.62,687.00,9.00,33.85,33.38,122.00,8.00,3,엄지 굽히기 (Thumb Flex)
344.00,649.00,115.00,540.00,26.00,60.13,131.31,51.71,76.22,101.53,46.38,126.92,1.00,101.84,42.79,56.96,64.14,197.31,91.29,134.59,0.00,50.78,85.97,35.39,14.14,104.32,25.79,113.30,44.00,95.06,100.31,101.93,106.57,141.23,122.13,239.82,227.00,6.88,25.93,8.75,22.02,17.48,40.91,25.74,35.00,325.76,325.06,370.00,7.00,595.93,595.38,462.00,7.00,147.23,146.25,327.00,8.00,595.98,594.94,741.00,9.00,33.47,32.94,115.00,8.00,3,엄지 굽히기 (Thumb Flex)
296.00,510.00,192.00,638.00,28.00,69.29,140.04,38.24,72.56,116.75,58.58,121.91,15.00,103.53,49.22,69.15,68.01,238.22,157.55,180.50,73.00,21.91,42.95,22.27,55.79,143.41,77.48,121.43,96.00,95.30,67.80,85.64,108.26,172.88,154.96,228.11,260.00,12.91,15.62,21.84,14.00,34.00,23.92,21.17,18.00,324.82,324.06,402.00,8.00,591.73,590.81,590.00,9.00,150.85,149.50,399.00,9.00,598.13,597.00,817.00,9.00,32.29,31.88,103.00,7.00,3,엄지 굽히기 (Thumb Flex)
352.00,605.00,140.00,594.00,28.00,74.39,85.22,58.39,18.36,158.22,87.84,98.69,71.00,104.20,38.45,58.96,77.18,233.64,162.77,185.62,84.00,25.29,37.98,21.94,54.74,144.48,74.27,121.63,91.00,101.70,58.88,74.65,119.05,171.75,146.67,235.25,249.00,15.21,13.10,22.08,11.00,33.46,26.20,22.21,21.00,328.30,327.56,426.00,8.00,592.43,591.50,652.00,10.00,151.13,149.81,436.00,10.00,598.80,597.69,850.00,10.00,32.12,31.69,92.00,6.00,3,엄지 굽히기 (Thumb Flex)
344.00,605.00,151.00,661.00,48.00,87.28,71.78,56.00,17.46,162.40,88.19,108.21,55.00,95.49,53.36,62.37,68.41,211.65,158.51,189.46,106.00,55.39,23.83,14.54,24.70,113.99,77.18,111.60,122.00,184.49,101.26,88.82,134.83,100.37,174.83,160.06,338.00,13.13,19.05,27.40,12.53,38.76,27.55,26.88,27.00,329.32,328.56,402.00,7.00,591.00,590.12,597.00,9.00,152.86,151.75,393.00,11.00,604.50,603.25,840.00,10.00,32.64,32.06,98.00,6.00,3,엄지 굽히기 (Thumb Flex)
312.00,638.00,84.00,510.00,51.00,103.05,71.11,41.58,32.76,146.46,76.33,94.31,71.00,146.82,79.57,120.02,18.00,197.19,113.70,190.46,172.00,38.25,73.91,95.38,84.20,97.77,86.84,96.59,212.00,49.30,42.73,60.89,264.62,52.88,199.57,50.18,477.00,29.14,38.00,46.92,13.42,26.43,42.90,6.55,4.00,330.24,329.56,361.00,7.00,595.21,594.25,586.00,6.00,148.04,146.12,442.00,11.00,596.12,594.56,947.00,11.00,34.34,33.50,98.00,5.00,3,엄지 굽히기 (Thumb Flex)
273.00,540.00,174.00,572.00,26.00,24.50,62.96,131.51,107.86,132.79,19.73,15.85,167.00,72.13,5.71,88.41,94.00,267.62,43.58,190.29,248.00,20.30,65.97,87.52,90.79,115.65,86.60,96.42,230.00,37.11,74.42,88.51,274.84,30.69,210.00,75.21,444.00,24.15,36.42,47.27,16.28,30.64,47.83,3.98,1.00,324.35,323.56,375.00,7.00,590.57,589.50,684.00,9.00,149.29,147.25,532.00,12.00,594.08,592.50,987.00,9.00,34.08,33.19,121.00,6.00,3,엄지 굽히기 (Thumb Flex)
320.00,561.00,156.00,572.00,16.00,37.87,66.29,138.28,117.24,109.26,18.54,31.32,143.00,18.88,56.07,139.94,108.91,234.99,98.38,208.01,193.00,20.30,65.97,87.52,90.79,115.65,86.60,96.42,230.00,77.58,114.04,100.65,224.50,39.58,160.45,22.64,499.00,9.64,47.31,63.81,31.02,20.00,40.17,19.05,16.00,322.82,322.06,414.00,7.00,587.14,586.06,705.00,9.00,149.29,147.25,539.00,11.00,590.60,589.06,965.00,9.00,33.30,32.12,129.00,7.00,3,엄지 굽히기 (Thumb Flex)
344.00,551.00,174.00,627.00,26.00,30.29,70.23,144.17,124.33,104.88,26.48,39.27,135.00,55.17,114.09,187.48,62.18,203.33,73.45,164.91,258.00,22.59,93.83,114.57,81.88,99.98,57.78,80.81,259.00,55.64,111.66,115.70,235.13,41.62,139.35,3.65,521.00,9.61,52.31,66.73,29.61,16.77,38.03,14.19,11.00,323.34,322.56,430.00,8.00,583.09,582.00,660.00,8.00,151.21,149.06,540.00,10.00,592.03,590.44,976.00,9.00,33.04,31.81,134.00,7.00,3,엄지 굽히기 (Thumb Flex)
361.00,605.00,145.00,572.00,24.00,13.30,86.90,159.63,132.85,95.86,17.08,23.50,152.00,12.70,102.03,202.12,103.16,159.34,108.96,130.74,302.00,9.26,79.83,114.60,98.73,83.02,45.42,69.41,276.00,45.27,119.61,125.77,225.80,50.20,144.73,13.12,510.00,10.94,53.66,65.75,27.66,18.73,39.88,15.81,13.00,324.50,323.62,423.00,7.00,585.83,584.75,670.00,8.00,150.13,148.00,552.00,10.00,592.69,591.12,976.00,9.00,32.94,31.69,117.00,6.00,3,엄지 굽히기 (Thumb Flex)
336.00,572.00,174.00,638.00,33.00,7.09,100.45,160.21,119.81,111.80,15.81,35.76,136.00,41.66,84.30,169.18,116.81,149.06,140.94,100.98,335.00,36.41,88.23,87.51,106.23,78.85,56.09,46.76,305.00,33.27,141.58,127.61,214.71,33.89,151.50,9.21,532.00,22.52,54.70,53.83,32.45,19.99,29.22,13.52,1.00,325.51,324.62,432.00,7.00,583.76,582.69,692.00,9.00,152.04,149.81,561.00,11.00,594.14,592.50,987.00,9.00,32.04,30.94,114.00,8.00,3,엄지 굽히기 (Thumb Flex)
320.00,583.00,135.00,572.00,33.00,22.29,105.82,146.20,110.79,107.95,26.05,29.19,152.00,70.87,54.96,161.49,145.84,123.37,126.35,133.80,302.00,46.22,85.52,80.54,115.52,69.57,46.23,55.91,295.00,35.80,149.21,118.45,224.50,29.76,141.44,2.59,521.00,22.52,54.70,53.83,32.45,19.99,29.22,13.52,1.00,326.46,325.62,440.00,8.00,581.63,580.62,648.00,9.00,152.57,150.44,557.00,11.00,594.80,593.19,965.00,9.00,32.04,30.94,109.00,7.00,3,엄지 굽히기 (Thumb Flex)
344.00,605.00,174.00,684.00,33.00,69.93,99.09,111.77,153.94,72.12,22.84,50.76,104.00,49.09,98.53,125.50,169.29,85.10,150.50,176.29,258.00,51.38,80.52,83.32,113.53,73.99,51.29,49.91,301.00,65.31,153.54,90.87,242.13,64.52,174.71,32.56,556.00,18.62,59.61,49.97,35.47,18.76,26.88,9.60,6.00,329.39,328.62,408.00,8.00,584.38,583.38,659.00,9.00,152.99,150.81,558.00,11.00,597.24,595.38,948.00,11.00,32.34,31.25,101.00,5.00,3,엄지 굽히기 (Thumb Flex)
361.00,649.00,105.00,540.00,31.00,78.09,93.63,116.49,157.50,80.87,16.09,46.44,113.00,100.50,158.73,66.73,234.34,100.34,73.96,122.14,335.00,40.76,105.21,58.59,137.53,70.19,62.40,28.75,326.00,85.31,144.15,100.05,225.80,58.20,166.01,16.43,536.00,21.17,55.57,54.49,31.83,23.25,22.31,5.46,11.00,330.00,329.19,385.00,7.00,589.39,588.19,681.00,8.00,151.79,149.25,601.00,11.00,598.35,596.62,1007.00,11.00,32.01,30.94,95.00,5.00,3,엄지 굽히기 (Thumb Flex)
320.00,561.00,162.00,616.00,39.00,83.84,85.76,124.36,150.27,79.90,17.18,47.32,105.00,67.76,152.86,54.34,251.00,86.90,51.13,120.60,368.00,39.90,101.70,60.18,139.18,64.75,61.88,26.89,332.00,95.59,133.90,110.89,219.40,49.19,162.16,21.86,547.00,21.34,58.02,55.88,25.06,32.07,12.39,6.43,22.00,330.48,329.69,418.00,8.00,587.37,586.12,758.00,8.00,152.18,149.62,653.00,12.00,599.05,597.31,1083.00,12.00,32.72,31.62,98.00,4.00,3,엄지 굽히기 (Thumb Flex)
304.00,605.00,105.00,551.00,48.00,78.32,99.40,121.99,157.95,94.48,18.18,46.88,89.00,89.28,139.49,75.73,233.00,65.19,60.16,132.26,390.00,73.14,103.69,99.71,96.18,43.04,42.01,57.34,378.00,66.32,184.84,111.48,177.50,26.23,116.25,65.01,601.00,32.83,52.98,70.71,13.89,37.21,21.04,11.19,7.00,329.53,328.69,426.00,8.00,588.75,587.50,780.00,9.00,149.74,146.75,699.00,13.00,595.79,593.94,1137.00,11.00,33.86,32.56,105.00,4.00,3,엄지 굽히기 (Thumb Flex)
273.00,551.00,162.00,638.00,42.00,101.58,126.13,172.72,114.56,68.08,62.22,80.59,144.00,81.07,149.31,70.65,227.18,60.28,70.01,140.89,400.00,73.14,103.69,99.71,96.18,43.04,42.01,57.34,378.00,67.00,175.37,89.74,193.51,48.22,94.44,82.91,623.00,43.75,44.15,76.82,24.04,26.39,22.06,0.22,18.00,326.38,325.25,441.00,7.00,588.16,586.88,746.00,9.00,149.74,146.75,709.00,13.00,597.23,595.31,1148.00,13.00,34.60,33.25,106.00,3.00,3,엄지 굽히기 (Thumb Flex)
336.00,638.00,115.00,551.00,24.00,108.75,125.79,178.11,108.98,61.46,55.33,72.77,136.00,76.04,158.48,78.23,218.21,53.52,61.43,129.97,389.00,73.14,103.69,99.71,96.18,43.04,42.01,57.34,378.00,65.74,179.90,84.38,186.47,45.40,101.39,76.85,612.00,41.83,46.14,77.85,23.54,26.12,23.89,1.79,20.00,325.86,324.75,456.00,7.00,587.41,586.19,694.00,9.00,149.74,146.75,679.00,13.00,597.86,596.00,1137.00,13.00,34.51,33.12,122.00,4.00,3,엄지 굽히기 (Thumb Flex)
361.00,594.00,204.00,756.00,33.00,43.95,178.15,213.14,75.50,34.27,75.75,13.69,71.00,114.37,162.38,34.27,181.66,33.03,101.25,53.62,305.00,64.16,114.27,111.71,101.87,40.69,34.45,66.98,390.00,108.88,293.96,185.08,119.33,82.33,160.04,149.05,730.00,45.79,43.04,72.91,18.68,30.62,28.59,6.68,25.00,329.93,328.81,425.00,6.00,592.32,591.44,643.00,8.00,150.73,147.50,716.00,13.00,606.40,603.38,1298.00,13.00,34.78,33.44,131.00,4.00,3,엄지 굽히기 (Thumb Flex)
369.00,661.00,101.00,540.00,36.00,27.93,194.59,229.39,58.94,17.27,58.75,23.14,88.00,147.64,213.70,90.27,128.16,42.81,46.37,94.03,361.00,86.92,108.52,102.90,71.51,13.53,57.67,94.52,429.00,90.41,250.69,153.89,68.03,103.16,213.84,186.45,784.00,50.47,45.02,71.57,18.25,25.46,25.98,3.84,17.00,331.09,329.88,425.00,6.00,596.05,594.94,710.00,10.00,148.77,145.06,808.00,13.00,603.23,600.00,1447.00,13.00,35.24,33.94,114.00,3.00,3,엄지 굽히기 (Thumb Flex)
320.00,583.00,156.00,594.00,39.00,47.62,183.42,228.14,57.71,22.95,44.84,41.14,112.00,140.40,193.92,84.19,122.18,62.63,40.96,108.78,383.00,84.97,104.94,98.39,67.88,9.25,62.60,97.23,434.00,128.10,254.11,203.58,73.25,148.48,177.59,166.28,717.00,48.60,37.12,63.85,9.49,31.37,31.91,12.38,8.00,329.58,328.38,442.00,6.00,594.68,593.56,755.00,9.00,149.09,145.38,796.00,13.00,598.86,595.81,1350.00,12.00,34.54,33.38,114.00,3.00,3,엄지 굽히기 (Thumb Flex)
281.00,572.00,145.00,594.00,20.00,72.16,196.44,257.06,27.51,13.85,44.28,32.45,81.00,162.73,184.91,144.65,58.69,89.72,46.75,101.66,317.00,105.50,43.94,66.03,49.73,69.22,55.85,103.90,373.00,56.56,190.89,139.80,44.78,224.92,221.94,205.61,633.00,64.30,9.95,42.14,35.17,13.57,1.71,19.11,39.00,327.84,326.44,442.00,6.00,590.47,589.44,668.00,8.00,151.99,149.19,717.00,13.00,603.68,601.06,1288.00,12.00,32.48,31.44,108.00,5.00,3,엄지 굽히기 (Thumb Flex)
352.00,561.00,162.00,583.00,28.00,66.37,122.44,212.07,91.76,91.80,71.95,99.93,2.00,146.33,170.10,132.08,54.04,109.33,53.54,114.94,296.00,95.43,53.18,56.47,38.28,73.96,67.27,112.84,361.00,47.04,179.91,145.34,54.63,224.63,210.96,196.03,644.00,62.48,9.67,40.98,34.71,15.53,2.93,21.05,41.00,332.51,331.38,466.00,7.00,591.69,590.75,658.00,8.00,151.16,148.44,716.00,14.00,604.34,601.75,1299.00,12.00,32.59,31.56,106.00,5.00,3,엄지 굽히기 (Thumb Flex)
320.00,605.00,135.00,616.00,48.00,66.37,122.44,212.07,91.76,91.80,71.95,99.93,2.00,105.60,126.16,161.03,10.20,115.26,77.64,76.89,340.00,75.05,60.37,38.88,49.52,88.90,49.91,92.99,382.00,9.06,149.43,188.86,54.63,184.79,245.66,239.71,600.00,30.54,25.72,11.71,66.37,27.04,29.13,19.26,9.00,332.51,331.38,474.00,7.00,594.40,593.50,692.00,9.00,149.89,147.12,725.00,15.00,607.03,604.50,1277.00,12.00,34.50,33.56,116.00,4.00,3,엄지 굽히기 (Thumb Flex)
296.00,572.00,135.00,572.00,26.00,22.80,149.95,167.30,138.46,131.68,106.37,62.42,50.00,84.66,111.30,180.31,25.08,94.31,56.69,97.32,319.00,36.60,62.66,63.12,82.35,57.38,65.70,131.99,343.00,60.84,152.85,182.43,107.28,146.69,261.20,292.92,545.00,30.54,25.72,11.71,66.37,27.04,29.13,19.26,9.00,329.61,328.38,481.00,7.00,595.63,594.81,671.00,11.00,147.36,144.69,696.00,11.00,603.63,601.06,1266.00,12.00,34.50,33.56,136.00,5.00,3,엄지 굽히기 (Thumb Flex)
336.00,605.00,145.00,605.00,26.00,9.09,151.12,169.77,136.00,113.67,81.94,73.60,25.00,84.66,111.30,180.31,25.08,94.31,56.69,97.32,319.00,36.60,62.66,63.12,82.35,57.38,65.70,131.99,343.00,30.40,172.20,152.00,105.57,166.10,250.33,320.28,512.00,29.04,25.29,13.71,64.38,26.56,29.23,21.25,7.00,327.95,326.81,496.00,8.00,595.63,594.81,671.00,11.00,147.36,144.69,677.00,12.00,605.64,603.12,1233.00,12.00,34.59,33.69,127.00,5.00,3,엄지 굽히기 (Thumb Flex)
328.00,572.00,151.00,616.00,39.00,12.30,146.37,177.59,128.00,110.45,86.33,72.20,33.00,84.66,111.30,180.31,25.08,94.31,56.69,97.32,319.00,31.58,42.14,63.63,62.13,80.38,50.56,148.88,320.00,46.61,150.28,168.90,83.73,187.12,231.39,333.46,490.00,27.06,20.64,16.85,64.01,32.47,33.41,16.17,13.00,327.45,326.31,488.00,7.00,595.63,594.81,693.00,12.00,145.77,143.25,644.00,11.00,604.21,601.75,1178.00,11.00,34.97,34.06,140.00,6.00,3,엄지 굽히기 (Thumb Flex)
336.00,627.00,140.00,627.00,31.00,16.53,162.16,169.03,128.88,94.45,85.17,78.02,49.00,75.39,155.24,152.11,41.05,54.19,36.86,81.08,363.00,29.41,47.04,67.82,59.54,82.35,45.70,151.28,315.00,47.40,195.71,190.58,93.94,200.77,178.24,352.43,435.00,26.81,22.64,17.84,62.01,33.55,35.41,15.26,15.00,328.45,327.31,472.00,6.00,598.42,597.56,726.00,12.00,146.06,143.56,616.00,11.00,607.61,605.19,1077.00,10.00,34.86,33.94,148.00,7.00,3,엄지 굽히기 (Thumb Flex)
344.00,583.00,135.00,561.00,45.00,16.53,162.16,169.03,128.88,94.45,85.17,78.02,49.00,68.50,141.35,141.08,34.01,61.91,26.93,89.26,385.00,63.07,40.70,42.70,95.51,62.81,23.22,160.79,276.00,85.93,201.32,71.35,210.65,142.45,162.31,377.19,312.00,34.04,16.65,6.37,63.35,28.75,44.37,19.24,27.00,328.45,327.31,463.00,6.00,597.05,596.19,726.00,13.00,143.46,141.12,552.00,10.00,599.69,597.50,999.00,10.00,35.69,34.69,160.00,8.00,3,엄지 굽히기 (Thumb Flex)
281.00,561.00,110.00,530.00,54.00,63.47,169.32,94.02,159.40,69.03,165.16,24.90,31.00,77.54,178.11,53.59,122.00,28.03,110.53,59.12,297.00,58.07,36.33,39.30,97.14,57.85,26.94,160.74,271.00,93.91,210.47,72.21,212.96,152.15,153.82,377.59,322.00,56.04,34.79,24.55,41.11,51.57,46.75,11.52,4.00,323.52,322.31,485.00,6.00,591.45,590.69,660.00,10.00,143.69,141.44,520.00,9.00,599.13,596.88,954.00,9.00,37.36,36.12,161.00,7.00,3,엄지 굽히기 (Thumb Flex)
266.00,561.00,162.00,583.00,24.00,115.26,219.11,112.50,120.42,117.66,132.08,62.89,23.00,77.54,178.11,53.59,122.00,28.03,110.53,59.12,297.00,58.07,36.33,39.30,97.14,57.85,26.94,160.74,271.00,114.99,241.45,104.57,181.23,135.39,186.21,364.58,289.00,41.32,21.47,19.49,48.01,60.05,60.71,20.57,11.00,320.45,318.94,484.00,6.00,591.45,590.69,616.00,9.00,143.69,141.44,515.00,9.00,597.06,594.81,942.00,8.00,36.56,35.19,182.00,8.00,3,엄지 굽히기 (Thumb Flex)
336.00,627.00,140.00,605.00,20.00,90.75,190.62,81.34,146.99,141.01,144.21,94.89,55.00,81.84,161.45,37.73,144.00,42.81,109.43,71.74,319.00,43.40,35.18,50.40,91.01,83.87,55.84,138.35,236.00,105.43,222.89,88.85,203.94,176.60,221.63,329.84,235.00,24.56,32.35,46.62,30.08,76.90,37.68,23.68,17.00,322.44,320.94,523.00,7.00,592.89,592.06,628.00,9.00,145.55,143.62,480.00,9.00,600.32,598.19,877.00,8.00,34.90,33.44,180.00,8.00,3,엄지 굽히기 (Thumb Flex)
336.00,540.00,168.00,605.00,22.00,89.66,183.77,96.64,127.48,169.55,85.80,43.58,8.00,75.01,162.15,48.51,144.35,52.48,117.82,81.85,330.00,45.57,40.94,56.18,85.01,78.99,53.81,143.42,242.00,95.35,207.67,59.96,232.59,204.99,224.93,302.02,202.00,34.03,52.32,59.59,13.60,59.08,42.53,9.58,3.00,326.14,324.88,460.00,6.00,592.25,591.38,628.00,9.00,145.97,144.00,461.00,9.00,598.18,596.12,790.00,7.00,33.73,32.19,164.00,8.00,3,엄지 굽히기 (Thumb Flex)
352.00,572.00,156.00,616.00,36.00,101.06,196.03,112.39,111.54,154.11,101.27,49.53,8.00,40.24,130.63,89.92,210.24,86.46,52.77,15.88,264.00,80.62,79.12,73.87,93.94,79.52,49.93,103.17,201.00,140.38,269.20,120.22,210.44,208.78,194.99,238.73,137.00,23.45,45.09,64.56,8.06,62.03,40.60,10.54,15.00,327.19,325.88,451.00,6.00,588.02,587.25,616.00,9.00,148.33,146.56,384.00,10.00,602.13,600.19,596.00,6.00,34.39,32.94,169.00,8.00,3,엄지 굽히기 (Thumb Flex)
320.00,572.00,168.00,605.00,24.00,63.62,155.37,110.50,114.98,154.84,127.52,68.66,49.00,39.17,111.80,89.05,210.34,68.35,66.67,36.88,286.00,44.62,68.66,95.49,63.25,55.87,46.56,67.92,165.00,34.84,154.52,180.66,69.81,120.97,88.27,91.31,14.00,32.31,43.82,55.63,17.03,71.02,34.70,15.80,24.00,324.52,323.31,475.00,7.00,586.66,585.88,549.00,9.00,145.48,144.31,293.00,7.00,591.37,590.75,391.00,7.00,33.92,32.38,178.00,9.00,3,엄지 굽히기 (Thumb Flex)
369.00,627.00,130.00,572.00,28.00,63.62,155.37,110.50,114.98,154.84,127.52,68.66,49.00,47.63,78.70,60.88,176.41,66.84,73.80,20.72,252.00,72.29,53.72,69.90,50.22,27.17,41.65,48.07,136.00,46.62,151.45,152.60,93.01,90.05,62.18,71.27,46.00,40.12,38.32,54.19,19.24,68.02,42.61,13.96,16.00,324.52,323.31,475.00,7.00,584.32,583.75,526.00,9.00,146.91,146.12,276.00,9.00,593.25,592.75,370.00,7.00,33.45,31.88,179.00,9.00,3,엄지 굽히기 (Thumb Flex)
320.00,551.00,180.00,649.00,45.00,63.62,155.37,110.50,114.98,154.84,127.52,68.66,49.00,63.16,68.97,34.76,177.13,94.94,44.93,27.51,284.00,92.76,33.98,78.01,27.31,39.40,58.87,57.03,160.00,99.06,119.53,170.12,75.00,132.20,117.16,95.07,9.00,35.28,44.29,49.01,24.70,72.64,47.52,17.36,10.00,324.52,323.31,485.00,8.00,582.38,581.75,591.00,10.00,148.62,147.62,315.00,9.00,596.84,596.19,447.00,7.00,33.92,32.25,177.00,9.00,3,엄지 굽히기 (Thumb Flex)
312.00,627.00,120.00,583.00,28.00,90.37,131.82,129.02,85.44,141.32,96.55,63.31,80.00,67.88,54.24,50.55,122.64,139.85,14.28,72.01,339.00,78.98,58.98,53.20,28.65,38.69,83.61,66.56,185.00,88.28,129.94,159.17,86.00,130.92,125.06,99.26,20.00,32.24,50.68,42.74,28.60,65.77,46.52,10.60,18.00,326.28,325.25,422.00,7.00,585.91,585.19,656.00,11.00,147.22,146.06,358.00,9.00,596.16,595.50,502.00,8.00,34.27,32.75,186.00,10.00,3,엄지 굽히기 (Thumb Flex)
344.00,594.00,151.00,583.00,31.00,85.16,139.82,121.53,88.57,133.33,90.76,61.21,88.00,95.99,45.45,52.38,132.10,146.79,18.83,52.52,306.00,79.04,67.20,51.66,19.80,47.68,77.30,65.50,174.00,88.28,129.94,159.17,86.00,130.92,125.06,99.26,20.00,32.72,51.33,43.81,26.25,65.31,44.54,13.45,15.00,325.75,324.75,422.00,7.00,587.93,587.25,645.00,10.00,146.49,145.38,362.00,9.00,596.16,595.50,469.00,7.00,34.43,32.94,169.00,9.00,3,엄지 굽히기 (Thumb Flex)
312.00,561.00,168.00,627.00,33.00,83.30,145.57,121.61,81.41,136.88,91.07,66.03,80.00,52.14,81.38,89.36,93.48,190.71,59.51,68.39,262.00,70.60,71.38,25.61,49.04,76.80,90.75,83.53,141.00,94.72,126.97,150.84,97.00,138.34,132.72,103.48,9.00,27.24,60.41,28.81,37.74,50.96,29.63,28.40,0.00,325.26,324.25,430.00,8.00,585.20,584.50,645.00,10.00,148.60,147.44,379.00,9.00,596.87,596.19,469.00,7.00,33.31,32.00,149.00,8.00,3,엄지 굽히기 (Thumb Flex)
336.00,627.00,140.00,605.00,31.00,84.77,149.60,85.13,106.15,115.53,72.00,103.16,40.00,106.09,35.18,62.19,77.03,220.11,100.68,119.85,207.00,68.66,75.97,20.72,47.85,76.88,85.84,79.00,146.00,108.60,147.01,121.84,102.46,154.42,99.72,82.05,42.00,30.04,55.42,31.04,40.61,47.78,25.82,32.98,5.00,327.68,326.75,414.00,8.00,588.71,587.94,678.00,10.00,148.89,147.75,397.00,10.00,598.90,598.25,458.00,6.00,33.57,32.31,151.00,8.00,3,엄지 굽히기 (Thumb Flex)
352.00,649.00,125.00,605.00,42.00,84.41,163.45,73.24,96.02,131.52,86.25,87.24,56.00,145.77,59.79,102.27,33.06,244.43,98.67,76.39,251.00,83.67,57.96,31.04,67.60,95.95,70.01,59.04,166.00,108.60,147.01,121.84,102.46,154.42,99.72,82.05,42.00,44.67,45.07,24.98,54.12,42.07,30.64,24.30,11.00,328.73,327.75,422.00,8.00,591.63,590.69,667.00,9.00,147.75,146.50,406.00,9.00,598.90,598.25,447.00,6.00,34.57,33.31,149.00,8.00,3,엄지 굽히기 (Thumb Flex)
296.00,540.00,162.00,594.00,28.00,99.25,133.07,67.22,123.43,146.08,116.76,61.15,88.00,124.78,28.68,84.72,47.38,275.41,126.27,52.85,283.00,73.05,61.76,36.10,69.92,103.11,70.37,48.71,177.00,115.18,131.69,100.52,111.51,152.01,101.69,103.62,20.00,33.70,44.10,35.67,60.00,31.36,30.25,27.44,22.00,326.83,325.75,470.00,9.00,589.75,588.69,721.00,9.00,148.48,147.19,432.00,9.00,597.51,596.88,447.00,7.00,33.90,32.62,155.00,8.00,3,엄지 굽히기 (Thumb Flex)
328.00,605.00,125.00,540.00,33.00,106.16,129.93,60.06,120.02,150.78,112.97,64.84,80.00,121.66,27.70,100.99,35.74,272.91,105.64,62.00,261.00,87.98,68.34,21.75,55.71,97.84,82.62,39.48,192.00,187.23,163.07,82.60,55.90,81.49,166.47,26.38,107.00,35.49,45.49,34.59,58.41,30.17,29.10,29.01,24.00,326.32,325.25,494.00,10.00,588.31,587.31,742.00,9.00,147.64,146.25,464.00,10.00,592.18,591.44,435.00,6.00,34.02,32.75,146.00,8.00,3,엄지 굽히기 (Thumb Flex)
312.00,583.00,162.00,661.00,45.00,138.00,145.68,40.76,91.59,120.10,107.21,68.11,112.00,121.66,27.70,100.99,35.74,272.91,105.64,62.00,261.00,65.28,42.50,34.85,52.47,71.04,109.10,44.91,219.00,87.56,65.95,19.23,155.32,31.68,264.49,98.85,207.00,35.49,45.49,34.59,58.41,30.17,29.10,29.01,24.00,324.30,323.25,447.00,10.00,588.31,587.31,742.00,10.00,149.33,147.94,476.00,11.00,598.59,597.69,525.00,7.00,34.02,32.75,149.00,8.00,3,엄지 굽히기 (Thumb Flex)
304.00,638.00,92.00,530.00,31.00,116.26,123.08,28.69,81.91,120.72,91.72,85.24,135.00,90.57,51.99,134.33,74.24,220.41,104.48,107.50,338.00,75.60,59.44,43.44,70.35,63.74,120.40,60.09,237.00,87.56,65.95,19.23,155.32,31.68,264.49,98.85,207.00,35.19,33.36,13.41,42.72,8.52,49.93,7.01,1.00,325.60,324.69,440.00,10.00,593.20,592.12,797.00,11.00,148.57,146.81,494.00,11.00,598.59,597.69,603.00,8.00,32.17,31.31,133.00,8.00,3,엄지 굽히기 (Thumb Flex)
320.00,540.00,204.00,661.00,22.00,85.44,83.40,26.05,34.66,70.18,145.41,35.29,81.00,101.32,36.58,114.71,85.91,232.06,97.73,128.11,359.00,74.08,54.03,12.76,78.26,99.87,125.63,101.99,279.00,54.87,81.29,60.66,77.65,84.94,263.76,171.01,285.00,36.53,34.37,14.07,44.42,8.21,49.08,8.25,3.00,328.62,328.06,386.00,7.00,591.98,590.81,829.00,11.00,151.77,149.44,584.00,11.00,603.64,602.56,712.00,8.00,32.08,31.19,138.00,8.00,3,엄지 굽히기 (Thumb Flex)
344.00,572.00,135.00,572.00,28.00,86.02,85.03,28.87,40.80,76.46,139.38,43.12,89.00,151.00,70.18,127.40,132.91,179.01,147.29,75.34,304.00,71.20,49.78,8.26,73.82,103.55,123.35,106.72,284.00,46.64,48.42,60.77,80.36,91.45,245.30,197.69,318.00,29.43,26.64,6.07,40.85,2.91,52.46,13.44,11.00,329.14,328.56,410.00,8.00,588.49,587.38,774.00,10.00,151.48,149.12,625.00,11.00,601.62,600.50,801.00,9.00,32.45,31.69,142.00,8.00,3,엄지 굽히기 (Thumb Flex)
328.00,572.00,151.00,616.00,33.00,82.40,78.25,34.49,36.67,74.96,139.22,50.98,97.00,119.02,39.87,95.47,149.03,179.07,176.92,56.84,272.00,57.88,33.32,11.28,83.24,110.33,139.54,94.58,267.00,51.08,57.44,49.85,90.96,83.92,234.65,204.10,329.00,18.61,17.68,10.50,51.24,13.63,41.99,11.91,0.00,328.63,328.06,410.00,9.00,590.37,589.38,742.00,10.00,150.36,148.06,629.00,12.00,602.32,601.19,834.00,10.00,33.03,32.38,133.00,8.00,3,엄지 굽히기 (Thumb Flex)
336.00,605.00,135.00,594.00,39.00,71.53,62.65,49.28,51.55,90.53,128.30,38.47,81.00,90.21,42.21,90.80,176.88,147.88,165.77,65.98,305.00,38.98,30.17,30.27,100.50,89.44,121.48,103.52,288.00,36.33,56.57,63.89,88.01,63.37,215.92,210.66,351.00,15.66,17.92,13.07,52.20,12.48,44.73,10.21,3.00,327.58,327.06,386.00,9.00,592.43,591.44,775.00,11.00,149.08,146.75,633.00,13.00,600.94,599.81,845.00,11.00,33.24,32.56,127.00,7.00,3,엄지 굽히기 (Thumb Flex)
320.00,605.00,115.00,551.00,42.00,71.53,62.65,49.28,51.55,90.53,128.30,38.47,81.00,77.06,74.33,122.27,163.19,172.29,151.69,69.53,272.00,15.89,79.81,64.54,86.01,115.95,142.19,109.46,235.00,33.34,105.13,68.31,142.00,82.06,233.07,219.54,297.00,9.99,34.19,21.35,35.85,11.36,41.58,26.67,15.00,327.58,327.06,353.00,9.00,594.47,593.50,720.00,10.00,145.91,143.44,615.00,12.00,597.68,596.44,855.00,10.00,34.34,33.69,126.00,7.00,3,엄지 굽히기 (Thumb Flex)
312.00,594.00,145.00,594.00,42.00,16.36,94.60,25.44,17.89,76.40,92.67,69.05,24.00,78.45,50.99,105.48,194.64,166.28,122.66,95.00,239.00,12.15,67.68,67.56,101.00,110.37,139.91,120.21,220.00,30.76,86.01,83.96,143.54,74.31,226.47,234.01,275.00,22.74,47.08,22.27,31.26,20.94,32.77,12.98,1.00,323.86,323.50,312.00,8.00,592.35,591.44,655.00,9.00,146.79,144.38,595.00,12.00,599.02,597.81,821.00,9.00,35.22,34.56,109.00,6.00,3,엄지 굽히기 (Thumb Flex)
288.00,530.00,180.00,594.00,20.00,16.00,126.50,26.26,17.89,105.66,87.62,38.20,56.00,78.38,59.03,121.09,189.89,186.41,143.19,74.42,260.00,12.15,67.68,67.56,101.00,110.37,139.91,120.21,220.00,44.46,111.25,44.16,89.50,22.09,181.05,285.03,220.00,3.66,42.71,43.72,7.21,43.58,10.76,17.20,24.00,321.98,321.50,328.00,8.00,591.15,590.12,643.00,9.00,146.79,144.38,570.00,11.00,595.45,594.38,755.00,8.00,33.75,33.00,114.00,4.00,3,엄지 굽히기 (Thumb Flex)
369.00,627.00,115.00,520.00,39.00,44.09,98.77,73.14,66.94,150.21,63.30,18.85,113.00,78.38,59.03,121.09,189.89,186.41,143.19,74.42,260.00,7.95,64.61,65.44,106.00,112.71,144.89,115.21,225.00,95.07,123.82,98.27,120.93,82.37,243.79,222.12,283.00,7.87,34.82,37.02,16.16,45.99,1.31,28.16,35.00,325.72,325.06,377.00,8.00,591.15,590.12,707.00,10.00,146.54,144.06,604.00,11.00,591.79,590.44,829.00,10.00,34.42,33.69,130.00,7.00,3,엄지 굽히기 (Thumb Flex)
281.00,572.00,151.00,605.00,28.00,21.74,87.10,57.25,80.21,153.87,44.92,81.04,176.00,67.29,78.51,120.61,194.92,176.66,140.57,56.97,282.00,7.95,64.61,65.44,106.00,112.71,144.89,115.21,225.00,81.17,132.51,85.16,106.21,90.27,258.62,202.58,305.00,5.65,37.81,35.32,17.49,43.80,2.58,31.02,38.00,321.92,321.12,433.00,8.00,589.79,588.75,729.00,10.00,146.54,144.06,623.00,12.00,593.17,591.81,870.00,10.00,34.26,33.50,139.00,8.00,3,엄지 굽히기 (Thumb Flex)
320.00,572.00,168.00,616.00,24.00,13.75,91.98,49.32,73.88,147.62,42.23,88.25,184.00,75.47,75.22,130.55,184.39,165.66,132.68,53.51,293.00,7.95,64.61,65.44,106.00,112.71,144.89,115.21,225.00,83.95,122.05,79.09,97.74,83.66,258.71,195.89,316.00,9.22,45.05,26.50,25.63,52.21,8.51,24.71,29.00,322.41,321.62,448.00,7.00,590.45,589.44,663.00,9.00,146.54,144.06,612.00,11.00,592.45,591.12,859.00,10.00,33.79,32.94,141.00,8.00,3,엄지 굽히기 (Thumb Flex)
352.00,594.00,135.00,605.00,48.00,5.56,107.92,43.33,84.96,161.93,56.61,78.22,168.00,44.85,64.42,108.86,177.37,156.44,99.69,67.42,326.00,4.09,64.04,65.69,106.08,113.39,148.78,116.94,220.00,83.95,122.05,79.09,97.74,83.66,258.71,195.89,316.00,8.32,44.68,33.68,35.38,55.86,24.82,26.15,12.00,323.48,322.62,464.00,8.00,588.32,587.38,663.00,10.00,146.24,143.75,630.00,12.00,592.45,591.12,870.00,10.00,35.01,34.00,154.00,8.00,3,엄지 굽히기 (Thumb Flex)
312.00,627.00,120.00,561.00,33.00,35.53,81.69,25.23,65.25,164.91,94.76,80.20,128.00,23.10,49.42,122.15,155.56,138.51,116.54,49.34,304.00,5.92,67.41,61.30,111.07,117.68,143.81,117.15,225.00,75.27,115.61,80.11,133.84,86.76,214.73,207.20,360.00,5.62,37.70,38.79,30.02,49.73,30.94,33.26,3.00,320.90,320.12,448.00,8.00,586.82,586.00,587.00,9.00,145.98,143.44,608.00,11.00,589.73,588.38,903.00,11.00,34.40,33.44,155.00,8.00,3,엄지 굽히기 (Thumb Flex)
304.00,594.00,135.00,605.00,36.00,28.68,80.14,32.25,57.57,158.33,99.18,85.55,120.00,76.84,102.97,73.17,157.29,95.32,135.58,17.63,250.00,32.62,94.40,43.27,113.36,97.56,161.85,108.04,198.00,79.31,107.79,69.16,128.86,97.74,206.82,214.91,371.00,5.38,45.69,31.26,23.43,42.14,32.53,41.16,5.00,321.37,320.62,424.00,7.00,590.07,589.38,555.00,8.00,144.25,141.75,586.00,10.00,590.43,589.06,893.00,11.00,34.87,33.94,153.00,8.00,3,엄지 굽히기 (Thumb Flex)
312.00,572.00,156.00,616.00,28.00,39.65,93.47,23.13,64.14,145.03,97.83,100.42,104.00,49.18,80.47,74.75,189.72,112.51,132.01,37.98,217.00,10.55,75.36,34.46,143.85,113.92,165.10,93.47,167.00,144.90,31.90,74.45,200.41,94.21,220.26,147.21,295.00,5.74,42.40,31.68,26.91,42.20,30.63,46.02,10.00,320.37,319.62,416.00,6.00,588.01,587.31,555.00,8.00,146.13,143.69,570.00,10.00,595.06,593.81,783.00,10.00,34.59,33.62,149.00,8.00,3,엄지 굽히기 (Thumb Flex)
352.00,605.00,156.00,627.00,36.00,39.87,55.57,27.64,100.57,158.88,74.96,140.39,64.00,61.81,79.61,93.07,187.27,133.76,117.76,54.75,195.00,9.87,73.94,39.77,143.01,119.69,161.86,89.53,161.00,110.90,62.07,41.97,194.03,128.19,208.24,113.97,261.00,14.01,44.31,24.50,21.93,33.78,38.87,39.02,1.00,322.95,322.12,448.00,7.00,589.40,588.69,533.00,8.00,145.72,143.31,500.00,9.00,592.76,591.69,663.00,9.00,33.93,33.06,143.00,8.00,3,엄지 굽히기 (Thumb Flex)
328.00,616.00,120.00,594.00,45.00,60.77,52.21,32.73,110.79,134.97,97.64,118.94,88.00,57.56,95.09,76.89,165.30,138.83,96.06,69.81,173.00,31.53,98.49,26.61,115.26,126.23,134.75,66.09,133.00,171.44,66.82,76.17,130.54,164.71,155.13,51.63,197.00,2.00,32.46,37.69,35.17,25.70,51.96,35.53,13.00,324.42,323.62,456.00,7.00,587.94,587.31,446.00,7.00,146.99,145.06,424.00,9.00,596.54,595.69,565.00,7.00,34.89,33.94,143.00,8.00,3,엄지 굽히기 (Thumb Flex)
320.00,627.00,130.00,594.00,33.00,60.77,52.21,32.73,110.79,134.97,97.64,118.94,88.00,84.48,10.92,87.93,191.40,91.72,54.89,134.51,86.00,42.65,38.99,51.42,145.87,87.11,78.80,21.94,59.00,125.20,13.52,110.57,155.60,151.70,88.57,44.89,130.00,12.02,21.58,40.51,34.06,19.68,47.94,33.64,2.00,324.42,323.62,440.00,7.00,593.31,592.75,425.00,7.00,141.64,140.44,365.00,8.00,592.12,591.50,476.00,7.00,35.43,34.62,149.00,9.00,3,엄지 굽히기 (Thumb Flex)
312.00,561.00,180.00,649.00,28.00,33.22,20.51,64.44,130.18,112.13,93.63,131.34,56.00,79.85,15.56,93.86,200.96,80.94,64.03,141.86,75.00,14.69,50.16,62.55,183.20,43.40,98.10,52.35,14.00,158.88,86.06,52.11,223.62,86.75,75.52,118.57,53.00,12.02,21.58,40.51,34.06,19.68,47.94,33.64,2.00,322.39,321.62,432.00,7.00,592.65,592.06,491.00,8.00,144.73,143.25,399.00,8.00,597.06,596.31,487.00,6.00,35.43,34.62,149.00,9.00,3,엄지 굽히기 (Thumb Flex)
352.00,616.00,125.00,540.00,28.00,48.49,39.05,61.82,148.60,89.54,112.49,136.33,32.00,90.39,46.56,51.94,183.81,66.70,107.25,162.92,31.00,19.74,57.69,37.72,171.77,32.34,123.95,72.59,12.00,155.05,53.52,57.41,206.29,34.35,147.64,193.50,23.00,8.53,21.28,45.17,34.71,22.21,43.14,37.38,7.00,323.96,323.12,464.00,8.00,595.40,594.81,513.00,8.00,143.17,141.62,438.00,8.00,592.44,591.56,574.00,7.00,35.16,34.31,143.00,8.00,3,엄지 굽히기 (Thumb Flex)
328.00,616.00,151.00,661.00,48.00,45.15,37.27,54.26,143.95,89.86,120.36,135.79,24.00,92.09,56.69,53.36,194.37,56.84,101.07,160.77,42.00,17.27,42.47,40.99,157.08,47.07,136.68,82.94,28.00,130.40,39.65,102.52,139.43,98.51,207.50,253.74,90.00,13.50,28.08,45.68,43.57,19.15,35.43,46.09,16.00,323.45,322.62,472.00,7.00,596.11,595.50,513.00,8.00,144.17,142.62,444.00,9.00,596.86,595.75,652.00,7.00,35.85,34.88,160.00,9.00,3,엄지 굽히기 (Thumb Flex)
312.00,572.00,156.00,572.00,20.00,46.17,42.66,49.17,150.63,82.27,115.96,139.32,32.00,103.18,52.56,21.43,188.07,37.40,113.33,171.33,75.00,53.72,17.45,31.73,145.00,36.70,135.86,77.44,13.00,120.97,42.20,120.16,139.36,89.12,200.29,239.33,69.00,19.42,7.61,24.84,45.54,6.04,38.18,67.89,38.00,322.96,322.12,480.00,8.00,594.07,593.44,546.00,9.00,146.56,145.19,419.00,9.00,598.10,597.06,698.00,8.00,34.64,33.50,188.00,10.00,3,엄지 굽히기 (Thumb Flex)
369.00,616.00,145.00,594.00,31.00,48.74,14.40,52.31,129.25,61.31,140.48,186.69,89.00,87.18,36.59,40.24,166.21,56.06,134.68,187.90,97.00,53.72,17.45,31.73,145.00,36.70,135.86,77.44,13.00,120.97,42.20,120.16,139.36,89.12,200.29,239.33,69.00,30.18,13.11,18.20,56.04,15.11,28.18,58.49,27.00,326.70,325.69,513.00,9.00,595.47,594.81,526.00,9.00,146.56,145.19,395.00,9.00,598.10,597.06,720.00,8.00,33.91,32.81,177.00,8.00,3,엄지 굽히기 (Thumb Flex)
328.00,561.00,151.00,605.00,39.00,71.28,51.80,46.87,168.72,27.68,101.09,146.97,49.00,60.71,7.80,51.10,165.37,39.04,109.72,158.40,66.00,32.37,11.90,59.60,143.09,33.84,107.17,57.33,16.00,110.90,32.22,109.57,139.00,99.25,210.82,240.24,58.00,12.42,6.45,14.79,63.81,31.23,11.24,50.55,8.00,329.05,328.19,473.00,9.00,597.24,596.75,484.00,9.00,144.49,143.38,336.00,7.00,598.78,597.75,657.00,9.00,34.93,34.00,166.00,9.00,3,엄지 굽히기 (Thumb Flex)
296.00,594.00,120.00,551.00,39.00,75.92,60.97,113.35,174.04,47.12,56.56,78.63,24.00,92.90,40.78,73.20,132.46,68.09,112.32,125.46,33.00,33.57,8.26,58.86,138.09,38.84,104.35,53.23,21.00,79.94,9.04,93.25,108.00,103.58,184.21,227.05,89.00,12.42,6.45,14.79,63.81,31.23,11.24,50.55,8.00,324.40,323.62,417.00,8.00,595.13,594.69,462.00,8.00,144.75,143.69,331.00,7.00,600.51,599.69,626.00,9.00,34.93,34.00,155.00,8.00,3,엄지 굽히기 (Thumb Flex)
304.00,572.00,156.00,594.00,31.00,58.48,37.97,100.99,152.11,62.46,71.78,66.60,47.00,92.90,40.78,73.20,132.46,68.09,112.32,125.46,33.00,33.55,10.31,63.29,138.36,36.96,103.45,58.09,16.00,90.40,7.81,86.04,108.66,114.52,182.28,219.52,100.00,12.16,7.98,11.99,62.27,28.52,13.51,52.11,5.00,325.70,325.06,386.00,8.00,595.13,594.69,484.00,8.00,145.08,144.00,350.00,8.00,599.83,599.00,658.00,9.00,35.08,34.19,159.00,9.00,3,엄지 굽히기 (Thumb Flex)
312.00,572.00,151.00,594.00,31.00,65.81,43.90,96.01,149.72,60.57,79.77,66.95,55.00,92.90,40.78,73.20,132.46,68.09,112.32,125.46,33.00,42.13,6.89,51.70,121.41,51.02,90.24,74.90,1.00,108.31,22.12,65.14,86.83,106.07,170.08,239.59,78.00,16.36,10.18,13.97,56.30,34.11,6.66,46.54,12.00,325.21,324.56,362.00,7.00,595.13,594.69,462.00,8.00,143.91,142.94,322.00,7.00,598.44,597.62,647.00,9.00,35.43,34.62,135.00,8.00,3,엄지 굽히기 (Thumb Flex)
336.00,616.00,151.00,605.00,26.00,81.81,48.41,80.59,134.41,76.27,70.16,60.98,39.00,83.08,58.30,94.63,136.06,46.11,125.38,120.19,11.00,28.73,13.41,45.56,121.15,64.23,74.26,89.10,17.00,108.31,22.12,65.14,86.83,106.07,170.08,239.59,78.00,8.69,25.24,8.43,47.85,36.97,19.77,26.36,34.00,324.15,323.56,346.00,7.00,596.52,596.06,473.00,8.00,144.90,143.94,307.00,7.00,598.44,597.62,614.00,9.00,33.96,33.25,125.00,7.00,3,엄지 굽히기 (Thumb Flex)
344.00,594.00,145.00,572.00,28.00,53.76,66.27,89.52,128.32,97.25,83.49,48.60,7.00,87.99,27.74,80.94,104.36,46.64,127.16,131.96,22.00,9.38,37.89,21.22,96.19,71.92,92.78,74.52,8.00,106.37,27.93,55.27,75.95,96.47,179.63,229.42,89.00,11.84,29.95,12.10,42.95,40.51,15.52,31.30,29.00,326.17,325.56,346.00,7.00,594.41,594.00,462.00,7.00,146.32,145.50,298.00,10.00,599.09,598.31,603.00,9.00,33.68,32.94,124.00,7.00,3,엄지 굽히기 (Thumb Flex)
312.00,551.00,156.00,594.00,33.00,50.07,74.26,84.47,120.34,100.14,75.62,52.90,15.00,95.82,45.96,118.23,124.81,3.69,155.57,102.64,21.00,17.19,53.47,17.16,97.16,51.05,92.13,79.40,13.00,104.02,16.95,64.22,78.45,98.66,182.99,221.83,100.00,13.46,31.43,11.87,43.68,37.82,16.25,28.41,32.00,326.64,326.06,370.00,8.00,591.81,591.31,483.00,10.00,147.62,146.81,288.00,10.00,598.40,597.62,614.00,9.00,33.49,32.75,121.00,7.00,3,엄지 굽히기 (Thumb Flex)
336.00,594.00,151.00,594.00,33.00,55.14,92.50,61.54,124.45,76.14,96.45,34.69,9.00,97.93,24.45,103.33,108.19,20.25,177.55,84.99,43.00,14.38,52.73,12.16,92.23,49.98,96.00,79.42,18.00,94.25,14.18,64.11,57.78,76.93,193.50,230.31,78.00,13.03,32.92,16.52,38.90,38.55,14.77,24.72,37.00,328.13,327.56,354.00,8.00,593.17,592.69,493.00,10.00,147.29,146.50,293.00,10.00,597.01,596.25,603.00,9.00,33.77,33.06,113.00,5.00,3,엄지 굽히기 (Thumb Flex)
320.00,605.00,125.00,572.00,42.00,38.36,92.73,70.50,93.98,70.98,111.05,17.32,41.00,97.93,24.45,103.33,108.19,20.25,177.55,84.99,43.00,33.29,76.22,28.88,101.97,28.87,65.31,94.81,13.00,69.56,69.13,34.07,61.91,116.19,140.62,234.25,133.00,16.73,38.50,20.92,41.15,32.67,19.90,27.48,31.00,326.07,325.56,346.00,9.00,593.17,592.69,493.00,10.00,145.43,144.56,283.00,6.00,593.55,592.81,592.00,9.00,34.20,33.44,113.00,6.00,3,엄지 굽히기 (Thumb Flex)
288.00,583.00,151.00,638.00,36.00,36.02,127.68,55.50,114.34,35.70,124.54,47.83,1.00,72.53,34.93,70.66,87.82,47.83,181.88,117.92,10.00,2.85,46.46,22.72,75.60,2.15,53.79,122.80,44.00,99.25,48.28,76.44,33.24,115.81,102.99,261.05,177.00,8.90,30.58,24.75,33.29,28.50,28.58,30.45,22.00,323.70,323.06,370.00,8.00,591.08,590.62,504.00,11.00,147.23,146.50,299.00,11.00,596.39,595.56,658.00,9.00,33.53,32.88,107.00,6.00,3,엄지 굽히기 (Thumb Flex)
344.00,672.00,110.00,605.00,36.00,40.72,105.55,78.61,97.08,17.91,147.72,71.82,23.00,114.92,55.54,91.71,53.82,84.97,221.24,159.72,35.00,22.76,57.58,3.23,65.39,21.19,67.95,142.80,64.00,109.92,55.74,82.92,43.93,125.19,105.08,251.21,166.00,11.78,31.38,21.84,31.76,30.79,30.28,30.86,19.00,325.24,324.56,418.00,9.00,594.16,593.44,527.00,11.00,146.20,145.25,290.00,11.00,597.09,596.25,636.00,8.00,33.72,33.06,102.00,5.00,3,엄지 굽히기 (Thumb Flex)
328.00,561.00,180.00,649.00,36.00,54.12,101.26,88.88,109.62,14.05,134.30,57.56,7.00,114.92,55.54,91.71,53.82,84.97,221.24,159.72,35.00,22.76,57.58,3.23,65.39,21.19,67.95,142.80,64.00,109.92,55.74,82.92,43.93,125.19,105.08,251.21,166.00,19.73,28.67,22.16,25.00,24.10,32.37,33.44,27.00,326.22,325.56,394.00,8.00,594.16,593.44,583.00,11.00,146.20,145.25,305.00,11.00,597.09,596.25,571.00,7.00,34.19,33.56,102.00,5.00,3,엄지 굽히기 (Thumb Flex)
344.00,649.00,135.00,605.00,20.00,46.16,97.04,92.36,105.15,9.40,133.12,53.12,1.00,144.54,80.48,58.82,77.67,55.28,237.58,176.91,68.00,16.89,65.30,6.85,62.10,29.55,62.19,135.95,54.00,168.73,110.78,19.39,23.77,125.47,44.78,190.39,101.00,13.15,35.67,14.34,21.19,27.38,39.87,39.75,35.00,325.68,325.06,386.00,8.00,596.35,595.50,671.00,10.00,146.76,145.88,324.00,11.00,600.97,600.31,494.00,6.00,33.84,33.06,98.00,5.00,3,엄지 굽히기 (Thumb Flex)
378.00,583.00,156.00,627.00,48.00,95.25,145.89,42.86,68.24,40.65,168.69,67.90,51.00,123.72,80.09,75.24,64.94,33.99,233.08,187.43,101.00,17.57,70.25,9.63,57.28,25.93,61.21,137.67,59.00,145.48,102.16,38.23,48.30,100.77,13.02,168.73,67.00,13.15,35.67,14.34,21.19,27.38,39.87,39.75,35.00,329.05,328.19,404.00,9.00,594.27,593.44,693.00,12.00,147.09,146.19,340.00,12.00,598.69,598.19,427.00,5.00,33.84,33.06,98.00,5.00,3,엄지 굽히기 (Thumb Flex)
296.00,583.00,140.00,551.00,26.00,81.80,133.09,48.42,81.88,48.80,184.59,82.34,67.00,126.27,71.21,80.67,54.13,42.62,224.92,187.93,112.00,14.67,61.90,21.32,55.00,35.71,49.17,138.23,75.00,141.18,116.62,41.00,60.81,120.94,25.69,174.57,88.00,14.59,33.52,12.49,20.02,26.68,38.40,33.87,29.00,328.13,327.19,429.00,7.00,594.94,594.12,649.00,9.00,146.08,145.19,345.00,12.00,597.45,596.88,481.00,6.00,34.09,33.44,109.00,6.00,3,엄지 굽히기 (Thumb Flex)
304.00,551.00,156.00,605.00,36.00,72.92,141.80,51.91,76.55,98.09,152.41,17.35,2.00,148.60,136.01,20.56,92.66,103.11,159.97,178.63,177.00,18.68,59.11,15.14,66.00,45.83,38.18,135.39,86.00,138.77,105.63,49.39,69.03,122.90,30.40,174.34,99.00,15.68,36.19,7.86,15.03,22.16,35.76,38.07,34.00,323.94,323.12,396.00,7.00,590.94,590.06,626.00,10.00,146.78,145.88,355.00,12.00,598.14,597.56,524.00,6.00,34.40,33.75,111.00,6.00,3,엄지 굽히기 (Thumb Flex)
328.00,661.00,105.00,583.00,51.00,72.92,141.80,51.91,76.55,98.09,152.41,17.35,2.00,88.05,101.96,93.76,170.84,154.59,118.72,171.47,277.00,31.06,100.22,35.92,80.45,66.26,31.32,115.14,132.00,151.85,121.55,32.72,57.94,105.72,34.36,167.38,121.00,19.63,48.07,7.74,19.85,32.31,47.39,32.36,22.00,323.94,323.12,388.00,7.00,597.37,596.31,703.00,9.00,144.25,143.00,375.00,10.00,596.78,596.19,492.00,6.00,35.36,34.50,126.00,6.00,3,엄지 굽히기 (Thumb Flex)
304.00,594.00,162.00,627.00,33.00,65.93,134.36,59.90,79.62,100.99,144.90,23.88,10.00,88.05,101.96,93.76,170.84,154.59,118.72,171.47,277.00,26.78,64.65,52.07,51.88,64.35,73.03,94.74,174.00,91.55,137.56,66.26,30.41,49.19,74.46,135.43,197.00,19.04,43.50,3.67,15.81,32.50,52.54,33.22,16.00,324.40,323.62,404.00,8.00,597.37,596.31,748.00,10.00,146.80,145.62,396.00,12.00,601.45,600.94,493.00,7.00,34.98,34.12,136.00,6.00,3,엄지 굽히기 (Thumb Flex)
320.00,583.00,156.00,616.00,28.00,50.15,129.03,67.20,65.51,84.99,159.60,18.82,6.00,78.80,112.91,84.79,161.06,143.61,129.70,165.85,288.00,26.78,64.65,52.07,51.88,64.35,73.03,94.74,174.00,72.80,158.76,68.74,22.02,37.42,70.58,148.68,175.00,20.52,43.49,6.34,18.36,35.14,51.80,31.55,19.00,325.36,324.62,412.00,8.00,598.04,597.00,759.00,10.00,146.80,145.62,397.00,12.00,602.83,602.31,504.00,7.00,34.82,33.94,141.00,6.00,3,엄지 굽히기 (Thumb Flex)
352.00,594.00,145.00,572.00,31.00,13.64,152.40,55.68,56.32,106.37,148.64,35.87,34.00,57.50,128.21,66.65,151.92,154.72,114.21,183.61,266.00,20.79,60.88,52.60,49.40,69.67,72.81,100.14,168.00,94.34,140.27,87.10,44.01,15.52,87.21,168.59,153.00,20.52,43.49,6.34,18.36,35.14,51.80,31.55,19.00,327.90,327.12,420.00,8.00,599.38,598.38,726.00,9.00,146.42,145.25,408.00,13.00,601.50,600.94,537.00,7.00,34.82,33.94,139.00,6.00,3,엄지 굽히기 (Thumb Flex)
312.00,616.00,135.00,583.00,28.00,31.30,128.44,78.11,32.56,98.44,164.03,54.37,58.00,57.50,128.21,66.65,151.92,154.72,114.21,183.61,266.00,7.72,45.11,68.22,64.56,72.52,62.46,84.16,184.00,115.93,138.24,105.25,49.65,32.81,65.58,146.59,175.00,18.57,41.49,7.41,20.12,35.80,49.85,33.50,17.00,326.41,325.62,452.00,9.00,599.38,598.38,726.00,9.00,145.44,144.25,412.00,11.00,600.14,599.56,515.00,6.00,34.92,34.06,140.00,6.00,3,엄지 굽히기 (Thumb Flex)
328.00,572.00,162.00,638.00,39.00,43.83,116.95,89.23,38.83,114.25,148.03,46.56,42.00,77.63,143.94,44.80,145.56,176.36,98.66,162.06,288.00,19.35,59.99,60.55,62.01,89.45,45.82,68.37,201.00,69.88,103.64,132.09,112.38,72.98,62.91,88.37,241.00,7.94,34.90,18.23,26.91,24.81,59.48,22.74,28.00,325.38,324.62,436.00,9.00,598.04,597.00,727.00,10.00,146.56,145.31,428.00,12.00,604.28,603.69,548.00,7.00,35.57,34.75,146.00,7.00,3,엄지 굽히기 (Thumb Flex)
328.00,627.00,115.00,583.00,48.00,36.74,117.54,95.80,27.20,123.22,136.76,49.65,26.00,56.09,68.29,106.10,73.35,206.90,23.59,108.80,364.00,30.84,59.78,40.97,21.02,114.22,23.81,50.16,242.00,71.61,113.47,121.53,110.65,73.00,73.54,83.32,252.00,11.01,41.44,26.57,20.22,33.97,56.47,35.87,13.00,326.37,325.62,412.00,8.00,602.70,601.75,739.00,11.00,144.17,142.75,470.00,13.00,603.61,603.00,603.00,8.00,36.62,35.69,155.00,7.00,3,엄지 굽히기 (Thumb Flex)
296.00,594.00,125.00,551.00,36.00,50.94,146.05,56.20,24.08,108.70,144.18,82.27,14.00,56.09,68.29,106.10,73.35,206.90,23.59,108.80,364.00,56.80,84.03,17.89,32.65,126.13,17.42,49.80,216.00,77.48,154.64,124.85,153.47,113.02,43.04,94.77,209.00,13.99,44.41,25.76,17.26,35.06,54.55,33.81,16.00,323.94,323.12,428.00,8.00,602.70,601.75,761.00,11.00,142.60,141.12,454.00,12.00,601.06,600.31,613.00,8.00,36.80,35.88,158.00,6.00,3,엄지 굽히기 (Thumb Flex)
281.00,530.00,174.00,605.00,20.00,74.76,184.87,61.45,29.21,147.19,110.61,43.42,25.00,33.98,94.16,177.35,33.24,280.85,85.47,116.89,289.00,20.07,46.33,65.68,37.54,174.58,46.69,64.70,167.00,83.34,140.68,92.30,154.43,136.42,61.62,103.56,176.00,9.36,29.67,47.58,25.50,57.06,32.80,33.83,38.00,321.67,320.69,411.00,8.00,598.27,597.06,803.00,10.00,145.78,144.19,477.00,12.00,603.07,602.38,601.00,8.00,35.62,34.50,168.00,7.00,3,엄지 굽히기 (Thumb Flex)
361.00,594.00,156.00,583.00,28.00,75.84,148.79,12.46,93.86,194.63,40.51,33.19,98.00,31.37,94.97,171.05,43.93,283.76,91.44,117.91,278.00,21.51,47.57,67.23,41.04,173.33,44.87,63.35,172.00,59.84,126.69,130.95,100.22,131.11,116.57,118.92,121.00,17.36,32.94,51.81,21.02,54.60,39.68,29.15,30.00,326.24,325.25,435.00,8.00,598.94,597.75,778.00,9.00,146.11,144.50,454.00,11.00,599.58,598.94,590.00,9.00,35.17,34.00,176.00,7.00,3,엄지 굽히기 (Thumb Flex)
344.00,616.00,151.00,616.00,36.00,75.84,148.79,12.46,93.86,194.63,40.51,33.19,98.00,54.89,60.91,147.20,63.70,242.74,99.31,117.19,222.00,58.38,86.00,46.27,32.70,142.27,45.23,69.90,131.00,65.33,135.06,133.95,98.51,121.59,124.37,120.75,110.00,17.36,32.94,51.81,21.02,54.60,39.68,29.15,30.00,326.24,325.25,436.00,8.00,595.17,594.25,689.00,9.00,148.38,147.06,389.00,10.00,600.28,599.62,579.00,10.00,35.17,34.00,184.00,8.00,3,엄지 굽히기 (Thumb Flex)
304.00,572.00,151.00,605.00,28.00,53.07,126.18,31.35,117.28,218.57,36.47,15.17,74.00,49.47,70.93,158.13,56.86,232.45,96.04,115.89,211.00,29.89,62.63,74.88,60.42,115.81,45.80,77.51,102.00,37.40,91.42,90.14,142.35,89.87,133.35,120.90,66.00,23.76,40.03,43.93,25.50,61.59,36.68,21.54,22.00,324.78,323.75,460.00,9.00,595.82,594.94,645.00,9.00,146.34,145.25,344.00,9.00,597.40,596.88,546.00,10.00,34.71,33.50,176.00,8.00,3,엄지 굽히기 (Thumb Flex)
352.00,616.00,135.00,561.00,24.00,61.07,133.55,26.47,115.97,222.23,32.38,16.98,66.00,60.24,42.38,145.11,34.93,234.04,69.77,105.35,178.00,29.89,62.63,74.88,60.42,115.81,45.80,77.51,102.00,35.56,74.60,78.78,146.01,77.54,156.36,136.87,110.00,21.60,38.84,44.91,22.67,61.39,33.22,17.54,18.00,325.32,324.25,474.00,10.00,593.63,592.88,623.00,9.00,146.34,145.25,339.00,9.00,594.71,594.12,568.00,11.00,34.87,33.75,152.00,7.00,3,엄지 굽히기 (Thumb Flex)
336.00,583.00,135.00,627.00,64.00,27.67,123.55,33.79,74.53,198.30,16.11,55.96,24.00,60.24,42.38,145.11,34.93,234.04,69.77,105.35,178.00,26.58,78.58,64.23,40.16,135.93,26.97,73.37,81.00,35.56,74.60,78.78,146.01,77.54,156.36,136.87,110.00,25.52,48.91,34.02,36.25,76.50,48.94,32.78,34.00,322.42,321.62,408.00,9.00,593.63,592.88,656.00,10.00,145.03,143.94,323.00,8.00,594.71,594.12,558.00,11.00,36.44,34.75,170.00,7.00,3,엄지 굽히기 (Thumb Flex)
273.00,605.00,105.00,520.00,39.00,33.25,139.60,35.05,73.44,221.12,27.83,33.67,47.00,67.69,32.93,126.04,32.98,221.11,86.69,124.07,200.00,54.93,113.23,29.24,43.91,117.76,61.73,94.09,116.00,42.99,105.41,103.02,142.03,60.32,181.59,167.02,141.00,36.95,61.91,21.41,43.28,68.94,42.58,23.40,21.00,321.15,320.19,463.00,10.00,595.00,594.25,646.00,11.00,143.17,141.75,337.00,7.00,592.97,592.19,611.00,11.00,37.16,35.56,185.00,6.00,3,엄지 굽히기 (Thumb Flex)
288.00,572.00,151.00,605.00,45.00,47.48,155.58,26.28,89.36,217.29,12.35,46.93,31.00,85.10,20.14,131.25,13.60,210.16,85.51,103.23,179.00,59.93,116.40,27.74,48.30,114.39,58.60,89.48,111.00,42.99,105.41,103.02,142.03,60.32,181.59,167.02,141.00,45.95,68.43,22.56,36.88,64.04,39.92,26.97,30.00,320.23,319.19,454.00,9.00,596.24,595.56,569.00,11.00,142.84,141.44,332.00,7.00,592.97,592.19,674.00,11.00,37.77,36.12,176.00,4.00,3,엄지 굽히기 (Thumb Flex)
281.00,583.00,125.00,551.00,31.00,94.48,190.54,20.79,97.17,180.43,53.03,40.17,78.00,12.56,96.15,53.64,86.70,132.96,153.08,34.21,101.00,42.04,119.74,16.14,60.11,95.69,64.54,69.48,91.00,49.14,112.95,72.06,146.25,90.67,166.56,194.67,173.00,28.39,69.91,2.89,53.67,44.26,25.85,36.25,50.00,317.42,316.25,437.00,8.00,591.13,590.69,513.00,11.00,143.84,142.69,301.00,7.00,591.05,590.19,684.00,11.00,36.39,34.88,172.00,6.00,3,엄지 굽히기 (Thumb Flex)
336.00,583.00,192.00,627.00,18.00,66.09,188.75,32.06,127.13,151.96,75.27,67.42,110.00,7.59,104.90,48.81,86.00,135.70,143.05,38.89,112.00,34.74,146.35,14.70,84.22,100.12,37.47,98.00,121.00,49.14,112.95,72.06,146.25,90.67,166.56,194.67,173.00,24.51,82.96,12.84,48.84,49.62,40.54,34.06,35.00,319.43,318.25,476.00,8.00,590.45,590.00,502.00,10.00,146.13,144.56,362.00,8.00,591.05,590.19,749.00,12.00,35.72,33.94,180.00,6.00,3,엄지 굽히기 (Thumb Flex)
378.00,627.00,135.00,605.00,36.00,58.49,234.33,87.32,155.08,155.62,87.89,9.49,52.00,46.59,106.80,34.20,130.00,105.34,134.63,63.71,156.00,29.62,126.87,23.79,96.43,85.00,17.31,115.36,142.00,47.57,102.81,77.74,144.01,81.34,156.52,198.21,184.00,22.47,75.39,11.17,56.72,45.11,47.26,38.31,27.00,323.37,321.88,486.00,8.00,593.26,592.75,535.00,10.00,144.82,143.25,408.00,9.00,590.34,589.50,727.00,11.00,36.17,34.44,195.00,7.00,3,엄지 굽히기 (Thumb Flex)
344.00,616.00,168.00,638.00,28.00,53.31,226.50,86.00,161.40,149.30,95.71,2.73,44.00,68.18,126.23,21.04,131.85,126.87,120.69,55.83,134.00,42.58,136.93,12.07,80.43,63.67,23.35,130.29,165.00,95.88,166.11,19.19,79.70,44.99,147.42,206.45,250.00,24.01,76.71,8.31,57.27,42.13,48.12,40.93,24.00,322.83,321.38,480.00,7.00,594.66,594.12,524.00,10.00,146.36,144.69,431.00,9.00,594.55,593.62,749.00,11.00,36.01,34.25,200.00,8.00,3,엄지 굽히기 (Thumb Flex)
344.00,605.00,145.00,616.00,39.00,82.52,245.47,60.18,144.45,122.22,123.73,31.99,12.00,59.10,115.92,31.98,142.71,129.56,109.86,59.06,123.00,52.13,134.74,21.97,88.48,63.93,13.35,126.89,155.00,128.80,185.79,46.94,76.53,20.42,124.10,212.51,217.00,16.04,80.78,17.71,46.57,40.85,44.28,51.89,13.00,324.86,323.38,464.00,6.00,593.95,593.44,491.00,9.00,146.96,145.31,427.00,9.00,596.63,595.69,716.00,10.00,36.65,34.94,200.00,8.00,3,엄지 굽히기 (Thumb Flex)
304.00,561.00,162.00,605.00,28.00,58.58,248.95,82.80,123.49,129.93,133.83,55.34,12.00,54.39,111.95,38.29,144.81,138.28,119.09,51.91,134.00,52.13,134.74,21.97,88.48,63.93,13.35,126.89,155.00,98.25,191.06,35.04,43.93,12.58,91.29,234.06,184.00,25.95,70.52,20.47,45.01,51.24,35.32,62.44,2.00,323.39,321.88,504.00,7.00,593.30,592.75,480.00,9.00,146.96,145.31,397.00,9.00,594.48,593.62,672.00,9.00,36.01,34.25,202.00,9.00,3,엄지 굽히기 (Thumb Flex)
361.00,649.00,140.00,616.00,31.00,89.20,222.33,85.90,143.63,162.92,129.07,85.03,45.00,57.84,104.03,51.71,166.31,157.48,126.07,35.06,156.00,74.91,110.26,20.46,69.31,47.21,28.75,140.11,130.00,122.78,163.61,11.80,49.24,39.59,68.33,264.63,151.00,42.94,55.18,37.39,28.02,42.48,52.28,50.02,19.00,325.58,323.94,529.00,7.00,594.77,594.12,535.00,9.00,148.31,146.88,409.00,10.00,596.55,595.69,651.00,9.00,34.83,33.19,193.00,9.00,3,엄지 굽히기 (Thumb Flex)
344.00,583.00,162.00,616.00,28.00,129.67,174.70,133.73,113.37,152.09,167.00,59.71,3.00,59.34,113.74,42.05,164.48,156.96,122.43,25.86,167.00,105.19,95.88,30.59,49.73,39.29,12.84,110.11,167.00,165.87,99.70,54.28,32.56,72.83,85.60,199.68,216.00,50.35,53.54,40.62,29.41,37.16,47.32,53.06,11.00,328.52,326.94,531.00,7.00,594.09,593.44,537.00,10.00,150.53,149.19,382.00,10.00,600.51,599.75,597.00,8.00,34.37,32.69,180.00,8.00,3,엄지 굽히기 (Thumb Flex)
336.00,583.00,168.00,605.00,20.00,171.00,148.30,165.64,71.40,105.97,113.95,74.76,52.00,51.61,65.55,61.98,112.18,109.54,79.69,29.26,220.00,101.54,92.84,32.28,43.97,34.62,18.83,104.44,173.00,165.87,99.70,54.28,32.56,72.83,85.60,199.68,216.00,50.35,53.54,40.62,29.41,37.16,47.32,53.06,11.00,331.73,330.38,459.00,6.00,597.19,596.75,473.00,10.00,150.10,148.81,370.00,10.00,600.51,599.75,586.00,7.00,34.37,32.69,180.00,8.00,3,엄지 굽히기 (Thumb Flex)
336.00,540.00,168.00,583.00,24.00,158.88,139.47,177.22,53.60,84.49,105.26,84.89,77.00,75.74,93.22,94.83,133.70,72.55,25.74,79.25,274.00,105.01,104.42,20.28,48.88,24.35,28.39,92.46,185.00,165.87,99.70,54.28,32.56,72.83,85.60,199.68,216.00,52.14,57.51,36.79,28.44,36.83,50.66,51.92,7.00,330.09,328.81,442.00,6.00,593.97,593.38,494.00,9.00,150.91,149.56,365.00,10.00,600.51,599.75,575.00,7.00,34.18,32.44,176.00,7.00,3,엄지 굽히기 (Thumb Flex)
320.00,572.00,130.00,551.00,28.00,159.59,119.05,200.98,37.22,82.75,95.18,84.37,53.00,117.97,104.15,134.88,100.66,56.92,65.67,50.37,230.00,108.00,87.03,34.62,67.78,36.11,39.68,74.09,206.00,194.95,55.82,115.95,46.53,14.58,22.41,187.49,281.00,53.59,64.01,36.98,20.62,29.71,42.90,57.08,15.00,328.57,327.31,418.00,6.00,591.22,590.62,482.00,8.00,149.68,148.25,403.00,11.00,596.55,595.69,596.00,7.00,33.71,31.94,172.00,6.00,3,엄지 굽히기 (Thumb Flex)
320.00,551.00,174.00,616.00,28.00,152.60,134.82,197.50,24.84,68.82,81.19,93.28,37.00,138.73,99.51,137.33,85.91,76.85,58.04,55.10,251.00,96.21,92.77,44.73,63.03,57.56,46.39,63.83,229.00,185.71,66.02,114.53,52.63,3.73,21.67,191.76,292.00,53.59,64.01,36.98,20.62,29.71,42.90,57.08,15.00,329.52,328.31,370.00,5.00,589.97,589.31,459.00,7.00,151.23,149.69,431.00,11.00,597.26,596.38,617.00,7.00,33.71,31.94,168.00,6.00,3,엄지 굽히기 (Thumb Flex)
328.00,530.00,198.00,583.00,12.00,170.61,122.32,177.80,45.88,51.02,58.11,114.78,13.00,217.20,61.84,81.06,161.64,71.55,72.92,100.96,165.00,65.33,88.93,106.47,126.02,80.78,86.67,85.74,166.00,164.19,86.47,134.48,71.12,22.56,12.89,176.34,270.00,48.64,58.25,45.28,32.39,34.74,47.50,69.08,27.00,327.97,326.81,362.00,6.00,584.73,583.94,447.00,6.00,155.51,153.62,455.00,9.00,598.57,597.75,584.00,7.00,33.30,31.19,144.00,5.00,3,엄지 굽히기 (Thumb Flex)
378.00,627.00,125.00,520.00,31.00,130.79,116.20,215.04,72.20,79.88,54.65,156.77,29.00,186.53,95.40,125.04,152.40,115.14,87.23,144.44,121.00,70.81,94.04,104.31,126.25,90.10,96.42,89.60,156.00,270.26,103.63,95.09,153.52,114.21,101.92,92.09,163.00,36.99,30.04,47.11,42.52,7.12,18.04,40.11,6.00,330.82,329.44,349.00,5.00,587.56,586.69,522.00,6.00,154.99,153.00,498.00,10.00,592.13,591.06,540.00,6.00,30.22,29.12,138.00,6.00,3,엄지 굽히기 (Thumb Flex)
288.00,551.00,151.00,594.00,33.00,115.79,106.50,214.96,82.02,67.82,41.94,142.94,14.00,208.83,45.06,114.49,98.62,140.23,92.91,197.07,67.00,39.20,49.84,69.89,80.40,102.98,127.31,102.95,110.00,208.15,30.09,31.15,140.43,147.86,158.91,50.25,89.00,35.36,24.04,43.19,38.21,3.64,24.04,43.35,0.00,331.61,330.38,424.00,6.00,584.23,583.31,565.00,6.00,157.34,155.88,478.00,10.00,596.46,595.69,529.00,5.00,29.77,28.75,134.00,6.00,3,엄지 굽히기 (Thumb Flex)
304.00,540.00,135.00,540.00,42.00,101.37,90.66,200.47,71.61,64.80,57.83,154.41,30.00,216.08,48.72,144.87,100.22,158.46,108.96,171.31,99.00,51.72,64.89,85.47,80.40,93.87,129.80,106.13,94.00,246.64,91.70,95.71,75.80,132.08,186.49,62.17,24.00,33.79,22.02,40.31,36.07,6.53,22.02,42.74,3.00,332.50,331.38,433.00,6.00,582.33,581.31,565.00,5.00,156.43,154.88,468.00,10.00,592.55,591.62,529.00,6.00,29.49,28.56,129.00,6.00,3,엄지 굽히기 (Thumb Flex)
281.00,583.00,140.00,616.00,42.00,101.37,90.66,200.47,71.61,64.80,57.83,154.41,30.00,216.08,48.72,144.87,100.22,158.46,108.96,171.31,99.00,37.04,59.42,84.02,95.34,79.05,122.39,105.43,79.00,232.38,76.48,96.94,92.42,75.73,186.03,104.83,41.00,42.99,23.65,42.88,29.15,15.61,25.55,46.45,14.00,332.50,331.38,401.00,5.00,582.33,581.31,608.00,6.00,157.22,155.81,406.00,9.00,596.54,595.69,529.00,4.00,30.33,29.25,116.00,5.00,3,엄지 굽히기 (Thumb Flex)
328.00,616.00,140.00,583.00,31.00,104.05,92.26,198.01,67.23,70.30,59.16,154.21,22.00,233.27,23.94,163.34,111.89,158.80,85.27,177.56,66.00,88.82,55.93,41.47,104.69,84.56,74.87,99.34,27.00,223.09,47.92,52.98,130.68,41.63,164.54,134.42,85.00,55.92,22.10,34.58,19.21,19.94,13.32,37.67,1.00,332.00,330.88,406.00,5.00,584.45,583.38,597.00,6.00,153.75,152.56,349.00,8.00,593.74,592.94,540.00,7.00,30.98,30.06,109.00,4.00,3,엄지 굽히기 (Thumb Flex)
328.00,638.00,130.00,605.00,26.00,114.75,79.08,148.35,34.93,100.15,30.96,142.67,72.00,242.61,29.31,173.91,121.64,148.25,84.75,179.10,77.00,93.34,54.28,36.67,109.25,79.57,79.73,100.70,32.00,223.09,47.92,52.98,130.68,41.63,164.54,134.42,85.00,46.49,29.04,44.48,13.00,29.68,4.78,29.66,9.00,328.66,327.75,372.00,6.00,585.19,584.06,608.00,6.00,153.48,152.25,326.00,7.00,593.74,592.94,529.00,8.00,30.35,29.44,106.00,4.00,3,엄지 굽히기 (Thumb Flex)
344.00,551.00,180.00,638.00,26.00,114.75,79.08,148.35,34.93,100.15,30.96,142.67,72.00,178.63,35.98,178.03,161.38,117.97,61.30,220.78,142.00,85.62,65.10,39.62,114.61,76.16,86.68,108.75,44.00,223.09,47.92,52.98,130.68,41.63,164.54,134.42,85.00,45.06,31.02,45.05,11.18,29.33,4.85,31.55,7.00,328.66,327.75,388.00,6.00,581.13,580.00,684.00,7.00,154.33,153.00,353.00,7.00,593.74,592.94,540.00,8.00,30.24,29.31,95.00,3.00,3,엄지 굽히기 (Thumb Flex)
344.00,594.00,135.00,583.00,36.00,114.75,79.08,148.35,34.93,100.15,30.96,142.67,72.00,167.83,43.89,188.92,169.00,109.39,68.79,210.53,131.00,88.66,55.94,47.19,106.00,84.57,86.16,118.02,54.00,191.55,46.66,84.83,120.84,47.53,179.65,147.91,52.00,44.03,32.99,42.81,12.81,26.79,6.90,28.56,10.00,328.66,327.75,348.00,5.00,580.42,579.31,683.00,7.00,153.76,152.38,381.00,7.00,591.66,590.88,584.00,9.00,30.00,29.12,94.00,3.00,3,엄지 굽히기 (Thumb Flex)
320.00,616.00,135.00,616.00,48.00,126.12,91.39,132.94,50.64,85.10,22.88,127.63,88.00,215.68,66.53,168.00,211.37,65.37,123.78,155.54,76.00,91.89,53.42,71.72,122.43,64.94,106.88,91.03,27.00,202.52,37.16,83.51,110.02,58.43,177.51,156.79,41.00,47.03,39.18,61.55,12.81,15.06,26.85,14.04,30.00,329.61,328.75,315.00,5.00,583.89,582.75,617.00,6.00,152.13,150.69,359.00,8.00,592.37,591.56,606.00,10.00,31.55,30.38,103.00,3.00,3,엄지 굽히기 (Thumb Flex)
304.00,605.00,125.00,561.00,28.00,74.91,100.18,149.93,70.01,61.13,71.48,70.66,145.00,189.22,22.85,135.14,189.87,93.94,157.66,116.46,32.00,91.25,66.15,73.98,133.84,59.26,92.15,104.88,42.00,155.15,91.77,41.46,132.06,90.38,136.52,210.83,14.00,47.20,36.26,61.33,11.18,17.69,28.97,14.34,33.00,326.00,325.19,314.00,5.00,580.93,580.00,562.00,6.00,151.31,149.75,347.00,7.00,588.94,588.12,661.00,11.00,31.37,30.19,120.00,4.00,3,엄지 굽히기 (Thumb Flex)
304.00,551.00,135.00,583.00,54.00,36.70,138.55,128.33,102.47,29.84,41.36,108.23,105.00,186.74,27.30,105.62,219.57,67.82,154.90,137.54,64.00,85.72,92.34,54.88,119.00,86.13,109.34,87.28,15.00,140.39,116.01,9.52,106.78,104.42,169.46,178.87,19.00,42.00,59.96,39.44,16.76,40.98,39.69,36.07,59.00,323.50,322.69,306.00,5.00,578.98,578.00,616.00,7.00,149.64,148.06,351.00,7.00,586.84,586.06,672.00,11.00,33.43,31.81,138.00,4.00,3,엄지 굽히기 (Thumb Flex)
273.00,638.00,110.00,551.00,28.00,26.37,195.23,65.50,91.08,92.59,67.76,70.83,168.00,172.90,27.70,116.17,207.07,100.88,198.15,167.56,119.00,80.12,133.21,13.43,73.11,78.84,123.56,114.22,73.00,152.02,134.71,56.19,78.16,52.50,134.08,223.81,35.00,40.40,63.92,32.42,16.28,40.94,40.74,28.09,51.00,319.77,318.75,337.00,3.00,582.59,581.44,660.00,7.00,146.24,144.44,376.00,7.00,583.50,582.69,682.00,9.00,33.79,32.31,160.00,5.00,3,엄지 굽히기 (Thumb Flex)
312.00,530.00,162.00,572.00,28.00,49.11,205.97,62.94,67.47,87.50,68.52,72.90,144.00,177.87,21.73,123.17,197.12,109.79,207.94,171.06,129.00,79.57,134.33,19.43,77.80,72.92,117.84,112.40,67.00,160.00,132.58,62.74,88.77,53.60,132.18,217.23,24.00,38.65,63.21,33.31,12.37,37.13,37.40,31.71,55.00,318.25,317.25,360.00,3.00,582.02,580.81,736.00,8.00,145.81,144.06,390.00,7.00,582.82,582.00,671.00,8.00,33.98,32.56,156.00,5.00,3,엄지 굽히기 (Thumb Flex)
320.00,594.00,140.00,572.00,31.00,49.11,205.97,62.94,67.47,87.50,68.52,72.90,144.00,160.66,25.62,103.39,200.66,110.70,220.85,172.30,151.00,84.37,140.02,17.83,72.20,68.14,109.01,113.93,57.00,140.39,150.05,74.60,86.01,38.09,116.18,213.46,3.00,36.56,60.82,36.29,12.00,39.19,40.36,29.71,52.00,318.25,317.25,368.00,4.00,583.39,582.19,779.00,9.00,146.39,144.69,368.00,7.00,584.09,583.31,606.00,9.00,34.14,32.75,159.00,5.00,3,엄지 굽히기 (Thumb Flex)
328.00,594.00,156.00,616.00,33.00,45.44,212.97,58.08,59.67,81.57,60.71,77.27,152.00,120.63,46.63,116.04,158.93,149.33,229.88,188.48,108.00,70.57,122.25,4.98,57.49,81.41,105.57,124.85,39.00,140.39,150.05,74.60,86.01,38.09,116.18,213.46,3.00,32.10,55.86,38.91,17.00,41.37,37.65,31.56,57.00,318.76,317.75,368.00,4.00,586.02,584.88,758.00,9.00,145.12,143.56,360.00,8.00,584.09,583.31,617.00,9.00,34.42,33.06,145.00,6.00,3,엄지 굽히기 (Thumb Flex)
320.00,583.00,151.00,572.00,24.00,46.19,205.30,54.11,62.03,84.83,56.94,84.18,160.00,67.71,77.58,168.89,153.33,118.24,184.54,151.16,161.00,32.17,88.08,42.88,45.12,46.62,84.54,85.56,86.00,150.61,144.62,74.72,86.58,40.93,124.03,206.96,14.00,20.21,49.48,33.95,20.81,29.48,36.36,33.06,45.00,318.25,317.25,326.00,4.00,589.16,588.19,672.00,9.00,141.54,140.62,292.00,7.00,583.41,582.62,598.00,8.00,34.81,33.81,135.00,6.00,3,엄지 굽히기 (Thumb Flex)
344.00,572.00,168.00,605.00,26.00,51.27,191.74,20.30,32.56,50.97,55.23,50.54,126.00,121.18,87.80,159.70,98.51,160.03,130.67,106.78,216.00,72.24,92.46,49.91,10.05,80.11,53.19,46.88,129.00,106.36,144.31,26.58,10.05,63.16,153.19,142.79,99.00,25.12,48.12,38.92,25.06,28.75,33.24,36.49,40.00,315.83,315.12,260.00,3.00,585.65,584.75,607.00,8.00,144.29,143.31,283.00,6.00,588.51,587.94,557.00,10.00,34.55,33.50,135.00,6.00,3,엄지 굽히기 (Thumb Flex)
336.00,605.00,145.00,605.00,33.00,66.62,176.01,56.10,74.00,59.75,51.90,10.35,78.00,81.07,38.73,111.73,107.42,207.07,112.70,60.02,270.00,66.31,95.21,44.09,4.12,84.82,47.35,41.06,135.00,108.67,139.46,21.96,21.02,65.01,155.29,152.53,88.00,25.12,48.12,38.92,25.06,28.75,33.24,36.49,40.00,318.78,318.12,252.00,3.00,588.97,588.12,629.00,9.00,143.91,142.94,290.00,5.00,589.21,588.62,503.00,9.00,34.55,33.50,133.00,5.00,3,엄지 굽히기 (Thumb Flex)
352.00,605.00,151.00,616.00,39.00,111.44,138.30,75.00,74.00,16.45,82.85,46.55,126.00,90.90,26.96,68.69,55.00,220.25,88.79,123.38,205.00,80.33,79.96,48.84,17.46,82.25,34.65,25.27,151.00,166.24,73.63,54.53,79.81,14.70,99.35,76.93,164.00,26.95,45.20,37.11,22.47,31.06,30.84,39.49,37.00,321.85,321.12,245.00,5.00,592.91,592.19,586.00,9.00,144.90,143.94,291.00,5.00,593.85,593.38,438.00,8.00,34.33,33.31,139.00,6.00,3,엄지 굽히기 (Thumb Flex)
312.00,616.00,115.00,572.00,39.00,142.28,107.31,67.50,45.79,27.32,52.52,27.61,95.00,118.81,57.21,94.68,34.79,187.29,115.42,91.63,238.00,66.42,103.06,67.91,33.62,59.13,42.69,14.96,176.00,122.94,117.60,58.25,100.77,42.55,56.76,35.93,208.00,28.01,43.72,34.19,21.02,31.99,31.32,36.76,40.00,323.63,323.06,238.00,5.00,594.99,594.25,564.00,6.00,143.52,142.38,327.00,6.00,591.09,590.62,449.00,8.00,34.11,33.12,128.00,5.00,3,엄지 굽히기 (Thumb Flex)
288.00,530.00,174.00,605.00,31.00,108.42,138.03,105.81,74.95,44.57,47.56,51.48,55.00,34.08,76.50,56.63,54.13,169.46,199.96,62.30,324.00,76.06,93.68,44.35,33.62,40.18,76.44,44.91,210.00,144.62,103.72,36.38,85.15,48.93,38.14,29.13,230.00,28.01,43.72,34.19,21.02,31.99,31.32,36.76,40.00,321.24,320.56,262.00,5.00,589.79,588.88,628.00,9.00,145.82,144.50,376.00,7.00,592.47,592.00,460.00,8.00,34.11,33.12,131.00,6.00,3,엄지 굽히기 (Thumb Flex)
336.00,627.00,125.00,572.00,31.00,112.64,136.75,101.35,79.40,43.24,54.75,59.38,47.00,23.12,87.48,67.40,53.00,159.20,193.54,56.19,313.00,75.63,90.63,41.47,29.41,44.23,80.35,49.87,215.00,117.76,102.99,54.97,63.63,38.79,48.28,52.26,263.00,30.20,39.37,30.03,19.42,30.26,36.22,38.72,35.00,321.76,321.06,294.00,6.00,589.05,588.19,638.00,9.00,145.55,144.19,375.00,7.00,590.42,589.94,460.00,9.00,34.37,33.44,131.00,6.00,3,엄지 굽히기 (Thumb Flex)
352.00,605.00,168.00,672.00,36.00,114.45,141.76,106.19,85.98,50.91,47.35,51.66,55.00,75.15,65.88,58.89,107.00,127.45,210.30,36.17,259.00,80.43,78.79,29.72,37.64,34.87,79.69,39.83,203.00,136.85,126.43,72.73,94.58,17.60,82.14,86.06,297.00,38.64,29.75,22.11,29.27,23.26,28.58,39.31,45.00,322.30,321.56,310.00,6.00,592.36,591.56,617.00,8.00,144.65,143.44,373.00,7.00,592.77,592.06,505.00,9.00,34.93,34.06,126.00,6.00,3,엄지 굽히기 (Thumb Flex)
344.00,594.00,130.00,480.00,28.00,114.45,141.76,106.19,85.98,50.91,47.35,51.66,55.00,75.15,65.88,58.89,107.00,127.45,210.30,36.17,259.00,84.33,74.75,29.40,41.01,33.32,76.16,42.54,208.00,143.97,25.05,44.06,161.70,86.75,173.60,186.84,400.00,30.69,34.10,20.43,29.27,15.60,29.85,44.20,53.00,322.30,321.56,294.00,5.00,592.36,591.56,606.00,8.00,144.36,143.12,411.00,8.00,586.97,585.62,664.00,9.00,34.47,33.56,122.00,7.00,3,엄지 굽히기 (Thumb Flex)
288.00,561.00,145.00,594.00,54.00,133.35,119.05,107.64,114.13,72.31,44.96,72.65,23.00,61.19,11.38,58.61,162.00,77.19,162.25,79.19,314.00,74.73,76.75,20.41,48.60,23.48,66.16,45.87,218.00,160.92,26.46,63.98,174.77,82.49,164.80,168.26,378.00,36.51,35.26,26.12,23.35,16.53,35.26,49.68,59.00,320.41,319.56,334.00,4.00,588.93,588.12,628.00,9.00,144.97,143.75,416.00,9.00,585.55,584.25,723.00,9.00,35.02,33.94,128.00,7.00,3,엄지 굽히기 (Thumb Flex)
273.00,594.00,135.00,605.00,36.00,161.87,125.60,138.17,105.22,47.96,65.77,63.74,54.00,67.68,5.09,69.57,162.37,76.30,164.79,68.19,303.00,64.78,72.30,13.64,55.15,30.29,73.76,46.44,208.00,118.84,20.07,76.40,210.62,123.50,187.62,148.82,334.00,43.28,42.43,31.76,25.94,8.55,27.96,41.68,51.00,318.66,317.62,349.00,4.00,588.23,587.44,607.00,9.00,145.53,144.38,416.00,10.00,588.28,587.00,712.00,9.00,35.47,34.44,120.00,6.00,3,엄지 굽히기 (Thumb Flex)
344.00,627.00,151.00,616.00,22.00,121.90,91.25,122.26,144.89,74.73,105.51,85.48,94.00,35.09,71.95,85.56,238.25,29.03,143.12,27.76,227.00,51.29,57.79,26.75,45.28,38.20,73.54,40.32,224.00,85.89,44.85,109.00,229.73,105.53,154.99,150.36,367.00,34.37,17.10,51.35,15.00,28.91,35.57,17.16,19.00,321.19,320.12,389.00,7.00,592.97,592.19,553.00,8.00,146.51,145.38,407.00,11.00,590.38,589.06,691.00,9.00,33.26,32.44,108.00,7.00,3,엄지 굽히기 (Thumb Flex)
378.00,616.00,140.00,616.00,39.00,51.36,19.65,215.22,169.28,57.82,89.13,41.66,11.00,39.90,59.31,64.82,238.25,15.95,127.81,46.69,205.00,44.43,30.37,52.61,24.70,13.52,53.90,62.50,194.00,39.69,91.09,140.64,183.66,78.91,211.30,177.20,302.00,30.18,17.10,42.33,9.06,36.67,46.56,20.40,8.00,327.77,326.69,384.00,7.00,591.51,590.81,456.00,7.00,148.10,147.25,366.00,11.00,594.38,593.12,670.00,9.00,33.94,33.12,125.00,7.00,3,엄지 굽히기 (Thumb Flex)
312.00,561.00,156.00,583.00,28.00,51.36,19.65,215.22,169.28,57.82,89.13,41.66,11.00,24.96,57.69,71.82,207.29,15.99,96.93,77.69,174.00,41.98,32.10,52.77,19.24,17.96,48.14,68.43,188.00,42.05,94.99,136.19,175.17,89.40,207.84,168.09,313.00,30.18,17.10,42.33,9.06,36.67,46.56,20.40,8.00,327.77,326.69,442.00,8.00,593.30,592.75,447.00,7.00,147.70,146.88,360.00,11.00,595.05,593.81,703.00,10.00,33.94,33.12,133.00,8.00,3,엄지 굽히기 (Thumb Flex)
320.00,583.00,174.00,661.00,26.00,51.36,19.65,215.22,169.28,57.82,89.13,41.66,11.00,30.93,64.28,79.60,207.00,20.72,88.69,87.96,163.00,69.74,55.15,22.87,46.24,50.12,24.05,101.77,154.00,121.36,104.21,47.21,242.69,76.93,183.59,255.68,224.00,34.52,21.89,37.36,9.85,41.65,46.59,15.55,13.00,327.77,326.69,442.00,7.00,592.61,592.06,469.00,7.00,149.94,149.00,362.00,10.00,600.79,599.38,737.00,10.00,33.68,32.81,133.00,9.00,3,엄지 굽히기 (Thumb Flex)
369.00,572.00,168.00,551.00,18.00,89.48,44.42,174.26,205.29,97.19,84.23,71.20,30.00,51.66,86.24,99.92,185.00,36.48,91.83,73.13,185.00,81.72,66.91,12.69,43.29,49.16,22.06,91.78,166.00,57.60,134.88,94.88,214.09,141.89,142.35,319.09,159.00,49.48,35.64,32.77,24.33,37.04,36.74,30.51,2.00,330.49,329.25,483.00,7.00,591.26,590.69,469.00,6.00,150.75,149.75,363.00,10.00,596.83,595.31,803.00,10.00,32.96,31.88,132.00,8.00,3,엄지 굽히기 (Thumb Flex)
344.00,627.00,120.00,583.00,45.00,113.36,56.88,167.68,216.78,85.74,67.00,47.58,6.00,9.89,61.03,107.39,190.16,76.32,79.61,75.82,229.00,53.48,55.51,28.81,74.17,78.99,24.10,79.92,197.00,66.53,123.90,96.35,203.69,146.19,131.76,328.28,148.00,30.39,32.17,17.37,34.66,56.26,16.82,50.26,23.00,331.99,330.75,484.00,6.00,594.07,593.44,513.00,7.00,148.99,147.81,394.00,11.00,597.49,596.00,802.00,9.00,34.31,33.19,157.00,9.00,3,엄지 굽히기 (Thumb Flex)
281.00,551.00,168.00,661.00,39.00,64.48,86.82,121.13,272.53,138.12,7.73,18.15,57.00,26.65,55.27,86.39,210.65,81.15,66.04,91.44,250.00,53.48,55.51,28.81,74.17,78.99,24.10,79.92,197.00,108.62,89.44,151.63,192.37,188.58,182.89,299.94,204.00,25.15,43.35,4.52,44.65,48.63,29.48,40.77,10.00,328.26,326.81,539.00,7.00,592.82,592.12,556.00,7.00,148.99,147.81,419.00,11.00,601.19,599.50,880.00,10.00,35.07,34.00,156.00,9.00,3,엄지 굽히기 (Thumb Flex)
336.00,616.00,120.00,540.00,33.00,64.48,86.82,121.13,272.53,138.12,7.73,18.15,57.00,19.93,64.16,91.35,208.63,73.51,55.30,102.11,261.00,53.06,80.37,10.43,49.25,68.81,18.78,95.69,222.00,86.47,90.71,131.98,127.57,245.84,218.29,303.13,269.00,25.15,43.35,4.52,44.65,48.63,29.48,40.77,10.00,328.26,326.81,578.00,8.00,593.53,592.81,621.00,8.00,147.60,146.25,461.00,11.00,597.31,595.44,990.00,11.00,35.07,34.00,156.00,9.00,3,엄지 굽히기 (Thumb Flex)
304.00,583.00,135.00,583.00,45.00,86.46,123.68,125.04,229.72,130.30,41.34,65.51,105.00,30.56,42.87,106.21,186.94,53.10,38.27,123.87,283.00,63.63,93.20,6.18,53.31,84.70,28.53,81.11,206.00,103.47,83.64,162.07,128.72,249.14,223.32,287.28,236.00,28.96,46.29,10.23,39.82,54.45,29.07,41.62,4.00,325.25,323.81,570.00,8.00,592.15,591.44,643.00,9.00,146.63,145.25,440.00,10.00,595.23,593.38,989.00,10.00,35.52,34.38,168.00,10.00,3,엄지 굽히기 (Thumb Flex)
288.00,530.00,204.00,583.00,14.00,108.71,131.16,148.90,218.91,152.62,27.63,45.55,81.00,103.47,76.70,187.87,191.48,98.24,91.80,65.65,197.00,36.88,115.51,88.99,45.18,149.49,117.38,9.96,117.00,93.93,91.93,154.60,117.89,259.87,232.72,279.16,225.00,11.60,57.10,21.01,31.00,63.39,21.85,59.54,21.00,323.87,322.31,562.00,8.00,586.93,586.06,610.00,8.00,152.56,150.81,450.00,10.00,595.90,594.06,956.00,9.00,34.33,32.81,191.00,8.00,3,엄지 굽히기 (Thumb Flex)
369.00,627.00,125.00,551.00,28.00,28.13,177.90,131.75,148.60,215.66,97.38,73.41,0.00,65.18,30.48,197.62,101.87,125.31,155.08,120.58,100.00,44.00,67.20,80.20,48.83,151.29,155.17,54.91,68.00,147.51,38.69,139.43,120.60,294.13,285.34,229.42,171.00,10.41,60.08,23.27,28.00,65.18,23.55,56.62,18.00,328.96,327.38,595.00,8.00,592.88,592.12,610.00,8.00,149.53,147.75,480.00,10.00,592.62,590.69,955.00,8.00,34.17,32.62,205.00,8.00,3,엄지 굽히기 (Thumb Flex)
328.00,616.00,151.00,638.00,39.00,35.05,169.91,124.15,153.53,214.56,104.34,81.26,8.00,59.39,19.52,186.63,96.61,120.53,157.61,131.42,89.00,22.78,90.23,55.63,31.30,130.54,162.42,78.29,42.00,86.46,91.73,203.56,184.97,274.09,326.26,163.54,105.00,16.61,54.00,26.63,29.12,72.93,31.50,48.74,10.00,328.46,326.88,620.00,8.00,592.15,591.44,599.00,8.00,151.02,149.38,463.00,10.00,596.81,594.81,942.00,8.00,34.68,33.12,211.00,10.00,3,엄지 굽히기 (Thumb Flex)
312.00,551.00,162.00,583.00,26.00,68.27,145.52,102.18,125.10,253.31,100.49,43.02,32.00,39.23,44.42,170.91,53.41,174.53,190.29,79.72,143.00,28.19,88.21,60.07,26.08,125.23,160.04,82.72,36.00,157.67,98.99,170.89,190.42,187.62,335.20,83.95,16.00,6.79,55.22,16.89,38.83,75.15,39.73,40.76,0.00,325.92,324.38,628.00,9.00,588.85,588.06,653.00,9.00,150.61,149.00,436.00,9.00,590.94,589.25,805.00,8.00,34.12,32.50,216.00,8.00,3,엄지 굽히기 (Thumb Flex)
344.00,616.00,145.00,627.00,36.00,68.27,145.52,102.18,125.10,253.31,100.49,43.02,32.00,48.14,26.19,152.46,38.59,183.87,212.28,65.76,165.00,13.19,82.45,66.23,36.40,127.65,146.30,90.41,21.00,124.59,55.37,87.11,66.04,148.35,286.95,128.45,131.00,14.78,59.93,19.42,38.00,69.12,42.48,37.88,8.00,325.92,324.38,604.00,9.00,590.26,589.44,685.00,9.00,151.46,149.94,438.00,10.00,599.48,598.44,735.00,9.00,34.58,33.00,200.00,8.00,3,엄지 굽히기 (Thumb Flex)
344.00,594.00,168.00,627.00,28.00,70.11,102.09,53.54,99.69,286.84,45.13,82.12,24.00,78.32,42.42,125.81,20.00,206.33,189.99,78.44,132.00,11.78,62.87,89.07,29.02,105.06,168.08,88.33,44.00,148.74,73.94,58.01,95.63,116.18,313.19,96.44,98.00,14.07,34.16,40.82,12.00,46.66,41.63,48.48,34.00,329.30,327.88,589.00,9.00,592.28,591.50,674.00,8.00,152.94,151.38,451.00,9.00,601.58,600.50,724.00,8.00,32.60,31.38,190.00,9.00,3,엄지 굽히기 (Thumb Flex)
328.00,605.00,110.00,540.00,36.00,116.96,47.28,88.78,47.89,235.47,87.72,64.57,31.00,89.29,53.35,129.62,31.00,196.32,189.14,76.95,143.00,13.23,87.68,85.31,54.01,93.20,181.01,101.36,69.00,88.07,97.88,118.13,93.92,92.82,377.45,32.59,33.00,14.07,34.16,40.82,12.00,46.66,41.63,48.48,34.00,332.42,331.31,534.00,9.00,592.97,592.19,652.00,8.00,151.68,149.81,493.00,11.00,597.70,596.44,800.00,9.00,32.60,31.38,184.00,9.00,3,엄지 굽히기 (Thumb Flex)
296.00,572.00,156.00,616.00,42.00,68.98,90.08,55.06,48.88,240.92,112.96,95.94,79.00,46.66,46.21,74.62,63.13,206.32,152.96,108.00,198.00,8.91,84.62,80.73,54.15,96.84,180.18,105.72,74.00,88.07,97.88,118.13,93.92,92.82,377.45,32.59,33.00,8.05,42.52,51.95,8.00,26.96,61.09,28.66,14.00,329.52,328.31,532.00,9.00,589.49,588.75,674.00,9.00,152.00,150.12,528.00,11.00,597.70,596.44,876.00,10.00,33.80,32.62,173.00,8.00,3,엄지 굽히기 (Thumb Flex)
296.00,572.00,120.00,540.00,33.00,29.91,146.10,124.10,47.17,160.90,142.10,26.59,3.00,58.21,89.11,70.67,93.01,162.48,196.30,68.31,154.00,25.65,84.02,96.28,34.23,115.24,164.45,125.63,94.00,27.48,163.08,64.33,100.18,157.79,374.63,68.11,43.00,2.48,43.69,46.41,10.00,23.97,66.15,22.84,8.00,324.23,323.19,466.00,8.00,586.71,586.00,619.00,8.00,150.93,148.88,548.00,11.00,593.09,591.69,919.00,10.00,33.40,32.25,171.00,7.00,3,엄지 굽히기 (Thumb Flex)
312.00,616.00,145.00,638.00,42.00,29.91,146.10,124.10,47.17,160.90,142.10,26.59,3.00,29.08,54.93,18.97,133.14,144.94,242.84,17.14,99.00,34.81,77.42,94.51,37.16,115.49,175.42,115.19,83.00,59.10,151.48,119.31,151.17,166.53,340.83,123.07,98.00,16.38,32.32,48.18,8.49,35.14,70.82,14.70,6.00,324.23,323.19,474.00,8.00,590.15,589.44,641.00,9.00,150.24,148.19,555.00,11.00,596.62,595.12,939.00,10.00,34.31,33.12,178.00,11.00,3,엄지 굽히기 (Thumb Flex)
328.00,638.00,125.00,605.00,42.00,22.05,150.68,127.66,54.12,157.11,135.83,34.18,5.00,55.73,93.57,39.26,170.29,101.84,233.32,71.19,154.00,75.96,30.93,49.52,84.34,70.74,148.30,155.27,132.00,48.79,120.59,111.71,144.35,129.72,285.98,176.52,154.00,31.89,16.35,36.94,22.80,24.58,77.77,20.35,10.00,324.73,323.69,441.00,8.00,593.69,592.88,652.00,9.00,147.16,145.12,569.00,11.00,592.89,591.62,862.00,9.00,35.28,34.12,170.00,11.00,3,엄지 굽히기 (Thumb Flex)
312.00,572.00,135.00,551.00,31.00,78.82,94.76,71.13,95.02,100.38,142.14,91.05,62.00,55.73,93.57,39.26,170.29,101.84,233.32,71.19,154.00,102.51,8.84,29.23,84.93,99.27,141.07,137.44,99.00,48.79,120.59,111.71,144.35,129.72,285.98,176.52,154.00,43.42,12.81,24.52,23.09,19.25,65.22,19.68,3.00,320.98,320.12,432.00,9.00,593.69,592.88,663.00,9.00,145.02,143.06,531.00,10.00,592.89,591.62,884.00,10.00,35.84,34.94,154.00,11.00,3,엄지 굽히기 (Thumb Flex)
312.00,572.00,162.00,627.00,28.00,108.63,69.26,71.35,114.56,113.21,114.56,63.46,30.00,67.75,79.89,82.76,215.23,117.59,178.45,45.61,99.00,84.23,34.10,26.04,126.29,106.11,111.50,140.47,57.00,19.29,162.02,90.96,153.79,145.84,298.77,158.71,110.00,33.83,9.51,30.16,39.62,5.25,50.93,33.08,20.00,318.92,318.12,369.00,8.00,590.21,589.44,587.00,8.00,147.55,145.69,510.00,10.00,595.69,594.38,882.00,10.00,34.74,33.88,151.00,11.00,3,엄지 굽히기 (Thumb Flex)
344.00,605.00,151.00,627.00,36.00,73.24,94.01,13.56,165.60,91.44,53.93,62.86,33.00,34.45,52.55,57.52,247.23,95.00,141.87,83.16,45.00,83.28,26.88,35.83,125.00,94.47,94.67,150.92,40.00,45.62,149.04,67.98,122.54,127.90,286.61,165.58,76.00,33.93,9.81,28.70,40.26,8.24,51.40,30.09,17.00,322.76,322.06,346.00,8.00,593.51,592.81,555.00,8.00,146.40,144.62,473.00,9.00,593.39,592.25,761.00,9.00,34.54,33.69,153.00,11.00,3,엄지 굽히기 (Thumb Flex)
352.00,649.00,140.00,638.00,31.00,76.85,94.68,3.70,173.90,106.61,61.69,51.22,17.00,33.73,33.36,87.99,272.80,127.47,140.00,50.67,78.00,92.02,22.33,19.55,105.00,75.58,79.41,168.99,20.00,52.38,133.74,165.35,118.47,30.50,204.42,240.59,22.00,34.88,8.96,26.70,38.33,7.59,52.55,32.01,19.00,323.82,323.06,322.00,7.00,595.70,594.88,566.00,9.00,147.50,145.88,469.00,10.00,599.44,598.38,729.00,9.00,34.42,33.56,146.00,11.00,3,엄지 굽히기 (Thumb Flex)
328.00,583.00,135.00,561.00,31.00,94.45,82.22,27.42,154.46,93.16,69.70,73.46,41.00,33.73,33.36,87.99,272.80,127.47,140.00,50.67,78.00,92.02,22.33,19.55,105.00,75.58,79.41,168.99,20.00,33.15,147.00,159.80,139.14,34.52,182.52,262.32,44.00,46.76,7.08,26.05,37.22,8.85,38.78,22.73,5.00,325.28,324.56,330.00,7.00,595.70,594.88,579.00,10.00,147.50,145.88,405.00,9.00,598.12,597.00,806.00,10.00,33.44,32.69,115.00,8.00,3,엄지 굽히기 (Thumb Flex)
296.00,551.00,145.00,583.00,39.00,102.20,74.78,31.01,149.62,88.30,62.05,65.48,33.00,34.08,14.10,80.67,256.33,116.32,119.04,34.71,99.00,37.18,81.01,39.57,46.01,31.81,56.49,115.91,79.00,33.15,147.00,159.80,139.14,34.52,182.52,262.32,44.00,21.93,24.55,4.44,12.65,25.55,22.39,31.72,20.00,325.73,325.06,281.00,7.00,596.89,596.19,514.00,9.00,143.07,142.19,336.00,9.00,598.12,597.00,796.00,10.00,34.66,34.25,109.00,11.00,3,엄지 굽히기 (Thumb Flex)
312.00,594.00,145.00,594.00,31.00,46.62,129.36,78.68,108.81,35.07,28.34,30.04,24.00,48.89,37.65,113.38,236.58,83.52,96.55,40.44,132.00,56.89,67.46,36.00,50.57,11.91,45.65,105.46,99.00,57.71,117.70,126.56,180.45,47.36,183.26,229.17,1.00,19.01,27.23,1.68,13.89,25.61,21.28,28.98,17.00,321.99,321.50,256.00,7.00,594.78,594.12,546.00,9.00,144.25,143.44,310.00,8.00,600.69,599.69,720.00,9.00,34.82,34.44,106.00,11.00,3,엄지 굽히기 (Thumb Flex)
328.00,605.00,135.00,583.00,33.00,46.62,129.36,78.68,108.81,35.07,28.34,30.04,24.00,59.26,43.19,119.08,227.50,87.04,95.48,31.75,121.00,41.59,67.04,21.26,65.46,13.99,31.42,105.42,115.00,54.00,121.59,116.93,175.35,100.33,156.22,212.21,54.00,24.07,25.86,7.51,9.22,31.36,16.17,22.99,11.00,321.99,321.50,256.00,7.00,594.07,593.44,492.00,7.00,143.25,142.44,309.00,9.00,597.19,596.25,676.00,8.00,34.43,34.06,95.00,10.00,3,엄지 굽히기 (Thumb Flex)
344.00,605.00,151.00,616.00,39.00,67.09,139.88,97.04,93.64,7.17,4.12,24.94,8.00,7.10,73.82,155.85,201.31,61.67,66.73,26.93,67.00,34.30,60.62,14.17,69.77,5.48,42.25,100.96,104.00,36.51,140.06,147.39,142.43,111.91,126.78,221.16,87.00,18.83,20.53,13.06,8.49,40.57,3.79,11.53,2.00,324.02,323.50,240.00,6.00,597.35,596.81,427.00,8.00,142.50,141.75,308.00,10.00,599.25,598.31,665.00,8.00,35.19,34.88,91.00,10.00,3,엄지 굽히기 (Thumb Flex)
320.00,605.00,135.00,605.00,48.00,59.37,117.53,75.07,116.48,16.84,27.92,36.17,32.00,15.23,63.00,146.25,211.51,51.13,57.58,35.29,56.00,33.60,50.94,22.21,61.06,7.19,37.21,108.10,114.00,52.18,118.16,133.52,142.43,99.60,105.68,236.55,109.00,24.95,13.04,23.97,8.49,45.28,13.04,20.03,10.00,322.48,322.00,264.00,7.00,596.64,596.12,405.00,7.00,141.89,141.12,301.00,11.00,597.84,596.94,676.00,8.00,36.07,35.62,92.00,9.00,3,엄지 굽히기 (Thumb Flex)
304.00,594.00,135.00,572.00,28.00,79.42,81.68,87.89,112.29,37.33,29.66,41.54,8.00,15.23,63.00,146.25,211.51,51.13,57.58,35.29,56.00,56.78,27.27,52.08,52.01,34.93,39.83,77.92,81.00,106.52,82.87,169.21,87.69,154.38,139.55,186.32,54.00,24.95,13.04,23.97,8.49,45.28,13.04,20.03,10.00,319.96,319.50,264.00,7.00,596.64,596.12,405.00,7.00,139.67,139.06,243.00,10.00,594.38,593.50,622.00,10.00,36.07,35.62,104.00,9.00,3,엄지 굽히기 (Thumb Flex)
328.00,605.00,130.00,583.00,33.00,79.42,81.68,87.89,112.29,37.33,29.66,41.54,8.00,15.23,63.00,146.25,211.51,51.13,57.58,35.29,56.00,37.19,27.78,53.56,32.02,49.05,39.47,58.06,61.00,66.34,80.36,131.70,102.40,172.82,147.85,143.52,11.00,21.95,15.89,26.67,10.82,44.61,14.20,19.52,7.00,319.96,319.50,256.00,7.00,596.64,596.12,383.00,7.00,140.74,140.31,202.00,9.00,596.91,596.19,557.00,7.00,35.89,35.44,103.00,9.00,3,엄지 굽히기 (Thumb Flex)
320.00,583.00,156.00,638.00,42.00,55.43,71.90,85.60,116.48,50.86,21.51,18.03,16.00,19.24,54.19,139.86,207.76,62.11,60.18,34.75,45.00,37.19,27.78,53.56,32.02,49.05,39.47,58.06,61.00,54.58,70.83,137.63,84.50,186.45,158.59,164.75,33.00,21.95,15.89,26.67,10.82,44.61,14.20,19.52,7.00,321.40,321.00,264.00,8.00,597.31,596.81,405.00,8.00,140.74,140.31,192.00,9.00,598.36,597.56,536.00,7.00,35.89,35.44,103.00,9.00,3,엄지 굽히기 (Thumb Flex)
328.00,605.00,145.00,605.00,28.00,27.82,46.75,116.18,86.16,25.22,19.36,50.00,16.00,50.62,21.49,160.59,176.78,60.06,33.86,54.21,78.00,20.21,10.73,69.50,57.01,24.66,16.28,41.00,36.00,84.52,32.35,202.59,65.92,126.50,96.07,119.09,32.00,18.63,15.25,25.34,7.21,48.83,18.75,23.02,2.00,323.33,323.00,256.00,9.00,599.34,598.88,383.00,8.00,142.20,141.88,178.00,8.00,602.23,601.62,471.00,6.00,35.63,35.12,108.00,9.00,3,엄지 굽히기 (Thumb Flex)
336.00,572.00,162.00,605.00,33.00,28.70,22.87,132.06,80.40,23.72,29.75,29.78,8.00,11.63,58.49,120.60,165.47,103.65,11.09,97.33,122.00,26.92,11.46,65.84,59.20,37.96,33.15,46.73,53.00,54.03,59.59,191.48,33.84,133.68,67.43,116.86,65.00,18.69,11.23,16.66,15.52,50.91,17.20,14.75,11.00,324.83,324.50,248.00,8.00,596.60,596.12,394.00,9.00,143.34,142.94,175.00,7.00,600.10,599.56,438.00,6.00,35.03,34.56,113.00,9.00,3,엄지 굽히기 (Thumb Flex)
320.00,649.00,105.00,583.00,45.00,23.20,29.67,135.27,72.44,19.40,37.73,27.51,16.00,16.84,54.39,119.91,176.38,109.32,18.55,108.03,133.00,12.56,21.88,85.15,78.64,40.65,48.49,53.13,73.00,32.23,80.52,209.34,45.97,111.71,74.08,108.77,43.00,17.06,13.73,18.79,15.03,53.90,19.59,11.78,14.00,324.33,324.00,248.00,8.00,597.35,596.81,405.00,9.00,142.34,141.69,222.00,8.00,598.74,598.19,406.00,6.00,35.26,34.75,114.00,9.00,3,엄지 굽히기 (Thumb Flex)
320.00,627.00,120.00,583.00,42.00,30.34,28.30,127.27,73.76,11.40,43.44,30.44,24.00,63.77,93.95,71.64,178.08,147.30,54.28,70.48,78.00,11.45,36.63,94.70,83.01,52.40,47.31,53.47,58.00,63.84,70.43,183.54,33.00,101.84,70.43,92.17,11.00,10.93,24.52,18.42,26.02,49.98,8.99,22.61,3.00,324.82,324.50,248.00,8.00,600.79,600.25,427.00,9.00,141.49,140.75,210.00,7.00,600.63,600.19,330.00,5.00,35.97,35.44,114.00,9.00,3,엄지 굽히기 (Thumb Flex)
296.00,594.00,156.00,672.00,48.00,14.35,20.95,133.50,89.44,15.93,47.42,44.06,40.00,82.51,115.39,53.63,156.52,128.62,35.69,75.94,100.00,14.05,40.52,92.38,77.47,47.58,42.92,50.56,64.00,105.53,104.62,201.09,78.00,68.04,104.62,128.23,56.00,16.46,39.84,12.55,33.42,36.25,24.79,11.20,23.00,323.88,323.50,240.00,7.00,602.12,601.62,427.00,9.00,141.07,140.38,235.00,8.00,603.66,603.00,419.00,6.00,37.26,36.69,112.00,7.00,3,엄지 굽히기 (Thumb Flex)
336.00,616.00,135.00,561.00,26.00,7.47,15.21,128.35,91.21,9.39,50.84,36.08,32.00,89.99,121.78,58.12,154.57,126.81,38.10,76.71,89.00,23.85,43.22,76.39,72.57,45.80,58.92,63.45,48.00,68.80,43.14,135.72,102.18,17.45,169.54,193.84,122.00,13.61,38.41,20.61,41.68,26.47,30.44,17.82,33.00,323.36,323.00,272.00,8.00,602.82,602.31,405.00,10.00,140.05,139.38,245.00,9.00,599.59,598.88,519.00,7.00,36.74,36.06,129.00,8.00,3,엄지 굽히기 (Thumb Flex)
328.00,594.00,125.00,551.00,39.00,22.10,9.27,105.52,68.35,21.79,28.46,59.32,56.00,85.16,139.88,7.26,100.44,75.27,52.59,114.95,34.00,34.37,39.42,71.53,87.30,59.64,49.36,48.71,63.00,119.47,89.33,144.02,177.71,71.09,136.46,113.84,35.00,12.47,33.34,15.42,38.28,26.50,31.15,25.69,41.00,321.78,321.50,256.00,8.00,599.26,598.88,361.00,10.00,139.16,138.44,250.00,8.00,594.17,593.44,452.00,8.00,37.21,36.56,142.00,9.00,3,엄지 굽히기 (Thumb Flex)
281.00,583.00,120.00,561.00,45.00,69.05,52.30,113.51,68.01,51.98,74.74,33.00,9.00,85.16,139.88,7.26,100.44,75.27,52.59,114.95,34.00,44.16,29.69,84.15,91.08,50.80,48.56,63.52,48.00,119.47,89.33,144.02,177.71,71.09,136.46,113.84,35.00,16.60,19.77,26.41,51.66,13.30,40.44,12.56,27.00,318.98,318.56,271.00,6.00,599.26,598.88,340.00,10.00,138.30,137.50,245.00,7.00,594.17,593.44,440.00,8.00,38.10,37.44,140.00,8.00,3,엄지 굽히기 (Thumb Flex)
288.00,583.00,151.00,627.00,39.00,76.43,57.39,121.51,75.58,46.42,70.00,31.40,17.00,60.26,113.40,25.47,69.57,72.00,77.56,83.62,66.00,41.87,35.53,79.49,96.77,54.70,45.01,68.77,42.00,76.60,78.69,134.09,219.17,108.61,92.84,131.84,79.00,16.60,19.77,26.41,51.66,13.30,40.44,12.56,27.00,318.53,318.06,262.00,6.00,601.15,600.88,297.00,10.00,138.70,137.88,276.00,8.00,596.97,596.19,495.00,7.00,38.10,37.44,138.00,7.00,3,엄지 굽히기 (Thumb Flex)
320.00,583.00,145.00,561.00,26.00,70.90,58.27,118.59,78.39,50.55,71.99,28.68,25.00,70.37,115.17,22.34,73.79,62.63,88.26,75.03,77.00,41.87,35.53,79.49,96.77,54.70,45.01,68.77,42.00,104.38,59.42,105.60,231.26,134.72,68.88,141.75,112.00,17.52,21.87,28.32,56.52,12.76,37.38,14.72,32.00,319.02,318.56,278.00,6.00,600.48,600.19,286.00,9.00,138.70,137.88,272.00,7.00,594.97,594.12,550.00,8.00,37.86,37.12,149.00,8.00,3,엄지 굽히기 (Thumb Flex)
328.00,583.00,162.00,627.00,26.00,70.90,58.27,118.59,78.39,50.55,71.99,28.68,25.00,92.37,104.82,43.22,55.00,81.91,78.71,87.03,55.00,59.02,49.02,106.42,71.59,61.87,26.89,80.93,15.00,83.15,101.67,144.51,192.42,133.76,86.27,149.48,156.00,22.75,21.29,35.30,58.52,19.24,36.78,14.90,25.00,319.02,318.56,270.00,6.00,599.12,598.81,286.00,9.00,140.50,139.56,273.00,6.00,597.76,596.88,583.00,8.00,37.52,36.69,143.00,7.00,3,엄지 굽히기 (Thumb Flex)
369.00,616.00,145.00,551.00,26.00,76.60,82.99,141.58,72.25,60.14,96.13,15.41,50.00,82.39,115.08,37.90,62.23,82.20,84.17,90.83,44.00,53.32,49.39,103.93,74.30,58.24,29.64,82.51,9.00,99.79,58.64,159.42,168.47,84.64,150.97,158.86,221.00,35.54,16.23,41.36,46.52,14.71,46.82,12.43,38.00,320.76,320.12,287.00,7.00,599.82,599.50,319.00,10.00,140.10,139.19,274.00,5.00,593.78,592.81,648.00,9.00,36.81,35.88,134.00,7.00,3,엄지 굽히기 (Thumb Flex)
328.00,583.00,174.00,649.00,33.00,82.45,88.12,142.01,64.28,64.89,92.14,19.59,42.00,98.26,95.59,26.98,79.32,63.59,105.79,93.84,22.00,92.27,30.38,81.50,110.05,21.86,68.24,87.99,30.00,100.65,56.89,115.47,211.75,43.18,186.51,163.10,265.00,50.21,11.30,35.90,42.30,5.23,32.22,20.17,23.00,321.27,320.62,312.00,7.00,598.45,598.12,341.00,10.00,142.77,141.62,303.00,5.00,596.68,595.56,713.00,9.00,35.76,34.94,121.00,6.00,3,엄지 굽히기 (Thumb Flex)
336.00,583.00,145.00,551.00,22.00,113.24,92.14,114.49,74.43,35.48,88.12,16.57,74.00,103.93,93.45,16.36,85.91,73.29,97.04,95.98,33.00,101.45,24.38,71.51,113.72,21.94,60.87,88.82,20.00,89.84,68.39,123.93,216.12,49.70,192.35,161.08,286.00,55.36,9.82,30.05,48.26,10.69,35.52,14.47,29.00,323.25,322.62,296.00,6.00,597.78,597.44,330.00,9.00,143.38,142.25,327.00,5.00,595.44,594.25,800.00,10.00,35.50,34.56,127.00,6.00,3,엄지 굽히기 (Thumb Flex)
336.00,561.00,156.00,605.00,39.00,121.15,88.70,107.86,81.41,35.07,93.66,13.37,66.00,120.45,125.00,35.25,59.24,87.76,110.47,77.92,11.00,121.30,7.62,67.12,90.55,45.59,65.92,78.87,46.00,107.19,46.48,138.89,194.92,71.57,183.84,153.34,308.00,51.86,14.57,33.99,48.01,15.21,35.24,8.48,35.00,323.77,323.12,288.00,5.00,595.09,594.69,330.00,8.00,144.99,143.88,312.00,4.00,596.81,595.62,799.00,10.00,35.88,34.94,135.00,6.00,3,엄지 굽히기 (Thumb Flex)
296.00,583.00,162.00,627.00,24.00,101.33,111.34,105.19,95.02,17.16,117.66,30.15,42.00,120.45,125.00,35.25,59.24,87.76,110.47,77.92,11.00,124.54,7.51,72.74,87.66,42.07,68.44,82.58,40.00,96.44,55.46,128.90,192.11,75.56,173.96,146.62,319.00,57.93,5.52,44.14,30.02,21.33,26.53,10.80,53.00,322.34,321.62,320.00,5.00,595.09,594.69,330.00,7.00,145.40,144.25,307.00,4.00,596.08,594.94,788.00,10.00,34.83,33.81,136.00,6.00,3,엄지 굽히기 (Thumb Flex)
369.00,616.00,140.00,551.00,24.00,126.65,77.45,143.91,69.32,23.89,149.30,71.13,1.00,123.36,118.77,41.10,56.09,86.25,120.20,87.17,0.00,123.66,10.50,69.49,83.24,45.12,73.21,87.04,35.00,44.09,85.77,142.55,140.09,118.81,225.92,194.71,265.00,58.47,9.51,47.87,30.41,23.13,29.99,6.82,49.00,325.10,324.19,385.00,6.00,595.79,595.38,330.00,7.00,145.09,143.94,312.00,5.00,592.80,591.56,864.00,11.00,34.64,33.56,131.00,6.00,3,엄지 굽히기 (Thumb Flex)
328.00,594.00,140.00,605.00,45.00,123.70,78.27,139.04,62.27,28.21,151.01,78.64,7.00,138.62,125.44,62.51,34.79,67.34,99.58,65.47,22.00,130.55,32.48,82.26,75.19,25.05,54.83,65.10,57.00,44.09,85.77,142.55,140.09,118.81,225.92,194.71,265.00,62.23,8.62,48.91,18.68,35.04,41.61,6.87,37.00,324.58,323.69,410.00,5.00,597.14,596.75,275.00,7.00,143.65,142.56,255.00,4.00,592.80,591.56,896.00,11.00,35.47,34.31,140.00,6.00,3,엄지 굽히기 (Thumb Flex)
281.00,540.00,162.00,605.00,28.00,131.34,63.58,162.74,54.59,57.78,174.43,55.85,32.00,52.36,48.50,113.99,103.41,63.24,116.15,46.70,131.00,98.45,41.72,34.30,24.08,66.30,75.01,20.38,114.00,56.67,101.07,136.77,119.40,126.98,232.16,174.48,287.00,51.36,8.51,32.34,21.63,43.13,52.80,23.84,20.00,322.32,321.25,457.00,6.00,590.32,589.94,307.00,5.00,146.93,146.12,262.00,11.00,594.17,592.94,896.00,11.00,34.36,33.25,154.00,7.00,3,엄지 굽히기 (Thumb Flex)
344.00,605.00,145.00,594.00,26.00,116.55,83.71,140.53,31.05,77.33,198.41,61.46,56.00,39.52,33.58,132.61,98.62,46.33,94.37,24.95,109.00,83.08,66.45,51.75,17.46,52.01,50.03,29.92,89.00,61.67,112.05,146.09,123.88,116.01,222.32,182.16,276.00,39.27,22.27,25.67,12.17,52.69,54.22,10.53,36.00,323.86,322.75,496.00,7.00,588.88,588.56,339.00,6.00,148.33,147.69,243.00,11.00,594.86,593.62,818.00,10.00,33.36,32.25,150.00,9.00,3,엄지 굽히기 (Thumb Flex)
352.00,616.00,140.00,594.00,36.00,76.76,138.27,152.67,70.68,101.17,161.66,43.14,0.00,57.43,55.13,137.07,120.50,59.18,77.63,14.13,87.00,96.47,57.92,39.26,7.00,64.05,39.74,39.46,73.00,91.42,83.86,95.50,64.14,117.92,150.00,224.47,198.00,28.92,29.78,36.43,2.00,41.76,44.42,17.80,24.00,327.34,326.25,464.00,6.00,590.29,589.94,328.00,6.00,147.33,146.69,227.00,10.00,589.65,588.75,707.00,9.00,32.40,31.50,138.00,9.00,3,엄지 굽히기 (Thumb Flex)
320.00,572.00,151.00,561.00,24.00,90.27,129.78,136.67,65.51,116.47,165.49,43.90,16.00,14.43,32.38,93.45,132.00,101.25,89.54,52.18,43.00,80.66,54.76,36.14,9.00,78.17,46.12,48.27,57.00,91.42,83.86,95.50,64.14,117.92,150.00,224.47,198.00,26.97,29.97,37.85,4.00,41.63,46.41,16.81,26.00,326.34,325.25,488.00,7.00,587.52,587.19,350.00,7.00,148.30,147.69,228.00,11.00,589.65,588.75,730.00,10.00,32.31,31.38,137.00,9.00,3,엄지 굽히기 (Thumb Flex)
328.00,530.00,186.00,627.00,33.00,90.27,129.78,136.67,65.51,116.47,165.49,43.90,16.00,49.58,89.54,80.89,192.04,110.39,32.38,14.71,107.00,25.23,41.62,31.39,61.66,101.38,18.54,64.10,118.00,16.12,8.57,36.26,69.81,111.05,133.82,241.11,274.00,21.05,26.72,36.12,7.21,47.31,42.83,18.27,20.00,326.34,325.25,449.00,7.00,583.68,583.19,381.00,6.00,152.24,151.50,258.00,9.00,594.37,593.50,786.00,11.00,31.88,31.00,140.00,10.00,3,엄지 굽히기 (Thumb Flex)
328.00,605.00,140.00,561.00,18.00,46.65,91.62,108.19,72.01,159.15,121.18,79.41,31.00,30.60,71.32,59.53,199.46,132.37,10.39,36.58,129.00,25.74,40.88,35.75,61.98,82.47,23.77,46.32,98.00,16.12,8.57,36.26,69.81,111.05,133.82,241.11,274.00,14.75,8.17,10.71,23.77,36.33,45.86,32.37,47.00,329.07,328.19,442.00,8.00,585.07,584.56,456.00,7.00,153.31,152.75,273.00,10.00,594.37,593.50,786.00,11.00,30.17,29.31,149.00,11.00,3,엄지 굽히기 (Thumb Flex)
369.00,605.00,125.00,583.00,48.00,65.06,10.83,28.61,148.71,118.99,169.21,7.93,50.00,28.08,72.30,48.87,219.92,126.47,30.57,17.20,107.00,18.99,59.21,55.78,87.69,85.92,49.74,21.19,72.00,53.15,41.15,17.95,102.93,96.42,177.76,201.47,230.00,8.05,15.19,19.03,27.46,44.48,43.42,41.21,56.00,334.09,333.25,451.00,9.00,586.47,585.94,456.00,7.00,151.84,151.12,282.00,10.00,591.57,590.75,742.00,10.00,30.97,29.88,166.00,11.00,3,엄지 굽히기 (Thumb Flex)
273.00,561.00,151.00,616.00,36.00,21.79,53.66,55.66,165.60,159.30,178.30,46.54,97.00,22.51,55.35,35.25,228.55,145.36,46.16,21.46,85.00,19.94,53.31,51.15,87.14,91.89,54.28,15.19,66.00,35.50,46.69,37.86,87.00,146.67,221.45,146.85,175.00,6.13,24.87,22.40,36.25,38.06,51.94,31.56,46.00,331.47,330.31,539.00,10.00,585.13,584.56,500.00,8.00,152.20,151.50,291.00,9.00,594.98,594.19,709.00,10.00,31.59,30.50,178.00,11.00,3,엄지 굽히기 (Thumb Flex)
304.00,572.00,140.00,572.00,33.00,7.62,70.29,57.30,186.98,142.14,190.16,29.18,73.00,23.14,44.35,24.26,238.52,136.99,45.39,12.27,96.00,17.74,68.17,48.66,65.19,104.13,60.77,9.96,44.00,39.37,8.47,49.28,32.00,187.78,239.17,94.62,120.00,10.35,29.34,19.24,33.96,34.73,45.27,37.21,53.00,330.04,328.81,529.00,9.00,584.45,583.88,478.00,7.00,150.83,150.12,285.00,10.00,591.50,590.75,677.00,10.00,32.00,30.94,181.00,11.00,3,엄지 굽히기 (Thumb Flex)
328.00,583.00,145.00,583.00,31.00,42.13,85.25,35.92,173.44,130.14,150.33,54.03,114.00,38.49,30.41,34.20,226.81,129.83,30.41,44.55,63.00,17.74,68.17,48.66,65.19,104.13,60.77,9.96,44.00,37.59,28.06,24.55,45.25,183.14,230.28,75.66,88.00,13.70,29.78,14.26,29.12,39.73,47.68,34.62,48.00,327.32,326.25,512.00,8.00,582.33,581.81,456.00,8.00,150.83,150.12,261.00,9.00,593.42,592.75,590.00,9.00,32.27,31.25,176.00,10.00,3,엄지 굽히기 (Thumb Flex)
328.00,605.00,145.00,605.00,31.00,42.13,85.25,35.92,173.44,130.14,150.33,54.03,114.00,33.17,21.00,17.10,247.95,108.99,21.00,65.95,41.00,30.09,54.15,31.71,94.13,75.35,37.49,38.88,15.00,32.33,24.46,35.27,82.46,142.29,194.69,84.43,44.00,12.89,30.98,15.32,28.64,40.52,47.25,34.49,46.00,327.32,326.25,504.00,8.00,583.73,583.19,478.00,7.00,148.90,148.31,232.00,8.00,590.50,590.00,514.00,9.00,32.15,31.12,165.00,9.00,3,엄지 굽히기 (Thumb Flex)
344.00,605.00,135.00,561.00,28.00,38.16,91.92,41.42,171.82,135.04,152.67,52.84,106.00,47.29,16.48,34.90,243.02,125.00,39.73,49.11,63.00,36.47,45.65,39.98,95.19,78.40,47.47,30.09,25.00,31.98,14.68,38.51,79.12,135.10,184.74,92.23,34.00,13.97,25.03,19.20,34.53,36.67,42.40,37.03,40.00,327.84,326.75,520.00,8.00,585.13,584.56,456.00,7.00,148.31,147.69,231.00,7.00,591.09,590.62,504.00,9.00,32.44,31.50,151.00,8.00,3,엄지 굽히기 (Thumb Flex)
304.00,583.00,140.00,627.00,54.00,50.72,61.14,60.36,203.38,123.13,141.26,69.80,74.00,68.68,22.72,52.95,221.42,133.18,21.30,60.23,41.00,45.28,30.03,53.56,79.43,90.63,37.26,41.37,9.00,46.88,19.54,60.48,100.44,128.12,199.43,71.11,56.00,20.57,15.75,33.40,35.17,51.36,57.32,26.89,55.00,325.88,324.75,520.00,8.00,586.47,585.94,456.00,8.00,147.31,146.69,230.00,7.00,592.52,592.00,548.00,10.00,33.76,32.44,162.00,8.00,3,엄지 굽히기 (Thumb Flex)
288.00,605.00,115.00,540.00,28.00,53.82,58.16,67.57,202.31,131.06,148.24,62.54,82.00,90.35,32.11,55.61,226.81,111.23,30.11,57.61,63.00,75.55,41.44,68.37,84.31,55.68,52.30,43.89,56.00,43.02,67.53,87.14,117.60,44.08,216.57,16.77,143.00,22.53,17.87,34.22,31.32,50.64,54.83,30.22,51.00,325.43,324.25,463.00,7.00,587.86,587.31,445.00,8.00,144.52,143.75,233.00,8.00,587.14,586.56,559.00,10.00,33.95,32.69,188.00,9.00,3,엄지 굽히기 (Thumb Flex)
320.00,561.00,180.00,594.00,20.00,75.48,91.35,82.27,153.73,115.16,102.20,111.48,33.00,51.73,63.69,103.64,174.93,107.80,62.70,95.76,118.00,63.24,4.45,94.41,49.68,84.72,66.57,80.74,96.00,27.81,47.09,52.50,85.15,30.99,204.36,59.71,186.00,22.09,13.92,37.47,32.70,54.11,55.54,34.18,47.00,322.17,321.19,454.00,7.00,584.41,583.88,467.00,9.00,147.27,146.25,298.00,7.00,589.76,589.25,559.00,10.00,33.79,32.44,175.00,8.00,3,엄지 굽히기 (Thumb Flex)
344.00,551.00,198.00,661.00,22.00,71.00,75.67,91.90,152.16,129.24,97.69,126.61,17.00,65.43,105.84,136.66,195.26,66.21,65.32,53.95,75.00,100.12,60.30,148.11,97.69,49.31,93.30,23.84,38.00,77.25,92.74,92.07,132.91,25.14,252.64,24.42,130.00,37.22,14.21,58.03,14.76,38.99,38.29,13.26,70.00,323.21,322.19,431.00,7.00,581.77,581.19,423.00,6.00,151.37,149.88,294.00,6.00,593.50,592.75,626.00,10.00,32.33,31.00,160.00,7.00,3,엄지 굽히기 (Thumb Flex)
387.00,616.00,125.00,561.00,33.00,139.65,91.36,195.31,46.53,84.96,97.30,82.43,123.00,37.58,86.46,168.72,138.84,59.25,138.72,22.59,1.00,64.74,40.65,149.49,90.01,82.07,130.30,25.52,1.00,33.96,54.22,62.57,121.50,57.07,294.81,58.94,86.00,32.32,9.33,58.11,19.31,42.26,33.33,11.87,75.00,329.99,328.81,411.00,6.00,586.47,585.94,423.00,8.00,149.16,147.56,350.00,6.00,590.79,590.00,715.00,11.00,32.62,31.31,169.00,8.00,3,엄지 굽히기 (Thumb Flex)
320.00,551.00,174.00,583.00,28.00,115.88,67.36,190.99,49.04,108.14,95.14,96.40,147.00,61.30,53.29,117.35,102.08,112.77,185.64,76.24,55.00,93.73,34.67,121.44,61.01,104.16,152.22,53.91,28.00,26.21,54.12,70.02,132.46,58.55,289.52,47.94,97.00,30.35,8.53,60.00,18.68,40.40,34.95,11.42,73.00,328.48,327.31,470.00,7.00,583.13,582.56,477.00,7.00,151.09,149.38,394.00,7.00,590.11,589.31,737.00,11.00,32.73,31.44,164.00,8.00,3,엄지 굽히기 (Thumb Flex)
312.00,572.00,151.00,583.00,31.00,77.60,48.88,226.70,18.03,90.80,125.86,62.87,107.00,104.43,24.91,124.72,69.20,108.40,175.71,41.47,11.00,103.92,29.97,114.86,61.81,107.06,151.11,43.34,17.00,25.79,62.97,80.23,133.82,47.73,286.46,58.21,86.00,34.66,7.64,56.85,23.54,40.66,36.13,9.87,68.00,325.94,324.81,446.00,6.00,580.33,579.81,454.00,6.00,151.75,150.06,406.00,6.00,589.42,588.62,704.00,10.00,32.41,31.12,155.00,7.00,0,휴식 (Relax)
336.00,605.00,145.00,594.00,31.00,89.93,41.29,215.30,33.54,103.98,141.58,48.08,91.00,72.82,54.89,91.77,47.41,140.33,198.09,46.46,22.00,99.65,35.34,111.71,55.90,113.04,155.14,38.98,11.00,28.94,31.38,85.62,166.46,40.01,258.37,85.76,53.00,30.73,13.11,53.66,25.94,47.43,33.50,9.13,61.00,326.94,325.81,462.00,6.00,582.41,581.88,445.00,7.00,151.38,149.69,377.00,7.00,591.44,590.69,649.00,10.00,32.77,31.56,146.00,6.00,0,휴식 (Relax)
328.00,594.00,156.00,627.00,42.00,89.93,41.29,215.30,33.54,103.98,141.58,48.08,91.00,50.33,115.14,85.67,31.11,115.79,134.11,39.29,42.00,92.86,64.28,82.09,68.01,103.16,125.16,57.14,41.00,28.94,31.38,85.62,166.46,40.01,258.37,85.76,53.00,31.03,21.87,44.66,34.18,42.75,41.64,13.54,70.00,326.94,325.81,470.00,6.00,586.26,585.88,381.00,8.00,149.25,147.81,342.00,7.00,591.44,590.69,616.00,9.00,33.41,32.12,142.00,6.00,0,휴식 (Relax)
312.00,594.00,135.00,572.00,28.00,88.91,56.67,199.30,49.37,108.73,145.25,63.41,107.00,45.04,109.77,74.76,24.60,125.35,126.86,44.48,53.00,94.55,67.19,81.21,72.11,99.05,128.90,54.97,36.00,30.29,37.24,90.73,155.56,47.33,252.46,89.81,42.00,37.40,28.76,42.15,32.06,36.94,32.63,5.30,60.00,325.96,324.81,445.00,7.00,585.56,585.19,381.00,8.00,148.96,147.50,348.00,8.00,592.10,591.38,649.00,10.00,33.84,32.75,126.00,6.00,0,휴식 (Relax)
336.00,605.00,140.00,605.00,39.00,106.67,79.04,189.76,55.95,75.74,117.36,42.00,74.00,45.04,109.77,74.76,24.60,125.35,126.86,44.48,53.00,84.88,70.77,68.77,81.39,86.67,130.80,56.75,21.00,35.87,59.18,79.56,154.00,58.80,248.24,91.55,64.00,29.23,29.17,34.70,41.05,28.03,31.41,5.66,51.00,323.73,322.75,373.00,7.00,585.56,585.19,348.00,7.00,149.79,148.44,327.00,7.00,593.48,592.75,649.00,10.00,33.11,32.19,125.00,7.00,0,휴식 (Relax)
304.00,572.00,145.00,583.00,28.00,80.33,81.18,165.18,84.43,69.09,86.83,51.13,43.00,55.38,100.07,68.62,22.00,128.92,118.57,47.71,42.00,90.07,65.39,74.02,77.08,88.38,127.51,60.55,15.00,44.22,40.91,112.55,121.00,90.69,222.54,113.33,97.00,21.29,36.12,28.01,41.44,30.87,26.33,6.74,59.00,325.45,324.69,374.00,8.00,586.22,585.88,370.00,8.00,149.42,148.06,321.00,6.00,591.39,590.69,627.00,10.00,32.62,31.69,133.00,8.00,0,휴식 (Relax)
344.00,605.00,145.00,594.00,33.00,42.86,117.54,130.72,104.35,35.61,113.82,27.76,83.00,88.31,68.81,36.18,55.00,95.93,151.55,33.18,75.00,85.11,70.18,74.65,73.59,93.36,122.63,65.08,10.00,27.61,35.81,106.47,122.98,97.15,200.59,134.26,119.00,21.29,36.12,28.01,41.44,30.87,26.33,6.74,59.00,327.93,327.19,390.00,8.00,588.29,587.94,392.00,9.00,149.72,148.38,316.00,6.00,592.74,592.06,627.00,11.00,32.62,31.69,136.00,9.00,0,휴식 (Relax)
320.00,594.00,156.00,616.00,33.00,50.83,110.33,129.27,110.60,28.19,114.85,24.91,91.00,98.37,65.43,36.36,56.09,100.93,144.23,39.08,64.00,74.56,76.07,85.39,65.95,89.02,132.12,54.08,21.00,17.40,28.32,135.37,90.71,122.43,223.66,101.51,86.00,22.91,35.27,26.02,41.77,32.79,28.03,4.74,57.00,327.43,326.69,414.00,9.00,588.98,588.62,381.00,8.00,150.41,149.06,327.00,7.00,594.83,594.12,627.00,10.00,32.74,31.81,136.00,9.00,0,휴식 (Relax)
328.00,583.00,135.00,561.00,33.00,50.83,110.33,129.27,110.60,28.19,114.85,24.91,91.00,84.29,57.05,15.70,77.78,89.20,147.75,59.42,42.00,82.45,78.27,80.21,58.73,96.62,135.19,44.86,31.00,44.20,61.89,106.93,110.00,161.20,229.79,67.43,42.00,24.07,36.05,25.06,39.81,32.62,27.61,6.62,59.00,327.43,326.69,406.00,10.00,587.59,587.25,392.00,9.00,149.82,148.44,338.00,8.00,592.12,591.38,638.00,10.00,32.87,31.94,133.00,9.00,0,휴식 (Relax)
320.00,583.00,145.00,583.00,28.00,70.91,122.94,116.69,92.66,51.40,91.25,13.72,115.00,82.68,40.27,13.22,83.77,111.16,129.51,37.53,64.00,77.65,69.66,74.28,66.40,105.48,131.26,38.82,41.00,22.20,42.04,95.76,128.28,162.02,219.09,64.29,20.00,24.07,36.05,25.06,39.81,32.62,27.61,6.62,59.00,325.91,325.19,374.00,10.00,586.20,585.88,370.00,8.00,150.41,149.06,343.00,8.00,593.45,592.75,594.00,9.00,32.87,31.94,112.00,9.00,0,휴식 (Relax)
328.00,583.00,162.00,627.00,33.00,58.42,99.26,102.63,111.25,67.63,72.37,25.52,139.00,82.68,40.27,13.22,83.77,111.16,129.51,37.53,64.00,79.58,48.40,52.83,55.97,109.17,151.64,47.51,19.00,22.20,42.04,95.76,128.28,162.02,219.09,64.29,20.00,33.97,19.02,8.35,19.70,22.07,7.88,18.80,38.00,327.36,326.69,366.00,11.00,586.20,585.88,348.00,7.00,151.78,150.44,335.00,9.00,593.45,592.75,551.00,9.00,31.08,30.62,91.00,8.00,0,휴식 (Relax)
336.00,605.00,140.00,583.00,31.00,76.10,65.67,55.52,92.40,93.63,87.78,39.14,91.00,82.68,40.27,13.22,83.77,111.16,129.51,37.53,64.00,96.27,43.20,55.55,33.29,84.42,129.31,48.17,44.00,31.31,74.16,90.56,94.05,131.40,181.67,99.94,23.00,31.21,18.92,6.44,21.10,24.69,4.91,21.79,35.00,330.21,329.69,342.00,9.00,586.20,585.88,326.00,7.00,153.09,152.00,292.00,9.00,595.99,595.44,541.00,10.00,31.26,30.81,85.00,8.00,0,휴식 (Relax)
328.00,594.00,140.00,605.00,39.00,83.27,68.06,55.07,84.53,86.36,89.59,31.28,99.00,52.62,54.07,45.50,55.00,82.65,138.21,42.95,97.00,60.18,29.32,15.77,35.61,71.97,124.45,79.69,84.00,42.24,84.78,101.18,86.68,126.55,184.33,88.97,12.00,12.23,15.27,12.63,11.05,15.91,22.15,9.67,54.00,330.70,330.19,326.00,9.00,588.22,587.94,327.00,7.00,150.45,149.50,274.00,9.00,596.68,596.12,496.00,10.00,32.36,32.00,91.00,10.00,0,휴식 (Relax)
304.00,583.00,145.00,583.00,26.00,43.35,35.66,23.16,86.40,97.32,125.96,10.86,139.00,21.50,61.40,67.08,44.01,81.60,109.47,24.81,65.00,12.44,45.81,46.14,33.30,33.61,92.91,27.40,31.00,39.62,80.38,82.87,56.09,48.62,161.15,28.56,66.00,8.52,14.34,14.84,7.07,12.30,20.16,9.16,50.00,328.24,327.69,307.00,11.00,590.15,589.94,273.00,7.00,146.63,146.19,206.00,8.00,591.58,591.25,418.00,10.00,32.54,32.25,93.00,10.00,0,휴식 (Relax)
336.00,594.00,145.00,594.00,33.00,16.24,16.18,28.10,40.00,46.75,82.33,40.32,88.00,43.49,70.89,75.47,22.02,63.98,88.46,23.56,43.00,30.80,46.19,36.98,48.88,13.64,74.54,7.84,11.00,7.14,50.55,50.76,88.68,49.22,137.78,47.01,99.00,8.52,14.34,14.84,7.07,12.30,20.16,9.16,50.00,324.71,324.50,272.00,11.00,588.74,588.56,219.00,7.00,147.77,147.44,157.00,7.00,593.59,593.31,407.00,11.00,32.54,32.25,95.00,10.00,0,휴식 (Relax)
320.00,594.00,156.00,627.00,33.00,16.24,16.18,28.10,40.00,46.75,82.33,40.32,88.00,17.37,29.87,33.40,49.19,31.02,79.80,49.60,0.00,13.25,32.22,24.97,42.58,16.79,57.79,13.68,7.00,39.45,12.23,40.80,103.77,5.42,181.67,11.74,55.00,8.41,9.38,9.87,12.04,14.49,24.78,7.07,45.00,324.71,324.50,280.00,12.00,591.35,591.25,198.00,7.00,146.51,146.31,145.00,8.00,596.38,596.06,440.00,11.00,32.84,32.56,92.00,10.00,0,휴식 (Relax)
328.00,594.00,135.00,583.00,31.00,2.39,25.59,40.25,28.84,34.71,73.22,31.77,104.00,34.58,11.16,38.55,44.00,24.33,65.05,39.58,22.00,10.79,16.27,9.16,58.42,6.17,65.13,2.36,9.00,39.45,12.23,40.80,103.77,5.42,181.67,11.74,55.00,8.41,9.38,9.87,12.04,14.49,24.78,7.07,45.00,325.69,325.50,264.00,12.00,592.70,592.62,165.00,6.00,145.53,145.31,160.00,8.00,596.38,596.06,473.00,12.00,32.84,32.56,94.00,10.00,0,휴식 (Relax)
328.00,594.00,151.00,594.00,28.00,9.23,17.69,34.01,35.78,27.22,65.54,33.00,112.00,23.60,14.28,27.69,55.00,15.58,54.24,42.68,33.00,6.59,21.29,11.61,58.01,12.00,64.22,8.10,15.00,39.45,12.23,40.80,103.77,5.42,181.67,11.74,55.00,5.97,9.39,7.72,15.03,14.29,23.91,9.62,48.00,325.18,325.00,256.00,12.00,592.00,591.94,154.00,6.00,145.91,145.69,165.00,8.00,596.38,596.06,451.00,11.00,32.67,32.38,86.00,9.00,0,휴식 (Relax)
320.00,583.00,156.00,627.00,36.00,17.18,14.76,37.54,32.98,28.24,72.71,28.73,104.00,13.65,17.20,27.65,56.09,26.22,63.72,35.58,22.00,6.59,21.29,11.61,58.01,12.00,64.22,8.10,15.00,39.45,12.23,40.80,103.77,5.42,181.67,11.74,55.00,2.16,7.65,2.55,16.55,8.91,21.39,3.66,42.00,324.68,324.50,248.00,12.00,591.32,591.25,165.00,7.00,145.91,145.69,149.00,7.00,596.38,596.06,429.00,11.00,32.22,32.00,80.00,9.00,0,휴식 (Relax)
328.00,583.00,140.00,572.00,28.00,7.89,13.66,21.90,48.66,18.47,79.63,19.92,88.00,11.85,18.60,38.50,45.35,26.38,61.39,45.14,33.00,2.34,19.42,6.67,58.31,9.98,59.25,11.77,20.00,39.45,12.23,40.80,103.77,5.42,181.67,11.74,55.00,2.16,7.65,2.55,16.55,8.91,21.39,3.66,42.00,325.67,325.50,232.00,12.00,590.64,590.56,154.00,7.00,146.21,146.00,160.00,8.00,596.38,596.06,451.00,11.00,32.22,32.00,77.00,9.00,0,휴식 (Relax)
336.00,594.00,140.00,594.00,36.00,7.89,13.66,21.90,48.66,18.47,79.63,19.92,88.00,20.65,18.03,45.09,44.00,15.65,55.34,34.17,22.00,2.34,19.42,6.67,58.31,9.98,59.25,11.77,20.00,43.60,18.94,43.34,113.25,7.60,173.59,5.94,44.00,2.54,4.67,5.53,15.52,9.94,18.55,2.04,39.00,325.67,325.50,208.00,11.00,589.94,589.88,132.00,7.00,146.21,146.00,155.00,8.00,595.69,595.38,451.00,10.00,32.00,31.81,74.00,9.00,0,휴식 (Relax)
304.00,561.00,151.00,594.00,28.00,7.89,13.66,21.90,48.66,18.47,79.63,19.92,88.00,31.63,15.67,41.69,55.00,24.12,65.97,44.76,33.00,3.73,13.72,12.12,58.00,8.31,60.23,14.22,26.00,35.65,8.15,51.92,108.34,12.90,173.73,14.93,33.00,2.54,4.67,5.53,15.52,9.94,18.55,2.04,39.00,325.67,325.50,200.00,11.00,589.28,589.19,132.00,7.00,146.59,146.38,166.00,9.00,596.37,596.06,440.00,10.00,32.00,31.81,77.00,9.00,0,휴식 (Relax)
344.00,605.00,140.00,594.00,33.00,7.89,13.66,21.90,48.66,18.47,79.63,19.92,88.00,31.63,15.67,41.69,55.00,24.12,65.97,44.76,33.00,2.54,16.34,9.67,53.00,13.13,64.49,16.11,31.00,35.65,8.15,51.92,108.34,12.90,173.73,14.93,33.00,2.54,4.67,5.53,15.52,9.94,18.55,2.04,39.00,325.67,325.50,216.00,11.00,589.28,589.19,165.00,8.00,146.28,146.06,166.00,9.00,596.37,596.06,418.00,9.00,32.00,31.81,82.00,10.00,0,휴식 (Relax)
320.00,594.00,156.00,616.00,36.00,7.89,13.66,21.90,48.66,18.47,79.63,19.92,88.00,31.63,15.67,41.69,55.00,24.12,65.97,44.76,33.00,2.54,16.34,9.67,53.00,13.13,64.49,16.11,31.00,35.65,8.15,51.92,108.34,12.90,173.73,14.93,33.00,4.61,3.66,8.30,18.44,7.84,21.32,4.93,36.00,325.67,325.50,232.00,11.00,589.28,589.19,165.00,7.00,146.28,146.06,161.00,9.00,596.37,596.06,385.00,9.00,32.20,32.00,85.00,10.00,0,휴식 (Relax)
328.00,583.00,140.00,572.00,31.00,7.89,13.66,21.90,48.66,18.47,79.63,19.92,88.00,31.63,15.67,41.69,55.00,24.12,65.97,44.76,33.00,2.46,20.45,5.75,48.00,16.39,62.11,18.00,26.00,25.41,18.61,41.24,98.39,20.88,166.51,11.04,44.00,2.65,5.24,8.39,18.11,5.93,23.16,6.90,34.00,325.67,325.50,232.00,11.00,589.28,589.19,176.00,8.00,146.58,146.38,167.00,10.00,597.02,596.75,407.00,10.00,32.07,31.88,85.00,10.00,0,휴식 (Relax)
336.00,594.00,151.00,594.00,28.00,21.90,28.59,19.92,32.98,7.89,93.71,18.47,72.00,33.03,20.20,30.96,44.00,20.85,76.71,48.54,22.00,8.31,26.30,10.15,48.37,11.26,60.47,13.75,32.00,19.84,28.45,35.54,93.98,25.12,165.84,11.48,33.00,2.65,5.24,8.39,18.11,5.93,23.16,6.90,34.00,326.67,326.50,232.00,10.00,589.96,589.88,187.00,9.00,146.95,146.75,161.00,10.00,597.70,597.44,385.00,9.00,32.07,31.88,83.00,9.00,0,휴식 (Relax)
328.00,583.00,156.00,616.00,39.00,21.90,28.59,19.92,32.98,7.89,93.71,18.47,72.00,33.03,20.20,30.96,44.00,20.85,76.71,48.54,22.00,4.26,23.51,6.55,42.43,14.13,55.46,9.12,38.00,21.83,26.01,29.06,83.77,35.94,158.04,17.06,22.00,8.39,5.62,6.90,18.44,2.65,26.01,5.93,40.00,326.67,326.50,232.00,10.00,589.96,589.88,176.00,9.00,146.55,146.38,144.00,9.00,596.98,596.75,363.00,9.00,32.49,32.25,92.00,10.00,0,휴식 (Relax)
312.00,594.00,135.00,583.00,31.00,23.39,32.50,22.48,11.31,29.67,85.98,10.71,96.00,23.89,29.52,22.15,33.00,29.34,75.25,38.28,33.00,6.88,25.91,10.86,43.42,9.48,60.39,13.74,33.00,21.83,26.01,29.06,83.77,35.94,158.04,17.06,22.00,8.39,5.62,6.90,18.44,2.65,26.01,5.93,40.00,325.18,325.00,240.00,11.00,589.26,589.19,176.00,10.00,146.25,146.06,165.00,10.00,596.98,596.75,374.00,9.00,32.49,32.25,92.00,10.00,0,휴식 (Relax)
336.00,583.00,140.00,583.00,39.00,17.20,24.79,15.01,8.00,32.14,90.65,15.44,104.00,13.87,40.07,12.76,34.79,33.00,68.45,49.28,22.00,6.88,25.91,10.86,43.42,9.48,60.39,13.74,33.00,25.17,48.01,30.82,104.36,22.41,142.98,28.61,0.00,8.39,5.62,6.90,18.44,2.65,26.01,5.93,40.00,325.69,325.50,240.00,11.00,588.58,588.50,176.00,10.00,146.25,146.06,165.00,10.00,595.61,595.38,352.00,8.00,32.49,32.25,87.00,10.00,0,휴식 (Relax)
296.00,583.00,145.00,594.00,28.00,24.70,32.12,16.60,16.00,27.36,98.59,20.35,112.00,13.87,40.07,12.76,34.79,33.00,68.45,49.28,22.00,6.88,25.91,10.86,43.42,9.48,60.39,13.74,33.00,25.12,40.87,19.84,101.41,11.48,144.35,35.54,11.00,9.05,6.23,6.09,16.49,3.08,25.71,3.93,38.00,325.23,325.00,248.00,11.00,588.58,588.50,165.00,9.00,146.25,146.06,170.00,10.00,596.29,596.06,352.00,8.00,32.60,32.38,91.00,10.00,0,휴식 (Relax)
344.00,594.00,151.00,583.00,28.00,16.76,29.72,22.74,17.89,19.46,104.98,24.80,120.00,13.87,40.07,12.76,34.79,33.00,68.45,49.28,22.00,3.38,25.42,16.86,49.24,14.16,55.64,18.22,27.00,20.88,40.40,25.41,90.71,11.04,153.41,41.24,22.00,10.10,9.12,11.07,16.03,4.06,29.10,1.74,33.00,325.75,325.50,280.00,11.00,588.58,588.50,176.00,10.00,146.63,146.44,165.00,10.00,595.61,595.38,330.00,7.00,32.30,32.06,91.00,10.00,0,휴식 (Relax)
320.00,583.00,145.00,605.00,36.00,16.76,29.72,22.74,17.89,19.46,104.98,24.80,120.00,7.98,31.17,20.06,24.60,42.14,71.26,45.98,33.00,10.19,18.91,16.17,52.80,16.69,44.70,25.85,16.00,20.88,31.34,25.41,88.00,11.04,131.95,41.24,0.00,8.08,6.13,10.10,19.03,4.36,32.10,4.66,30.00,325.75,325.50,296.00,11.00,587.89,587.81,187.00,11.00,145.93,145.75,150.00,10.00,594.19,594.00,308.00,4.00,32.50,32.25,97.00,11.00,0,휴식 (Relax)
320.00,583.00,140.00,583.00,33.00,22.46,21.89,25.65,22.63,13.60,109.84,26.47,112.00,15.65,20.20,20.65,31.11,34.17,76.71,45.09,22.00,7.15,23.64,11.21,48.30,14.45,41.80,28.75,11.00,20.88,31.34,25.41,88.00,11.04,131.95,41.24,0.00,6.49,5.14,11.82,19.24,5.88,30.75,2.77,32.00,325.26,325.00,296.00,11.00,587.20,587.12,187.00,11.00,146.22,146.06,139.00,9.00,594.19,594.00,319.00,5.00,32.62,32.38,97.00,11.00,0,휴식 (Relax)
320.00,605.00,145.00,583.00,28.00,27.42,15.60,33.60,28.84,21.45,101.88,21.79,120.00,4.85,28.51,29.83,24.60,40.38,87.51,42.57,11.00,9.36,18.57,15.26,45.88,8.48,43.46,31.05,5.00,21.26,20.46,15.47,88.68,9.26,134.96,51.10,11.00,6.49,5.14,11.82,19.24,5.88,30.75,2.77,32.00,324.76,324.50,288.00,10.00,587.90,587.81,198.00,11.00,145.84,145.69,139.00,9.00,593.51,593.31,286.00,9.00,32.62,32.38,94.00,11.00,0,휴식 (Relax)
328.00,583.00,156.00,627.00,36.00,25.43,17.35,32.21,33.94,24.59,95.77,16.48,128.00,4.85,28.51,29.83,24.60,40.38,87.51,42.57,11.00,9.36,18.57,15.26,45.88,8.48,43.46,31.05,5.00,21.26,20.46,15.47,88.68,9.26,134.96,51.10,11.00,6.49,5.14,11.82,19.24,5.88,30.75,2.77,32.00,325.26,325.00,288.00,10.00,587.90,587.81,220.00,12.00,145.84,145.69,134.00,9.00,593.51,593.31,275.00,9.00,32.62,32.38,94.00,11.00,0,휴식 (Relax)
320.00,594.00,135.00,561.00,28.00,24.37,21.34,25.23,28.84,20.99,95.63,11.00,136.00,6.90,24.32,28.44,31.11,42.56,90.11,34.70,0.00,10.23,21.94,10.30,47.85,12.19,48.19,29.95,0.00,18.81,24.96,26.33,88.00,3.97,145.46,61.46,22.00,6.49,5.14,11.82,19.24,5.88,30.75,2.77,32.00,324.76,324.50,288.00,11.00,588.59,588.50,220.00,12.00,145.55,145.38,155.00,10.00,592.85,592.62,319.00,9.00,32.62,32.38,94.00,11.00,0,휴식 (Relax)
328.00,594.00,151.00,605.00,31.00,22.79,29.32,19.13,35.78,28.97,90.00,17.99,128.00,6.90,24.32,28.44,31.11,42.56,90.11,34.70,0.00,14.78,10.96,18.63,38.28,22.17,54.09,26.13,11.00,24.73,14.18,22.99,77.00,14.89,150.96,70.21,33.00,10.52,5.77,14.84,19.10,9.60,27.73,4.57,27.00,324.25,324.00,264.00,11.00,588.59,588.50,187.00,11.00,146.23,146.06,160.00,10.00,593.55,593.31,363.00,10.00,32.30,32.06,89.00,10.00,0,휴식 (Relax)
312.00,572.00,151.00,594.00,31.00,27.07,23.89,17.33,32.98,33.28,82.01,25.99,120.00,17.40,13.67,21.45,24.60,33.05,79.67,23.77,11.00,14.78,10.96,18.63,38.28,22.17,54.09,26.13,11.00,24.73,14.18,22.99,77.00,14.89,150.96,70.21,33.00,8.88,2.89,16.21,16.12,9.65,28.49,6.72,24.00,324.72,324.50,240.00,11.00,589.25,589.19,165.00,11.00,146.23,146.06,149.00,9.00,593.55,593.31,374.00,10.00,32.47,32.25,84.00,9.00,0,휴식 (Relax)
352.00,605.00,151.00,605.00,36.00,34.35,26.35,10.37,40.79,37.80,88.06,18.86,128.00,17.40,13.67,21.45,24.60,33.05,79.67,23.77,11.00,25.78,16.17,8.73,47.85,13.36,45.85,18.35,22.00,35.73,15.46,32.20,88.00,9.87,141.74,73.03,44.00,9.23,1.12,19.18,16.76,12.29,25.86,5.66,27.00,325.26,325.00,256.00,11.00,589.25,589.19,187.00,12.00,146.91,146.75,133.00,8.00,594.24,594.00,363.00,7.00,32.67,32.44,86.00,10.00,0,휴식 (Relax)
328.00,605.00,145.00,605.00,36.00,42.35,34.02,5.06,43.08,30.24,87.60,24.38,120.00,25.30,20.20,32.16,31.11,43.91,76.71,16.41,22.00,16.26,5.20,19.12,53.60,4.53,34.86,11.03,33.00,25.86,5.92,34.90,88.68,4.07,130.95,73.19,55.00,9.23,1.12,19.18,16.76,12.29,25.86,5.66,27.00,325.75,325.50,272.00,10.00,589.95,589.88,176.00,11.00,146.21,146.06,123.00,8.00,593.54,593.31,319.00,9.00,32.67,32.44,81.00,9.00,0,휴식 (Relax)
320.00,572.00,145.00,572.00,31.00,35.15,27.45,4.84,50.60,31.14,93.37,29.04,112.00,21.42,9.31,31.78,39.66,50.37,83.26,18.72,33.00,19.18,9.14,18.92,49.68,8.83,31.44,8.26,38.00,25.86,5.92,34.90,88.68,4.07,130.95,73.19,55.00,9.23,1.12,19.18,16.76,12.29,25.86,5.66,27.00,325.26,325.00,272.00,11.00,589.28,589.19,198.00,11.00,146.51,146.38,112.00,7.00,593.54,593.31,330.00,9.00,32.67,32.44,83.00,10.00,0,휴식 (Relax)
336.00,605.00,145.00,594.00,31.00,35.15,27.45,4.84,50.60,31.14,93.37,29.04,112.00,21.36,17.89,21.31,34.79,46.54,94.21,28.20,44.00,18.08,9.25,13.31,46.04,13.67,32.53,6.09,44.00,25.86,5.92,34.90,88.68,4.07,130.95,73.19,55.00,12.21,3.67,16.66,13.93,15.29,25.27,3.39,24.00,325.26,325.00,280.00,12.00,589.98,589.88,220.00,11.00,146.13,146.00,107.00,7.00,593.54,593.31,330.00,10.00,32.84,32.62,72.00,9.00,0,휴식 (Relax)
328.00,572.00,162.00,638.00,36.00,35.15,27.45,4.84,50.60,31.14,93.37,29.04,112.00,25.33,17.65,30.06,24.60,35.70,102.85,39.19,55.00,16.87,4.57,18.18,51.11,14.40,37.88,7.05,50.00,31.36,23.31,52.92,110.55,22.08,149.82,54.67,77.00,9.40,3.41,16.24,13.15,16.75,22.94,1.85,21.00,325.26,325.00,272.00,11.00,589.30,589.19,242.00,11.00,146.54,146.38,103.00,7.00,594.99,594.69,341.00,9.00,32.63,32.44,69.00,9.00,0,휴식 (Relax)
336.00,605.00,135.00,572.00,28.00,40.44,4.30,26.78,62.48,25.69,95.23,28.77,88.00,17.37,9.50,33.40,31.11,31.02,105.08,49.60,66.00,16.87,4.57,18.18,51.11,14.40,37.88,7.05,50.00,30.83,20.13,45.06,112.18,29.56,160.41,44.20,88.00,7.61,6.26,13.45,10.20,18.58,25.94,3.98,24.00,326.75,326.50,256.00,10.00,590.00,589.88,264.00,11.00,146.54,146.38,125.00,8.00,594.32,594.00,407.00,7.00,32.46,32.25,69.00,9.00,0,휴식 (Relax)
320.00,594.00,145.00,616.00,42.00,41.45,20.29,27.80,75.47,15.56,87.48,33.27,72.00,10.01,3.27,44.38,24.60,23.47,111.05,41.66,55.00,13.65,2.63,13.42,46.87,10.14,40.24,7.91,55.00,31.98,24.33,42.28,80.08,37.64,179.10,11.34,121.00,8.44,4.04,15.76,10.05,21.44,28.03,6.97,27.00,325.74,325.50,232.00,10.00,590.69,590.56,275.00,11.00,146.84,146.69,130.00,8.00,596.40,596.06,440.00,11.00,32.69,32.44,72.00,9.00,0,휴식 (Relax)
304.00,594.00,140.00,572.00,24.00,37.15,15.83,19.80,71.55,7.60,80.03,35.24,64.00,8.28,10.93,49.10,15.56,34.32,100.22,46.38,66.00,17.97,2.69,17.24,44.29,12.48,39.35,9.80,60.00,35.23,30.56,60.77,77.00,34.12,178.15,13.91,143.00,9.11,5.16,17.15,14.04,22.23,28.41,10.81,31.00,326.20,326.00,200.00,9.00,591.37,591.25,264.00,10.00,146.54,146.38,129.00,7.00,595.05,594.69,473.00,12.00,32.49,32.19,90.00,10.00,0,휴식 (Relax)
344.00,572.00,145.00,583.00,31.00,37.15,15.83,19.80,71.55,7.60,80.03,35.24,64.00,22.56,19.46,64.56,15.56,45.18,82.95,54.42,88.00,23.97,7.55,17.04,39.12,6.91,44.21,10.17,54.00,35.23,30.56,60.77,77.00,34.12,178.15,13.91,143.00,7.31,6.21,14.15,14.14,19.99,26.78,13.37,34.00,326.20,326.00,216.00,9.00,590.01,589.88,275.00,10.00,146.16,146.00,128.00,6.00,595.05,594.69,462.00,11.00,32.66,32.38,89.00,9.00,0,휴식 (Relax)
320.00,583.00,156.00,616.00,36.00,37.15,15.83,19.80,71.55,7.60,80.03,35.24,64.00,22.56,19.46,64.56,15.56,45.18,82.95,54.42,88.00,14.13,10.23,27.09,34.48,13.73,55.04,19.44,43.00,25.01,22.91,65.08,77.78,43.48,189.14,4.97,132.00,7.31,6.21,14.15,14.14,19.99,26.78,13.37,34.00,326.20,326.00,240.00,10.00,590.01,589.88,286.00,10.00,146.87,146.69,134.00,7.00,595.75,595.38,473.00,11.00,32.66,32.38,91.00,10.00,0,휴식 (Relax)
328.00,583.00,135.00,572.00,31.00,29.19,23.42,27.47,64.50,2.10,77.33,41.44,72.00,22.56,19.46,64.56,15.56,45.18,82.95,54.42,88.00,17.32,5.25,24.09,39.29,17.96,58.11,24.44,38.00,35.99,23.61,54.13,88.68,43.90,197.20,11.80,121.00,9.24,4.69,12.69,14.56,20.07,28.53,12.93,32.00,326.70,326.50,248.00,11.00,590.01,589.88,264.00,9.00,146.57,146.38,150.00,8.00,595.09,594.69,517.00,12.00,32.54,32.25,91.00,10.00,0,휴식 (Relax)
328.00,616.00,140.00,605.00,33.00,22.51,28.29,29.72,60.93,5.91,84.47,33.69,64.00,16.91,24.74,75.22,11.00,42.65,93.95,48.99,99.00,19.87,4.49,27.28,38.33,19.08,58.77,19.92,43.00,17.11,39.06,63.92,88.68,27.77,199.64,33.79,99.00,4.37,6.68,17.43,9.85,15.81,30.35,14.94,27.00,327.19,327.00,240.00,10.00,590.73,590.56,275.00,9.00,146.27,146.06,144.00,7.00,596.46,596.06,506.00,12.00,32.83,32.56,85.00,9.00,0,휴식 (Relax)
312.00,551.00,162.00,605.00,31.00,33.32,32.70,42.37,46.65,18.95,99.69,17.88,48.00,34.44,7.57,62.25,43.00,72.38,119.35,33.83,131.00,19.25,2.49,21.80,44.28,25.08,63.78,16.77,49.00,32.36,18.24,77.80,66.91,7.43,187.73,54.85,77.00,8.75,8.31,17.55,9.06,11.83,29.10,19.27,22.00,326.21,326.00,248.00,10.00,588.80,588.56,329.00,9.00,146.68,146.44,145.00,7.00,595.04,594.69,440.00,11.00,32.51,32.25,79.00,8.00,0,휴식 (Relax)
336.00,616.00,135.00,583.00,33.00,28.53,17.72,31.11,56.57,25.96,108.25,10.21,32.00,27.04,19.29,45.55,48.30,87.88,125.96,30.25,153.00,19.25,2.49,21.80,44.28,25.08,63.78,16.77,49.00,25.61,32.43,58.24,66.91,25.76,166.57,73.84,55.00,6.05,3.45,12.73,14.04,14.45,25.18,24.26,17.00,327.22,327.00,264.00,10.00,590.21,589.94,394.00,10.00,146.68,146.44,156.00,7.00,596.36,596.06,418.00,11.00,32.80,32.56,78.00,8.00,0,휴식 (Relax)
328.00,594.00,151.00,616.00,42.00,28.53,17.72,31.11,56.57,25.96,108.25,10.21,32.00,27.04,19.29,45.55,48.30,87.88,125.96,30.25,153.00,19.25,2.49,21.80,44.28,25.08,63.78,16.77,49.00,32.16,36.42,60.99,56.09,20.88,176.36,67.01,66.00,13.28,7.98,10.07,18.44,5.23,36.17,14.39,28.00,327.22,327.00,256.00,9.00,590.21,589.94,394.00,9.00,146.68,146.44,172.00,8.00,597.06,596.75,440.00,11.00,33.56,33.25,87.00,9.00,0,휴식 (Relax)
304.00,594.00,140.00,572.00,28.00,23.87,22.63,23.28,62.48,33.96,114.82,6.27,40.00,45.57,33.80,49.20,43.00,66.00,105.94,25.60,175.00,9.63,13.49,16.90,44.41,15.31,62.21,25.68,60.00,14.55,47.28,39.03,64.14,40.79,184.56,65.91,88.00,10.29,5.78,7.09,20.81,7.40,38.27,13.00,31.00,326.75,326.50,240.00,9.00,591.57,591.31,361.00,8.00,145.99,145.75,183.00,9.00,595.72,595.38,473.00,11.00,33.39,33.06,96.00,9.00,0,휴식 (Relax)
336.00,583.00,145.00,583.00,33.00,15.34,28.04,26.08,53.67,31.86,99.18,19.33,24.00,23.58,36.11,27.20,65.00,58.45,85.31,30.40,197.00,4.46,18.26,22.16,38.47,15.11,66.80,19.71,54.00,13.23,69.26,35.00,46.67,31.54,193.16,58.43,66.00,7.47,6.83,6.06,22.67,5.14,38.33,13.31,28.00,325.69,325.50,248.00,10.00,590.19,589.94,372.00,9.00,145.61,145.38,182.00,8.00,594.34,594.00,484.00,10.00,33.20,32.88,101.00,9.00,0,휴식 (Relax)
328.00,594.00,156.00,616.00,36.00,15.34,28.04,26.08,53.67,31.86,99.18,19.33,24.00,13.69,46.55,25.15,65.92,49.55,90.05,30.15,186.00,15.18,18.93,15.96,41.63,8.20,77.74,9.57,43.00,12.67,61.68,24.58,55.00,41.42,203.59,53.33,55.00,7.47,6.83,6.06,22.67,5.14,38.33,13.31,28.00,325.69,325.50,248.00,9.00,589.49,589.25,350.00,9.00,146.32,146.06,193.00,9.00,595.05,594.69,484.00,11.00,33.20,32.88,99.00,8.00,0,휴식 (Relax)
328.00,583.00,135.00,572.00,33.00,22.32,34.82,24.97,50.60,27.61,97.67,12.80,32.00,21.72,37.29,15.40,76.79,40.16,87.61,37.13,175.00,6.17,10.67,10.79,50.92,2.36,84.43,9.16,33.00,12.67,61.68,24.58,55.00,41.42,203.59,53.33,55.00,8.41,5.26,4.65,24.04,3.15,36.34,14.48,30.00,326.19,326.00,232.00,8.00,590.16,589.94,328.00,9.00,145.72,145.44,214.00,10.00,595.05,594.69,506.00,12.00,33.32,33.00,102.00,7.00,0,휴식 (Relax)
328.00,616.00,135.00,583.00,36.00,14.32,27.25,17.77,58.24,33.52,91.35,12.16,40.00,29.50,37.38,8.33,79.12,39.23,96.76,27.16,186.00,9.16,0.78,2.36,55.07,10.79,85.10,6.17,43.00,4.90,53.72,22.77,64.14,46.75,200.47,63.63,66.00,10.61,7.25,8.38,20.81,6.48,39.82,10.35,25.00,325.68,325.50,224.00,8.00,590.87,590.62,328.00,9.00,145.12,144.81,197.00,11.00,594.37,594.00,473.00,11.00,33.63,33.31,100.00,7.00,0,휴식 (Relax)
296.00,551.00,156.00,594.00,28.00,19.27,32.68,20.66,58.24,16.98,123.24,26.57,8.00,26.06,23.86,15.23,99.46,22.23,117.31,6.84,207.00,15.04,5.24,3.69,49.93,8.86,80.44,8.34,37.00,41.70,9.97,25.72,56.09,10.29,182.47,19.94,22.00,11.32,0.78,5.48,27.73,9.77,40.86,3.79,17.00,323.76,323.50,248.00,9.00,589.62,589.31,360.00,9.00,144.71,144.44,191.00,11.00,591.51,591.25,418.00,11.00,33.15,32.81,100.00,7.00,0,휴식 (Relax)
344.00,616.00,135.00,572.00,28.00,11.38,24.72,15.02,65.97,24.85,128.61,32.80,0.00,21.58,34.29,18.29,97.62,12.22,123.82,4.29,218.00,15.04,5.24,3.69,49.93,8.86,80.44,8.34,37.00,41.70,9.97,25.72,56.09,10.29,182.47,19.94,22.00,11.32,0.78,5.48,27.73,9.77,40.86,3.79,17.00,324.28,324.00,280.00,9.00,590.34,590.00,414.00,10.00,144.71,144.44,202.00,11.00,591.51,591.25,396.00,11.00,33.15,32.81,86.00,6.00,0,휴식 (Relax)
320.00,572.00,156.00,616.00,42.00,11.38,24.72,15.02,65.97,24.85,128.61,32.80,0.00,38.43,18.70,5.40,75.80,27.17,123.25,25.68,240.00,8.94,12.03,14.06,41.11,7.70,87.97,2.70,48.00,41.70,9.97,25.72,56.09,10.29,182.47,19.94,22.00,11.32,0.78,5.48,27.73,9.77,40.86,3.79,17.00,324.28,324.00,288.00,10.00,588.98,588.62,458.00,11.00,145.42,145.12,218.00,11.00,591.51,591.25,396.00,11.00,33.15,32.81,82.00,6.00,0,휴식 (Relax)
304.00,594.00,135.00,561.00,26.00,11.38,24.72,15.02,65.97,24.85,128.61,32.80,0.00,38.43,18.70,5.40,75.80,27.17,123.25,25.68,240.00,9.04,7.50,12.17,44.55,12.60,88.19,7.45,53.00,46.08,18.24,19.69,66.91,16.71,187.73,24.43,33.00,9.32,2.71,6.90,26.93,9.07,39.17,1.81,15.00,324.28,324.00,264.00,9.00,588.98,588.62,458.00,11.00,145.13,144.81,234.00,11.00,590.85,590.56,440.00,12.00,33.24,32.94,91.00,7.00,0,휴식 (Relax)
336.00,583.00,151.00,605.00,36.00,15.01,20.69,15.44,68.35,17.20,120.61,32.14,8.00,28.11,9.83,12.56,64.94,32.44,134.23,20.49,229.00,11.30,10.61,7.95,48.92,15.19,84.39,12.90,59.00,48.43,7.02,15.48,66.91,37.36,183.27,36.65,55.00,5.36,7.35,11.53,22.36,5.92,40.47,6.58,20.00,323.76,323.50,272.00,9.00,589.65,589.31,458.00,12.00,145.51,145.19,239.00,12.00,592.23,591.94,451.00,12.00,33.56,33.25,96.00,7.00,0,휴식 (Relax)
320.00,594.00,145.00,627.00,33.00,15.01,20.69,15.44,68.35,17.20,120.61,32.14,8.00,22.00,1.77,22.00,64.00,22.00,126.23,22.00,240.00,5.83,15.08,18.90,42.54,13.37,73.49,22.40,70.00,56.37,18.00,12.29,77.78,37.20,192.21,33.10,44.00,6.82,6.28,11.62,21.19,2.93,39.22,9.27,23.00,323.76,323.50,280.00,9.00,590.34,590.00,469.00,13.00,144.80,144.50,224.00,11.00,592.96,592.62,429.00,11.00,33.36,33.06,94.00,6.00,0,휴식 (Relax)
328.00,594.00,135.00,572.00,31.00,15.01,20.69,15.44,68.35,17.20,120.61,32.14,8.00,24.60,11.14,24.60,75.00,24.60,126.70,24.60,229.00,5.83,15.08,18.90,42.54,13.37,73.49,22.40,70.00,56.37,18.00,12.29,77.78,37.20,192.21,33.10,44.00,6.82,6.28,11.62,21.19,2.93,39.22,9.27,23.00,323.76,323.50,288.00,10.00,591.02,590.69,436.00,12.00,144.80,144.50,229.00,12.00,592.96,592.62,451.00,11.00,33.36,33.06,94.00,6.00,0,휴식 (Relax)
320.00,605.00,135.00,594.00,36.00,13.59,18.92,11.90,75.89,12.58,114.94,39.54,0.00,17.81,10.08,32.87,75.80,19.27,119.93,33.69,218.00,5.25,18.93,15.52,45.22,9.47,72.94,24.78,75.00,45.43,20.81,22.02,88.68,31.76,186.16,28.26,55.00,7.64,3.34,10.16,20.40,2.32,42.01,8.54,20.00,323.26,323.00,280.00,10.00,590.31,590.00,382.00,11.00,144.50,144.19,207.00,11.00,592.26,591.94,473.00,12.00,33.56,33.25,97.00,7.00,0,휴식 (Relax)
304.00,561.00,156.00,605.00,33.00,13.70,25.12,4.45,78.79,8.78,122.93,31.55,8.00,26.09,3.25,25.09,65.92,9.43,110.06,43.64,208.00,7.84,20.88,9.79,40.46,8.82,69.18,24.35,69.00,45.43,20.81,22.02,88.68,31.76,186.16,28.26,55.00,9.26,1.86,11.67,18.44,3.96,41.24,8.14,22.00,322.78,322.50,272.00,9.00,590.90,590.62,361.00,11.00,144.09,143.81,201.00,11.00,592.26,591.94,462.00,11.00,33.68,33.38,98.00,7.00,0,휴식 (Relax)
336.00,616.00,135.00,572.00,31.00,13.70,25.12,4.45,78.79,8.78,122.93,31.55,8.00,26.09,3.25,25.09,65.92,9.43,110.06,43.64,208.00,7.84,20.88,9.79,40.46,8.82,69.18,24.35,69.00,39.52,30.82,12.90,77.78,42.07,195.59,19.34,66.00,7.29,2.35,9.99,18.11,5.61,42.08,7.45,24.00,322.78,322.50,296.00,10.00,590.90,590.62,394.00,12.00,144.09,143.81,206.00,11.00,591.59,591.25,462.00,11.00,33.56,33.25,91.00,6.00,0,휴식 (Relax)
320.00,572.00,151.00,627.00,39.00,12.31,30.23,9.76,75.89,7.40,123.35,26.88,16.00,8.41,25.23,3.10,44.38,19.06,115.86,30.40,230.00,7.84,20.88,9.79,40.46,8.82,69.18,24.35,69.00,41.66,27.97,23.47,77.00,44.38,206.24,10.01,77.00,4.37,3.65,11.07,15.13,6.62,39.25,9.52,21.00,322.28,322.00,288.00,10.00,589.54,589.25,438.00,13.00,144.09,143.81,211.00,11.00,592.31,591.94,473.00,11.00,33.33,33.06,85.00,6.00,0,휴식 (Relax)
312.00,594.00,135.00,561.00,28.00,16.26,31.17,6.40,68.35,15.39,118.34,27.16,24.00,8.41,25.23,3.10,44.38,19.06,115.86,30.40,230.00,7.77,16.20,13.81,43.84,9.41,70.07,19.71,74.00,43.78,22.41,23.98,88.00,36.89,212.12,4.41,88.00,4.37,3.65,11.07,15.13,6.62,39.25,9.52,21.00,322.76,322.50,264.00,9.00,589.54,589.25,449.00,13.00,143.79,143.50,222.00,11.00,591.65,591.25,528.00,12.00,33.33,33.06,91.00,7.00,0,휴식 (Relax)
328.00,583.00,151.00,594.00,31.00,9.59,24.65,2.65,71.55,19.97,110.42,32.22,32.00,8.41,25.23,3.10,44.38,19.06,115.86,30.40,230.00,10.19,19.22,15.74,48.27,6.66,67.01,13.71,80.00,37.53,32.65,13.11,88.68,26.38,210.21,11.99,99.00,3.85,2.82,11.79,17.12,7.32,38.60,11.51,19.00,322.24,322.00,272.00,10.00,589.54,589.25,449.00,13.00,144.17,143.88,227.00,12.00,592.34,591.94,528.00,12.00,33.21,32.94,91.00,7.00,0,휴식 (Relax)
328.00,594.00,151.00,616.00,36.00,9.59,24.65,2.65,71.55,19.97,110.42,32.22,32.00,8.41,25.23,3.10,44.38,19.06,115.86,30.40,230.00,6.17,20.42,10.79,45.22,2.36,62.23,9.16,85.00,37.53,32.65,13.11,88.68,26.38,210.21,11.99,99.00,3.85,2.82,11.79,17.12,7.32,38.60,11.51,19.00,322.24,322.00,272.00,10.00,589.54,589.25,449.00,13.00,143.84,143.56,206.00,11.00,592.34,591.94,506.00,11.00,33.21,32.94,93.00,8.00,0,휴식 (Relax)
320.00,583.00,145.00,572.00,31.00,1.59,20.38,5.35,68.35,11.97,109.55,40.22,40.00,8.41,25.23,3.10,44.38,19.06,115.86,30.40,230.00,15.78,12.02,16.20,37.48,7.72,53.53,8.55,95.00,37.53,32.65,13.11,88.68,26.38,210.21,11.99,99.00,5.44,0.87,9.92,15.13,5.44,40.51,12.90,17.00,321.74,321.50,280.00,11.00,589.54,589.25,427.00,13.00,144.45,144.19,212.00,11.00,592.34,591.94,539.00,12.00,33.09,32.81,95.00,9.00,0,휴식 (Relax)
328.00,616.00,135.00,594.00,33.00,1.59,20.38,5.35,68.35,11.97,109.55,40.22,40.00,8.41,25.23,3.10,44.38,19.06,115.86,30.40,230.00,15.78,12.02,16.20,37.48,7.72,53.53,8.55,95.00,26.60,29.27,24.01,77.78,19.78,216.93,16.14,88.00,8.42,2.80,10.39,15.81,6.18,37.90,11.96,20.00,321.74,321.50,256.00,11.00,589.54,589.25,395.00,13.00,144.45,144.19,201.00,11.00,593.02,592.62,550.00,12.00,32.89,32.62,89.00,8.00,0,휴식 (Relax)
296.00,551.00,151.00,594.00,28.00,1.59,20.38,5.35,68.35,11.97,109.55,40.22,40.00,8.41,25.23,3.10,44.38,19.06,115.86,30.40,230.00,12.04,15.92,21.19,34.06,11.63,51.06,3.87,90.00,26.60,29.27,24.01,77.78,19.78,216.93,16.14,88.00,8.42,2.80,10.39,15.81,6.18,37.90,11.96,20.00,321.74,321.50,240.00,11.00,589.54,589.25,395.00,13.00,144.11,143.88,196.00,11.00,593.02,592.62,528.00,11.00,32.89,32.62,94.00,9.00,0,휴식 (Relax)
336.00,616.00,140.00,583.00,31.00,7.54,27.96,3.68,60.93,5.51,103.62,37.89,32.00,8.41,25.23,3.10,44.38,19.06,115.86,30.40,230.00,14.43,15.64,19.53,38.01,15.90,46.32,1.31,85.00,21.77,18.44,16.99,88.68,30.35,208.48,27.13,77.00,6.41,3.46,9.37,17.00,9.09,36.47,10.60,17.00,321.21,321.00,256.00,11.00,589.54,589.25,416.00,13.00,144.41,144.19,186.00,11.00,593.69,593.31,495.00,11.00,33.06,32.81,83.00,8.00,0,휴식 (Relax)
328.00,572.00,162.00,627.00,36.00,1.59,25.05,5.35,64.50,11.97,103.75,40.22,24.00,8.41,25.23,3.10,44.38,19.06,115.86,30.40,230.00,17.02,20.65,24.69,34.89,17.37,51.80,5.24,91.00,25.87,15.60,6.07,88.00,30.51,219.45,17.29,88.00,9.53,2.58,5.52,12.04,11.83,30.84,7.92,11.00,321.71,321.50,248.00,11.00,589.54,589.25,438.00,13.00,144.82,144.56,187.00,11.00,594.41,594.00,484.00,7.00,32.62,32.44,72.00,8.00,0,휴식 (Relax)
320.00,605.00,130.00,561.00,28.00,17.16,36.16,20.14,51.22,11.33,92.46,31.04,40.00,14.15,18.92,10.50,43.00,22.46,111.77,32.20,241.00,16.66,15.92,21.13,39.40,22.37,53.91,10.18,96.00,25.87,15.60,6.07,88.00,30.51,219.45,17.29,88.00,8.83,2.10,7.51,10.82,11.09,29.01,7.11,9.00,322.68,322.50,224.00,11.00,590.24,589.94,460.00,13.00,144.54,144.25,203.00,11.00,594.41,594.00,506.00,7.00,32.72,32.56,70.00,8.00,0,휴식 (Relax)
328.00,572.00,151.00,594.00,31.00,9.92,28.29,20.11,56.57,19.07,84.47,25.87,48.00,4.37,17.83,9.29,54.00,33.36,101.97,33.43,252.00,16.66,15.92,21.13,39.40,22.37,53.91,10.18,96.00,15.23,4.69,6.84,88.68,26.06,220.50,22.23,77.00,9.51,3.44,7.03,15.23,6.13,27.64,5.52,4.00,322.17,322.00,216.00,11.00,589.57,589.25,482.00,13.00,144.54,144.25,218.00,12.00,593.71,593.31,517.00,12.00,32.40,32.25,70.00,8.00,0,휴식 (Relax)
312.00,572.00,145.00,605.00,31.00,8.62,24.79,28.00,51.22,19.19,90.65,32.83,40.00,18.29,19.32,31.25,58.31,34.50,123.22,42.07,230.00,16.66,15.92,21.13,39.40,22.37,53.91,10.18,96.00,6.84,19.97,22.23,66.91,15.23,203.64,26.06,99.00,9.74,4.66,9.02,14.56,7.39,26.58,6.41,6.00,321.68,321.50,224.00,11.00,588.21,587.88,482.00,13.00,144.54,144.25,214.00,11.00,592.29,591.94,473.00,11.00,32.27,32.12,68.00,8.00,0,휴식 (Relax)
344.00,594.00,156.00,583.00,31.00,12.48,22.55,24.17,64.50,35.07,94.00,48.81,24.00,18.29,19.32,31.25,58.31,34.50,123.22,42.07,230.00,7.31,8.98,24.71,36.35,9.01,34.49,25.82,117.00,4.77,12.37,23.98,69.57,7.14,192.65,35.88,110.00,9.74,4.66,9.02,14.56,7.39,26.58,6.41,6.00,322.72,322.50,248.00,11.00,588.21,587.88,493.00,14.00,145.85,145.56,225.00,13.00,592.96,592.62,473.00,11.00,32.27,32.12,63.00,7.00,0,휴식 (Relax)
320.00,605.00,140.00,616.00,39.00,12.48,22.55,24.17,64.50,35.07,94.00,48.81,24.00,18.29,19.32,31.25,58.31,34.50,123.22,42.07,230.00,10.31,10.30,29.60,31.40,4.59,36.25,22.54,112.00,26.77,28.34,45.98,49.19,29.14,207.94,13.88,88.00,11.63,7.03,11.15,14.04,10.39,29.20,3.50,3.00,322.72,322.50,256.00,12.00,588.21,587.88,460.00,13.00,146.15,145.88,220.00,13.00,594.36,594.00,495.00,8.00,32.49,32.31,68.00,8.00,0,휴식 (Relax)
312.00,572.00,151.00,572.00,28.00,16.23,14.82,30.02,57.69,30.57,86.37,54.96,16.00,18.58,30.28,41.53,48.30,27.97,113.97,52.76,219.00,9.23,12.61,29.02,32.57,2.30,34.80,21.90,107.00,13.16,11.81,45.18,70.43,51.71,211.26,20.86,55.00,7.27,2.57,7.17,19.03,13.17,31.07,1.52,2.00,323.20,323.00,232.00,11.00,588.87,588.56,438.00,13.00,145.82,145.56,210.00,13.00,592.31,591.94,506.00,12.00,32.20,32.00,77.00,9.00,0,휴식 (Relax)
328.00,594.00,130.00,572.00,36.00,15.60,22.26,33.01,53.67,22.63,79.30,59.42,8.00,17.02,22.79,45.44,61.52,6.40,92.45,71.95,197.00,12.21,17.58,33.64,27.86,2.70,39.13,20.60,112.00,13.16,11.81,45.18,70.43,51.71,211.26,20.86,55.00,12.16,5.57,6.75,19.92,12.02,29.85,6.48,7.00,322.68,322.50,232.00,11.00,587.45,587.19,416.00,13.00,145.53,145.25,215.00,13.00,592.31,591.94,451.00,11.00,32.52,32.31,77.00,9.00,0,휴식 (Relax)
312.00,572.00,162.00,638.00,39.00,21.02,26.93,40.98,46.65,25.86,81.85,57.92,16.00,17.02,22.79,45.44,61.52,6.40,92.45,71.95,197.00,4.36,11.58,27.29,33.42,12.33,49.76,17.67,123.00,2.51,6.54,41.73,79.32,62.45,222.09,12.64,66.00,12.16,5.57,6.75,19.92,12.02,29.85,6.48,7.00,322.19,322.00,240.00,12.00,587.45,587.19,416.00,13.00,146.27,145.94,231.00,13.00,593.04,592.62,451.00,11.00,32.52,32.31,69.00,8.00,0,휴식 (Relax)
312.00,605.00,125.00,561.00,26.00,21.02,26.93,40.98,46.65,25.86,81.85,57.92,16.00,21.83,11.87,42.82,69.81,5.53,90.55,68.90,208.00,12.64,10.43,22.02,41.68,17.28,55.69,16.87,133.00,2.51,6.54,41.73,79.32,62.45,222.09,12.64,66.00,10.61,6.73,8.56,20.62,13.47,31.82,5.37,5.00,322.19,322.00,224.00,11.00,588.15,587.88,438.00,13.00,145.72,145.31,252.00,13.00,593.04,592.62,495.00,11.00,32.42,32.19,79.00,9.00,0,휴식 (Relax)
344.00,583.00,156.00,605.00,33.00,5.41,40.15,54.21,33.94,41.62,96.93,49.69,0.00,21.83,11.87,42.82,69.81,5.53,90.55,68.90,208.00,7.67,13.27,27.02,39.40,16.09,55.53,16.73,138.00,8.55,17.48,51.24,70.43,57.08,224.22,18.30,77.00,11.60,4.74,8.77,18.79,12.98,33.04,5.64,3.00,323.23,323.00,256.00,12.00,588.15,587.88,449.00,13.00,146.04,145.62,283.00,14.00,593.74,593.31,517.00,12.00,32.54,32.31,81.00,9.00,0,휴식 (Relax)
304.00,572.00,140.00,594.00,31.00,27.93,18.80,38.39,24.00,53.03,118.79,36.52,24.00,1.97,23.21,28.95,88.19,27.25,112.43,59.73,186.00,18.04,2.28,24.78,29.68,6.48,48.51,17.39,149.00,14.21,16.77,57.30,59.24,35.10,213.21,39.69,99.00,11.67,9.10,3.94,17.26,8.18,32.88,9.66,2.00,321.76,321.50,288.00,12.00,586.79,586.50,449.00,12.00,145.36,144.94,293.00,13.00,592.34,591.94,484.00,11.00,32.22,32.00,78.00,8.00,0,휴식 (Relax)
344.00,605.00,151.00,605.00,31.00,14.28,31.55,29.97,48.00,47.29,130.10,27.53,48.00,22.59,27.63,20.98,100.77,41.98,127.63,49.39,164.00,13.56,7.89,19.35,33.30,2.21,42.61,18.35,155.00,19.25,16.45,24.52,90.71,39.49,182.00,72.20,132.00,11.67,9.10,3.94,17.26,8.18,32.88,9.66,2.00,323.31,323.00,320.00,12.00,588.18,587.88,449.00,12.00,145.74,145.31,294.00,15.00,594.38,594.00,473.00,8.00,32.22,32.00,76.00,8.00,0,휴식 (Relax)
336.00,594.00,145.00,616.00,39.00,18.85,33.68,22.78,48.66,54.76,132.01,31.47,40.00,6.87,6.91,41.71,85.15,42.80,130.40,39.16,142.00,14.16,15.84,13.15,26.63,8.05,51.25,21.49,145.00,40.93,34.70,29.30,88.00,18.29,202.25,54.22,110.00,7.30,12.51,5.75,17.26,7.89,38.88,4.41,4.00,323.82,323.50,296.00,11.00,586.76,586.50,395.00,11.00,146.34,145.94,284.00,15.00,595.78,595.38,484.00,11.00,32.63,32.38,79.00,8.00,0,휴식 (Relax)
312.00,561.00,151.00,572.00,26.00,34.22,31.17,13.96,32.98,45.68,118.34,19.68,56.00,9.27,16.90,36.72,77.78,35.66,125.25,34.14,132.00,14.16,15.84,13.15,26.63,8.05,51.25,21.49,145.00,24.23,32.96,9.18,110.00,28.72,211.88,48.74,88.00,9.01,10.52,6.60,19.24,6.54,40.37,4.06,6.00,324.76,324.50,280.00,11.00,587.36,587.12,363.00,11.00,146.34,145.94,279.00,15.00,594.43,594.00,517.00,9.00,32.53,32.25,89.00,9.00,0,휴식 (Relax)
336.00,616.00,135.00,583.00,33.00,34.22,31.17,13.96,32.98,45.68,118.34,19.68,56.00,9.27,16.90,36.72,77.78,35.66,125.25,34.14,132.00,9.64,18.47,8.74,24.17,12.37,53.73,16.67,150.00,24.23,32.96,9.18,110.00,28.72,211.88,48.74,88.00,7.02,11.96,4.65,19.03,4.62,40.56,5.26,8.00,324.76,324.50,296.00,12.00,587.36,587.12,374.00,11.00,146.04,145.62,273.00,15.00,594.43,594.00,484.00,8.00,32.65,32.38,91.00,9.00,0,휴식 (Relax)
312.00,572.00,162.00,638.00,36.00,22.58,47.12,9.51,17.89,30.91,127.83,35.50,40.00,9.27,16.90,36.72,77.78,35.66,125.25,34.14,132.00,9.64,18.47,8.74,24.17,12.37,53.73,16.67,150.00,24.72,22.49,1.83,121.00,31.72,221.59,42.04,99.00,7.02,11.96,4.65,19.03,4.62,40.56,5.26,8.00,323.77,323.50,312.00,12.00,587.36,587.12,385.00,11.00,146.04,145.62,268.00,15.00,595.16,594.69,473.00,11.00,32.65,32.38,86.00,8.00,0,휴식 (Relax)
336.00,616.00,130.00,572.00,31.00,30.18,36.69,6.68,28.84,36.07,127.24,51.06,24.00,11.85,11.63,38.50,85.91,26.38,128.70,45.14,143.00,9.64,18.47,8.74,24.17,12.37,53.73,16.67,150.00,25.80,20.77,11.69,121.50,20.75,211.14,51.38,88.00,5.02,10.28,7.41,19.42,7.45,37.58,8.26,11.00,324.78,324.50,328.00,12.00,588.07,587.81,396.00,11.00,146.04,145.62,279.00,15.00,595.82,595.38,506.00,12.00,32.82,32.56,88.00,9.00,0,휴식 (Relax)
328.00,583.00,151.00,605.00,36.00,30.18,36.69,6.68,28.84,36.07,127.24,51.06,24.00,18.70,7.47,30.89,79.32,36.39,133.61,35.27,132.00,9.64,18.47,8.74,24.17,12.37,53.73,16.67,150.00,27.24,30.12,17.88,110.55,26.27,216.26,40.45,99.00,6.61,5.71,11.32,14.56,5.90,41.66,4.17,6.00,324.78,324.50,320.00,11.00,588.74,588.50,429.00,12.00,146.04,145.62,294.00,15.00,596.51,596.06,528.00,12.00,33.14,32.88,93.00,10.00,0,휴식 (Relax)
304.00,583.00,135.00,572.00,31.00,31.51,30.18,13.00,35.78,35.07,135.24,47.08,32.00,26.11,9.68,20.41,70.43,37.67,123.09,42.87,143.00,9.64,14.52,8.74,22.00,12.37,49.16,16.67,160.00,43.97,10.89,41.85,118.47,31.79,209.58,12.02,132.00,6.61,5.71,11.32,14.56,5.90,41.66,4.17,6.00,324.31,324.00,312.00,11.00,589.42,589.19,407.00,11.00,145.44,145.00,299.00,13.00,594.47,594.00,539.00,10.00,33.14,32.88,98.00,11.00,0,휴식 (Relax)
344.00,594.00,156.00,594.00,31.00,31.51,30.18,13.00,35.78,35.07,135.24,47.08,32.00,26.11,9.68,20.41,70.43,37.67,123.09,42.87,143.00,9.64,14.52,8.74,22.00,12.37,49.16,16.67,160.00,33.51,3.85,34.69,128.75,28.86,201.00,15.12,143.00,6.61,5.71,11.32,14.56,5.90,41.66,4.17,6.00,324.31,324.00,328.00,11.00,589.42,589.19,407.00,12.00,145.44,145.00,304.00,13.00,595.15,594.69,528.00,11.00,33.14,32.88,90.00,10.00,0,휴식 (Relax)
320.00,605.00,140.00,616.00,39.00,31.51,30.18,13.00,35.78,35.07,135.24,47.08,32.00,26.11,9.68,20.41,70.43,37.67,123.09,42.87,143.00,9.64,14.52,8.74,22.00,12.37,49.16,16.67,160.00,33.51,3.85,34.69,128.75,28.86,201.00,15.12,143.00,6.61,5.71,11.32,14.56,5.90,41.66,4.17,6.00,324.31,324.00,344.00,12.00,589.42,589.19,385.00,11.00,145.44,145.00,309.00,13.00,595.15,594.69,506.00,11.00,33.14,32.88,87.00,10.00,0,휴식 (Relax)
312.00,561.00,151.00,572.00,26.00,31.51,30.18,13.00,35.78,35.07,135.24,47.08,32.00,30.91,20.67,14.73,77.78,32.16,128.50,40.80,154.00,9.64,14.52,8.74,22.00,12.37,49.16,16.67,160.00,33.51,3.85,34.69,128.75,28.86,201.00,15.12,143.00,5.27,4.18,10.46,16.49,7.90,43.34,2.88,8.00,324.31,324.00,336.00,11.00,588.76,588.50,407.00,11.00,145.44,145.00,299.00,13.00,595.15,594.69,550.00,12.00,33.04,32.75,92.00,10.00,0,휴식 (Relax)
336.00,616.00,135.00,583.00,36.00,23.97,24.58,17.92,28.84,43.07,143.23,40.02,24.00,16.93,15.85,13.42,64.14,10.17,149.99,36.96,176.00,5.96,14.86,5.45,22.56,17.06,47.51,11.99,155.00,27.17,8.06,38.43,125.42,25.68,200.27,5.40,132.00,5.27,4.18,10.46,16.49,7.90,43.34,2.88,8.00,324.82,324.50,344.00,11.00,590.17,589.88,440.00,11.00,145.73,145.31,283.00,15.00,595.82,595.38,495.00,11.00,33.04,32.75,99.00,11.00,0,휴식 (Relax)
320.00,572.00,168.00,638.00,33.00,19.15,16.66,17.14,33.94,40.60,137.56,47.95,32.00,16.93,15.85,13.42,64.14,10.17,149.99,36.96,176.00,7.65,12.80,0.56,28.44,17.54,52.86,16.66,161.00,27.17,8.06,38.43,125.42,25.68,200.27,5.40,132.00,8.69,4.03,9.65,10.77,5.27,40.49,3.41,14.00,325.31,325.00,360.00,12.00,590.17,589.88,451.00,11.00,146.15,145.69,279.00,15.00,595.82,595.38,473.00,11.00,32.62,32.38,89.00,10.00,0,휴식 (Relax)
344.00,627.00,125.00,572.00,31.00,35.69,20.68,19.22,60.93,23.42,140.70,19.19,0.00,11.38,36.89,8.67,77.78,29.88,155.86,28.96,198.00,7.65,12.80,0.56,28.44,17.54,52.86,16.66,161.00,32.44,15.25,28.11,128.75,20.49,189.28,12.56,121.00,4.03,0.97,4.90,13.45,2.13,35.85,7.95,19.00,327.32,327.00,352.00,12.00,591.60,591.25,484.00,11.00,146.15,145.69,291.00,15.00,596.47,596.06,495.00,11.00,32.90,32.69,84.00,9.00,0,휴식 (Relax)
328.00,572.00,162.00,616.00,39.00,20.11,7.25,25.87,68.82,9.92,132.71,19.07,16.00,13.11,32.05,11.99,85.91,37.53,151.43,26.38,209.00,13.64,6.90,5.69,22.56,21.22,55.70,18.95,167.00,42.33,20.89,30.42,118.47,13.58,196.89,1.67,132.00,2.13,6.77,4.03,9.85,7.95,41.48,4.90,13.00,326.29,326.00,328.00,11.00,590.93,590.56,528.00,12.00,146.56,146.06,312.00,15.00,597.17,596.75,528.00,11.00,33.30,33.06,90.00,9.00,0,휴식 (Relax)
304.00,583.00,130.00,561.00,28.00,20.11,7.25,25.87,68.82,9.92,132.71,19.07,16.00,7.14,28.69,4.77,79.32,35.88,141.38,23.98,220.00,5.40,14.74,9.87,22.56,19.64,54.15,22.71,177.00,9.33,39.06,2.58,134.27,19.42,199.64,31.33,165.00,1.95,5.38,1.30,12.65,9.79,42.88,6.54,10.00,326.29,326.00,312.00,11.00,591.60,591.25,506.00,11.00,145.98,145.44,333.00,15.00,595.18,594.69,572.00,11.00,33.14,32.88,101.00,11.00,0,휴식 (Relax)
336.00,594.00,151.00,605.00,33.00,13.52,14.70,27.46,64.50,11.93,125.63,26.71,24.00,15.23,38.02,6.84,70.43,26.06,131.10,22.23,231.00,5.40,14.74,9.87,22.56,19.64,54.15,22.71,177.00,9.33,39.06,2.58,134.27,19.42,199.64,31.33,165.00,0.77,4.68,1.92,13.42,9.21,42.40,8.42,8.00,325.77,325.50,336.00,12.00,590.90,590.56,506.00,12.00,145.98,145.44,348.00,15.00,595.18,594.69,605.00,12.00,33.26,33.00,98.00,9.00,0,휴식 (Relax)
328.00,605.00,145.00,605.00,39.00,12.57,21.98,22.19,57.69,4.41,128.11,18.81,16.00,4.29,27.74,12.22,77.78,18.29,127.16,21.58,242.00,5.40,14.74,9.87,22.56,19.64,54.15,22.71,177.00,7.93,45.89,9.35,128.28,14.00,188.80,39.87,176.00,0.77,4.68,1.92,13.42,9.21,42.40,8.42,8.00,325.26,325.00,320.00,11.00,591.60,591.25,484.00,11.00,145.98,145.44,348.00,15.00,594.47,594.00,561.00,10.00,33.26,33.00,91.00,8.00,0,휴식 (Relax)
320.00,572.00,151.00,572.00,28.00,10.50,19.93,30.08,53.67,9.86,124.91,12.95,8.00,6.84,26.04,22.23,70.43,15.23,122.69,26.06,231.00,5.40,14.74,9.87,22.56,19.64,54.15,22.71,177.00,7.93,45.89,9.35,128.28,14.00,188.80,39.87,176.00,1.75,2.72,0.23,12.65,8.26,40.45,10.23,6.00,325.74,325.50,304.00,11.00,592.26,591.94,462.00,11.00,145.98,145.44,338.00,15.00,594.47,594.00,583.00,11.00,33.36,33.12,95.00,10.00,0,휴식 (Relax)
328.00,605.00,135.00,583.00,36.00,14.94,15.87,29.16,60.93,16.72,117.59,13.52,0.00,4.77,19.33,23.98,79.32,7.14,112.67,35.88,220.00,5.40,14.74,9.87,22.56,19.64,54.15,22.71,177.00,7.93,45.89,9.35,128.28,14.00,188.80,39.87,176.00,4.41,2.92,2.84,9.85,6.49,42.11,8.39,9.00,325.23,325.00,288.00,11.00,591.55,591.25,451.00,11.00,145.98,145.44,327.00,15.00,594.47,594.00,539.00,10.00,33.55,33.31,100.00,11.00,0,휴식 (Relax)
304.00,561.00,156.00,605.00,33.00,22.63,9.39,36.73,58.24,18.60,125.12,9.83,8.00,15.77,9.68,34.98,73.79,18.14,123.09,24.88,231.00,11.36,13.77,14.14,16.76,17.67,49.80,28.61,171.00,40.81,12.91,25.75,101.41,27.78,172.04,56.50,143.00,2.80,0.51,3.39,9.06,3.50,41.71,8.51,12.00,324.76,324.50,288.00,11.00,590.89,590.56,451.00,11.00,145.57,145.06,316.00,15.00,592.31,591.94,495.00,11.00,33.36,33.12,98.00,10.00,0,휴식 (Relax)
328.00,627.00,125.00,572.00,31.00,30.55,1.49,42.25,50.60,10.62,121.84,15.51,0.00,7.01,20.67,32.40,83.77,24.55,128.50,15.31,242.00,16.19,17.79,18.56,16.00,13.73,54.80,23.77,176.00,40.81,12.91,25.75,101.41,27.78,172.04,56.50,143.00,2.80,0.51,3.39,9.06,3.50,41.71,8.51,12.00,324.25,324.00,304.00,12.00,591.61,591.25,484.00,11.00,145.30,144.75,326.00,13.00,592.31,591.94,495.00,11.00,33.36,33.12,95.00,9.00,0,휴식 (Relax)
320.00,572.00,156.00,616.00,39.00,37.71,6.65,40.25,53.67,15.00,119.01,7.79,8.00,13.85,15.35,23.11,88.68,23.11,126.41,13.85,253.00,12.44,12.99,19.35,11.00,9.36,58.49,20.08,181.00,34.29,16.45,33.10,93.34,38.29,182.00,45.50,154.00,2.64,3.50,4.22,9.22,2.20,44.70,6.19,9.00,323.75,323.50,288.00,12.00,590.94,590.56,539.00,12.00,145.63,145.06,341.00,15.00,593.02,592.62,506.00,11.00,33.57,33.31,98.00,9.00,0,휴식 (Relax)
296.00,583.00,135.00,561.00,28.00,43.64,13.77,32.52,60.93,19.29,126.25,15.79,0.00,13.85,15.35,23.11,88.68,23.11,126.41,13.85,253.00,12.44,12.99,19.35,11.00,9.36,58.49,20.08,181.00,37.22,20.81,23.83,101.41,45.76,186.16,35.73,165.00,3.70,2.43,1.53,12.17,1.53,46.67,3.70,6.00,323.28,323.00,272.00,11.00,590.94,590.56,539.00,11.00,145.63,145.06,341.00,15.00,592.36,591.94,539.00,11.00,33.40,33.12,109.00,10.00,0,휴식 (Relax)
328.00,583.00,145.00,583.00,33.00,53.27,25.39,25.60,56.57,7.12,111.41,6.35,16.00,19.78,26.20,26.60,83.77,16.14,115.54,24.01,264.00,16.10,14.03,17.09,0.00,2.30,66.20,22.53,170.00,39.05,31.76,28.95,94.63,50.50,190.42,43.17,154.00,2.00,1.37,2.00,12.00,2.00,46.63,2.00,4.00,322.24,322.00,280.00,11.00,590.26,589.88,528.00,11.00,144.92,144.38,335.00,13.00,591.68,591.25,539.00,11.00,33.52,33.25,106.00,9.00,0,휴식 (Relax)
328.00,605.00,140.00,616.00,39.00,50.86,24.42,19.37,64.50,14.24,108.72,12.80,24.00,19.78,26.20,26.60,83.77,16.14,115.54,24.01,264.00,16.10,14.03,17.09,0.00,2.30,66.20,22.53,170.00,39.05,31.76,28.95,94.63,50.50,190.42,43.17,154.00,2.00,1.37,2.00,12.00,2.00,46.63,2.00,4.00,322.74,322.50,272.00,11.00,590.26,589.88,506.00,11.00,144.92,144.38,329.00,13.00,591.68,591.25,528.00,11.00,33.52,33.25,99.00,9.00,0,휴식 (Relax)
312.00,561.00,151.00,572.00,26.00,50.86,24.42,19.37,64.50,14.24,108.72,12.80,24.00,19.78,26.20,26.60,83.77,16.14,115.54,24.01,264.00,16.10,14.03,17.09,0.00,2.30,66.20,22.53,170.00,39.05,31.76,28.95,94.63,50.50,190.42,43.17,154.00,2.00,1.37,2.00,12.00,2.00,46.63,2.00,4.00,322.74,322.50,264.00,11.00,590.26,589.88,495.00,11.00,144.92,144.38,324.00,13.00,591.68,591.25,561.00,12.00,33.52,33.25,102.00,9.00,0,휴식 (Relax)
336.00,594.00,135.00,594.00,36.00,50.86,24.42,19.37,64.50,14.24,108.72,12.80,24.00,24.01,21.49,16.14,104.36,26.60,98.50,19.78,242.00,16.10,14.03,17.09,0.00,2.30,66.20,22.53,170.00,47.98,39.80,38.90,85.91,42.13,194.58,40.86,143.00,2.00,1.37,2.00,12.00,2.00,46.63,2.00,4.00,322.74,322.50,272.00,11.00,588.85,588.50,484.00,11.00,144.92,144.38,307.00,13.00,592.36,591.94,528.00,12.00,33.52,33.25,109.00,10.00,0,휴식 (Relax)
320.00,583.00,168.00,627.00,36.00,50.86,24.42,19.37,64.50,14.24,108.72,12.80,24.00,23.34,28.51,26.49,108.34,36.53,87.51,28.41,231.00,16.10,14.03,17.09,0.00,2.30,66.20,22.53,170.00,37.16,28.94,32.23,79.32,32.23,190.87,37.16,132.00,2.12,3.30,4.64,12.37,4.64,46.72,2.12,1.00,322.74,322.50,264.00,11.00,589.52,589.19,440.00,11.00,144.92,144.38,297.00,13.00,591.63,591.25,495.00,11.00,33.72,33.44,107.00,10.00,0,휴식 (Relax)
320.00,605.00,115.00,551.00,31.00,28.05,34.91,16.89,40.79,31.54,103.99,22.20,0.00,21.84,6.71,21.75,88.68,42.97,74.30,50.27,209.00,7.16,19.36,17.16,10.00,7.84,76.19,32.51,180.00,16.98,24.34,48.03,62.94,36.15,209.82,51.99,153.00,2.12,3.30,4.64,12.37,4.64,46.72,2.12,1.00,321.20,321.00,248.00,11.00,588.08,587.81,407.00,11.00,144.40,143.75,313.00,13.00,590.38,589.94,527.00,11.00,33.72,33.44,104.00,10.00,0,휴식 (Relax)
320.00,572.00,156.00,594.00,31.00,20.06,42.91,24.72,43.08,32.92,99.03,14.37,8.00,21.84,6.71,21.75,88.68,42.97,74.30,50.27,209.00,2.42,25.36,23.14,11.66,7.34,72.28,26.92,174.00,16.03,44.32,67.18,79.88,52.97,189.41,31.05,131.00,5.88,7.27,10.93,16.28,10.93,38.74,5.88,9.00,320.69,320.50,224.00,10.00,588.08,587.81,429.00,12.00,143.99,143.38,322.00,13.00,588.97,588.56,515.00,11.00,33.19,32.94,93.00,9.00,0,휴식 (Relax)
312.00,561.00,151.00,594.00,36.00,27.73,37.74,24.24,35.78,40.89,91.12,6.54,16.00,25.35,24.74,37.80,108.34,22.13,93.95,68.55,187.00,22.67,18.42,23.36,31.58,28.33,77.40,19.54,153.00,20.20,21.22,75.86,67.08,82.03,179.75,2.00,98.00,3.31,2.83,7.78,11.70,17.50,34.09,13.65,17.00,321.17,321.00,200.00,9.00,586.74,586.44,429.00,11.00,145.26,144.69,306.00,12.00,590.99,590.62,471.00,10.00,33.67,33.44,93.00,10.00,0,휴식 (Relax)
336.00,616.00,135.00,583.00,31.00,27.73,37.74,24.24,35.78,40.89,91.12,6.54,16.00,29.55,12.35,46.17,118.98,32.23,114.71,84.19,165.00,8.93,10.54,7.54,32.57,37.67,92.32,30.73,137.00,15.91,22.49,53.99,45.61,85.04,192.60,23.66,76.00,1.53,1.17,5.94,9.85,17.48,34.65,15.39,19.00,321.17,321.00,216.00,10.00,588.16,587.81,473.00,12.00,144.27,143.69,316.00,13.00,589.60,589.25,482.00,11.00,33.55,33.31,92.00,10.00,0,휴식 (Relax)
328.00,605.00,135.00,616.00,45.00,27.73,37.74,24.24,35.78,40.89,91.12,6.54,16.00,29.55,12.35,46.17,118.98,32.23,114.71,84.19,165.00,11.40,8.65,11.75,42.20,42.32,83.42,21.00,147.00,10.19,27.01,57.84,49.65,76.65,203.53,33.94,65.00,7.46,7.15,11.20,13.45,12.32,40.09,19.78,25.00,321.17,321.00,216.00,9.00,588.16,587.81,451.00,11.00,143.67,143.06,310.00,13.00,590.32,589.94,482.00,11.00,34.02,33.69,95.00,10.00,0,휴식 (Relax)
288.00,572.00,145.00,583.00,28.00,39.09,8.02,48.50,57.69,14.40,112.85,32.12,48.00,29.55,12.35,46.17,118.98,32.23,114.71,84.19,165.00,16.99,8.34,17.28,41.19,36.46,85.30,26.98,141.00,10.66,37.90,51.17,40.22,86.77,195.08,26.45,76.00,7.46,7.15,11.20,13.45,12.32,40.09,19.78,25.00,319.27,319.00,248.00,9.00,588.16,587.81,451.00,11.00,143.28,142.69,304.00,13.00,590.99,590.62,504.00,12.00,34.02,33.69,104.00,10.00,0,휴식 (Relax)
344.00,605.00,140.00,583.00,33.00,25.00,17.38,38.02,50.60,27.43,128.82,47.93,64.00,29.55,12.35,46.17,118.98,32.23,114.71,84.19,165.00,12.02,11.51,17.65,46.17,35.99,83.33,31.51,136.00,10.66,37.90,51.17,40.22,86.77,195.08,26.45,76.00,5.57,7.67,13.98,15.81,12.27,39.00,19.57,22.00,320.32,320.00,280.00,7.00,588.16,587.81,440.00,11.00,143.58,143.00,288.00,13.00,590.99,590.62,482.00,11.00,33.83,33.50,106.00,10.00,0,휴식 (Relax)
328.00,594.00,162.00,627.00,33.00,5.82,33.62,55.42,73.76,19.28,114.36,29.58,40.00,59.93,34.71,27.33,140.01,25.89,83.80,68.34,132.00,7.45,17.50,23.59,46.04,30.60,88.87,27.64,142.00,22.52,46.01,51.16,59.62,67.14,210.12,37.30,98.00,5.57,7.67,13.98,15.81,12.27,39.00,19.57,22.00,321.80,321.50,272.00,8.00,590.18,589.88,385.00,10.00,143.99,143.38,279.00,13.00,592.42,592.00,493.00,11.00,33.83,33.50,104.00,10.00,0,휴식 (Relax)
320.00,594.00,125.00,561.00,33.00,11.75,32.42,48.94,72.44,27.19,116.37,28.70,32.00,39.66,36.81,17.46,118.98,58.88,78.40,53.69,99.00,7.45,17.50,23.59,46.04,30.60,88.87,27.64,142.00,17.64,49.11,40.38,56.29,58.69,221.12,47.69,109.00,5.34,5.85,14.95,17.49,13.89,37.12,18.20,24.00,321.30,321.00,272.00,8.00,588.04,587.81,330.00,9.00,143.99,143.38,285.00,13.00,591.76,591.31,515.00,11.00,33.95,33.62,96.00,9.00,0,휴식 (Relax)
328.00,583.00,156.00,605.00,31.00,3.81,27.55,47.36,64.50,31.93,123.45,32.79,24.00,40.84,26.30,25.24,110.00,63.73,86.81,48.43,88.00,7.45,17.50,23.59,46.04,30.60,88.87,27.64,142.00,22.54,59.43,35.18,67.08,55.78,213.53,36.76,98.00,10.94,11.18,7.19,22.67,14.62,30.05,11.61,32.00,321.80,321.50,256.00,9.00,588.72,588.50,330.00,10.00,143.99,143.38,295.00,13.00,591.05,590.62,504.00,11.00,33.43,33.12,87.00,8.00,0,휴식 (Relax)
320.00,572.00,151.00,605.00,31.00,20.26,7.17,25.13,65.97,47.40,100.94,17.19,48.00,43.86,36.58,16.98,116.93,57.81,97.73,41.31,77.00,20.85,12.04,9.13,62.03,14.78,96.31,23.49,126.00,26.20,28.18,30.20,73.35,16.00,219.85,21.95,54.00,7.95,10.81,7.88,20.81,12.63,29.48,8.90,35.00,323.23,323.00,232.00,9.00,588.04,587.81,341.00,10.00,144.98,144.38,290.00,12.00,593.76,593.38,482.00,11.00,33.59,33.31,82.00,8.00,0,휴식 (Relax)
344.00,605.00,151.00,594.00,28.00,35.68,9.77,15.55,81.58,34.47,108.08,29.68,32.00,32.13,32.85,20.00,134.27,35.97,112.76,25.73,55.00,26.83,10.34,12.49,62.51,18.87,90.47,26.08,132.00,34.75,34.47,26.44,83.38,26.67,210.50,14.23,65.00,12.84,8.03,11.88,16.97,7.88,32.73,3.97,40.00,324.27,324.00,256.00,10.00,589.43,589.19,352.00,10.00,145.36,144.75,285.00,11.00,594.44,594.06,460.00,9.00,33.31,33.00,79.00,7.00,0,휴식 (Relax)
328.00,594.00,140.00,605.00,42.00,35.68,9.77,15.55,81.58,34.47,108.08,29.68,32.00,40.00,24.81,26.57,128.28,35.07,113.74,18.32,44.00,26.83,10.34,12.49,62.51,18.87,90.47,26.08,132.00,29.90,23.48,37.22,88.19,30.83,199.77,8.59,76.00,10.42,10.82,9.72,19.21,8.47,35.73,1.07,43.00,324.27,324.00,256.00,9.00,588.73,588.50,319.00,9.00,145.36,144.75,285.00,11.00,593.73,593.38,427.00,9.00,33.53,33.19,80.00,7.00,0,휴식 (Relax)
304.00,583.00,145.00,572.00,26.00,31.97,14.26,9.44,89.44,26.47,115.05,22.18,40.00,19.80,46.75,11.22,110.00,56.38,101.97,13.23,22.00,23.30,16.34,13.99,63.56,24.85,92.09,20.29,126.00,29.90,23.48,37.22,88.19,30.83,199.77,8.59,76.00,10.42,10.82,9.72,19.21,8.47,35.73,1.07,43.00,323.80,323.50,256.00,9.00,590.07,589.88,297.00,9.00,144.98,144.38,274.00,11.00,593.73,593.38,438.00,9.00,33.53,33.19,86.00,7.00,0,휴식 (Relax)
328.00,605.00,140.00,594.00,31.00,33.11,22.25,15.24,88.36,30.69,107.41,28.32,32.00,9.26,55.44,21.26,103.77,51.10,112.50,15.47,33.00,24.48,13.33,9.01,68.45,27.44,89.89,15.32,121.00,29.90,23.48,37.22,88.19,30.83,199.77,8.59,76.00,11.88,10.39,4.76,23.32,7.93,36.00,5.41,38.00,323.28,323.00,264.00,9.00,590.76,590.56,308.00,9.00,145.28,144.69,246.00,11.00,593.73,593.38,427.00,10.00,33.22,32.88,91.00,8.00,0,휴식 (Relax)
328.00,572.00,162.00,616.00,36.00,28.93,17.84,9.90,96.33,27.69,104.01,33.38,24.00,20.26,54.45,16.59,94.63,59.28,122.24,25.31,44.00,25.52,13.01,12.11,67.48,24.81,84.29,10.52,115.00,39.01,31.88,26.62,78.77,34.43,190.52,19.29,65.00,11.88,10.39,4.76,23.32,7.93,36.00,5.41,38.00,323.78,323.50,264.00,9.00,590.09,589.88,319.00,9.00,144.85,144.31,215.00,11.00,593.01,592.69,373.00,9.00,33.22,32.88,91.00,8.00,0,휴식 (Relax)
320.00,594.00,130.00,572.00,33.00,28.93,17.84,9.90,96.33,27.69,104.01,33.38,24.00,30.76,62.78,26.61,88.68,49.97,119.20,14.32,33.00,19.81,24.84,22.69,52.61,9.85,70.76,14.81,100.00,18.32,12.08,35.07,69.57,26.57,169.98,40.00,44.00,12.58,8.42,3.33,25.06,7.04,34.02,4.60,40.00,323.78,323.50,272.00,10.00,589.39,589.19,308.00,9.00,145.64,145.25,206.00,7.00,594.25,594.00,374.00,7.00,33.34,33.00,94.00,7.00,0,휴식 (Relax)
320.00,594.00,145.00,583.00,33.00,28.93,17.84,9.90,96.33,27.69,104.01,33.38,24.00,18.49,41.08,20.44,70.43,58.92,132.02,11.18,11.00,26.51,14.93,15.60,55.36,10.62,68.37,25.47,89.00,29.25,18.05,41.21,80.08,16.72,164.38,49.91,33.00,14.12,7.49,1.44,24.17,5.71,35.27,4.70,38.00,323.78,323.50,264.00,10.00,590.75,590.56,297.00,9.00,144.93,144.56,216.00,12.00,593.57,593.31,385.00,9.00,33.46,33.12,89.00,6.00,0,휴식 (Relax)
312.00,572.00,145.00,594.00,31.00,28.93,17.84,9.90,96.33,27.69,104.01,33.38,24.00,23.69,36.23,31.33,64.14,48.20,121.08,2.39,22.00,32.22,14.97,20.09,49.77,4.98,64.95,19.63,95.00,29.25,18.05,41.21,80.08,16.72,164.38,49.91,33.00,9.37,7.14,5.03,28.79,1.32,35.20,6.42,33.00,323.78,323.50,248.00,9.00,591.41,591.25,264.00,9.00,144.55,144.19,200.00,11.00,593.57,593.31,385.00,9.00,33.15,32.81,86.00,6.00,0,휴식 (Relax)
344.00,594.00,145.00,583.00,31.00,21.94,22.25,4.47,104.31,35.50,107.41,28.26,16.00,10.69,32.98,28.22,46.67,50.08,104.94,21.28,44.00,22.31,8.56,12.74,54.38,11.70,55.22,13.23,105.00,29.25,18.05,41.21,80.08,16.72,164.38,49.91,33.00,9.37,7.14,5.03,28.79,1.32,35.20,6.42,33.00,324.31,324.00,272.00,10.00,590.00,589.88,275.00,10.00,145.15,144.81,200.00,11.00,593.57,593.31,363.00,9.00,33.15,32.81,72.00,5.00,0,휴식 (Relax)
328.00,594.00,140.00,605.00,42.00,21.94,22.25,4.47,104.31,35.50,107.41,28.26,16.00,12.75,28.20,39.13,39.66,39.13,105.18,12.75,33.00,18.24,4.74,16.08,50.22,8.70,59.58,14.32,100.00,34.20,7.12,31.80,83.77,6.32,153.84,51.18,44.00,6.69,4.35,2.79,26.00,4.27,32.20,7.01,30.00,324.31,324.00,248.00,9.00,589.30,589.19,242.00,9.00,145.45,145.12,195.00,6.00,592.87,592.62,352.00,9.00,32.90,32.62,66.00,5.00,0,휴식 (Relax)
304.00,583.00,145.00,572.00,28.00,24.50,15.03,14.02,88.36,23.91,93.46,12.95,0.00,14.58,38.20,35.20,31.11,35.20,98.35,14.58,22.00,18.24,4.74,16.08,50.22,8.70,59.58,14.32,100.00,38.17,6.49,23.14,93.98,16.54,159.27,45.71,33.00,6.69,4.35,2.79,26.00,4.27,32.20,7.01,30.00,325.22,325.00,216.00,9.00,589.98,589.88,220.00,9.00,145.45,145.12,195.00,6.00,592.20,591.94,385.00,10.00,32.90,32.62,75.00,5.00,0,휴식 (Relax)
336.00,594.00,151.00,583.00,31.00,18.95,21.56,11.08,88.00,16.16,85.69,4.98,8.00,8.47,28.51,26.98,39.66,44.64,87.51,24.40,11.00,20.45,7.48,18.86,59.54,19.39,55.26,14.36,89.00,38.17,6.49,23.14,93.98,16.54,159.27,45.71,33.00,6.56,3.86,3.00,27.86,3.00,32.14,6.56,28.00,324.70,324.50,232.00,10.00,589.28,589.19,220.00,10.00,146.13,145.81,179.00,6.00,592.20,591.94,352.00,9.00,32.78,32.50,78.00,5.00,0,휴식 (Relax)
320.00,583.00,156.00,616.00,33.00,12.86,29.32,18.61,80.00,18.61,90.00,12.86,0.00,10.17,28.35,16.93,34.79,36.96,96.75,13.42,22.00,16.33,3.24,22.89,56.86,21.60,50.00,15.58,83.00,36.72,15.85,34.14,83.77,9.27,149.99,35.66,22.00,6.56,3.86,3.00,27.86,3.00,32.14,6.56,28.00,324.20,324.00,240.00,10.00,588.59,588.50,231.00,11.00,145.72,145.44,147.00,5.00,591.47,591.25,319.00,9.00,32.78,32.50,80.00,5.00,0,휴식 (Relax)
328.00,594.00,130.00,572.00,33.00,20.26,25.84,15.15,80.40,15.15,88.93,20.26,8.00,10.17,28.35,16.93,34.79,36.96,96.75,13.42,22.00,20.76,4.34,18.51,52.33,18.91,45.18,16.40,78.00,42.04,14.77,31.72,80.08,1.83,139.23,24.72,11.00,6.56,3.86,3.00,27.86,3.00,32.14,6.56,28.00,324.70,324.50,240.00,10.00,588.59,588.50,231.00,11.00,146.00,145.75,142.00,5.00,592.13,591.94,319.00,9.00,32.78,32.50,78.00,5.00,0,휴식 (Relax)
320.00,594.00,151.00,594.00,31.00,12.31,23.33,9.76,88.36,7.40,82.94,26.88,16.00,15.23,17.65,6.84,33.00,26.06,102.85,22.23,11.00,15.76,6.32,18.33,54.71,13.92,43.01,16.78,73.00,33.20,7.47,22.32,90.71,11.30,133.61,14.42,0.00,6.56,3.86,3.00,27.86,3.00,32.14,6.56,28.00,324.20,324.00,240.00,10.00,589.28,589.19,220.00,11.00,145.67,145.44,158.00,6.00,591.44,591.25,341.00,10.00,32.78,32.50,80.00,5.00,0,휴식 (Relax)
312.00,561.00,145.00,583.00,31.00,6.78,17.48,1.88,89.44,14.12,90.94,22.78,8.00,6.07,24.81,17.29,44.00,25.87,113.74,30.51,0.00,10.35,12.32,13.36,49.65,16.72,41.11,18.73,79.00,14.42,16.01,11.30,88.00,22.32,129.17,33.20,22.00,6.56,3.86,3.00,27.86,3.00,32.14,6.56,28.00,323.71,323.50,224.00,9.00,588.62,588.50,220.00,11.00,145.29,145.06,164.00,7.00,590.05,589.88,341.00,11.00,32.78,32.50,77.00,5.00,0,휴식 (Relax)
328.00,594.00,151.00,583.00,26.00,17.38,2.38,16.11,73.76,21.34,80.76,27.84,24.00,6.84,28.20,22.23,45.35,15.23,105.18,26.06,11.00,10.35,12.32,13.36,49.65,16.72,41.11,18.73,79.00,6.84,23.68,22.23,77.00,15.23,137.99,26.06,11.00,8.38,2.82,3.70,27.20,3.70,33.59,8.38,30.00,322.67,322.50,224.00,10.00,587.92,587.81,242.00,12.00,145.29,145.06,159.00,7.00,589.37,589.19,330.00,11.00,32.67,32.38,68.00,4.00,0,휴식 (Relax)
328.00,583.00,145.00,616.00,42.00,17.38,2.38,16.11,73.76,21.34,80.76,27.84,24.00,16.14,27.30,19.78,34.79,24.01,106.56,26.60,0.00,12.47,13.37,13.91,45.61,21.68,45.97,14.03,74.00,16.14,24.36,19.78,77.78,24.01,148.84,26.60,0.00,8.38,2.82,3.70,27.20,3.70,33.59,8.38,30.00,322.67,322.50,200.00,9.00,587.23,587.12,242.00,12.00,145.59,145.38,160.00,8.00,590.08,589.88,330.00,11.00,32.67,32.38,68.00,4.00,0,휴식 (Relax)
304.00,594.00,140.00,572.00,24.00,17.38,2.38,16.11,73.76,21.34,80.76,27.84,24.00,10.85,35.18,30.12,39.66,25.40,100.68,27.39,11.00,12.30,8.93,18.06,48.84,23.60,48.81,9.03,69.00,16.14,24.36,19.78,77.78,24.01,148.84,26.60,0.00,9.38,1.03,4.48,27.86,4.48,34.97,9.38,32.00,322.67,322.50,200.00,9.00,587.92,587.81,231.00,12.00,145.29,145.06,160.00,8.00,590.08,589.88,352.00,11.00,32.58,32.25,81.00,5.00,0,휴식 (Relax)
344.00,594.00,140.00,594.00,33.00,12.71,16.57,31.80,72.00,8.09,96.57,23.52,40.00,12.95,24.32,24.80,49.19,18.79,90.11,28.29,22.00,12.30,8.93,18.06,48.84,23.60,48.81,9.03,69.00,16.14,24.36,19.78,77.78,24.01,148.84,26.60,0.00,9.15,2.25,5.80,26.00,3.81,35.03,10.01,34.00,323.71,323.50,240.00,10.00,587.21,587.12,198.00,11.00,145.29,145.06,138.00,7.00,590.08,589.88,352.00,12.00,32.70,32.38,85.00,5.00,0,휴식 (Relax)
296.00,551.00,156.00,594.00,28.00,25.95,25.73,39.03,40.00,24.03,118.57,32.64,72.00,27.28,21.41,42.95,61.52,39.78,109.12,37.10,1.00,17.54,7.45,17.40,45.00,17.94,44.16,6.31,63.00,16.40,23.86,35.25,56.09,3.05,131.68,48.49,22.00,9.63,7.62,3.84,24.08,4.49,30.30,12.98,42.00,321.78,321.50,280.00,10.00,585.96,585.81,219.00,11.00,144.88,144.69,122.00,7.00,588.67,588.50,308.00,11.00,32.21,31.88,87.00,6.00,0,휴식 (Relax)
352.00,616.00,135.00,594.00,36.00,22.81,9.39,11.82,51.22,47.55,125.12,54.47,104.00,21.33,9.40,31.63,78.77,52.06,119.22,57.61,21.00,12.54,4.63,22.01,41.11,18.60,39.17,9.20,58.00,9.80,7.80,22.05,64.14,19.09,109.72,69.72,44.00,9.79,5.19,1.68,27.07,5.75,27.41,14.15,45.00,323.86,323.50,336.00,11.00,587.38,587.19,284.00,12.00,145.16,145.00,128.00,4.00,590.03,589.88,297.00,11.00,32.41,32.06,95.00,7.00,0,휴식 (Relax)
320.00,594.00,151.00,616.00,36.00,22.81,9.39,11.82,51.22,47.55,125.12,54.47,104.00,21.33,9.40,31.63,78.77,52.06,119.22,57.61,21.00,7.23,3.35,26.45,37.44,12.67,43.37,3.97,64.00,38.01,27.59,52.05,39.66,30.34,133.69,46.75,11.00,11.75,5.99,4.43,27.02,7.63,30.07,14.14,42.00,323.86,323.50,360.00,12.00,587.38,587.19,284.00,11.00,145.54,145.38,144.00,9.00,592.12,591.94,308.00,10.00,32.61,32.25,93.00,7.00,0,휴식 (Relax)
312.00,583.00,140.00,572.00,28.00,22.81,9.39,11.82,51.22,47.55,125.12,54.47,104.00,31.13,3.25,41.52,69.81,41.06,110.06,67.50,32.00,10.66,6.26,28.17,33.42,10.79,43.85,2.11,69.00,24.05,23.68,42.27,59.24,50.28,137.99,48.65,11.00,9.01,3.19,3.58,30.02,10.42,31.17,15.79,39.00,323.86,323.50,336.00,11.00,588.05,587.88,273.00,11.00,145.24,145.06,155.00,10.00,590.76,590.56,341.00,10.00,32.44,32.06,101.00,8.00,0,휴식 (Relax)
336.00,594.00,151.00,594.00,28.00,15.18,12.70,13.57,45.25,42.81,117.98,53.60,112.00,31.13,3.25,41.52,69.81,41.06,110.06,67.50,32.00,9.09,1.39,22.18,37.48,16.16,40.60,6.95,75.00,26.21,15.06,34.01,64.14,52.11,132.97,56.43,22.00,6.03,0.86,6.52,30.27,10.64,32.36,13.26,42.00,323.33,323.00,344.00,12.00,588.05,587.88,284.00,12.00,145.62,145.44,161.00,11.00,591.45,591.25,341.00,10.00,32.27,31.88,90.00,7.00,0,휴식 (Relax)
320.00,572.00,156.00,616.00,39.00,10.94,20.69,21.53,40.00,38.74,120.61,57.38,104.00,13.89,24.67,62.41,54.20,29.74,124.05,62.96,10.00,21.50,16.94,22.66,28.79,12.66,56.17,11.50,59.00,28.60,4.22,24.01,73.79,61.14,143.36,46.13,11.00,3.22,3.62,8.48,27.29,7.71,29.55,16.20,39.00,322.83,322.50,336.00,12.00,586.69,586.50,295.00,12.00,146.63,146.44,161.00,11.00,592.16,591.94,330.00,9.00,32.03,31.69,87.00,7.00,0,휴식 (Relax)
328.00,627.00,135.00,583.00,31.00,25.13,16.82,26.90,25.30,14.83,113.02,78.13,80.00,47.52,29.87,50.01,93.05,15.22,130.54,88.42,34.00,11.50,11.53,12.66,38.33,22.66,64.72,21.50,49.00,30.84,7.47,27.61,69.57,52.61,133.61,57.13,22.00,5.62,2.05,9.85,27.89,6.40,26.83,19.15,36.00,324.30,324.00,312.00,12.00,589.51,589.25,339.00,12.00,146.03,145.81,176.00,11.00,592.83,592.62,352.00,10.00,32.20,31.88,92.00,8.00,0,휴식 (Relax)
336.00,583.00,151.00,605.00,42.00,25.13,16.82,26.90,25.30,14.83,113.02,78.13,80.00,39.64,19.29,39.51,97.49,19.66,125.96,98.86,45.00,11.50,11.53,12.66,38.33,22.66,64.72,21.50,49.00,37.72,28.69,49.49,49.19,49.49,141.38,37.72,0.00,15.29,12.55,20.72,17.46,7.02,32.07,11.47,47.00,324.30,324.00,304.00,11.00,588.83,588.56,372.00,12.00,146.03,145.81,187.00,12.00,594.20,594.00,341.00,6.00,32.97,32.56,101.00,9.00,0,휴식 (Relax)
296.00,572.00,140.00,572.00,26.00,28.41,13.27,34.57,28.84,15.02,136.53,56.11,104.00,37.73,17.66,33.15,107.42,26.64,136.18,87.91,34.00,11.32,27.35,26.51,23.26,16.02,58.70,34.71,33.00,51.29,34.99,55.04,49.19,22.36,132.86,39.79,44.00,10.75,8.30,19.90,21.26,8.95,31.92,12.98,54.00,322.87,322.50,336.00,11.00,588.15,587.88,372.00,11.00,145.02,144.81,172.00,10.00,591.45,591.25,330.00,10.00,32.58,32.12,117.00,10.00,0,휴식 (Relax)
344.00,605.00,140.00,594.00,33.00,17.60,2.80,19.78,43.08,19.17,146.18,47.53,120.00,35.38,10.88,27.48,112.38,36.80,146.29,78.40,23.00,4.52,20.61,21.13,21.00,7.78,50.29,42.01,23.00,32.29,13.16,33.47,69.57,8.52,117.74,59.77,66.00,10.75,8.30,19.90,21.26,8.95,31.92,12.98,54.00,323.91,323.50,376.00,11.00,588.85,588.56,405.00,12.00,145.60,145.44,151.00,11.00,592.80,592.62,330.00,10.00,32.58,32.12,122.00,11.00,0,휴식 (Relax)
320.00,583.00,162.00,627.00,33.00,17.60,2.80,19.78,43.08,19.17,146.18,47.53,120.00,41.43,21.26,38.48,102.93,39.04,150.86,72.60,12.00,9.79,25.34,30.01,10.00,18.61,61.17,37.86,34.00,9.40,28.02,43.64,85.91,40.53,150.63,26.85,33.00,10.32,6.45,18.63,22.63,10.95,33.92,11.08,52.00,323.91,323.50,392.00,12.00,588.17,587.88,394.00,12.00,146.33,146.12,167.00,11.00,594.92,594.69,352.00,9.00,32.70,32.25,122.00,11.00,0,휴식 (Relax)
320.00,583.00,140.00,561.00,28.00,10.42,9.00,27.59,35.78,11.22,140.11,50.88,128.00,24.15,11.72,36.05,93.05,27.16,145.39,73.73,10.00,7.32,20.39,26.25,11.18,20.55,64.33,38.87,39.00,25.38,11.19,23.73,103.77,54.63,167.90,12.85,11.00,12.08,9.34,17.31,24.84,12.22,36.26,8.08,49.00,324.39,324.00,376.00,11.00,589.50,589.25,361.00,11.00,146.03,145.81,183.00,11.00,593.60,593.31,418.00,10.00,32.53,32.06,122.00,12.00,0,휴식 (Relax)
320.00,594.00,145.00,605.00,33.00,18.32,8.89,24.16,40.00,12.01,132.12,57.35,136.00,24.15,11.72,36.05,93.05,27.16,145.39,73.73,10.00,10.17,15.89,29.07,6.40,24.70,65.03,35.52,33.00,3.41,20.22,28.72,93.98,52.17,172.75,28.24,11.00,6.51,8.18,24.31,21.02,9.90,37.86,3.58,42.00,323.90,323.50,376.00,11.00,589.50,589.25,361.00,11.00,145.65,145.44,182.00,10.00,594.97,594.69,429.00,10.00,32.93,32.50,111.00,12.00,0,휴식 (Relax)
312.00,572.00,151.00,583.00,31.00,34.00,24.58,37.89,28.84,4.05,143.23,41.76,120.00,35.09,3.85,31.25,89.74,34.06,156.23,64.83,1.00,5.19,16.68,23.20,11.70,30.19,70.00,30.97,27.00,35.97,34.07,53.85,64.14,27.79,159.56,61.21,44.00,16.93,5.73,22.41,12.04,4.05,34.37,12.60,31.00,322.91,322.50,360.00,10.00,588.83,588.56,372.00,11.00,146.03,145.81,183.00,11.00,592.89,592.62,407.00,10.00,32.15,31.81,95.00,11.00,0,휴식 (Relax)
328.00,605.00,130.00,572.00,31.00,18.19,15.90,26.33,50.60,26.33,145.78,18.19,96.00,24.82,8.78,23.82,100.44,31.82,162.86,54.37,12.00,14.81,23.02,26.64,17.80,31.98,79.80,22.00,17.00,35.97,34.07,53.85,64.14,27.79,159.56,61.21,44.00,10.15,9.16,15.94,17.89,5.29,28.92,19.57,24.00,324.37,324.00,336.00,10.00,589.53,589.25,405.00,12.00,145.45,145.19,204.00,12.00,592.89,592.62,396.00,9.00,32.53,32.25,86.00,10.00,0,휴식 (Relax)
320.00,572.00,168.00,627.00,36.00,28.58,12.41,13.25,62.48,39.93,133.77,15.14,72.00,42.85,19.70,45.62,107.42,13.56,161.90,32.41,34.00,14.01,5.42,48.88,22.02,21.72,98.33,7.14,11.00,28.06,30.96,71.28,39.66,48.96,191.18,43.58,11.00,8.14,12.14,13.81,16.76,6.63,31.92,16.95,27.00,322.83,322.50,296.00,10.00,588.17,587.88,395.00,12.00,147.29,146.94,226.00,12.00,595.01,594.69,451.00,11.00,32.73,32.44,86.00,10.00,0,휴식 (Relax)
312.00,583.00,135.00,561.00,28.00,25.31,18.80,28.40,51.22,38.41,118.79,30.29,56.00,31.92,15.46,47.53,79.32,19.02,141.74,15.26,66.00,7.43,16.20,36.00,18.38,12.34,101.58,26.09,32.00,25.80,10.89,42.35,69.57,53.90,209.58,57.86,22.00,8.14,12.14,13.81,16.76,6.63,31.92,16.95,27.00,323.77,323.50,248.00,9.00,590.09,589.88,341.00,11.00,145.99,145.62,238.00,12.00,593.01,592.62,517.00,11.00,32.73,32.44,86.00,10.00,0,휴식 (Relax)
336.00,605.00,135.00,583.00,42.00,22.68,3.07,23.25,40.00,25.60,104.26,46.15,40.00,28.41,5.92,36.53,73.79,26.49,130.95,23.34,77.00,7.43,16.20,36.00,18.38,12.34,101.58,26.09,32.00,30.09,11.81,46.54,66.91,61.65,211.26,48.20,11.00,10.95,13.09,19.80,19.42,9.41,32.29,16.61,33.00,322.71,322.50,240.00,9.00,589.38,589.19,341.00,12.00,145.99,145.62,222.00,11.00,592.32,591.94,517.00,11.00,33.17,32.81,100.00,11.00,0,휴식 (Relax)
296.00,583.00,145.00,605.00,33.00,29.34,23.21,46.28,25.30,48.77,114.15,27.62,64.00,24.64,12.97,34.07,64.14,31.24,140.27,12.66,66.00,13.00,18.03,41.71,17.03,7.87,95.79,29.76,38.00,33.88,14.38,57.49,56.09,52.00,202.32,59.09,22.00,8.31,14.51,18.99,17.03,8.74,30.62,18.28,36.00,321.27,321.00,272.00,10.00,588.69,588.50,352.00,12.00,145.61,145.25,221.00,10.00,591.61,591.25,495.00,11.00,32.97,32.62,101.00,10.00,0,휴식 (Relax)
336.00,605.00,145.00,594.00,31.00,31.50,15.31,38.44,8.00,58.54,110.37,31.87,88.00,40.58,10.46,17.42,56.09,52.93,147.21,9.41,44.00,9.62,20.13,41.50,22.02,11.36,91.46,31.82,43.00,38.19,28.00,55.07,56.09,59.52,180.59,80.53,44.00,11.27,11.59,16.58,15.26,5.98,27.71,20.93,39.00,322.78,322.50,288.00,10.00,590.08,589.88,363.00,12.00,145.91,145.56,210.00,9.00,592.97,592.62,484.00,10.00,33.14,32.81,103.00,10.00,0,휴식 (Relax)
320.00,594.00,145.00,605.00,36.00,21.72,6.36,24.92,24.00,51.82,99.07,45.94,104.00,40.58,10.46,17.42,56.09,52.93,147.21,9.41,44.00,12.18,14.37,35.98,23.09,16.76,90.18,32.98,49.00,47.22,38.75,65.64,45.35,48.65,187.19,71.62,33.00,19.12,6.22,10.22,9.43,13.20,34.86,12.95,31.00,321.76,321.50,288.00,10.00,590.08,589.88,352.00,11.00,145.53,145.19,205.00,9.00,593.66,593.31,473.00,10.00,33.62,33.31,97.00,8.00,0,휴식 (Relax)
320.00,572.00,145.00,583.00,31.00,21.72,6.36,24.92,24.00,51.82,99.07,45.94,104.00,40.58,10.46,17.42,56.09,52.93,147.21,9.41,44.00,18.59,6.59,28.86,33.73,19.78,84.43,35.86,38.00,15.33,33.74,52.77,62.23,52.34,186.22,62.62,0.00,12.94,7.63,9.72,5.00,16.12,38.52,5.84,23.00,321.76,321.50,280.00,9.00,590.08,589.88,319.00,11.00,144.82,144.50,184.00,9.00,591.58,591.25,462.00,10.00,33.10,32.81,94.00,10.00,0,휴식 (Relax)
336.00,594.00,145.00,594.00,28.00,29.26,14.19,25.65,32.00,56.02,105.18,38.62,96.00,23.89,38.25,22.15,24.60,29.34,117.40,38.28,11.00,16.36,9.01,24.53,37.12,29.69,74.91,43.65,28.00,26.31,24.33,43.56,70.43,63.33,179.10,67.32,11.00,12.36,8.11,7.79,2.00,17.89,39.27,7.64,26.00,322.28,322.00,288.00,10.00,587.94,587.81,297.00,11.00,145.42,145.12,168.00,7.00,592.26,591.94,451.00,10.00,32.93,32.62,86.00,9.00,0,휴식 (Relax)
336.00,594.00,162.00,638.00,39.00,29.26,14.19,25.65,32.00,56.02,105.18,38.62,96.00,22.06,29.29,25.85,22.00,37.54,114.80,47.70,0.00,23.43,14.80,13.67,47.17,28.66,84.92,32.97,39.00,58.40,9.45,22.64,94.63,60.36,211.95,45.98,22.00,13.60,7.36,4.85,3.61,15.06,36.66,6.98,23.00,322.28,322.00,248.00,9.00,588.63,588.50,286.00,11.00,146.16,145.81,174.00,7.00,594.42,594.00,462.00,7.00,32.70,32.44,81.00,9.00,0,휴식 (Relax)
312.00,594.00,125.00,561.00,28.00,44.00,22.79,14.44,16.00,40.34,95.96,36.72,80.00,25.85,35.48,47.70,0.00,22.06,104.12,37.54,22.00,9.95,19.62,25.44,54.41,43.22,91.62,18.15,54.00,49.35,4.69,14.84,101.41,71.15,220.50,38.44,33.00,12.07,8.95,5.47,3.00,15.15,34.73,7.93,21.00,323.22,323.00,224.00,9.00,589.99,589.88,253.00,10.00,145.31,144.88,211.00,8.00,593.76,593.31,517.00,9.00,32.80,32.56,85.00,9.00,0,휴식 (Relax)
328.00,605.00,140.00,594.00,39.00,33.59,26.22,12.29,22.63,41.05,80.50,46.43,64.00,25.85,35.48,47.70,0.00,22.06,104.12,37.54,22.00,9.95,19.62,25.44,54.41,43.22,91.62,18.15,54.00,49.35,4.69,14.84,101.41,71.15,220.50,38.44,33.00,6.79,14.87,4.95,9.00,9.54,38.06,4.30,27.00,322.18,322.00,216.00,9.00,589.99,589.88,242.00,9.00,145.31,144.88,204.00,7.00,593.76,593.31,517.00,10.00,33.21,32.94,96.00,10.00,0,휴식 (Relax)
304.00,583.00,151.00,616.00,31.00,35.04,41.90,13.02,16.00,25.35,94.85,32.13,80.00,25.85,35.48,47.70,0.00,22.06,104.12,37.54,22.00,1.26,28.79,15.45,48.75,38.21,82.37,15.23,65.00,49.27,15.20,16.31,94.63,65.50,213.89,27.57,44.00,8.72,13.74,6.34,9.22,8.14,37.86,3.66,29.00,321.21,321.00,240.00,10.00,589.99,589.88,264.00,10.00,144.57,144.19,193.00,7.00,593.04,592.62,473.00,9.00,33.09,32.81,99.00,10.00,0,휴식 (Relax)
344.00,605.00,151.00,594.00,33.00,26.47,26.50,31.97,40.00,22.18,105.84,9.44,104.00,23.56,45.01,29.95,22.00,29.95,113.92,23.56,0.00,9.76,27.44,25.24,58.87,27.22,71.57,22.42,76.00,44.35,27.09,16.82,122.98,32.69,181.40,8.34,77.00,3.90,13.45,3.10,4.47,11.37,34.22,4.68,34.00,322.76,322.50,280.00,11.00,591.37,591.25,275.00,10.00,145.26,144.88,188.00,6.00,595.05,594.69,451.00,11.00,33.37,33.12,96.00,10.00,0,휴식 (Relax)
320.00,605.00,145.00,605.00,39.00,26.47,26.50,31.97,40.00,22.18,105.84,9.44,104.00,25.73,45.24,35.97,24.60,20.00,116.97,32.13,11.00,9.76,27.44,25.24,58.87,27.22,71.57,22.42,76.00,44.35,27.09,16.82,122.98,32.69,181.40,8.34,77.00,4.28,10.88,8.77,8.94,6.72,40.22,5.98,28.00,322.76,322.50,296.00,12.00,592.07,591.94,253.00,9.00,145.26,144.88,188.00,6.00,595.05,594.69,440.00,11.00,33.78,33.50,100.00,11.00,0,휴식 (Relax)
312.00,583.00,145.00,561.00,31.00,26.47,26.50,31.97,40.00,22.18,105.84,9.44,104.00,28.20,39.64,46.54,15.56,21.31,107.22,21.36,0.00,7.08,21.46,30.81,64.51,23.68,70.59,16.49,70.00,59.18,25.98,35.25,143.00,19.82,186.81,13.66,55.00,4.28,10.88,8.77,8.94,6.72,40.22,5.98,28.00,322.76,322.50,288.00,11.00,592.74,592.62,242.00,9.00,144.87,144.50,167.00,5.00,593.73,593.31,473.00,8.00,33.78,33.50,108.00,12.00,0,휴식 (Relax)
320.00,605.00,140.00,583.00,28.00,33.91,19.39,39.97,40.79,17.33,98.02,4.94,112.00,28.20,39.64,46.54,15.56,21.31,107.22,21.36,0.00,10.49,28.87,25.21,68.43,13.85,63.01,9.73,60.00,48.74,16.45,28.72,147.58,9.18,182.00,24.23,44.00,1.31,13.84,10.73,11.70,3.77,40.28,2.98,31.00,322.25,322.00,288.00,10.00,592.74,592.62,231.00,9.00,145.46,145.12,134.00,5.00,594.39,594.00,440.00,5.00,33.61,33.31,106.00,11.00,0,휴식 (Relax)
328.00,561.00,168.00,627.00,33.00,25.92,22.55,37.76,48.66,9.38,94.00,10.86,120.00,33.71,49.89,56.27,11.00,31.73,112.95,31.35,11.00,10.49,28.87,25.21,68.43,13.85,63.01,9.73,60.00,48.74,16.45,28.72,147.58,9.18,182.00,24.23,44.00,2.12,15.78,13.51,13.04,5.12,38.09,5.89,28.00,322.76,322.50,288.00,11.00,592.08,591.94,264.00,10.00,145.46,145.12,129.00,5.00,594.39,594.00,418.00,5.00,33.42,33.12,103.00,10.00,0,휴식 (Relax)
328.00,583.00,135.00,561.00,26.00,13.75,24.79,51.94,53.67,20.35,90.65,5.17,104.00,33.71,49.89,56.27,11.00,31.73,112.95,31.35,11.00,10.49,28.87,25.21,68.43,13.85,63.01,9.73,60.00,48.74,16.45,28.72,147.58,9.18,182.00,24.23,44.00,4.12,15.89,13.76,11.40,6.22,40.09,4.34,30.00,323.75,323.50,264.00,10.00,592.08,591.94,264.00,9.00,145.46,145.12,162.00,6.00,594.39,594.00,462.00,6.00,33.32,33.00,96.00,7.00,0,휴식 (Relax)
336.00,583.00,145.00,605.00,36.00,13.75,24.79,51.94,53.67,20.35,90.65,5.17,104.00,55.63,47.59,52.99,24.60,16.70,95.44,45.24,33.00,12.07,19.10,27.54,59.68,8.29,63.55,7.69,70.00,37.43,28.94,37.81,128.28,12.83,190.87,29.62,66.00,9.93,13.07,9.40,9.06,2.02,36.13,8.54,24.00,323.75,323.50,232.00,9.00,590.70,590.56,242.00,8.00,146.06,145.75,162.00,6.00,595.77,595.38,484.00,12.00,32.88,32.62,97.00,10.00,0,휴식 (Relax)
304.00,572.00,145.00,583.00,26.00,17.50,18.05,49.53,50.60,13.00,82.72,11.99,96.00,66.14,41.74,43.34,31.11,27.69,106.42,41.14,22.00,12.07,19.10,27.54,59.68,8.29,63.55,7.69,70.00,41.67,8.37,51.57,118.47,29.51,185.19,49.78,88.00,16.31,7.64,3.00,16.03,5.14,35.94,6.83,31.00,324.21,324.00,224.00,9.00,590.03,589.88,231.00,7.00,146.06,145.75,162.00,6.00,594.39,594.00,495.00,7.00,32.48,32.19,105.00,11.00,0,휴식 (Relax)
344.00,594.00,145.00,594.00,33.00,24.88,10.13,41.65,58.24,19.93,87.78,8.05,104.00,75.11,31.56,34.98,24.60,25.23,99.47,41.16,33.00,12.07,19.10,27.54,59.68,8.29,63.55,7.69,70.00,41.67,8.37,51.57,118.47,29.51,185.19,49.78,88.00,14.86,9.62,2.94,16.03,5.98,34.66,8.17,33.00,324.73,324.50,248.00,9.00,589.33,589.19,242.00,8.00,146.06,145.75,162.00,6.00,594.39,594.00,495.00,7.00,32.60,32.31,107.00,11.00,0,휴식 (Relax)
328.00,583.00,162.00,627.00,31.00,32.87,8.72,37.82,60.93,21.62,88.66,9.68,96.00,81.86,21.49,40.66,15.56,15.76,98.50,45.22,22.00,14.47,31.25,32.01,52.89,20.70,77.75,22.92,53.00,52.92,17.86,57.48,112.18,50.63,206.78,31.82,66.00,17.31,6.48,7.48,11.05,5.26,29.70,12.98,38.00,325.23,325.00,264.00,9.00,588.64,588.50,231.00,8.00,147.17,146.81,179.00,7.00,595.82,595.38,506.00,11.00,32.28,32.00,104.00,10.00,0,휴식 (Relax)
320.00,583.00,135.00,561.00,31.00,32.87,8.72,37.82,60.93,21.62,88.66,9.68,96.00,79.07,26.69,30.20,11.00,7.93,90.78,54.19,11.00,13.96,21.62,22.16,62.59,28.68,80.96,32.85,43.00,34.48,22.03,35.57,133.82,65.71,220.00,31.18,44.00,17.31,6.48,7.48,11.05,5.26,29.70,12.98,38.00,325.23,325.00,256.00,9.00,589.32,589.19,209.00,7.00,146.57,146.19,206.00,8.00,594.50,594.00,561.00,7.00,32.28,32.00,101.00,10.00,0,휴식 (Relax)
328.00,594.00,145.00,594.00,33.00,28.13,2.38,30.52,64.50,20.03,80.76,13.41,104.00,79.07,26.69,30.20,11.00,7.93,90.78,54.19,11.00,13.96,21.62,22.16,62.59,28.68,80.96,32.85,43.00,34.48,22.03,35.57,133.82,65.71,220.00,31.18,44.00,18.69,2.74,10.89,6.08,9.99,30.77,9.18,33.00,324.72,324.50,264.00,10.00,589.32,589.19,220.00,8.00,146.57,146.19,199.00,7.00,594.50,594.00,550.00,7.00,32.58,32.31,92.00,9.00,0,휴식 (Relax)
304.00,540.00,162.00,594.00,26.00,39.75,33.43,45.96,40.00,15.63,102.62,20.36,72.00,66.17,76.55,29.10,55.11,46.82,135.76,12.41,65.00,13.96,21.62,22.16,62.59,28.68,80.96,32.85,43.00,9.74,62.12,75.16,90.71,22.38,188.00,73.29,0.00,12.99,15.53,6.72,13.42,17.60,27.18,13.43,20.00,322.74,322.50,264.00,10.00,586.06,585.81,274.00,9.00,146.57,146.19,179.00,7.00,591.64,591.25,473.00,9.00,31.75,31.50,88.00,9.00,0,휴식 (Relax)
344.00,616.00,135.00,583.00,33.00,15.69,23.31,22.22,68.35,33.75,110.13,49.73,40.00,74.65,59.12,37.21,63.29,59.92,144.20,29.94,87.00,4.07,13.38,15.01,61.13,24.03,71.85,37.00,33.00,12.62,54.09,63.43,88.00,18.88,166.03,94.93,22.00,15.73,12.19,2.02,16.28,17.30,23.70,18.25,15.00,324.77,324.50,288.00,10.00,587.48,587.19,339.00,10.00,147.13,146.81,191.00,8.00,592.97,592.62,451.00,9.00,32.05,31.81,84.00,9.00,0,휴식 (Relax)
328.00,594.00,156.00,627.00,39.00,15.69,23.31,22.22,68.35,33.75,110.13,49.73,40.00,66.17,60.38,26.81,54.20,56.74,141.13,40.94,98.00,11.96,2.62,27.38,45.18,15.66,78.53,37.87,49.00,45.36,77.56,89.37,55.00,14.13,191.88,68.99,11.00,15.73,12.19,2.02,16.28,17.30,23.70,18.25,15.00,324.77,324.50,280.00,9.00,586.77,586.50,339.00,9.00,148.13,147.81,201.00,8.00,595.09,594.69,473.00,10.00,32.05,31.81,82.00,8.00,0,휴식 (Relax)
320.00,594.00,135.00,561.00,28.00,7.41,38.87,37.64,53.67,19.13,95.46,59.48,24.00,76.60,67.04,28.96,48.30,45.98,131.82,51.22,109.00,6.33,14.32,18.41,46.57,3.80,76.01,49.34,65.00,24.62,25.14,55.69,77.78,62.25,208.36,70.72,66.00,12.74,9.83,1.02,18.44,19.69,26.06,15.78,18.00,325.73,325.50,248.00,9.00,587.46,587.19,317.00,8.00,147.16,146.81,222.00,9.00,591.68,591.25,517.00,11.00,31.88,31.62,91.00,9.00,0,휴식 (Relax)
328.00,583.00,151.00,594.00,33.00,18.40,32.57,38.07,48.66,11.02,80.57,67.01,8.00,54.73,45.12,47.21,68.62,37.54,110.36,69.36,131.00,6.33,14.32,18.41,46.57,3.80,76.01,49.34,65.00,24.62,25.14,55.69,77.78,62.25,208.36,70.72,66.00,12.74,9.83,1.02,18.44,19.69,26.06,15.78,18.00,324.70,324.50,232.00,9.00,586.07,585.81,328.00,9.00,147.16,146.81,232.00,9.00,591.68,591.25,539.00,12.00,31.88,31.62,90.00,10.00,0,휴식 (Relax)
312.00,583.00,151.00,605.00,31.00,26.40,37.66,45.99,40.79,4.52,83.84,65.84,16.00,37.32,31.33,65.25,65.00,21.58,123.16,58.24,109.00,0.55,14.78,13.53,48.47,9.42,82.00,43.40,59.00,24.62,25.14,55.69,77.78,62.25,208.36,70.72,66.00,8.43,7.25,7.14,13.42,11.91,22.35,16.74,26.00,324.21,324.00,240.00,10.00,584.68,584.44,306.00,8.00,147.54,147.19,232.00,9.00,591.68,591.25,506.00,11.00,31.33,31.12,84.00,9.00,0,휴식 (Relax)
328.00,572.00,140.00,572.00,28.00,12.97,21.66,40.50,40.79,11.55,80.27,72.29,32.00,35.03,36.66,64.94,54.00,32.53,124.63,59.06,120.00,5.15,10.67,12.72,53.14,11.39,85.43,39.22,54.00,14.13,14.67,57.67,70.43,53.53,198.07,81.71,77.00,9.46,9.86,8.57,10.82,14.03,25.08,14.84,23.00,325.20,325.00,248.00,11.00,584.00,583.75,295.00,7.00,147.23,146.88,238.00,10.00,592.34,591.94,517.00,12.00,31.15,30.94,84.00,9.00,0,휴식 (Relax)
336.00,605.00,140.00,594.00,33.00,17.09,15.03,54.71,25.30,15.13,93.46,60.45,16.00,35.03,36.66,64.94,54.00,32.53,124.63,59.06,120.00,5.15,10.67,12.72,53.14,11.39,85.43,39.22,54.00,10.16,5.97,68.61,62.23,51.10,202.74,71.85,66.00,6.37,5.43,11.87,9.06,13.35,29.77,10.97,18.00,326.20,326.00,248.00,10.00,584.00,583.75,284.00,7.00,147.23,146.88,210.00,9.00,593.02,592.62,495.00,12.00,31.45,31.25,84.00,9.00,0,휴식 (Relax)
304.00,561.00,156.00,594.00,31.00,10.76,16.68,41.08,40.00,38.32,116.93,39.90,8.00,35.03,36.66,64.94,54.00,32.53,124.63,59.06,120.00,15.76,9.32,9.15,42.05,2.05,77.34,38.98,42.00,29.48,31.62,60.50,45.35,21.30,194.84,56.97,33.00,7.90,6.00,10.16,11.05,11.58,30.72,9.18,16.00,324.75,324.50,280.00,11.00,584.00,583.75,306.00,8.00,146.41,146.12,193.00,9.00,590.89,590.56,429.00,11.00,31.33,31.12,79.00,8.00,0,휴식 (Relax)
336.00,605.00,140.00,572.00,28.00,9.92,17.64,35.79,45.25,40.90,121.63,32.32,16.00,17.99,40.00,61.32,58.31,16.26,138.38,42.09,142.00,12.16,4.60,4.19,44.42,7.05,72.37,41.72,37.00,22.22,26.93,50.46,56.09,12.54,186.03,59.82,22.00,5.96,6.92,9.95,11.40,10.07,30.27,7.20,14.00,325.26,325.00,304.00,12.00,585.39,585.12,350.00,9.00,146.70,146.44,199.00,10.00,591.55,591.25,407.00,11.00,31.43,31.25,72.00,7.00,0,휴식 (Relax)
328.00,572.00,156.00,627.00,42.00,7.82,10.92,43.58,40.00,35.89,120.83,24.32,24.00,27.70,29.92,71.57,48.30,24.97,138.30,32.54,153.00,13.99,6.73,9.36,35.47,10.54,81.23,32.83,48.00,28.76,42.43,36.79,56.09,19.55,207.87,47.72,44.00,0.62,12.87,4.95,17.26,9.55,35.42,13.11,20.00,324.75,324.50,280.00,11.00,584.72,584.44,372.00,10.00,147.40,147.12,215.00,11.00,592.98,592.62,440.00,11.00,31.90,31.62,76.00,7.00,0,휴식 (Relax)
304.00,605.00,125.00,561.00,31.00,7.82,10.92,43.58,40.00,35.89,120.83,24.32,24.00,5.31,62.18,55.17,44.38,54.80,118.23,6.71,186.00,11.54,14.87,15.02,50.77,29.63,87.31,15.33,68.00,13.65,21.35,27.65,77.78,26.22,222.25,35.58,66.00,5.32,17.02,1.56,17.12,13.93,30.66,9.12,15.00,324.75,324.50,264.00,11.00,586.79,586.50,383.00,10.00,146.25,145.88,246.00,12.00,591.65,591.25,495.00,11.00,32.17,31.94,80.00,7.00,0,휴식 (Relax)
336.00,594.00,151.00,605.00,31.00,7.60,8.02,37.15,45.25,35.24,112.85,19.80,32.00,5.31,62.18,55.17,44.38,54.80,118.23,6.71,186.00,10.57,10.16,11.21,54.20,31.48,85.35,9.99,74.00,22.15,27.35,38.28,77.00,23.89,222.14,29.34,77.00,3.46,16.57,0.57,19.10,15.43,29.85,8.58,13.00,324.22,324.00,280.00,12.00,586.79,586.50,383.00,9.00,146.63,146.25,255.00,12.00,592.35,591.94,506.00,12.00,32.05,31.81,78.00,7.00,0,휴식 (Relax)
320.00,594.00,151.00,627.00,36.00,11.71,15.01,30.28,40.00,27.90,118.25,21.72,24.00,15.31,61.55,64.99,43.00,45.44,108.98,8.99,197.00,10.94,14.59,9.53,45.97,25.06,75.80,2.32,85.00,22.15,27.35,38.28,77.00,23.89,222.14,29.34,77.00,7.73,14.27,5.14,19.24,14.82,32.13,10.88,8.00,323.72,323.50,288.00,12.00,587.48,587.19,383.00,9.00,145.90,145.56,228.00,11.00,592.35,591.94,462.00,11.00,32.37,32.12,83.00,8.00,0,휴식 (Relax)
336.00,594.00,145.00,583.00,31.00,14.84,6.65,31.18,53.67,18.99,119.01,27.40,8.00,25.04,54.62,65.54,54.00,55.05,111.54,10.15,186.00,13.49,17.56,17.93,39.41,15.09,66.10,10.61,95.00,43.73,18.90,32.35,80.08,17.48,200.14,11.13,99.00,7.73,14.27,5.14,19.24,14.82,32.13,10.88,8.00,324.73,324.50,296.00,12.00,588.17,587.88,372.00,8.00,146.50,146.19,224.00,12.00,593.68,593.31,473.00,11.00,32.37,32.12,86.00,9.00,0,휴식 (Relax)
328.00,605.00,145.00,605.00,36.00,14.84,6.65,31.18,53.67,18.99,119.01,27.40,8.00,33.86,43.84,56.30,55.11,56.83,117.24,5.12,197.00,13.49,17.56,17.93,39.41,15.09,66.10,10.61,95.00,53.51,14.80,22.87,69.57,6.64,208.19,21.02,88.00,9.41,11.47,4.01,19.00,12.77,34.73,13.87,5.00,324.73,324.50,280.00,11.00,588.87,588.56,329.00,7.00,146.50,146.19,207.00,11.00,594.37,594.00,495.00,8.00,32.57,32.31,84.00,9.00,0,휴식 (Relax)
312.00,561.00,156.00,605.00,28.00,22.84,14.42,24.31,46.65,26.25,111.07,27.54,0.00,49.39,28.35,39.99,34.79,36.13,96.75,21.57,176.00,7.60,13.01,20.95,36.24,11.11,64.78,8.95,89.00,61.54,9.89,14.52,66.91,16.00,207.89,10.09,99.00,10.26,10.90,2.23,17.00,11.92,34.22,11.99,7.00,325.21,325.00,256.00,11.00,590.09,589.88,297.00,7.00,146.09,145.81,191.00,11.00,595.06,594.69,484.00,9.00,32.68,32.44,85.00,9.00,0,휴식 (Relax)
344.00,616.00,140.00,594.00,31.00,22.84,14.42,24.31,46.65,26.25,111.07,27.54,0.00,49.39,28.35,39.99,34.79,36.13,96.75,21.57,176.00,12.57,13.63,16.17,40.72,6.20,60.75,11.92,84.00,67.42,8.06,22.26,77.78,18.85,200.27,20.30,88.00,10.19,9.94,4.08,17.12,9.92,35.32,10.64,9.00,325.21,325.00,272.00,12.00,590.09,589.88,330.00,8.00,146.38,146.12,186.00,11.00,595.74,595.38,451.00,9.00,32.55,32.31,82.00,9.00,0,휴식 (Relax)
328.00,572.00,151.00,627.00,42.00,22.84,14.42,24.31,46.65,26.25,111.07,27.54,0.00,49.82,16.16,18.04,15.56,30.43,104.26,11.75,198.00,8.45,16.53,17.16,43.05,7.45,55.79,16.69,79.00,67.42,8.06,22.26,77.78,18.85,200.27,20.30,88.00,9.27,12.79,4.79,20.10,9.09,38.27,10.22,12.00,325.21,325.00,280.00,11.00,588.73,588.50,374.00,9.00,146.05,145.81,176.00,11.00,595.74,595.38,418.00,9.00,32.79,32.50,82.00,9.00,0,휴식 (Relax)
312.00,605.00,125.00,572.00,31.00,21.17,21.43,21.17,51.22,21.17,116.16,21.17,8.00,44.19,25.57,23.64,24.60,21.23,101.17,20.64,209.00,10.10,26.52,11.85,51.89,3.11,62.31,6.92,89.00,66.65,5.66,22.89,66.91,23.85,192.34,27.51,77.00,8.11,15.48,7.77,20.62,6.65,35.86,9.47,9.00,324.72,324.50,288.00,11.00,589.43,589.19,396.00,9.00,145.50,145.19,186.00,11.00,596.40,596.06,440.00,10.00,32.96,32.69,88.00,9.00,0,휴식 (Relax)
328.00,594.00,151.00,605.00,31.00,21.17,21.43,21.17,51.22,21.17,116.16,21.17,8.00,36.86,36.06,21.54,22.00,31.43,110.69,9.68,198.00,10.10,26.52,11.85,51.89,3.11,62.31,6.92,89.00,63.40,12.37,16.05,66.00,30.58,192.65,24.41,88.00,9.42,14.86,7.45,22.56,4.91,35.68,8.70,7.00,324.72,324.50,288.00,11.00,590.12,589.88,407.00,9.00,145.50,145.19,212.00,12.00,597.09,596.75,462.00,10.00,32.83,32.56,86.00,9.00,0,휴식 (Relax)
336.00,583.00,156.00,616.00,33.00,18.07,25.14,12.56,68.82,6.01,99.32,45.16,16.00,36.86,36.06,21.54,22.00,31.43,110.69,9.68,198.00,5.14,26.87,15.09,56.46,6.55,65.98,10.14,84.00,57.80,18.90,5.07,77.00,21.00,200.14,23.43,77.00,7.60,13.95,5.68,22.20,5.68,37.03,7.60,5.00,326.21,326.00,280.00,10.00,590.12,589.88,407.00,10.00,145.83,145.50,206.00,11.00,597.79,597.44,440.00,9.00,32.96,32.69,85.00,9.00,0,휴식 (Relax)
328.00,572.00,140.00,572.00,31.00,18.07,25.14,12.56,68.82,6.01,99.32,45.16,16.00,36.86,36.06,21.54,22.00,31.43,110.69,9.68,198.00,5.14,26.87,15.09,56.46,6.55,65.98,10.14,84.00,57.80,18.90,5.07,77.00,21.00,200.14,23.43,77.00,4.62,11.22,3.66,25.18,2.77,34.03,10.08,8.00,326.21,326.00,280.00,10.00,590.12,589.88,385.00,9.00,145.83,145.50,222.00,12.00,597.79,597.44,462.00,10.00,33.12,32.88,82.00,8.00,0,휴식 (Relax)
328.00,605.00,130.00,583.00,39.00,21.39,19.51,12.81,75.47,9.10,93.31,39.99,8.00,36.86,36.06,21.54,22.00,31.43,110.69,9.68,198.00,14.48,17.08,25.08,65.79,13.53,59.87,13.34,94.00,68.29,27.15,7.78,88.00,10.27,192.39,31.27,88.00,1.91,5.80,8.84,26.57,6.70,38.60,4.18,2.00,325.71,325.50,248.00,9.00,590.12,589.88,374.00,9.00,145.25,144.88,216.00,9.00,597.11,596.75,473.00,10.00,33.53,33.25,88.00,9.00,0,휴식 (Relax)
304.00,561.00,162.00,605.00,31.00,21.39,19.51,12.81,75.47,9.10,93.31,39.99,8.00,36.86,36.06,21.54,22.00,31.43,110.69,9.68,198.00,10.12,20.76,23.25,68.03,18.53,61.30,18.91,100.00,57.38,16.55,13.69,88.68,8.88,192.97,42.02,99.00,1.91,5.80,8.84,26.57,6.70,38.60,4.18,2.00,325.71,325.50,240.00,9.00,590.12,589.88,374.00,9.00,145.66,145.25,232.00,11.00,597.80,597.44,473.00,11.00,33.53,33.25,93.00,10.00,0,휴식 (Relax)
344.00,627.00,130.00,583.00,36.00,13.59,13.96,11.90,82.37,12.58,98.94,39.54,16.00,31.43,31.34,36.86,0.00,9.68,131.95,21.54,220.00,15.80,23.10,15.88,59.06,20.19,70.25,28.89,110.00,48.20,15.53,23.69,99.61,2.39,184.72,31.33,88.00,9.90,12.35,8.86,25.02,2.92,34.34,4.80,6.00,326.23,326.00,272.00,10.00,591.55,591.25,407.00,9.00,145.08,144.62,248.00,9.00,598.46,598.12,440.00,11.00,34.00,33.75,84.00,10.00,0,휴식 (Relax)
320.00,583.00,156.00,616.00,42.00,21.56,21.85,4.25,78.79,20.25,99.45,37.56,24.00,37.75,40.57,36.72,11.00,18.59,126.57,16.40,209.00,15.80,23.10,15.88,59.06,20.19,70.25,28.89,110.00,54.63,8.15,25.38,101.41,12.85,173.73,23.73,77.00,9.90,12.35,8.86,25.02,2.92,34.34,4.80,6.00,325.73,325.50,272.00,10.00,592.22,591.94,418.00,9.00,145.08,144.62,243.00,9.00,597.75,597.44,407.00,11.00,34.00,33.75,79.00,9.00,0,휴식 (Relax)
312.00,605.00,125.00,551.00,28.00,14.83,16.23,11.62,71.55,22.95,94.62,34.15,32.00,37.75,40.57,36.72,11.00,18.59,126.57,16.40,209.00,15.80,23.10,15.88,59.06,20.19,70.25,28.89,110.00,58.51,4.68,35.38,111.20,14.06,180.63,27.64,87.00,8.13,11.56,11.75,25.08,5.90,37.05,2.23,3.00,326.20,326.00,248.00,9.00,592.22,591.94,429.00,10.00,145.08,144.62,248.00,9.00,597.17,596.81,428.00,11.00,33.84,33.56,93.00,10.00,0,휴식 (Relax)
336.00,583.00,151.00,605.00,33.00,14.83,16.23,11.62,71.55,22.95,94.62,34.15,32.00,26.77,36.63,45.98,22.00,29.14,116.89,13.88,220.00,15.80,23.10,15.88,59.06,20.19,70.25,28.89,110.00,58.51,4.68,35.38,111.20,14.06,180.63,27.64,87.00,8.55,10.49,11.61,23.09,6.80,37.79,2.43,1.00,326.20,326.00,256.00,9.00,591.54,591.25,451.00,11.00,145.08,144.62,274.00,10.00,597.17,596.81,460.00,12.00,33.96,33.69,93.00,9.00,0,휴식 (Relax)
328.00,594.00,151.00,627.00,33.00,16.26,23.23,6.40,78.79,15.39,88.21,27.16,40.00,26.77,36.63,45.98,22.00,29.14,116.89,13.88,220.00,15.80,23.10,15.88,59.06,20.19,70.25,28.89,110.00,58.51,4.68,35.38,111.20,14.06,180.63,27.64,87.00,9.24,13.38,8.89,23.02,5.74,36.78,5.15,2.00,326.70,326.50,248.00,8.00,591.54,591.25,462.00,12.00,145.08,144.62,268.00,10.00,597.17,596.81,438.00,11.00,33.77,33.50,88.00,8.00,0,휴식 (Relax)
320.00,583.00,140.00,572.00,31.00,11.79,10.13,22.38,73.76,22.38,87.78,11.79,56.00,19.84,47.41,35.54,11.00,25.12,111.87,11.48,231.00,11.68,18.44,15.45,61.59,16.92,74.95,31.35,105.00,52.11,6.41,25.48,113.89,23.62,191.63,35.06,76.00,9.24,13.38,8.89,23.02,5.74,36.78,5.15,2.00,325.69,325.50,248.00,9.00,590.85,590.56,462.00,13.00,144.77,144.31,279.00,11.00,596.50,596.12,471.00,11.00,33.77,33.50,85.00,7.00,0,휴식 (Relax)
328.00,605.00,130.00,594.00,39.00,11.79,10.13,22.38,73.76,22.38,87.78,11.79,56.00,19.84,47.41,35.54,11.00,25.12,111.87,11.48,231.00,5.39,6.96,7.08,74.69,15.39,69.71,20.68,120.00,43.79,16.50,29.19,124.45,17.70,184.05,24.84,87.00,6.57,13.02,8.56,23.35,7.95,39.65,2.90,1.00,325.69,325.50,240.00,9.00,590.85,590.56,440.00,13.00,143.88,143.38,278.00,11.00,595.81,595.44,493.00,11.00,33.97,33.69,85.00,7.00,0,휴식 (Relax)
312.00,561.00,156.00,594.00,31.00,11.79,10.13,22.38,73.76,22.38,87.78,11.79,56.00,19.84,47.41,35.54,11.00,25.12,111.87,11.48,231.00,5.39,6.96,7.08,74.69,15.39,69.71,20.68,120.00,33.93,24.08,40.12,122.00,11.84,183.87,35.82,76.00,3.65,15.28,6.01,20.40,9.07,38.30,4.50,2.00,325.69,325.50,224.00,9.00,590.85,590.56,429.00,13.00,143.88,143.38,288.00,11.00,595.12,594.75,482.00,10.00,34.14,33.88,90.00,8.00,0,휴식 (Relax)
336.00,627.00,130.00,594.00,33.00,8.03,18.05,15.18,65.97,29.99,82.72,18.48,48.00,15.31,54.45,24.55,15.56,32.40,122.24,7.01,242.00,11.50,16.74,5.86,65.86,7.27,79.42,11.16,130.00,33.93,24.08,40.12,122.00,11.84,183.87,35.82,76.00,1.67,17.26,4.36,20.10,7.10,37.66,3.97,0.00,325.17,325.00,232.00,10.00,591.58,591.25,451.00,13.00,143.29,142.75,303.00,11.00,595.12,594.75,449.00,9.00,34.25,34.00,81.00,7.00,0,휴식 (Relax)
320.00,583.00,162.00,638.00,39.00,8.35,23.89,18.27,64.50,25.85,82.01,14.43,56.00,13.85,65.45,23.11,24.60,23.11,117.76,13.85,231.00,9.59,10.42,6.09,61.10,16.09,88.93,0.41,141.00,44.65,31.81,49.12,120.50,20.12,194.87,28.72,87.00,4.50,15.58,4.42,17.12,7.14,35.03,5.77,3.00,324.67,324.50,232.00,10.00,592.25,591.94,462.00,13.00,144.04,143.44,309.00,11.00,595.85,595.44,438.00,9.00,34.03,33.81,76.00,7.00,0,휴식 (Relax)
312.00,616.00,120.00,551.00,28.00,8.35,23.89,18.27,64.50,25.85,82.01,14.43,56.00,16.51,73.70,33.80,22.00,22.58,113.84,3.28,242.00,7.01,8.83,4.36,65.79,19.94,90.50,4.72,146.00,29.59,11.29,34.52,141.43,27.28,210.42,32.57,108.00,7.19,16.64,3.05,17.03,4.21,37.94,3.04,0.00,324.67,324.50,224.00,9.00,592.96,592.62,484.00,14.00,143.77,143.12,325.00,11.00,594.61,594.12,492.00,9.00,33.87,33.62,87.00,8.00,0,휴식 (Relax)
328.00,583.00,156.00,594.00,33.00,8.35,23.89,18.27,64.50,25.85,82.01,14.43,56.00,17.97,73.27,29.16,33.00,14.76,104.14,7.80,253.00,10.80,13.01,1.26,67.62,19.50,88.48,9.47,151.00,29.63,12.11,41.80,141.00,33.39,209.80,24.82,97.00,5.88,14.77,4.99,15.03,3.33,39.01,1.17,2.00,324.67,324.50,232.00,10.00,592.27,591.94,506.00,14.00,144.10,143.44,356.00,12.00,593.92,593.44,524.00,10.00,33.99,33.75,90.00,8.00,0,휴식 (Relax)
304.00,561.00,140.00,594.00,33.00,27.89,9.19,19.31,32.98,40.66,106.34,22.90,24.00,37.36,90.63,48.43,39.66,36.65,125.47,15.48,231.00,5.57,5.48,16.67,53.34,8.33,73.97,24.36,167.00,45.60,33.90,62.45,119.00,14.63,195.38,45.11,119.00,5.88,14.77,4.99,15.03,3.33,39.01,1.17,2.00,322.69,322.50,248.00,11.00,590.94,590.56,517.00,14.00,143.07,142.44,356.00,12.00,592.52,592.06,480.00,9.00,33.99,33.75,88.00,8.00,0,휴식 (Relax)
344.00,616.00,140.00,594.00,31.00,17.78,15.31,26.77,40.00,55.30,110.37,35.86,8.00,7.16,48.35,36.17,80.08,65.70,153.48,59.33,187.00,5.57,5.48,16.67,53.34,8.33,73.97,24.36,167.00,24.28,22.26,63.95,121.02,31.49,173.54,67.03,141.00,5.88,14.77,4.99,15.03,3.33,39.01,1.17,2.00,323.73,323.50,288.00,12.00,593.70,593.31,539.00,14.00,143.07,142.44,346.00,12.00,593.87,593.44,469.00,9.00,33.99,33.75,82.00,7.00,0,휴식 (Relax)
328.00,594.00,145.00,616.00,36.00,17.78,15.31,26.77,40.00,55.30,110.37,35.86,8.00,3.86,53.59,25.26,77.78,64.82,154.10,69.46,176.00,13.32,11.50,28.86,41.11,20.76,81.97,20.75,152.00,8.83,49.27,96.71,88.77,23.72,200.65,40.29,108.00,4.90,13.88,7.95,15.52,4.03,36.07,2.13,5.00,323.73,323.50,280.00,11.00,593.01,592.62,517.00,13.00,143.97,143.38,319.00,12.00,595.95,595.50,469.00,8.00,33.78,33.56,79.00,7.00,0,휴식 (Relax)
304.00,561.00,151.00,572.00,28.00,17.78,15.31,26.77,40.00,55.30,110.37,35.86,8.00,3.86,53.59,25.26,77.78,64.82,154.10,69.46,176.00,2.33,5.18,21.92,34.89,23.98,81.14,27.70,141.00,24.57,23.01,86.17,102.08,56.71,210.56,42.70,75.00,4.50,11.50,9.22,18.44,6.16,37.79,0.90,2.00,323.73,323.50,264.00,11.00,593.01,592.62,484.00,13.00,143.22,142.69,293.00,11.00,593.91,593.44,491.00,8.00,33.61,33.38,82.00,7.00,0,휴식 (Relax)
336.00,616.00,135.00,594.00,33.00,13.20,18.57,34.27,33.94,49.72,103.26,36.05,0.00,14.15,44.86,32.98,80.08,57.53,143.16,74.61,165.00,7.15,3.25,19.18,39.40,21.32,77.65,32.47,136.00,14.44,23.20,76.95,111.51,61.59,206.48,51.59,64.00,4.90,8.51,7.95,18.03,4.03,38.34,2.13,5.00,323.21,323.00,272.00,11.00,592.29,591.94,495.00,13.00,143.51,143.00,283.00,11.00,594.59,594.12,480.00,7.00,33.42,33.19,81.00,7.00,0,휴식 (Relax)
320.00,572.00,162.00,627.00,33.00,13.20,18.57,34.27,33.94,49.72,103.26,36.05,0.00,24.15,33.89,42.90,69.57,52.90,151.83,73.66,176.00,12.67,5.23,13.21,37.36,27.31,83.65,26.52,142.00,11.72,20.05,67.90,117.32,68.70,216.53,40.79,75.00,10.48,7.29,1.47,9.06,7.41,31.09,7.00,4.00,323.21,323.00,280.00,12.00,591.61,591.25,517.00,13.00,143.93,143.38,279.00,11.00,595.30,594.81,448.00,7.00,32.78,32.62,67.00,8.00,0,휴식 (Relax)
328.00,616.00,130.00,572.00,33.00,28.60,10.95,43.95,25.30,33.77,96.71,47.48,16.00,17.41,41.87,44.22,73.79,41.92,153.81,78.41,187.00,16.83,7.97,12.79,32.57,26.09,80.07,30.93,137.00,29.18,15.07,76.02,100.66,49.73,197.15,61.58,54.00,8.24,2.90,5.65,9.85,8.67,26.11,11.87,9.00,324.20,324.00,264.00,12.00,592.32,591.94,539.00,13.00,144.20,143.69,285.00,11.00,596.54,596.12,449.00,7.00,33.07,32.94,62.00,7.00,0,휴식 (Relax)
328.00,583.00,151.00,605.00,39.00,20.84,7.04,36.75,32.98,32.40,89.52,55.25,24.00,17.41,41.87,44.22,73.79,41.92,153.81,78.41,187.00,16.83,7.97,12.79,32.57,26.09,80.07,30.93,137.00,29.18,15.07,76.02,100.66,49.73,197.15,61.58,54.00,11.06,3.10,10.42,5.00,13.13,30.34,7.54,3.00,323.69,323.50,256.00,12.00,592.32,591.94,561.00,13.00,144.20,143.69,306.00,12.00,596.54,596.12,460.00,8.00,33.48,33.31,68.00,7.00,0,휴식 (Relax)
304.00,594.00,130.00,594.00,33.00,15.25,19.32,45.97,35.78,14.88,112.62,31.88,0.00,17.41,41.87,44.22,73.79,41.92,153.81,78.41,187.00,22.90,26.82,16.38,14.14,15.38,66.73,31.15,158.00,14.20,47.10,74.78,78.77,19.72,186.28,48.55,87.00,11.06,3.10,10.42,5.00,13.13,30.34,7.54,3.00,322.22,322.00,272.00,12.00,592.32,591.94,561.00,13.00,142.92,142.38,316.00,12.00,594.43,594.06,416.00,8.00,33.48,33.31,72.00,8.00,0,휴식 (Relax)
344.00,594.00,151.00,594.00,31.00,14.90,21.73,23.59,58.24,9.14,126.65,20.44,24.00,26.17,30.98,38.70,83.77,31.71,163.18,67.50,176.00,13.39,18.41,8.79,10.05,25.88,56.03,39.47,169.00,14.27,32.45,53.45,97.94,10.12,167.69,58.66,109.00,11.06,3.10,10.42,5.00,13.13,30.34,7.54,3.00,323.76,323.50,304.00,12.00,593.01,592.62,539.00,12.00,143.62,143.06,327.00,13.00,595.77,595.44,394.00,8.00,33.48,33.31,66.00,7.00,0,휴식 (Relax)
320.00,594.00,140.00,616.00,36.00,12.95,13.77,23.91,56.57,14.02,126.25,24.50,32.00,15.30,40.45,49.70,80.08,34.06,166.27,58.27,165.00,4.96,21.73,17.44,1.00,21.61,64.85,29.80,159.00,31.38,44.07,43.01,90.47,11.93,189.36,41.13,87.00,8.31,5.67,12.62,3.16,10.19,27.35,9.59,0.00,323.26,323.00,312.00,12.00,592.31,591.94,495.00,11.00,144.20,143.69,312.00,13.00,597.17,596.81,416.00,9.00,33.27,33.12,63.00,7.00,0,휴식 (Relax)
312.00,583.00,145.00,572.00,28.00,12.95,13.77,23.91,56.57,14.02,126.25,24.50,32.00,37.13,39.41,46.26,59.24,56.06,157.56,50.35,143.00,15.37,11.25,12.81,12.00,31.17,69.23,18.88,148.00,22.62,22.07,29.23,111.99,29.23,202.94,22.62,65.00,6.79,8.52,12.16,6.08,12.16,29.69,6.79,3.00,323.26,323.00,296.00,11.00,593.64,593.31,440.00,11.00,143.48,143.00,291.00,13.00,595.82,595.44,460.00,10.00,33.10,32.94,69.00,7.00,0,휴식 (Relax)
336.00,594.00,140.00,583.00,33.00,12.95,13.77,23.91,56.57,14.02,126.25,24.50,32.00,16.88,20.67,18.11,77.78,75.37,128.50,65.99,110.00,5.97,20.92,5.88,15.62,39.05,66.95,11.51,138.00,28.79,16.31,18.23,110.45,31.06,204.07,33.02,76.00,6.79,8.52,12.16,6.08,12.16,29.69,6.79,3.00,323.26,323.00,304.00,11.00,591.51,591.25,407.00,11.00,144.07,143.62,264.00,13.00,595.15,594.75,427.00,9.00,33.10,32.94,68.00,8.00,0,휴식 (Relax)
312.00,551.00,162.00,605.00,28.00,20.66,19.70,26.57,48.66,19.27,131.92,16.98,24.00,41.46,22.16,15.20,59.62,91.70,159.80,39.62,142.00,5.97,20.92,5.88,15.62,39.05,66.95,11.51,138.00,60.47,43.28,31.47,77.65,2.46,179.03,3.96,43.00,15.17,12.03,9.26,5.10,1.22,24.73,5.18,14.00,322.77,322.50,320.00,12.00,589.59,589.25,417.00,11.00,144.07,143.62,244.00,13.00,592.99,592.69,362.00,7.00,32.40,32.25,62.00,8.00,0,휴식 (Relax)
344.00,627.00,130.00,594.00,31.00,12.23,13.27,6.07,62.48,32.25,136.53,23.78,8.00,30.46,23.85,11.69,69.89,102.26,166.24,29.86,153.00,10.49,21.45,8.65,12.00,29.34,57.10,16.81,128.00,20.21,19.20,24.82,83.77,42.47,136.04,44.85,0.00,12.17,12.30,6.28,6.40,2.39,22.15,8.17,17.00,324.80,324.50,336.00,12.00,590.32,589.94,460.00,11.00,144.61,144.25,240.00,13.00,595.58,595.38,330.00,10.00,32.57,32.44,60.00,7.00,0,휴식 (Relax)
328.00,583.00,156.00,627.00,36.00,12.23,13.27,6.07,62.48,32.25,136.53,23.78,8.00,30.46,23.85,11.69,69.89,102.26,166.24,29.86,153.00,10.49,21.45,8.65,12.00,29.34,57.10,16.81,128.00,28.43,50.21,56.85,55.00,44.35,160.60,16.86,33.00,9.42,14.91,5.39,8.94,2.13,25.09,5.45,14.00,324.80,324.50,328.00,11.00,590.32,589.94,482.00,12.00,144.61,144.25,250.00,13.00,597.69,597.44,363.00,11.00,32.77,32.62,65.00,8.00,0,휴식 (Relax)
320.00,594.00,135.00,561.00,31.00,27.44,23.58,14.93,53.67,16.74,121.14,39.50,24.00,24.64,55.81,41.37,40.22,75.34,141.45,7.78,186.00,5.67,26.28,10.66,13.00,27.25,56.39,11.82,133.00,9.20,28.82,58.74,79.32,77.33,167.96,33.65,66.00,10.82,13.03,3.67,10.00,4.10,26.27,4.53,12.00,325.75,325.50,296.00,11.00,592.33,592.00,438.00,12.00,144.31,143.94,271.00,14.00,595.69,595.38,429.00,12.00,32.64,32.50,68.00,9.00,0,휴식 (Relax)
