a0,a1,a2,a3,a4,a0_f1,a0_f2,a0_f3,a0_f4,a0_f5,a0_f6,a0_f7,a0_f8,a1_f1,a1_f2,a1_f3,a1_f4,a1_f5,a1_f6,a1_f7,a1_f8,a2_f1,a2_f2,a2_f3,a2_f4,a2_f5,a2_f6,a2_f7,a2_f8,a3_f1,a3_f2,a3_f3,a3_f4,a3_f5,a3_f6,a3_f7,a3_f8,a4_f1,a4_f2,a4_f3,a4_f4,a4_f5,a4_f6,a4_f7,a4_f8,a0_rms,a0_mav,a0_wl,a0_zc,a0_ssc,a0_wamp,a1_rms,a1_mav,a1_wl,a1_zc,a1_ssc,a1_wamp,a2_rms,a2_mav,a2_wl,a2_zc,a2_ssc,a2_wamp,a3_rms,a3_mav,a3_wl,a3_zc,a3_ssc,a3_wamp,a4_rms,a4_mav,a4_wl,a4_zc,a4_ssc,a4_wamp,label,action_name
0.00,0.00,0.00,0.00,0.00,0.00,0.00,0.00,0.00,0.00,0.00,0.00,0.00,0.00,0.00,0.00,0.00,0.00,0.00,0.00,0.00,0.00,0.00,0.00,0.00,0.00,0.00,0.00,0.00,0.00,0.00,0.00,0.00,0.00,0.00,0.00,0.00,0.00,0.00,0.00,0.00,0.00,0.00,0.00,0.00,0.00,0.00,0.00,0.00,0.00,0.00,0.00,0.00,0.00,0.00,0.00,0.00,0.00,0.00,0.00,0.00,0.00,0.00,0.00,0.00,0.00,0.00,0.00,0.00,0.00,0.00,0.00,0.00,0.00,0.00,0,휴식 (Relax)
-7.50,-10.31,0.00,-41.25,-14.06,8.00,8.00,8.00,8.00,8.00,8.00,8.00,8.00,11.00,11.00,11.00,11.00,11.00,11.00,11.00,11.00,0.00,0.00,0.00,0.00,0.00,0.00,0.00,0.00,44.00,44.00,44.00,44.00,44.00,44.00,44.00,44.00,15.00,15.00,15.00,15.00,15.00,15.00,15.00,15.00,1.94,0.94,8.00,1.00,0.00,0.00,2.66,1.29,11.00,1.00,0.00,1.00,0.00,0.00,0.00,0.00,0.00,0.00,10.65,5.16,44.00,1.00,0.00,1.00,3.63,1.76,15.00,1.00,0.00,1.00,0,휴식 (Relax)
8.00,-19.94,5.62,-7.56,-1.88,3.12,6.12,8.89,11.31,13.30,14.78,15.69,16.00,32.44,30.78,28.11,24.60,20.49,16.21,12.56,11.00,6.00,6.00,6.00,6.00,6.00,6.00,6.00,6.00,54.33,52.36,49.27,45.35,41.07,37.05,34.10,33.00,17.81,17.25,16.38,15.30,14.13,13.05,12.28,12.00,2.83,1.00,24.00,1.00,1.00,1.00,5.79,3.61,22.00,1.00,0.00,2.00,1.45,0.70,6.00,1.00,0.00,0.00,10.80,6.02,77.00,1.00,1.00,2.00,3.66,1.97,27.00,1.00,1.00,2.00,0,휴식 (Relax)
-7.50,-8.25,-0.38,-17.19,-6.38,6.78,3.31,1.88,8.00,14.12,19.31,22.78,24.00,42.33,37.56,30.42,22.00,13.58,6.44,1.67,0.00,6.00,6.00,6.00,6.00,6.00,6.00,6.00,6.00,72.47,59.73,41.57,24.60,24.83,38.91,50.68,55.00,24.40,19.89,13.46,7.62,8.69,14.16,18.44,20.00,3.43,1.88,40.00,3.00,2.00,2.00,6.15,4.47,33.00,1.00,1.00,3.00,1.45,0.70,12.00,2.00,1.00,0.00,11.65,7.82,88.00,1.00,2.00,3.00,4.00,2.64,32.00,1.00,2.00,2.00,0,휴식 (Relax)
8.00,-7.56,-0.38,-5.50,-1.19,5.77,8.66,6.80,0.00,10.18,20.91,29.00,32.00,50.70,39.13,23.94,11.00,9.70,12.75,12.24,11.00,6.00,6.00,6.00,6.00,6.00,6.00,6.00,6.00,79.76,57.85,31.12,22.00,35.71,44.47,45.20,44.00,26.38,19.36,10.61,7.00,11.68,15.46,16.83,17.00,4.00,2.00,56.00,3.00,3.00,3.00,6.41,5.16,33.00,1.00,1.00,3.00,1.45,0.70,12.00,2.00,1.00,0.00,11.67,8.25,99.00,1.00,3.00,4.00,3.99,2.72,37.00,1.00,3.00,2.00,0,휴식 (Relax)
0.00,-6.88,9.94,-15.12,-5.69,5.77,8.66,6.80,0.00,10.18,20.91,29.00,32.00,57.20,35.20,12.98,15.56,19.96,14.58,5.76,0.00,14.41,7.98,5.92,12.53,16.70,15.82,10.32,5.00,90.34,43.53,22.50,44.00,36.56,22.92,50.78,66.00,30.21,14.10,7.75,15.00,11.66,7.94,19.36,25.00,4.00,2.00,64.00,3.00,4.00,3.00,6.59,5.67,33.00,1.00,1.00,3.00,2.95,1.86,23.00,3.00,1.00,1.00,12.22,9.45,110.00,1.00,4.00,5.00,4.22,3.18,42.00,1.00,4.00,2.00,0,휴식 (Relax)
7.50,4.12,-1.06,-3.44,-3.31,13.70,13.86,4.45,8.00,8.78,13.86,31.55,40.00,57.20,35.20,12.98,15.56,19.96,14.58,5.76,0.00,14.41,7.98,5.92,12.53,16.70,15.82,10.32,5.00,93.36,33.00,32.99,45.35,25.58,33.00,51.08,55.00,32.11,8.46,13.60,16.16,5.67,13.80,19.49,19.00,4.44,2.81,72.00,5.00,5.00,3.00,6.59,5.67,44.00,2.00,1.00,4.00,2.95,1.86,34.00,4.00,2.00,2.00,12.12,9.45,121.00,1.00,5.00,6.00,4.27,3.36,44.00,1.00,5.00,2.00,0,휴식 (Relax)
7.00,4.12,-1.06,-13.06,-2.94,21.46,17.13,6.50,11.31,1.29,21.78,32.12,32.00,57.20,35.20,12.98,15.56,19.96,14.58,5.76,0.00,14.41,7.98,5.92,12.53,16.70,15.82,10.32,5.00,94.67,16.21,49.42,24.60,40.47,30.78,44.29,77.00,32.77,3.41,17.55,10.82,10.00,11.42,17.03,25.00,4.80,3.50,72.00,5.00,5.00,3.00,6.59,5.67,44.00,2.00,1.00,4.00,2.95,1.86,34.00,4.00,2.00,2.00,12.43,10.05,132.00,1.00,6.00,7.00,4.28,3.46,44.00,5.00,5.00,2.00,0,휴식 (Relax)
-8.50,-16.50,4.56,8.94,0.25,15.46,19.87,11.25,17.89,6.74,27.51,37.16,24.00,51.23,29.95,33.94,15.56,41.86,23.56,16.73,22.00,15.59,2.51,0.09,11.00,22.09,19.49,6.41,1.00,94.67,16.21,49.42,24.60,40.47,30.78,44.29,77.00,32.34,4.88,16.84,9.49,10.82,10.01,19.01,22.00,5.27,3.75,88.00,6.00,5.00,4.00,7.78,6.88,66.00,3.00,1.00,5.00,3.16,2.34,40.00,5.00,2.00,2.00,12.43,10.05,154.00,2.00,7.00,8.00,4.21,3.34,47.00,6.00,5.00,2.00,0,휴식 (Relax)
-0.50,26.12,-1.44,-1.38,-7.06,15.46,19.87,11.25,17.89,6.74,27.51,37.16,24.00,64.18,18.83,36.47,15.56,53.15,45.45,37.48,44.00,15.59,2.51,0.09,11.00,22.09,19.49,6.41,1.00,88.84,26.39,38.76,34.79,29.72,41.51,36.58,88.00,28.83,15.88,6.69,20.22,0.27,20.54,9.81,33.00,5.27,3.75,96.00,6.00,6.00,4.00,10.20,7.91,110.00,4.00,2.00,6.00,3.16,2.34,46.00,6.00,3.00,2.00,12.22,9.62,165.00,3.00,8.00,9.00,4.51,3.80,55.00,7.00,6.00,2.00,0,휴식 (Relax)
7.00,4.12,-6.12,-0.69,3.94,16.72,13.69,14.94,25.30,13.52,33.05,29.16,32.00,64.18,18.83,36.47,15.56,53.15,45.45,37.48,44.00,18.10,7.01,5.08,12.08,26.77,16.34,6.45,4.00,80.51,36.48,33.01,39.66,37.37,36.48,46.52,77.00,28.83,15.88,6.69,20.22,0.27,20.54,9.81,33.00,5.57,4.38,104.00,7.00,6.00,4.00,10.20,7.91,132.00,4.00,3.00,7.00,3.52,2.45,51.00,6.00,3.00,2.00,11.97,9.02,165.00,3.00,8.00,9.00,4.51,3.80,66.00,8.00,7.00,3.00,0,휴식 (Relax)
-8.50,4.12,-5.81,0.00,-1.69,18.47,15.36,7.89,24.00,19.92,41.04,21.90,40.00,64.18,18.83,36.47,15.56,53.15,45.45,37.48,44.00,22.57,10.46,8.40,16.76,23.80,16.02,8.10,1.00,70.34,42.36,41.39,31.11,41.93,33.31,35.52,88.00,24.27,16.93,9.60,14.32,6.02,22.52,3.83,39.00,5.98,4.69,120.00,8.00,7.00,5.00,10.20,7.91,132.00,4.00,3.00,7.00,3.81,2.57,51.00,6.00,3.00,2.00,11.67,8.25,165.00,2.00,8.00,9.00,4.41,3.73,72.00,9.00,8.00,3.00,0,휴식 (Relax)
-0.50,4.12,-0.81,-9.62,-1.31,18.47,15.36,7.89,24.00,19.92,41.04,21.90,40.00,64.18,18.83,36.47,15.56,53.15,45.45,37.48,44.00,22.57,10.46,8.40,16.76,23.80,16.02,8.10,1.00,48.35,45.58,61.12,22.00,20.50,52.56,56.45,66.00,18.86,15.42,15.28,14.32,6.90,25.06,9.75,33.00,5.98,4.69,128.00,8.00,8.00,5.00,10.20,7.91,132.00,4.00,3.00,7.00,3.81,2.57,56.00,6.00,3.00,2.00,11.59,8.77,176.00,9.00,8.00,10.00,4.28,3.56,72.00,9.00,8.00,3.00,0,휴식 (Relax)
-8.00,-16.50,4.81,12.38,-2.81,26.14,9.02,15.87,25.30,12.41,41.36,21.14,48.00,50.89,27.92,57.24,15.56,39.55,67.41,47.44,22.00,17.11,14.77,14.33,22.56,18.01,22.00,2.30,5.00,48.35,45.58,61.12,22.00,20.50,52.56,56.45,66.00,10.96,10.75,18.18,22.20,1.95,17.39,4.65,41.00,6.32,5.00,136.00,5.00,9.00,5.00,11.00,8.94,154.00,5.00,3.00,8.00,4.00,3.03,62.00,7.00,3.00,2.00,11.59,8.77,198.00,10.00,9.00,11.00,4.17,3.41,74.00,9.00,8.00,3.00,0,휴식 (Relax)
7.50,5.50,4.44,-8.25,-2.31,18.27,17.00,14.43,32.98,8.35,37.08,25.85,56.00,50.89,27.92,57.24,15.56,39.55,67.41,47.44,22.00,14.12,20.71,18.02,22.02,19.47,17.92,8.29,1.00,35.52,26.62,41.93,31.11,41.39,64.27,70.34,44.00,3.43,4.90,15.23,22.56,6.17,24.86,8.13,33.00,6.61,5.62,152.00,9.00,10.00,6.00,11.00,8.94,176.00,6.00,4.00,9.00,4.15,3.40,62.00,7.00,3.00,2.00,11.34,8.94,220.00,11.00,10.00,12.00,4.00,3.14,74.00,9.00,8.00,3.00,0,휴식 (Relax)
7.00,-4.81,4.06,3.44,2.88,12.57,23.58,22.19,35.78,4.41,44.77,18.81,48.00,55.14,22.08,48.00,11.00,37.54,67.78,58.40,11.00,15.61,24.86,16.77,16.03,24.07,18.00,3.44,5.00,37.23,15.67,33.06,24.60,36.19,65.97,66.63,55.00,3.15,2.50,12.35,19.65,5.45,23.62,6.92,36.00,6.86,6.12,152.00,9.00,10.00,6.00,10.98,8.94,187.00,7.00,5.00,10.00,4.26,3.67,62.00,7.00,3.00,2.00,10.80,8.42,231.00,12.00,11.00,13.00,3.79,2.91,79.00,10.00,8.00,3.00,0,휴식 (Relax)
-1.00,-4.12,-1.94,4.12,5.88,12.57,23.58,22.19,35.78,4.41,44.77,18.81,48.00,64.02,12.89,39.01,22.00,27.94,75.11,48.07,22.00,15.61,24.86,16.77,16.03,24.07,18.00,3.44,5.00,45.08,12.41,38.10,15.56,29.17,56.87,66.16,44.00,3.15,2.50,12.35,19.65,5.45,23.62,6.92,36.00,6.86,6.12,152.00,10.00,9.00,6.00,10.91,8.77,176.00,6.00,5.00,9.00,4.26,3.67,68.00,8.00,3.00,2.00,10.20,7.91,187.00,11.00,10.00,12.00,3.79,2.91,67.00,9.00,7.00,2.00,0,휴식 (Relax)
-1.50,6.19,3.69,12.38,-2.56,16.16,20.95,18.95,32.98,4.98,47.42,11.08,40.00,53.25,23.89,37.28,24.60,19.68,86.11,40.98,33.00,21.35,21.41,13.43,22.02,23.78,12.14,7.63,11.00,13.05,35.20,10.64,34.79,15.92,14.58,65.60,0.00,4.27,9.14,11.08,13.00,5.07,17.28,6.74,29.00,6.46,5.69,136.00,9.00,8.00,5.00,10.98,8.94,176.00,7.00,4.00,9.00,4.34,3.85,68.00,8.00,3.00,2.00,7.66,6.02,165.00,10.00,9.00,12.00,3.04,2.58,63.00,9.00,7.00,1.00,0,휴식 (Relax)
21.50,15.12,-1.94,1.38,5.25,31.26,12.32,4.09,48.66,12.46,55.21,25.35,56.00,21.46,52.67,13.91,56.09,29.28,66.97,57.69,0.00,15.44,27.23,10.24,22.56,18.63,7.53,13.62,17.00,13.05,35.20,10.64,34.79,15.92,14.58,65.60,0.00,6.86,11.16,8.60,12.17,2.37,20.18,7.03,32.00,8.35,6.81,144.00,9.00,7.00,5.00,10.91,8.77,176.00,7.00,4.00,9.00,4.26,3.67,68.00,8.00,4.00,2.00,7.66,6.02,165.00,9.00,9.00,12.00,3.27,2.81,66.00,9.00,7.00,1.00,0,휴식 (Relax)
-3.00,13.75,-1.94,0.69,1.94,39.19,8.12,4.34,50.60,10.00,47.31,19.84,48.00,17.42,65.46,9.41,56.09,40.58,62.79,52.93,22.00,15.44,27.23,10.24,22.56,18.63,7.53,13.62,17.00,10.09,34.49,16.00,24.60,14.52,22.47,61.54,11.00,10.96,12.50,4.79,17.12,4.91,18.05,5.36,27.00,7.94,6.38,152.00,9.00,7.00,5.00,11.34,8.94,176.00,7.00,4.00,9.00,4.26,3.67,68.00,8.00,4.00,2.00,7.24,5.16,154.00,8.00,8.00,11.00,3.23,2.82,64.00,8.00,7.00,1.00,0,휴식 (Relax)
-2.50,12.38,-6.62,-9.62,-0.88,32.47,15.36,6.16,58.24,17.75,41.04,19.62,40.00,36.81,68.63,23.75,34.79,22.07,80.13,49.34,0.00,13.34,28.74,9.20,22.00,20.08,11.91,17.61,22.00,16.02,42.36,22.16,22.00,8.71,33.31,55.21,22.00,9.28,13.73,3.95,17.03,5.52,19.59,5.28,24.00,7.86,6.12,144.00,8.00,6.00,5.00,11.59,8.77,176.00,7.00,4.00,9.00,4.57,3.91,62.00,7.00,3.00,1.00,7.66,6.02,154.00,8.00,7.00,11.00,3.20,2.72,62.00,8.00,6.00,1.00,0,휴식 (Relax)
-10.00,-40.56,15.00,11.00,-2.88,29.16,22.77,13.52,60.93,14.94,42.26,16.72,48.00,4.50,88.82,40.94,55.00,46.42,112.61,49.41,33.00,13.93,31.53,4.08,28.00,26.08,17.60,21.66,28.00,7.93,20.62,9.35,44.00,14.00,49.79,39.87,44.00,9.28,13.73,3.95,17.03,5.52,19.59,5.28,24.00,8.25,6.50,144.00,7.00,6.00,5.00,15.42,11.60,220.00,7.00,4.00,9.00,5.48,4.38,73.00,7.00,4.00,1.00,7.78,5.50,165.00,4.00,7.00,11.00,3.20,2.72,62.00,8.00,6.00,1.00,0,휴식 (Relax)
13.50,-6.88,8.31,0.00,-0.88,29.55,20.42,14.80,68.35,22.27,38.77,14.28,56.00,9.33,99.82,50.60,49.19,38.89,106.45,51.15,22.00,17.08,42.34,7.24,30.08,24.32,15.40,19.50,17.00,7.93,20.62,9.35,44.00,14.00,49.79,39.87,44.00,9.28,13.73,3.95,17.03,5.52,19.59,5.28,24.00,8.82,7.12,168.00,8.00,7.00,6.00,15.50,12.03,253.00,7.00,5.00,10.00,5.86,4.90,79.00,7.00,5.00,1.00,7.78,5.50,165.00,4.00,7.00,11.00,3.20,2.72,64.00,8.00,6.00,1.00,0,휴식 (Relax)
-2.00,24.75,-7.38,-11.00,-0.88,32.17,16.67,6.81,65.97,28.22,31.65,13.04,64.00,12.68,86.17,56.19,69.57,53.39,113.59,66.92,0.00,16.68,38.40,6.19,34.79,29.09,19.63,22.21,12.00,7.93,20.62,9.35,44.00,14.00,49.79,39.87,44.00,9.28,13.73,3.95,17.03,5.52,19.59,5.28,24.00,8.72,6.75,168.00,8.00,7.00,6.00,16.73,13.06,264.00,7.00,4.00,10.00,6.12,5.17,89.00,7.00,4.00,2.00,7.78,5.50,154.00,3.00,6.00,11.00,3.20,2.72,61.00,7.00,5.00,1.00,0,휴식 (Relax)
-2.50,-8.94,3.62,21.31,2.12,26.71,24.00,11.93,58.24,27.46,24.00,13.52,72.00,23.18,89.15,67.18,66.91,44.03,103.37,56.35,11.00,16.68,38.40,6.19,34.79,29.09,19.63,22.21,12.00,12.24,30.50,9.70,45.35,23.94,60.56,50.70,33.00,9.28,13.73,3.95,17.03,5.52,19.59,5.28,24.00,8.35,6.44,160.00,8.00,7.00,6.00,16.14,12.20,253.00,7.00,4.00,10.00,6.12,5.17,94.00,7.00,5.00,3.00,9.09,6.53,176.00,7.00,7.00,11.00,3.20,2.72,56.00,7.00,4.00,1.00,0,휴식 (Relax)
-2.50,13.75,-2.38,-11.00,-5.88,26.71,24.00,11.93,58.24,27.46,24.00,13.52,72.00,15.53,79.40,64.32,77.78,47.67,93.27,45.40,22.00,16.68,38.40,6.19,34.79,29.09,19.63,22.21,12.00,12.01,20.92,18.01,34.79,26.96,69.90,60.37,22.00,9.28,13.73,3.95,17.03,5.52,19.59,5.28,24.00,8.35,6.44,152.00,7.00,6.00,6.00,15.31,11.69,253.00,8.00,5.00,10.00,6.12,5.17,95.00,8.00,6.00,3.00,9.53,6.88,209.00,5.00,8.00,12.00,3.20,2.72,53.00,7.00,4.00,0.00,0,휴식 (Relax)
13.00,2.75,-2.69,0.00,-0.50,18.81,27.71,4.41,65.97,22.19,27.71,12.57,80.00,15.53,79.40,64.32,77.78,47.67,93.27,45.40,22.00,12.04,33.42,9.84,36.67,24.13,18.79,27.05,7.00,12.01,20.92,18.01,34.79,26.96,69.90,60.37,22.00,15.09,9.05,4.52,17.72,6.84,15.04,3.01,18.00,8.89,7.12,152.00,7.00,5.00,6.00,15.31,11.69,264.00,8.00,6.00,11.00,5.86,4.90,95.00,8.00,6.00,3.00,9.53,6.88,220.00,5.00,9.00,13.00,2.92,2.31,52.00,6.00,5.00,0.00,0,휴식 (Relax)
-11.00,-7.56,2.62,0.00,-0.50,18.81,27.71,4.41,65.97,22.19,27.71,12.57,80.00,21.10,74.63,73.64,66.91,52.34,98.37,39.45,33.00,1.29,25.89,19.85,27.20,28.91,27.89,19.19,18.00,12.01,20.92,18.01,34.79,26.96,69.90,60.37,22.00,15.09,9.05,4.52,17.72,6.84,15.04,3.01,18.00,8.89,7.12,168.00,8.00,5.00,7.00,15.42,12.12,275.00,9.00,6.00,12.00,5.56,4.62,96.00,9.00,6.00,3.00,9.53,6.88,209.00,5.00,8.00,12.00,2.92,2.31,52.00,6.00,5.00,0.00,0,휴식 (Relax)
-3.00,-6.88,6.94,9.62,2.31,18.81,27.71,4.41,65.97,22.19,27.71,12.57,80.00,31.52,79.58,73.06,69.57,59.58,87.76,41.65,22.00,9.76,29.86,23.64,22.56,35.90,17.73,24.11,7.00,10.04,3.49,39.97,46.67,33.25,49.07,63.02,0.00,13.65,7.04,7.51,18.79,9.83,12.98,0.87,21.00,8.89,7.12,168.00,8.00,5.00,7.00,15.50,12.38,253.00,8.00,5.00,11.00,5.77,4.80,95.00,8.00,6.00,3.00,9.43,7.39,198.00,8.00,7.00,12.00,2.97,2.48,53.00,7.00,5.00,0.00,0,휴식 (Relax)
-3.50,13.06,-3.69,-11.00,-2.69,15.83,19.87,12.36,64.50,22.07,27.51,19.73,72.00,4.37,48.38,104.11,39.66,90.91,60.91,51.55,11.00,4.97,24.07,27.46,16.76,41.45,17.05,26.44,1.00,12.88,23.56,36.67,34.79,54.88,29.95,64.73,22.00,13.65,7.04,7.51,18.79,9.83,12.98,0.87,21.00,8.47,6.81,152.00,7.00,5.00,6.00,15.17,11.95,253.00,8.00,4.00,11.00,5.83,4.94,106.00,9.00,7.00,4.00,9.53,6.88,198.00,4.00,7.00,12.00,2.97,2.48,58.00,8.00,6.00,0.00,0,휴식 (Relax)
4.50,2.06,2.31,9.62,-0.81,15.83,19.87,12.36,64.50,22.07,27.51,19.73,72.00,4.37,48.38,104.11,39.66,90.91,60.91,51.55,11.00,4.97,24.07,27.46,16.76,41.45,17.05,26.44,1.00,9.44,14.58,16.28,15.56,63.96,35.20,65.32,44.00,14.50,5.49,6.33,18.03,8.43,11.49,1.63,23.00,8.47,6.81,160.00,8.00,5.00,6.00,15.17,11.95,253.00,7.00,5.00,11.00,5.83,4.94,112.00,10.00,8.00,4.00,9.43,7.39,209.00,9.00,8.00,12.00,2.90,2.39,55.00,7.00,7.00,0.00,0,휴식 (Relax)
4.50,1.38,-8.00,-11.69,-0.62,15.83,19.87,12.36,64.50,22.07,27.51,19.73,72.00,15.15,44.93,99.33,49.19,81.60,68.97,51.05,22.00,12.79,23.36,29.66,27.46,31.75,28.04,25.70,10.00,2.54,7.89,26.15,24.60,58.57,46.00,64.09,55.00,12.30,6.25,9.32,15.23,5.63,11.87,4.27,26.00,8.47,6.81,152.00,7.00,5.00,6.00,15.00,11.34,253.00,7.00,5.00,11.00,6.15,5.25,117.00,10.00,8.00,5.00,9.89,7.82,231.00,10.00,9.00,13.00,2.85,2.23,52.00,7.00,6.00,0.00,0,휴식 (Relax)
-11.00,-9.62,-3.00,-0.69,5.38,9.92,13.69,20.11,72.44,19.07,33.05,25.87,64.00,15.15,44.93,99.33,49.19,81.60,68.97,51.05,22.00,12.79,23.36,29.66,27.46,31.75,28.04,25.70,10.00,2.54,7.89,26.15,24.60,58.57,46.00,64.09,55.00,12.30,6.25,9.32,15.23,5.63,11.87,4.27,26.00,8.89,7.12,168.00,8.00,5.00,7.00,15.00,11.34,253.00,7.00,5.00,11.00,6.15,5.25,116.00,9.00,8.00,5.00,9.89,7.82,231.00,9.00,9.00,13.00,2.85,2.23,50.00,7.00,5.00,0.00,0,휴식 (Relax)
-3.00,1.38,7.69,10.31,-0.75,9.92,13.69,20.11,72.44,19.07,33.05,25.87,64.00,15.15,44.93,99.33,49.19,81.60,68.97,51.05,22.00,8.39,18.45,34.33,32.39,31.05,28.66,28.96,5.00,2.54,7.89,26.15,24.60,58.57,46.00,64.09,55.00,14.30,8.06,10.92,13.42,3.79,9.95,3.75,24.00,8.89,7.12,152.00,7.00,5.00,6.00,15.00,11.34,253.00,8.00,6.00,11.00,6.42,5.60,121.00,9.00,8.00,6.00,9.89,7.82,231.00,9.00,9.00,13.00,2.77,2.16,48.00,7.00,5.00,0.00,0,휴식 (Relax)
6.00,12.38,2.31,9.62,2.44,6.56,10.61,11.19,56.57,16.75,25.60,32.97,48.00,15.15,44.93,99.33,49.19,81.60,68.97,51.05,22.00,7.30,16.04,35.15,33.84,36.77,23.84,23.55,11.00,8.68,16.84,35.03,22.00,67.06,40.65,53.96,66.00,11.53,5.44,8.59,15.00,2.40,8.97,5.60,21.00,7.21,5.75,136.00,7.00,5.00,5.00,15.00,11.34,264.00,8.00,6.00,12.00,6.39,5.56,126.00,9.00,9.00,6.00,10.20,8.59,231.00,9.00,9.00,13.00,2.50,1.90,48.00,8.00,6.00,0.00,0,휴식 (Relax)
-2.00,2.06,-8.38,-11.69,2.44,6.56,10.61,11.19,56.57,16.75,25.60,32.97,48.00,17.75,44.04,89.30,39.66,75.96,77.76,62.03,11.00,6.04,14.15,39.34,38.60,40.08,18.86,18.59,16.00,3.64,16.21,38.14,33.00,76.69,30.78,42.97,77.00,11.53,5.44,8.59,15.00,2.40,8.97,5.60,21.00,7.21,5.75,144.00,8.00,6.00,5.00,14.66,10.83,275.00,8.00,7.00,13.00,6.68,5.88,132.00,10.00,8.00,7.00,10.63,9.11,242.00,10.00,8.00,13.00,2.50,1.90,45.00,7.00,6.00,0.00,0,휴식 (Relax)
-2.00,13.06,-3.69,-1.38,-2.44,6.56,10.61,11.19,56.57,16.75,25.60,32.97,48.00,17.75,44.04,89.30,39.66,75.96,77.76,62.03,11.00,8.76,18.59,35.44,37.48,38.37,16.14,13.81,21.00,7.68,8.42,27.15,34.79,76.63,20.33,32.79,88.00,11.04,6.80,10.59,13.89,4.04,10.94,7.59,19.00,7.21,5.75,136.00,8.00,5.00,5.00,14.66,10.83,231.00,7.00,7.00,13.00,6.39,5.56,115.00,9.00,8.00,6.00,10.20,8.59,231.00,9.00,8.00,13.00,2.57,1.98,48.00,8.00,6.00,0.00,0,휴식 (Relax)
-10.00,-21.31,3.00,-0.69,-5.25,6.56,10.61,11.19,56.57,16.75,25.60,32.97,48.00,6.19,22.08,68.92,24.60,55.41,67.78,48.02,33.00,3.98,9.25,33.56,26.68,27.45,22.33,9.38,32.00,6.04,19.05,32.54,24.60,66.95,19.05,26.72,99.00,12.08,9.79,12.06,16.55,5.16,8.72,5.12,22.00,7.21,5.75,120.00,7.00,4.00,4.00,11.32,9.11,231.00,8.00,8.00,13.00,5.44,4.88,115.00,10.00,8.00,6.00,9.89,7.82,220.00,8.00,8.00,12.00,2.84,2.09,49.00,8.00,6.00,0.00,0,휴식 (Relax)
6.50,-20.62,3.31,-11.00,-0.25,8.72,9.27,19.18,48.66,9.54,28.46,27.29,40.00,9.87,30.36,77.43,15.56,56.88,73.28,47.84,44.00,7.41,10.66,28.98,26.02,30.32,17.33,8.34,27.00,16.81,28.74,28.80,31.11,76.03,11.91,29.18,88.00,12.08,9.79,12.06,16.55,5.16,8.72,5.12,22.00,6.46,5.06,120.00,7.00,5.00,4.00,12.22,9.97,198.00,7.00,7.00,12.00,5.11,4.56,99.00,9.00,7.00,5.00,10.29,8.25,220.00,6.00,7.00,12.00,2.84,2.09,54.00,8.00,7.00,0.00,0,휴식 (Relax)
-9.00,-7.56,2.62,-0.69,-4.94,13.83,8.66,23.21,48.00,11.10,20.91,34.57,48.00,42.72,48.98,76.37,24.60,24.88,41.41,43.45,11.00,8.78,2.87,37.88,15.03,26.88,12.80,11.58,16.00,6.88,26.56,39.61,24.60,75.00,4.56,31.41,77.00,16.90,10.75,7.17,12.21,7.58,12.90,7.03,27.00,6.86,5.38,136.00,8.00,6.00,5.00,10.80,9.37,176.00,6.00,6.00,12.00,4.75,4.20,88.00,8.00,6.00,4.00,9.89,7.82,198.00,7.00,7.00,12.00,3.11,2.34,56.00,6.00,7.00,0.00,0,휴식 (Relax)
6.50,-17.88,2.62,0.69,0.25,11.80,13.86,27.91,40.00,9.28,13.86,42.56,56.00,53.19,51.59,67.42,31.11,33.48,51.59,46.39,22.00,8.78,2.87,37.88,15.03,26.88,12.80,11.58,16.00,25.82,19.05,33.73,11.00,55.09,19.05,38.11,55.00,19.87,10.10,7.44,10.77,9.06,10.10,4.47,24.00,7.05,5.88,152.00,9.00,7.00,6.00,11.59,10.14,165.00,5.00,6.00,12.00,4.75,4.20,82.00,7.00,6.00,4.00,8.22,6.45,165.00,9.00,6.00,11.00,3.01,2.22,53.00,6.00,7.00,0.00,0,휴식 (Relax)
-1.50,4.81,-3.38,0.00,-4.75,11.80,13.86,27.91,40.00,9.28,13.86,42.56,56.00,62.20,47.95,58.07,24.60,36.97,47.95,39.44,11.00,8.78,2.87,37.88,15.03,26.88,12.80,11.58,16.00,18.16,26.94,23.74,22.00,46.89,26.94,41.81,44.00,19.87,10.10,7.44,10.77,9.06,10.10,4.47,24.00,7.05,5.88,144.00,9.00,7.00,5.00,10.98,9.54,176.00,6.00,7.00,12.00,4.75,4.20,88.00,8.00,6.00,4.00,7.78,5.50,154.00,4.00,6.00,10.00,3.01,2.22,53.00,6.00,8.00,0.00,0,휴식 (Relax)
7.00,4.81,-3.38,0.00,3.06,7.85,11.31,28.75,32.00,16.50,11.31,37.41,48.00,62.20,47.95,58.07,24.60,36.97,47.95,39.44,11.00,8.78,2.87,37.88,15.03,26.88,12.80,11.58,16.00,18.16,26.94,23.74,22.00,46.89,26.94,41.81,44.00,18.23,13.09,6.58,10.05,9.19,9.30,7.46,27.00,6.24,5.25,128.00,9.00,7.00,4.00,10.98,9.54,165.00,5.00,7.00,11.00,4.75,4.20,82.00,7.00,6.00,4.00,7.78,5.50,154.00,4.00,6.00,10.00,3.11,2.34,61.00,7.00,9.00,0.00,0,휴식 (Relax)
-9.00,-6.19,-3.00,-20.62,-6.50,7.85,11.31,28.75,32.00,16.50,11.31,37.41,48.00,62.20,47.95,58.07,24.60,36.97,47.95,39.44,11.00,6.50,7.26,35.19,21.02,20.94,13.83,16.29,22.00,25.37,22.92,27.81,44.00,24.90,43.53,52.94,66.00,20.27,9.93,3.19,3.16,16.13,5.79,14.11,34.00,6.24,5.25,136.00,10.00,8.00,5.00,10.98,9.54,176.00,6.00,7.00,12.00,4.77,4.25,77.00,7.00,5.00,4.00,9.43,7.39,165.00,9.00,5.00,10.00,3.54,2.88,68.00,8.00,9.00,1.00,0,휴식 (Relax)
-1.00,-37.12,19.25,12.38,6.31,7.85,11.31,28.75,32.00,16.50,11.31,37.41,48.00,65.40,41.51,80.88,56.09,65.62,26.39,72.13,44.00,11.15,11.40,47.19,23.71,21.67,25.34,28.21,34.00,25.37,22.92,27.81,44.00,24.90,43.53,52.94,66.00,20.27,8.56,5.75,5.00,17.75,4.09,16.64,37.00,6.24,5.25,144.00,10.00,9.00,5.00,14.49,11.86,187.00,5.00,6.00,12.00,6.57,5.00,89.00,7.00,4.00,4.00,9.43,7.39,176.00,9.00,5.00,10.00,3.79,3.02,76.00,8.00,9.00,2.00,0,휴식 (Relax)
-1.00,7.56,1.88,0.69,-6.38,7.85,11.31,28.75,32.00,16.50,11.31,37.41,48.00,65.90,50.99,78.84,55.00,58.51,23.37,62.67,33.00,15.40,17.35,49.80,29.15,15.68,20.56,22.56,28.00,27.54,12.75,38.68,55.00,18.43,39.13,41.97,55.00,18.56,13.22,4.19,8.94,15.81,2.27,20.10,42.00,6.24,5.25,136.00,9.00,9.00,5.00,13.87,11.26,220.00,6.00,7.00,12.00,6.52,4.86,100.00,6.00,4.00,5.00,9.09,6.53,165.00,8.00,5.00,10.00,4.11,3.41,87.00,9.00,10.00,3.00,0,휴식 (Relax)
30.44,17.88,1.88,1.38,0.62,32.81,27.44,53.35,57.00,25.19,27.44,22.43,73.00,69.58,40.65,89.48,66.00,64.90,16.84,57.18,22.00,15.40,17.35,49.80,29.15,15.68,20.56,22.56,28.00,21.17,18.83,37.37,56.09,7.43,45.45,31.68,44.00,18.56,13.22,4.19,8.94,15.81,2.27,20.10,42.00,9.87,7.20,169.00,10.00,9.00,6.00,14.49,11.86,231.00,6.00,7.00,13.00,6.52,4.86,89.00,5.00,3.00,4.00,8.59,6.19,143.00,7.00,4.00,9.00,4.11,3.41,94.00,10.00,11.00,3.00,0,휴식 (Relax)
-2.06,-3.44,-4.44,-19.94,-1.25,25.71,20.15,51.86,57.56,24.25,31.17,18.81,81.00,62.08,46.00,83.44,66.91,75.48,7.89,57.71,11.00,16.90,17.56,45.02,24.60,19.34,24.20,21.12,23.00,15.21,22.47,47.81,66.91,15.32,34.49,40.06,55.00,16.90,13.93,5.51,7.21,14.90,1.35,20.35,44.00,9.79,6.84,186.00,10.00,9.00,6.00,14.40,11.69,242.00,6.00,7.00,13.00,6.18,4.51,90.00,6.00,3.00,4.00,9.70,7.22,154.00,7.00,4.00,9.00,4.12,3.47,90.00,10.00,11.00,3.00,0,휴식 (Relax)
-10.06,-3.44,1.19,12.38,6.75,25.71,20.15,51.86,57.56,24.25,31.17,18.81,81.00,62.08,46.00,83.44,66.91,75.48,7.89,57.71,11.00,18.25,15.01,44.92,27.80,14.45,18.24,20.70,29.00,23.74,26.94,41.81,69.57,18.16,26.94,46.89,66.00,16.90,13.93,5.51,7.21,14.90,1.35,20.35,44.00,9.79,6.84,186.00,10.00,9.00,6.00,14.40,11.69,231.00,5.00,7.00,12.00,6.09,4.23,85.00,6.00,3.00,3.00,10.20,7.56,176.00,8.00,5.00,9.00,4.12,3.47,92.00,11.00,11.00,3.00,0,휴식 (Relax)
-2.06,17.88,-4.12,-8.25,0.75,25.71,20.15,51.86,57.56,24.25,31.17,18.81,81.00,73.04,55.34,72.86,69.57,85.15,18.03,49.34,22.00,21.32,25.15,34.75,20.25,20.85,14.54,20.17,40.00,3.38,6.44,32.18,49.19,18.92,37.56,58.61,88.00,16.90,13.93,5.51,7.21,14.90,1.35,20.35,44.00,9.79,6.84,186.00,9.00,9.00,6.00,15.00,12.38,242.00,6.00,6.00,12.00,5.97,4.23,86.00,7.00,4.00,3.00,9.92,7.91,198.00,9.00,6.00,10.00,4.12,3.47,95.00,11.00,12.00,3.00,0,휴식 (Relax)
-1.56,7.56,-8.44,-17.19,-0.94,28.07,27.92,50.23,49.65,22.80,39.07,26.78,73.00,62.65,44.89,74.71,59.24,93.75,25.43,39.35,33.00,30.88,35.26,27.55,30.08,12.07,10.32,24.53,29.00,30.50,26.56,7.54,70.43,45.41,4.56,56.94,55.00,12.92,9.41,5.48,10.82,15.63,6.13,24.71,39.00,9.68,6.34,178.00,8.00,9.00,6.00,14.40,11.69,242.00,6.00,6.00,12.00,6.33,4.69,80.00,6.00,3.00,2.00,10.27,8.77,187.00,8.00,5.00,10.00,4.01,3.31,97.00,11.00,12.00,3.00,0,휴식 (Relax)
-1.56,-13.06,1.88,4.12,4.06,28.07,27.92,50.23,49.65,22.80,39.07,26.78,73.00,49.00,40.91,58.48,70.43,101.33,31.44,61.29,11.00,19.89,32.08,23.12,28.00,19.81,8.88,34.38,18.00,21.24,20.33,17.70,64.14,53.61,8.42,64.07,44.00,12.92,9.41,5.48,10.82,15.63,6.13,24.71,39.00,9.68,6.34,178.00,8.00,9.00,6.00,14.66,11.95,253.00,7.00,5.00,12.00,5.97,4.23,86.00,7.00,4.00,3.00,10.20,8.42,198.00,8.00,6.00,10.00,4.01,3.31,97.00,11.00,13.00,3.00,0,휴식 (Relax)
-9.06,-11.00,6.19,14.44,3.75,35.69,30.56,45.78,57.56,18.13,38.73,33.25,65.00,55.99,69.40,29.03,98.39,68.42,4.93,31.95,44.00,10.26,39.73,12.48,39.00,12.51,15.97,23.38,29.00,18.89,26.56,25.83,73.79,57.49,4.56,54.14,55.00,13.97,8.07,6.15,15.23,14.04,8.42,20.05,44.00,9.95,6.59,178.00,8.00,8.00,6.00,14.02,11.00,220.00,3.00,5.00,11.00,6.09,4.23,85.00,6.00,4.00,3.00,10.80,8.85,209.00,8.00,6.00,11.00,4.12,3.47,94.00,11.00,12.00,3.00,0,휴식 (Relax)
5.94,19.94,-4.44,24.06,3.25,19.91,38.73,38.15,61.85,31.14,30.56,44.53,49.00,36.19,40.91,37.23,116.93,66.63,31.44,33.06,77.00,13.98,33.76,17.12,39.46,17.17,21.86,18.02,35.00,34.74,48.56,30.63,85.91,35.55,17.44,76.07,33.00,16.08,6.31,14.10,14.14,8.35,0.45,26.25,36.00,9.79,6.84,178.00,8.00,8.00,6.00,14.66,11.95,253.00,7.00,5.00,12.00,6.18,4.51,96.00,7.00,5.00,4.00,12.43,9.71,209.00,7.00,5.00,11.00,4.05,3.31,89.00,10.00,11.00,3.00,0,휴식 (Relax)
5.94,38.50,-8.75,1.38,3.06,19.91,38.73,38.15,61.85,31.14,30.56,44.53,49.00,41.86,65.91,51.23,162.41,16.73,44.14,33.94,22.00,21.27,28.17,18.69,50.36,10.35,17.84,26.13,24.00,45.68,56.87,26.23,77.78,40.18,12.41,65.75,44.00,16.72,5.86,15.31,11.18,11.34,3.42,24.68,39.00,9.79,6.84,162.00,7.00,7.00,5.00,17.39,13.75,264.00,7.00,4.00,12.00,6.57,5.00,101.00,7.00,5.00,4.00,12.22,8.94,220.00,6.00,6.00,11.00,4.13,3.45,84.00,9.00,10.00,3.00,0,휴식 (Relax)
4.94,15.12,2.25,-8.94,-4.94,17.64,51.80,34.12,57.56,29.98,16.20,49.30,33.00,55.26,87.79,48.98,153.21,38.38,22.81,28.60,44.00,21.27,28.17,18.69,50.36,10.35,17.84,26.13,24.00,35.34,56.43,37.13,85.91,35.00,21.12,58.38,55.00,16.72,5.86,15.31,11.18,11.34,3.42,24.68,39.00,9.52,6.83,146.00,6.00,6.00,4.00,17.77,14.27,275.00,7.00,4.00,12.00,6.57,5.00,112.00,8.00,6.00,5.00,12.43,9.71,231.00,7.00,6.00,12.00,4.13,3.45,87.00,9.00,9.00,3.00,0,휴식 (Relax)
-2.56,-7.56,-3.38,2.06,0.06,13.91,50.29,27.03,65.49,23.73,17.00,50.48,25.00,60.70,95.23,39.77,143.00,36.94,29.23,25.11,33.00,22.98,33.83,13.19,44.41,15.90,23.82,27.95,18.00,35.34,56.43,37.13,85.91,35.00,21.12,58.38,55.00,16.72,5.86,15.31,11.18,11.34,3.42,24.68,39.00,9.46,6.52,146.00,6.00,5.00,4.00,17.27,13.49,275.00,7.00,4.00,12.00,6.60,5.05,112.00,8.00,7.00,5.00,12.43,9.71,242.00,8.00,7.00,13.00,4.13,3.45,87.00,9.00,9.00,3.00,0,휴식 (Relax)
-2.56,-6.88,2.25,22.69,2.56,13.91,50.29,27.03,65.49,23.73,17.00,50.48,25.00,59.44,95.86,49.57,139.14,47.34,31.23,21.91,22.00,23.61,28.64,13.94,44.00,17.45,28.64,28.70,12.00,48.18,34.49,53.61,103.77,48.48,22.47,59.89,33.00,11.77,5.07,16.45,14.87,18.83,10.78,20.60,31.00,9.46,6.52,138.00,5.00,4.00,4.00,17.34,13.75,275.00,7.00,4.00,12.00,6.57,5.00,118.00,9.00,8.00,5.00,13.73,10.57,264.00,8.00,7.00,14.00,3.98,3.31,82.00,8.00,8.00,3.00,0,휴식 (Relax)
5.44,4.12,1.88,-9.62,-0.25,13.91,50.29,27.03,65.49,23.73,17.00,50.48,25.00,59.44,95.86,49.57,139.14,47.34,31.23,21.91,22.00,27.56,28.00,10.31,38.00,21.97,28.00,30.26,18.00,44.71,42.36,44.98,110.00,46.17,33.31,59.38,22.00,14.11,2.08,13.45,17.20,19.41,13.40,18.64,28.00,9.46,6.52,130.00,5.00,3.00,3.00,17.34,13.75,275.00,7.00,4.00,12.00,6.52,4.86,118.00,9.00,8.00,5.00,13.95,11.34,275.00,8.00,7.00,14.00,3.93,3.16,75.00,8.00,8.00,2.00,0,휴식 (Relax)
-3.06,-6.88,1.50,-10.31,-2.56,21.85,44.31,19.17,65.00,31.30,21.69,44.22,17.00,59.44,95.86,49.57,139.14,47.34,31.23,21.91,22.00,33.22,32.52,4.32,38.47,17.16,24.13,26.52,12.00,44.02,42.60,42.49,101.41,35.80,42.60,56.59,11.00,9.29,6.72,16.06,14.87,15.78,15.77,14.53,23.00,9.09,6.21,130.00,6.00,4.00,3.00,17.34,13.75,253.00,8.00,4.00,12.00,6.44,4.62,95.00,8.00,7.00,4.00,13.17,10.48,242.00,7.00,6.00,13.00,3.52,2.88,64.00,7.00,7.00,1.00,0,휴식 (Relax)
-3.06,-19.25,2.56,-8.94,-0.19,21.85,44.31,19.17,65.00,31.30,21.69,44.22,17.00,40.30,83.98,66.68,118.47,25.54,14.41,7.25,0.00,16.34,15.82,18.72,21.84,27.97,7.98,15.62,5.00,55.23,28.08,63.89,88.68,25.65,53.31,48.72,11.00,15.28,6.06,19.61,9.43,10.25,16.04,8.99,17.00,9.09,6.21,130.00,6.00,4.00,3.00,14.81,12.38,220.00,7.00,4.00,12.00,4.37,3.83,78.00,8.00,7.00,3.00,13.03,10.57,231.00,7.00,6.00,12.00,3.23,2.48,53.00,6.00,6.00,0.00,0,휴식 (Relax)
-10.56,-17.88,7.25,2.06,-0.62,16.50,39.07,16.33,65.49,35.82,27.92,52.21,25.00,61.88,79.80,73.78,112.18,30.13,29.87,21.65,22.00,20.74,18.79,18.54,21.02,32.31,3.30,12.88,10.00,55.23,28.08,63.89,88.68,25.65,53.31,48.72,11.00,9.38,2.74,13.34,14.42,13.02,13.73,2.19,10.00,9.46,6.52,105.00,5.00,3.00,2.00,15.50,13.23,209.00,7.00,3.00,11.00,4.71,4.06,83.00,8.00,7.00,3.00,13.03,10.57,242.00,8.00,6.00,13.00,2.64,2.16,46.00,6.00,5.00,0.00,0,휴식 (Relax)
7.00,15.12,-3.38,2.06,-0.62,27.49,14.78,10.05,40.79,14.10,6.12,31.50,0.00,61.88,79.80,73.78,112.18,30.13,29.87,21.65,22.00,17.25,19.94,12.92,27.02,32.34,6.20,9.45,16.00,55.23,28.08,63.89,88.68,25.65,53.31,48.72,11.00,9.38,2.74,13.34,14.42,13.02,13.73,2.19,10.00,5.57,4.38,88.00,5.00,4.00,2.00,15.50,13.23,220.00,7.00,3.00,11.00,4.75,4.20,88.00,8.00,7.00,4.00,13.03,10.57,220.00,7.00,5.00,12.00,2.64,2.16,44.00,6.00,4.00,0.00,0,휴식 (Relax)
6.50,-6.88,-3.38,11.00,-0.75,19.81,22.38,13.00,43.08,19.10,11.79,29.42,8.00,61.88,79.80,73.78,112.18,30.13,29.87,21.65,22.00,17.25,19.94,12.92,27.02,32.34,6.20,9.45,16.00,26.16,49.79,96.44,62.23,36.02,20.62,18.23,44.00,9.51,1.46,15.29,12.81,13.39,11.74,0.64,8.00,5.81,4.88,80.00,5.00,3.00,2.00,15.50,13.23,242.00,8.00,4.00,12.00,4.75,4.20,82.00,7.00,6.00,4.00,12.30,9.62,198.00,2.00,4.00,12.00,2.56,2.06,36.00,5.00,3.00,0.00,0,휴식 (Relax)
5.50,3.44,2.62,0.69,-0.38,3.94,33.45,28.69,28.84,8.54,5.74,29.67,8.00,56.90,87.51,82.47,101.41,21.83,28.51,24.85,33.00,17.25,19.94,12.92,27.02,32.34,6.20,9.45,16.00,32.41,48.56,94.23,55.00,33.71,17.44,8.15,55.00,8.09,7.28,12.98,10.20,9.38,9.33,6.18,2.00,5.45,4.81,72.00,5.00,3.00,2.00,15.42,13.06,231.00,8.00,4.00,12.00,4.75,4.20,82.00,7.00,6.00,4.00,11.97,9.11,187.00,5.00,5.00,12.00,2.18,1.64,30.00,4.00,3.00,0.00,0,휴식 (Relax)
5.00,-6.19,2.25,10.31,2.44,5.53,35.69,31.71,25.30,4.32,2.54,31.52,0.00,60.85,89.44,64.89,99.00,6.75,21.69,35.17,55.00,14.19,18.20,6.93,27.46,34.57,7.54,3.46,22.00,32.13,36.48,76.19,73.79,14.88,36.48,14.20,77.00,9.37,5.30,10.60,13.15,6.41,11.40,9.09,1.00,5.57,5.00,72.00,5.00,3.00,2.00,15.05,12.46,231.00,9.00,5.00,12.00,4.71,4.06,77.00,7.00,5.00,4.00,11.97,9.20,187.00,7.00,5.00,12.00,2.26,1.83,31.00,5.00,2.00,0.00,0,휴식 (Relax)
-3.00,25.44,-13.44,-2.06,-0.69,5.53,35.69,31.71,25.30,4.32,2.54,31.52,0.00,65.33,71.96,60.99,121.00,28.63,19.68,48.22,77.00,17.99,15.71,10.18,32.39,39.56,8.45,2.03,27.00,49.58,19.05,57.72,66.91,36.41,19.05,12.06,55.00,11.09,6.13,8.83,13.00,7.11,9.41,7.51,1.00,5.57,5.00,80.00,6.00,3.00,2.00,16.37,14.01,242.00,9.00,6.00,12.00,5.40,4.45,82.00,7.00,5.00,4.00,10.45,8.34,176.00,8.00,6.00,12.00,2.17,1.73,29.00,5.00,3.00,0.00,0,휴식 (Relax)
4.50,-8.25,7.25,8.25,5.12,13.36,28.46,24.12,28.84,5.23,9.27,38.94,8.00,73.38,60.98,50.99,121.50,25.90,25.26,44.64,66.00,13.15,20.41,12.45,32.00,41.46,8.45,7.01,32.00,60.52,8.42,61.65,56.09,35.21,20.33,2.96,66.00,14.08,9.09,9.73,10.00,9.30,11.55,9.20,2.00,5.63,5.06,80.00,7.00,3.00,2.00,15.80,13.41,275.00,10.00,7.00,13.00,5.67,4.69,98.00,8.00,5.00,5.00,10.65,8.94,176.00,8.00,7.00,12.00,2.47,1.97,35.00,6.00,4.00,0.00,0,휴식 (Relax)
-4.00,1.38,-3.06,-2.06,2.12,20.68,20.91,25.23,22.63,5.02,8.66,30.96,0.00,94.60,49.07,37.10,99.61,11.16,3.49,46.19,88.00,24.13,11.83,3.45,21.00,35.08,10.30,17.76,43.00,50.12,19.05,50.67,55.00,45.70,19.05,9.55,77.00,14.08,9.09,9.73,10.00,9.30,11.55,9.20,2.00,4.90,4.50,72.00,7.00,4.00,1.00,15.00,12.38,253.00,10.00,8.00,13.00,5.41,4.55,98.00,8.00,6.00,5.00,10.45,8.34,176.00,9.00,7.00,12.00,2.47,1.97,38.00,6.00,5.00,0.00,0,휴식 (Relax)
-3.50,2.06,2.56,-0.69,2.12,15.60,25.08,17.28,28.84,12.66,16.34,24.04,8.00,83.76,46.00,31.09,101.41,2.94,7.89,46.62,99.00,18.88,12.47,4.00,21.84,29.12,11.77,23.15,49.00,37.36,36.48,48.43,33.00,36.65,36.48,15.48,55.00,14.08,9.09,9.73,10.00,9.30,11.55,9.20,2.00,4.87,4.50,72.00,7.00,4.00,1.00,14.66,11.69,231.00,10.00,7.00,12.00,5.40,4.45,99.00,9.00,6.00,5.00,9.09,6.53,154.00,8.00,7.00,11.00,2.47,1.97,38.00,6.00,5.00,0.00,0,휴식 (Relax)
-3.00,4.12,-3.75,-11.00,-2.56,16.72,25.60,14.94,25.30,13.52,10.61,29.16,0.00,58.79,26.94,2.35,69.57,35.64,26.94,63.09,66.00,16.58,11.32,5.78,17.09,30.82,14.00,19.94,44.00,38.92,41.51,59.11,34.79,27.91,26.39,4.48,66.00,12.64,12.74,13.87,11.18,4.60,6.60,8.40,7.00,4.80,4.38,72.00,7.00,4.00,1.00,11.59,9.62,209.00,10.00,7.00,11.00,5.03,4.06,94.00,9.00,6.00,4.00,9.53,6.88,154.00,1.00,6.00,11.00,2.50,1.90,35.00,6.00,4.00,0.00,0,휴식 (Relax)
5.00,4.81,-3.38,-0.69,-2.75,16.72,25.60,14.94,25.30,13.52,10.61,29.16,0.00,56.55,19.05,13.04,66.91,32.62,19.05,53.18,77.00,17.38,16.19,9.67,20.00,27.08,19.95,19.58,38.00,33.16,44.89,53.55,24.60,18.37,25.43,7.19,77.00,12.14,9.81,11.72,8.60,2.94,4.45,8.16,10.00,4.80,4.38,72.00,7.00,4.00,1.00,10.98,8.94,187.00,9.00,7.00,10.00,5.07,4.20,88.00,8.00,5.00,4.00,9.09,6.53,154.00,8.00,7.00,11.00,2.17,1.78,30.00,6.00,4.00,0.00,0,휴식 (Relax)
4.50,4.12,2.25,-0.69,-0.75,9.86,33.45,10.50,24.00,12.95,5.74,30.08,8.00,54.52,29.95,14.42,56.09,42.56,23.56,42.24,88.00,18.86,10.56,5.70,25.06,21.23,24.91,23.00,32.00,33.16,44.89,53.55,24.60,18.37,25.43,7.19,77.00,12.14,9.81,11.72,8.60,2.94,4.45,8.16,10.00,4.87,4.50,72.00,7.00,4.00,1.00,10.91,8.77,187.00,9.00,7.00,10.00,5.03,4.06,88.00,8.00,5.00,4.00,9.09,6.53,132.00,7.00,6.00,10.00,2.17,1.78,29.00,5.00,3.00,0.00,0,휴식 (Relax)
-11.00,-27.50,2.25,11.00,5.06,17.62,27.31,6.67,32.00,20.89,4.69,35.45,16.00,67.56,18.83,7.94,64.14,60.07,45.45,21.82,110.00,18.86,10.56,5.70,25.06,21.23,24.91,23.00,32.00,43.60,35.20,43.34,15.56,7.60,14.58,5.94,66.00,10.12,10.91,14.72,11.18,5.69,7.15,6.68,13.00,5.57,5.00,80.00,7.00,3.00,2.00,12.90,10.31,209.00,9.00,6.00,10.00,5.03,4.06,88.00,8.00,5.00,4.00,7.78,5.50,110.00,0.00,6.00,10.00,2.46,2.04,32.00,5.00,3.00,0.00,0,휴식 (Relax)
-2.50,15.81,-12.75,-11.00,-0.94,25.50,28.46,3.04,32.98,18.54,9.27,28.09,8.00,57.61,14.28,8.98,73.79,59.58,54.24,17.63,121.00,7.12,14.96,11.02,39.85,11.02,35.72,7.12,48.00,43.60,35.20,43.34,15.56,7.60,14.58,5.94,66.00,10.12,10.91,14.72,11.18,5.69,7.15,6.68,13.00,5.45,4.81,80.00,6.00,4.00,2.00,13.45,10.91,242.00,9.00,7.00,10.00,5.98,4.91,104.00,9.00,5.00,5.00,7.78,5.50,132.00,1.00,7.00,11.00,2.46,2.04,36.00,6.00,4.00,0.00,0,휴식 (Relax)
5.00,4.12,-2.38,-0.69,-2.94,19.07,21.78,9.92,40.79,25.87,17.13,20.11,0.00,46.66,9.11,19.61,79.32,69.69,53.11,18.04,110.00,6.14,16.63,15.24,42.05,16.95,29.79,13.07,42.00,34.40,30.78,33.26,11.00,10.18,16.21,5.18,77.00,10.12,10.91,14.72,11.18,5.69,7.15,6.68,13.00,5.57,5.00,88.00,7.00,4.00,2.00,13.40,10.66,242.00,9.00,8.00,10.00,5.96,4.88,114.00,9.00,6.00,6.00,7.24,5.16,143.00,8.00,8.00,12.00,2.46,2.04,36.00,6.00,4.00,0.00,0,휴식 (Relax)
4.50,-7.56,-2.00,-11.69,-0.94,17.38,13.86,16.11,43.08,21.34,13.86,27.84,8.00,36.24,7.89,24.49,70.43,62.57,46.00,21.54,121.00,8.26,15.77,14.96,36.72,14.96,33.63,8.26,48.00,34.40,30.78,33.26,11.00,10.18,16.21,5.18,77.00,10.12,10.91,14.72,11.18,5.69,7.15,6.68,13.00,5.63,5.06,80.00,7.00,3.00,2.00,12.73,9.80,253.00,10.00,8.00,11.00,5.91,4.75,109.00,9.00,5.00,6.00,7.24,5.16,143.00,8.00,9.00,12.00,2.46,2.04,38.00,6.00,4.00,0.00,0,휴식 (Relax)
-11.50,-8.25,4.31,-0.69,-0.94,17.38,13.86,16.11,43.08,21.34,13.86,27.84,8.00,29.28,12.41,21.46,64.14,57.69,56.87,13.91,110.00,11.00,12.93,11.00,34.54,11.00,34.10,11.00,43.00,34.40,30.78,33.26,11.00,10.18,16.21,5.18,77.00,10.12,10.91,14.72,11.18,5.69,7.15,6.68,13.00,5.63,5.06,80.00,7.00,3.00,2.00,11.99,8.94,220.00,9.00,7.00,10.00,5.54,4.40,104.00,9.00,5.00,5.00,7.24,5.16,154.00,8.00,10.00,13.00,2.46,2.04,38.00,6.00,4.00,0.00,0,휴식 (Relax)
-3.00,-6.88,-1.69,-0.69,-0.94,12.95,14.78,23.91,46.65,14.02,6.12,24.50,0.00,39.22,24.07,42.78,46.67,35.70,75.58,14.04,88.00,11.00,12.93,11.00,34.54,11.00,34.10,11.00,43.00,34.40,30.78,33.26,11.00,10.18,16.21,5.18,77.00,10.12,10.91,14.72,11.18,5.69,7.15,6.68,13.00,5.57,5.00,88.00,7.00,4.00,2.00,11.59,8.77,198.00,8.00,6.00,9.00,5.54,4.40,110.00,10.00,6.00,5.00,7.24,5.16,143.00,7.00,9.00,12.00,2.46,2.04,38.00,6.00,4.00,0.00,0,휴식 (Relax)
-2.50,3.44,-1.69,0.00,-2.81,9.61,13.86,29.06,40.00,15.26,13.86,24.95,8.00,36.95,13.67,38.02,55.00,32.79,79.67,21.70,77.00,11.00,12.93,11.00,34.54,11.00,34.10,11.00,43.00,28.96,29.95,29.88,15.56,8.67,23.56,11.38,66.00,10.61,12.69,13.47,13.00,5.05,8.06,7.77,11.00,5.45,4.81,88.00,7.00,4.00,2.00,11.48,8.42,198.00,8.00,5.00,9.00,5.54,4.40,104.00,9.00,6.00,5.00,6.74,4.12,132.00,1.00,8.00,11.00,2.55,2.12,40.00,6.00,4.00,0.00,0,휴식 (Relax)
5.50,3.44,-1.31,0.00,-0.81,9.61,13.86,29.06,40.00,15.26,13.86,24.95,8.00,36.95,13.67,38.02,55.00,32.79,79.67,21.70,77.00,10.32,12.35,16.70,29.07,5.92,31.01,14.41,49.00,28.96,29.95,29.88,15.56,8.67,23.56,11.38,66.00,10.61,12.69,13.47,13.00,5.05,8.06,7.77,11.00,5.45,4.81,96.00,8.00,4.00,2.00,11.48,8.42,187.00,7.00,4.00,8.00,5.44,4.14,104.00,9.00,6.00,5.00,6.74,4.12,121.00,1.00,7.00,10.00,2.55,2.12,39.00,5.00,3.00,0.00,0,휴식 (Relax)
-9.50,-17.88,9.38,0.69,-2.50,10.74,3.31,13.07,53.67,5.68,19.31,21.21,24.00,30.82,13.35,28.61,64.14,25.17,89.72,22.41,88.00,12.40,8.86,14.26,31.62,2.29,32.95,19.12,54.00,19.48,19.05,39.24,11.00,3.57,19.05,22.09,55.00,9.59,11.54,18.42,8.60,9.53,4.78,8.83,6.00,5.81,4.88,104.00,8.00,4.00,3.00,12.22,9.28,176.00,7.00,3.00,8.00,5.83,4.53,99.00,9.00,5.00,5.00,6.11,3.87,110.00,6.00,6.00,9.00,2.57,2.00,38.00,4.00,2.00,0.00,0,휴식 (Relax)
13.50,5.50,3.38,11.00,-0.50,13.79,16.34,24.65,48.66,21.66,25.08,22.91,40.00,20.55,20.92,40.10,56.09,22.99,69.90,18.58,66.00,27.33,7.52,28.12,20.59,14.18,18.42,3.60,38.00,30.23,28.74,41.61,0.00,14.31,11.91,31.97,44.00,9.59,11.54,18.42,8.60,9.53,4.78,8.83,6.00,6.76,5.81,120.00,8.00,4.00,4.00,10.29,8.25,165.00,7.00,3.00,8.00,5.07,4.20,83.00,8.00,5.00,4.00,6.74,4.12,110.00,1.00,5.00,9.00,2.57,2.00,34.00,3.00,1.00,0.00,0,휴식 (Relax)
5.50,15.12,-1.94,11.00,2.69,13.79,16.34,24.65,48.66,21.66,25.08,22.91,40.00,35.94,27.92,21.83,77.78,17.06,67.41,29.06,44.00,16.54,9.55,22.16,30.68,20.36,7.93,9.43,27.00,30.23,28.74,41.61,0.00,14.31,11.91,31.97,44.00,7.88,8.54,16.16,11.18,6.98,2.25,8.50,3.00,6.76,5.81,120.00,7.00,5.00,4.00,10.91,8.42,165.00,6.00,3.00,8.00,4.62,3.67,78.00,8.00,4.00,3.00,6.74,4.12,99.00,1.00,5.00,8.00,2.26,1.72,34.00,4.00,1.00,0.00,0,휴식 (Relax)
5.00,4.12,-1.94,0.00,2.69,21.78,19.60,17.13,50.60,17.13,19.60,21.78,48.00,35.94,27.92,21.83,77.78,17.06,67.41,29.06,44.00,16.54,9.55,22.16,30.68,20.36,7.93,9.43,27.00,30.23,28.74,41.61,0.00,14.31,11.91,31.97,44.00,7.88,8.54,16.16,11.18,6.98,2.25,8.50,3.00,6.86,6.00,120.00,7.00,5.00,4.00,10.91,8.42,176.00,6.00,4.00,9.00,4.62,3.67,72.00,7.00,3.00,3.00,6.74,4.12,110.00,1.00,5.00,9.00,2.26,1.72,34.00,4.00,1.00,0.00,0,휴식 (Relax)
-3.00,4.12,-1.56,10.31,-0.12,21.78,19.60,17.13,50.60,17.13,19.60,21.78,48.00,35.94,27.92,21.83,77.78,17.06,67.41,29.06,44.00,14.44,14.29,27.77,25.08,14.37,11.91,15.03,21.00,37.30,19.05,35.13,11.00,24.53,19.05,33.60,55.00,5.14,9.15,16.46,8.60,7.95,4.93,6.89,0.00,6.86,6.00,128.00,8.00,5.00,4.00,10.91,8.42,176.00,6.00,4.00,9.00,4.51,3.40,66.00,6.00,3.00,3.00,7.24,5.16,110.00,5.00,5.00,9.00,2.15,1.45,32.00,4.00,1.00,0.00,0,휴식 (Relax)
4.50,4.12,-6.25,-11.69,-2.12,27.84,13.86,21.34,48.66,16.11,13.86,17.38,56.00,35.94,27.92,21.83,77.78,17.06,67.41,29.06,44.00,16.30,16.34,28.55,27.46,17.24,7.01,11.57,26.00,37.30,19.05,35.13,11.00,24.53,19.05,33.60,55.00,5.14,9.15,16.46,8.60,7.95,4.93,6.89,0.00,6.91,6.06,128.00,8.00,6.00,4.00,10.91,8.42,176.00,6.00,4.00,9.00,4.78,3.59,71.00,6.00,3.00,3.00,7.24,5.16,121.00,6.00,6.00,9.00,2.15,1.45,34.00,4.00,1.00,0.00,0,휴식 (Relax)
4.50,-6.19,4.38,9.62,-0.25,27.84,13.86,21.34,48.66,16.11,13.86,17.38,56.00,31.69,36.25,30.85,66.91,7.59,68.82,37.07,55.00,12.08,18.58,33.56,22.67,15.64,6.53,11.79,32.00,39.22,15.56,33.82,0.00,15.80,15.56,43.69,66.00,7.09,7.32,15.43,7.07,7.66,4.74,8.77,2.00,6.91,6.06,128.00,8.00,6.00,4.00,10.98,8.77,187.00,7.00,4.00,10.00,4.90,3.91,76.00,6.00,4.00,4.00,7.66,6.02,143.00,7.00,7.00,10.00,2.08,1.41,34.00,4.00,1.00,0.00,0,휴식 (Relax)
-10.50,-15.81,4.38,8.94,-0.25,29.62,28.46,25.86,48.66,14.00,9.27,32.76,40.00,41.21,58.03,49.91,73.79,29.25,51.80,16.72,33.00,12.08,18.58,33.56,22.67,15.64,6.53,11.79,32.00,39.91,24.60,44.31,11.00,26.43,24.60,32.70,55.00,7.09,7.32,15.43,7.07,7.66,4.74,8.77,2.00,7.33,6.50,128.00,8.00,5.00,4.00,11.65,9.71,165.00,6.00,3.00,10.00,4.90,3.91,76.00,6.00,4.00,4.00,7.99,6.70,132.00,6.00,6.00,9.00,2.08,1.41,28.00,3.00,0.00,0.00,0,휴식 (Relax)
4.50,4.12,4.38,-1.38,-1.75,21.60,25.08,10.75,32.98,29.99,16.34,48.57,24.00,19.06,45.45,60.02,46.67,50.23,18.83,16.93,0.00,12.08,18.58,33.56,22.67,15.64,6.53,11.79,32.00,43.37,14.58,38.57,15.56,30.53,35.20,23.22,44.00,7.13,8.05,8.14,5.83,5.89,3.34,4.03,6.00,6.91,6.06,136.00,9.00,6.00,5.00,9.43,7.91,143.00,6.00,3.00,10.00,4.90,3.91,60.00,5.00,3.00,3.00,7.66,6.02,121.00,6.00,5.00,9.00,1.52,1.09,24.00,0.00,0.00,0.00,0,휴식 (Relax)
-11.00,4.81,-6.94,-12.38,0.25,27.04,19.60,12.51,32.00,33.71,19.60,55.64,16.00,26.78,39.13,49.28,39.66,49.28,12.75,26.78,11.00,7.29,20.39,28.62,19.72,14.04,6.51,6.83,27.00,43.37,14.58,38.57,15.56,30.53,35.20,23.22,44.00,7.13,8.05,8.14,5.83,5.89,3.34,4.03,6.00,7.42,6.62,144.00,9.00,7.00,6.00,8.67,7.39,132.00,6.00,3.00,9.00,4.26,3.67,61.00,6.00,3.00,3.00,7.66,6.02,121.00,6.00,4.00,9.00,1.52,1.09,24.00,0.00,0.00,0.00,0,휴식 (Relax)
12.50,15.12,3.69,8.94,0.12,19.59,27.51,18.38,40.00,30.03,19.87,61.26,8.00,16.31,49.79,52.10,49.19,39.48,20.62,35.62,22.00,5.12,19.49,25.96,14.87,19.93,2.51,12.75,33.00,33.21,12.75,28.51,24.60,41.32,39.13,27.07,55.00,5.17,9.75,6.19,7.07,5.54,3.60,2.88,4.00,7.98,7.06,168.00,10.00,8.00,7.00,9.43,7.91,132.00,5.00,3.00,9.00,4.34,3.85,72.00,7.00,4.00,4.00,7.99,6.70,132.00,7.00,4.00,9.00,1.45,0.94,22.00,0.00,0.00,0.00,0,휴식 (Relax)
12.00,3.44,-2.31,-13.06,2.94,11.61,34.17,25.41,40.79,38.03,24.99,58.36,16.00,5.31,59.38,44.74,45.35,48.70,10.19,30.37,11.00,5.12,19.49,25.96,14.87,19.93,2.51,12.75,33.00,33.21,12.75,28.51,24.60,41.32,39.13,27.07,55.00,2.24,12.66,5.00,9.43,3.00,1.34,5.38,7.00,8.49,7.50,152.00,9.00,7.00,6.00,9.30,7.48,143.00,5.00,4.00,10.00,4.34,3.85,72.00,7.00,4.00,4.00,7.99,6.70,143.00,8.00,5.00,9.00,1.64,1.10,25.00,3.00,0.00,0.00,0,휴식 (Relax)
-19.50,-7.56,-6.62,-12.38,-0.06,19.38,32.98,26.82,48.66,41.91,32.98,59.57,24.00,5.31,59.38,44.74,45.35,48.70,10.19,30.37,11.00,7.53,30.49,16.60,10.00,27.82,13.51,10.49,22.00,43.76,23.56,18.28,34.79,50.69,29.95,31.45,44.00,2.24,12.66,5.00,9.43,3.00,1.34,5.38,7.00,9.37,8.06,176.00,10.00,7.00,7.00,9.30,7.48,154.00,6.00,4.00,11.00,4.57,3.91,71.00,6.00,4.00,4.00,8.59,7.22,143.00,8.00,5.00,9.00,1.64,1.10,28.00,4.00,1.00,0.00,0,휴식 (Relax)
-11.00,-7.56,-6.31,-11.69,-0.06,26.46,38.91,34.81,50.60,46.81,28.11,55.36,16.00,5.31,59.38,44.74,45.35,48.70,10.19,30.37,11.00,11.56,34.20,18.75,15.00,23.72,10.59,8.24,27.00,52.98,33.00,12.19,39.66,42.76,33.00,23.23,55.00,2.24,12.66,5.00,9.43,3.00,1.34,5.38,7.00,9.75,8.62,184.00,10.00,8.00,7.00,9.30,7.48,143.00,5.00,4.00,10.00,4.83,4.14,71.00,6.00,4.00,4.00,9.09,7.73,143.00,8.00,5.00,9.00,1.64,1.10,26.00,4.00,1.00,0.00,0,휴식 (Relax)
-10.50,-17.19,-1.31,-11.00,-2.06,32.53,46.86,38.92,43.08,39.35,27.35,61.77,24.00,24.65,80.55,28.10,24.60,39.12,31.83,48.95,11.00,11.56,34.20,18.75,15.00,23.72,10.59,8.24,27.00,60.36,38.11,22.04,31.11,39.16,38.11,33.37,44.00,2.24,12.66,5.00,9.43,3.00,1.34,5.38,7.00,10.09,9.19,176.00,9.00,7.00,7.00,10.27,8.77,154.00,5.00,4.00,11.00,4.83,4.14,76.00,6.00,4.00,4.00,9.53,8.25,143.00,4.00,5.00,9.00,1.64,1.10,26.00,4.00,1.00,0.00,0,휴식 (Relax)
-9.50,-15.81,-1.31,-20.62,-1.94,43.14,58.32,33.50,40.00,42.32,39.89,46.24,8.00,44.64,99.97,8.47,39.66,24.40,20.29,26.98,11.00,11.56,34.20,18.75,15.00,23.72,10.59,8.24,27.00,72.05,40.65,40.18,22.00,60.91,16.84,11.51,66.00,2.48,14.62,6.99,7.81,2.12,2.09,4.95,5.00,10.28,9.50,160.00,8.00,6.00,6.00,10.98,9.71,132.00,4.00,3.00,10.00,4.83,4.14,65.00,5.00,3.00,3.00,10.91,9.80,154.00,5.00,5.00,10.00,1.71,1.21,24.00,0.00,1.00,0.00,0,휴식 (Relax)
-9.50,-26.12,15.31,22.00,2.75,43.14,58.32,33.50,40.00,42.32,39.89,46.24,8.00,53.49,104.26,16.79,46.67,35.40,16.16,37.57,0.00,13.54,40.18,23.93,16.16,27.16,16.37,2.59,33.00,68.77,53.11,46.37,0.00,74.23,9.11,13.93,88.00,5.24,12.50,6.37,6.00,6.97,5.64,8.21,0.00,10.28,9.50,136.00,7.00,5.00,5.00,12.22,10.48,121.00,3.00,3.00,10.00,5.72,4.61,77.00,6.00,3.00,4.00,12.30,11.00,187.00,5.00,6.00,10.00,1.79,1.38,27.00,5.00,1.00,0.00,0,휴식 (Relax)
7.00,27.50,-10.69,-9.62,-4.94,44.57,53.71,29.30,40.79,35.12,44.49,39.42,0.00,44.77,113.43,14.50,64.14,47.88,14.23,56.89,22.00,9.35,29.74,15.81,31.58,24.42,28.38,13.49,49.00,63.52,31.11,24.73,22.00,68.65,31.11,35.90,110.00,0.54,10.90,1.55,11.00,10.42,8.90,13.15,5.00,9.75,9.00,144.00,8.00,5.00,6.00,14.02,11.69,165.00,4.00,3.00,10.00,6.25,4.70,98.00,6.00,4.00,5.00,12.22,11.00,220.00,7.00,7.00,11.00,2.19,1.59,32.00,2.00,2.00,0.00,0,휴식 (Relax)
14.50,6.19,4.94,12.38,3.06,46.24,61.52,24.64,48.66,36.84,44.44,35.69,8.00,43.90,102.85,5.24,59.24,45.09,17.65,65.12,33.00,10.21,28.76,11.03,31.00,19.52,30.57,19.10,55.00,63.52,31.11,24.73,22.00,68.65,31.11,35.90,110.00,0.54,10.90,1.55,11.00,10.42,8.90,13.15,5.00,10.28,9.50,152.00,8.00,5.00,6.00,13.45,11.09,176.00,4.00,4.00,10.00,6.38,5.08,114.00,7.00,5.00,6.00,12.22,11.00,231.00,8.00,7.00,11.00,2.19,1.59,40.00,3.00,3.00,0.00,0,휴식 (Relax)
-1.00,-14.44,4.56,11.69,0.25,41.62,55.03,32.60,48.00,44.82,39.75,36.61,16.00,41.89,84.10,25.37,80.08,66.62,30.21,57.68,11.00,15.21,24.59,5.89,37.00,25.00,32.95,15.00,49.00,72.22,33.00,16.29,33.00,76.06,33.00,28.88,99.00,2.51,7.93,3.69,8.00,7.48,7.56,15.63,8.00,10.15,9.12,160.00,8.00,5.00,7.00,13.87,11.69,198.00,5.00,4.00,11.00,6.48,5.37,114.00,7.00,5.00,6.00,12.58,11.69,220.00,8.00,6.00,10.00,2.05,1.47,40.00,3.00,4.00,0.00,0,휴식 (Relax)
6.50,17.88,4.19,11.69,3.06,48.28,56.55,31.07,40.00,48.83,32.03,41.75,24.00,45.61,86.64,21.61,77.78,73.08,41.10,61.06,0.00,21.20,18.63,9.81,37.48,25.57,27.26,17.34,55.00,72.22,33.00,16.29,33.00,76.06,33.00,28.88,99.00,1.38,9.99,2.56,8.54,6.21,5.12,17.58,11.00,10.28,9.50,160.00,8.00,6.00,7.00,14.49,12.38,231.00,6.00,5.00,12.00,6.56,5.56,109.00,7.00,4.00,6.00,12.58,11.69,198.00,7.00,5.00,9.00,2.19,1.59,41.00,3.00,5.00,0.00,0,휴식 (Relax)
6.50,17.19,-2.12,0.00,-0.06,48.28,56.55,31.07,40.00,48.83,32.03,41.75,24.00,54.37,82.04,31.67,88.68,78.84,35.43,53.79,11.00,25.96,14.97,14.25,32.56,20.67,31.87,17.19,50.00,83.08,22.92,18.66,22.00,65.06,43.53,33.19,88.00,3.24,10.36,4.52,6.71,4.72,7.12,16.94,9.00,10.28,9.50,160.00,8.00,6.00,7.00,15.05,13.06,220.00,5.00,5.00,11.00,6.34,5.25,104.00,7.00,4.00,5.00,12.30,11.00,187.00,5.00,5.00,9.00,2.14,1.47,42.00,8.00,6.00,0.00,0,휴식 (Relax)
-1.00,15.81,3.88,21.31,5.56,40.57,64.31,25.59,32.00,56.71,35.21,33.75,16.00,76.09,62.53,49.18,93.98,57.56,34.24,73.61,11.00,25.96,14.97,14.25,32.56,20.67,31.87,17.19,50.00,92.66,12.75,29.61,24.60,70.10,39.13,25.04,99.00,9.21,9.13,9.19,6.71,10.60,5.17,17.28,15.00,10.15,9.12,152.00,8.00,5.00,6.00,15.54,13.66,209.00,5.00,4.00,10.00,6.34,5.25,110.00,8.00,5.00,5.00,13.17,11.77,209.00,8.00,6.00,10.00,2.57,1.98,48.00,9.00,7.00,0.00,0,휴식 (Relax)
-1.50,24.06,-11.12,-10.31,-0.44,47.03,57.67,22.61,32.98,59.06,33.97,26.48,8.00,119.17,22.08,62.41,55.00,75.56,67.78,29.62,33.00,22.91,10.86,29.66,17.09,18.20,40.42,10.96,66.00,80.36,28.08,30.98,11.00,59.83,53.31,11.60,121.00,9.21,9.13,9.19,6.71,10.60,5.17,17.28,15.00,9.89,8.69,136.00,7.00,4.00,5.00,16.14,13.58,198.00,4.00,4.00,10.00,6.89,5.64,126.00,9.00,6.00,6.00,13.17,11.69,231.00,7.00,7.00,10.00,2.57,1.98,52.00,10.00,8.00,0.00,0,휴식 (Relax)
-8.50,-8.25,4.88,0.69,-2.44,40.24,62.20,38.47,48.66,48.67,24.71,20.49,8.00,109.98,25.50,68.43,62.23,71.27,78.27,20.14,44.00,22.91,10.86,29.66,17.09,18.20,40.42,10.96,66.00,80.36,28.08,30.98,11.00,59.83,53.31,11.60,121.00,9.21,9.13,9.19,6.71,10.60,5.17,17.28,15.00,9.99,8.62,128.00,6.00,3.00,4.00,16.27,14.09,231.00,5.00,5.00,11.00,6.89,5.64,131.00,9.00,6.00,6.00,13.17,11.69,231.00,7.00,7.00,10.00,2.57,1.98,52.00,10.00,8.00,0.00,0,휴식 (Relax)
-1.00,-28.19,4.19,0.00,-0.44,40.01,65.54,35.40,48.00,40.85,17.69,24.44,16.00,96.26,36.25,100.71,45.35,104.23,68.82,46.44,11.00,15.54,21.32,37.00,7.81,28.32,33.16,19.18,55.00,77.80,34.36,29.04,15.56,65.42,46.98,20.95,110.00,9.21,9.13,9.19,6.71,10.60,5.17,17.28,15.00,9.75,8.25,112.00,5.00,4.00,3.00,17.81,15.81,242.00,5.00,4.00,11.00,6.79,5.56,120.00,8.00,5.00,5.00,12.90,11.00,209.00,5.00,6.00,9.00,2.57,1.98,54.00,10.00,8.00,0.00,0,휴식 (Relax)
7.50,5.50,-1.44,-19.94,-2.31,43.21,57.94,29.64,40.00,40.36,9.94,31.66,24.00,98.14,38.26,103.66,34.79,100.09,62.13,39.37,22.00,20.55,16.56,31.71,13.00,29.39,34.75,25.15,49.00,99.33,1.89,12.52,24.60,55.12,64.11,53.95,77.00,9.53,9.55,8.54,6.08,10.51,5.89,19.23,13.00,9.15,7.62,120.00,6.00,4.00,3.00,17.39,15.12,264.00,6.00,5.00,11.00,6.72,5.37,120.00,8.00,5.00,5.00,13.59,11.69,209.00,6.00,6.00,9.00,2.64,2.05,53.00,9.00,7.00,0.00,0,휴식 (Relax)
-7.00,-4.81,-1.44,1.38,-0.12,63.68,37.73,10.24,46.65,19.72,29.67,7.66,0.00,104.91,34.84,95.64,39.66,92.17,72.94,42.95,11.00,20.55,16.56,31.71,13.00,29.39,34.75,25.15,49.00,89.01,12.89,21.18,22.00,44.95,75.11,64.25,66.00,11.61,8.63,5.61,3.16,13.28,3.08,16.29,16.00,8.43,7.12,104.00,4.00,4.00,3.00,17.38,15.04,264.00,6.00,6.00,11.00,6.72,5.37,115.00,8.00,5.00,5.00,13.40,11.17,231.00,7.00,7.00,10.00,2.55,1.81,52.00,8.00,7.00,0.00,0,휴식 (Relax)
0.00,-15.12,8.56,0.69,-2.00,47.71,41.89,11.58,33.94,7.74,39.67,9.49,16.00,114.81,26.62,85.55,49.19,102.50,64.27,43.66,22.00,6.91,12.87,16.67,28.44,44.07,20.50,16.49,65.00,78.01,22.08,30.45,33.00,53.56,67.78,56.44,77.00,13.53,7.12,4.66,4.24,12.02,5.03,17.96,14.00,7.48,6.00,104.00,2.00,5.00,3.00,17.77,15.64,275.00,6.00,6.00,12.00,6.87,5.56,126.00,9.00,5.00,6.00,13.17,10.48,231.00,7.00,7.00,10.00,2.60,1.88,54.00,3.00,7.00,0.00,0,휴식 (Relax)
-0.50,6.19,-12.12,-10.31,0.00,40.22,40.00,11.97,40.00,5.35,40.00,1.59,8.00,103.82,37.60,85.79,55.00,103.76,64.44,50.56,33.00,9.20,15.59,20.77,29.73,44.67,20.32,18.12,70.00,78.01,22.08,30.45,33.00,53.56,67.78,56.44,77.00,13.53,7.12,4.66,4.24,12.02,5.03,17.96,14.00,7.19,5.69,104.00,6.00,5.00,3.00,17.81,15.81,286.00,7.00,7.00,12.00,7.30,5.88,142.00,10.00,6.00,7.00,13.17,10.48,242.00,8.00,7.00,11.00,2.60,1.88,54.00,3.00,7.00,0.00,0,휴식 (Relax)
-8.50,4.81,3.50,20.62,2.69,40.22,40.00,11.97,40.00,5.35,40.00,1.59,8.00,83.51,55.90,67.04,73.79,122.95,49.40,31.65,11.00,9.13,9.62,22.44,24.17,39.75,25.21,23.01,76.00,60.11,31.23,10.51,0.00,21.93,95.86,67.14,110.00,9.51,11.27,2.30,8.54,7.14,7.68,17.47,19.00,7.19,5.69,112.00,6.00,5.00,3.00,17.38,15.04,286.00,7.00,7.00,12.00,7.34,5.94,158.00,11.00,7.00,8.00,13.95,11.34,264.00,7.00,7.00,11.00,2.64,2.05,57.00,9.00,7.00,0.00,0,휴식 (Relax)
6.50,13.75,-11.88,-13.06,2.38,37.16,24.27,6.74,28.84,11.25,55.89,15.46,8.00,66.08,73.25,42.48,66.00,100.35,82.06,63.92,44.00,7.97,18.51,12.44,22.00,31.52,35.00,32.93,86.00,61.50,33.98,8.35,11.00,31.05,85.53,58.41,99.00,8.86,13.73,7.30,11.31,9.15,2.74,16.01,14.00,7.05,5.88,128.00,7.00,6.00,4.00,17.17,14.44,286.00,7.00,6.00,12.00,7.93,6.64,157.00,11.00,7.00,8.00,13.03,10.83,253.00,7.00,7.00,11.00,2.64,2.16,52.00,8.00,6.00,0.00,0,휴식 (Relax)
-9.50,-9.62,4.81,9.62,-0.44,37.16,24.27,6.74,28.84,11.25,55.89,15.46,8.00,70.42,75.94,57.43,44.00,91.07,66.31,42.91,22.00,14.43,25.36,13.44,11.00,30.20,30.05,22.61,75.00,55.94,39.33,17.68,15.56,31.97,81.74,48.08,88.00,7.76,14.35,6.74,13.60,8.16,2.83,14.69,11.00,7.05,5.88,128.00,7.00,7.00,4.00,15.50,12.72,253.00,7.00,6.00,12.00,7.01,6.04,146.00,11.00,7.00,8.00,12.22,9.97,242.00,7.00,7.00,11.00,2.57,1.98,47.00,8.00,5.00,0.00,0,휴식 (Relax)
-1.00,-7.56,3.81,-12.38,-2.62,31.90,23.71,10.65,25.30,17.10,57.25,10.60,0.00,53.75,96.61,32.74,55.00,58.18,76.89,29.72,11.00,14.28,29.02,3.17,19.42,17.29,40.00,16.58,59.00,55.94,39.33,17.68,15.56,31.97,81.74,48.08,88.00,9.76,11.76,4.08,12.08,5.28,5.80,12.81,8.00,6.86,5.38,128.00,7.00,7.00,4.00,14.40,12.12,231.00,7.00,6.00,11.00,6.46,5.39,130.00,10.00,7.00,7.00,12.22,9.97,242.00,7.00,8.00,11.00,2.26,1.86,41.00,7.00,4.00,0.00,0,휴식 (Relax)
7.50,3.44,3.81,9.62,2.38,25.44,19.64,18.10,17.89,11.47,50.58,13.19,8.00,53.75,96.61,32.74,55.00,58.18,76.89,29.72,11.00,14.28,29.02,3.17,19.42,17.29,40.00,16.58,59.00,55.94,39.33,17.68,15.56,31.97,81.74,48.08,88.00,9.76,11.76,4.08,12.08,5.28,5.80,12.81,8.00,5.98,4.69,120.00,7.00,6.00,3.00,14.40,12.12,220.00,7.00,5.00,11.00,6.46,5.39,130.00,10.00,7.00,7.00,12.22,9.97,264.00,8.00,9.00,12.00,2.26,1.86,43.00,7.00,4.00,0.00,0,휴식 (Relax)
-0.50,12.38,-1.81,-11.00,-2.50,25.44,19.64,18.10,17.89,11.47,50.58,13.19,8.00,84.15,77.89,7.59,79.32,45.22,51.43,22.27,22.00,8.49,23.97,7.37,24.60,18.78,36.27,12.85,65.00,34.00,47.86,4.36,15.56,36.27,63.26,65.47,110.00,7.77,12.98,4.26,11.40,4.80,5.96,14.78,10.00,5.98,4.69,120.00,7.00,7.00,3.00,13.95,11.34,198.00,6.00,5.00,11.00,6.41,5.34,136.00,11.00,7.00,7.00,12.30,9.62,286.00,7.00,10.00,13.00,2.35,1.94,45.00,7.00,4.00,0.00,0,휴식 (Relax)
-7.50,-18.56,8.88,11.00,-2.19,9.54,7.41,8.72,32.98,27.29,43.19,19.18,24.00,51.32,73.51,25.70,101.41,17.03,63.52,41.71,55.00,13.49,25.21,5.01,27.20,15.71,37.48,9.49,70.00,34.00,47.86,4.36,15.56,36.27,63.26,65.47,110.00,4.04,13.59,3.34,16.28,9.65,3.05,9.96,5.00,5.98,4.69,128.00,9.00,7.00,3.00,14.40,12.12,231.00,7.00,6.00,12.00,6.72,5.61,141.00,11.00,7.00,8.00,12.30,9.62,297.00,8.00,10.00,13.00,2.32,1.78,42.00,6.00,3.00,0.00,0,휴식 (Relax)
8.50,-6.19,3.50,0.00,-0.19,9.54,7.41,8.72,32.98,27.29,43.19,19.18,24.00,34.06,61.72,38.76,116.93,38.76,41.91,34.06,33.00,19.12,23.30,10.71,32.25,21.67,32.26,14.78,64.00,34.00,47.86,4.36,15.56,36.27,63.26,65.47,110.00,4.04,13.59,3.34,16.28,9.65,3.05,9.96,5.00,5.98,4.69,136.00,10.00,8.00,4.00,14.01,11.69,242.00,7.00,7.00,13.00,6.75,5.62,140.00,10.00,7.00,8.00,12.30,9.62,286.00,8.00,10.00,13.00,2.32,1.78,38.00,5.00,2.00,0.00,0,휴식 (Relax)
8.00,5.50,3.50,1.38,0.19,15.54,2.54,15.50,40.79,33.85,35.69,20.51,16.00,32.23,51.59,37.16,110.00,37.16,51.59,32.23,44.00,19.12,23.30,10.71,32.25,21.67,32.26,14.78,64.00,34.53,26.39,17.83,15.56,44.55,41.51,72.23,88.00,8.16,8.08,2.83,10.44,7.90,2.95,9.11,1.00,6.32,5.00,136.00,4.00,8.00,4.00,13.47,11.00,242.00,8.00,6.00,13.00,6.75,5.62,124.00,9.00,6.00,7.00,10.91,8.59,253.00,11.00,9.00,12.00,1.78,1.36,32.00,2.00,2.00,0.00,0,휴식 (Relax)
-7.50,6.88,-7.81,-9.62,0.19,12.47,9.27,17.51,43.08,40.55,28.46,26.64,8.00,45.45,31.77,18.83,93.34,18.83,48.77,45.45,22.00,21.92,18.43,9.05,28.02,18.05,29.90,19.48,59.00,34.53,26.39,17.83,15.56,44.55,41.51,72.23,88.00,8.16,8.08,2.83,10.44,7.90,2.95,9.11,1.00,6.61,5.62,144.00,10.00,7.00,5.00,11.59,9.62,209.00,7.00,6.00,12.00,6.27,5.23,119.00,9.00,6.00,7.00,10.91,8.59,253.00,11.00,9.00,12.00,1.78,1.36,30.00,2.00,2.00,0.00,0,휴식 (Relax)
-7.50,6.19,-2.44,-8.94,2.88,12.47,9.27,17.51,43.08,40.55,28.46,26.64,8.00,35.19,35.67,29.47,85.91,9.08,57.67,55.99,11.00,20.94,22.08,14.88,25.08,12.51,32.54,24.40,53.00,44.75,31.44,13.41,11.00,33.73,40.91,82.73,77.00,3.67,11.47,6.87,5.83,12.09,5.70,5.75,4.00,6.61,5.62,136.00,9.00,7.00,5.00,11.65,9.71,187.00,7.00,5.00,11.00,6.24,5.26,124.00,9.00,7.00,7.00,11.15,9.20,253.00,11.00,9.00,12.00,1.87,1.44,31.00,5.00,2.00,0.00,0,휴식 (Relax)
-7.00,14.44,-2.06,12.38,2.69,18.55,13.69,21.30,40.79,32.90,33.05,34.53,0.00,8.88,48.56,57.38,59.24,42.02,17.44,13.69,55.00,23.78,22.76,18.84,19.72,13.41,26.76,21.35,59.00,33.77,20.62,24.07,22.00,33.49,49.79,93.67,66.00,3.50,12.24,9.19,5.00,12.63,2.88,8.23,1.00,6.86,6.12,128.00,9.00,6.00,5.00,10.08,8.42,165.00,6.00,4.00,11.00,6.20,5.19,118.00,8.00,7.00,7.00,11.59,9.80,253.00,11.00,8.00,12.00,1.99,1.68,29.00,5.00,2.00,0.00,0,휴식 (Relax)
9.00,13.75,-2.06,10.31,2.38,18.55,13.69,21.30,40.79,32.90,33.05,34.53,0.00,19.26,49.79,56.94,69.57,41.42,20.62,21.90,44.00,23.78,22.76,18.84,19.72,13.41,26.76,21.35,59.00,15.68,19.05,50.34,39.66,8.29,19.05,66.41,99.00,7.85,11.24,9.63,10.00,7.67,6.45,3.28,6.00,6.86,6.12,128.00,9.00,5.00,5.00,10.65,8.94,154.00,5.00,4.00,10.00,6.20,5.19,118.00,8.00,7.00,7.00,10.63,9.11,231.00,9.00,8.00,11.00,2.00,1.78,27.00,5.00,2.00,0.00,0,휴식 (Relax)
8.00,12.38,-6.75,-0.69,2.19,4.74,27.03,37.24,40.79,29.55,23.44,28.10,16.00,39.32,42.36,38.33,79.32,21.60,33.31,19.75,66.00,28.71,17.95,13.85,24.17,9.04,25.72,23.63,64.00,15.68,19.05,50.34,39.66,8.29,19.05,66.41,99.00,10.84,9.41,7.70,10.44,9.58,6.13,6.26,3.00,6.93,6.00,120.00,5.00,5.00,5.00,10.91,8.77,143.00,5.00,3.00,9.00,6.42,5.50,112.00,7.00,6.00,6.00,10.63,9.11,242.00,10.00,8.00,12.00,2.07,1.91,25.00,5.00,2.00,0.00,0,휴식 (Relax)
-7.50,0.00,4.56,-0.69,-0.94,9.51,19.87,35.50,48.66,22.58,27.51,30.91,24.00,58.10,28.74,21.33,62.23,42.01,11.91,14.60,44.00,33.58,13.69,12.38,22.56,9.25,22.95,19.73,59.00,15.68,19.05,50.34,39.66,8.29,19.05,66.41,99.00,12.68,7.48,5.74,8.54,10.45,4.69,4.58,5.00,7.19,6.56,136.00,9.00,5.00,6.00,9.53,6.88,132.00,2.00,3.00,9.00,6.07,5.19,102.00,7.00,6.00,6.00,10.63,9.11,231.00,10.00,7.00,11.00,1.95,1.80,26.00,6.00,2.00,0.00,0,휴식 (Relax)
0.50,-20.62,8.25,-1.38,-2.81,9.51,19.87,35.50,48.66,22.58,27.51,30.91,24.00,46.25,49.79,20.66,79.32,49.77,20.62,27.67,22.00,20.14,26.71,11.78,43.29,15.23,6.54,7.45,38.00,26.55,20.33,43.45,46.67,11.45,8.42,63.66,88.00,11.33,9.31,6.39,9.43,12.43,2.72,4.03,7.00,7.19,6.56,136.00,9.00,5.00,6.00,10.91,8.77,154.00,5.00,3.00,10.00,5.72,4.91,91.00,6.00,5.00,5.00,10.20,8.59,198.00,9.00,6.00,10.00,2.07,1.91,25.00,5.00,2.00,0.00,0,휴식 (Relax)
7.50,11.69,3.25,10.31,-0.62,16.34,17.89,25.08,64.50,25.08,17.89,16.34,8.00,47.39,40.91,28.70,85.91,44.50,31.44,35.25,11.00,20.14,26.71,11.78,43.29,15.23,6.54,7.45,38.00,16.23,26.56,38.37,39.66,12.76,4.56,58.53,77.00,10.86,10.86,5.03,7.07,11.99,5.49,4.13,4.00,7.19,6.56,128.00,8.00,4.00,5.00,11.32,9.20,176.00,6.00,3.00,10.00,5.72,4.91,80.00,5.00,5.00,4.00,9.09,7.73,176.00,9.00,5.00,10.00,2.00,1.78,27.00,5.00,2.00,0.00,0,휴식 (Relax)
7.50,11.69,-8.06,-22.00,2.38,16.34,17.89,25.08,64.50,25.08,17.89,16.34,8.00,47.39,40.91,28.70,85.91,44.50,31.44,35.25,11.00,22.76,24.55,7.06,38.33,10.74,1.79,7.00,33.00,12.19,37.56,27.38,49.19,21.05,6.44,66.83,88.00,10.86,10.86,5.03,7.07,11.99,5.49,4.13,4.00,7.19,6.56,112.00,7.00,3.00,4.00,11.32,9.20,154.00,5.00,3.00,9.00,5.12,4.55,75.00,5.00,5.00,4.00,10.29,8.25,187.00,6.00,5.00,10.00,2.00,1.78,27.00,5.00,2.00,0.00,0,휴식 (Relax)
-16.00,-10.31,-7.38,0.69,2.19,8.61,25.60,17.59,72.44,32.81,10.61,24.24,16.00,47.39,40.91,28.70,85.91,44.50,31.44,35.25,11.00,14.40,34.85,16.88,38.47,6.71,10.83,12.28,22.00,19.44,46.00,24.74,55.00,14.03,7.89,56.30,77.00,9.05,13.34,7.11,5.39,10.02,6.92,5.93,7.00,8.00,7.00,128.00,5.00,3.00,5.00,11.32,9.20,176.00,6.00,3.00,10.00,5.41,4.88,75.00,5.00,5.00,4.00,9.89,7.82,187.00,7.00,5.00,10.00,2.07,1.91,25.00,5.00,1.00,0.00,0,휴식 (Relax)
0.00,-10.31,3.62,-10.31,-0.94,8.61,25.60,17.59,72.44,32.81,10.61,24.24,16.00,47.39,40.91,28.70,85.91,44.50,31.44,35.25,11.00,14.40,34.85,16.88,38.47,6.71,10.83,12.28,22.00,19.44,46.00,24.74,55.00,14.03,7.89,56.30,77.00,7.56,15.29,6.90,3.61,9.10,4.93,4.07,5.00,8.00,7.00,136.00,5.00,3.00,6.00,11.32,9.20,165.00,5.00,3.00,9.00,5.41,4.88,86.00,6.00,5.00,5.00,9.89,7.82,176.00,7.00,5.00,10.00,1.95,1.80,23.00,5.00,0.00,0.00,0,휴식 (Relax)
0.50,-9.62,3.62,1.38,-0.75,9.04,28.46,25.26,64.50,26.37,9.27,29.82,24.00,58.17,33.31,36.14,79.32,34.60,42.36,43.09,22.00,14.40,34.85,16.88,38.47,6.71,10.83,12.28,22.00,30.33,40.65,33.61,49.19,24.61,16.84,46.74,66.00,10.37,13.93,9.70,3.16,6.10,3.17,1.10,2.00,7.73,6.62,128.00,8.00,3.00,6.00,11.59,9.97,154.00,5.00,2.00,8.00,5.41,4.88,80.00,5.00,4.00,5.00,9.43,7.39,165.00,7.00,5.00,10.00,1.89,1.69,18.00,4.00,0.00,0.00,0,휴식 (Relax)
0.50,-8.25,-7.06,-30.25,-2.75,9.04,28.46,25.26,64.50,26.37,9.27,29.82,24.00,79.81,42.36,35.97,62.23,38.63,33.31,22.90,0.00,9.63,32.81,13.37,43.42,10.74,14.33,14.19,27.00,50.72,22.00,37.59,69.57,29.82,22.00,61.94,88.00,10.37,13.93,9.70,3.16,6.10,3.17,1.10,2.00,7.73,6.62,120.00,7.00,2.00,6.00,11.34,9.97,121.00,4.00,1.00,7.00,5.67,5.19,80.00,5.00,3.00,5.00,11.99,9.28,176.00,7.00,5.00,10.00,1.89,1.69,20.00,4.00,0.00,0.00,0,휴식 (Relax)
-7.50,-8.94,4.25,3.44,-0.88,9.04,28.46,25.26,64.50,26.37,9.27,29.82,24.00,70.65,31.44,44.97,55.00,32.63,40.91,12.22,11.00,6.97,28.35,16.45,44.38,7.63,9.39,10.52,22.00,59.64,11.00,31.69,73.79,19.28,11.00,57.40,77.00,8.64,12.09,10.78,4.24,4.90,1.37,3.00,4.00,7.73,6.62,112.00,7.00,2.00,5.00,10.45,9.20,110.00,4.00,1.00,6.00,5.30,4.88,86.00,6.00,4.00,6.00,11.48,8.85,198.00,8.00,6.00,10.00,1.76,1.59,20.00,4.00,0.00,0.00,0,휴식 (Relax)
8.50,-8.94,4.25,13.75,-0.88,9.04,28.46,25.26,64.50,26.37,9.27,29.82,24.00,70.65,31.44,44.97,55.00,32.63,40.91,12.22,11.00,6.97,28.35,16.45,44.38,7.63,9.39,10.52,22.00,54.10,20.33,42.69,83.77,21.92,8.42,59.01,66.00,8.64,12.09,10.78,4.24,4.90,1.37,3.00,4.00,7.73,6.62,128.00,8.00,3.00,6.00,10.45,9.20,99.00,3.00,1.00,5.00,5.30,4.88,86.00,6.00,4.00,6.00,11.99,9.28,209.00,8.00,6.00,11.00,1.76,1.59,20.00,4.00,0.00,0.00,0,휴식 (Relax)
16.00,2.06,-1.38,2.75,-2.75,4.47,33.05,28.26,72.44,21.94,13.69,35.50,16.00,70.65,31.44,44.97,55.00,32.63,40.91,12.22,11.00,11.19,25.97,17.48,43.29,13.42,12.06,4.60,16.00,54.10,20.33,42.69,83.77,21.92,8.42,59.01,66.00,9.25,13.06,10.69,5.83,5.82,3.06,2.50,2.00,8.49,7.00,120.00,4.00,3.00,5.00,10.45,9.20,110.00,4.00,1.00,6.00,5.19,4.67,81.00,6.00,3.00,5.00,11.99,9.28,209.00,7.00,7.00,11.00,1.89,1.69,22.00,4.00,0.00,0.00,0,휴식 (Relax)
14.50,2.06,-1.69,-8.25,2.06,26.16,39.45,23.37,78.79,18.71,10.39,14.54,40.00,70.65,31.44,44.97,55.00,32.63,40.91,12.22,11.00,6.34,24.07,21.45,38.33,15.21,17.05,0.77,11.00,54.10,20.33,42.69,83.77,21.92,8.42,59.01,66.00,9.67,13.99,7.93,7.81,4.99,5.11,4.76,1.00,9.04,7.69,120.00,5.00,3.00,5.00,10.45,9.20,110.00,4.00,1.00,6.00,4.95,4.40,76.00,6.00,3.00,5.00,11.99,9.28,220.00,8.00,7.00,12.00,1.95,1.80,24.00,4.00,1.00,0.00,0,휴식 (Relax)
-9.50,-18.56,3.94,22.69,2.06,26.16,39.45,23.37,78.79,18.71,10.39,14.54,40.00,60.38,10.19,59.34,70.43,15.83,59.38,28.46,11.00,0.52,18.98,26.62,38.01,19.45,13.18,5.37,17.00,80.08,16.21,18.32,77.00,51.89,30.78,26.87,99.00,9.67,13.99,7.93,7.81,4.99,5.11,4.76,1.00,9.04,7.69,144.00,6.00,3.00,6.00,11.48,10.31,121.00,5.00,1.00,6.00,5.03,4.56,82.00,7.00,3.00,5.00,13.17,9.28,231.00,8.00,8.00,12.00,1.95,1.80,24.00,4.00,1.00,0.00,0,휴식 (Relax)
5.50,14.44,-2.06,1.38,-2.62,40.22,27.51,11.97,73.76,5.35,19.87,1.59,56.00,60.38,10.19,59.34,70.43,15.83,59.38,28.46,11.00,0.52,18.98,26.62,38.01,19.45,13.18,5.37,17.00,69.19,16.84,12.48,66.00,59.29,40.65,15.90,110.00,5.75,9.65,7.96,12.08,9.23,8.88,1.53,4.00,8.82,7.50,144.00,6.00,4.00,6.00,11.48,10.31,154.00,6.00,2.00,7.00,5.03,4.56,88.00,8.00,4.00,5.00,12.83,8.94,253.00,8.00,9.00,13.00,2.00,1.78,29.00,5.00,1.00,0.00,0,휴식 (Relax)
5.50,4.12,-2.06,2.06,-0.44,40.22,27.51,11.97,73.76,5.35,19.87,1.59,56.00,50.74,11.16,48.38,62.23,26.56,65.05,34.00,22.00,0.52,18.98,26.62,38.01,19.45,13.18,5.37,17.00,58.57,27.33,2.54,66.91,64.09,37.83,26.15,99.00,3.47,9.66,6.03,13.60,9.71,6.06,2.32,1.00,8.82,7.50,144.00,6.00,4.00,6.00,10.91,9.62,165.00,6.00,3.00,8.00,5.03,4.56,83.00,8.00,3.00,5.00,12.43,8.59,242.00,8.00,9.00,12.00,1.90,1.60,31.00,5.00,2.00,0.00,0,휴식 (Relax)
-2.00,4.81,-7.06,2.06,2.56,37.89,34.17,5.51,72.44,3.68,24.99,7.54,48.00,39.91,22.08,44.31,55.00,26.43,67.78,32.70,11.00,0.52,18.98,26.62,38.01,19.45,13.18,5.37,17.00,58.57,27.33,2.54,66.91,64.09,37.83,26.15,99.00,3.47,9.66,6.03,13.60,9.71,6.06,2.32,1.00,8.72,7.25,136.00,6.00,3.00,5.00,10.27,8.94,154.00,6.00,3.00,7.00,5.03,4.56,77.00,7.00,3.00,4.00,12.43,8.59,242.00,8.00,9.00,12.00,1.90,1.60,31.00,5.00,2.00,0.00,0,휴식 (Relax)
-2.50,15.12,-1.69,12.38,2.38,37.16,32.98,6.74,64.50,11.25,32.98,15.46,40.00,50.75,15.39,36.24,46.67,37.28,77.81,38.68,0.00,5.60,14.61,24.49,38.33,23.65,11.34,8.35,11.00,64.57,26.94,11.90,69.57,62.23,26.94,22.99,110.00,6.45,6.71,7.41,15.56,8.76,5.56,3.29,4.00,8.35,6.81,128.00,6.00,3.00,5.00,10.91,9.62,143.00,5.00,2.00,7.00,4.95,4.40,77.00,7.00,3.00,4.00,12.83,8.94,253.00,8.00,9.00,13.00,2.00,1.78,29.00,5.00,2.00,0.00,0,휴식 (Relax)
-2.50,-7.56,-1.00,11.69,2.06,37.16,32.98,6.74,64.50,11.25,32.98,15.46,40.00,60.44,22.08,26.09,39.66,33.11,67.78,29.36,11.00,16.23,3.83,13.69,27.46,28.95,9.24,3.92,22.00,68.21,36.48,17.63,80.08,52.69,36.48,22.09,99.00,11.32,5.89,6.60,12.53,5.22,9.55,2.24,1.00,8.35,6.81,120.00,5.00,3.00,5.00,10.08,8.94,132.00,5.00,3.00,7.00,4.33,3.75,72.00,7.00,3.00,4.00,13.17,9.28,242.00,8.00,8.00,12.00,1.95,1.80,27.00,5.00,2.00,0.00,0,휴식 (Relax)
5.50,4.12,9.69,11.69,1.88,37.16,32.98,6.74,64.50,11.25,32.98,15.46,40.00,53.74,11.16,27.51,31.11,42.48,65.05,18.93,22.00,12.22,8.66,17.18,28.79,33.77,8.66,7.67,27.00,68.21,36.48,17.63,80.08,52.69,36.48,22.09,99.00,13.95,8.61,4.47,10.00,8.21,6.77,2.45,2.00,8.35,6.81,128.00,6.00,3.00,5.00,9.43,8.25,143.00,6.00,4.00,8.00,4.83,4.14,72.00,7.00,3.00,4.00,13.17,9.28,209.00,7.00,7.00,11.00,2.00,1.88,24.00,4.00,2.00,0.00,0,휴식 (Relax)
13.00,25.44,-6.31,-11.00,1.88,29.99,39.19,8.03,65.97,18.48,39.19,15.18,48.00,56.79,19.68,36.49,39.66,51.39,71.96,7.93,33.00,12.22,8.66,17.18,28.79,33.77,8.66,7.67,27.00,65.04,42.36,6.68,69.57,56.06,33.31,18.08,88.00,13.95,8.61,4.47,10.00,8.21,6.77,2.45,2.00,8.89,7.38,112.00,5.00,2.00,4.00,10.80,8.94,143.00,5.00,4.00,8.00,4.83,4.14,88.00,8.00,4.00,5.00,12.30,8.25,209.00,2.00,6.00,11.00,2.00,1.88,24.00,4.00,2.00,0.00,0,휴식 (Relax)
-4.00,-7.56,8.69,20.62,-0.94,14.25,44.77,23.77,50.60,23.77,23.58,14.25,32.00,56.79,19.68,36.49,39.66,51.39,71.96,7.93,33.00,19.85,16.86,2.00,27.66,21.69,7.61,19.78,43.00,55.54,45.58,19.35,79.32,34.07,52.56,34.47,110.00,13.26,8.07,5.87,7.81,10.65,6.07,0.55,1.00,7.48,6.50,112.00,6.00,3.00,4.00,10.80,8.94,176.00,6.00,5.00,9.00,5.07,4.48,93.00,8.00,5.00,5.00,13.40,9.97,231.00,7.00,6.00,11.00,1.95,1.80,24.00,4.00,2.00,0.00,0,휴식 (Relax)
11.00,-7.56,3.69,-12.38,-5.62,2.65,43.57,32.22,48.00,9.59,34.26,19.97,48.00,56.79,19.68,36.49,39.66,51.39,71.96,7.93,33.00,19.85,16.86,2.00,27.66,21.69,7.61,19.78,43.00,55.54,45.58,19.35,79.32,34.07,52.56,34.47,110.00,15.37,12.13,5.84,12.08,7.28,10.24,4.54,4.00,7.94,7.00,128.00,7.00,4.00,5.00,10.80,8.94,176.00,6.00,5.00,9.00,5.07,4.48,98.00,8.00,6.00,5.00,13.40,9.97,253.00,8.00,6.00,11.00,2.42,2.08,29.00,4.00,2.00,0.00,0,휴식 (Relax)
2.50,-17.88,-1.94,-11.69,-0.62,10.50,39.05,30.08,56.00,9.86,34.10,12.95,40.00,65.15,30.36,47.41,34.79,45.91,73.28,10.56,44.00,13.92,20.56,6.70,29.55,23.33,10.56,18.25,37.00,65.36,55.90,26.36,85.91,27.20,49.40,24.20,99.00,15.37,12.13,5.84,12.08,7.28,10.24,4.54,4.00,7.86,6.81,136.00,7.00,5.00,5.00,11.59,9.62,187.00,6.00,5.00,10.00,5.01,4.30,93.00,8.00,5.00,4.00,13.73,10.48,220.00,8.00,5.00,10.00,2.42,2.08,32.00,4.00,3.00,0.00,0,휴식 (Relax)
-13.00,-6.88,-2.25,-13.06,2.06,3.68,46.81,37.89,56.57,7.54,40.60,5.51,32.00,65.15,30.36,47.41,34.79,45.91,73.28,10.56,44.00,18.33,15.56,7.96,25.06,20.15,15.56,20.26,32.00,43.38,37.60,12.08,70.43,6.11,64.44,18.84,77.00,10.51,10.73,10.68,16.76,2.83,9.32,3.39,1.00,8.43,7.38,144.00,8.00,4.00,6.00,11.59,9.62,198.00,6.00,6.00,11.00,4.71,4.06,82.00,7.00,5.00,3.00,11.15,9.45,187.00,8.00,5.00,9.00,2.38,2.06,33.00,5.00,3.00,0.00,0,휴식 (Relax)
-13.00,-6.88,3.75,-2.06,-2.81,3.68,46.81,37.89,56.57,7.54,40.60,5.51,32.00,65.15,30.36,47.41,34.79,45.91,73.28,10.56,44.00,18.33,15.56,7.96,25.06,20.15,15.56,20.26,32.00,43.38,37.60,12.08,70.43,6.11,64.44,18.84,77.00,12.50,9.53,10.46,16.28,4.05,10.92,5.10,3.00,8.43,7.38,128.00,7.00,4.00,5.00,11.59,9.62,198.00,6.00,6.00,11.00,4.71,4.06,88.00,8.00,5.00,3.00,11.15,9.45,187.00,7.00,4.00,9.00,2.48,2.19,38.00,6.00,4.00,0.00,0,휴식 (Relax)
3.00,-6.88,-1.88,-22.00,-7.38,3.68,46.81,37.89,56.57,7.54,40.60,5.51,32.00,65.15,30.36,47.41,34.79,45.91,73.28,10.56,44.00,17.13,16.67,8.93,20.00,22.08,16.67,14.54,38.00,71.44,28.96,24.63,56.09,26.98,50.49,18.39,110.00,18.99,3.12,17.11,23.19,3.87,4.27,1.92,4.00,8.43,7.38,136.00,8.00,4.00,6.00,11.59,9.62,187.00,5.00,6.00,10.00,4.64,3.83,88.00,8.00,6.00,3.00,12.30,9.62,198.00,4.00,5.00,9.00,3.12,2.62,41.00,6.00,3.00,0.00,0,휴식 (Relax)
-4.00,-6.19,3.75,0.00,2.31,18.30,40.60,22.41,40.79,16.30,46.81,20.81,48.00,72.34,19.68,47.59,33.00,36.15,71.96,19.78,55.00,16.03,19.88,3.06,17.09,18.68,22.29,8.54,44.00,71.44,28.96,24.63,56.09,26.98,50.49,18.39,110.00,15.51,8.12,14.69,23.09,8.37,5.66,6.74,9.00,8.00,7.00,144.00,9.00,5.00,6.00,11.65,9.71,187.00,5.00,6.00,10.00,4.71,4.06,94.00,9.00,7.00,3.00,12.30,9.62,209.00,4.00,5.00,9.00,3.12,2.60,46.00,6.00,4.00,1.00,0,휴식 (Relax)
-10.50,4.81,3.38,9.62,-0.50,42.04,24.00,31.90,51.22,30.04,24.00,12.35,24.00,72.34,19.68,47.59,33.00,36.15,71.96,19.78,55.00,14.79,25.86,6.62,11.66,24.66,17.18,14.19,38.00,66.75,50.49,39.87,56.09,45.63,28.96,24.18,88.00,16.56,6.41,12.67,20.10,9.17,8.66,9.45,12.00,7.86,6.81,128.00,8.00,4.00,5.00,11.65,9.71,176.00,5.00,5.00,10.00,4.75,4.20,88.00,8.00,6.00,3.00,12.22,9.97,187.00,6.00,4.00,9.00,3.06,2.50,49.00,7.00,5.00,1.00,0,휴식 (Relax)
4.50,-6.88,8.06,0.00,-6.88,28.92,39.45,18.26,40.00,44.14,10.39,26.86,8.00,73.32,25.26,41.82,34.79,35.19,60.98,18.68,44.00,13.61,29.81,10.93,14.87,23.52,18.59,10.68,43.00,63.00,35.20,24.97,34.79,63.37,14.58,45.16,66.00,19.76,13.63,3.97,23.32,17.57,7.08,7.26,2.00,7.47,6.50,128.00,8.00,5.00,5.00,10.91,9.11,154.00,5.00,5.00,10.00,5.12,4.55,87.00,7.00,6.00,3.00,11.00,8.25,176.00,3.00,5.00,9.00,3.48,2.80,51.00,5.00,4.00,1.00,0,휴식 (Relax)
12.00,-5.50,13.00,0.00,-4.69,26.64,46.34,22.35,46.65,44.91,12.51,18.93,16.00,64.46,34.36,31.61,56.09,18.31,46.98,35.87,22.00,16.48,36.84,20.14,29.15,12.18,29.37,22.05,26.00,63.00,35.20,24.97,34.79,63.37,14.58,45.16,66.00,20.53,16.50,6.15,25.94,15.60,4.21,5.40,5.00,8.00,7.00,136.00,8.00,5.00,5.00,10.29,8.25,143.00,5.00,5.00,9.00,6.07,5.25,93.00,7.00,6.00,3.00,11.00,8.25,176.00,3.00,5.00,9.00,3.65,3.05,51.00,5.00,5.00,1.00,0,휴식 (Relax)
-3.50,-4.81,1.62,0.00,0.31,25.89,44.64,14.92,43.08,52.76,13.52,12.79,24.00,58.41,45.35,20.95,59.24,29.23,45.35,24.89,33.00,19.33,36.52,19.96,27.46,18.16,23.46,18.83,32.00,63.00,35.20,24.97,34.79,63.37,14.58,45.16,66.00,20.53,16.50,6.15,25.94,15.60,4.21,5.40,5.00,7.98,6.94,144.00,8.00,6.00,6.00,10.27,7.99,143.00,5.00,5.00,9.00,6.00,5.08,99.00,7.00,6.00,4.00,11.00,8.25,176.00,3.00,5.00,9.00,3.65,3.05,53.00,6.00,5.00,1.00,0,휴식 (Relax)
4.00,6.19,-9.38,-30.94,-7.94,29.49,40.25,16.39,35.78,57.47,13.11,12.93,32.00,58.41,45.35,20.95,59.24,29.23,45.35,24.89,33.00,19.33,36.52,19.96,27.46,18.16,23.46,18.83,32.00,34.85,67.78,42.59,39.66,87.51,22.08,37.59,99.00,18.69,17.62,12.26,16.28,27.53,11.12,7.07,17.00,8.00,7.00,152.00,9.00,7.00,6.00,10.27,7.99,143.00,6.00,4.00,9.00,6.00,5.08,105.00,8.00,6.00,5.00,13.59,10.83,198.00,7.00,5.00,9.00,4.10,3.58,62.00,7.00,6.00,1.00,0,휴식 (Relax)
-4.00,-34.38,11.56,13.06,4.06,29.49,40.25,16.39,35.78,57.47,13.11,12.93,32.00,16.16,72.31,67.29,64.14,37.39,9.76,39.47,88.00,23.79,19.53,12.40,34.83,14.67,31.50,29.34,49.00,34.85,67.78,42.59,39.66,87.51,22.08,37.59,99.00,18.69,17.62,12.26,16.28,27.53,11.12,7.07,17.00,8.00,7.00,160.00,10.00,8.00,6.00,12.83,7.56,165.00,6.00,4.00,9.00,6.60,5.33,127.00,9.00,7.00,6.00,13.59,10.83,242.00,8.00,6.00,10.00,4.10,3.58,74.00,8.00,7.00,2.00,0,휴식 (Relax)
-11.50,-11.69,10.50,2.75,-0.62,21.69,47.42,24.05,28.84,65.43,20.95,6.72,24.00,14.94,74.30,74.64,73.79,40.29,6.71,28.47,77.00,32.42,13.31,29.11,49.19,29.48,14.52,13.59,32.00,23.86,67.41,31.78,34.79,76.70,27.92,47.09,110.00,16.28,13.28,7.57,20.00,23.96,13.70,10.57,22.00,8.47,7.50,160.00,9.00,8.00,6.00,13.17,7.91,176.00,5.00,5.00,9.00,7.00,5.62,116.00,6.00,6.00,5.00,13.19,10.31,253.00,8.00,7.00,11.00,3.97,3.42,79.00,9.00,8.00,2.00,0,휴식 (Relax)
12.00,30.94,-10.50,13.75,4.38,29.65,45.18,24.15,33.94,68.27,27.83,4.57,16.00,28.23,87.51,85.46,85.91,62.29,28.51,10.93,55.00,30.28,9.00,25.41,58.14,41.96,10.72,3.62,16.00,23.86,67.41,31.78,34.79,76.70,27.92,47.09,110.00,16.28,13.28,7.57,20.00,23.96,13.70,10.57,22.00,8.94,8.00,176.00,10.00,8.00,7.00,15.17,9.97,198.00,6.00,4.00,9.00,7.42,6.00,122.00,8.00,5.00,5.00,13.19,10.31,242.00,7.00,7.00,11.00,3.97,3.42,84.00,10.00,9.00,2.00,0,휴식 (Relax)
-3.00,10.31,-5.81,-8.25,-0.31,17.22,38.71,9.17,46.65,58.41,36.30,17.42,0.00,7.38,65.53,64.29,70.43,73.47,47.33,24.05,33.00,28.14,11.12,20.73,54.45,41.49,15.57,7.28,11.00,23.86,67.41,31.78,34.79,76.70,27.92,47.09,110.00,11.87,11.20,10.35,16.28,24.18,10.42,12.45,27.00,8.43,7.38,176.00,10.00,8.00,7.00,13.17,7.91,187.00,5.00,5.00,9.00,7.06,5.61,111.00,7.00,5.00,4.00,13.19,10.31,231.00,7.00,7.00,11.00,3.80,3.19,86.00,11.00,10.00,2.00,0,휴식 (Relax)
-3.00,-0.69,0.50,14.44,4.50,17.22,38.71,9.17,46.65,58.41,36.30,17.42,0.00,7.38,65.53,64.29,70.43,73.47,47.33,24.05,33.00,31.78,6.20,24.55,51.09,36.85,19.94,11.20,6.00,22.50,59.73,42.65,24.60,65.94,38.91,39.42,99.00,14.83,9.96,7.70,14.21,27.11,7.54,13.35,30.00,8.43,7.38,160.00,9.00,7.00,6.00,13.17,7.91,198.00,6.00,5.00,10.00,6.94,5.38,112.00,8.00,5.00,4.00,12.12,9.80,220.00,7.00,8.00,11.00,3.95,3.38,86.00,11.00,10.00,2.00,0,휴식 (Relax)
-2.00,-0.69,-5.12,-7.56,-0.69,25.21,23.44,19.89,33.94,57.01,27.03,28.95,16.00,7.38,65.53,64.29,70.43,73.47,47.33,24.05,33.00,37.54,3.30,23.85,46.67,41.36,18.79,8.88,12.00,22.50,59.73,42.65,24.60,65.94,38.91,39.42,99.00,17.75,7.45,8.75,12.04,25.51,10.32,13.63,27.00,7.75,6.50,152.00,9.00,7.00,6.00,13.17,7.91,187.00,6.00,4.00,9.00,7.06,5.73,112.00,8.00,6.00,4.00,12.12,9.80,242.00,8.00,9.00,12.00,3.85,3.19,86.00,11.00,11.00,2.00,0,휴식 (Relax)
6.00,8.94,-5.12,-7.56,-0.56,25.21,23.44,19.89,33.94,57.01,27.03,28.95,16.00,28.62,53.31,49.74,88.68,70.74,28.08,43.21,11.00,37.54,3.30,23.85,46.67,41.36,18.79,8.88,12.00,22.50,59.73,42.65,24.60,65.94,38.91,39.42,99.00,16.14,9.44,6.77,10.63,26.79,11.35,14.84,25.00,7.75,6.50,144.00,9.00,7.00,5.00,13.03,8.34,187.00,7.00,4.00,9.00,7.06,5.73,112.00,8.00,6.00,4.00,12.12,9.80,242.00,8.00,9.00,12.00,3.84,3.13,83.00,11.00,10.00,2.00,0,휴식 (Relax)
-2.50,8.25,0.50,13.06,4.44,17.22,21.68,23.63,28.84,52.00,34.55,28.17,8.00,38.55,43.19,56.77,94.63,60.58,39.02,36.06,22.00,32.49,2.87,28.44,42.64,47.33,12.80,6.88,6.00,6.11,37.83,62.67,24.60,84.84,27.33,53.61,77.00,16.14,9.44,6.77,10.63,26.79,11.35,14.84,25.00,7.33,6.12,152.00,10.00,8.00,5.00,13.19,8.94,187.00,7.00,4.00,9.00,6.94,5.38,112.00,8.00,5.00,4.00,12.43,9.71,253.00,8.00,8.00,12.00,3.84,3.13,83.00,11.00,10.00,2.00,0,휴식 (Relax)
-10.50,7.56,0.50,12.38,4.12,17.22,21.68,23.63,28.84,52.00,34.55,28.17,8.00,47.06,33.00,67.12,85.91,69.04,33.00,39.77,11.00,32.49,2.87,28.44,42.64,47.33,12.80,6.88,6.00,10.67,32.23,64.11,34.79,86.36,37.16,43.25,88.00,17.46,11.04,3.94,8.25,26.95,15.69,9.86,30.00,7.33,6.12,144.00,9.00,7.00,4.00,13.31,9.37,187.00,7.00,4.00,9.00,6.94,5.38,106.00,7.00,4.00,4.00,12.83,10.14,231.00,7.00,7.00,11.00,3.98,3.38,78.00,11.00,9.00,2.00,0,휴식 (Relax)
-2.00,27.50,-10.19,-10.31,-4.00,23.29,29.67,23.85,25.30,44.13,37.73,22.93,16.00,70.55,38.11,76.99,69.57,83.52,38.11,49.48,44.00,33.68,5.11,33.39,39.66,50.64,13.99,10.88,11.00,19.20,37.83,55.45,33.00,75.58,27.33,54.25,77.00,17.61,12.99,2.08,6.32,25.02,13.83,11.80,28.00,7.21,5.75,144.00,8.00,8.00,4.00,15.06,11.00,209.00,7.00,4.00,10.00,7.28,5.77,111.00,7.00,4.00,5.00,11.97,9.20,231.00,7.00,7.00,11.00,3.82,3.25,76.00,11.00,8.00,1.00,0,휴식 (Relax)
5.50,-5.50,-4.81,0.69,4.00,19.98,24.90,16.08,32.98,43.28,45.48,16.87,24.00,70.55,38.11,76.99,69.57,83.52,38.11,49.48,44.00,33.73,11.05,36.77,44.78,45.10,17.08,4.94,5.00,19.20,37.83,55.45,33.00,75.58,27.33,54.25,77.00,17.61,12.99,2.08,6.32,25.02,13.83,11.80,28.00,7.33,6.12,144.00,9.00,7.00,4.00,15.06,11.00,231.00,7.00,4.00,10.00,7.38,6.09,116.00,7.00,5.00,5.00,11.97,9.20,231.00,8.00,7.00,11.00,3.82,3.25,81.00,12.00,9.00,1.00,0,휴식 (Relax)
-10.50,-4.81,-4.44,1.38,1.00,19.98,24.90,16.08,32.98,43.28,45.48,16.87,24.00,69.33,29.81,87.64,66.91,82.65,47.51,38.63,33.00,32.50,15.57,34.24,48.01,45.35,11.12,10.90,11.00,18.98,29.95,55.86,34.79,70.29,23.56,47.18,88.00,17.61,12.99,2.08,6.32,25.02,13.83,11.80,28.00,7.33,6.12,144.00,9.00,8.00,4.00,15.05,10.91,220.00,6.00,4.00,9.00,7.47,6.31,111.00,7.00,5.00,5.00,11.59,8.77,220.00,8.00,7.00,10.00,3.82,3.25,77.00,11.00,9.00,1.00,0,휴식 (Relax)
-2.00,5.50,1.88,22.00,3.38,17.32,18.37,14.18,40.79,37.96,44.35,24.86,16.00,66.26,31.31,86.60,56.09,92.87,58.10,27.96,22.00,30.38,17.29,29.24,44.05,49.79,15.39,6.83,6.00,18.13,35.20,75.68,56.09,48.32,14.58,47.51,110.00,10.26,11.19,12.06,10.00,15.11,5.89,14.17,38.00,7.21,5.75,144.00,9.00,8.00,4.00,15.06,11.00,231.00,7.00,4.00,10.00,7.29,6.00,111.00,8.00,4.00,5.00,12.90,9.62,242.00,6.00,7.00,11.00,3.60,3.05,78.00,11.00,10.00,1.00,0,휴식 (Relax)
-8.50,4.81,2.56,10.31,-4.62,21.52,5.74,12.49,43.08,33.20,33.45,8.43,40.00,60.76,28.08,96.73,55.00,85.74,53.31,37.14,33.00,24.18,17.61,26.56,38.01,42.20,15.74,14.88,17.00,23.08,34.49,83.74,59.24,52.94,22.47,41.86,99.00,10.26,11.19,12.06,10.00,15.11,5.89,14.17,38.00,6.61,4.75,136.00,8.00,8.00,3.00,15.05,10.91,231.00,7.00,4.00,10.00,6.52,5.31,100.00,8.00,4.00,4.00,13.17,10.40,253.00,9.00,8.00,12.00,3.60,3.05,81.00,11.00,10.00,1.00,0,휴식 (Relax)
22.00,4.12,-7.75,-21.31,-1.50,25.15,19.60,28.04,65.97,17.69,19.60,28.78,64.00,53.09,20.62,104.69,66.00,80.83,49.79,31.38,22.00,17.85,16.34,36.81,48.10,38.10,7.01,11.09,6.00,26.73,51.39,92.84,80.08,43.36,44.24,29.77,77.00,12.21,13.14,13.53,11.66,13.53,7.71,12.21,36.00,8.72,6.75,160.00,8.00,8.00,4.00,15.00,10.66,220.00,6.00,3.00,9.00,6.79,5.59,100.00,8.00,3.00,4.00,14.27,11.86,253.00,8.00,7.00,12.00,3.62,3.12,75.00,10.00,10.00,1.00,0,휴식 (Relax)
-1.50,-16.50,7.25,8.94,2.75,18.60,13.86,22.63,64.50,9.83,13.86,36.73,72.00,73.33,42.36,113.78,69.57,58.83,33.31,38.05,0.00,31.18,28.35,29.10,45.01,22.37,9.39,23.33,10.00,26.05,13.67,49.71,80.08,7.04,79.67,34.02,33.00,2.24,7.13,6.24,20.59,6.24,16.65,2.24,24.00,8.59,6.25,176.00,8.00,9.00,5.00,15.56,11.69,198.00,6.00,2.00,9.00,6.75,5.62,94.00,8.00,4.00,4.00,11.81,10.31,242.00,10.00,7.00,12.00,2.97,2.75,68.00,12.00,9.00,0.00,0,휴식 (Relax)
-1.50,-7.56,-2.69,8.94,2.75,18.60,13.86,22.63,64.50,9.83,13.86,36.73,72.00,40.41,26.56,81.14,39.66,55.81,4.56,68.13,33.00,14.20,12.88,18.93,28.02,18.38,23.58,40.32,27.00,26.05,13.67,49.71,80.08,7.04,79.67,34.02,33.00,2.24,7.13,6.24,20.59,6.24,16.65,2.24,24.00,8.59,6.25,168.00,8.00,8.00,5.00,12.12,9.37,187.00,6.00,3.00,9.00,5.86,4.90,105.00,9.00,5.00,5.00,11.81,10.31,231.00,9.00,6.00,11.00,2.97,2.75,63.00,11.00,8.00,0.00,0,휴식 (Relax)
5.50,12.38,4.00,-2.06,-2.25,34.58,9.27,7.36,64.50,13.88,28.46,29.35,56.00,19.20,55.08,80.67,64.14,24.21,36.36,35.35,0.00,5.16,15.75,8.01,29.73,7.85,21.26,30.32,16.00,26.05,13.67,49.71,80.08,7.04,79.67,34.02,33.00,2.24,7.13,6.24,20.59,6.24,16.65,2.24,24.00,8.35,6.44,152.00,8.00,7.00,4.00,11.59,8.59,165.00,6.00,2.00,9.00,4.66,4.12,89.00,9.00,5.00,4.00,11.81,10.31,231.00,9.00,5.00,11.00,2.97,2.75,63.00,11.00,7.00,0.00,0,휴식 (Relax)
6.00,2.75,-7.00,-22.00,-1.94,27.49,13.69,10.05,56.57,14.10,33.05,31.50,48.00,25.31,36.36,59.28,56.09,16.59,55.08,20.26,22.00,5.16,15.75,8.01,29.73,7.85,21.26,30.32,16.00,45.94,20.62,31.29,112.18,35.22,49.79,38.45,0.00,3.05,5.69,9.37,23.43,6.33,12.07,7.12,19.00,7.75,5.75,136.00,7.00,7.00,3.00,9.92,7.56,154.00,6.00,3.00,9.00,4.66,4.12,95.00,10.00,6.00,5.00,12.90,11.00,231.00,6.00,4.00,11.00,2.93,2.69,58.00,8.00,6.00,0.00,0,휴식 (Relax)
-9.50,-17.88,-2.00,-11.00,-0.06,23.66,21.68,9.99,58.24,20.84,34.55,26.43,56.00,38.86,40.80,48.81,77.78,6.15,51.88,30.16,0.00,5.16,15.75,8.01,29.73,7.85,21.26,30.32,16.00,45.94,20.62,31.29,112.18,35.22,49.79,38.45,0.00,1.95,4.31,7.70,25.00,5.17,10.17,9.07,17.00,8.11,6.06,152.00,8.00,7.00,4.00,10.91,8.77,165.00,6.00,3.00,9.00,4.66,4.12,94.00,9.00,6.00,5.00,12.90,11.00,220.00,5.00,4.00,11.00,2.88,2.57,55.00,9.00,5.00,0.00,0,휴식 (Relax)
-9.00,-17.19,-1.62,0.69,2.94,25.25,27.71,7.21,65.97,15.75,27.71,33.32,48.00,45.35,51.39,57.66,80.08,12.77,44.24,27.33,11.00,10.08,17.72,13.94,24.17,1.90,17.72,30.27,22.00,56.77,25.43,40.89,101.41,30.52,44.89,37.87,11.00,1.95,4.31,7.70,25.00,5.17,10.17,9.07,17.00,8.43,6.38,152.00,8.00,7.00,4.00,11.65,9.54,165.00,6.00,3.00,9.00,4.57,3.91,88.00,8.00,6.00,5.00,12.58,10.48,209.00,7.00,4.00,11.00,2.88,2.57,53.00,9.00,5.00,0.00,0,휴식 (Relax)
-1.00,-6.19,8.69,0.00,-2.06,25.25,27.71,7.21,65.97,15.75,27.71,33.32,48.00,45.35,51.39,57.66,80.08,12.77,44.24,27.33,11.00,0.94,23.35,15.24,22.02,9.96,23.35,28.98,33.00,47.75,28.96,42.83,99.61,19.62,50.49,36.18,22.00,1.95,4.31,7.70,25.00,5.17,10.17,9.07,17.00,8.43,6.38,152.00,7.00,6.00,4.00,11.65,9.54,165.00,5.00,3.00,9.00,5.07,4.48,99.00,9.00,6.00,6.00,12.30,9.62,209.00,4.00,4.00,11.00,2.88,2.57,58.00,10.00,6.00,0.00,0,휴식 (Relax)
14.50,4.81,-2.31,-11.00,-0.19,18.27,32.98,14.43,73.76,8.35,32.98,25.85,56.00,45.35,51.39,57.66,80.08,12.77,44.24,27.33,11.00,0.94,23.35,15.24,22.02,9.96,23.35,28.98,33.00,47.75,28.96,42.83,99.61,19.62,50.49,36.18,22.00,3.78,4.42,8.88,23.85,3.88,8.39,8.93,19.00,9.04,7.06,160.00,7.00,6.00,5.00,11.65,9.54,176.00,6.00,3.00,10.00,5.07,4.48,104.00,9.00,7.00,7.00,12.30,9.62,198.00,3.00,4.00,11.00,2.83,2.46,55.00,9.00,7.00,0.00,0,휴식 (Relax)
-1.50,4.81,-6.62,0.69,2.81,18.27,32.98,14.43,73.76,8.35,32.98,25.85,56.00,45.35,51.39,57.66,80.08,12.77,44.24,27.33,11.00,10.49,17.09,16.03,25.06,18.70,17.09,37.14,22.00,50.19,20.11,39.00,99.00,16.00,42.11,44.67,11.00,3.78,4.42,8.88,23.85,3.88,8.39,8.93,19.00,9.04,7.06,168.00,8.00,6.00,6.00,11.65,9.54,176.00,6.00,3.00,10.00,5.27,4.53,109.00,9.00,7.00,7.00,11.97,9.20,209.00,8.00,5.00,12.00,2.83,2.46,58.00,10.00,7.00,0.00,0,휴식 (Relax)
-17.00,-5.50,-1.25,-8.94,2.81,26.18,28.11,21.84,81.58,1.99,38.91,29.69,48.00,37.90,40.80,52.49,83.77,12.20,51.88,38.31,22.00,16.30,20.32,22.03,20.00,14.80,15.59,31.34,28.00,53.58,29.81,58.33,77.00,37.37,47.51,23.63,33.00,3.78,4.42,8.88,23.85,3.88,8.39,8.93,19.00,9.75,7.38,176.00,8.00,6.00,7.00,11.67,9.62,165.00,7.00,2.00,10.00,5.15,4.22,103.00,8.00,7.00,6.00,11.81,9.45,198.00,8.00,5.00,12.00,2.83,2.46,50.00,9.00,6.00,0.00,0,휴식 (Relax)
-8.50,-3.44,-1.56,1.38,-0.50,33.38,30.98,27.69,80.40,9.90,30.98,28.93,56.00,19.34,19.05,79.23,55.00,20.80,19.05,13.26,11.00,12.48,15.34,20.76,23.35,18.16,12.27,26.37,33.00,55.03,18.83,51.09,77.78,44.12,45.45,12.64,44.00,7.95,8.11,8.64,19.85,3.07,8.62,4.57,14.00,9.99,7.69,176.00,7.00,6.00,7.00,9.30,7.99,132.00,6.00,2.00,9.00,4.91,4.02,98.00,8.00,7.00,6.00,11.59,8.77,198.00,8.00,6.00,12.00,2.50,2.19,45.00,9.00,5.00,0.00,0,휴식 (Relax)
15.00,17.19,-1.56,1.38,-0.31,28.32,23.44,30.69,88.36,15.24,27.03,33.11,64.00,34.16,19.05,63.77,70.43,35.71,19.05,27.42,33.00,12.48,15.34,20.76,23.35,18.16,12.27,26.37,33.00,55.03,18.83,51.09,77.78,44.12,45.45,12.64,44.00,6.16,7.81,5.69,21.93,3.11,7.81,2.01,11.00,10.54,8.38,184.00,7.00,5.00,7.00,10.27,8.94,154.00,7.00,2.00,10.00,4.91,4.02,98.00,8.00,7.00,6.00,11.59,8.77,198.00,8.00,6.00,12.00,2.42,2.02,42.00,8.00,4.00,0.00,0,휴식 (Relax)
-1.50,5.50,-6.25,1.38,-0.31,27.97,16.34,38.65,88.00,18.75,25.08,26.47,56.00,45.05,20.33,69.84,64.14,39.13,8.42,16.52,22.00,13.27,16.67,17.03,27.20,19.11,16.67,29.68,28.00,55.03,18.83,51.09,77.78,44.12,45.45,12.64,44.00,6.16,7.81,5.69,21.93,3.11,7.81,2.01,11.00,10.28,8.06,192.00,8.00,5.00,8.00,10.29,8.94,154.00,6.00,3.00,10.00,5.15,4.22,97.00,7.00,7.00,6.00,11.59,8.77,176.00,8.00,5.00,11.00,2.42,2.02,39.00,7.00,3.00,0.00,0,휴식 (Relax)
-9.00,-4.81,4.75,13.06,5.50,25.20,19.60,37.07,96.00,26.55,19.60,18.92,48.00,34.57,26.56,59.28,73.79,50.11,4.56,6.25,11.00,13.27,16.67,17.03,27.20,19.11,16.67,29.68,28.00,44.20,12.75,49.57,66.91,41.42,39.13,12.86,55.00,5.91,4.83,4.83,24.21,6.05,10.80,5.01,14.00,10.54,8.38,192.00,8.00,4.00,8.00,10.27,8.94,165.00,7.00,3.00,11.00,5.15,4.22,108.00,8.00,8.00,7.00,10.45,8.34,176.00,8.00,5.00,11.00,2.72,2.25,37.00,7.00,2.00,0.00,0,휴식 (Relax)
-1.50,16.50,4.75,13.06,-2.69,30.44,22.38,30.23,96.33,29.26,11.79,10.92,40.00,43.30,15.56,61.21,79.32,54.82,15.56,9.27,0.00,13.27,16.67,17.03,27.20,19.11,16.67,29.68,28.00,44.20,12.75,49.57,66.91,41.42,39.13,12.86,55.00,6.00,3.88,2.36,22.47,6.03,9.11,2.44,11.00,10.28,8.06,168.00,7.00,4.00,7.00,11.00,9.62,187.00,8.00,4.00,12.00,5.15,4.22,97.00,7.00,7.00,6.00,10.45,8.34,143.00,7.00,4.00,10.00,2.42,2.11,42.00,8.00,3.00,0.00,0,휴식 (Relax)
22.50,15.81,-1.56,11.00,2.00,30.44,22.38,30.23,96.33,29.26,11.79,10.92,40.00,50.37,11.00,52.93,88.68,62.05,11.00,2.74,11.00,17.29,21.41,15.98,24.60,16.28,12.14,28.16,23.00,74.00,45.45,34.13,34.79,25.57,18.83,21.19,22.00,7.39,8.27,2.80,18.44,1.31,8.93,6.31,16.00,10.28,8.06,168.00,7.00,4.00,7.00,11.65,10.31,165.00,7.00,3.00,11.00,4.91,4.02,87.00,7.00,6.00,5.00,9.53,6.88,110.00,0.00,4.00,9.00,2.37,2.12,42.00,8.00,4.00,0.00,0,휴식 (Relax)
-1.50,-6.88,-0.88,-9.62,-2.69,30.44,22.38,30.23,96.33,29.26,11.79,10.92,40.00,55.52,20.33,42.98,83.77,52.05,8.42,10.27,0.00,6.63,18.79,7.76,34.79,5.41,3.30,23.55,12.00,59.42,35.20,17.86,46.67,46.74,14.58,41.36,0.00,7.89,4.38,4.06,15.65,3.85,7.67,10.51,21.00,10.28,8.06,192.00,8.00,5.00,8.00,10.91,9.62,176.00,8.00,3.00,11.00,4.27,3.19,76.00,6.00,5.00,4.00,9.43,7.39,132.00,7.00,4.00,10.00,2.42,2.11,47.00,9.00,5.00,0.00,0,휴식 (Relax)
-9.00,-17.19,4.75,12.38,2.31,23.39,21.78,22.48,104.31,29.67,17.13,10.71,32.00,54.58,11.00,43.31,93.98,54.07,11.00,21.21,11.00,12.63,14.96,13.75,37.12,7.56,8.26,20.65,6.00,59.42,35.20,17.86,46.67,46.74,14.58,41.36,0.00,7.89,4.38,4.06,15.65,3.85,7.67,10.51,21.00,10.54,8.38,192.00,7.00,5.00,8.00,11.65,10.31,165.00,7.00,2.00,11.00,4.44,3.59,76.00,6.00,4.00,4.00,9.43,7.39,143.00,8.00,5.00,10.00,2.42,2.11,47.00,9.00,6.00,0.00,0,휴식 (Relax)
-8.00,5.50,-0.88,1.38,-2.69,19.35,35.69,17.46,104.31,14.39,2.54,11.74,48.00,59.81,15.56,34.41,90.71,43.15,15.56,12.38,0.00,7.42,20.84,12.92,31.91,13.31,13.92,17.00,0.00,59.42,35.20,17.86,46.67,46.74,14.58,41.36,0.00,7.89,4.38,4.06,15.65,3.85,7.67,10.51,21.00,10.58,8.00,192.00,2.00,5.00,8.00,11.00,9.62,176.00,8.00,3.00,11.00,4.27,3.19,71.00,6.00,4.00,3.00,9.43,7.39,132.00,7.00,5.00,10.00,2.42,2.11,52.00,10.00,7.00,0.00,0,휴식 (Relax)
8.00,5.50,4.44,0.00,-0.81,19.35,35.69,17.46,104.31,14.39,2.54,11.74,48.00,59.81,15.56,34.41,90.71,43.15,15.56,12.38,0.00,15.87,13.44,4.09,27.66,18.69,21.66,10.68,11.00,50.71,20.33,14.20,34.79,25.47,8.42,48.85,22.00,5.89,2.46,6.03,13.89,1.97,6.32,10.63,23.00,10.58,8.00,192.00,2.00,5.00,8.00,11.00,9.62,154.00,7.00,3.00,10.00,4.15,3.40,72.00,7.00,5.00,3.00,7.78,5.50,121.00,2.00,5.00,9.00,2.32,2.02,52.00,10.00,8.00,0.00,0,휴식 (Relax)
7.00,4.12,-1.56,-11.00,-2.69,11.74,33.05,14.39,106.73,17.46,13.69,19.35,32.00,38.55,15.56,39.58,88.00,34.58,15.56,24.33,22.00,15.87,13.44,4.09,27.66,18.69,21.66,10.68,11.00,50.71,20.33,14.20,34.79,25.47,8.42,48.85,22.00,7.75,3.75,5.31,13.00,2.95,6.93,10.35,25.00,10.54,8.38,192.00,7.00,5.00,8.00,10.20,8.77,154.00,7.00,3.00,10.00,4.15,3.40,78.00,8.00,6.00,3.00,7.78,5.50,121.00,2.00,5.00,9.00,2.42,2.11,51.00,9.00,7.00,0.00,0,휴식 (Relax)
-1.50,2.75,-1.56,10.31,2.31,11.79,39.45,22.38,98.95,22.38,10.39,11.79,40.00,16.66,37.56,31.40,66.00,56.08,6.44,20.76,0.00,15.87,13.44,4.09,27.66,18.69,21.66,10.68,11.00,41.88,30.78,3.76,39.66,35.76,16.21,47.72,33.00,7.75,3.75,5.31,13.00,2.95,6.93,10.35,25.00,10.28,8.06,192.00,8.00,5.00,8.00,9.12,7.56,143.00,7.00,3.00,9.00,4.15,3.40,67.00,7.00,5.00,2.00,8.22,6.45,143.00,5.00,6.00,10.00,2.42,2.11,51.00,9.00,7.00,0.00,0,휴식 (Relax)
-9.00,2.06,4.75,9.62,-2.69,14.51,31.65,20.47,101.19,29.87,16.67,3.81,48.00,9.26,46.00,21.26,66.91,51.10,7.89,15.47,11.00,16.80,8.84,3.83,22.80,17.36,16.79,5.80,16.00,31.63,40.65,12.45,49.19,29.93,16.84,52.81,22.00,7.75,3.75,5.31,13.00,2.95,6.93,10.35,25.00,10.54,8.38,184.00,7.00,4.00,7.00,8.88,6.96,132.00,6.00,3.00,8.00,3.58,2.97,62.00,7.00,5.00,1.00,8.59,7.22,132.00,5.00,5.00,9.00,2.42,2.11,54.00,10.00,8.00,0.00,0,휴식 (Relax)
15.00,2.06,4.38,-12.38,-5.38,14.51,31.65,20.47,101.19,29.87,16.67,3.81,48.00,9.26,46.00,21.26,66.91,51.10,7.89,15.47,11.00,13.57,12.00,8.61,22.00,22.75,12.00,0.58,22.00,31.63,40.65,12.45,49.19,29.93,16.84,52.81,22.00,9.49,1.40,6.55,17.72,7.85,7.07,15.15,20.00,10.54,8.38,192.00,7.00,5.00,7.00,8.88,6.96,132.00,6.00,3.00,8.00,3.74,3.28,57.00,7.00,4.00,1.00,8.59,7.22,143.00,6.00,4.00,9.00,2.78,2.34,54.00,9.00,8.00,0.00,0,휴식 (Relax)
-1.00,-8.25,-1.94,-11.69,-0.19,14.51,31.65,20.47,101.19,29.87,16.67,3.81,48.00,11.04,53.11,20.88,69.57,41.24,9.11,25.41,0.00,10.63,13.00,12.65,17.00,19.54,13.00,4.61,17.00,42.11,46.00,20.11,59.24,20.11,7.89,42.11,33.00,10.57,3.76,5.66,17.12,6.88,4.45,12.20,23.00,10.54,8.38,192.00,8.00,5.00,7.00,9.12,7.56,132.00,6.00,3.00,8.00,3.36,3.05,58.00,8.00,4.00,1.00,9.09,7.73,132.00,6.00,3.00,8.00,2.70,2.13,59.00,9.00,9.00,0.00,0,휴식 (Relax)
-9.50,-28.88,8.38,8.94,2.81,6.96,25.08,24.32,93.64,24.32,16.34,6.96,56.00,27.46,75.11,13.19,90.71,44.30,12.89,3.65,22.00,7.75,13.46,15.83,20.25,16.40,19.97,7.24,28.00,28.11,24.60,12.56,70.43,32.44,24.60,20.49,55.00,10.57,3.76,5.66,17.12,6.88,4.45,12.20,23.00,9.89,8.06,192.00,8.00,5.00,7.00,11.59,9.28,154.00,6.00,3.00,9.00,3.97,3.58,69.00,9.00,5.00,2.00,8.88,7.82,143.00,7.00,3.00,8.00,2.70,2.13,59.00,9.00,9.00,0.00,0,휴식 (Relax)
-2.00,13.75,-7.31,8.25,-0.19,6.50,17.13,32.12,91.21,21.46,21.78,1.29,48.00,19.59,61.55,32.68,98.39,32.68,32.42,19.59,44.00,9.15,15.76,18.84,16.28,12.00,24.93,12.22,33.00,29.95,15.56,23.56,79.32,23.56,15.56,29.95,44.00,10.57,3.76,5.66,17.12,6.88,4.45,12.20,23.00,9.59,7.75,176.00,7.00,5.00,6.00,11.99,9.28,176.00,6.00,3.00,9.00,4.34,3.85,85.00,10.00,6.00,3.00,9.12,8.25,143.00,7.00,3.00,8.00,2.70,2.13,62.00,10.00,10.00,0.00,0,휴식 (Relax)
14.00,24.06,-7.00,-13.06,-0.19,6.50,17.13,32.12,91.21,21.46,21.78,1.29,48.00,26.85,65.21,40.53,108.34,43.64,28.81,9.40,33.00,13.54,20.71,23.58,20.00,16.39,22.16,8.01,28.00,23.89,19.05,22.15,85.91,29.34,19.05,38.28,33.00,10.57,3.76,5.66,17.12,6.88,4.45,12.20,23.00,9.59,7.75,176.00,7.00,5.00,6.00,13.03,9.71,176.00,6.00,3.00,9.00,4.66,4.12,80.00,10.00,5.00,3.00,9.70,8.94,165.00,8.00,3.00,9.00,2.70,2.13,62.00,10.00,10.00,0.00,0,휴식 (Relax)
5.50,2.06,3.31,8.25,-0.19,14.43,19.87,25.85,93.64,18.27,27.51,8.35,40.00,26.85,65.21,40.53,108.34,43.64,28.81,9.40,33.00,2.54,13.82,24.96,16.03,19.47,27.40,10.37,17.00,32.66,23.56,11.95,77.78,39.91,29.95,45.14,22.00,10.57,3.76,5.66,17.12,6.88,4.45,12.20,23.00,9.68,8.12,176.00,7.00,5.00,6.00,13.03,9.71,187.00,5.00,3.00,9.00,4.38,3.94,80.00,10.00,5.00,3.00,9.92,9.28,176.00,8.00,4.00,9.00,2.70,2.13,56.00,9.00,9.00,0.00,0,휴식 (Relax)
-3.00,-8.94,3.31,18.56,5.81,22.19,27.71,18.81,86.16,12.57,27.71,4.41,48.00,26.85,65.21,40.53,108.34,43.64,28.81,9.40,33.00,2.54,13.82,24.96,16.03,19.47,27.40,10.37,17.00,43.57,34.49,7.37,85.91,39.76,22.47,42.31,33.00,10.57,3.76,5.66,17.12,6.88,4.45,12.20,23.00,9.33,7.75,176.00,8.00,5.00,6.00,13.03,9.71,176.00,5.00,3.00,9.00,4.38,3.94,80.00,10.00,5.00,3.00,10.80,9.88,187.00,8.00,4.00,10.00,2.70,2.13,54.00,9.00,8.00,0.00,0,휴식 (Relax)
-3.00,13.06,-7.00,-13.06,-2.19,22.19,27.71,18.81,86.16,12.57,27.71,4.41,48.00,26.85,65.21,40.53,108.34,43.64,28.81,9.40,33.00,12.99,5.60,22.63,18.87,30.31,20.12,0.66,28.00,23.28,22.47,14.83,73.79,61.26,34.49,52.40,55.00,10.57,3.76,5.66,17.12,6.88,4.45,12.20,23.00,9.33,7.75,152.00,7.00,4.00,5.00,13.03,9.71,198.00,6.00,4.00,10.00,4.66,4.12,85.00,10.00,5.00,4.00,11.15,10.31,220.00,9.00,5.00,11.00,2.70,2.13,57.00,9.00,8.00,0.00,0,휴식 (Relax)
-1.50,2.75,-2.00,-1.38,0.00,21.83,33.45,6.65,64.50,29.18,5.74,20.48,24.00,21.65,70.41,34.72,98.39,45.82,29.16,9.91,44.00,12.99,5.60,22.63,18.87,30.31,20.12,0.66,28.00,19.03,29.95,20.90,83.77,56.14,23.56,43.10,44.00,8.43,6.61,3.23,20.10,4.07,5.69,9.27,20.00,7.60,6.06,128.00,6.00,4.00,4.00,12.60,9.28,187.00,5.00,5.00,10.00,4.66,4.12,90.00,10.00,6.00,4.00,10.91,9.80,209.00,8.00,5.00,11.00,2.60,1.88,54.00,5.00,8.00,0.00,0,휴식 (Relax)
-1.50,2.06,-2.00,-12.38,-0.12,21.83,33.45,6.65,64.50,29.18,5.74,20.48,24.00,23.14,59.73,45.71,93.98,38.17,38.91,16.54,55.00,12.99,5.60,22.63,18.87,30.31,20.12,0.66,28.00,19.03,29.95,20.90,83.77,56.14,23.56,43.10,44.00,9.20,5.00,2.94,20.40,4.65,7.68,7.29,18.00,7.60,6.06,120.00,6.00,4.00,4.00,12.43,8.59,176.00,5.00,4.00,9.00,4.66,4.12,84.00,9.00,5.00,4.00,10.91,9.80,198.00,7.00,5.00,11.00,2.55,1.81,49.00,7.00,7.00,0.00,0,휴식 (Relax)
-9.50,-9.62,4.00,-0.69,0.06,21.83,33.45,6.65,64.50,29.18,5.74,20.48,24.00,25.47,50.49,50.71,83.77,48.85,28.96,14.20,44.00,12.99,5.60,22.63,18.87,30.31,20.12,0.66,28.00,27.11,37.83,9.92,73.79,66.46,27.33,32.28,33.00,9.38,5.92,5.69,17.46,7.64,10.15,5.03,15.00,7.60,6.06,128.00,6.00,4.00,4.00,11.59,7.56,165.00,5.00,4.00,9.00,4.66,4.12,84.00,9.00,4.00,4.00,10.63,9.11,198.00,6.00,6.00,11.00,2.44,1.59,44.00,4.00,6.00,0.00,0,휴식 (Relax)
-9.50,-8.94,3.62,9.62,-0.06,21.83,33.45,6.65,64.50,29.18,5.74,20.48,24.00,27.35,53.31,57.70,80.08,51.93,28.08,22.05,33.00,15.01,6.80,28.63,16.49,30.08,17.83,5.84,22.00,16.49,38.11,17.88,79.32,68.10,38.11,24.06,22.00,8.39,6.65,4.69,17.12,8.48,10.85,4.86,13.00,7.60,6.06,112.00,5.00,4.00,3.00,11.81,8.34,165.00,5.00,4.00,9.00,4.73,4.25,78.00,8.00,3.00,4.00,10.91,9.80,209.00,7.00,6.00,12.00,2.38,1.48,42.00,6.00,6.00,0.00,0,휴식 (Relax)
14.00,22.69,3.62,-1.38,-0.06,15.67,38.63,7.04,71.55,26.80,6.63,22.86,32.00,19.91,65.53,38.05,101.41,39.45,47.33,43.85,11.00,15.01,6.80,28.63,16.49,30.08,17.83,5.84,22.00,16.49,38.11,17.88,79.32,68.10,38.11,24.06,22.00,8.39,6.65,4.69,17.12,8.48,10.85,4.86,13.00,8.25,6.75,136.00,6.00,4.00,4.00,13.17,9.20,198.00,6.00,4.00,10.00,4.73,4.25,72.00,7.00,3.00,4.00,10.91,9.80,209.00,8.00,6.00,12.00,2.38,1.48,40.00,6.00,5.00,0.00,0,휴식 (Relax)
6.00,11.00,-7.06,-12.38,-4.88,15.67,38.63,7.04,71.55,26.80,6.63,22.86,32.00,20.32,76.52,41.57,99.61,50.45,37.49,33.50,22.00,10.23,11.15,32.41,16.03,33.99,13.02,3.68,27.00,16.49,38.11,17.88,79.32,68.10,38.11,24.06,22.00,11.24,4.31,2.36,17.03,11.42,13.62,3.11,16.00,8.25,6.75,136.00,5.00,5.00,4.00,13.47,9.62,209.00,3.00,5.00,11.00,5.03,4.56,83.00,8.00,3.00,5.00,10.91,9.80,198.00,7.00,6.00,12.00,2.64,1.69,40.00,4.00,4.00,0.00,0,휴식 (Relax)
-9.50,-30.94,3.56,-0.69,0.31,17.20,33.45,15.01,78.79,32.14,5.74,15.44,24.00,40.12,56.79,8.86,132.46,70.15,43.09,25.53,55.00,16.23,6.07,27.35,22.02,33.12,8.07,8.44,33.00,25.20,33.00,26.13,70.43,70.72,33.00,30.69,11.00,14.22,5.45,4.78,14.04,11.17,10.97,5.49,13.00,8.59,7.06,144.00,6.00,4.00,5.00,15.66,12.20,253.00,7.00,5.00,12.00,5.09,4.63,88.00,8.00,4.00,6.00,10.63,9.11,209.00,7.00,7.00,13.00,2.52,1.59,40.00,4.00,5.00,0.00,0,휴식 (Relax)
-9.50,-18.56,8.25,0.00,0.19,17.20,33.45,15.01,78.79,32.14,5.74,15.44,24.00,61.99,67.78,22.86,132.46,80.08,22.08,18.84,33.00,20.91,7.86,28.91,22.80,37.88,9.49,3.44,28.00,33.16,39.02,26.50,64.14,59.75,43.19,20.87,22.00,12.49,3.48,3.61,14.32,13.07,10.67,7.49,11.00,8.59,7.06,120.00,5.00,3.00,4.00,16.37,13.49,264.00,7.00,6.00,13.00,5.44,4.91,93.00,8.00,4.00,6.00,10.29,8.25,187.00,4.00,7.00,12.00,2.48,1.43,37.00,4.00,4.00,0.00,0,휴식 (Relax)
7.00,13.75,-7.06,-11.00,-0.12,16.23,40.25,10.49,71.55,24.15,13.11,8.22,16.00,51.60,56.87,16.94,143.42,90.88,12.41,20.20,22.00,14.44,3.26,17.91,33.54,45.64,12.78,7.94,17.00,33.16,39.02,26.50,64.14,59.75,43.19,20.87,22.00,10.45,2.88,7.94,9.49,10.64,8.23,3.24,16.00,7.94,6.38,120.00,5.00,3.00,4.00,16.73,14.09,286.00,7.00,6.00,13.00,5.67,5.19,103.00,8.00,4.00,7.00,10.29,8.25,198.00,4.00,7.00,13.00,2.15,1.09,32.00,4.00,4.00,0.00,0,휴식 (Relax)
6.50,2.06,-2.06,9.62,-0.12,19.92,32.65,18.47,75.47,21.90,18.49,7.89,8.00,44.29,48.56,26.30,144.68,89.19,17.44,22.90,33.00,14.44,3.26,17.91,33.54,45.64,12.78,7.94,17.00,37.02,26.39,46.75,56.09,48.69,41.51,42.63,0.00,10.45,2.88,7.94,9.49,10.64,8.23,3.24,16.00,8.11,6.88,112.00,5.00,2.00,4.00,16.60,13.58,275.00,7.00,6.00,13.00,5.67,5.19,97.00,7.00,4.00,6.00,10.20,8.59,198.00,6.00,8.00,13.00,2.15,1.09,29.00,3.00,3.00,0.00,0,휴식 (Relax)
-9.50,-10.31,-1.38,-0.69,0.06,19.92,32.65,18.47,75.47,21.90,18.49,7.89,8.00,44.42,53.31,44.99,122.98,70.49,28.08,15.14,11.00,21.56,10.72,26.92,22.80,34.70,9.00,18.08,6.00,29.44,23.37,46.99,45.35,37.71,50.99,52.57,11.00,9.17,2.37,9.64,6.71,8.08,11.15,4.20,13.00,8.11,6.88,120.00,6.00,2.00,5.00,14.79,11.86,242.00,7.00,6.00,13.00,5.19,4.67,81.00,6.00,4.00,5.00,9.89,7.82,209.00,7.00,9.00,14.00,2.01,0.86,26.00,3.00,3.00,0.00,0,휴식 (Relax)
-16.50,-19.25,3.94,-10.31,-4.62,4.45,30.98,31.55,85.04,13.70,30.98,8.78,24.00,35.91,25.26,56.22,132.91,45.61,60.98,34.83,22.00,11.28,11.22,19.77,27.80,30.88,9.59,27.65,5.00,15.60,16.21,68.51,45.35,51.41,30.78,40.21,11.00,7.13,7.28,14.45,6.32,8.38,9.33,5.50,18.00,9.15,7.62,112.00,5.00,1.00,4.00,15.31,12.72,242.00,7.00,5.00,13.00,5.03,4.56,87.00,7.00,4.00,5.00,9.89,7.73,198.00,10.00,8.00,14.00,2.34,1.36,31.00,4.00,3.00,0.00,0,휴식 (Relax)
15.50,4.12,13.56,0.00,-4.31,4.45,30.98,31.55,85.04,13.70,30.98,8.78,24.00,37.79,3.49,77.72,113.25,39.21,49.07,25.96,0.00,10.88,33.04,37.59,17.00,17.45,24.94,20.00,17.00,23.61,23.56,63.30,34.79,49.02,29.95,41.78,22.00,6.41,11.60,16.05,11.18,12.50,7.44,2.26,13.00,9.15,7.62,136.00,6.00,2.00,5.00,13.95,11.52,242.00,8.00,6.00,13.00,5.85,4.88,87.00,6.00,4.00,5.00,9.53,6.88,187.00,2.00,9.00,14.00,2.59,1.78,31.00,4.00,3.00,0.00,0,휴식 (Relax)
0.00,-16.50,2.56,-9.62,0.69,3.81,23.11,29.87,80.00,20.47,35.47,14.51,32.00,43.55,18.83,85.12,104.36,60.31,45.45,27.79,22.00,10.88,33.04,37.59,17.00,17.45,24.94,20.00,17.00,4.52,3.49,50.72,34.79,28.56,49.07,58.03,44.00,6.41,11.60,16.05,11.18,12.50,7.44,2.26,13.00,8.94,7.00,144.00,5.00,3.00,6.00,14.55,12.38,253.00,8.00,6.00,13.00,5.85,4.88,98.00,6.00,5.00,6.00,9.43,7.22,187.00,11.00,9.00,14.00,2.59,1.78,30.00,5.00,2.00,0.00,0,휴식 (Relax)
0.00,4.81,-3.06,13.06,1.06,3.81,23.11,29.87,80.00,20.47,35.47,14.51,32.00,43.54,12.75,92.67,93.98,67.32,39.13,30.93,33.00,8.60,33.14,40.10,18.03,21.29,23.32,15.65,11.00,8.96,12.75,39.73,24.60,37.75,39.13,47.32,33.00,6.10,10.75,10.49,5.39,12.12,1.56,4.67,7.00,8.94,7.00,144.00,5.00,3.00,6.00,14.54,12.29,253.00,8.00,6.00,13.00,5.87,4.94,93.00,6.00,4.00,5.00,7.99,6.70,176.00,11.00,9.00,14.00,1.95,1.59,22.00,4.00,1.00,0.00,0,휴식 (Relax)
0.00,-4.81,2.25,1.38,0.94,3.81,23.11,29.87,80.00,20.47,35.47,14.51,32.00,37.82,19.05,73.00,103.77,61.66,19.05,39.23,55.00,11.70,25.53,29.19,28.64,20.13,31.12,7.88,0.00,8.02,6.44,44.56,31.11,38.23,37.56,36.46,22.00,6.30,12.07,10.51,5.00,10.51,2.07,6.30,5.00,8.94,7.00,144.00,5.00,3.00,6.00,14.01,11.69,253.00,9.00,7.00,13.00,5.52,4.53,94.00,7.00,5.00,5.00,7.66,6.02,176.00,10.00,9.00,14.00,1.95,1.52,20.00,4.00,1.00,0.00,0,휴식 (Relax)
7.50,16.50,-8.44,-8.94,0.94,6.40,19.87,27.16,86.53,16.26,27.51,15.39,40.00,43.14,20.33,72.35,113.25,51.26,8.42,43.51,66.00,10.77,30.47,30.78,28.02,16.11,36.08,5.75,5.00,5.84,7.89,51.65,39.66,29.65,46.00,27.84,11.00,6.30,12.07,10.51,5.00,10.51,2.07,6.30,5.00,9.15,7.62,152.00,7.00,3.00,6.00,14.55,12.38,275.00,10.00,8.00,14.00,5.85,4.88,105.00,8.00,6.00,6.00,7.99,6.70,176.00,10.00,8.00,14.00,1.95,1.52,20.00,4.00,1.00,0.00,0,휴식 (Relax)
-0.50,5.50,2.19,1.38,0.94,6.40,19.87,27.16,86.53,16.26,27.51,15.39,40.00,43.14,20.33,72.35,113.25,51.26,8.42,43.51,66.00,9.90,25.93,35.24,22.02,11.04,40.07,6.18,11.00,10.29,12.41,41.70,34.79,19.94,56.87,25.72,0.00,6.30,12.07,10.51,5.00,10.51,2.07,6.30,5.00,9.15,7.62,152.00,8.00,4.00,6.00,14.55,12.38,275.00,9.00,9.00,14.00,5.81,4.73,110.00,8.00,7.00,7.00,7.66,6.02,176.00,10.00,9.00,14.00,1.95,1.52,20.00,4.00,1.00,0.00,0,휴식 (Relax)
-1.00,-5.50,-3.44,11.69,6.56,14.25,12.25,23.77,80.00,23.77,29.56,14.25,48.00,43.14,20.33,72.35,113.25,51.26,8.42,43.51,66.00,12.74,26.61,30.13,23.09,14.05,40.52,9.41,17.00,21.23,23.37,44.19,45.35,20.64,50.99,23.64,11.00,12.27,13.48,13.50,11.00,5.05,6.35,9.25,11.00,8.89,7.25,152.00,8.00,4.00,6.00,14.55,12.38,286.00,10.00,9.00,15.00,5.85,4.88,116.00,9.00,8.00,7.00,8.22,6.45,176.00,10.00,8.00,14.00,2.57,1.66,26.00,4.00,1.00,0.00,0,휴식 (Relax)
-9.00,4.81,-3.06,1.38,-1.31,14.25,12.25,23.77,80.00,23.77,29.56,14.25,48.00,53.92,26.56,77.07,108.34,40.27,4.56,50.99,55.00,18.31,23.98,31.91,17.46,8.60,44.35,8.52,11.00,11.30,18.03,33.20,44.00,14.42,55.34,22.32,22.00,10.39,14.24,11.63,11.18,3.50,8.19,11.15,13.00,8.89,7.25,136.00,7.00,3.00,5.00,14.54,12.29,264.00,10.00,9.00,15.00,5.87,4.94,116.00,9.00,8.00,7.00,7.66,6.02,176.00,10.00,9.00,14.00,2.59,1.78,34.00,5.00,2.00,0.00,0,휴식 (Relax)
7.50,-4.12,-2.69,-29.56,-4.00,11.33,11.79,17.16,73.76,31.04,22.38,20.14,40.00,31.75,42.36,44.46,79.32,42.17,33.31,82.78,22.00,24.29,18.73,37.91,16.03,9.63,38.35,7.19,17.00,28.70,44.89,35.25,77.00,47.39,25.43,44.50,11.00,7.69,19.05,12.67,16.12,4.69,7.57,6.20,8.00,8.23,6.62,144.00,8.00,4.00,6.00,12.83,11.00,264.00,11.00,10.00,15.00,5.86,4.90,105.00,8.00,7.00,6.00,10.80,8.42,198.00,10.00,8.00,14.00,2.78,2.12,32.00,4.00,1.00,0.00,0,휴식 (Relax)
0.00,-13.06,7.31,13.06,0.69,15.87,10.61,21.14,68.82,26.14,25.60,12.41,48.00,45.70,75.25,50.12,66.91,9.55,29.52,50.67,55.00,12.10,34.55,35.06,1.00,12.42,28.64,16.07,33.00,6.83,26.56,14.02,80.08,59.79,4.56,66.41,33.00,8.85,14.99,7.67,17.46,5.59,12.06,3.43,3.00,8.00,6.00,136.00,4.00,5.00,5.00,12.43,10.57,231.00,10.00,9.00,15.00,5.83,4.94,105.00,8.00,7.00,6.00,11.15,8.34,231.00,10.00,9.00,14.00,2.59,1.78,32.00,4.00,2.00,0.00,0,휴식 (Relax)
-0.50,-13.75,2.31,12.38,0.69,8.78,16.34,13.70,62.48,31.55,25.08,4.45,56.00,35.70,68.45,39.22,56.09,14.04,40.07,42.78,66.00,12.10,34.55,35.06,1.00,12.42,28.64,16.07,33.00,6.68,28.74,18.08,90.71,65.04,11.91,56.06,22.00,8.85,14.99,7.67,17.46,5.59,12.06,3.43,3.00,7.73,5.69,136.00,8.00,5.00,5.00,11.34,9.97,220.00,10.00,9.00,14.00,5.83,4.94,105.00,8.00,7.00,6.00,11.59,8.77,231.00,10.00,9.00,14.00,2.59,1.78,32.00,4.00,2.00,0.00,0,휴식 (Relax)
6.50,17.19,-3.00,11.69,0.69,7.89,32.17,21.90,53.67,18.47,37.38,19.92,40.00,4.26,81.17,44.91,59.24,21.09,20.71,61.74,33.00,13.93,37.41,28.78,11.05,23.36,19.30,16.24,22.00,17.56,39.13,28.79,88.68,54.25,12.75,64.40,33.00,8.85,14.99,7.67,17.46,5.59,12.06,3.43,3.00,7.60,5.88,128.00,8.00,5.00,4.00,11.65,10.31,220.00,10.00,8.00,14.00,5.57,4.62,95.00,8.00,6.00,5.00,11.97,9.20,220.00,9.00,8.00,13.00,2.59,1.78,32.00,4.00,2.00,0.00,0,휴식 (Relax)
6.50,17.19,-3.31,-10.31,0.69,7.89,32.17,21.90,53.67,18.47,37.38,19.92,40.00,4.26,81.17,44.91,59.24,21.09,20.71,61.74,33.00,13.88,32.81,25.76,12.53,26.00,14.33,20.00,17.00,17.56,39.13,28.79,88.68,54.25,12.75,64.40,33.00,8.85,14.99,7.67,17.46,5.59,12.06,3.43,3.00,7.60,5.88,128.00,8.00,5.00,4.00,11.65,10.31,209.00,10.00,8.00,13.00,5.24,4.35,90.00,8.00,6.00,5.00,11.97,9.20,220.00,9.00,7.00,13.00,2.59,1.78,32.00,4.00,2.00,0.00,0,휴식 (Relax)
-1.00,-4.12,2.31,1.38,-1.19,8.22,33.94,24.15,50.60,10.49,33.94,16.23,48.00,15.22,72.31,43.75,64.14,28.10,9.76,61.97,44.00,17.83,27.26,19.89,18.03,29.53,18.63,14.24,23.00,11.54,37.56,38.36,88.00,45.37,6.44,63.88,22.00,10.63,13.54,7.97,16.76,4.19,13.95,1.43,5.00,7.42,5.38,120.00,8.00,5.00,3.00,11.59,10.14,220.00,10.00,8.00,13.00,5.20,4.31,96.00,9.00,6.00,5.00,11.59,8.77,220.00,10.00,8.00,13.00,2.60,1.87,34.00,4.00,2.00,0.00,0,휴식 (Relax)
13.50,6.19,-3.69,22.00,3.62,17.98,16.06,1.33,28.84,23.07,49.30,30.57,72.00,6.19,74.30,33.75,55.00,38.27,6.71,67.96,55.00,17.83,27.26,19.89,18.03,29.53,18.63,14.24,23.00,22.97,26.94,26.58,110.00,27.75,26.94,75.76,0.00,7.63,13.79,5.00,19.65,1.43,16.67,1.66,8.00,7.86,6.12,128.00,9.00,5.00,4.00,11.65,10.31,220.00,11.00,8.00,13.00,5.20,4.31,96.00,9.00,7.00,5.00,12.90,9.62,231.00,3.00,7.00,13.00,2.76,1.98,34.00,4.00,3.00,0.00,0,휴식 (Relax)
-3.50,4.81,2.31,-0.69,0.31,32.14,5.74,17.20,24.00,15.44,33.45,15.01,56.00,21.84,65.97,21.75,70.43,42.97,15.67,50.27,33.00,17.83,27.26,19.89,18.03,29.53,18.63,14.24,23.00,30.96,19.05,36.03,110.55,24.91,19.05,66.20,11.00,3.37,11.75,4.76,19.00,4.76,15.49,3.37,3.00,6.30,5.38,112.00,9.00,5.00,4.00,10.98,9.54,198.00,10.00,7.00,12.00,5.20,4.31,91.00,10.00,7.00,4.00,12.58,9.11,242.00,8.00,7.00,13.00,2.52,1.59,37.00,4.00,4.00,0.00,0,휴식 (Relax)
5.00,15.12,-2.62,-0.69,0.00,26.80,12.25,15.67,16.00,22.86,29.56,7.04,48.00,32.79,56.87,31.52,77.78,32.02,12.41,60.68,44.00,7.97,12.80,11.74,20.25,16.22,2.87,12.94,40.00,30.96,19.05,36.03,110.55,24.91,19.05,66.20,11.00,5.09,7.94,9.75,14.00,6.54,12.84,2.08,8.00,5.57,4.75,104.00,9.00,6.00,3.00,11.59,10.14,187.00,9.00,6.00,12.00,3.97,3.58,86.00,11.00,8.00,3.00,12.58,9.11,231.00,8.00,6.00,12.00,2.21,1.12,32.00,2.00,4.00,0.00,0,휴식 (Relax)
4.50,2.75,3.38,-1.38,-1.88,29.67,5.74,8.54,17.89,28.69,33.45,3.94,40.00,53.37,35.20,49.56,64.14,43.59,14.58,38.82,22.00,7.97,12.80,11.74,20.25,16.22,2.87,12.94,40.00,34.47,11.91,34.07,110.00,19.35,28.74,55.54,22.00,3.23,9.93,9.27,14.14,8.43,11.01,4.07,10.00,5.63,4.94,104.00,9.00,6.00,3.00,10.65,8.94,176.00,8.00,6.00,12.00,3.97,3.58,86.00,11.00,8.00,3.00,12.22,8.59,209.00,7.00,5.00,11.00,2.26,1.31,34.00,3.00,4.00,0.00,0,휴식 (Relax)
4.00,-17.88,7.69,-0.69,0.12,31.52,10.61,4.32,11.31,31.71,25.60,5.53,48.00,38.67,50.49,55.71,83.77,40.66,28.96,22.89,0.00,6.76,22.24,9.54,27.80,21.06,13.54,2.82,29.00,35.25,12.75,44.50,99.00,28.70,39.13,47.39,33.00,3.23,9.93,9.27,14.14,8.43,11.01,4.07,10.00,5.66,5.00,104.00,9.00,6.00,3.00,11.59,10.14,187.00,8.00,5.00,12.00,4.38,3.94,85.00,10.00,7.00,3.00,11.97,7.82,198.00,6.00,5.00,10.00,2.26,1.31,36.00,3.00,4.00,0.00,0,휴식 (Relax)
-11.50,-6.88,2.69,9.62,-1.75,32.78,3.31,3.96,17.89,39.67,19.31,12.34,56.00,38.67,50.49,55.71,83.77,40.66,28.96,22.89,0.00,6.76,22.24,9.54,27.80,21.06,13.54,2.82,29.00,30.20,18.83,38.61,99.61,37.60,45.45,44.63,44.00,1.47,10.30,10.93,14.00,6.75,10.30,5.73,12.00,6.30,5.50,112.00,9.00,5.00,4.00,11.59,10.14,176.00,7.00,5.00,12.00,4.38,3.94,79.00,9.00,7.00,2.00,12.22,8.59,198.00,7.00,4.00,10.00,2.30,1.47,38.00,3.00,4.00,0.00,0,휴식 (Relax)
12.00,25.44,-3.62,-2.06,0.25,28.49,8.66,8.50,22.63,42.73,20.91,19.04,64.00,37.50,57.67,53.44,93.98,49.85,35.67,22.63,11.00,8.33,20.84,12.46,24.04,16.08,13.92,2.22,24.00,24.46,29.81,46.66,88.68,40.66,47.51,43.16,33.00,1.47,10.30,10.93,14.00,6.75,10.30,5.73,12.00,6.93,6.00,128.00,9.00,6.00,5.00,12.73,10.74,198.00,8.00,5.00,12.00,3.94,3.62,74.00,9.00,6.00,1.00,11.81,8.08,198.00,8.00,5.00,10.00,2.30,1.47,40.00,3.00,4.00,0.00,0,휴식 (Relax)
3.50,3.44,-3.25,-12.38,0.25,23.13,13.86,15.51,28.84,48.26,13.86,14.97,56.00,37.50,57.67,53.44,93.98,49.85,35.67,22.63,11.00,9.08,25.97,15.71,20.25,15.46,12.06,7.99,18.00,33.01,23.81,37.47,90.71,51.66,57.49,40.17,22.00,1.47,10.30,10.93,14.00,6.75,10.30,5.73,12.00,6.91,5.94,136.00,9.00,7.00,5.00,12.73,10.74,209.00,7.00,5.00,12.00,3.98,3.66,68.00,8.00,6.00,1.00,12.22,8.59,198.00,7.00,4.00,10.00,2.30,1.47,34.00,3.00,3.00,0.00,0,휴식 (Relax)
-12.00,-17.88,2.38,9.62,3.44,30.19,14.78,17.21,33.94,55.62,6.12,17.51,48.00,45.69,50.49,45.40,104.36,60.53,28.96,29.99,0.00,5.99,20.33,10.28,25.50,21.26,8.42,13.51,12.00,33.01,23.81,37.47,90.71,51.66,57.49,40.17,22.00,3.79,7.81,9.45,11.00,3.92,7.81,6.71,9.00,7.48,6.50,144.00,10.00,6.00,6.00,13.40,11.52,220.00,7.00,4.00,12.00,3.94,3.62,74.00,9.00,6.00,1.00,12.22,8.59,209.00,7.00,5.00,10.00,1.87,1.35,29.00,2.00,3.00,0.00,0,휴식 (Relax)
-4.50,-6.19,2.00,-1.38,3.12,22.19,8.00,9.24,28.84,56.36,8.00,24.44,40.00,56.40,53.31,51.04,101.41,54.95,28.08,19.75,11.00,5.91,18.86,12.69,23.54,18.48,14.15,9.72,18.00,33.01,23.81,37.47,90.71,51.66,57.49,40.17,22.00,1.21,9.65,6.84,12.08,3.35,8.88,11.16,4.00,6.91,5.94,136.00,9.00,6.00,5.00,13.45,11.69,220.00,6.00,5.00,12.00,3.86,3.50,74.00,9.00,6.00,1.00,12.22,8.59,187.00,8.00,5.00,10.00,2.00,1.31,26.00,2.00,2.00,0.00,0,휴식 (Relax)
-4.00,14.44,-13.38,-13.75,-0.19,29.83,16.00,13.82,22.63,49.75,16.00,32.44,32.00,35.03,34.49,30.13,122.98,71.54,22.47,2.69,33.00,10.97,14.68,3.90,33.38,26.75,23.25,13.45,28.00,19.59,9.11,32.68,69.57,32.68,53.11,19.59,0.00,6.16,10.17,2.01,7.81,2.01,4.31,6.16,9.00,6.93,6.00,128.00,8.00,6.00,5.00,13.87,12.12,231.00,7.00,5.00,12.00,5.07,4.20,79.00,9.00,5.00,1.00,9.12,7.56,154.00,7.00,5.00,10.00,1.55,1.05,24.00,4.00,2.00,0.00,0,휴식 (Relax)
3.50,2.06,-2.69,-22.69,-4.88,23.97,11.79,17.92,28.84,43.07,22.38,40.02,24.00,23.01,12.75,37.73,121.00,54.31,39.13,20.52,11.00,21.88,8.88,13.46,33.54,19.63,20.86,5.55,17.00,36.09,27.33,9.47,85.91,52.66,37.83,13.82,33.00,2.76,13.07,6.66,11.66,6.66,1.07,2.76,14.00,6.91,5.94,136.00,9.00,6.00,5.00,13.03,10.83,242.00,7.00,6.00,13.00,4.73,3.94,84.00,9.00,6.00,2.00,10.63,7.82,165.00,7.00,5.00,11.00,2.00,1.31,29.00,2.00,2.00,0.00,0,휴식 (Relax)
50.81,-19.94,-16.38,-98.44,8.56,56.21,65.48,76.08,49.24,64.28,57.57,37.69,83.00,23.01,12.75,37.73,121.00,54.31,39.13,20.52,11.00,42.38,15.36,31.00,13.42,17.71,15.36,24.69,38.00,139.84,132.30,108.15,74.33,75.87,147.63,104.72,83.00,8.88,4.07,10.09,18.03,12.20,10.07,9.92,23.00,14.78,8.30,179.00,5.00,6.00,6.00,13.03,10.83,231.00,7.00,6.00,13.00,6.28,4.67,93.00,8.00,7.00,3.00,27.42,15.90,248.00,5.00,5.00,12.00,2.98,2.03,43.00,5.00,3.00,1.00,1,주먹 쥐기 (Fist)
-117.38,-123.81,25.81,48.50,22.06,68.82,81.57,124.82,155.08,121.50,179.44,161.00,208.00,134.91,143.31,145.63,189.62,91.69,131.77,130.67,157.00,23.26,27.00,41.64,37.00,22.94,27.00,53.39,67.00,114.27,116.63,101.82,101.21,101.43,175.43,136.43,116.00,31.31,21.32,33.30,37.16,28.73,18.32,14.20,1.00,33.72,16.95,355.00,9.00,7.00,7.00,34.36,19.53,344.00,5.00,6.00,14.00,9.15,6.31,137.00,9.00,8.00,4.00,29.80,17.19,375.00,5.00,5.00,12.00,6.43,4.04,58.00,5.00,3.00,2.00,1,주먹 쥐기 (Fist)
-58.00,-8.75,-17.25,-37.44,-16.00,135.88,149.94,187.86,187.00,148.11,147.28,96.87,138.00,164.15,166.48,167.72,170.47,84.66,104.47,99.55,124.00,26.64,12.89,27.95,44.20,23.91,33.79,67.00,82.00,130.89,107.76,73.10,89.63,100.85,186.94,164.14,149.00,20.45,13.05,32.91,45.34,41.02,32.71,28.84,16.00,36.84,22.38,402.00,5.00,7.00,8.00,33.95,19.59,435.00,5.00,6.00,14.00,10.15,7.25,175.00,9.00,8.00,5.00,31.28,20.02,452.00,5.00,6.00,12.00,7.62,4.62,95.00,6.00,3.00,3.00,1,주먹 쥐기 (Fist)
101.50,86.62,-59.06,-129.38,39.19,76.84,122.53,211.76,277.09,250.51,217.86,90.47,34.00,122.57,183.94,217.07,251.87,170.84,130.51,72.84,34.00,75.07,64.66,75.77,105.51,85.67,78.13,50.74,15.00,217.88,88.97,91.78,233.62,237.26,272.60,136.89,4.00,52.82,38.73,14.12,31.95,57.70,68.49,71.26,61.00,45.20,26.56,552.00,8.00,6.00,8.00,40.65,23.95,525.00,6.00,6.00,14.00,18.29,11.66,215.00,5.00,7.00,6.00,45.74,31.69,531.00,3.00,5.00,12.00,12.65,8.07,148.00,3.00,3.00,4.00,1,주먹 쥐기 (Fist)
-123.38,-100.19,166.00,266.38,-31.75,144.73,89.03,67.55,255.14,320.54,362.82,225.09,112.00,148.77,84.83,117.71,311.30,253.90,244.95,169.81,81.00,130.70,126.62,134.00,226.29,233.77,250.01,213.78,160.00,225.49,263.78,186.80,325.30,427.09,516.15,349.85,240.00,37.51,36.61,36.69,11.40,54.41,86.16,100.19,94.00,55.19,36.48,770.00,7.00,6.00,8.00,48.14,31.14,719.00,7.00,7.00,15.00,46.60,23.50,445.00,5.00,7.00,7.00,82.02,41.97,920.00,6.00,6.00,12.00,15.07,9.16,218.00,6.00,4.00,5.00,1,주먹 쥐기 (Fist)
266.31,67.31,-36.75,-40.88,38.56,222.68,307.82,292.48,40.80,316.24,580.32,500.70,389.00,145.77,140.81,111.96,271.31,249.02,289.62,225.77,137.00,94.70,96.49,110.69,212.51,239.47,274.10,249.02,196.00,189.92,224.79,160.81,295.38,425.88,546.82,393.68,284.00,48.82,16.67,31.00,32.14,30.55,94.42,133.56,137.00,88.15,51.66,1169.00,7.00,7.00,9.00,51.04,33.77,879.00,8.00,7.00,15.00,47.55,24.34,644.00,6.00,7.00,8.00,82.70,45.02,1230.00,7.00,7.00,13.00,18.06,12.66,291.00,5.00,5.00,6.00,1,주먹 쥐기 (Fist)
-54.25,108.56,20.44,77.19,-25.06,168.54,260.84,288.80,32.56,282.00,598.04,550.53,444.00,208.08,216.59,57.51,345.58,335.21,286.04,147.14,45.00,122.13,103.78,97.52,185.16,216.64,275.56,273.68,225.00,266.39,256.70,129.10,240.05,355.08,553.67,465.29,363.00,46.26,30.18,10.25,37.22,11.97,89.06,147.19,159.00,89.26,53.75,1493.00,9.00,8.00,10.00,57.95,39.44,915.00,8.00,7.00,15.00,47.81,26.22,697.00,7.00,8.00,9.00,85.06,50.24,1353.00,9.00,8.00,14.00,19.15,13.34,354.00,6.00,6.00,7.00,1,주먹 쥐기 (Fist)
8.25,-55.38,-45.69,-128.38,-13.50,176.41,262.44,281.34,27.20,274.17,594.87,556.08,452.00,146.13,205.86,120.95,316.62,380.28,339.62,130.12,20.00,91.18,128.63,143.48,206.09,176.94,249.12,303.82,271.00,135.69,315.42,262.08,356.20,263.12,486.88,568.34,498.00,51.27,39.02,14.98,45.19,20.84,96.34,144.47,150.00,89.28,54.25,1556.00,10.00,9.00,11.00,59.67,42.30,1061.00,8.00,7.00,15.00,49.24,27.77,761.00,9.00,8.00,10.00,91.29,58.00,1567.00,9.00,9.00,15.00,19.42,13.75,363.00,8.00,7.00,8.00,1,주먹 쥐기 (Fist)
15.25,-42.38,95.31,159.44,8.75,190.06,254.17,270.47,41.23,277.51,609.74,550.34,436.00,114.14,229.37,140.19,346.63,392.36,308.64,122.45,12.00,143.23,33.21,135.65,291.38,217.37,157.78,350.97,367.00,278.13,155.29,230.82,449.11,380.08,341.32,668.91,661.00,41.24,33.50,6.63,51.40,26.62,108.16,146.35,138.00,89.37,55.44,1548.00,9.00,8.00,10.00,60.58,44.20,1061.00,7.00,8.00,15.00,55.03,36.66,903.00,7.00,9.00,11.00,100.13,69.08,1854.00,10.00,9.00,15.00,19.54,14.34,384.00,7.00,7.00,9.00,1,주먹 쥐기 (Fist)
-31.75,31.56,-72.25,-129.44,5.06,180.81,269.62,263.86,38.00,264.76,624.44,551.21,420.00,144.86,196.52,157.06,337.12,425.34,293.62,110.19,45.00,125.72,100.58,65.70,272.11,286.64,95.96,374.55,438.00,195.55,291.32,95.86,358.34,509.04,201.40,734.71,807.00,30.75,39.63,16.83,60.54,33.04,102.15,140.53,149.00,89.64,56.25,1572.00,9.00,8.00,10.00,61.12,46.19,1104.00,8.00,7.00,15.00,58.09,38.88,1069.00,8.00,10.00,12.00,105.54,75.24,2141.00,11.00,10.00,15.00,19.53,14.55,385.00,7.00,8.00,9.00,1,주먹 쥐기 (Fist)
-58.31,0.62,-44.75,-102.25,-1.12,181.47,332.76,192.86,109.00,328.52,601.40,523.49,491.00,122.07,218.83,125.22,305.22,438.14,306.87,94.35,78.00,146.37,127.68,52.66,311.71,281.41,107.99,375.22,398.00,234.23,362.40,60.88,461.69,524.45,268.45,724.67,692.00,27.75,42.63,18.74,59.06,30.27,101.44,142.92,146.00,90.87,59.10,1595.00,9.00,8.00,11.00,60.58,44.20,1115.00,8.00,8.00,15.00,59.19,40.44,1094.00,10.00,11.00,13.00,108.78,80.38,2150.00,9.00,10.00,15.00,19.51,14.41,391.00,8.00,8.00,9.00,1,주먹 쥐기 (Fist)
-87.19,-96.19,-32.88,-123.88,24.94,250.19,378.71,180.59,146.58,344.02,560.10,593.49,393.00,143.08,248.64,161.89,295.85,522.97,201.12,191.95,37.00,173.13,133.52,81.28,317.05,254.78,120.24,362.82,428.00,353.49,387.99,194.10,528.03,392.43,297.05,685.80,826.00,12.98,69.07,28.90,35.00,42.95,128.75,113.12,177.00,93.61,63.81,1614.00,8.00,7.00,11.00,65.40,49.94,1197.00,8.00,7.00,15.00,59.79,41.84,1098.00,9.00,11.00,14.00,113.39,87.48,2158.00,9.00,10.00,15.00,20.52,16.07,416.00,9.00,9.00,10.00,1,주먹 쥐기 (Fist)
-142.06,-81.00,3.12,32.12,-16.19,393.32,380.82,324.06,104.75,199.07,695.56,457.39,539.00,217.62,238.51,242.45,378.44,452.57,281.81,108.99,46.00,173.13,133.52,81.28,317.05,254.78,120.24,362.82,428.00,353.49,387.99,194.10,528.03,392.43,297.05,685.80,826.00,9.49,65.35,34.98,25.24,39.80,141.97,99.17,191.00,100.53,72.94,1670.00,7.00,7.00,12.00,68.66,55.62,1196.00,7.00,8.00,15.00,59.79,41.84,1134.00,10.00,11.00,15.00,113.39,87.48,2303.00,10.00,11.00,15.00,20.92,16.84,458.00,10.00,10.00,11.00,1,주먹 쥐기 (Fist)
67.25,54.25,-30.62,-86.69,-22.81,336.22,415.99,298.54,161.30,175.55,749.26,398.42,598.00,173.64,270.02,237.89,384.78,463.83,308.33,71.49,90.00,207.24,99.80,69.85,310.98,266.99,152.28,329.91,464.00,461.33,283.58,132.24,469.35,466.00,403.97,593.21,941.00,24.53,80.14,56.57,14.04,61.01,133.52,119.10,169.00,101.97,76.62,1883.00,8.00,8.00,13.00,69.99,57.88,1312.00,8.00,7.00,15.00,60.30,42.86,1154.00,10.00,11.00,15.00,115.45,91.02,2418.00,11.00,12.00,15.00,21.73,18.04,463.00,10.00,10.00,11.00,1,주먹 쥐기 (Fist)
-29.25,-104.62,-47.19,-168.31,32.75,368.45,376.16,270.73,157.03,208.74,764.81,361.20,638.00,312.33,124.84,118.57,243.50,609.41,330.42,129.33,236.00,238.64,64.96,34.72,349.76,227.99,142.92,368.88,425.00,625.80,107.37,70.77,654.36,293.98,361.53,784.65,743.00,27.84,41.27,60.56,25.02,89.24,155.01,149.16,130.00,102.23,77.78,1974.00,9.00,9.00,14.00,74.56,63.92,1469.00,9.00,8.00,15.00,61.46,44.61,1163.00,11.00,10.00,15.00,123.27,98.14,2501.00,11.00,12.00,15.00,23.30,20.00,516.00,11.00,10.00,12.00,1,주먹 쥐기 (Fist)
-138.75,-49.31,75.88,252.12,-13.12,481.15,268.40,123.66,325.01,124.98,839.12,494.29,470.00,384.43,101.53,42.90,282.14,576.77,372.51,46.05,151.00,205.21,111.74,110.42,350.77,212.40,201.89,443.88,346.00,507.01,269.92,252.88,626.16,433.56,570.83,1030.95,494.00,25.93,42.55,58.56,25.02,88.86,157.00,150.26,128.00,108.22,83.31,2043.00,9.00,8.00,14.00,75.23,65.44,1497.00,9.00,9.00,15.00,64.50,50.78,1276.00,11.00,10.00,15.00,139.32,117.59,2854.00,11.00,12.00,15.00,23.36,20.12,548.00,11.00,11.00,12.00,1,주먹 쥐기 (Fist)
195.56,142.12,-76.25,-168.94,16.94,438.00,258.83,138.43,348.57,243.37,959.16,575.72,347.00,316.54,85.50,125.59,187.30,685.78,508.15,91.05,14.00,206.88,117.74,113.39,289.36,270.36,262.95,493.54,284.00,506.31,251.07,207.22,531.55,520.16,661.01,1114.34,399.00,40.89,46.20,65.24,10.05,74.26,168.81,153.86,113.00,117.61,92.92,2209.00,9.00,8.00,14.00,83.63,74.00,1584.00,9.00,8.00,15.00,67.28,53.69,1388.00,11.00,10.00,15.00,144.53,122.05,3132.00,11.00,12.00,15.00,23.76,21.06,564.00,12.00,11.00,12.00,1,주먹 쥐기 (Fist)
-84.69,18.69,2.56,64.75,8.50,441.69,247.64,128.45,367.29,232.88,942.50,567.97,367.00,350.78,156.37,191.25,311.52,578.55,410.42,59.64,149.00,202.68,144.71,142.34,295.17,252.37,246.91,478.40,313.00,503.11,258.83,215.74,532.74,520.18,655.92,1107.30,410.00,33.01,37.98,70.78,12.81,69.21,170.37,153.20,104.00,116.60,91.98,2433.00,10.00,9.00,14.00,79.00,68.31,1586.00,9.00,9.00,15.00,66.84,51.42,1421.00,11.00,11.00,15.00,144.20,121.19,3277.00,11.00,13.00,15.00,23.45,20.50,534.00,11.00,11.00,11.00,1,주먹 쥐기 (Fist)
-29.06,-71.75,188.19,278.38,-38.38,454.48,226.24,106.50,360.33,220.04,946.98,568.16,345.00,300.33,158.35,225.21,297.74,606.03,422.81,132.08,222.00,354.92,104.40,199.53,102.53,407.69,364.19,497.88,527.00,738.14,51.32,160.77,227.88,816.22,806.74,1058.26,720.00,27.06,21.65,88.04,11.31,60.31,180.93,161.64,122.00,116.14,90.95,2324.00,9.00,9.00,14.00,81.14,72.88,1580.00,9.00,8.00,15.00,82.58,66.87,1574.00,9.00,10.00,15.00,161.09,141.45,3409.00,11.00,12.00,15.00,24.85,21.62,524.00,11.00,10.00,11.00,1,주먹 쥐기 (Fist)
362.44,147.25,-9.00,23.94,-20.50,694.52,135.56,252.10,131.82,481.86,1111.67,706.78,609.00,343.23,119.27,178.97,249.88,653.98,464.88,178.40,270.00,421.35,170.99,260.83,157.43,355.45,297.38,457.50,460.00,903.25,208.46,318.94,317.59,730.23,640.78,1008.75,553.00,75.84,61.46,114.31,54.59,122.31,119.58,117.88,60.00,146.17,111.58,2498.00,9.00,8.00,14.00,85.63,75.88,1608.00,9.00,8.00,15.00,80.50,64.25,1531.00,9.00,10.00,15.00,157.53,135.31,3242.00,10.00,12.00,15.00,23.47,20.50,465.00,8.00,10.00,11.00,1,주먹 쥐기 (Fist)
66.94,44.00,-45.31,-32.06,33.19,910.30,349.09,434.49,330.09,464.89,895.70,521.70,393.00,491.15,29.72,222.05,279.52,619.54,326.97,103.73,122.00,218.59,170.36,335.06,203.00,475.76,228.68,300.96,241.00,599.24,260.75,413.13,251.20,973.75,434.69,864.43,233.00,7.81,28.97,158.27,94.05,161.82,74.21,70.24,9.00,142.96,110.20,2373.00,8.00,8.00,14.00,82.84,72.12,1531.00,7.00,9.00,15.00,70.07,52.27,1376.00,10.00,9.00,15.00,141.76,119.32,3008.00,10.00,11.00,15.00,23.63,20.69,450.00,10.00,9.00,11.00,1,주먹 쥐기 (Fist)
-111.44,-129.88,46.50,-22.06,-15.31,576.48,255.34,592.56,447.63,852.76,670.22,169.89,1.00,304.34,185.38,54.33,132.85,809.13,324.58,269.49,88.00,275.85,88.03,256.52,157.66,553.24,298.34,237.82,158.00,599.24,260.75,413.13,251.20,973.75,434.69,864.43,233.00,61.03,29.78,111.67,77.03,150.32,108.31,46.97,65.00,129.73,96.05,2252.00,8.00,7.00,14.00,87.68,76.88,1671.00,9.00,8.00,15.00,70.63,54.31,1414.00,8.00,9.00,15.00,141.76,119.32,2895.00,9.00,11.00,15.00,21.95,19.19,437.00,8.00,9.00,11.00,1,주먹 쥐기 (Fist)
25.12,-39.75,122.81,168.44,-27.12,611.12,187.95,526.58,399.96,890.33,701.01,110.85,72.00,257.57,341.30,227.34,307.48,695.89,184.15,91.79,90.00,339.15,61.17,276.50,260.32,557.81,198.24,338.34,265.00,630.34,220.90,413.63,287.80,990.15,370.92,928.98,305.00,63.69,31.29,112.65,80.02,153.12,105.32,47.99,62.00,129.45,95.86,2330.00,8.00,8.00,14.00,81.95,70.72,1582.00,8.00,8.00,15.00,77.21,63.51,1428.00,7.00,8.00,15.00,145.98,124.38,2876.00,9.00,10.00,15.00,22.17,19.38,438.00,8.00,9.00,11.00,1,주먹 쥐기 (Fist)
117.44,41.50,-125.38,-348.19,37.50,637.84,99.42,538.33,488.26,953.71,599.28,214.41,35.00,234.58,317.41,201.79,307.24,740.49,109.31,43.59,166.00,319.13,20.10,199.50,254.79,632.64,187.33,415.01,342.00,651.94,272.32,192.63,173.74,1234.56,147.30,1174.75,551.00,50.11,68.01,58.76,97.65,194.04,82.45,93.89,8.00,132.88,103.38,2421.00,8.00,7.00,15.00,82.29,71.75,1657.00,9.00,8.00,15.00,82.59,66.52,1534.00,7.00,8.00,15.00,168.73,137.84,3110.00,9.00,10.00,15.00,23.95,21.00,483.00,10.00,9.00,11.00,1,주먹 쥐기 (Fist)
-213.12,-108.81,92.06,208.00,3.69,697.25,259.95,298.87,420.00,1192.64,390.83,458.85,282.00,292.53,278.37,133.93,217.18,828.40,57.95,111.22,257.00,320.90,22.60,196.84,261.77,628.62,182.15,408.80,335.00,643.93,273.79,204.17,160.80,1240.78,146.78,1186.95,564.00,48.36,65.17,60.20,95.21,193.40,84.25,96.89,5.00,143.75,112.66,2719.00,8.00,8.00,15.00,86.75,77.44,1737.00,9.00,8.00,15.00,82.08,65.91,1579.00,7.00,8.00,15.00,169.70,138.75,3369.00,9.00,10.00,15.00,23.91,20.81,514.00,10.00,10.00,12.00,1,주먹 쥐기 (Fist)
30.88,-23.38,-26.06,-213.62,-34.75,663.23,245.57,332.70,372.01,1201.42,390.56,501.69,330.00,375.19,205.46,53.81,247.33,820.27,63.32,24.23,170.00,292.98,60.13,164.52,270.22,657.00,132.19,378.75,285.00,748.50,193.35,242.99,189.75,1170.75,245.08,1276.34,682.00,26.46,59.98,47.96,123.85,233.82,43.89,61.45,46.00,143.92,114.27,2935.00,9.00,9.00,15.00,85.65,74.92,1784.00,9.00,9.00,15.00,80.17,63.96,1669.00,8.00,9.00,15.00,176.45,145.20,3778.00,10.00,10.00,15.00,25.52,22.62,549.00,9.00,9.00,13.00,1,주먹 쥐기 (Fist)
10.94,20.31,86.75,293.75,-11.00,606.13,284.69,317.11,376.97,1254.05,346.16,461.95,267.00,386.12,194.52,57.56,256.91,810.30,63.65,34.55,181.00,197.81,203.48,35.54,413.96,515.52,255.42,432.69,432.00,355.59,583.61,161.39,563.31,788.81,629.85,1504.77,1076.00,24.75,70.36,37.75,131.64,227.82,54.53,68.04,34.00,143.41,112.19,2916.00,9.00,10.00,15.00,85.44,74.15,1723.00,9.00,8.00,15.00,82.19,69.06,1781.00,9.00,10.00,15.00,191.06,160.38,4280.00,11.00,10.00,15.00,25.68,23.25,544.00,9.00,9.00,13.00,1,주먹 쥐기 (Fist)
86.38,55.75,-86.81,-190.25,-4.75,421.69,469.65,144.06,560.33,1107.50,530.89,536.57,452.00,274.18,300.09,79.55,344.60,715.00,191.06,165.23,318.00,228.32,181.98,29.40,422.31,513.81,272.73,440.11,471.00,417.40,536.53,131.45,555.30,785.69,670.59,1527.13,1140.00,37.23,105.26,19.96,107.90,207.18,53.78,68.15,70.00,143.38,111.50,2939.00,11.00,10.00,15.00,84.59,73.62,1757.00,9.00,8.00,15.00,84.20,70.89,1921.00,10.00,10.00,15.00,194.39,164.38,4612.00,11.00,10.00,15.00,24.59,21.31,506.00,8.00,9.00,12.00,1,주먹 쥐기 (Fist)
-55.75,-23.44,63.19,172.25,19.25,314.56,557.17,85.26,559.52,1077.85,453.50,527.42,338.00,257.07,316.88,110.85,379.86,693.14,150.91,123.77,267.00,151.38,176.72,100.86,345.64,588.37,263.73,434.77,551.00,308.44,557.87,95.72,403.79,927.55,678.97,1532.24,1292.00,35.91,91.60,13.09,135.51,175.59,83.61,91.40,102.00,137.85,104.38,2861.00,11.00,10.00,15.00,82.79,70.44,1695.00,9.00,8.00,15.00,85.71,75.04,2040.00,11.00,11.00,15.00,199.26,173.88,4858.00,11.00,11.00,15.00,24.94,22.22,524.00,9.00,8.00,13.00,1,주먹 쥐기 (Fist)
-49.56,12.00,-62.19,-133.88,-23.56,390.10,550.32,40.51,658.14,980.61,476.35,574.92,239.00,255.13,340.78,138.34,419.56,638.15,159.46,111.75,212.00,161.37,182.75,95.37,342.61,595.14,257.03,431.28,561.00,317.11,573.06,116.10,407.71,947.81,662.04,1523.37,1322.00,33.81,90.20,13.20,136.88,174.97,86.26,94.32,105.00,137.99,104.38,2762.00,10.00,10.00,14.00,81.20,67.00,1559.00,9.00,8.00,15.00,86.13,75.59,2147.00,12.00,11.00,15.00,200.39,175.75,5072.00,12.00,11.00,15.00,25.10,22.38,509.00,9.00,8.00,13.00,1,주먹 쥐기 (Fist)
2.94,4.94,-25.25,29.00,37.44,363.37,511.40,86.33,656.01,950.54,527.34,621.94,183.00,309.85,233.47,46.54,355.56,606.08,265.62,187.85,99.00,118.87,134.20,76.93,389.78,576.57,208.16,399.92,610.00,409.10,342.07,146.74,647.58,876.22,427.91,1383.35,1564.00,33.81,90.20,13.20,136.88,174.97,86.26,94.32,105.00,137.40,101.69,2698.00,11.00,9.00,14.00,76.91,60.55,1509.00,9.00,8.00,14.00,84.40,72.91,2059.00,11.00,11.00,15.00,193.91,164.25,4814.00,12.00,11.00,15.00,25.10,22.38,524.00,9.00,8.00,13.00,1,주먹 쥐기 (Fist)
-67.12,62.88,-34.38,10.19,12.06,376.38,398.62,184.29,769.01,888.09,424.57,510.63,296.00,427.35,124.99,164.74,473.91,504.21,166.29,65.49,228.00,186.76,217.42,169.16,423.53,482.67,149.47,322.34,704.00,235.01,558.70,166.77,663.34,656.70,247.12,1207.48,1791.00,55.80,110.29,17.71,148.45,157.09,98.30,76.54,83.00,131.08,95.14,2419.00,9.00,9.00,14.00,77.16,60.52,1375.00,8.00,7.00,14.00,83.72,70.59,1918.00,10.00,11.00,15.00,185.18,151.84,4420.00,11.00,11.00,15.00,25.20,22.69,517.00,8.00,8.00,13.00,1,주먹 쥐기 (Fist)
-52.81,-15.19,-28.88,-128.88,-30.50,297.55,591.03,286.14,803.23,662.14,417.63,289.89,525.00,268.50,199.86,151.49,445.02,366.91,244.17,94.97,387.00,157.07,199.60,147.08,360.93,456.40,186.19,254.06,776.00,291.74,527.63,112.99,600.43,617.31,262.08,1146.62,1856.00,20.36,101.88,40.77,108.41,179.73,153.09,71.31,28.00,124.99,87.19,2140.00,8.00,8.00,13.00,69.10,53.79,1348.00,9.00,8.00,14.00,80.28,67.22,1851.00,10.00,12.00,15.00,181.65,147.27,4322.00,11.00,11.00,15.00,25.83,23.06,554.00,9.00,8.00,14.00,1,주먹 쥐기 (Fist)
43.44,-2.12,25.81,208.81,15.50,385.78,560.59,164.34,655.43,648.86,557.28,205.82,681.00,239.18,206.11,184.44,478.02,360.60,211.20,67.98,354.00,173.99,237.48,195.67,391.84,417.03,133.39,307.04,723.00,472.54,612.32,244.05,671.45,541.81,123.40,1327.57,1675.00,20.36,101.88,40.77,108.41,179.73,153.09,71.31,28.00,122.65,83.81,2189.00,11.00,8.00,13.00,68.70,52.25,1264.00,8.00,8.00,14.00,80.32,67.96,1710.00,10.00,11.00,15.00,189.21,157.81,4438.00,12.00,11.00,15.00,25.83,23.06,552.00,9.00,8.00,14.00,1,주먹 쥐기 (Fist)
20.38,45.56,-19.44,74.25,18.12,461.51,617.24,217.39,688.29,573.71,483.36,212.03,600.00,325.08,282.75,182.17,491.18,248.72,158.61,107.63,237.00,133.42,39.16,160.46,265.93,242.94,131.03,500.50,519.00,294.26,417.19,163.29,509.90,344.70,89.23,1511.92,1476.00,39.57,48.58,83.22,86.83,176.20,158.72,34.95,82.00,121.92,81.88,1799.00,8.00,8.00,13.00,67.71,50.63,1097.00,8.00,7.00,14.00,67.15,56.05,1575.00,10.00,12.00,15.00,177.86,146.28,4341.00,12.00,12.00,15.00,24.88,22.38,544.00,9.00,8.00,13.00,1,주먹 쥐기 (Fist)
17.38,62.44,-55.31,-99.19,7.19,112.37,265.80,186.83,407.54,403.87,496.86,388.02,248.00,286.11,189.43,88.89,400.28,196.86,227.04,200.45,143.00,150.29,57.32,210.37,312.76,230.82,81.34,461.46,569.00,246.68,308.38,297.17,609.86,433.84,134.67,1415.09,1613.00,66.30,41.77,107.98,117.61,146.93,132.52,59.05,51.00,82.71,63.22,1542.00,8.00,8.00,13.00,57.73,45.49,1014.00,8.00,7.00,14.00,68.62,58.39,1564.00,10.00,11.00,15.00,179.54,151.19,4447.00,12.00,11.00,15.00,24.30,21.34,495.00,8.00,8.00,12.00,1,주먹 쥐기 (Fist)
-57.94,31.50,-8.44,97.75,6.06,94.68,204.09,325.69,535.86,282.56,357.77,325.85,403.00,291.60,171.83,76.32,410.82,175.17,194.70,168.95,176.00,152.92,7.80,199.29,300.36,182.82,65.12,441.07,619.00,247.92,341.72,253.54,531.75,408.64,279.20,1370.95,1758.00,49.95,25.54,116.61,118.38,128.08,103.02,88.96,21.00,80.96,63.20,1424.00,8.00,7.00,13.00,56.03,43.69,860.00,7.00,7.00,14.00,67.15,56.05,1517.00,9.00,12.00,15.00,181.03,154.34,4643.00,13.00,12.00,15.00,22.69,19.70,446.00,7.00,8.00,11.00,1,주먹 쥐기 (Fist)
34.69,107.19,-72.06,-103.81,18.75,73.69,156.19,351.28,480.98,150.71,215.08,383.56,553.00,250.03,253.96,186.50,201.59,87.52,215.75,162.79,421.00,128.97,121.29,110.72,185.16,138.33,170.99,459.29,737.00,263.75,371.47,191.45,469.11,344.06,330.78,1382.19,1829.00,60.59,59.29,79.63,82.00,151.74,88.46,124.57,16.00,76.73,56.98,1385.00,8.00,8.00,13.00,53.89,42.04,872.00,7.00,8.00,14.00,68.97,55.84,1505.00,9.00,12.00,15.00,182.76,159.34,4654.00,13.00,12.00,15.00,22.84,19.44,449.00,7.00,8.00,11.00,1,주먹 쥐기 (Fist)
-87.75,-29.75,1.44,0.00,-17.12,97.17,250.21,230.28,364.32,219.84,204.18,488.55,674.00,249.43,258.39,193.96,225.06,65.54,184.86,134.28,390.00,172.39,234.77,31.39,197.25,55.07,85.61,388.91,601.00,402.22,540.36,107.09,410.71,488.58,356.90,1295.95,1656.00,64.98,71.78,75.89,86.16,138.94,81.80,113.50,2.00,79.73,62.28,1416.00,9.00,8.00,13.00,52.28,40.34,921.00,7.00,8.00,14.00,60.40,45.26,1317.00,13.00,12.00,15.00,177.89,149.88,4215.00,12.00,12.00,15.00,21.91,18.34,416.00,7.00,8.00,11.00,1,주먹 쥐기 (Fist)
-34.62,-102.25,21.31,18.81,-10.00,273.02,424.27,229.65,353.41,100.40,112.15,311.09,496.00,322.45,352.02,309.82,177.03,178.97,118.37,7.49,254.00,184.26,224.60,121.74,90.82,103.28,208.66,302.78,455.00,43.10,310.06,300.93,62.07,606.95,745.77,1025.64,1253.00,80.77,71.40,43.49,43.86,149.77,39.32,100.61,48.00,72.60,56.88,1112.00,8.00,8.00,13.00,58.20,43.84,846.00,6.00,7.00,14.00,52.80,42.07,1129.00,8.00,11.00,15.00,151.91,127.44,3702.00,12.00,11.00,15.00,19.90,17.25,386.00,7.00,9.00,10.00,1,주먹 쥐기 (Fist)
78.62,110.25,-24.88,38.75,23.81,89.79,348.16,70.35,81.84,388.01,241.17,90.39,196.00,139.60,110.43,213.66,71.06,389.20,338.86,247.11,6.00,117.70,132.63,121.41,51.22,170.57,325.79,225.67,330.00,161.85,250.67,292.59,205.02,547.58,867.29,909.45,1110.00,65.23,54.77,62.45,32.70,168.77,20.36,108.87,67.00,54.27,47.95,997.00,8.00,7.00,13.00,56.58,45.72,994.00,7.00,8.00,14.00,47.55,35.23,1068.00,12.00,11.00,15.00,145.56,119.22,3284.00,11.00,10.00,15.00,20.77,18.29,380.00,7.00,8.00,10.00,1,주먹 쥐기 (Fist)
-19.38,44.44,-0.81,-10.06,-14.62,62.62,310.84,68.12,50.70,414.53,264.74,118.32,148.00,105.13,123.54,319.69,127.58,400.29,250.41,154.33,115.00,126.14,147.24,106.59,61.72,167.44,333.29,214.59,315.00,95.28,480.79,68.64,327.96,296.10,967.24,669.41,857.00,43.78,32.57,75.24,14.76,161.22,40.78,91.59,44.00,54.10,47.75,1082.00,9.00,7.00,13.00,55.77,45.31,1010.00,7.00,9.00,14.00,47.40,34.62,971.00,9.00,11.00,15.00,130.83,102.69,2785.00,11.00,10.00,15.00,18.93,16.67,394.00,8.00,9.00,10.00,1,주먹 쥐기 (Fist)
-9.88,-21.56,-51.31,-137.00,2.25,50.54,286.88,92.06,29.83,427.44,270.33,96.44,172.00,105.13,123.54,319.69,127.58,400.29,250.41,154.33,115.00,87.11,90.92,218.31,136.36,37.88,335.26,83.92,147.00,339.24,223.95,501.24,342.81,377.98,954.63,236.57,424.00,25.84,29.75,69.24,31.78,147.42,36.54,108.35,62.00,54.06,47.48,1003.00,9.00,7.00,12.00,55.77,45.31,1032.00,7.00,8.00,14.00,40.87,31.40,856.00,12.00,11.00,15.00,116.39,97.00,2451.00,10.00,9.00,15.00,18.56,15.69,408.00,9.00,10.00,11.00,1,주먹 쥐기 (Fist)
-72.31,-29.12,67.25,216.75,-15.50,156.13,215.29,240.07,205.29,248.81,140.92,281.24,13.00,144.68,83.57,353.46,175.96,374.65,217.06,167.35,60.00,132.81,53.79,268.23,155.33,103.86,292.65,96.19,12.00,164.75,312.44,529.57,290.49,794.24,800.38,243.44,12.00,29.70,26.67,73.19,31.14,143.82,39.46,112.35,66.00,50.89,43.73,942.00,10.00,8.00,12.00,55.98,45.52,967.00,6.00,7.00,14.00,41.68,31.25,828.00,12.00,11.00,15.00,119.25,96.00,2460.00,10.00,9.00,15.00,18.74,16.00,400.00,9.00,10.00,11.00,1,주먹 쥐기 (Fist)
112.69,-20.12,1.94,-89.12,-29.56,94.74,155.57,274.86,237.19,281.71,58.43,418.91,157.00,113.78,84.06,323.37,191.13,397.31,186.06,170.70,28.00,51.20,90.97,180.97,95.46,151.70,228.94,161.63,79.00,122.42,347.27,274.18,182.48,879.65,619.17,501.38,270.00,72.99,20.40,105.83,78.06,148.51,8.10,72.71,19.00,58.33,50.85,1136.00,9.00,9.00,13.00,54.71,43.77,946.00,6.00,8.00,14.00,35.07,26.05,773.00,11.00,11.00,15.00,114.87,92.48,2474.00,10.00,9.00,15.00,19.89,17.49,374.00,8.00,9.00,11.00,1,주먹 쥐기 (Fist)
86.81,-60.44,-28.38,-165.38,62.56,195.25,107.23,400.26,351.48,156.79,163.41,326.14,31.00,156.64,113.43,327.45,156.63,436.88,150.13,167.79,15.00,55.89,86.06,181.24,90.87,150.11,224.00,164.64,84.00,141.04,374.39,270.17,210.15,897.90,646.88,475.46,242.00,56.09,79.83,157.05,119.85,93.26,101.37,90.06,75.00,61.97,54.81,1098.00,8.00,9.00,13.00,56.65,46.12,989.00,6.00,9.00,15.00,34.80,25.66,763.00,11.00,10.00,15.00,117.17,94.45,2374.00,9.00,8.00,15.00,24.76,18.81,411.00,8.00,9.00,11.00,1,주먹 쥐기 (Fist)
-193.19,-95.25,155.69,335.00,-34.19,29.13,302.36,394.09,477.41,244.20,376.97,334.22,193.00,233.88,196.11,260.51,220.27,443.87,180.66,210.09,68.00,214.83,132.18,80.70,147.56,308.84,364.21,196.69,75.00,288.16,193.44,146.67,402.00,1199.33,917.32,338.81,72.00,32.53,46.19,100.91,91.55,27.36,155.91,154.68,143.00,79.43,64.96,1329.00,8.00,9.00,13.00,61.60,50.66,963.00,5.00,8.00,15.00,53.14,37.05,942.00,9.00,10.00,15.00,145.26,114.62,2861.00,9.00,9.00,15.00,25.15,19.79,488.00,9.00,10.00,11.00,1,주먹 쥐기 (Fist)
261.25,97.81,-50.19,-129.19,-24.88,288.47,153.54,93.63,345.42,540.12,608.96,596.40,506.00,200.09,168.92,303.41,199.09,489.89,178.19,253.02,115.00,184.10,99.22,113.23,131.47,324.58,379.04,226.41,109.00,163.74,141.55,243.04,353.87,1224.02,967.01,397.63,197.00,54.29,77.86,119.58,128.39,60.41,149.59,118.25,106.00,103.88,80.50,1803.00,9.00,10.00,14.00,65.11,53.96,1071.00,5.00,8.00,15.00,54.49,38.38,1140.00,10.00,11.00,15.00,149.01,121.46,3198.00,10.00,9.00,15.00,25.83,20.88,449.00,8.00,10.00,10.00,1,주먹 쥐기 (Fist)
64.50,35.00,8.81,28.62,35.50,407.46,270.11,69.08,469.31,532.83,591.37,472.43,382.00,189.60,203.96,313.36,272.42,451.82,235.57,176.03,38.00,194.77,107.79,104.45,116.78,315.16,374.73,242.36,125.00,339.74,299.41,151.95,184.70,1085.95,927.05,558.57,376.00,64.82,29.04,52.41,143.11,99.73,206.62,70.43,32.00,104.35,80.81,1886.00,8.00,10.00,14.00,65.03,54.12,1118.00,5.00,9.00,15.00,54.52,38.86,1142.00,10.00,11.00,15.00,144.80,115.25,3018.00,10.00,9.00,15.00,25.98,20.69,468.00,8.00,10.00,10.00,1,주먹 쥐기 (Fist)
-106.31,-107.88,28.31,-52.62,-30.00,292.17,153.01,100.33,491.20,688.84,712.17,325.59,219.00,170.25,123.22,382.06,263.23,510.37,316.66,106.06,44.00,187.47,114.01,91.71,128.71,291.76,354.28,265.25,149.00,170.73,133.60,148.73,387.85,850.78,732.61,826.55,644.00,32.04,26.56,56.54,108.81,97.65,245.83,82.57,8.00,107.23,85.19,2049.00,9.00,10.00,14.00,70.29,59.25,1211.00,5.00,9.00,15.00,53.42,36.98,1102.00,9.00,11.00,15.00,136.09,105.25,2969.00,11.00,10.00,15.00,27.04,22.25,530.00,9.00,10.00,11.00,1,주먹 쥐기 (Fist)
80.88,8.50,-19.75,46.81,82.56,304.80,145.87,82.72,448.43,716.97,756.81,301.27,174.00,162.92,105.22,399.64,285.21,490.75,303.72,117.36,22.00,190.20,127.85,76.74,116.66,294.50,368.94,253.81,134.00,177.49,150.75,148.60,378.64,847.00,755.52,805.45,621.00,100.12,76.46,116.01,88.28,52.18,291.98,146.12,79.00,108.79,88.00,2214.00,10.00,11.00,14.00,69.92,57.88,1315.00,6.00,9.00,15.00,53.64,37.75,1112.00,12.00,11.00,15.00,135.48,103.81,2885.00,11.00,10.00,15.00,34.18,26.80,638.00,10.00,11.00,12.00,1,주먹 쥐기 (Fist)
-75.38,175.56,-90.62,-93.44,31.62,321.59,221.08,48.64,427.42,679.59,816.68,304.59,82.00,275.50,187.02,454.80,323.95,523.05,358.73,204.57,121.00,222.83,174.80,77.23,93.86,336.92,344.25,279.44,184.00,164.45,130.89,166.72,397.25,827.59,770.97,791.75,601.00,130.48,105.43,139.41,57.43,82.96,293.04,115.18,48.00,110.48,91.67,2291.00,10.00,11.00,14.00,82.64,66.92,1458.00,7.00,8.00,15.00,57.42,40.88,1136.00,11.00,10.00,15.00,134.53,102.56,2818.00,11.00,10.00,15.00,35.14,29.22,684.00,9.00,11.00,13.00,1,주먹 쥐기 (Fist)
-107.75,-136.38,90.94,-13.38,-35.19,350.69,261.45,38.05,385.80,721.56,819.15,283.73,124.00,131.72,213.62,312.29,208.12,668.00,501.72,309.28,266.00,145.59,154.53,10.68,23.35,409.11,381.50,310.60,271.00,268.67,219.20,115.98,450.18,765.55,790.97,760.16,488.00,102.80,94.59,151.78,70.80,104.06,320.64,85.28,13.00,112.55,93.97,2224.00,9.00,10.00,14.00,89.83,74.80,1688.00,7.00,8.00,15.00,61.99,46.83,1252.00,9.00,10.00,15.00,132.43,97.17,2685.00,10.00,10.00,15.00,36.29,30.86,738.00,9.00,10.00,13.00,1,주먹 쥐기 (Fist)
77.50,66.81,-29.56,1.44,-4.88,310.05,242.23,77.64,382.13,740.83,853.25,252.37,168.00,97.71,247.69,308.38,235.20,654.65,474.20,291.13,231.00,106.78,185.75,41.42,17.46,416.46,342.74,308.85,231.00,154.43,215.98,51.86,361.33,840.76,738.81,788.92,373.00,96.14,108.48,172.73,55.32,113.69,299.92,97.63,34.00,113.93,97.06,2282.00,9.00,10.00,14.00,87.78,72.34,1754.00,7.00,9.00,15.00,60.01,44.95,1305.00,10.00,11.00,15.00,129.56,91.06,2614.00,11.00,10.00,15.00,36.11,29.97,732.00,10.00,10.00,13.00,1,주먹 쥐기 (Fist)
9.44,93.38,-50.50,52.56,39.25,197.11,305.69,173.42,269.19,818.05,741.15,357.72,55.00,220.11,152.75,195.70,189.07,758.29,480.38,308.23,96.00,155.60,137.83,59.86,48.10,464.90,301.23,331.59,182.00,96.59,285.55,45.82,420.03,768.66,811.69,740.02,451.00,105.09,46.49,163.93,110.05,175.13,268.85,131.35,96.00,111.20,92.06,2301.00,9.00,11.00,14.00,90.62,76.62,1708.00,7.00,8.00,15.00,61.40,47.25,1300.00,9.00,10.00,15.00,130.16,93.62,2626.00,10.00,10.00,15.00,37.19,32.31,776.00,9.00,10.00,14.00,1,주먹 쥐기 (Fist)
-40.00,-26.06,-4.38,-72.38,-9.38,175.69,328.68,175.90,271.02,797.02,755.29,334.80,78.00,307.48,206.83,110.41,292.04,672.13,399.51,250.43,199.00,186.60,123.82,91.93,68.01,448.49,309.25,304.75,216.00,149.96,198.88,118.94,369.01,776.43,900.46,658.77,548.00,106.12,40.30,173.36,107.20,172.59,265.51,127.82,86.00,110.54,90.62,2217.00,9.00,10.00,14.00,85.18,70.70,1593.00,7.00,8.00,15.00,60.99,45.22,1290.00,10.00,10.00,15.00,131.40,96.50,2746.00,11.00,10.00,15.00,36.95,31.84,789.00,9.00,10.00,14.00,1,주먹 쥐기 (Fist)
-47.25,-48.25,43.12,57.19,-12.50,277.45,253.70,288.33,148.71,810.30,751.68,232.26,202.00,236.24,49.84,149.79,329.19,723.96,242.73,171.81,356.00,144.33,110.64,109.62,127.63,498.28,282.34,236.97,288.00,140.50,205.13,104.25,348.40,798.74,909.51,636.36,571.00,117.02,44.91,155.17,136.50,197.76,239.05,133.26,56.00,109.78,88.78,2131.00,8.00,9.00,14.00,82.21,66.41,1566.00,7.00,8.00,15.00,61.68,47.72,1317.00,9.00,9.00,15.00,131.91,97.94,2844.00,12.00,11.00,15.00,36.87,31.06,757.00,8.00,9.00,13.00,1,주먹 쥐기 (Fist)
5.75,-22.44,1.75,-59.75,-30.75,257.67,245.55,268.15,145.00,841.63,730.68,220.41,234.00,262.72,54.16,143.62,399.08,647.06,299.03,222.07,279.00,144.19,107.10,115.51,130.15,492.82,287.56,242.97,282.00,152.31,240.92,88.35,382.46,838.96,888.12,572.29,636.00,126.55,43.10,162.26,134.73,188.31,250.64,125.99,68.00,109.61,87.75,2178.00,9.00,9.00,15.00,81.40,63.80,1521.00,6.00,9.00,15.00,61.68,47.66,1297.00,9.00,9.00,15.00,132.81,101.34,2811.00,12.00,11.00,15.00,37.38,31.53,758.00,8.00,8.00,13.00,1,주먹 쥐기 (Fist)
52.06,61.69,41.62,307.81,7.69,251.72,187.95,313.45,70.01,802.09,805.43,227.08,159.00,208.26,24.48,213.19,434.81,625.48,318.48,297.01,201.00,215.10,20.65,178.26,57.08,501.72,180.65,144.44,396.00,509.42,247.79,566.34,827.88,750.72,510.31,309.54,1123.00,117.81,49.96,153.61,143.68,191.09,255.32,118.48,77.00,110.33,89.57,2155.00,9.00,8.00,15.00,82.89,67.85,1599.00,7.00,8.00,15.00,60.30,47.34,1217.00,10.00,9.00,15.00,149.93,116.34,2828.00,12.00,11.00,15.00,37.43,32.14,779.00,9.00,9.00,13.00,1,주먹 쥐기 (Fist)
139.31,192.06,-75.69,-90.69,21.94,428.20,64.36,556.67,262.51,677.03,635.38,361.55,411.00,118.84,254.63,411.97,645.38,454.59,464.72,74.43,435.00,89.76,147.51,255.85,196.02,393.39,188.38,147.40,535.00,200.59,242.47,508.99,801.84,505.67,208.25,519.90,1435.00,74.54,93.73,155.19,146.11,147.18,268.52,161.76,33.00,113.31,91.94,2064.00,8.00,7.00,15.00,96.34,80.18,1733.00,7.00,7.00,15.00,61.79,47.40,1272.00,8.00,10.00,15.00,142.52,105.73,2924.00,12.00,12.00,15.00,37.53,32.82,779.00,9.00,8.00,13.00,1,주먹 쥐기 (Fist)
-74.31,42.19,12.94,141.19,-0.62,265.71,133.88,549.10,270.60,511.12,685.27,523.13,577.00,147.50,312.17,420.24,621.86,530.29,387.25,132.53,357.00,110.87,130.73,236.22,197.59,373.19,209.20,165.30,557.00,437.04,31.32,270.61,546.14,275.83,101.81,774.96,1693.00,47.64,124.42,195.44,106.32,169.61,231.34,122.30,74.00,112.99,91.31,2270.00,9.00,8.00,15.00,96.62,81.19,1835.00,7.00,8.00,15.00,61.85,47.81,1332.00,9.00,10.00,15.00,144.80,111.29,3094.00,13.00,12.00,15.00,36.15,30.58,701.00,9.00,8.00,13.00,1,주먹 쥐기 (Fist)
-14.44,-48.81,4.06,-63.56,-28.94,172.94,223.28,639.80,360.03,556.96,598.30,431.44,483.00,158.37,318.01,394.08,590.88,525.90,407.59,115.29,389.00,156.57,137.33,244.93,243.29,374.78,169.55,120.42,511.00,554.13,136.84,177.93,585.24,275.34,39.75,641.09,1553.00,104.00,140.56,165.88,158.26,149.68,147.51,79.68,165.00,111.44,87.44,2030.00,8.00,8.00,15.00,95.29,79.19,1884.00,8.00,7.00,15.00,61.03,45.56,1144.00,10.00,10.00,14.00,136.77,103.63,2770.00,13.00,12.00,15.00,33.92,28.43,634.00,8.00,7.00,13.00,1,주먹 쥐기 (Fist)
44.31,-12.06,70.50,110.19,-22.06,430.35,249.35,524.48,508.72,463.11,354.88,266.37,207.00,200.98,275.44,300.65,630.77,427.74,431.07,168.63,273.00,89.59,71.80,158.73,266.66,300.75,175.48,36.07,424.00,451.44,187.49,168.40,392.10,165.79,243.05,497.31,1333.00,93.39,123.31,150.07,170.41,133.82,143.60,87.81,183.00,97.39,78.65,1632.00,8.00,7.00,15.00,90.10,71.94,1732.00,7.00,7.00,15.00,50.15,40.69,997.00,7.00,10.00,14.00,113.31,88.16,2458.00,13.00,12.00,15.00,32.89,27.45,635.00,8.00,8.00,13.00,1,주먹 쥐기 (Fist)
73.56,56.69,-23.31,-4.00,-1.19,302.43,71.76,388.70,407.77,297.34,375.78,339.45,27.00,198.09,285.43,296.77,619.92,417.54,441.92,173.95,261.00,99.91,100.04,175.88,240.65,276.50,201.82,27.61,395.00,458.76,45.02,273.36,329.12,63.89,351.65,495.31,1186.00,94.08,94.34,124.74,196.02,162.11,126.67,63.18,149.00,77.01,66.44,1461.00,8.00,7.00,15.00,89.58,71.19,1742.00,8.00,7.00,15.00,48.80,38.65,1029.00,7.00,11.00,14.00,107.23,80.12,2394.00,13.00,12.00,15.00,31.77,25.59,593.00,7.00,7.00,13.00,1,주먹 쥐기 (Fist)
7.38,-30.56,3.00,-2.62,22.31,296.05,33.16,331.37,464.09,347.14,321.20,287.41,88.00,210.42,328.60,252.94,640.18,412.39,400.86,175.23,305.00,99.48,95.93,178.23,238.37,277.61,206.46,30.65,390.00,463.24,55.13,255.71,350.49,43.33,356.68,506.75,1164.00,89.84,95.84,121.67,201.02,161.24,119.27,56.46,141.00,75.21,62.62,1350.00,7.00,7.00,15.00,89.88,72.26,1684.00,8.00,7.00,15.00,48.76,38.38,1037.00,8.00,11.00,14.00,107.14,78.91,2296.00,12.00,11.00,14.00,31.35,25.02,548.00,7.00,6.00,13.00,1,주먹 쥐기 (Fist)
-45.12,14.50,79.44,160.44,-26.44,276.81,56.51,340.06,443.30,342.38,252.83,217.49,160.00,150.19,271.90,356.47,507.29,266.85,369.51,291.58,464.00,97.23,119.37,121.73,290.43,334.01,235.05,85.56,333.00,377.04,267.29,308.75,478.72,224.64,318.03,730.23,909.00,99.62,102.68,133.66,191.92,149.85,108.23,44.82,129.00,70.33,58.12,1208.00,7.00,6.00,15.00,82.98,65.38,1624.00,9.00,8.00,15.00,52.47,41.63,1068.00,9.00,11.00,14.00,113.06,87.01,2377.00,12.00,10.00,14.00,30.58,24.37,479.00,7.00,6.00,13.00,1,주먹 쥐기 (Fist)
134.75,44.56,-7.81,-117.50,-37.69,249.40,99.54,288.89,507.96,403.28,286.40,283.15,94.00,146.21,327.59,342.82,559.36,332.93,317.97,213.73,385.00,96.56,118.45,118.73,283.67,324.45,238.89,66.27,353.00,446.61,174.28,390.24,397.29,309.84,274.58,859.22,780.00,32.27,25.85,140.61,143.06,114.86,132.75,79.64,5.00,76.18,62.56,1230.00,7.00,7.00,15.00,83.42,66.01,1483.00,8.00,7.00,15.00,52.06,40.54,1080.00,10.00,11.00,14.00,117.05,92.62,2524.00,12.00,10.00,14.00,24.86,21.15,449.00,7.00,6.00,13.00,1,주먹 쥐기 (Fist)
101.75,-44.06,36.00,58.12,8.25,195.84,249.14,131.34,583.79,301.46,378.17,137.87,302.00,265.48,131.45,533.93,440.10,366.68,126.92,42.63,187.00,148.07,109.44,258.79,150.66,254.88,137.27,202.37,206.00,286.19,234.79,225.48,252.96,317.00,168.72,1045.82,582.00,55.27,44.94,171.41,112.07,84.51,101.88,51.27,36.00,76.90,65.53,1215.00,7.00,7.00,15.00,75.85,60.69,1263.00,8.00,7.00,15.00,45.89,37.75,946.00,10.00,11.00,14.00,113.33,90.61,2639.00,13.00,11.00,14.00,23.02,18.97,424.00,7.00,6.00,13.00,1,주먹 쥐기 (Fist)
-44.69,-110.81,-0.88,-135.31,-10.06,207.01,303.21,214.94,498.62,225.86,275.43,165.78,199.00,206.74,171.37,502.33,387.77,329.68,73.87,77.43,127.00,129.48,145.14,223.16,123.10,174.07,67.13,273.84,124.00,354.22,247.74,207.71,316.65,268.13,120.33,1102.64,509.00,45.55,45.80,166.64,113.28,74.04,86.54,41.94,57.00,68.68,59.90,1167.00,7.00,6.00,15.00,68.64,56.94,1125.00,7.00,7.00,15.00,41.48,32.09,870.00,12.00,12.00,14.00,117.33,94.60,2815.00,14.00,12.00,14.00,21.85,17.82,412.00,8.00,7.00,13.00,1,주먹 쥐기 (Fist)
-75.94,-111.38,13.75,-81.56,6.38,244.54,336.68,145.69,582.36,112.56,197.65,225.91,75.00,356.63,218.87,424.89,483.91,184.26,158.98,227.54,24.00,115.73,91.29,184.42,177.07,150.37,13.19,312.97,70.00,398.15,287.84,166.43,300.10,311.01,163.16,1081.44,553.00,47.37,53.82,174.32,104.39,68.05,86.60,41.59,48.00,70.66,60.67,1145.00,6.00,6.00,15.00,74.01,61.42,1100.00,7.00,6.00,15.00,40.53,31.28,864.00,13.00,12.00,14.00,118.75,97.01,2810.00,13.00,12.00,14.00,21.91,18.12,381.00,8.00,7.00,13.00,1,주먹 쥐기 (Fist)
-79.50,9.94,-64.25,-113.75,17.25,305.25,404.53,206.38,536.61,119.78,186.89,210.51,146.00,418.91,287.56,355.89,439.61,198.39,95.51,163.79,45.00,115.73,91.29,184.42,177.07,150.37,13.19,312.97,70.00,528.82,421.53,119.45,171.97,317.23,90.56,1103.41,412.00,36.53,27.73,151.41,113.22,40.20,70.33,42.85,18.00,73.51,64.00,1105.00,6.00,6.00,14.00,71.50,56.57,1104.00,7.00,7.00,15.00,40.53,31.28,898.00,14.00,13.00,14.00,122.23,101.31,2720.00,12.00,12.00,14.00,19.04,16.25,342.00,7.00,7.00,12.00,1,주먹 쥐기 (Fist)
-84.62,7.19,22.88,119.38,-13.88,335.15,430.92,229.61,513.06,142.34,208.53,202.59,116.00,389.56,255.54,374.99,475.66,169.70,94.38,139.11,89.00,87.81,98.31,186.36,131.10,192.23,46.42,320.25,24.00,384.39,366.84,123.24,203.65,554.19,311.48,1088.07,174.00,33.69,30.51,157.03,100.65,41.10,83.48,44.95,32.00,75.29,65.41,1097.00,6.00,5.00,13.00,70.98,55.06,1072.00,7.00,6.00,14.00,40.62,31.77,936.00,12.00,13.00,14.00,123.18,105.08,2837.00,12.00,12.00,14.00,19.37,17.12,369.00,8.00,8.00,13.00,1,주먹 쥐기 (Fist)
71.94,2.44,-124.88,-397.31,48.56,196.98,411.38,304.39,433.46,283.08,359.31,172.82,35.00,374.51,268.63,332.78,438.41,244.40,51.54,163.56,13.00,237.16,82.41,45.42,206.01,254.89,205.96,335.36,140.00,590.92,286.28,429.97,598.58,845.32,717.00,1024.86,263.00,76.60,30.28,100.20,136.88,33.92,136.84,92.58,89.00,75.43,67.32,1208.00,7.00,6.00,13.00,68.73,50.62,1051.00,7.00,6.00,13.00,51.33,37.77,1053.00,10.00,13.00,14.00,160.27,125.44,3260.00,10.00,12.00,14.00,23.04,19.63,416.00,9.00,8.00,13.00,1,주먹 쥐기 (Fist)
-240.62,-157.56,73.12,76.19,0.69,381.65,285.51,119.67,651.66,388.76,543.04,264.33,266.00,358.69,176.29,444.32,541.92,291.92,80.97,212.96,99.00,158.43,95.81,125.42,264.20,230.68,263.58,340.74,220.00,536.13,359.50,350.05,581.50,822.76,816.33,983.59,431.00,106.59,50.72,95.84,119.57,53.34,125.02,62.58,59.00,97.52,79.95,1484.00,7.00,7.00,13.00,78.70,58.49,1129.00,7.00,6.00,13.00,54.69,41.75,1209.00,14.00,13.00,14.00,160.10,125.66,3346.00,12.00,12.00,14.00,21.93,17.61,423.00,8.00,9.00,13.00,1,주먹 쥐기 (Fist)
-36.44,-29.69,45.75,124.31,-37.19,442.28,217.53,184.79,634.56,428.88,526.43,237.88,183.00,337.55,98.33,474.32,520.33,339.70,91.16,202.55,21.00,153.56,101.72,127.83,267.85,236.50,262.86,342.02,214.00,531.62,168.03,234.86,387.74,644.71,826.32,895.96,625.00,62.78,63.31,52.94,164.92,99.42,154.90,26.06,9.00,97.39,79.12,1580.00,7.00,7.00,13.00,78.28,58.35,1107.00,7.00,6.00,13.00,54.98,42.12,1110.00,13.00,13.00,14.00,142.87,113.85,2964.00,9.00,11.00,14.00,23.81,19.91,447.00,9.00,8.00,13.00,1,주먹 쥐기 (Fist)
309.88,181.12,-59.06,32.50,60.75,391.53,388.28,116.78,804.17,597.47,645.64,323.09,12.00,330.85,90.02,465.99,507.62,327.57,78.47,197.27,34.00,140.76,126.44,110.28,245.66,220.57,245.73,326.09,243.00,580.61,297.59,375.70,404.30,545.97,753.70,804.54,766.00,83.94,30.76,84.06,179.39,108.05,187.90,44.15,24.00,119.98,92.03,1713.00,7.00,6.00,13.00,76.31,57.64,1172.00,8.00,6.00,13.00,52.53,40.31,1123.00,13.00,12.00,14.00,140.79,108.38,2799.00,10.00,11.00,14.00,27.45,21.72,527.00,10.00,9.00,13.00,1,주먹 쥐기 (Fist)
-64.50,138.19,-51.50,162.94,45.25,398.48,403.52,138.50,801.97,592.40,623.72,303.01,34.00,410.34,120.97,557.64,496.17,339.43,49.77,146.74,129.00,150.48,122.47,166.82,287.07,259.10,190.20,282.17,300.00,599.84,310.07,386.80,380.44,534.64,777.45,826.11,741.00,107.98,21.10,97.55,214.71,138.73,161.88,10.67,16.00,119.12,91.00,2032.00,8.00,7.00,13.00,83.28,63.06,1120.00,7.00,6.00,13.00,54.18,43.19,1121.00,12.00,12.00,14.00,142.46,109.94,2735.00,9.00,11.00,14.00,29.77,24.00,506.00,9.00,9.00,13.00,1,주먹 쥐기 (Fist)
-25.00,-25.19,-89.56,-316.81,11.56,403.92,403.60,142.77,794.00,585.85,628.88,311.00,26.00,432.19,122.04,561.34,474.18,317.62,28.43,161.75,107.00,175.48,207.18,214.25,238.44,177.47,276.52,372.57,205.00,344.10,459.23,601.27,534.32,259.56,1030.85,1100.38,465.00,131.20,64.06,80.03,200.09,105.42,160.41,50.34,27.00,119.00,90.62,1996.00,7.00,8.00,13.00,82.69,61.69,1238.00,8.00,6.00,13.00,58.91,49.12,1104.00,9.00,12.00,14.00,163.59,130.73,3072.00,7.00,11.00,14.00,28.98,22.92,529.00,7.00,9.00,14.00,1,주먹 쥐기 (Fist)
-159.50,-111.94,31.75,-20.50,3.75,225.15,574.81,318.53,804.54,419.36,648.58,519.17,190.00,322.26,213.08,661.37,485.06,277.83,91.37,272.97,9.00,184.62,241.26,200.95,204.44,171.41,263.15,335.88,242.00,197.08,607.97,724.88,447.01,332.58,977.48,958.83,614.00,143.07,87.39,52.01,172.12,97.49,180.17,23.02,2.00,125.44,94.25,2126.00,7.00,8.00,13.00,87.59,68.94,1264.00,7.00,5.00,13.00,56.95,47.09,1131.00,9.00,12.00,14.00,160.75,126.31,3254.00,7.00,12.00,14.00,28.36,22.03,512.00,7.00,9.00,13.00,1,주먹 쥐기 (Fist)
-97.06,-91.06,1.12,-133.06,-42.56,97.24,753.31,465.21,625.52,377.80,757.21,382.39,7.00,231.67,382.47,802.92,317.19,158.59,115.15,105.90,165.00,187.59,231.96,226.81,194.80,147.09,276.12,313.70,268.00,43.91,730.49,720.86,310.56,433.02,910.99,1088.63,447.00,144.23,87.09,86.56,165.11,56.94,223.16,34.00,45.00,126.46,92.09,2107.00,7.00,9.00,13.00,88.76,69.45,1184.00,6.00,5.00,13.00,56.64,45.41,1134.00,8.00,13.00,14.00,164.27,133.81,3377.00,7.00,13.00,15.00,30.41,24.49,538.00,9.00,8.00,13.00,1,주먹 쥐기 (Fist)
56.25,-38.00,69.56,154.88,-9.38,126.93,730.20,472.25,637.00,338.52,800.16,371.79,36.00,238.63,402.39,798.27,308.06,191.59,84.02,130.01,132.00,235.46,272.99,268.99,127.53,205.28,205.53,360.41,195.00,146.94,726.48,837.17,241.11,553.41,797.36,1161.01,318.00,165.74,118.44,90.82,130.14,86.25,200.52,5.90,10.00,127.22,95.78,2215.00,7.00,8.00,13.00,89.28,71.25,1180.00,5.00,5.00,13.00,59.42,49.26,1127.00,10.00,13.00,14.00,168.84,141.88,3494.00,8.00,13.00,15.00,29.90,23.75,521.00,8.00,9.00,13.00,1,주먹 쥐기 (Fist)
26.19,50.00,-100.62,-243.25,-4.56,190.18,748.46,536.30,575.28,389.24,753.41,364.54,29.00,238.63,402.39,798.27,308.06,191.59,84.02,130.01,132.00,84.97,85.62,389.84,170.08,259.05,96.26,465.20,6.00,375.86,487.52,593.48,708.99,756.05,355.91,1360.41,160.00,148.68,101.17,105.96,130.65,87.15,204.16,19.10,9.00,127.09,96.52,2057.00,6.00,8.00,13.00,89.28,71.25,1233.00,6.00,4.00,13.00,61.76,52.84,1223.00,7.00,13.00,14.00,172.20,143.88,3636.00,10.00,13.00,15.00,29.36,22.56,508.00,8.00,8.00,12.00,1,주먹 쥐기 (Fist)
-107.00,-68.75,-11.69,38.75,69.00,91.29,521.05,456.36,711.01,419.90,803.05,354.91,298.00,390.32,293.78,709.01,380.47,136.76,211.25,221.63,32.00,75.03,73.25,403.02,160.60,266.69,85.44,459.91,21.00,281.17,566.79,517.48,726.65,721.71,351.22,1383.10,256.00,32.02,129.92,215.42,17.03,198.61,119.72,105.17,110.00,124.54,90.38,2187.00,9.00,8.00,13.00,88.35,68.97,1261.00,6.00,5.00,13.00,61.83,53.60,1258.00,7.00,13.00,14.00,171.98,142.72,3736.00,10.00,13.00,15.00,32.53,25.25,545.00,6.00,7.00,12.00,1,주먹 쥐기 (Fist)
-114.88,-46.06,-12.12,-110.19,-31.31,365.22,249.71,715.24,532.02,636.73,565.93,457.58,24.00,433.15,252.41,737.34,347.57,174.10,172.66,202.23,11.00,38.56,96.57,402.67,111.51,195.06,158.41,462.26,52.00,515.43,322.52,755.93,481.88,466.26,572.48,1376.13,513.00,59.01,102.96,213.94,41.48,215.50,94.30,131.36,137.00,122.66,85.86,2072.00,9.00,8.00,13.00,89.13,71.32,1218.00,6.00,6.00,13.00,60.18,51.12,1221.00,7.00,13.00,13.00,171.02,142.44,3703.00,10.00,13.00,15.00,33.49,26.73,630.00,8.00,7.00,12.00,1,주먹 쥐기 (Fist)
4.12,-7.00,41.38,111.94,-13.81,380.12,241.26,725.12,518.28,624.23,581.75,443.56,40.00,378.26,309.49,678.48,392.76,225.20,166.89,212.85,74.00,48.94,72.64,424.11,91.40,192.59,176.52,456.18,76.00,398.19,417.26,762.04,447.04,407.08,736.89,1330.57,687.00,51.64,109.08,206.55,44.28,212.12,86.97,137.98,145.00,122.56,84.73,2151.00,9.00,9.00,13.00,87.50,67.88,1251.00,6.00,5.00,13.00,60.93,52.62,1258.00,8.00,13.00,13.00,172.94,145.55,3885.00,11.00,13.00,15.00,33.23,26.29,631.00,8.00,8.00,12.00,1,주먹 쥐기 (Fist)
63.62,105.62,24.12,206.44,-24.50,322.01,234.84,771.47,478.55,654.79,638.21,356.33,128.00,307.52,426.63,704.47,302.80,320.63,126.78,171.87,124.00,38.79,82.20,415.21,99.09,203.54,178.30,449.28,88.00,420.20,472.88,988.80,215.08,240.74,659.57,1473.19,455.00,67.73,108.82,221.98,26.87,191.13,82.08,150.83,166.00,123.56,88.22,2208.00,9.00,9.00,14.00,89.30,71.30,1259.00,6.00,5.00,13.00,60.56,51.88,1198.00,7.00,13.00,13.00,180.95,155.49,3953.00,9.00,12.00,15.00,33.80,27.44,634.00,7.00,8.00,13.00,1,주먹 쥐기 (Fist)
189.81,66.81,-78.44,-246.56,29.88,353.66,205.06,1004.43,274.22,417.91,688.46,589.05,109.00,324.34,431.28,749.17,258.81,279.93,143.00,179.44,79.00,9.66,97.15,430.22,75.13,177.59,202.98,482.45,49.00,317.96,559.72,898.19,284.29,54.28,785.15,1648.02,263.00,57.56,90.52,231.48,20.25,183.49,100.37,160.96,192.00,132.66,100.84,2342.00,9.00,8.00,15.00,90.72,74.46,1295.00,6.00,6.00,14.00,62.93,54.31,1213.00,7.00,12.00,13.00,191.05,170.05,4170.00,11.00,12.00,15.00,34.64,29.27,658.00,7.00,8.00,13.00,1,주먹 쥐기 (Fist)
-162.00,-40.06,-11.31,40.62,30.00,275.57,265.32,984.50,216.31,393.33,795.67,690.22,224.00,278.64,473.17,719.54,252.10,292.76,207.42,227.11,13.00,64.32,106.19,496.17,34.01,155.10,137.01,417.19,115.00,244.46,721.18,1019.30,193.13,165.43,622.21,1485.02,426.00,92.28,29.52,293.45,43.57,138.01,39.05,167.61,130.00,138.40,107.12,2535.00,9.00,8.00,15.00,91.14,74.83,1406.00,7.00,6.00,15.00,61.63,51.60,1118.00,6.00,12.00,13.00,184.70,162.41,3903.00,11.00,12.00,15.00,34.74,30.00,596.00,6.00,7.00,12.00,1,주먹 쥐기 (Fist)
-62.88,-139.06,22.31,-204.44,-35.38,154.56,459.25,1157.73,67.08,236.80,625.85,580.25,30.00,149.45,649.05,849.65,76.32,118.34,117.91,73.42,189.00,85.43,195.93,466.94,100.00,40.39,99.40,288.39,249.00,345.81,613.59,894.76,335.06,226.52,533.43,1351.62,571.00,28.56,101.22,275.77,91.71,70.30,63.18,222.04,56.00,135.92,102.12,2295.00,8.00,8.00,15.00,97.73,78.95,1349.00,6.00,5.00,15.00,55.86,47.06,957.00,6.00,11.00,13.00,170.81,151.08,3655.00,11.00,13.00,15.00,34.84,29.42,620.00,6.00,8.00,12.00,1,주먹 쥐기 (Fist)
-38.38,-14.75,97.88,263.00,-33.62,287.98,357.46,1041.16,102.70,95.45,613.22,591.40,138.00,256.21,565.71,744.87,150.59,112.22,224.58,71.48,312.00,92.42,202.73,473.18,100.18,47.39,93.11,293.64,242.00,479.98,632.09,929.79,341.74,309.23,519.62,1448.94,434.00,17.37,120.31,300.58,107.71,70.31,36.47,194.89,84.00,126.54,93.47,2131.00,8.00,8.00,15.00,91.86,73.66,1358.00,6.00,6.00,15.00,56.60,47.50,1006.00,6.00,11.00,13.00,180.50,157.50,4095.00,12.00,13.00,15.00,35.85,30.95,579.00,6.00,7.00,11.00,1,주먹 쥐기 (Fist)
157.62,58.38,-56.12,-138.94,-13.81,463.82,444.08,1131.50,193.13,149.70,495.33,512.69,38.00,334.21,580.11,764.22,130.02,36.23,156.77,69.14,234.00,55.08,174.58,385.32,228.08,151.51,48.92,369.07,114.00,180.89,393.51,609.74,657.52,614.55,379.81,1609.72,113.00,40.76,123.48,275.19,136.00,45.70,40.10,160.24,119.00,132.91,104.92,1981.00,8.00,7.00,15.00,93.01,77.91,1226.00,6.00,5.00,15.00,56.05,46.52,1065.00,6.00,11.00,13.00,179.22,159.82,4434.00,13.00,13.00,15.00,33.96,29.04,501.00,5.00,6.00,11.00,1,주먹 쥐기 (Fist)
-11.06,-6.50,90.75,259.38,-1.31,174.17,79.56,771.14,502.51,376.17,143.93,391.53,411.00,162.72,413.28,555.45,340.01,213.51,241.71,269.43,24.00,79.00,106.82,337.90,259.54,208.90,178.50,435.04,16.00,307.90,562.35,706.20,657.65,665.72,271.10,1655.57,58.00,15.38,81.29,258.08,116.97,12.55,95.53,116.26,175.00,100.15,80.70,1800.00,8.00,7.00,15.00,78.97,62.88,1267.00,7.00,6.00,15.00,60.21,50.75,1216.00,7.00,11.00,14.00,189.60,169.17,4711.00,14.00,13.00,15.00,31.28,25.27,497.00,5.00,6.00,10.00,1,주먹 쥐기 (Fist)
33.94,35.25,-21.19,-26.19,-32.38,179.10,126.44,776.22,488.96,378.76,96.59,380.54,459.00,186.22,273.29,500.89,368.46,182.40,103.05,137.80,164.00,91.79,95.92,323.19,272.81,215.37,168.71,431.22,1.00,255.09,387.84,858.92,398.39,523.41,85.74,1657.77,321.00,92.72,11.17,180.99,195.58,69.32,61.31,162.65,96.00,100.49,82.31,1808.00,8.00,7.00,15.00,66.87,52.78,1138.00,6.00,7.00,15.00,59.77,49.81,1283.00,8.00,11.00,14.00,180.99,158.06,4516.00,14.00,13.00,15.00,30.54,23.59,502.00,7.00,7.00,10.00,1,주먹 쥐기 (Fist)
115.00,44.19,66.06,205.75,-11.56,189.33,197.14,695.88,581.68,463.99,168.65,438.65,364.00,160.42,297.83,475.40,399.12,214.53,89.56,119.65,197.00,224.92,60.15,268.83,245.10,61.38,217.14,435.76,157.00,387.92,535.28,430.25,565.90,28.45,445.28,1581.31,818.00,119.26,21.19,164.89,199.90,60.96,43.23,152.29,125.00,104.57,88.75,1747.00,7.00,6.00,15.00,67.75,54.59,1055.00,5.00,6.00,15.00,58.61,48.32,1261.00,8.00,11.00,14.00,176.26,153.25,4492.00,13.00,13.00,15.00,30.42,22.77,515.00,7.00,8.00,11.00,1,주먹 쥐기 (Fist)
91.38,15.62,1.88,-4.25,3.00,296.69,339.11,516.25,668.88,337.43,246.76,246.29,598.00,70.88,324.67,384.61,447.37,177.34,97.89,165.24,92.00,203.97,45.68,243.57,273.88,65.48,216.25,431.42,186.00,387.92,535.28,430.25,565.90,28.45,445.28,1581.31,818.00,125.97,26.46,170.57,191.13,53.06,51.77,151.52,116.00,101.98,87.38,1705.00,7.00,7.00,14.00,64.41,51.55,1067.00,7.00,7.00,15.00,58.13,46.73,1298.00,8.00,11.00,14.00,176.26,153.25,4579.00,14.00,13.00,15.00,30.28,22.00,480.00,6.00,7.00,11.00,1,주먹 쥐기 (Fist)
-30.69,-51.25,1.88,-108.50,-16.38,332.08,356.79,546.98,614.43,290.39,181.98,306.21,533.00,46.17,315.17,391.63,422.68,151.50,105.94,156.86,122.00,203.97,45.68,243.57,273.88,65.48,216.25,431.42,186.00,393.42,521.60,450.25,551.55,40.57,442.82,1567.22,838.00,117.61,34.65,149.77,197.36,37.76,71.91,143.35,94.00,99.51,83.31,1667.00,7.00,6.00,14.00,62.48,49.91,1081.00,8.00,7.00,15.00,58.13,46.73,1225.00,8.00,10.00,13.00,175.42,152.00,4386.00,13.00,12.00,15.00,29.04,21.14,467.00,8.00,8.00,11.00,1,주먹 쥐기 (Fist)
-53.12,-68.69,56.12,56.88,-30.81,321.98,420.98,427.79,690.55,181.00,140.46,427.15,412.00,85.65,351.56,350.96,447.88,119.83,144.88,169.84,163.00,205.46,65.20,249.14,254.02,75.85,196.27,415.90,206.00,420.72,639.49,418.31,475.73,155.21,359.25,1459.32,956.00,118.06,9.95,152.77,221.08,55.86,85.57,128.62,69.00,99.24,82.39,1671.00,7.00,6.00,14.00,64.48,52.15,1013.00,7.00,6.00,15.00,56.70,45.64,1096.00,7.00,9.00,13.00,170.64,144.86,4116.00,13.00,12.00,15.00,30.05,22.14,477.00,7.00,8.00,12.00,1,주먹 쥐기 (Fist)
74.69,-11.88,84.44,219.38,-25.12,306.87,386.17,435.99,716.55,190.25,167.81,459.33,377.00,161.88,425.05,319.34,392.05,114.62,86.60,124.26,86.00,205.55,153.75,48.86,344.57,178.23,145.47,230.53,409.00,370.46,436.30,256.61,935.13,565.95,151.92,955.95,1460.00,113.91,18.82,131.28,230.59,36.58,91.75,151.35,96.00,100.52,84.85,1651.00,7.00,7.00,14.00,62.65,48.22,936.00,6.00,6.00,15.00,54.25,44.31,1049.00,9.00,8.00,13.00,167.49,141.50,4022.00,10.00,11.00,15.00,30.75,23.17,400.00,7.00,8.00,11.00,1,주먹 쥐기 (Fist)
179.38,192.06,-44.62,134.62,27.56,234.89,242.20,272.18,948.68,119.05,146.96,323.98,686.00,151.48,376.54,209.94,620.87,195.79,301.02,203.93,187.00,204.24,141.12,60.22,355.69,179.06,159.55,215.79,424.00,423.45,550.47,214.14,904.54,565.75,145.95,1089.28,1320.00,104.13,75.81,83.00,178.19,48.23,44.30,93.13,37.00,106.94,90.95,1750.00,7.00,6.00,14.00,78.18,59.43,1137.00,7.00,6.00,15.00,54.90,45.25,1174.00,10.00,8.00,14.00,171.06,150.25,3933.00,9.00,11.00,15.00,23.20,18.74,347.00,9.00,7.00,11.00,1,주먹 쥐기 (Fist)
1.00,119.06,-29.94,70.56,9.88,288.57,380.72,120.65,865.03,169.37,91.37,310.88,520.00,342.65,545.03,108.26,565.86,270.88,161.11,160.74,5.00,202.62,142.14,61.57,352.40,174.67,164.07,210.89,429.00,528.03,802.17,99.71,651.31,325.38,128.38,904.44,1577.00,114.64,63.01,76.60,193.66,48.46,18.39,66.78,10.00,99.21,82.00,1800.00,7.00,7.00,14.00,82.52,64.80,1155.00,7.00,7.00,15.00,54.71,44.94,1134.00,9.00,8.00,14.00,166.31,143.01,3748.00,8.00,11.00,15.00,22.99,18.50,345.00,8.00,7.00,11.00,1,주먹 쥐기 (Fist)
-17.00,-9.31,-31.50,-97.81,3.69,297.42,411.07,94.47,836.29,141.28,61.45,318.94,552.00,363.53,565.54,89.59,544.06,250.50,155.61,146.78,17.00,242.12,177.70,8.09,312.80,136.12,190.04,168.26,484.00,510.10,723.99,222.93,638.41,229.47,236.04,869.04,1731.00,117.01,64.43,73.76,191.31,50.82,21.24,69.18,13.00,98.57,80.12,1751.00,7.00,7.00,14.00,82.19,63.60,1157.00,7.00,6.00,15.00,55.07,45.44,1121.00,9.00,9.00,13.00,167.78,146.81,3817.00,9.00,10.00,15.00,23.01,18.69,339.00,7.00,6.00,10.00,1,주먹 쥐기 (Fist)
-44.94,93.69,-56.38,19.88,26.19,308.25,385.69,96.89,809.31,164.60,21.65,364.06,617.00,363.53,565.54,89.59,544.06,250.50,155.61,146.78,17.00,305.88,243.66,59.08,268.03,117.02,210.93,203.09,418.00,591.14,789.64,350.04,483.55,168.29,246.62,844.74,1576.00,156.01,103.52,55.83,169.12,26.04,35.30,59.04,27.00,99.16,81.55,1642.00,7.00,6.00,14.00,82.19,63.60,1224.00,8.00,7.00,15.00,56.94,47.84,1045.00,8.00,8.00,13.00,162.35,137.12,3460.00,9.00,10.00,15.00,23.81,19.69,308.00,6.00,7.00,10.00,1,주먹 쥐기 (Fist)
-74.25,-75.44,189.62,361.44,-32.81,503.53,545.74,193.94,585.23,92.80,231.73,153.34,366.00,324.35,630.16,154.90,403.84,130.10,296.34,287.92,125.00,49.10,224.37,282.77,188.04,198.91,508.94,413.66,114.00,340.67,212.21,801.30,865.34,542.86,927.54,821.79,881.00,79.21,60.10,43.90,105.65,103.22,114.67,118.51,107.00,92.04,73.88,1328.00,6.00,5.00,14.00,83.14,63.05,1291.00,8.00,8.00,15.00,70.95,58.47,1247.00,9.00,9.00,13.00,171.63,144.76,3568.00,9.00,9.00,15.00,22.80,19.19,368.00,7.00,7.00,11.00,1,주먹 쥐기 (Fist)
362.44,104.62,-6.38,85.00,3.38,97.60,66.37,605.88,566.56,644.17,757.44,456.06,215.00,313.27,475.79,244.45,406.00,60.91,415.92,441.87,284.00,81.86,272.05,311.71,148.05,195.95,471.89,384.84,162.00,394.35,101.44,919.58,791.04,522.40,816.00,834.47,1032.00,56.67,101.09,55.00,74.85,89.44,89.85,67.74,56.00,122.53,93.45,1714.00,7.00,6.00,14.00,86.67,68.67,1371.00,9.00,8.00,15.00,69.71,56.22,1398.00,10.00,10.00,13.00,172.41,147.12,3599.00,9.00,9.00,15.00,18.60,16.00,331.00,7.00,8.00,11.00,1,주먹 쥐기 (Fist)
85.94,110.31,-56.44,-60.12,42.50,296.75,297.57,778.41,379.75,621.08,664.32,288.38,17.00,382.02,261.44,520.18,134.32,235.06,457.95,258.33,9.00,36.64,237.35,335.55,181.04,240.86,471.20,378.20,209.00,503.95,168.35,897.88,567.30,299.63,852.19,729.03,774.00,69.95,46.46,99.43,29.83,148.54,131.81,18.26,6.00,119.80,93.32,1941.00,7.00,7.00,14.00,80.75,69.48,1263.00,7.00,8.00,15.00,71.15,58.42,1375.00,9.00,9.00,13.00,154.55,131.00,3252.00,9.00,8.00,15.00,21.22,17.50,374.00,7.00,8.00,12.00,1,주먹 쥐기 (Fist)
-89.50,-40.38,-48.75,-246.19,-6.38,315.08,314.85,773.42,363.63,599.20,653.04,293.07,6.00,384.86,264.85,522.06,127.64,230.34,447.49,257.39,2.00,86.37,269.46,456.74,139.18,191.70,390.35,359.96,86.00,559.93,370.63,1299.40,470.53,210.37,751.41,577.43,343.00,75.26,48.05,110.83,16.55,140.76,117.98,20.56,8.00,118.59,92.06,1908.00,7.00,6.00,14.00,80.36,68.97,1335.00,7.00,8.00,15.00,70.18,55.44,1213.00,8.00,8.00,12.00,162.06,134.84,3043.00,8.00,7.00,15.00,20.68,16.62,400.00,7.00,9.00,12.00,1,주먹 쥐기 (Fist)
-132.38,-133.69,21.00,-76.88,12.88,279.14,379.73,1012.16,250.06,477.74,426.60,351.37,248.00,439.14,133.63,672.06,99.82,369.28,304.67,237.98,173.00,49.84,161.85,443.04,255.10,297.88,277.04,335.44,30.00,435.58,222.15,1196.58,638.72,370.04,647.34,531.60,172.00,77.20,58.74,109.21,24.21,134.04,125.32,22.47,4.00,120.98,91.59,1774.00,6.00,5.00,14.00,87.19,72.73,1361.00,8.00,7.00,15.00,66.64,53.00,1135.00,8.00,7.00,12.00,151.35,125.48,2814.00,7.00,7.00,15.00,20.94,17.38,411.00,8.00,9.00,13.00,1,주먹 쥐기 (Fist)
-96.44,-51.00,29.06,56.12,-11.69,288.71,394.48,1019.90,235.13,466.47,440.79,348.58,233.00,447.86,123.02,680.21,91.97,360.99,305.56,239.86,162.00,22.10,193.73,412.60,256.32,320.60,249.10,322.81,63.00,536.97,258.49,1138.18,631.13,399.36,538.96,486.66,60.00,83.85,38.12,131.29,20.62,111.42,125.40,42.35,27.00,121.67,92.30,1761.00,6.00,6.00,14.00,87.55,73.25,1410.00,8.00,8.00,15.00,65.25,50.42,1030.00,7.00,6.00,11.00,146.24,117.61,2638.00,7.00,6.00,15.00,21.00,17.40,401.00,8.00,9.00,13.00,1,주먹 쥐기 (Fist)
65.00,135.50,-101.44,-199.50,9.06,200.52,313.93,1085.03,247.95,374.53,496.52,385.99,128.00,303.22,266.37,744.63,227.88,435.24,240.02,347.91,10.00,38.23,227.96,374.29,312.08,345.34,265.45,362.89,7.00,606.97,251.19,1068.67,701.12,451.12,601.17,534.56,130.00,62.54,57.56,113.16,18.79,110.30,106.17,78.34,63.00,122.52,95.50,1842.00,6.00,5.00,14.00,94.27,83.75,1595.00,7.00,7.00,15.00,69.17,53.37,1067.00,7.00,6.00,11.00,151.15,121.44,2635.00,7.00,6.00,15.00,20.14,16.56,405.00,9.00,10.00,13.00,1,주먹 쥐기 (Fist)
-93.62,-26.12,-25.31,87.56,68.94,346.39,346.24,943.55,392.66,427.05,499.19,511.18,22.00,325.22,255.37,722.85,234.92,456.44,222.36,369.41,12.00,114.32,240.21,418.38,316.00,264.38,305.93,286.38,89.00,652.50,220.65,1056.61,701.92,408.62,586.82,489.31,81.00,56.65,103.90,180.62,91.59,37.56,185.19,32.52,19.00,124.29,96.66,2001.00,7.00,6.00,15.00,94.50,84.78,1736.00,8.00,8.00,15.00,68.19,50.77,1072.00,6.00,7.00,11.00,148.89,117.99,2709.00,7.00,7.00,15.00,26.80,20.31,456.00,10.00,9.00,13.00,1,주먹 쥐기 (Fist)
-111.06,-36.44,-9.31,-83.75,-30.00,512.77,329.16,953.81,458.76,260.61,612.63,343.54,147.00,335.37,258.82,720.22,245.20,455.16,233.29,358.61,1.00,114.32,240.21,418.38,316.00,264.38,305.93,286.38,89.00,660.54,209.87,1065.59,690.94,407.04,581.36,500.31,92.00,56.11,102.57,157.27,102.96,12.13,213.52,59.49,52.00,126.97,97.34,1911.00,6.00,6.00,15.00,94.72,85.30,1682.00,8.00,8.00,15.00,68.19,50.77,1088.00,6.00,7.00,12.00,149.25,118.59,2778.00,8.00,7.00,15.00,27.90,22.00,539.00,8.00,10.00,13.00,1,주먹 쥐기 (Fist)
33.69,11.75,-68.38,-157.00,26.25,429.92,396.51,857.09,545.21,262.97,712.49,247.47,247.00,269.25,167.23,635.16,300.89,553.43,313.09,274.45,108.00,157.68,181.54,431.26,311.08,318.27,358.53,228.75,152.00,652.41,226.88,1048.76,692.27,387.76,562.13,518.98,112.00,44.75,73.17,143.10,67.94,54.37,229.94,103.47,96.00,126.32,97.64,2032.00,7.00,6.00,15.00,91.85,81.66,1717.00,9.00,8.00,15.00,70.39,53.72,1098.00,5.00,8.00,12.00,147.85,117.50,2692.00,8.00,7.00,15.00,28.45,22.88,582.00,11.00,10.00,13.00,1,주먹 쥐기 (Fist)
-129.12,-27.25,-26.44,-80.88,3.75,448.38,361.57,879.09,530.01,297.49,736.43,222.50,282.00,276.08,71.56,550.33,379.36,489.50,312.16,321.97,12.00,208.71,110.86,372.61,390.06,262.04,347.29,286.56,73.00,656.52,219.72,1038.80,758.07,350.72,505.27,568.97,178.00,54.07,36.00,104.29,101.07,48.88,245.21,67.78,56.00,128.26,99.28,2067.00,7.00,7.00,15.00,87.00,76.41,1698.00,10.00,9.00,15.00,69.65,50.85,1094.00,5.00,8.00,12.00,149.24,121.11,2570.00,7.00,7.00,15.00,27.10,20.84,598.00,11.00,11.00,14.00,1,주먹 쥐기 (Fist)
-99.12,-101.25,-64.88,-212.75,20.25,496.99,286.52,822.19,664.11,253.97,752.45,303.49,138.00,258.27,94.58,546.98,396.68,506.18,338.36,331.65,20.00,322.10,184.54,224.11,422.31,236.17,262.23,248.82,242.00,673.77,598.31,646.10,892.31,344.03,722.80,517.86,240.00,86.24,22.62,81.69,136.03,9.67,192.79,109.34,112.00,130.46,100.53,1964.00,7.00,7.00,15.00,88.96,78.16,1553.00,9.00,8.00,15.00,67.44,45.70,1013.00,6.00,8.00,12.00,152.16,119.75,2652.00,7.00,8.00,15.00,26.31,20.12,569.00,10.00,11.00,14.00,1,주먹 쥐기 (Fist)
-133.00,-45.12,7.88,-43.25,-23.31,616.49,514.26,501.33,826.94,141.49,513.84,341.30,460.00,153.92,242.34,353.53,581.70,302.08,139.07,399.41,190.00,304.50,149.06,217.56,455.76,207.23,231.67,267.73,278.00,692.36,762.49,523.64,742.87,466.78,739.63,428.32,56.00,74.89,20.25,51.30,164.45,37.40,157.20,136.20,151.00,127.66,92.62,1850.00,7.00,8.00,15.00,80.72,69.03,1535.00,9.00,9.00,15.00,67.14,45.28,1073.00,7.00,8.00,12.00,148.87,113.66,2762.00,7.00,9.00,15.00,26.77,20.60,599.00,10.00,12.00,14.00,1,주먹 쥐기 (Fist)
-24.00,-35.81,-13.12,27.12,-13.44,629.91,560.82,480.15,791.10,168.78,561.40,301.60,412.00,170.46,329.10,254.86,541.50,347.81,230.01,287.33,41.00,304.50,149.06,217.56,455.76,207.23,231.67,267.73,278.00,684.84,790.81,564.75,700.29,406.60,681.70,477.44,126.00,80.64,33.80,38.09,173.48,38.03,162.10,130.37,137.00,127.70,91.88,1940.00,7.00,9.00,15.00,76.69,61.87,1408.00,8.00,8.00,14.00,67.14,45.28,1089.00,8.00,9.00,13.00,147.10,108.73,2650.00,7.00,8.00,15.00,27.00,21.44,602.00,10.00,12.00,14.00,1,주먹 쥐기 (Fist)
55.81,-13.81,81.25,177.88,-23.25,635.65,535.93,446.33,826.63,217.60,602.64,252.46,361.00,170.46,329.10,254.86,541.50,347.81,230.01,287.33,41.00,352.97,198.58,171.62,358.67,241.85,193.15,372.57,384.00,842.30,917.73,309.90,500.83,531.94,411.66,742.98,402.00,96.22,47.09,42.58,159.86,19.52,170.18,131.53,156.00,128.49,96.26,1991.00,7.00,9.00,15.00,76.69,61.87,1327.00,7.00,7.00,14.00,70.18,50.47,1161.00,9.00,9.00,13.00,152.68,116.02,2710.00,6.00,8.00,15.00,27.62,22.62,588.00,9.00,12.00,14.00,1,주먹 쥐기 (Fist)
119.06,23.56,-2.19,-31.38,-8.31,728.87,603.01,300.19,725.74,250.06,594.59,408.02,517.00,170.11,286.03,322.95,555.79,280.76,197.69,217.71,29.00,400.53,253.54,219.79,337.42,187.72,165.25,319.86,329.00,802.50,874.39,306.55,536.95,573.77,391.81,786.36,446.00,126.93,60.03,73.54,139.01,46.18,140.81,142.66,125.00,131.93,105.05,2019.00,7.00,8.00,15.00,73.40,56.05,1182.00,7.00,6.00,14.00,68.80,48.01,976.00,5.00,9.00,13.00,152.87,117.05,2537.00,7.00,8.00,15.00,27.18,21.73,537.00,8.00,12.00,14.00,1,주먹 쥐기 (Fist)
-2.25,6.50,-13.44,-44.88,-4.75,806.30,686.21,315.80,658.63,166.29,532.77,333.62,432.00,211.18,381.35,319.63,462.96,290.77,118.64,126.98,126.00,167.27,180.37,165.22,136.03,272.40,104.46,207.64,93.00,332.49,556.79,221.07,481.33,709.74,493.62,458.86,26.00,90.00,74.87,70.37,110.75,62.41,106.54,174.16,86.00,130.22,101.06,1662.00,7.00,8.00,15.00,70.11,52.88,1003.00,6.00,7.00,14.00,43.20,34.12,809.00,9.00,9.00,13.00,113.86,89.47,2313.00,7.00,8.00,15.00,25.03,19.59,510.00,8.00,12.00,13.00,1,주먹 쥐기 (Fist)
-15.50,12.31,13.62,71.06,6.12,378.35,408.25,115.43,504.02,429.92,105.42,360.24,4.00,138.39,310.67,231.51,442.31,383.26,26.00,97.83,219.00,150.50,195.46,182.18,123.11,257.08,103.52,202.33,110.00,241.58,594.31,226.34,394.44,617.93,507.24,473.09,69.00,78.28,92.73,88.09,97.62,71.92,111.63,156.45,104.00,83.99,72.62,1440.00,7.00,8.00,15.00,65.31,45.77,979.00,6.00,6.00,13.00,42.66,32.92,782.00,9.00,10.00,13.00,107.66,83.06,2294.00,8.00,9.00,15.00,24.93,19.38,479.00,8.00,11.00,13.00,1,주먹 쥐기 (Fist)
-5.12,-21.62,61.06,68.94,-34.50,231.57,500.95,219.34,338.02,334.25,257.45,224.60,170.00,72.72,351.98,165.05,283.20,339.60,183.07,142.01,58.00,230.59,114.78,174.87,90.14,277.86,178.90,162.69,199.00,267.68,561.97,254.05,410.74,615.00,536.55,469.48,103.00,116.38,57.95,78.83,67.01,140.59,104.79,89.06,174.00,74.47,60.30,1266.00,6.00,8.00,14.00,56.41,37.25,873.00,6.00,6.00,13.00,45.12,35.69,835.00,9.00,10.00,14.00,108.70,85.19,2081.00,7.00,8.00,14.00,25.22,19.31,476.00,8.00,11.00,13.00,1,주먹 쥐기 (Fist)
140.62,-31.25,33.00,-9.31,-14.38,346.23,337.23,292.89,377.45,462.34,368.69,98.98,334.00,79.02,373.08,185.50,288.20,319.88,169.64,132.21,80.00,281.64,119.73,238.71,25.50,212.86,120.82,207.35,134.00,390.21,408.84,415.26,272.08,459.79,366.25,572.99,77.00,117.29,59.33,80.82,65.01,140.10,105.85,90.52,172.00,82.78,71.47,1364.00,7.00,7.00,14.00,56.92,38.62,780.00,6.00,5.00,13.00,45.34,35.75,782.00,8.00,11.00,14.00,98.53,76.27,1968.00,8.00,8.00,14.00,25.29,19.42,476.00,7.00,11.00,13.00,1,주먹 쥐기 (Fist)
25.50,15.19,-3.75,-19.62,-3.62,418.81,261.95,402.05,280.00,375.75,370.49,198.61,220.00,155.78,261.88,136.51,160.18,233.01,236.26,190.80,217.00,256.59,75.71,215.92,62.24,199.02,121.13,257.49,82.00,384.65,410.36,414.96,280.66,450.48,362.28,583.00,88.00,118.94,71.32,86.96,66.29,130.62,94.17,86.16,184.00,80.34,69.31,1437.00,7.00,8.00,14.00,48.99,33.66,753.00,7.00,6.00,13.00,43.84,33.38,816.00,9.00,10.00,15.00,98.63,76.78,1853.00,7.00,7.00,14.00,25.23,19.03,460.00,6.00,10.00,13.00,1,주먹 쥐기 (Fist)
-9.44,-59.50,78.62,151.12,-12.00,439.57,275.95,411.44,254.59,359.65,333.21,151.69,267.00,135.01,263.18,116.71,151.35,247.10,257.26,210.50,238.00,258.50,101.67,197.51,76.49,221.75,143.79,283.22,56.00,390.78,432.65,382.16,304.17,458.12,378.70,618.99,124.00,120.30,67.15,90.39,60.42,125.36,89.08,86.87,190.00,79.18,66.74,1301.00,7.00,7.00,14.00,50.30,34.81,633.00,7.00,6.00,13.00,46.24,35.00,766.00,9.00,10.00,15.00,101.65,79.59,1766.00,7.00,7.00,14.00,25.01,18.75,445.00,5.00,11.00,12.00,1,주먹 쥐기 (Fist)
60.94,25.31,0.19,-39.88,-22.19,436.77,227.20,455.59,208.66,305.99,279.46,105.97,321.00,32.52,205.59,103.99,55.00,126.81,186.55,70.17,97.00,249.90,172.71,119.49,152.76,165.03,66.99,212.84,143.00,387.18,544.33,308.31,393.15,347.57,272.36,515.91,12.00,105.40,71.86,62.64,61.13,132.03,87.67,104.90,219.00,75.41,62.95,1200.00,7.00,8.00,14.00,30.32,25.73,546.00,8.00,7.00,13.00,41.19,29.59,768.00,9.00,11.00,15.00,95.08,74.34,1666.00,7.00,7.00,14.00,25.62,19.36,392.00,5.00,10.00,12.00,1,주먹 쥐기 (Fist)
62.25,44.56,-39.25,-59.12,32.44,404.73,346.80,360.80,297.38,267.77,223.69,118.40,444.00,34.15,241.81,61.94,11.00,149.55,213.37,40.43,53.00,258.83,166.17,116.94,162.83,181.33,70.40,203.50,168.00,484.97,413.13,258.69,530.53,291.48,117.28,408.07,192.00,80.08,66.89,74.09,23.35,90.11,60.59,68.04,177.00,75.88,64.00,1181.00,7.00,7.00,13.00,32.42,28.13,557.00,7.00,6.00,13.00,42.22,31.34,793.00,9.00,10.00,15.00,90.05,65.80,1526.00,6.00,7.00,14.00,19.57,16.13,343.00,7.00,10.00,12.00,1,주먹 쥐기 (Fist)
-95.31,-79.81,28.94,-113.38,-23.75,408.21,342.92,358.13,301.44,273.94,227.41,124.54,451.00,69.88,170.72,96.60,74.81,221.59,287.32,84.42,21.00,238.80,151.89,144.13,137.84,208.62,97.15,207.45,197.00,568.10,446.03,184.65,592.62,207.22,119.10,415.01,100.00,82.34,68.61,71.14,25.50,88.80,57.76,65.13,174.00,76.41,64.44,1188.00,7.00,7.00,13.00,38.32,33.34,631.00,7.00,6.00,13.00,42.87,32.96,800.00,7.00,10.00,15.00,94.43,69.55,1514.00,6.00,6.00,14.00,19.32,15.97,340.00,7.00,10.00,12.00,1,주먹 쥐기 (Fist)
-59.19,-81.12,-23.69,-102.75,-9.00,517.63,390.89,228.14,413.77,192.87,103.93,13.27,321.00,208.72,166.91,143.64,147.85,236.55,208.62,55.79,118.00,202.00,113.40,174.47,164.77,209.82,62.12,187.02,155.00,578.10,455.53,175.51,585.69,215.06,123.05,417.17,110.00,42.61,26.07,91.23,63.89,122.82,26.01,22.46,130.00,76.22,63.71,1051.00,6.00,7.00,13.00,41.78,35.88,608.00,7.00,6.00,13.00,40.13,31.32,813.00,8.00,10.00,15.00,95.07,70.09,1452.00,6.00,6.00,14.00,17.59,14.00,332.00,6.00,10.00,12.00,1,주먹 쥐기 (Fist)
-40.75,-6.06,51.94,271.75,9.38,460.99,335.91,256.18,441.17,235.35,52.58,59.53,264.00,239.83,197.87,137.41,134.41,203.56,196.89,32.73,85.00,117.86,40.65,171.60,233.08,128.76,107.82,256.05,241.00,310.48,227.07,352.33,839.99,330.00,429.91,650.45,422.00,36.80,20.57,88.66,65.92,117.97,23.94,26.93,136.00,73.00,60.59,1052.00,6.00,6.00,13.00,41.32,34.57,605.00,6.00,6.00,13.00,41.66,34.45,845.00,9.00,10.00,15.00,118.04,91.56,1688.00,7.00,5.00,14.00,17.33,13.58,330.00,8.00,9.00,12.00,1,주먹 쥐기 (Fist)
83.56,108.44,-59.62,-39.81,5.38,299.95,202.67,219.17,593.11,123.74,185.77,127.19,435.00,156.69,88.69,301.55,298.83,211.46,94.34,169.10,83.00,93.09,51.95,151.81,221.47,148.19,106.44,231.31,216.00,286.93,327.23,370.74,773.26,411.30,318.19,484.19,253.00,6.25,32.17,56.67,38.29,114.30,53.90,29.74,104.00,73.50,61.69,1133.00,7.00,5.00,13.00,48.28,38.94,687.00,7.00,6.00,13.00,38.89,33.28,880.00,10.00,10.00,15.00,106.86,83.64,1831.00,8.00,6.00,14.00,14.79,11.38,290.00,9.00,9.00,11.00,1,주먹 쥐기 (Fist)
2.94,89.38,23.19,217.31,-18.94,225.28,269.40,118.98,550.84,93.41,175.29,31.52,281.00,218.79,182.41,372.20,304.63,99.00,193.66,62.42,30.00,65.68,86.88,121.68,190.28,159.93,83.49,265.44,251.00,498.89,612.77,248.41,508.09,161.99,371.88,767.18,539.00,10.18,43.10,53.79,32.20,124.44,44.90,20.82,115.00,63.79,53.06,1098.00,7.00,6.00,13.00,53.34,43.25,699.00,7.00,7.00,14.00,39.27,34.54,944.00,11.00,10.00,15.00,119.98,97.73,2040.00,9.00,7.00,14.00,15.42,12.06,306.00,9.00,8.00,12.00,1,주먹 쥐기 (Fist)
157.44,-33.94,55.31,74.19,-1.75,337.08,485.21,98.66,338.59,275.94,88.60,184.68,497.00,208.53,172.33,376.39,315.33,96.87,203.61,56.78,41.00,94.12,168.86,168.59,250.05,66.27,176.42,195.29,157.00,580.37,671.00,177.45,550.69,145.70,395.84,696.67,457.00,13.13,45.06,56.35,34.93,122.37,45.31,23.64,112.00,74.74,61.88,1183.00,8.00,7.00,13.00,53.71,43.94,801.00,8.00,7.00,14.00,40.92,36.31,881.00,10.00,9.00,15.00,121.50,103.16,2010.00,8.00,7.00,14.00,15.43,12.09,312.00,8.00,8.00,12.00,1,주먹 쥐기 (Fist)
32.88,95.62,8.88,196.75,-6.00,345.61,491.81,101.32,340.83,270.32,90.07,176.46,488.00,311.52,229.96,273.40,308.56,192.84,258.23,114.41,144.00,43.87,153.86,118.02,216.45,75.45,223.58,186.50,100.00,617.86,674.01,145.56,583.06,181.41,360.04,719.82,496.00,9.29,45.43,53.21,33.53,124.06,43.13,27.63,108.00,74.96,62.52,1234.00,8.00,7.00,13.00,59.11,49.45,904.00,8.00,7.00,14.00,37.69,32.75,851.00,9.00,10.00,15.00,125.03,105.91,1923.00,7.00,8.00,14.00,15.30,11.88,303.00,7.00,9.00,11.00,1,주먹 쥐기 (Fist)
153.12,91.25,-24.44,18.88,8.62,405.47,498.09,69.71,399.05,246.27,51.17,221.65,548.00,376.94,240.98,256.12,378.27,160.43,270.66,45.81,74.00,33.74,161.13,120.57,226.02,64.62,220.95,182.62,111.00,681.06,627.95,183.97,544.74,139.59,433.99,703.46,418.00,6.27,50.34,55.28,39.29,118.07,48.97,22.38,114.00,80.97,66.73,1242.00,7.00,8.00,13.00,63.29,53.28,893.00,8.00,7.00,13.00,38.04,33.44,859.00,10.00,9.00,15.00,124.34,104.00,2053.00,7.00,8.00,14.00,15.44,12.30,312.00,8.00,10.00,12.00,1,주먹 쥐기 (Fist)
-15.38,-61.00,23.38,33.81,29.25,412.67,493.48,61.84,397.34,254.24,58.41,217.55,540.00,323.82,284.28,193.46,391.89,224.37,339.95,30.51,2.00,100.69,94.21,54.55,202.41,83.33,263.17,147.04,178.00,770.79,486.80,324.86,419.13,102.58,387.23,684.34,563.00,24.30,72.01,77.27,49.68,126.93,32.66,39.39,92.00,80.85,66.30,1370.00,8.00,9.00,13.00,65.16,56.75,1050.00,9.00,7.00,14.00,37.15,32.17,885.00,11.00,10.00,15.00,121.82,99.46,1967.00,5.00,9.00,14.00,17.04,13.84,322.00,8.00,9.00,12.00,1,주먹 쥐기 (Fist)
-48.38,124.69,-117.00,-266.50,28.62,423.52,477.74,54.58,381.69,247.27,43.92,220.20,556.00,375.45,167.69,302.35,281.16,322.44,449.65,146.56,119.00,38.33,187.42,145.56,101.13,187.02,369.17,105.73,284.00,724.07,745.55,382.80,347.92,224.92,599.29,624.73,846.00,34.23,78.40,81.56,42.52,133.46,32.65,33.87,102.00,80.16,65.42,1402.00,8.00,9.00,14.00,72.58,64.06,1199.00,9.00,8.00,14.00,47.66,39.62,979.00,11.00,10.00,15.00,139.91,117.00,2285.00,7.00,10.00,15.00,17.90,14.55,277.00,7.00,8.00,11.00,1,주먹 쥐기 (Fist)
-180.62,-169.44,8.25,-153.19,10.19,396.41,584.22,91.26,375.47,344.37,119.77,231.39,680.00,372.71,292.30,321.35,262.35,342.32,530.28,281.28,261.00,67.62,205.58,153.03,92.20,181.35,344.64,123.04,248.00,814.48,840.75,561.34,170.06,280.70,425.43,713.01,665.00,71.04,86.07,64.65,28.86,97.72,63.98,53.49,63.00,91.23,72.20,1386.00,7.00,8.00,14.00,84.22,72.94,1491.00,10.00,8.00,14.00,46.46,37.66,1078.00,12.00,11.00,15.00,145.33,124.84,2320.00,6.00,11.00,15.00,16.76,13.69,273.00,7.00,8.00,11.00,1,주먹 쥐기 (Fist)
-121.88,-48.75,3.38,-8.25,-6.94,521.76,692.58,251.25,143.59,206.88,136.13,335.22,444.00,378.71,296.93,332.35,251.45,350.50,531.12,272.41,250.00,85.61,203.15,139.98,110.16,165.36,343.79,108.03,266.00,786.64,845.89,553.88,181.60,312.78,412.16,741.27,632.00,72.67,85.39,62.69,30.81,97.55,62.11,52.57,65.00,93.04,73.14,1322.00,5.00,9.00,14.00,84.58,73.62,1556.00,9.00,8.00,14.00,46.17,36.67,1044.00,11.00,11.00,14.00,144.99,123.03,2456.00,6.00,10.00,15.00,16.70,13.56,280.00,7.00,7.00,11.00,1,주먹 쥐기 (Fist)
38.94,70.69,-8.31,-52.25,-21.44,489.89,698.66,252.95,157.65,236.60,168.76,368.08,409.00,332.82,320.15,313.14,265.45,402.45,575.95,248.35,193.00,75.38,211.72,150.27,110.11,156.93,335.93,97.37,277.00,786.64,845.89,553.88,181.60,312.78,412.16,741.27,632.00,63.00,107.52,78.81,43.14,75.16,56.91,56.28,89.00,93.56,75.05,1453.00,5.00,8.00,14.00,86.41,77.19,1603.00,9.00,7.00,14.00,45.97,35.90,971.00,11.00,10.00,14.00,144.99,123.03,2327.00,5.00,10.00,15.00,17.59,14.74,288.00,6.00,7.00,12.00,1,주먹 쥐기 (Fist)
-5.56,-72.62,45.94,42.00,-18.56,465.92,718.78,276.12,137.31,218.16,159.68,344.13,433.00,343.37,309.60,304.47,275.80,402.59,586.83,249.23,182.00,90.50,191.90,150.71,90.14,164.46,315.93,77.58,297.00,869.01,763.33,486.15,230.52,386.50,335.50,660.33,716.00,66.51,120.37,75.55,53.82,85.88,48.23,47.68,75.00,93.29,73.37,1429.00,5.00,9.00,14.00,86.95,77.88,1671.00,9.00,8.00,14.00,44.44,34.80,951.00,11.00,11.00,14.00,142.02,117.12,2232.00,5.00,11.00,15.00,18.18,15.51,278.00,6.00,7.00,11.00,1,주먹 쥐기 (Fist)
45.88,-16.56,-7.06,-6.44,-0.62,457.45,727.57,281.62,132.40,215.36,155.84,352.23,424.00,376.19,280.95,276.03,288.49,432.94,567.81,235.34,215.00,90.50,191.90,150.71,90.14,164.46,315.93,77.58,297.00,823.56,795.26,473.39,272.41,428.95,283.73,618.52,771.00,56.32,114.80,92.13,65.12,83.29,31.89,35.36,58.00,93.54,73.86,1472.00,6.00,9.00,15.00,86.97,77.88,1703.00,9.00,8.00,14.00,44.44,34.80,963.00,12.00,11.00,14.00,141.24,114.12,2245.00,6.00,12.00,15.00,17.67,14.58,245.00,5.00,6.00,11.00,1,주먹 쥐기 (Fist)
20.56,60.00,-64.94,-112.19,38.12,477.70,713.36,295.71,110.26,188.50,131.04,370.87,397.00,356.10,287.23,273.10,309.38,449.43,572.71,220.05,238.00,94.84,195.19,162.85,108.12,171.34,316.42,68.66,315.00,834.38,798.25,492.95,261.01,424.36,276.37,610.22,791.00,53.20,116.84,94.42,67.88,87.08,35.55,38.88,62.00,92.94,72.38,1341.00,5.00,9.00,15.00,87.78,79.50,1652.00,9.00,8.00,14.00,45.85,36.07,952.00,11.00,10.00,14.00,142.14,115.21,2292.00,6.00,11.00,15.00,18.18,14.86,228.00,5.00,5.00,11.00,1,주먹 쥐기 (Fist)
-130.12,-62.94,17.44,17.50,9.06,487.65,718.78,316.33,98.49,199.45,151.00,363.29,418.00,338.14,274.59,243.72,323.15,461.29,546.54,247.84,207.00,94.69,200.31,160.63,108.00,175.43,311.97,69.01,309.00,819.91,659.77,418.55,147.00,248.62,389.81,632.99,972.00,23.86,149.14,82.19,50.29,69.95,38.11,6.51,29.00,94.63,73.86,1465.00,6.00,9.00,15.00,86.06,77.80,1763.00,10.00,8.00,14.00,45.69,35.74,984.00,11.00,10.00,14.00,136.68,107.50,2423.00,7.00,12.00,15.00,17.43,14.19,243.00,5.00,6.00,11.00,1,주먹 쥐기 (Fist)
-30.50,47.94,-80.94,-153.50,19.00,484.16,672.17,309.61,57.69,175.56,182.81,369.96,472.00,346.49,142.37,180.38,197.43,299.41,705.93,86.18,369.00,90.55,256.96,102.68,50.01,123.14,369.93,102.07,367.00,819.91,659.77,418.55,147.00,248.62,389.81,632.99,972.00,13.16,177.32,50.22,21.21,50.93,10.29,39.49,62.00,92.61,70.06,1546.00,6.00,10.00,15.00,82.70,74.94,1811.00,11.00,9.00,14.00,49.77,39.82,1005.00,11.00,10.00,14.00,136.68,107.50,2200.00,7.00,12.00,15.00,17.85,14.75,237.00,4.00,6.00,11.00,1,주먹 쥐기 (Fist)
-102.81,10.50,-82.56,-138.25,50.88,469.77,714.05,271.15,96.46,132.69,186.53,395.48,515.00,383.52,87.90,231.98,157.61,322.17,675.11,139.83,314.00,163.80,362.94,141.04,157.17,179.52,289.40,61.44,217.00,594.39,987.35,224.56,392.58,366.58,336.65,344.87,568.00,57.79,197.47,41.65,66.71,100.92,59.63,19.72,12.00,94.98,73.09,1486.00,5.00,10.00,15.00,82.06,72.81,1720.00,10.00,9.00,14.00,52.03,43.80,906.00,8.00,9.00,14.00,126.88,101.72,1909.00,8.00,11.00,15.00,22.14,18.14,266.00,3.00,6.00,12.00,1,주먹 쥐기 (Fist)
-152.62,-105.12,9.00,-35.25,-7.94,366.29,868.46,173.62,229.79,326.53,379.15,215.91,272.00,213.40,274.75,183.41,127.00,252.10,744.54,324.78,116.00,140.34,358.38,94.93,149.08,168.60,316.08,104.17,162.00,594.39,987.35,224.56,392.58,366.58,336.65,344.87,568.00,55.32,198.23,38.65,66.10,102.14,61.92,22.48,9.00,100.98,80.30,1480.00,3.00,9.00,15.00,83.89,75.12,1836.00,11.00,9.00,14.00,50.90,40.62,916.00,8.00,10.00,14.00,126.88,101.72,1737.00,7.00,11.00,15.00,22.19,18.30,300.00,4.00,6.00,12.00,1,주먹 쥐기 (Fist)
-10.62,-4.44,-8.81,-18.06,-15.88,350.70,869.59,205.05,219.09,327.31,349.41,241.75,304.00,131.59,334.75,273.92,77.65,338.24,658.13,256.62,207.00,143.31,324.60,92.22,98.13,121.97,366.20,142.09,111.00,367.83,890.79,439.19,168.66,101.14,594.60,127.00,293.00,64.52,185.36,46.11,51.42,92.62,65.13,37.48,6.00,100.90,79.88,1452.00,3.00,9.00,15.00,81.26,69.99,1807.00,10.00,9.00,14.00,49.95,39.73,899.00,9.00,10.00,14.00,110.85,88.94,1599.00,7.00,10.00,14.00,21.20,17.48,290.00,4.00,5.00,11.00,1,주먹 쥐기 (Fist)
64.69,24.44,80.19,236.12,-21.38,264.28,786.96,298.35,97.80,205.33,418.54,114.39,171.00,196.76,338.46,250.51,143.35,382.94,599.24,242.52,273.00,143.31,324.60,92.22,98.13,121.97,366.20,142.09,111.00,485.51,998.44,462.81,92.57,77.40,665.90,95.63,168.00,62.13,193.17,50.50,53.85,84.85,62.02,44.95,14.00,89.82,71.56,1395.00,4.00,8.00,15.00,80.93,69.44,1704.00,10.00,9.00,14.00,49.95,39.73,938.00,10.00,11.00,14.00,122.73,96.75,1736.00,8.00,9.00,14.00,21.61,17.92,292.00,4.00,4.00,11.00,1,주먹 쥐기 (Fist)
161.81,-63.06,58.31,-124.81,-33.31,343.87,879.60,332.28,85.49,142.68,420.05,20.73,77.00,55.74,225.79,152.30,228.33,358.47,573.81,334.37,441.00,160.98,348.67,118.71,68.18,116.97,362.24,139.79,141.00,108.59,638.20,82.91,476.30,460.60,735.51,394.57,217.00,66.82,202.83,67.09,38.59,88.78,77.71,34.11,3.00,97.22,77.44,1374.00,4.00,7.00,15.00,78.87,67.06,1802.00,11.00,10.00,15.00,51.58,41.14,924.00,9.00,11.00,14.00,111.28,88.29,1948.00,9.00,9.00,14.00,22.82,18.85,290.00,4.00,4.00,11.00,1,주먹 쥐기 (Fist)
34.31,93.69,-79.75,-74.06,48.38,177.22,749.82,166.41,248.48,280.15,344.16,147.70,91.00,56.87,214.36,140.48,236.03,369.18,565.46,323.21,429.00,97.40,344.07,144.76,100.50,50.65,417.20,186.67,220.00,127.28,604.75,128.00,500.60,432.33,808.76,276.03,45.00,46.99,216.97,76.73,80.11,60.15,127.75,59.52,56.00,84.13,67.80,1344.00,6.00,8.00,15.00,77.92,66.31,1801.00,11.00,10.00,15.00,55.52,47.31,1015.00,9.00,10.00,14.00,110.65,88.80,1964.00,7.00,9.00,14.00,26.02,22.00,353.00,4.00,5.00,11.00,1,주먹 쥐기 (Fist)
-115.69,-99.12,81.25,89.12,-35.12,40.19,762.13,210.85,313.91,199.10,489.23,57.29,69.00,95.27,170.41,120.53,200.38,332.41,616.45,374.21,480.00,126.93,320.92,113.73,124.40,21.42,449.16,216.93,252.00,161.14,628.58,156.41,467.45,399.81,774.87,283.74,80.00,82.50,166.69,22.93,115.11,10.29,163.25,114.86,112.00,88.83,76.02,1472.00,7.00,8.00,15.00,80.94,69.50,1804.00,11.00,10.00,15.00,57.86,48.81,1031.00,9.00,10.00,14.00,108.54,86.89,1807.00,7.00,8.00,14.00,27.18,22.89,440.00,5.00,6.00,12.00,1,주먹 쥐기 (Fist)
92.00,-222.62,167.56,-60.75,-31.62,91.79,693.80,131.51,384.17,273.43,567.75,131.96,154.00,486.67,398.17,495.82,268.88,395.95,429.70,153.42,88.00,409.82,38.04,292.70,370.74,278.11,333.78,69.39,31.00,31.49,486.60,227.64,531.69,315.55,656.09,303.05,222.00,137.93,113.49,63.18,156.72,66.27,170.33,63.06,56.00,91.90,80.00,1545.00,7.00,8.00,15.00,91.96,75.25,1649.00,10.00,9.00,15.00,67.70,50.56,1012.00,8.00,9.00,14.00,97.58,76.91,1846.00,8.00,9.00,14.00,27.87,22.91,424.00,5.00,6.00,11.00,1,주먹 쥐기 (Fist)
52.62,127.94,-59.94,-24.81,-7.56,267.87,497.56,245.97,513.82,186.99,519.06,67.34,44.00,247.65,166.57,428.26,281.55,364.60,640.11,396.21,191.00,344.91,104.05,246.87,396.27,308.33,385.60,141.12,103.00,81.63,431.80,303.07,466.70,269.55,672.87,315.10,141.00,154.33,108.05,75.91,147.73,61.64,155.56,74.52,73.00,86.32,72.45,1528.00,5.00,9.00,15.00,91.41,73.80,1897.00,11.00,10.00,15.00,69.41,53.56,1238.00,11.00,10.00,15.00,94.27,72.27,1740.00,9.00,9.00,14.00,27.85,22.52,430.00,4.00,6.00,11.00,1,주먹 쥐기 (Fist)
27.06,20.50,-38.00,-30.06,44.94,385.83,431.58,366.45,438.28,80.98,441.09,73.12,93.00,232.25,184.48,480.65,329.19,409.40,586.66,341.49,136.00,317.18,134.65,276.01,439.09,338.37,338.80,100.97,56.00,5.63,430.19,307.10,518.39,194.00,638.70,367.20,65.00,114.58,93.06,105.05,198.52,113.42,102.05,110.49,129.00,82.55,66.20,1382.00,4.00,8.00,15.00,91.22,72.69,1878.00,10.00,10.00,15.00,70.09,55.38,1246.00,10.00,10.00,15.00,93.99,70.81,1706.00,7.00,9.00,14.00,30.11,25.95,470.00,5.00,5.00,11.00,1,주먹 쥐기 (Fist)
-106.31,14.44,-31.06,32.88,9.50,298.31,394.55,404.80,595.49,89.27,283.38,242.30,263.00,228.34,111.82,435.07,372.32,476.72,550.43,274.86,57.00,313.12,140.12,305.37,427.90,309.49,359.29,119.45,87.00,38.18,452.59,274.95,541.83,188.09,608.07,398.41,32.00,112.05,71.47,141.75,187.92,94.11,123.03,97.20,90.00,85.91,71.52,1483.00,5.00,7.00,15.00,88.39,68.80,1745.00,9.00,9.00,15.00,70.54,57.07,1198.00,9.00,9.00,14.00,94.37,72.91,1682.00,8.00,9.00,14.00,29.39,25.31,501.00,5.00,6.00,12.00,1,주먹 쥐기 (Fist)
-9.31,51.62,-11.75,122.62,16.56,302.63,372.31,436.77,585.84,80.86,314.07,213.89,231.00,277.97,218.94,380.63,294.70,476.89,598.70,238.18,52.00,340.59,123.14,318.55,363.46,317.26,367.90,115.34,18.00,72.26,488.58,255.29,567.21,157.18,641.46,362.53,68.00,140.81,34.10,153.61,141.89,67.24,135.04,97.91,137.00,85.78,70.94,1526.00,5.00,7.00,15.00,88.43,67.16,1735.00,9.00,10.00,15.00,69.27,54.22,1160.00,9.00,9.00,14.00,96.85,75.72,1729.00,8.00,9.00,14.00,28.84,24.81,492.00,5.00,7.00,12.00,1,주먹 쥐기 (Fist)
49.38,114.75,31.44,233.81,-16.12,318.24,345.35,446.75,559.95,58.11,301.74,231.56,258.00,392.29,312.01,254.64,401.17,590.13,477.37,239.27,74.00,318.44,144.80,341.37,353.23,294.04,392.68,134.56,11.00,266.90,651.13,413.80,450.14,347.14,589.90,552.75,137.00,136.18,39.00,157.14,140.81,62.25,139.74,97.37,142.00,84.55,69.34,1556.00,8.00,7.00,15.00,93.25,71.72,1728.00,10.00,9.00,15.00,69.74,56.26,1146.00,9.00,8.00,14.00,113.62,91.73,1746.00,7.00,8.00,14.00,28.99,25.12,486.00,5.00,7.00,12.00,1,주먹 쥐기 (Fist)
126.25,123.00,-35.00,-49.12,-28.38,250.75,409.92,507.33,541.94,41.36,338.77,271.91,340.00,452.26,328.91,239.11,431.85,548.80,531.35,253.40,14.00,296.84,167.64,361.29,331.49,314.34,370.49,113.42,12.00,293.75,658.99,438.55,422.17,344.17,570.50,529.38,106.00,76.18,94.79,213.66,82.87,103.44,89.35,135.79,82.00,89.71,74.38,1486.00,5.00,6.00,15.00,96.99,75.00,1619.00,9.00,8.00,15.00,68.79,55.00,1129.00,9.00,8.00,14.00,112.53,90.28,1886.00,7.00,8.00,14.00,29.02,24.92,475.00,5.00,6.00,12.00,1,주먹 쥐기 (Fist)
11.31,-48.62,-56.62,-127.56,41.19,134.68,450.97,622.02,416.75,91.51,216.01,269.06,213.00,461.41,325.05,247.77,423.62,544.46,527.92,246.71,24.00,382.81,132.18,380.81,313.08,319.32,336.89,27.87,98.00,228.74,776.63,522.70,378.22,532.73,372.14,479.14,95.00,113.21,81.45,213.28,78.77,103.77,95.73,173.45,43.00,85.34,67.85,1490.00,5.00,6.00,15.00,96.65,74.30,1669.00,9.00,8.00,15.00,70.05,56.03,1054.00,8.00,8.00,14.00,116.19,90.52,1806.00,6.00,8.00,14.00,30.88,27.66,535.00,6.00,7.00,12.00,1,주먹 쥐기 (Fist)
-149.56,-61.38,-13.56,51.50,24.50,279.45,515.79,639.64,414.29,211.09,106.99,372.26,67.00,381.90,449.48,165.19,510.91,412.66,596.69,141.21,156.00,326.16,107.05,317.92,375.90,269.09,371.18,35.97,161.00,212.44,617.89,369.30,537.16,644.04,255.09,552.79,254.00,122.13,88.58,223.77,67.90,113.08,85.77,162.60,54.00,93.61,78.12,1585.00,6.00,6.00,15.00,96.61,75.66,1656.00,7.00,8.00,15.00,67.58,53.08,1090.00,8.00,8.00,14.00,114.21,90.75,1985.00,7.00,8.00,14.00,31.31,28.44,516.00,6.00,7.00,12.00,1,주먹 쥐기 (Fist)
-38.25,-25.25,35.25,-0.31,-31.19,238.75,473.66,597.21,456.79,216.44,127.40,414.13,24.00,379.57,508.44,216.95,468.60,438.47,531.41,201.72,90.00,263.63,77.55,285.70,389.42,390.73,242.07,96.56,30.00,233.05,530.52,380.93,554.45,692.50,266.75,452.12,129.00,103.71,4.54,182.01,117.07,188.17,27.08,101.52,139.00,91.92,75.09,1634.00,6.00,6.00,15.00,96.36,75.72,1560.00,6.00,8.00,15.00,64.34,51.44,1052.00,7.00,7.00,14.00,110.10,84.89,1926.00,8.00,9.00,14.00,29.81,26.36,518.00,6.00,7.00,12.00,1,주먹 쥐기 (Fist)
81.56,12.12,-20.44,-52.31,-13.62,176.31,300.15,511.07,547.53,437.84,118.02,179.90,267.00,347.46,482.55,143.53,557.07,378.40,449.98,307.62,16.00,262.30,83.72,266.69,409.68,392.98,224.73,116.78,9.00,233.74,528.53,349.24,585.50,724.37,254.35,421.86,97.00,108.82,4.51,188.91,112.16,188.16,20.68,103.24,130.00,86.41,68.20,1629.00,7.00,6.00,15.00,93.75,69.78,1509.00,6.00,8.00,15.00,64.55,52.42,1088.00,8.00,7.00,14.00,110.78,86.60,1980.00,8.00,9.00,15.00,29.98,26.78,528.00,6.00,8.00,13.00,1,주먹 쥐기 (Fist)
-13.94,-116.06,145.50,130.62,-25.69,182.07,302.18,517.95,540.94,432.83,113.43,185.53,259.00,427.01,419.58,120.01,629.44,254.30,464.79,424.54,141.00,371.03,103.20,416.26,402.49,255.90,262.99,279.51,168.00,213.58,655.30,453.46,569.46,788.04,129.18,261.17,64.00,121.92,18.73,202.22,99.62,174.26,35.60,106.62,145.00,86.31,67.58,1657.00,7.00,7.00,15.00,98.42,78.43,1612.00,7.00,8.00,15.00,74.50,62.31,1176.00,8.00,7.00,14.00,115.68,95.17,1911.00,8.00,9.00,15.00,30.56,27.48,535.00,6.00,9.00,14.00,1,주먹 쥐기 (Fist)
95.69,63.50,83.75,219.44,-35.44,233.43,350.17,562.00,512.02,409.21,115.40,171.65,313.00,405.64,441.01,138.24,612.05,249.70,484.76,442.41,164.00,397.79,119.01,415.95,430.07,282.80,235.74,257.68,140.00,215.83,642.57,457.83,556.48,779.98,116.55,249.67,77.00,141.86,34.56,201.84,112.45,189.03,24.16,95.17,125.00,89.02,70.27,1667.00,8.00,7.00,15.00,99.19,79.69,1695.00,7.00,8.00,15.00,76.14,64.28,1216.00,8.00,8.00,14.00,114.09,94.26,1614.00,7.00,8.00,15.00,31.61,28.42,533.00,6.00,8.00,14.00,1,주먹 쥐기 (Fist)
305.00,133.75,-19.56,113.69,18.44,403.76,514.33,554.74,665.77,580.21,248.78,205.78,142.00,201.64,632.60,328.73,762.80,130.65,293.96,385.55,40.00,339.16,137.23,470.54,443.78,296.00,187.64,237.00,81.00,241.56,832.85,174.32,614.21,511.89,193.09,231.44,361.00,95.70,50.63,248.28,83.93,180.16,64.92,63.19,75.00,112.83,80.12,1749.00,7.00,7.00,15.00,103.97,82.72,1622.00,8.00,7.00,15.00,75.75,62.58,1180.00,8.00,7.00,14.00,111.02,94.73,1662.00,7.00,9.00,15.00,31.11,28.38,505.00,6.00,8.00,14.00,1,주먹 쥐기 (Fist)
20.38,31.38,37.06,133.12,-1.88,427.22,528.45,532.12,676.16,570.79,224.72,200.96,168.00,256.09,607.19,324.46,729.45,77.89,281.39,409.48,98.00,475.50,39.06,383.32,303.71,207.76,230.47,298.69,69.00,428.25,901.05,251.72,379.14,577.61,140.10,158.55,80.00,140.90,9.56,213.36,36.36,126.35,120.80,45.52,16.00,112.95,81.05,1872.00,7.00,7.00,15.00,101.91,79.55,1532.00,7.00,8.00,15.00,71.52,60.18,1083.00,8.00,8.00,14.00,111.24,96.00,1538.00,6.00,9.00,15.00,27.89,24.47,442.00,6.00,9.00,14.00,1,주먹 쥐기 (Fist)
34.06,54.62,-52.12,-80.62,-0.81,592.71,530.97,384.83,490.47,438.14,361.79,250.93,45.00,167.26,567.36,176.35,593.16,117.33,410.63,553.32,270.00,402.78,127.03,323.11,274.88,98.89,338.51,397.42,178.00,379.10,943.21,172.27,453.81,519.21,239.77,204.35,20.00,125.22,22.15,196.10,64.85,103.81,139.51,52.50,15.00,104.91,71.81,1686.00,6.00,7.00,15.00,99.13,74.62,1418.00,5.00,8.00,15.00,71.62,59.03,1075.00,9.00,8.00,14.00,113.12,99.83,1617.00,6.00,9.00,15.00,26.80,23.02,445.00,6.00,10.00,14.00,1,주먹 쥐기 (Fist)
-38.12,24.31,-20.06,32.12,20.69,551.55,576.26,347.27,538.30,361.61,382.36,283.15,122.00,386.41,385.44,166.30,447.35,240.75,127.52,247.51,39.00,402.96,310.89,130.90,83.93,253.05,223.38,204.47,15.00,414.49,788.12,183.10,568.37,358.06,369.34,299.21,184.00,135.42,74.86,140.80,72.20,93.48,152.68,71.33,41.00,105.00,72.12,1736.00,7.00,8.00,15.00,71.91,58.35,1061.00,4.00,8.00,15.00,58.57,46.46,863.00,8.00,8.00,14.00,108.99,95.23,1699.00,5.00,9.00,15.00,26.06,22.98,447.00,7.00,10.00,14.00,1,주먹 쥐기 (Fist)
-99.69,-85.44,-27.19,-100.25,12.06,550.94,694.76,228.32,456.35,409.74,444.04,288.37,3.00,206.67,552.96,122.17,273.58,386.11,218.42,77.13,219.00,383.76,293.28,143.16,81.88,256.51,240.45,174.09,49.00,414.37,797.25,189.25,562.07,356.53,372.20,303.89,194.00,154.89,92.18,137.85,51.62,116.98,128.72,48.82,15.00,108.07,77.44,1788.00,7.00,8.00,15.00,72.08,59.19,1078.00,4.00,8.00,15.00,56.98,45.13,849.00,8.00,9.00,13.00,109.54,95.78,1822.00,6.00,9.00,15.00,26.06,23.06,398.00,6.00,10.00,13.00,1,주먹 쥐기 (Fist)
-113.00,-61.00,-3.75,-138.69,-32.00,618.98,792.71,218.03,367.85,491.87,322.29,235.85,126.00,155.39,602.38,177.07,260.50,394.53,164.38,116.66,164.00,351.04,307.51,121.05,41.76,292.04,200.41,202.14,8.00,431.75,812.92,228.84,594.64,321.88,392.91,302.21,153.00,81.69,118.09,72.77,121.46,181.60,60.79,33.99,64.00,111.93,83.88,1665.00,6.00,7.00,15.00,73.74,62.62,1088.00,4.00,8.00,15.00,55.94,43.53,870.00,8.00,10.00,14.00,112.30,98.06,1798.00,8.00,9.00,15.00,25.08,22.12,414.00,7.00,9.00,13.00,1,주먹 쥐기 (Fist)
16.94,45.81,-39.75,53.56,2.75,484.54,779.44,67.69,264.78,641.42,212.62,195.34,287.00,206.91,582.71,166.88,194.36,460.71,140.13,163.74,97.00,351.04,307.51,121.05,41.76,292.04,200.41,202.14,8.00,366.01,850.51,233.20,545.42,250.13,483.26,349.92,61.00,69.84,130.03,61.47,118.46,182.96,61.69,26.61,52.00,106.54,77.19,1710.00,7.00,8.00,15.00,74.55,64.16,1155.00,4.00,8.00,15.00,55.94,43.53,891.00,8.00,11.00,14.00,112.83,99.69,1904.00,6.00,10.00,15.00,24.83,21.28,438.00,8.00,9.00,13.00,1,주먹 쥐기 (Fist)
-11.56,-69.06,-5.06,-32.69,31.31,446.19,808.76,37.96,230.02,640.15,204.93,209.15,247.00,172.24,538.73,81.94,233.32,517.79,213.15,230.34,1.00,330.16,326.82,115.49,62.17,286.55,196.54,204.16,13.00,450.08,763.55,142.81,466.50,297.65,560.93,432.33,31.00,76.69,124.69,61.99,125.32,189.76,57.95,26.82,45.00,105.83,74.69,1679.00,7.00,9.00,15.00,76.43,67.44,1205.00,5.00,9.00,15.00,55.59,42.71,882.00,7.00,11.00,14.00,112.30,98.06,1872.00,9.00,10.00,15.00,25.32,21.77,434.00,7.00,9.00,13.00,1,주먹 쥐기 (Fist)
-77.06,12.75,-27.94,-109.19,-23.69,533.88,720.90,71.86,197.94,722.23,147.83,280.74,159.00,217.72,454.51,37.07,166.01,566.55,124.27,200.60,92.00,374.74,311.09,78.35,71.87,237.36,230.35,198.07,63.00,762.05,497.96,255.08,391.60,88.83,565.88,120.52,281.00,64.05,126.71,76.27,129.34,199.61,42.75,37.76,29.00,107.67,78.82,1668.00,7.00,8.00,15.00,72.01,61.84,1269.00,8.00,9.00,15.00,55.84,41.91,843.00,6.00,12.00,14.00,105.67,92.21,1687.00,8.00,10.00,15.00,25.95,22.69,474.00,8.00,9.00,13.00,1,주먹 쥐기 (Fist)
-52.38,-81.00,-90.75,-231.94,40.06,675.74,629.00,168.03,52.50,628.33,299.68,128.62,314.00,417.99,260.30,248.89,125.25,363.42,283.71,248.23,120.00,410.82,340.17,31.58,118.27,269.11,179.40,222.53,12.00,915.15,510.77,394.25,554.54,75.92,428.15,280.80,117.00,111.68,174.23,54.00,68.01,178.48,33.56,104.97,39.00,105.83,74.92,1576.00,6.00,9.00,15.00,68.55,60.38,1205.00,8.00,10.00,15.00,59.53,43.81,882.00,10.00,11.00,14.00,119.77,101.18,1729.00,8.00,9.00,15.00,27.26,24.05,470.00,8.00,9.00,13.00,1,주먹 쥐기 (Fist)
-152.50,-97.19,80.44,107.31,-5.62,797.86,684.93,224.97,196.12,551.40,197.66,286.22,156.00,478.35,253.35,277.19,177.10,370.19,267.85,238.13,59.00,372.40,185.11,151.69,224.88,248.75,138.28,364.46,145.00,727.56,305.81,495.57,646.74,314.24,149.59,545.00,167.00,90.94,121.97,8.39,56.52,127.87,85.93,156.37,92.00,112.92,83.56,1516.00,6.00,9.00,15.00,72.26,64.19,1204.00,8.00,9.00,15.00,60.65,48.65,1016.00,7.00,12.00,14.00,115.88,99.06,1897.00,8.00,9.00,15.00,24.82,21.33,503.00,9.00,10.00,13.00,1,주먹 쥐기 (Fist)
35.19,56.25,-53.00,-146.12,-23.94,708.87,486.73,370.96,258.44,338.40,337.78,487.43,57.00,378.78,187.79,359.30,254.72,277.60,353.01,302.00,62.00,364.68,206.58,148.99,213.53,228.17,160.51,389.42,170.00,777.44,471.06,335.03,510.15,379.65,169.89,686.64,336.00,119.93,102.02,51.21,13.60,173.56,66.47,112.41,33.00,105.02,76.31,1603.00,7.00,10.00,15.00,72.22,63.66,1333.00,9.00,10.00,15.00,61.71,49.62,1094.00,7.00,12.00,14.00,121.83,106.77,2117.00,8.00,10.00,15.00,24.26,20.56,464.00,6.00,9.00,13.00,1,주먹 쥐기 (Fist)
4.62,-32.75,12.12,31.38,12.50,719.43,418.54,433.17,316.47,373.05,266.74,431.37,16.00,378.78,187.79,359.30,254.72,277.60,353.01,302.00,62.00,353.72,212.24,165.60,230.08,243.75,143.71,373.24,152.00,778.75,426.58,339.88,475.03,352.90,225.54,722.84,392.00,84.49,81.72,54.02,54.15,171.19,100.98,108.20,8.00,103.72,72.88,1494.00,6.00,10.00,15.00,72.22,63.66,1378.00,9.00,10.00,15.00,61.33,48.08,1101.00,7.00,12.00,14.00,121.97,107.62,2244.00,9.00,10.00,15.00,23.54,19.88,486.00,9.00,9.00,13.00,1,주먹 쥐기 (Fist)
-22.44,53.44,-78.44,-163.94,26.00,671.37,463.12,453.73,376.89,329.30,234.17,401.13,111.00,377.17,145.76,357.96,221.35,279.24,382.24,346.95,107.00,307.96,196.10,207.57,255.99,255.87,172.55,411.35,207.00,743.52,444.41,419.70,551.03,261.98,301.41,758.07,483.00,46.71,49.64,93.96,69.66,207.88,64.59,96.58,32.00,102.45,69.94,1432.00,6.00,9.00,15.00,73.46,66.12,1331.00,9.00,10.00,15.00,64.21,50.23,1018.00,7.00,12.00,14.00,127.50,113.31,2252.00,9.00,11.00,15.00,24.30,20.88,489.00,9.00,9.00,13.00,1,주먹 쥐기 (Fist)
-132.12,-127.56,24.19,-172.44,-31.69,587.41,454.12,570.50,466.63,446.24,191.44,397.32,6.00,377.17,145.76,357.96,221.35,279.24,382.24,346.95,107.00,177.18,115.88,222.81,160.59,118.48,230.53,376.48,69.00,582.46,406.41,684.32,475.01,470.10,366.62,802.02,171.00,51.71,54.63,92.36,73.60,211.36,63.58,94.31,37.00,107.83,77.25,1436.00,5.00,9.00,15.00,73.46,66.12,1331.00,9.00,11.00,15.00,50.89,39.91,1052.00,12.00,13.00,14.00,131.45,116.81,2192.00,9.00,10.00,15.00,24.67,21.19,536.00,10.00,9.00,13.00,1,주먹 쥐기 (Fist)
-85.88,-106.88,-7.50,4.44,-1.12,419.06,354.06,678.95,388.73,407.47,364.95,488.89,190.00,279.56,174.09,496.74,159.91,219.18,520.35,249.56,64.00,60.45,68.52,166.88,79.06,204.41,113.90,358.37,186.00,462.03,353.07,717.83,238.03,559.67,133.56,667.17,409.00,19.68,36.27,67.19,59.21,199.50,91.87,70.28,76.00,107.14,75.73,1250.00,5.00,9.00,15.00,77.25,70.12,1258.00,9.00,11.00,15.00,43.56,32.94,984.00,11.00,13.00,14.00,117.59,101.94,2266.00,10.00,10.00,15.00,22.67,18.89,512.00,9.00,9.00,13.00,1,주먹 쥐기 (Fist)
-19.56,-33.81,-11.56,-46.19,-2.81,110.51,171.91,610.37,72.56,143.56,163.81,242.59,183.00,201.50,248.49,510.51,38.01,86.19,337.46,308.10,129.00,46.20,63.14,152.15,93.41,206.89,125.98,364.31,171.00,360.54,272.68,571.19,298.64,352.54,339.44,840.40,195.00,30.57,27.15,88.11,38.33,178.86,112.57,56.19,97.00,65.11,57.06,1010.00,5.00,8.00,15.00,67.83,62.29,1213.00,9.00,10.00,15.00,43.66,33.33,923.00,11.00,12.00,13.00,111.26,94.34,2293.00,11.00,10.00,15.00,22.26,17.81,491.00,10.00,9.00,12.00,1,주먹 쥐기 (Fist)
-13.94,32.56,-1.81,50.12,2.62,87.33,156.37,533.35,162.25,230.48,96.21,303.93,93.00,194.07,249.75,493.24,34.37,107.44,346.20,303.72,107.00,53.02,38.34,126.41,135.28,133.04,134.48,313.13,247.00,293.63,188.52,412.42,440.78,399.74,278.94,677.88,360.00,27.55,34.68,85.76,40.50,174.02,118.12,48.87,106.00,62.62,53.18,983.00,5.00,7.00,14.00,66.96,60.74,1244.00,10.00,9.00,15.00,39.81,27.62,832.00,10.00,12.00,12.00,98.74,82.73,2159.00,11.00,10.00,15.00,22.22,17.67,494.00,9.00,10.00,12.00,1,주먹 쥐기 (Fist)
15.88,-24.88,-39.62,-200.81,-22.12,116.50,121.82,459.13,191.44,193.98,188.20,217.36,186.00,150.35,196.99,391.07,87.14,104.72,403.76,300.49,228.00,71.58,39.41,143.64,123.46,145.89,117.08,329.70,228.00,253.48,118.72,449.73,401.84,555.75,220.62,883.71,151.00,30.66,16.44,70.26,59.67,186.54,118.01,30.17,126.00,56.83,46.64,930.00,6.00,7.00,14.00,63.26,55.34,1298.00,11.00,10.00,15.00,40.72,28.36,851.00,10.00,12.00,12.00,111.52,94.16,2300.00,11.00,10.00,15.00,22.93,18.98,495.00,11.00,10.00,12.00,1,주먹 쥐기 (Fist)
-26.25,-146.44,180.31,77.75,-25.88,149.39,86.94,481.83,142.84,146.28,145.34,279.30,124.00,233.26,139.05,511.76,257.16,145.70,163.96,428.14,19.00,123.86,214.21,134.75,302.45,193.16,91.44,522.04,35.00,249.30,114.35,506.72,344.98,509.24,258.23,835.50,208.00,62.97,52.00,30.56,87.86,138.30,156.83,82.12,74.00,56.64,46.03,907.00,8.00,8.00,14.00,70.34,55.87,1314.00,8.00,9.00,15.00,61.85,43.36,1078.00,11.00,12.00,13.00,108.13,90.38,2442.00,12.00,11.00,15.00,23.14,19.52,495.00,9.00,10.00,12.00,1,주먹 쥐기 (Fist)
31.44,30.19,-68.31,-109.81,-12.75,141.14,151.88,412.91,198.09,85.19,170.93,344.90,55.00,210.46,155.85,461.30,280.08,179.27,116.22,479.02,73.00,73.31,173.19,85.74,319.47,180.14,143.45,573.44,19.00,236.29,107.56,561.10,356.35,492.84,139.28,907.80,89.00,88.25,83.76,59.31,70.23,140.60,123.50,51.82,108.00,56.57,46.26,948.00,7.00,8.00,14.00,70.58,57.04,1473.00,9.00,10.00,15.00,64.15,45.89,1304.00,11.00,12.00,13.00,111.79,96.66,2596.00,12.00,11.00,15.00,22.84,19.25,457.00,8.00,10.00,12.00,1,주먹 쥐기 (Fist)
56.75,-41.25,95.12,176.31,24.75,228.33,265.46,389.21,172.54,130.82,56.69,260.48,178.00,211.57,117.29,463.46,245.52,168.31,115.31,519.92,114.00,147.51,193.21,113.44,240.10,98.32,205.57,644.60,108.00,362.43,271.14,711.44,153.40,297.37,163.45,998.83,133.00,73.89,75.11,44.70,124.34,98.75,105.01,51.61,164.00,56.45,46.62,841.00,6.00,7.00,14.00,71.37,59.28,1436.00,9.00,10.00,15.00,68.63,52.84,1437.00,11.00,12.00,13.00,120.42,106.56,2698.00,12.00,11.00,15.00,22.61,18.88,464.00,10.00,10.00,12.00,1,주먹 쥐기 (Fist)
-24.69,27.31,-29.88,-131.75,-32.88,126.28,234.75,297.20,276.96,142.49,49.04,260.44,283.00,206.62,48.11,387.20,305.45,255.67,67.99,441.82,25.00,147.51,193.21,113.44,240.10,98.32,205.57,644.60,108.00,112.84,116.34,462.81,242.87,157.03,465.82,1081.77,436.00,65.26,47.89,7.20,136.85,63.09,132.54,85.59,202.00,53.52,43.15,903.00,7.00,8.00,14.00,65.77,53.02,1378.00,9.00,10.00,15.00,68.63,52.84,1526.00,11.00,12.00,13.00,118.79,104.09,2933.00,13.00,12.00,15.00,24.14,20.88,495.00,9.00,10.00,12.00,1,주먹 쥐기 (Fist)
46.81,-141.56,109.25,48.31,-14.62,118.30,239.97,290.61,277.74,147.67,42.99,256.04,275.00,223.79,169.13,276.88,416.30,218.54,202.05,541.01,171.00,215.45,106.46,7.26,338.90,163.33,166.66,673.45,218.00,92.21,148.06,476.15,228.08,124.22,444.05,1081.53,403.00,68.39,12.39,47.10,184.72,79.61,81.26,33.69,150.00,53.05,42.59,903.00,7.00,8.00,14.00,75.24,62.12,1480.00,9.00,10.00,15.00,74.18,61.44,1646.00,11.00,13.00,13.00,117.68,101.77,3015.00,13.00,13.00,15.00,22.79,19.50,454.00,8.00,10.00,12.00,1,주먹 쥐기 (Fist)
58.81,49.50,14.50,-5.31,-25.19,193.08,160.20,284.19,357.35,224.81,90.38,195.83,195.00,228.23,198.50,293.60,399.02,187.68,174.98,527.24,138.00,239.50,63.30,49.06,325.25,127.95,201.83,676.97,174.00,100.43,139.56,466.16,237.32,119.64,445.09,1085.47,393.00,69.17,12.08,50.83,182.49,83.31,85.25,39.99,157.00,55.02,45.56,905.00,7.00,7.00,14.00,73.43,60.31,1562.00,9.00,11.00,15.00,73.96,61.19,1672.00,11.00,13.00,13.00,117.63,101.23,2935.00,14.00,13.00,15.00,23.21,19.94,397.00,7.00,10.00,12.00,1,주먹 쥐기 (Fist)
31.31,-43.25,47.94,197.62,-2.69,225.74,131.89,248.83,363.01,221.31,53.29,232.47,235.00,225.39,206.24,313.27,381.76,202.31,178.57,527.81,158.00,316.12,103.50,181.87,181.12,163.46,61.10,617.60,327.00,468.10,366.19,489.79,356.09,301.57,277.21,859.44,762.00,78.46,50.88,52.04,130.19,30.54,108.49,40.39,101.00,55.59,46.98,820.00,7.00,7.00,14.00,74.01,61.72,1636.00,10.00,11.00,15.00,70.81,58.81,1534.00,10.00,13.00,13.00,122.37,105.75,2804.00,14.00,13.00,15.00,19.33,16.77,367.00,7.00,11.00,12.00,1,주먹 쥐기 (Fist)
78.19,55.19,-36.56,34.69,14.62,387.04,258.99,152.21,162.35,84.41,230.47,22.75,25.00,290.09,260.99,308.22,339.70,196.13,152.69,502.10,263.00,296.23,54.52,201.91,166.63,156.54,133.09,550.18,447.00,321.91,227.09,329.25,472.82,355.12,210.75,741.10,923.00,77.63,45.78,58.83,125.94,34.29,119.43,50.69,90.00,50.58,42.71,679.00,4.00,7.00,14.00,74.54,61.23,1580.00,10.00,11.00,15.00,68.70,55.88,1491.00,10.00,13.00,13.00,112.95,95.69,2713.00,13.00,13.00,15.00,19.67,17.55,363.00,7.00,10.00,12.00,1,주먹 쥐기 (Fist)
6.38,79.31,-42.19,-30.81,4.12,348.72,194.87,90.69,200.90,38.20,272.11,49.19,42.00,258.57,227.05,275.60,372.54,169.20,133.08,485.50,297.00,292.26,44.90,191.94,176.37,149.19,142.65,542.37,457.00,347.60,234.48,343.22,450.29,333.66,181.67,704.83,963.00,89.50,59.53,81.80,103.79,10.76,102.06,26.82,114.00,47.35,39.05,729.00,4.00,8.00,14.00,71.77,59.64,1513.00,10.00,10.00,15.00,68.27,55.34,1432.00,9.00,12.00,12.00,111.84,93.19,2595.00,13.00,12.00,15.00,19.11,16.75,333.00,6.00,11.00,11.00,1,주먹 쥐기 (Fist)
-41.69,-61.94,39.94,7.06,-14.62,348.47,176.27,58.80,147.12,132.85,289.48,46.87,53.00,166.59,169.40,227.81,361.00,254.88,223.08,559.10,205.00,271.88,22.90,185.07,185.32,177.10,131.00,571.20,427.00,326.70,304.12,426.92,362.00,224.91,71.95,595.02,1073.00,61.47,23.53,84.48,94.34,37.22,110.05,18.84,150.00,46.99,39.60,750.00,7.00,8.00,14.00,73.26,63.07,1571.00,11.00,10.00,15.00,68.98,57.45,1422.00,9.00,12.00,12.00,108.18,86.31,2425.00,13.00,13.00,15.00,18.85,16.33,338.00,7.00,10.00,11.00,1,주먹 쥐기 (Fist)
35.31,56.25,-51.25,-27.69,16.75,340.70,164.60,42.80,162.23,140.40,304.05,62.53,69.00,106.83,200.04,279.67,294.00,257.50,173.22,493.61,272.00,241.21,47.80,215.76,153.39,178.81,118.62,536.47,462.00,310.39,244.21,377.43,404.28,220.44,45.01,538.58,1133.00,42.78,17.56,106.39,72.44,28.85,90.18,9.08,128.00,47.58,40.48,711.00,7.00,8.00,14.00,68.07,59.41,1504.00,11.00,10.00,15.00,66.80,55.53,1417.00,9.00,12.00,12.00,106.23,82.56,2428.00,14.00,13.00,15.00,16.76,14.78,310.00,7.00,10.00,11.00,1,주먹 쥐기 (Fist)
-18.00,-20.25,42.44,67.12,-0.50,280.55,79.60,79.09,157.71,202.76,226.93,46.86,16.00,133.10,160.64,247.00,296.71,296.64,180.38,454.21,312.00,204.66,83.76,244.86,140.69,143.20,151.27,568.87,425.00,261.58,186.08,466.04,309.48,73.04,163.25,693.34,938.00,62.22,9.08,98.88,72.99,47.67,71.26,23.28,108.00,40.61,34.75,725.00,6.00,9.00,14.00,66.62,56.59,1568.00,12.00,11.00,15.00,67.66,58.13,1474.00,9.00,13.00,12.00,103.41,79.88,2373.00,12.00,13.00,15.00,16.00,13.69,293.00,7.00,10.00,11.00,1,주먹 쥐기 (Fist)
16.31,36.94,-2.62,54.75,-7.19,205.01,65.98,161.09,71.59,136.65,266.71,51.67,75.00,192.33,98.31,286.01,204.94,257.18,107.99,534.72,219.00,172.63,106.09,239.67,172.99,166.41,120.90,548.45,458.00,256.09,204.56,487.24,288.20,94.68,151.79,680.88,960.00,41.83,25.12,83.69,93.77,62.75,65.72,40.91,87.00,36.74,31.10,722.00,7.00,10.00,14.00,66.04,54.67,1570.00,12.00,12.00,15.00,67.11,56.33,1512.00,10.00,13.00,13.00,103.99,81.25,2320.00,11.00,13.00,15.00,15.78,13.21,298.00,7.00,9.00,11.00,1,주먹 쥐기 (Fist)
111.75,140.88,0.62,169.38,13.62,75.87,217.73,231.81,134.65,139.39,329.48,121.19,78.00,291.37,202.04,429.21,226.77,169.76,252.46,455.13,364.00,140.41,118.05,198.11,186.21,185.21,141.54,561.01,414.00,221.69,415.51,556.70,401.73,183.00,223.02,752.45,746.00,44.19,22.43,86.53,93.43,62.07,67.62,43.03,84.00,45.99,35.62,827.00,7.00,10.00,15.00,75.38,61.98,1618.00,12.00,11.00,15.00,66.28,54.00,1513.00,11.00,13.00,13.00,112.53,89.05,2362.00,10.00,13.00,15.00,15.93,13.42,313.00,8.00,9.00,12.00,1,주먹 쥐기 (Fist)
27.19,50.56,-47.75,-29.88,22.25,43.42,277.00,216.26,180.71,189.32,257.37,48.97,5.00,285.67,191.61,426.47,217.08,158.78,260.76,454.60,375.00,143.94,121.61,205.14,195.39,195.09,140.35,560.44,404.00,239.90,373.28,606.20,353.42,245.24,241.09,762.76,670.00,47.52,21.44,87.16,99.41,67.97,61.65,40.95,90.00,45.29,34.46,883.00,7.00,10.00,15.00,74.87,61.38,1644.00,11.00,12.00,15.00,66.69,54.62,1523.00,12.00,13.00,13.00,112.28,88.62,2302.00,10.00,13.00,15.00,16.38,13.84,296.00,7.00,9.00,11.00,1,주먹 쥐기 (Fist)
-36.81,99.69,-103.00,-79.12,57.75,48.62,273.58,231.40,191.63,203.41,244.41,37.17,11.00,319.74,259.46,343.90,190.07,148.52,291.40,503.67,485.00,146.66,147.96,196.44,207.88,190.34,162.74,572.94,432.00,170.02,361.74,470.93,246.92,270.43,230.20,746.50,522.00,95.56,88.12,44.35,127.91,67.65,125.66,78.97,18.00,45.93,35.59,902.00,8.00,9.00,15.00,79.17,66.11,1563.00,11.00,12.00,15.00,69.00,56.38,1348.00,11.00,12.00,13.00,99.30,79.38,2067.00,9.00,12.00,15.00,22.01,17.66,329.00,7.00,8.00,12.00,1,주먹 쥐기 (Fist)
-112.75,42.06,-55.81,-71.19,23.75,91.92,303.89,265.96,229.02,213.06,255.85,69.73,38.00,393.45,338.22,169.88,13.00,57.08,402.83,358.23,283.00,244.57,364.96,43.10,114.13,107.49,74.34,423.97,205.00,258.37,450.88,477.24,358.34,208.82,198.05,706.22,395.00,131.04,130.44,15.27,95.72,21.74,112.63,63.52,66.00,51.57,39.03,919.00,8.00,9.00,15.00,70.27,55.59,1428.00,10.00,12.00,15.00,57.67,50.56,1129.00,8.00,12.00,13.00,100.23,80.34,1872.00,8.00,11.00,14.00,22.18,18.03,349.00,7.00,9.00,12.00,1,주먹 쥐기 (Fist)
-134.88,-86.81,5.44,-37.94,-18.88,233.85,445.75,258.06,185.13,72.42,342.91,114.63,104.00,383.27,366.16,164.58,119.60,131.94,516.79,268.09,169.00,211.57,322.14,113.23,201.56,94.47,163.86,355.12,113.00,154.48,343.57,570.85,413.21,102.91,148.63,648.38,287.00,127.89,128.28,19.94,100.85,23.33,116.63,66.14,72.00,62.23,49.02,917.00,7.00,8.00,15.00,73.58,61.98,1490.00,10.00,11.00,15.00,53.78,45.49,1027.00,8.00,11.00,13.00,94.07,74.43,1612.00,7.00,10.00,14.00,22.45,18.38,351.00,7.00,8.00,12.00,1,주먹 쥐기 (Fist)
31.69,1.94,-20.69,-6.25,15.94,242.12,452.39,250.76,176.14,78.06,333.92,105.69,95.00,363.63,318.53,207.17,125.54,139.24,554.05,220.81,117.00,215.83,294.47,87.85,205.88,74.89,245.34,258.28,3.00,325.44,467.89,454.36,295.74,133.63,98.95,526.74,116.00,126.72,134.33,31.53,94.94,10.33,103.64,56.68,59.00,61.90,48.52,995.00,7.00,8.00,15.00,72.58,58.16,1519.00,10.00,11.00,15.00,49.68,42.06,935.00,8.00,11.00,13.00,85.26,63.19,1306.00,6.00,9.00,14.00,21.63,17.56,325.00,7.00,8.00,12.00,1,주먹 쥐기 (Fist)
-18.25,33.56,9.31,-45.06,-24.50,221.41,451.90,277.74,180.06,70.23,314.03,76.24,64.00,349.61,297.89,225.16,146.56,156.43,553.46,242.74,139.00,225.51,332.39,39.88,160.85,61.31,259.86,211.39,45.00,216.47,464.15,402.29,201.47,249.52,137.95,420.96,9.00,124.47,127.57,32.12,101.39,10.06,98.61,50.43,52.00,60.87,46.34,972.00,7.00,9.00,15.00,73.02,59.02,1374.00,9.00,10.00,15.00,48.88,40.23,822.00,8.00,11.00,13.00,75.17,57.33,1159.00,5.00,9.00,14.00,21.07,17.12,350.00,8.00,8.00,12.00,1,주먹 쥐기 (Fist)
14.25,-86.75,9.81,-60.50,-18.38,223.81,446.17,278.60,187.88,62.76,315.13,70.70,56.00,278.59,274.47,224.99,148.01,94.93,497.47,164.12,54.00,177.22,230.58,126.31,153.57,56.62,240.56,109.80,149.00,261.53,409.99,474.97,262.65,268.05,157.35,350.57,82.00,125.76,129.32,30.16,102.16,12.05,98.65,48.44,50.00,60.72,45.91,987.00,8.00,9.00,15.00,63.14,52.31,1300.00,9.00,10.00,15.00,40.34,34.54,736.00,8.00,11.00,12.00,76.75,59.19,1126.00,4.00,8.00,14.00,21.17,17.25,345.00,8.00,8.00,11.00,1,주먹 쥐기 (Fist)
46.75,-70.88,49.94,-1.12,-5.81,224.51,454.17,270.90,186.43,57.40,321.61,68.52,48.00,370.07,229.86,307.93,239.27,168.95,404.43,126.14,40.00,196.37,247.29,126.78,182.66,60.82,220.91,88.81,179.00,248.71,451.99,457.19,285.04,240.15,151.09,308.80,124.00,105.79,124.94,47.21,81.49,30.33,116.45,27.14,27.00,61.07,46.34,995.00,8.00,8.00,15.00,65.59,56.91,1216.00,8.00,10.00,15.00,41.98,36.18,735.00,8.00,11.00,12.00,76.03,57.55,962.00,3.00,8.00,14.00,20.01,15.91,340.00,8.00,8.00,11.00,1,주먹 쥐기 (Fist)
-8.75,-3.38,-13.94,0.06,1.44,214.08,437.64,286.44,162.79,71.96,345.30,76.37,24.00,299.70,296.01,260.84,236.55,228.37,348.67,162.69,112.00,126.29,271.41,51.91,182.66,57.99,139.86,103.72,261.00,290.27,341.80,348.41,170.84,73.78,136.54,167.20,319.00,94.00,132.84,46.81,88.01,32.30,104.63,35.73,39.00,61.01,46.12,992.00,9.00,8.00,15.00,62.99,51.70,1183.00,7.00,10.00,15.00,38.87,33.44,712.00,8.00,12.00,12.00,59.59,42.18,800.00,6.00,9.00,14.00,19.85,15.44,330.00,8.00,7.00,10.00,1,주먹 쥐기 (Fist)
-18.50,19.31,16.38,195.50,-1.00,159.16,453.29,259.94,174.64,43.83,297.47,63.77,124.00,308.66,286.05,255.12,225.62,227.41,348.44,172.70,123.00,167.81,231.29,91.94,141.09,55.50,106.94,141.68,304.00,316.66,318.08,533.39,40.25,237.58,219.06,239.93,504.00,102.85,123.84,54.93,80.92,41.29,99.81,41.03,48.00,58.03,42.88,932.00,9.00,8.00,15.00,62.72,51.10,1183.00,8.00,9.00,15.00,38.61,32.80,740.00,9.00,12.00,13.00,77.89,58.12,944.00,3.00,9.00,14.00,19.76,15.00,324.00,8.00,8.00,10.00,1,주먹 쥐기 (Fist)
128.31,84.19,-12.88,16.88,-5.69,265.07,345.63,386.86,75.77,171.00,371.60,162.21,255.00,291.76,299.07,288.84,224.11,195.54,373.12,206.69,157.00,187.57,212.89,96.33,148.14,71.69,108.12,121.69,284.00,374.86,281.13,566.64,42.05,202.28,222.95,173.23,430.00,107.10,120.24,58.63,84.22,39.49,98.66,39.70,43.00,66.81,51.06,1033.00,9.00,8.00,15.00,65.00,52.96,1103.00,7.00,8.00,15.00,37.88,31.39,684.00,9.00,12.00,13.00,76.83,57.92,1087.00,3.00,9.00,14.00,19.81,15.27,308.00,8.00,7.00,9.00,1,주먹 쥐기 (Fist)
8.94,-0.25,6.12,14.19,3.62,334.93,275.90,430.11,142.97,166.40,301.64,122.53,185.00,301.78,282.05,331.72,121.20,277.71,270.37,117.08,54.00,148.49,234.36,136.22,106.25,113.90,88.60,78.87,236.00,417.01,241.60,541.61,45.49,172.81,188.07,215.89,473.00,93.64,123.39,71.74,66.89,62.59,77.43,51.92,16.00,65.22,47.80,1070.00,8.00,8.00,15.00,60.00,45.75,1067.00,7.00,8.00,15.00,35.54,28.77,611.00,9.00,12.00,13.00,76.62,58.02,1056.00,3.00,8.00,13.00,19.03,14.25,289.00,8.00,7.00,9.00,1,주먹 쥐기 (Fist)
-28.06,21.06,-78.94,-208.88,3.81,290.04,308.58,452.91,141.28,213.25,268.47,132.06,137.00,308.67,274.48,325.62,121.07,279.38,277.62,122.50,65.00,133.93,228.38,174.93,138.68,122.84,130.05,111.93,283.00,263.32,394.83,698.23,198.58,47.54,33.55,371.30,632.00,93.71,125.00,68.87,64.35,64.80,74.43,54.63,13.00,65.48,48.69,1062.00,8.00,7.00,15.00,60.18,46.44,1015.00,7.00,8.00,15.00,39.97,32.07,603.00,9.00,12.00,13.00,92.41,65.73,1182.00,5.00,7.00,13.00,18.98,14.06,273.00,7.00,7.00,8.00,1,주먹 쥐기 (Fist)
-148.06,-138.00,64.06,110.56,14.25,218.84,336.69,579.79,268.67,177.97,287.42,100.82,265.00,241.73,353.43,403.57,42.19,356.88,284.71,156.15,144.00,133.93,228.38,174.93,138.68,122.84,130.05,111.93,283.00,308.46,366.93,686.89,199.58,100.69,59.75,420.84,689.00,104.99,100.66,75.40,80.72,61.33,59.86,79.61,12.00,75.48,56.69,1150.00,7.00,7.00,15.00,67.96,52.38,1116.00,5.00,9.00,15.00,39.97,32.07,703.00,10.00,12.00,13.00,95.59,69.92,1494.00,4.00,7.00,13.00,19.18,14.38,277.00,5.00,6.00,9.00,1,주먹 쥐기 (Fist)
-17.56,-6.31,32.31,21.94,-35.62,223.66,324.25,591.96,268.82,140.83,305.60,109.65,225.00,231.08,361.53,406.40,44.60,351.11,290.67,153.33,133.00,127.19,240.37,186.54,148.22,118.67,125.90,110.68,271.00,296.97,360.18,668.27,177.90,115.20,81.42,435.26,711.00,90.71,116.56,88.65,93.72,45.84,67.77,96.64,30.00,75.44,56.38,1173.00,7.00,7.00,15.00,67.97,52.65,1134.00,5.00,9.00,15.00,40.47,32.73,728.00,10.00,12.00,14.00,95.13,68.20,1456.00,4.00,7.00,13.00,20.72,15.55,307.00,7.00,7.00,9.00,1,주먹 쥐기 (Fist)
210.88,95.19,4.75,41.62,-2.25,188.07,403.65,660.73,357.62,96.87,392.38,184.16,136.00,207.32,363.58,387.80,67.68,337.34,267.17,151.17,157.00,146.52,225.13,173.80,136.00,137.05,137.97,120.37,248.00,311.78,247.60,559.88,244.68,211.14,111.83,410.20,572.00,85.04,118.67,93.94,97.67,51.05,61.91,92.10,24.00,87.02,62.64,1327.00,8.00,7.00,15.00,65.58,51.34,1143.00,6.00,8.00,15.00,39.91,31.47,708.00,9.00,12.00,14.00,84.82,58.42,1263.00,5.00,8.00,13.00,20.71,15.50,331.00,7.00,8.00,10.00,1,주먹 쥐기 (Fist)
-11.56,-2.75,-11.88,-3.69,4.31,225.03,351.10,612.37,358.81,148.68,440.94,241.14,79.00,179.82,344.15,358.76,68.41,369.80,295.48,166.93,124.00,136.62,224.37,167.98,127.26,145.49,147.85,128.44,238.00,298.25,268.60,552.86,230.12,228.24,132.61,418.38,551.00,76.05,115.44,93.63,91.24,52.69,69.71,96.32,33.00,86.40,60.08,1488.00,8.00,8.00,15.00,65.18,49.88,1187.00,7.00,8.00,15.00,39.65,30.77,667.00,10.00,11.00,14.00,84.61,57.27,1267.00,6.00,9.00,13.00,20.47,14.94,297.00,8.00,7.00,9.00,1,주먹 쥐기 (Fist)
-47.69,-16.88,-20.75,-7.50,7.38,253.22,341.77,618.72,388.67,130.49,433.93,213.38,109.00,154.86,237.17,388.01,47.54,362.08,285.91,97.31,234.00,77.97,182.95,108.01,110.02,166.71,104.65,69.14,300.00,246.64,314.40,492.03,278.46,247.65,107.25,376.28,612.00,38.35,74.59,52.34,65.25,7.34,72.61,101.90,16.00,87.12,61.48,1447.00,8.00,8.00,15.00,61.41,47.17,1163.00,7.00,8.00,15.00,34.44,26.41,639.00,10.00,11.00,13.00,82.96,53.94,1267.00,6.00,9.00,13.00,15.28,12.22,266.00,8.00,7.00,8.00,1,주먹 쥐기 (Fist)
-22.62,17.19,59.00,218.38,2.88,174.46,310.91,540.81,403.73,187.54,481.96,168.76,188.00,173.20,208.84,421.01,46.49,330.82,261.11,121.05,201.00,85.92,71.57,152.81,226.01,54.24,139.10,185.14,184.00,87.06,466.39,446.03,515.19,59.99,260.50,663.44,306.00,42.28,50.62,31.53,88.65,31.33,51.09,87.30,8.00,83.67,57.78,1446.00,8.00,8.00,15.00,60.30,45.88,1059.00,7.00,8.00,15.00,35.40,26.75,659.00,8.00,11.00,13.00,98.74,66.45,1472.00,5.00,9.00,13.00,13.82,11.09,229.00,7.00,6.00,7.00,1,주먹 쥐기 (Fist)
89.56,83.88,55.94,154.88,-22.69,116.12,153.00,458.31,634.51,129.17,245.95,294.33,49.00,89.23,303.23,392.17,225.50,248.79,80.28,299.31,20.00,133.07,29.70,198.93,231.68,71.43,149.39,140.99,233.00,266.80,524.33,658.93,460.28,188.58,258.10,450.18,522.00,47.76,46.25,34.23,90.25,29.48,57.92,93.05,1.00,79.77,57.87,1407.00,8.00,7.00,15.00,60.12,43.38,1045.00,7.00,8.00,15.00,38.15,29.81,626.00,7.00,10.00,12.00,105.82,76.67,1501.00,7.00,9.00,13.00,14.42,11.64,221.00,7.00,5.00,7.00,1,주먹 쥐기 (Fist)
224.81,190.81,-104.81,-169.50,48.31,330.51,119.71,658.83,632.77,101.55,441.05,255.73,171.00,222.76,376.09,593.90,317.49,131.67,268.14,114.52,229.00,52.36,86.22,208.69,314.17,82.10,228.89,111.47,317.00,182.63,581.25,600.80,598.21,293.99,390.10,343.83,660.00,18.18,51.61,3.98,121.40,59.21,80.09,124.61,31.00,98.54,76.13,1508.00,7.00,6.00,15.00,77.72,55.96,1132.00,8.00,7.00,15.00,46.29,35.09,759.00,9.00,9.00,12.00,114.04,82.62,1803.00,6.00,9.00,13.00,18.47,13.14,254.00,7.00,5.00,7.00,1,주먹 쥐기 (Fist)
-148.19,-64.88,12.19,-53.12,2.56,224.14,159.17,588.99,743.45,195.40,498.93,334.65,283.00,174.86,397.85,549.90,382.46,61.21,321.20,115.97,314.00,52.36,86.22,208.69,314.17,82.10,228.89,111.47,317.00,182.80,571.56,593.36,598.56,292.77,398.68,340.36,670.00,11.40,51.00,30.53,129.87,47.66,81.17,97.73,3.00,105.12,80.51,1856.00,8.00,7.00,15.00,79.41,58.09,1278.00,8.00,7.00,15.00,46.29,35.09,870.00,10.00,9.00,13.00,113.72,82.00,1900.00,6.00,9.00,13.00,17.44,11.44,292.00,7.00,6.00,8.00,1,주먹 쥐기 (Fist)
-127.94,-94.88,-59.44,-120.62,24.62,160.26,291.02,670.20,773.22,235.97,533.99,210.35,151.00,174.86,397.85,549.90,382.46,61.21,321.20,115.97,314.00,72.44,90.54,248.11,245.36,14.41,256.17,167.71,387.00,200.03,606.37,629.76,558.61,254.65,410.49,344.78,710.00,55.47,48.85,67.17,88.81,26.26,48.85,136.77,50.00,110.18,86.17,1835.00,7.00,7.00,15.00,79.41,58.09,1298.00,8.00,7.00,15.00,48.74,38.69,904.00,11.00,9.00,13.00,115.94,84.50,1908.00,6.00,9.00,13.00,17.87,11.67,303.00,7.00,7.00,8.00,1,주먹 쥐기 (Fist)
-85.75,110.12,-30.88,225.12,55.38,228.34,397.01,794.52,649.76,110.83,416.15,341.27,282.00,217.02,216.51,357.13,564.36,224.16,491.12,110.12,106.00,158.87,104.95,223.50,242.99,86.77,291.65,79.80,298.00,155.55,588.27,686.48,605.08,211.51,381.32,530.94,970.00,119.01,69.42,94.71,73.76,90.32,115.24,107.09,18.00,111.97,86.66,1812.00,6.00,7.00,15.00,81.45,62.59,1444.00,9.00,8.00,15.00,47.48,37.62,858.00,10.00,9.00,13.00,129.61,101.45,2259.00,7.00,9.00,13.00,22.79,15.69,330.00,5.00,6.00,9.00,1,주먹 쥐기 (Fist)
34.19,67.88,14.44,-14.94,-31.81,183.32,387.23,791.18,669.19,123.38,369.14,387.43,331.00,266.84,231.80,379.44,610.98,234.42,396.92,82.99,206.00,132.73,112.78,249.42,216.36,96.59,317.99,53.35,271.00,168.34,615.16,719.48,574.79,178.57,399.80,498.57,937.00,97.21,73.64,109.22,45.88,108.74,139.51,116.70,47.00,112.28,89.02,1919.00,7.00,6.00,15.00,83.05,66.39,1458.00,9.00,9.00,15.00,47.55,37.74,872.00,10.00,8.00,13.00,129.12,100.16,2290.00,7.00,9.00,13.00,24.19,16.69,416.00,8.00,7.00,10.00,1,주먹 쥐기 (Fist)
105.12,10.50,54.19,80.31,-23.62,39.67,488.44,924.95,541.66,23.29,454.80,293.51,186.00,274.16,252.11,401.42,592.45,212.48,406.06,71.17,184.00,106.91,146.88,273.00,225.49,122.29,288.43,84.98,307.00,180.66,532.78,693.03,613.80,171.02,482.95,416.40,853.00,92.16,91.19,127.71,55.44,117.16,135.77,103.18,28.00,115.24,95.36,1844.00,6.00,5.00,15.00,83.05,66.56,1447.00,6.00,8.00,15.00,49.28,39.71,886.00,9.00,7.00,13.00,124.16,93.11,2206.00,9.00,10.00,13.00,24.90,17.88,418.00,8.00,7.00,10.00,1,주먹 쥐기 (Fist)
97.31,65.81,-19.19,41.88,0.69,58.61,469.54,912.00,551.93,38.77,454.86,291.54,167.00,274.22,262.24,406.11,586.50,217.72,409.78,79.67,195.00,110.24,138.19,277.16,216.07,131.10,287.18,92.38,317.00,147.45,564.54,650.31,661.46,224.84,527.60,373.08,798.00,90.38,81.34,126.22,47.42,128.06,142.74,93.40,17.00,114.14,94.02,1738.00,6.00,6.00,14.00,83.55,67.34,1425.00,5.00,8.00,15.00,49.46,40.41,944.00,9.00,7.00,13.00,124.60,96.03,2241.00,7.00,11.00,14.00,24.78,17.27,432.00,8.00,7.00,10.00,1,주먹 쥐기 (Fist)
16.31,-43.81,90.25,71.25,-25.56,44.83,479.78,905.36,565.33,40.96,443.98,296.99,151.00,282.87,254.59,421.03,568.02,204.99,429.89,101.12,217.00,142.35,181.93,188.35,203.55,152.33,349.86,154.92,406.00,95.19,560.08,571.55,709.13,191.59,517.94,421.56,888.00,106.58,93.39,102.30,32.76,138.04,170.68,65.63,11.00,114.22,95.15,1778.00,5.00,6.00,14.00,84.10,68.56,1514.00,7.00,8.00,15.00,54.65,45.75,971.00,9.00,7.00,13.00,125.91,100.72,2043.00,7.00,11.00,14.00,25.64,18.94,460.00,9.00,8.00,11.00,1,주먹 쥐기 (Fist)
45.62,41.44,-124.25,-218.94,117.75,77.15,481.31,814.40,619.19,124.60,534.88,242.98,242.00,252.05,237.90,380.38,593.40,161.91,471.05,144.54,261.00,108.78,187.90,204.28,243.46,132.45,389.71,181.11,446.00,78.63,536.70,577.79,680.80,163.00,494.37,413.64,853.00,53.57,168.57,216.48,155.16,108.98,274.98,61.23,134.00,114.37,95.88,1685.00,5.00,6.00,14.00,84.78,71.31,1438.00,7.00,8.00,15.00,59.28,48.25,1045.00,9.00,7.00,13.00,121.75,98.80,2008.00,7.00,11.00,14.00,39.77,28.59,599.00,6.00,8.00,11.00,1,주먹 쥐기 (Fist)
-227.75,-73.75,7.19,15.62,-1.69,20.81,519.48,836.73,664.81,164.94,578.90,201.50,300.00,169.32,156.94,395.11,517.76,202.95,438.05,77.39,162.00,57.81,237.00,175.16,252.88,187.45,356.59,167.10,391.00,123.25,593.55,521.85,716.41,116.37,437.54,428.90,796.00,53.11,159.78,215.43,155.82,102.23,278.27,70.16,143.00,120.56,99.50,1834.00,6.00,7.00,14.00,75.50,65.12,1416.00,8.00,9.00,15.00,57.34,45.09,1142.00,10.00,8.00,13.00,120.51,94.80,2149.00,7.00,11.00,14.00,39.73,28.03,668.00,6.00,8.00,11.00,1,주먹 쥐기 (Fist)
-41.75,-0.50,-1.62,23.88,-33.38,20.81,519.48,836.73,664.81,164.94,578.90,201.50,300.00,128.56,112.95,438.84,488.46,227.82,416.73,86.96,206.00,23.72,269.89,140.19,219.46,177.05,351.34,160.57,426.00,79.73,561.06,547.76,750.43,137.79,404.98,459.37,752.00,49.58,165.90,205.78,144.89,92.33,274.23,79.93,154.00,120.56,99.50,1786.00,5.00,7.00,14.00,74.73,62.44,1392.00,9.00,9.00,15.00,56.77,43.38,1124.00,11.00,9.00,13.00,120.58,95.38,2149.00,7.00,10.00,14.00,39.06,27.69,666.00,6.00,8.00,11.00,1,주먹 쥐기 (Fist)
145.38,-17.62,92.50,143.69,-32.00,30.93,556.75,790.09,625.36,115.45,549.01,151.73,350.00,206.49,176.48,407.32,431.48,303.38,343.72,121.57,284.00,117.70,243.29,193.50,264.88,260.05,284.73,144.34,520.00,86.62,581.24,488.47,860.99,46.51,438.33,313.71,915.00,64.82,170.94,223.52,144.12,96.71,254.37,96.07,176.00,116.10,96.38,1744.00,5.00,7.00,14.00,73.48,60.25,1314.00,8.00,10.00,15.00,61.58,49.25,1208.00,11.00,10.00,13.00,126.14,103.15,2235.00,7.00,10.00,14.00,39.82,28.38,660.00,6.00,8.00,11.00,1,주먹 쥐기 (Fist)
200.94,22.25,35.94,8.88,-4.00,216.65,589.32,830.75,804.80,209.44,309.24,109.57,597.00,146.55,168.54,360.47,481.51,321.59,283.72,158.61,350.00,171.65,282.62,181.62,222.93,223.29,341.45,167.74,463.00,162.80,649.18,412.81,810.26,35.52,473.17,389.72,838.00,64.82,170.94,223.52,144.12,96.71,254.37,96.07,176.00,126.92,106.05,1777.00,5.00,6.00,14.00,72.99,58.91,1337.00,9.00,10.00,15.00,62.11,50.19,1256.00,9.00,10.00,14.00,125.09,99.11,2365.00,7.00,11.00,15.00,39.82,28.38,688.00,6.00,8.00,12.00,1,주먹 쥐기 (Fist)
-10.94,16.81,-16.69,-57.81,-18.06,290.80,660.71,773.12,760.45,157.54,380.69,31.57,519.00,115.85,241.16,279.74,433.29,388.67,321.11,149.29,263.00,179.64,292.60,172.20,215.68,218.05,333.83,159.55,473.00,172.54,659.61,406.73,801.77,28.70,462.50,379.07,849.00,79.75,185.35,208.78,144.28,104.39,248.03,98.98,191.00,125.08,100.94,1954.00,8.00,7.00,14.00,71.19,56.19,1305.00,9.00,10.00,14.00,61.89,49.56,1221.00,9.00,10.00,14.00,124.75,98.34,2186.00,7.00,10.00,15.00,40.08,28.84,697.00,6.00,9.00,13.00,1,주먹 쥐기 (Fist)
-21.44,-7.25,42.50,164.00,-17.50,323.26,697.80,736.53,726.94,138.09,366.36,70.23,559.00,131.39,272.77,283.10,404.74,361.19,329.72,134.24,296.00,170.49,280.21,185.62,202.83,199.25,333.02,141.15,492.00,164.37,653.87,399.49,793.53,38.01,451.39,368.80,862.00,87.82,189.94,203.93,153.26,109.56,244.86,100.47,182.00,124.27,98.44,1835.00,7.00,7.00,13.00,70.52,54.12,1249.00,9.00,10.00,14.00,60.90,48.44,1279.00,12.00,11.00,15.00,123.64,97.62,2357.00,8.00,11.00,15.00,40.26,29.19,671.00,6.00,8.00,12.00,1,주먹 쥐기 (Fist)
74.00,-94.44,15.56,-103.62,-14.81,328.36,701.45,736.89,732.01,147.09,362.38,62.81,550.00,77.54,237.96,149.46,352.81,415.24,459.76,108.80,437.00,174.46,289.27,174.65,168.67,216.19,300.92,189.86,443.00,258.76,770.88,164.00,621.81,214.16,561.70,533.59,616.00,75.22,195.79,192.36,155.91,130.00,226.07,113.72,161.00,124.59,99.00,1782.00,8.00,7.00,13.00,73.98,57.70,1225.00,9.00,9.00,14.00,58.93,45.76,1143.00,11.00,11.00,15.00,122.17,98.80,2307.00,8.00,11.00,15.00,39.45,28.47,602.00,5.00,7.00,11.00,1,주먹 쥐기 (Fist)
-22.25,-8.75,36.38,110.31,22.19,367.47,824.90,507.12,543.53,337.63,150.08,226.40,298.00,203.37,395.55,124.62,173.33,232.75,302.85,209.66,250.00,149.82,176.90,318.02,106.07,163.12,156.37,327.14,296.00,99.19,455.46,350.02,411.49,461.29,614.90,748.87,295.00,79.11,181.53,208.20,140.25,133.78,210.85,128.49,145.00,111.81,87.47,1514.00,6.00,7.00,13.00,60.24,50.03,1038.00,8.00,10.00,14.00,53.62,40.67,1056.00,8.00,11.00,15.00,115.39,90.85,2424.00,9.00,11.00,15.00,38.69,26.99,594.00,5.00,6.00,11.00,1,주먹 쥐기 (Fist)
-22.75,49.44,34.50,41.31,-34.88,273.77,690.37,620.04,448.38,361.43,24.85,361.42,162.00,143.61,268.30,37.61,174.54,260.11,326.41,349.69,109.00,150.47,147.32,334.84,76.49,190.87,182.88,304.14,326.00,205.02,340.29,365.82,288.47,487.48,678.21,689.32,439.00,83.57,152.14,218.17,149.97,158.92,226.33,97.50,176.00,105.03,78.75,1510.00,6.00,8.00,12.00,57.75,46.30,1075.00,9.00,9.00,14.00,54.33,42.50,980.00,7.00,10.00,14.00,113.33,87.06,2414.00,9.00,11.00,15.00,39.70,28.20,628.00,5.00,7.00,11.00,1,주먹 쥐기 (Fist)
149.50,60.31,58.81,106.69,-32.31,174.95,471.72,657.16,281.19,629.56,340.09,169.39,478.00,280.17,291.71,231.08,80.06,68.48,165.74,174.32,303.00,175.39,85.29,288.38,144.92,139.71,189.53,385.48,187.00,459.69,447.01,236.90,527.36,190.95,394.24,734.49,141.00,98.24,138.43,182.52,203.36,116.97,244.24,151.31,119.00,105.29,81.19,1668.00,9.00,8.00,12.00,50.92,41.56,880.00,8.00,8.00,14.00,53.31,41.69,990.00,9.00,10.00,14.00,107.77,83.31,2136.00,10.00,11.00,15.00,40.19,28.02,594.00,9.00,6.00,10.00,1,주먹 쥐기 (Fist)
141.25,84.31,-43.12,-0.88,9.06,359.79,611.33,487.52,572.07,467.18,240.64,279.07,186.00,280.17,291.71,231.08,80.06,68.48,165.74,174.32,303.00,179.05,98.20,273.96,153.22,125.62,175.56,380.05,202.00,346.39,264.99,408.48,478.03,182.56,234.11,750.63,42.00,119.57,179.30,129.57,194.13,102.46,194.46,113.57,173.00,106.05,83.09,1555.00,7.00,8.00,12.00,50.92,41.56,868.00,8.00,8.00,14.00,52.42,40.75,1044.00,10.00,11.00,14.00,98.35,71.98,2017.00,10.00,11.00,15.00,37.20,23.80,543.00,9.00,6.00,10.00,1,주먹 쥐기 (Fist)
-88.69,-75.44,-11.12,73.50,50.00,323.17,546.46,552.52,571.79,517.04,296.91,319.24,121.00,158.08,183.53,339.43,181.86,77.89,279.92,233.44,171.00,179.05,98.20,273.96,153.22,125.62,175.56,380.05,202.00,383.10,383.98,341.83,340.85,320.32,257.79,738.24,180.00,128.01,100.60,163.20,275.09,39.69,121.01,124.08,254.00,108.25,86.94,1709.00,9.00,8.00,12.00,53.07,42.95,980.00,9.00,8.00,14.00,52.42,40.75,1034.00,9.00,11.00,14.00,99.12,73.62,2010.00,10.00,11.00,15.00,38.80,26.25,582.00,9.00,6.00,11.00,1,주먹 쥐기 (Fist)
-64.62,64.31,-57.25,-89.81,2.25,332.71,457.12,613.58,700.64,410.38,179.03,299.72,250.00,206.52,195.22,290.34,217.92,102.15,312.40,264.40,103.00,238.71,98.61,243.45,221.88,122.77,228.41,351.04,108.00,395.81,360.32,262.97,377.01,380.25,376.02,700.81,303.00,149.75,91.55,151.55,275.80,67.68,130.16,104.47,226.00,108.56,86.95,1716.00,9.00,9.00,13.00,55.61,47.06,1068.00,8.00,8.00,14.00,53.87,42.12,1012.00,6.00,11.00,14.00,101.58,77.16,2146.00,10.00,11.00,15.00,38.31,25.19,603.00,5.00,6.00,11.00,1,주먹 쥐기 (Fist)
-49.62,52.31,-125.38,-302.75,52.69,411.21,483.24,559.08,704.79,393.50,232.56,270.31,138.00,206.52,195.22,290.34,217.92,102.15,312.40,264.40,103.00,329.12,190.68,153.78,186.43,201.88,247.51,410.25,202.00,643.44,625.94,70.00,167.86,607.62,198.19,924.86,18.00,205.69,132.31,94.64,219.01,69.35,158.94,157.01,283.00,108.38,85.28,1644.00,8.00,8.00,12.00,55.61,47.06,969.00,7.00,8.00,14.00,62.11,48.08,971.00,7.00,10.00,14.00,128.18,98.81,2344.00,7.00,10.00,15.00,40.65,29.59,629.00,7.00,6.00,11.00,1,주먹 쥐기 (Fist)
-244.50,-153.38,28.31,64.50,5.19,646.41,710.03,317.27,465.28,624.66,345.48,435.89,380.00,217.72,292.20,189.59,293.21,202.98,400.01,300.70,204.00,387.50,240.59,119.93,128.55,163.70,194.24,356.76,143.00,631.53,614.70,60.87,179.81,617.53,206.90,936.42,30.00,244.82,171.83,84.57,218.83,29.53,119.17,117.14,243.00,125.34,96.62,1819.00,7.00,8.00,12.00,66.56,54.03,1093.00,9.00,7.00,14.00,58.69,44.85,904.00,7.00,10.00,14.00,128.52,99.38,2424.00,7.00,10.00,15.00,39.81,28.99,523.00,6.00,6.00,11.00,1,주먹 쥐기 (Fist)
-30.31,-5.62,41.88,79.50,-31.94,712.15,769.67,301.61,458.25,587.74,278.58,370.40,313.00,249.50,330.40,181.28,320.32,192.31,358.69,266.94,160.00,247.04,256.91,133.16,197.57,307.17,53.74,174.86,40.00,320.94,566.13,362.76,365.79,759.60,129.72,604.43,306.00,142.61,147.11,88.03,62.94,153.53,97.18,77.53,85.00,125.30,95.18,1752.00,6.00,8.00,12.00,65.94,52.67,1129.00,8.00,7.00,14.00,49.40,38.25,801.00,7.00,9.00,14.00,115.07,87.12,2229.00,9.00,10.00,15.00,27.43,22.06,450.00,7.00,6.00,11.00,1,주먹 쥐기 (Fist)
182.50,120.62,-80.62,-107.06,37.94,415.32,754.44,241.89,16.55,930.57,338.16,104.22,138.00,82.81,333.07,91.43,492.49,382.59,333.74,103.67,44.00,275.15,190.14,170.20,249.44,364.23,114.70,106.20,112.00,378.17,498.99,325.89,415.35,844.05,203.79,534.08,393.00,144.54,116.70,94.77,61.85,174.51,131.13,109.68,51.00,118.62,100.38,1807.00,7.00,8.00,12.00,70.61,55.25,1192.00,7.00,6.00,14.00,53.50,43.17,917.00,6.00,9.00,14.00,118.16,92.80,2410.00,8.00,11.00,15.00,29.09,24.19,491.00,7.00,7.00,11.00,1,주먹 쥐기 (Fist)
-117.19,23.56,-24.31,-9.06,-0.81,415.68,722.51,254.54,52.47,960.34,374.91,140.58,175.00,63.07,362.93,74.53,507.50,363.61,307.19,130.40,11.00,275.85,185.43,174.92,252.53,365.26,110.16,109.78,107.00,378.17,498.99,325.89,415.35,844.05,203.79,534.08,393.00,141.17,89.93,122.77,35.34,188.00,111.96,81.93,79.00,120.55,102.11,1925.00,7.00,9.00,12.00,70.85,56.13,1265.00,7.00,6.00,14.00,53.63,43.52,873.00,5.00,9.00,14.00,118.16,92.80,2378.00,7.00,11.00,15.00,28.24,22.54,528.00,6.00,8.00,12.00,1,주먹 쥐기 (Fist)
-23.69,-10.81,-22.44,-42.19,3.06,392.12,591.40,390.52,139.09,1000.33,308.59,32.39,39.00,48.99,383.55,52.55,488.33,351.62,329.04,108.72,33.00,271.34,170.61,212.21,180.37,257.76,179.92,119.39,217.00,419.87,402.24,487.66,332.00,702.19,205.97,543.27,567.00,131.19,81.30,139.64,37.22,154.65,113.08,112.36,45.00,117.69,94.45,1939.00,7.00,9.00,12.00,70.43,54.59,1254.00,7.00,6.00,14.00,49.76,40.88,825.00,7.00,10.00,13.00,114.48,89.02,2292.00,9.00,12.00,15.00,27.25,21.06,506.00,7.00,8.00,11.00,2,손가락 펴기 (Open)
-77.31,-40.38,-9.50,-60.06,-29.19,382.89,522.52,556.36,260.22,722.49,310.39,268.06,317.00,98.63,363.52,90.94,518.01,297.43,365.93,56.01,88.00,264.58,211.02,190.84,141.03,288.57,178.07,84.94,170.00,428.75,430.33,497.82,269.21,761.01,236.08,508.53,501.00,148.16,66.09,156.10,19.42,152.23,99.95,133.68,17.00,109.59,80.22,1803.00,6.00,10.00,12.00,71.14,56.62,1287.00,7.00,6.00,15.00,49.01,39.50,783.00,6.00,10.00,13.00,115.52,93.43,2248.00,8.00,11.00,15.00,28.26,22.81,525.00,8.00,9.00,11.00,2,손가락 펴기 (Open)
50.88,-66.94,52.06,89.94,11.94,391.14,481.23,578.38,295.26,699.14,297.28,322.78,378.00,185.45,411.15,115.66,449.77,326.54,375.54,132.27,1.00,302.28,145.01,261.82,112.15,268.99,237.07,42.89,99.00,483.87,279.75,635.38,261.98,768.47,394.49,396.83,341.00,121.84,94.60,127.86,11.70,180.36,73.54,151.39,13.00,110.36,84.67,1927.00,7.00,10.00,13.00,73.12,59.55,1297.00,6.00,6.00,15.00,50.68,41.57,791.00,6.00,9.00,13.00,116.81,93.93,2187.00,6.00,11.00,15.00,28.12,22.45,568.00,11.00,10.00,12.00,2,손가락 펴기 (Open)
-25.62,18.69,-10.62,-25.31,-18.06,386.63,489.20,570.38,289.18,705.04,291.04,328.37,386.00,165.81,389.30,127.62,464.69,312.68,394.36,149.75,21.00,257.49,169.60,245.41,164.78,217.85,288.32,51.78,46.00,355.51,460.71,507.88,446.21,615.33,553.74,254.80,153.00,121.84,94.60,127.86,11.70,180.36,73.54,151.39,13.00,110.46,84.98,1908.00,7.00,10.00,13.00,73.27,60.69,1288.00,7.00,6.00,15.00,49.75,40.00,827.00,7.00,9.00,13.00,110.31,87.77,2031.00,8.00,11.00,15.00,28.12,22.45,594.00,12.00,11.00,13.00,2,손가락 펴기 (Open)
3.38,11.31,-32.62,-72.50,-3.75,323.19,552.83,546.87,347.02,633.58,370.72,307.08,306.00,129.48,305.19,243.61,388.03,427.75,281.81,131.26,97.00,210.97,168.81,286.16,167.09,251.09,266.30,57.89,94.00,398.50,435.17,482.66,441.33,570.46,571.99,212.62,102.00,111.15,98.03,138.05,4.00,175.75,68.10,151.01,24.00,108.60,78.11,1820.00,7.00,10.00,13.00,68.70,54.73,1214.00,7.00,6.00,14.00,50.35,41.08,822.00,7.00,9.00,13.00,107.49,84.19,1841.00,7.00,10.00,15.00,27.90,21.84,573.00,11.00,11.00,13.00,2,손가락 펴기 (Open)
-51.12,-53.31,17.25,-19.81,-20.00,300.62,557.62,566.55,362.58,631.61,355.61,302.11,330.00,120.54,303.36,238.91,406.41,432.71,273.53,146.08,119.00,181.21,152.29,310.28,137.77,262.67,256.47,37.56,64.00,261.58,414.35,621.32,302.48,603.60,536.53,86.85,37.00,148.71,122.56,112.17,40.00,131.75,92.49,140.26,68.00,109.15,79.05,1868.00,8.00,11.00,14.00,69.56,56.27,1213.00,7.00,6.00,14.00,49.17,38.97,870.00,8.00,10.00,14.00,103.76,79.06,1825.00,7.00,10.00,15.00,27.84,21.75,533.00,8.00,12.00,13.00,2,손가락 펴기 (Open)
27.75,-58.06,19.12,-4.56,-0.31,350.60,585.85,525.48,401.20,584.51,365.47,278.66,380.00,92.03,239.03,327.84,362.73,516.14,248.41,65.05,19.00,156.06,123.77,305.29,134.01,232.72,283.08,63.54,94.00,195.03,370.18,646.64,306.28,535.66,592.06,152.96,31.00,127.62,85.59,92.75,54.49,123.04,129.49,127.12,105.00,109.27,80.56,1758.00,8.00,12.00,14.00,70.55,58.06,1201.00,7.00,6.00,14.00,47.89,36.86,837.00,8.00,9.00,13.00,102.64,75.38,1752.00,7.00,9.00,15.00,26.33,19.52,554.00,10.00,12.00,14.00,2,손가락 펴기 (Open)
-40.25,11.50,-3.19,47.12,-5.50,172.33,365.89,519.82,320.51,461.98,570.88,194.94,604.00,99.36,184.13,370.59,309.39,472.02,293.59,116.62,76.00,133.29,56.35,219.07,225.01,275.89,199.20,27.46,3.00,125.83,264.79,579.25,412.17,588.88,487.76,53.59,76.00,128.96,64.05,57.75,83.63,93.54,107.99,150.25,70.00,100.63,69.06,1830.00,11.00,12.00,14.00,68.60,54.56,1243.00,8.00,6.00,14.00,42.95,31.31,764.00,8.00,8.00,13.00,96.09,68.12,1678.00,8.00,8.00,15.00,24.45,17.88,519.00,10.00,13.00,13.00,2,손가락 펴기 (Open)
19.38,48.44,-13.19,46.38,-5.31,227.23,228.10,378.79,506.32,354.65,412.80,303.44,418.00,111.20,143.93,360.56,330.18,458.93,247.61,69.82,29.00,133.29,56.35,219.07,225.01,275.89,199.20,27.46,3.00,126.62,274.90,590.97,413.82,582.42,481.73,48.75,88.00,127.37,63.16,58.97,85.00,90.94,108.76,153.05,67.00,87.46,54.95,1644.00,9.00,12.00,14.00,65.51,51.99,1109.00,7.00,5.00,14.00,42.95,31.31,742.00,7.00,7.00,13.00,96.41,68.88,1595.00,8.00,7.00,14.00,24.48,18.02,473.00,9.00,12.00,12.00,2,손가락 펴기 (Open)
39.81,9.00,2.88,-22.31,-18.19,164.40,225.63,448.67,508.98,281.67,410.44,374.22,345.00,136.03,179.72,445.53,258.51,373.29,214.64,43.15,58.00,146.55,72.38,226.22,208.01,259.06,207.58,41.33,14.00,220.56,281.35,583.27,267.52,436.19,540.88,160.78,237.00,83.67,32.53,51.15,146.56,104.67,60.59,87.12,133.00,87.75,56.09,1653.00,11.00,12.00,14.00,62.82,47.25,999.00,6.00,5.00,14.00,42.68,30.25,705.00,7.00,8.00,13.00,91.70,62.35,1502.00,8.00,7.00,14.00,22.22,15.59,444.00,9.00,11.00,12.00,2,손가락 펴기 (Open)
20.31,-58.69,44.75,38.19,-24.44,125.97,203.67,455.34,548.76,298.33,381.53,334.88,385.00,74.45,236.66,388.01,201.56,319.18,308.19,171.69,191.00,69.96,38.44,144.58,224.32,252.10,287.98,112.95,96.00,135.22,206.92,500.40,261.20,430.21,626.58,248.57,325.00,65.33,32.48,41.27,141.51,123.52,87.79,112.96,105.00,87.80,56.44,1662.00,11.00,12.00,15.00,62.33,48.10,1063.00,7.00,5.00,14.00,43.43,31.56,678.00,7.00,7.00,13.00,91.52,62.31,1335.00,9.00,7.00,14.00,23.10,16.95,398.00,9.00,10.00,11.00,2,손가락 펴기 (Open)
84.88,-61.44,91.25,107.19,-6.19,24.32,108.71,375.15,548.11,372.24,484.53,424.62,282.00,141.41,368.46,496.96,74.25,226.06,179.22,56.31,59.00,147.11,253.01,225.01,84.38,81.84,167.83,146.34,120.00,281.37,211.91,367.81,157.99,151.68,357.21,220.14,91.00,40.52,64.79,32.09,73.98,68.06,48.87,77.54,173.00,90.44,60.61,1523.00,11.00,12.00,15.00,62.27,49.01,862.00,6.00,4.00,14.00,40.20,32.84,588.00,6.00,7.00,13.00,61.72,52.31,1062.00,8.00,7.00,14.00,17.75,14.54,367.00,9.00,11.00,11.00,2,손가락 펴기 (Open)
23.12,57.31,-31.94,26.38,16.81,251.01,164.13,169.61,282.11,190.30,347.88,317.26,550.00,172.00,256.00,353.80,192.07,45.96,201.11,205.58,153.00,96.38,212.05,174.38,145.22,22.00,211.33,207.07,181.00,248.86,185.77,333.59,167.14,121.71,374.39,254.92,126.00,40.52,64.79,32.09,73.98,68.06,48.87,77.54,173.00,68.89,48.09,1358.00,9.00,13.00,15.00,52.57,42.48,849.00,7.00,5.00,14.00,40.52,32.55,690.00,7.00,7.00,13.00,60.18,50.12,1109.00,8.00,7.00,14.00,17.75,14.54,343.00,9.00,10.00,11.00,2,손가락 펴기 (Open)
3.56,86.88,-45.31,-72.31,5.44,290.15,198.68,199.07,278.09,161.02,328.00,305.77,509.00,271.42,322.06,423.47,183.56,70.13,99.39,104.15,50.00,109.45,250.93,228.55,184.45,122.38,106.73,111.13,75.00,178.27,259.67,272.53,342.30,291.18,202.49,96.58,55.00,65.77,89.26,69.05,37.00,30.34,11.77,64.91,135.00,68.30,46.62,1134.00,8.00,12.00,15.00,57.10,46.73,746.00,6.00,4.00,14.00,39.80,29.93,583.00,6.00,6.00,13.00,57.78,47.85,1027.00,8.00,6.00,14.00,16.01,12.55,280.00,8.00,10.00,10.00,2,손가락 펴기 (Open)
-52.38,-17.75,6.81,40.44,-7.44,186.67,290.71,133.87,8.60,130.12,113.40,268.30,236.00,126.94,172.30,295.12,331.96,166.38,84.36,90.94,100.00,58.05,175.25,157.89,250.45,161.36,93.28,95.52,3.00,171.61,127.68,162.71,387.86,339.09,90.41,136.74,187.00,19.71,39.73,60.43,51.66,52.74,39.08,61.69,85.00,45.67,37.78,905.00,10.00,11.00,15.00,47.69,41.28,765.00,7.00,5.00,14.00,35.97,27.73,584.00,7.00,6.00,13.00,54.63,45.69,1050.00,8.00,6.00,14.00,12.50,11.13,259.00,9.00,9.00,10.00,2,손가락 펴기 (Open)
38.62,-24.62,11.06,16.75,16.81,150.33,163.23,54.25,135.09,238.65,56.07,294.67,108.00,93.41,138.71,319.20,345.40,181.57,20.08,37.27,34.00,46.06,151.15,164.15,264.37,174.87,70.94,83.37,25.00,171.38,119.96,152.60,397.45,345.57,90.16,126.43,176.00,31.22,47.38,48.63,60.44,63.12,48.96,62.29,73.00,41.76,33.70,919.00,9.00,11.00,15.00,47.14,40.75,743.00,7.00,5.00,14.00,35.87,27.80,585.00,7.00,5.00,13.00,54.78,46.38,1029.00,7.00,7.00,14.00,13.16,11.79,278.00,10.00,9.00,11.00,2,손가락 펴기 (Open)
-34.38,18.69,-17.25,-27.94,-12.62,162.26,184.70,25.33,139.98,240.74,55.67,297.49,76.00,92.47,134.33,308.23,355.93,192.57,19.74,29.18,23.00,43.55,150.21,169.13,260.17,169.95,75.94,86.66,20.00,167.60,120.90,153.30,392.26,334.93,97.97,137.42,187.00,7.79,53.40,65.96,48.76,65.92,60.34,61.22,48.00,42.68,35.95,923.00,10.00,11.00,15.00,47.34,41.44,754.00,7.00,6.00,14.00,35.70,27.53,603.00,8.00,6.00,13.00,54.36,45.69,1051.00,8.00,6.00,14.00,13.27,12.00,275.00,10.00,9.00,11.00,2,손가락 펴기 (Open)
16.62,-25.31,-12.25,-60.94,10.25,108.49,206.78,118.69,53.76,164.81,84.42,289.03,20.00,92.47,134.33,308.23,355.93,192.57,19.74,29.18,23.00,43.55,150.21,169.13,260.17,169.95,75.94,86.66,20.00,167.60,120.90,153.30,392.26,334.93,97.97,137.42,187.00,38.00,23.34,81.73,18.38,45.42,65.69,62.85,14.00,38.48,31.38,848.00,10.00,11.00,15.00,47.34,41.44,766.00,8.00,6.00,14.00,35.70,27.53,542.00,7.00,6.00,12.00,54.36,45.69,924.00,7.00,5.00,14.00,12.32,11.16,257.00,10.00,9.00,11.00,2,손가락 펴기 (Open)
-57.06,-57.31,13.44,-61.25,-20.12,202.15,102.46,141.09,89.00,68.74,155.49,276.07,137.00,92.47,134.33,308.23,355.93,192.57,19.74,29.18,23.00,85.52,108.10,199.69,225.36,136.57,88.22,43.75,63.00,329.50,53.49,139.76,348.14,205.92,127.37,124.77,16.00,23.16,65.34,43.07,56.52,3.52,64.18,73.13,28.00,38.90,32.93,852.00,10.00,11.00,15.00,47.34,41.44,711.00,7.00,6.00,14.00,33.07,24.51,499.00,7.00,6.00,12.00,50.50,42.66,808.00,6.00,5.00,14.00,12.41,11.38,260.00,10.00,9.00,11.00,2,손가락 펴기 (Open)
38.25,-32.19,17.62,13.69,17.19,143.24,161.27,84.93,126.51,113.17,177.98,265.05,196.00,155.89,171.81,251.34,380.14,134.74,77.95,39.27,43.00,57.74,133.77,174.43,244.68,110.47,116.54,18.21,92.00,296.98,28.82,107.34,381.13,173.87,159.94,154.21,17.00,18.08,50.26,46.80,68.01,25.04,56.71,81.61,55.00,39.89,33.56,927.00,10.00,11.00,15.00,47.45,41.34,732.00,7.00,7.00,15.00,33.29,25.12,480.00,7.00,5.00,11.00,50.43,42.56,841.00,7.00,5.00,14.00,13.02,11.84,284.00,10.00,9.00,11.00,2,손가락 펴기 (Open)
-63.31,23.50,-12.94,40.75,-5.12,211.75,126.18,110.03,98.41,174.93,175.58,241.20,267.00,166.73,172.02,253.78,370.30,132.80,72.65,28.47,32.00,42.94,144.36,180.13,227.47,110.49,96.88,36.04,67.00,212.44,121.83,140.09,394.16,218.13,129.12,43.34,94.00,19.53,47.05,54.85,59.46,31.85,49.05,83.30,66.00,43.10,38.15,977.00,10.00,11.00,15.00,47.03,40.56,721.00,7.00,7.00,15.00,32.11,23.56,461.00,7.00,6.00,11.00,48.86,40.72,831.00,7.00,5.00,14.00,13.01,11.88,288.00,10.00,9.00,11.00,2,손가락 펴기 (Open)
45.44,84.75,-34.94,-36.56,-2.81,141.89,117.57,180.12,9.22,200.46,143.27,202.39,367.00,90.17,271.20,132.40,440.64,33.89,163.68,102.13,92.00,65.10,163.75,132.42,265.44,72.38,106.23,76.21,19.00,216.13,112.63,129.71,404.80,212.89,137.94,33.00,105.00,13.79,56.47,45.50,52.70,29.75,38.11,82.14,77.00,42.89,36.80,1010.00,10.00,11.00,15.00,51.23,44.38,779.00,7.00,6.00,15.00,33.26,24.93,486.00,7.00,6.00,12.00,49.29,41.49,898.00,8.00,6.00,14.00,12.59,11.19,269.00,9.00,9.00,10.00,2,손가락 펴기 (Open)
-11.94,-59.62,18.69,-45.50,-0.25,153.95,140.78,147.63,51.04,177.54,117.01,183.09,409.00,88.73,261.65,138.91,448.18,24.36,173.09,111.89,102.00,62.68,157.91,135.51,268.88,66.76,111.86,80.64,13.00,217.75,111.60,132.49,414.27,245.80,105.55,60.84,72.00,20.41,47.94,44.39,60.42,21.64,31.53,78.79,86.00,42.42,36.32,988.00,10.00,11.00,15.00,51.90,45.00,858.00,7.00,7.00,15.00,33.43,25.35,512.00,7.00,7.00,12.00,50.54,43.81,864.00,7.00,6.00,14.00,12.41,10.66,268.00,9.00,9.00,10.00,2,손가락 펴기 (Open)
-29.44,-24.88,-15.31,-90.31,11.38,155.05,116.85,140.53,55.54,153.65,93.90,167.26,433.00,78.69,244.50,126.47,478.01,63.28,158.94,79.65,58.00,62.68,157.91,135.51,268.88,66.76,111.86,80.64,13.00,222.46,229.25,262.39,293.39,239.09,207.58,98.25,203.00,14.56,50.76,50.03,63.51,17.23,32.43,74.97,92.00,40.95,34.63,956.00,10.00,11.00,15.00,52.12,45.36,856.00,7.00,7.00,15.00,33.43,25.35,536.00,8.00,7.00,12.00,55.02,47.94,917.00,7.00,6.00,15.00,12.66,11.08,280.00,10.00,9.00,11.00,2,손가락 펴기 (Open)
-72.00,10.94,-11.25,-11.81,-12.44,134.99,177.12,210.82,29.73,149.65,45.10,110.89,504.00,75.83,267.78,83.96,447.13,73.53,139.17,100.94,103.00,70.07,155.04,120.93,260.46,80.73,117.74,83.06,2.00,226.32,280.14,292.71,272.41,184.13,196.08,42.51,147.00,33.49,58.32,40.15,48.80,30.81,49.68,59.20,111.00,44.95,39.62,978.00,9.00,10.00,15.00,50.37,42.20,855.00,8.00,7.00,15.00,32.92,24.53,526.00,8.00,8.00,11.00,54.09,45.91,914.00,6.00,6.00,15.00,12.99,11.37,288.00,9.00,10.00,11.00,2,손가락 펴기 (Open)
24.00,-19.31,10.31,-2.88,-2.00,134.99,177.12,210.82,29.73,149.65,45.10,110.89,504.00,81.44,311.25,60.46,415.08,30.76,179.49,97.04,59.00,90.31,169.78,119.91,241.45,67.60,126.94,89.24,21.00,235.10,269.05,310.52,240.97,167.35,219.17,13.23,114.00,25.68,49.58,34.10,42.80,38.35,57.95,50.62,120.00,44.95,39.62,1057.00,10.00,10.00,15.00,50.29,41.52,812.00,8.00,8.00,15.00,32.90,24.56,502.00,8.00,8.00,11.00,53.39,44.11,859.00,5.00,6.00,15.00,12.72,10.88,291.00,9.00,10.00,12.00,2,손가락 펴기 (Open)
-8.00,30.25,0.56,96.69,1.62,123.70,170.92,201.27,22.36,159.29,60.65,94.91,520.00,118.49,247.05,54.60,358.51,91.61,261.21,159.73,28.00,54.36,133.81,86.83,222.35,94.96,161.77,117.60,57.00,287.37,309.42,380.09,228.11,131.31,148.28,75.71,185.00,22.96,32.48,13.90,28.64,46.41,53.15,72.60,98.00,44.96,39.75,1019.00,11.00,10.00,15.00,49.14,41.22,856.00,9.00,8.00,15.00,31.68,22.31,454.00,8.00,8.00,11.00,58.42,49.10,868.00,6.00,5.00,15.00,11.74,10.05,282.00,11.00,10.00,11.00,2,손가락 펴기 (Open)
45.25,3.50,1.88,-9.62,-13.88,92.41,139.02,166.28,14.56,179.10,36.41,129.39,484.00,191.42,263.34,76.08,299.87,69.50,234.63,85.55,48.00,52.63,90.15,65.53,141.60,58.63,93.15,24.86,44.00,157.34,171.28,376.34,89.27,13.35,119.01,207.05,324.00,18.47,32.77,14.14,21.63,54.25,58.98,79.92,90.00,41.74,37.50,1025.00,12.00,11.00,15.00,45.93,37.50,746.00,8.00,9.00,15.00,19.55,16.00,332.00,7.00,8.00,10.00,49.48,40.70,900.00,7.00,6.00,15.00,12.16,10.48,275.00,11.00,10.00,11.00,2,손가락 펴기 (Open)
36.25,-44.56,56.50,90.44,-1.62,92.41,139.02,166.28,14.56,179.10,36.41,129.39,484.00,84.13,168.60,154.17,236.78,179.79,309.44,26.99,159.00,33.55,65.63,23.75,96.88,144.63,148.76,65.85,130.00,204.15,210.96,330.80,104.10,41.94,162.90,247.52,371.00,14.21,26.57,13.09,19.70,53.79,39.07,67.27,110.00,41.74,37.50,1017.00,12.00,12.00,14.00,44.79,36.13,765.00,9.00,8.00,15.00,23.59,18.12,372.00,9.00,8.00,10.00,53.39,44.20,893.00,7.00,6.00,15.00,11.34,9.33,277.00,10.00,11.00,12.00,2,손가락 펴기 (Open)
43.62,5.88,-1.69,-76.88,-15.00,118.09,153.98,144.35,40.20,177.97,16.40,118.22,510.00,73.88,66.53,242.44,148.92,162.50,207.16,76.19,56.00,83.56,62.60,70.60,47.93,133.86,98.83,36.65,79.00,193.72,208.16,337.66,113.65,44.55,172.76,254.70,382.00,30.66,20.85,24.26,44.72,29.07,58.83,76.38,84.00,42.95,39.12,953.00,11.00,12.00,13.00,36.18,28.89,695.00,9.00,9.00,15.00,19.83,15.15,370.00,9.00,9.00,10.00,54.30,44.72,940.00,7.00,6.00,15.00,11.74,9.38,276.00,8.00,11.00,12.00,2,손가락 펴기 (Open)
4.62,-55.75,38.06,55.12,1.56,176.25,160.67,96.54,78.89,120.31,79.73,131.83,446.00,123.25,58.87,246.99,188.60,111.03,243.33,31.86,110.00,116.23,57.70,84.46,70.43,102.09,121.15,43.48,115.00,193.72,208.16,337.66,113.65,44.55,172.76,254.70,382.00,26.70,24.46,26.11,46.49,24.39,60.86,77.60,77.00,40.51,35.70,889.00,10.00,12.00,13.00,38.91,31.84,749.00,10.00,9.00,15.00,22.10,17.68,406.00,10.00,9.00,11.00,54.30,44.72,1049.00,8.00,7.00,15.00,11.67,9.24,268.00,9.00,11.00,12.00,2,손가락 펴기 (Open)
-0.69,18.19,-27.56,-70.06,-3.88,147.37,184.49,83.33,107.30,89.06,115.58,141.40,403.00,90.38,33.10,275.08,170.88,91.29,246.69,41.49,143.00,92.33,85.45,109.88,55.33,74.24,127.19,64.12,153.00,175.81,315.24,229.46,54.74,70.81,159.58,271.26,491.00,38.41,2.92,1.12,24.21,43.07,55.17,77.34,52.00,39.20,33.44,822.00,10.00,11.00,12.00,39.06,32.31,781.00,10.00,9.00,15.00,23.13,18.45,446.00,10.00,9.00,11.00,56.63,45.70,1137.00,8.00,8.00,15.00,10.57,8.39,244.00,12.00,11.00,11.00,2,손가락 펴기 (Open)
-25.19,-1.75,3.06,36.19,7.94,149.47,176.53,90.96,102.42,93.29,118.29,141.50,395.00,120.43,65.89,249.78,142.56,114.84,229.19,72.53,176.00,97.78,64.04,90.90,33.54,87.24,118.73,76.44,175.00,158.17,280.98,243.93,98.41,103.65,140.87,273.19,535.00,35.33,20.66,19.31,19.42,59.12,43.63,75.10,33.00,38.83,32.94,789.00,9.00,10.00,12.00,38.33,30.47,759.00,10.00,10.00,15.00,22.69,17.80,473.00,11.00,10.00,12.00,57.38,48.16,1213.00,9.00,9.00,15.00,10.46,8.07,232.00,9.00,11.00,11.00,2,손가락 펴기 (Open)
-29.62,-2.44,-13.94,21.06,-2.00,165.21,223.65,70.50,65.39,149.58,109.05,133.03,338.00,112.70,57.96,246.27,149.01,124.57,218.66,83.44,187.00,97.78,64.04,90.90,33.54,87.24,118.73,76.44,175.00,127.41,284.78,204.37,123.41,132.48,201.65,297.56,469.00,31.13,12.75,21.10,36.22,60.21,27.81,70.49,16.00,39.10,33.38,716.00,8.00,9.00,11.00,38.19,29.87,727.00,10.00,9.00,14.00,22.69,17.80,467.00,11.00,11.00,12.00,56.67,47.30,1213.00,9.00,9.00,15.00,9.84,7.50,210.00,12.00,11.00,11.00,2,손가락 펴기 (Open)
39.19,46.44,-21.88,-14.69,18.56,112.54,219.70,43.72,161.11,200.07,88.89,137.55,239.00,121.14,116.02,148.90,93.17,164.01,308.76,47.83,89.00,115.35,63.75,58.89,6.00,91.79,150.49,85.23,142.00,106.31,321.80,160.81,92.42,91.37,163.26,265.25,513.00,58.30,30.68,18.32,50.21,35.61,15.12,60.01,23.00,37.94,32.56,692.00,8.00,9.00,11.00,38.27,30.31,761.00,11.00,9.00,14.00,23.27,18.22,471.00,11.00,10.00,13.00,54.93,44.90,1169.00,9.00,9.00,15.00,9.91,7.62,194.00,9.00,11.00,11.00,2,손가락 펴기 (Open)
-60.19,-9.94,-14.75,-33.25,7.31,193.89,145.07,125.52,206.65,185.10,104.68,175.66,133.00,139.08,137.39,138.89,71.84,143.28,299.87,32.63,111.00,146.23,54.95,45.24,28.00,57.93,136.11,63.61,176.00,148.41,268.89,181.52,140.77,108.96,160.92,215.87,568.00,46.42,27.00,15.82,42.44,23.68,27.00,56.91,35.00,39.73,33.81,692.00,8.00,9.00,11.00,37.54,28.94,761.00,11.00,10.00,14.00,23.16,17.72,447.00,8.00,11.00,12.00,55.39,45.19,1157.00,9.00,8.00,15.00,8.87,6.77,183.00,8.00,11.00,11.00,2,손가락 펴기 (Open)
-46.12,23.06,-23.81,-7.06,1.00,178.97,159.68,116.02,195.35,172.35,104.47,180.37,118.00,139.08,137.39,138.89,71.84,143.28,299.87,32.63,111.00,161.23,45.97,58.96,31.76,66.54,130.15,75.85,161.00,214.69,245.15,150.93,130.65,44.84,115.37,282.53,501.00,51.29,24.17,11.02,38.42,21.62,30.39,54.44,40.00,38.45,32.88,592.00,7.00,9.00,11.00,37.54,28.94,725.00,12.00,10.00,14.00,23.83,18.54,432.00,8.00,11.00,12.00,53.52,41.33,1101.00,8.00,9.00,15.00,8.82,6.62,186.00,8.00,11.00,11.00,2,손가락 펴기 (Open)
5.12,37.69,-4.75,12.88,-1.00,229.38,119.21,99.76,164.73,132.77,79.96,186.02,66.00,83.33,160.42,87.78,22.83,93.32,247.02,90.00,53.00,133.28,76.30,43.99,60.88,59.29,102.79,106.56,130.00,183.10,229.68,183.77,163.52,57.54,83.63,314.17,468.00,51.29,24.17,11.02,38.42,21.62,30.39,54.44,40.00,35.87,29.62,580.00,7.00,9.00,11.00,30.64,25.31,591.00,11.00,9.00,14.00,22.21,16.84,399.00,7.00,11.00,12.00,53.42,41.39,1112.00,9.00,9.00,15.00,8.82,6.62,186.00,8.00,11.00,11.00,2,손가락 펴기 (Open)
-2.88,-9.00,-27.69,-61.12,6.62,229.38,119.21,99.76,164.73,132.77,79.96,186.02,66.00,118.34,118.63,88.16,25.50,59.42,206.56,131.66,10.00,168.54,46.44,28.21,68.10,24.04,56.19,154.28,81.00,208.38,259.88,171.32,164.10,88.69,56.75,339.93,436.00,54.78,19.19,14.63,43.27,27.12,26.60,48.76,46.00,35.87,29.62,572.00,8.00,10.00,10.00,27.96,22.62,603.00,12.00,10.00,14.00,22.85,16.86,391.00,6.00,11.00,12.00,55.12,43.14,1135.00,10.00,9.00,15.00,8.99,7.00,182.00,9.00,11.00,10.00,2,손가락 펴기 (Open)
-62.94,-30.31,-12.69,8.81,18.25,257.69,156.54,77.87,192.00,179.74,35.61,166.98,19.00,111.81,128.35,97.15,31.83,65.13,202.46,140.88,1.00,168.54,46.44,28.21,68.10,24.04,56.19,154.28,81.00,176.43,178.79,116.20,68.68,144.29,108.73,400.77,339.00,56.69,19.46,20.24,46.86,27.61,32.52,54.76,40.00,39.08,32.58,588.00,6.00,9.00,10.00,28.57,23.31,592.00,11.00,9.00,14.00,22.85,16.86,401.00,6.00,12.00,13.00,50.93,39.21,1136.00,11.00,10.00,15.00,9.61,7.38,169.00,8.00,10.00,10.00,2,손가락 펴기 (Open)
-33.88,34.31,-21.75,-33.81,-0.56,249.42,126.56,55.74,169.99,192.96,40.43,149.33,12.00,118.25,123.24,79.94,22.02,86.70,212.56,154.74,23.00,171.05,60.99,14.67,61.98,20.55,63.91,163.17,66.00,171.04,181.64,138.10,66.07,140.41,130.22,409.52,317.00,57.93,31.13,25.00,37.80,15.10,23.34,43.30,53.00,36.60,30.62,523.00,7.00,9.00,10.00,29.71,24.69,625.00,11.00,9.00,14.00,23.44,17.56,388.00,5.00,12.00,13.00,51.56,40.41,1169.00,12.00,11.00,15.00,9.03,6.70,176.00,8.00,11.00,10.00,2,손가락 펴기 (Open)
0.19,10.25,5.00,-0.81,-9.12,245.60,145.28,88.23,146.99,174.57,72.96,124.80,45.00,122.59,145.31,96.67,55.01,85.69,180.89,146.88,10.00,169.31,71.37,21.03,50.70,9.61,52.06,160.28,78.00,171.04,181.64,138.10,66.07,140.41,130.22,409.52,317.00,59.61,24.95,29.25,43.57,11.41,25.56,39.66,60.00,35.71,28.61,522.00,6.00,8.00,10.00,29.34,24.00,592.00,8.00,9.00,14.00,23.10,16.62,402.00,4.00,13.00,13.00,51.56,40.41,1098.00,11.00,11.00,15.00,9.31,7.03,180.00,7.00,10.00,10.00,2,손가락 펴기 (Open)
48.00,1.31,27.50,58.19,8.50,271.36,158.02,90.20,189.03,124.10,117.48,81.09,96.00,130.89,112.34,65.79,63.63,118.05,152.31,158.60,43.00,182.11,68.14,10.09,47.27,16.56,35.22,166.39,102.00,134.19,134.81,113.35,79.88,116.15,129.61,395.55,269.00,55.97,26.98,23.73,47.01,16.45,31.30,39.62,66.00,37.80,31.75,522.00,6.00,7.00,10.00,28.14,22.10,581.00,10.00,9.00,14.00,24.13,18.50,421.00,5.00,12.00,14.00,46.63,37.31,1039.00,11.00,10.00,15.00,9.53,7.50,182.00,7.00,10.00,10.00,2,손가락 펴기 (Open)
0.19,54.50,-25.88,-8.81,4.31,229.93,112.07,39.45,218.91,123.39,144.95,35.50,147.00,104.62,146.50,77.95,33.53,146.97,149.55,194.80,88.00,160.65,52.15,16.02,73.17,38.78,48.29,184.58,128.00,134.19,134.81,113.35,79.88,116.15,129.61,395.55,269.00,41.24,27.47,31.20,63.06,12.60,17.54,35.48,47.00,35.71,28.61,564.00,6.00,7.00,11.00,31.30,24.94,582.00,9.00,9.00,14.00,25.04,19.73,416.00,7.00,12.00,14.00,46.63,37.31,1003.00,11.00,10.00,15.00,8.94,7.15,174.00,7.00,10.00,9.00,2,손가락 펴기 (Open)
-12.19,26.69,-6.44,60.44,6.62,175.18,57.58,50.52,265.16,67.51,159.32,92.30,89.00,69.03,177.49,71.59,109.46,188.21,103.10,119.64,11.00,93.59,26.50,79.49,105.38,78.85,22.71,120.43,57.00,98.20,130.38,104.12,66.61,149.67,94.36,365.29,233.00,31.55,25.24,41.80,58.82,2.42,17.74,40.64,58.00,34.15,27.41,571.00,7.00,6.00,12.00,29.82,24.06,561.00,9.00,9.00,14.00,19.71,15.55,376.00,7.00,12.00,14.00,42.74,35.06,902.00,11.00,10.00,15.00,9.05,7.38,162.00,7.00,10.00,8.00,2,손가락 펴기 (Open)
14.50,-6.31,9.56,-10.62,-19.38,132.18,61.18,91.21,244.31,102.06,119.91,52.09,132.00,69.03,177.49,71.59,109.46,188.21,103.10,119.64,11.00,93.59,26.50,79.49,105.38,78.85,22.71,120.43,57.00,160.56,95.32,55.76,131.31,167.07,51.44,301.96,168.00,31.55,25.24,41.80,58.82,2.42,17.74,40.64,58.00,31.30,25.06,560.00,8.00,7.00,12.00,29.82,24.06,529.00,10.00,8.00,14.00,19.71,15.55,350.00,8.00,11.00,14.00,38.64,31.00,837.00,11.00,10.00,15.00,9.05,7.38,171.00,8.00,10.00,8.00,2,손가락 펴기 (Open)
46.88,-31.00,17.81,-6.44,3.25,156.45,37.65,91.00,268.16,102.61,95.45,40.79,158.00,48.15,144.79,33.53,66.75,194.54,65.01,84.60,32.00,60.90,29.37,53.90,83.24,77.38,42.38,85.76,21.00,112.65,157.75,122.57,151.45,133.24,101.47,235.83,101.00,25.72,19.24,36.82,60.93,8.40,12.23,46.56,64.00,33.06,26.48,586.00,8.00,7.00,13.00,24.78,21.38,475.00,9.00,7.00,14.00,15.25,12.84,288.00,7.00,10.00,13.00,35.83,27.62,705.00,10.00,9.00,14.00,9.07,7.41,187.00,9.00,10.00,9.00,2,손가락 펴기 (Open)
-17.12,-28.94,32.69,10.12,-17.25,134.26,69.24,60.61,281.89,76.97,88.21,56.99,190.00,70.96,177.79,38.54,78.77,169.48,67.85,77.10,65.00,99.10,58.63,103.46,46.14,45.13,72.25,58.27,29.00,156.24,91.52,124.27,87.82,46.85,186.11,169.58,14.00,32.42,25.57,43.87,53.67,13.45,5.10,54.36,72.00,33.18,26.88,628.00,8.00,8.00,13.00,25.88,22.93,453.00,8.00,7.00,13.00,17.04,14.48,274.00,6.00,9.00,13.00,30.83,24.23,618.00,10.00,8.00,14.00,9.79,7.97,195.00,9.00,10.00,9.00,2,손가락 펴기 (Open)
62.12,-17.94,9.06,-9.12,3.75,172.21,63.62,126.35,218.04,31.98,150.04,130.62,266.00,70.96,177.79,38.54,78.77,169.48,67.85,77.10,65.00,95.53,52.86,101.86,51.43,39.15,73.54,59.40,35.00,145.06,93.79,80.28,54.41,42.80,214.49,161.25,30.00,32.42,25.57,43.87,53.67,13.45,5.10,54.36,72.00,36.78,29.89,704.00,9.00,8.00,14.00,25.88,22.93,464.00,8.00,7.00,14.00,16.78,14.05,281.00,5.00,10.00,13.00,29.78,22.52,629.00,11.00,9.00,14.00,9.79,7.97,205.00,9.00,10.00,9.00,2,손가락 펴기 (Open)
-14.38,44.88,-30.06,-17.38,11.50,175.00,71.42,126.97,223.04,24.22,142.50,122.85,258.00,11.91,189.33,105.15,128.28,181.24,22.41,57.52,2.00,93.74,46.77,127.29,46.53,59.10,92.38,48.19,5.00,162.81,82.49,74.40,32.00,2.05,219.09,152.56,14.00,33.08,39.92,63.09,36.88,33.35,16.93,46.53,52.00,36.54,29.33,705.00,9.00,8.00,14.00,27.97,24.89,476.00,8.00,6.00,14.00,18.48,15.70,312.00,6.00,9.00,13.00,29.48,21.59,607.00,10.00,9.00,14.00,10.06,8.00,191.00,8.00,9.00,8.00,2,손가락 펴기 (Open)
-54.25,-29.00,-5.38,-16.69,-4.25,210.26,66.46,233.43,153.39,100.67,140.08,74.64,144.00,65.45,132.40,104.63,171.83,140.65,84.86,80.80,68.00,91.48,43.00,123.46,51.48,58.12,97.38,46.00,0.00,171.79,75.06,85.13,43.00,9.03,209.97,157.67,3.00,24.65,20.78,53.88,28.28,45.82,32.38,53.87,32.00,36.69,29.88,646.00,8.00,7.00,14.00,27.69,24.38,499.00,8.00,6.00,14.00,18.35,15.42,332.00,6.00,9.00,14.00,29.75,22.11,585.00,10.00,8.00,13.00,9.40,7.59,196.00,9.00,10.00,8.00,2,손가락 펴기 (Open)
-2.19,-28.31,-14.75,-48.31,9.38,173.21,21.48,208.05,111.31,132.45,184.42,108.32,97.00,74.93,121.52,115.60,179.07,151.61,76.20,77.22,57.00,99.13,53.00,120.71,51.09,48.46,104.51,39.48,10.00,193.38,53.20,99.20,48.30,19.82,231.66,140.99,25.00,27.94,23.64,49.49,34.23,44.31,34.77,58.85,26.00,34.70,26.94,686.00,8.00,8.00,14.00,28.25,24.98,466.00,7.00,6.00,13.00,18.69,15.97,332.00,6.00,9.00,14.00,31.46,23.14,596.00,10.00,8.00,13.00,9.66,7.92,204.00,9.00,11.00,9.00,2,손가락 펴기 (Open)
-34.19,5.38,9.62,36.94,-7.31,173.21,21.48,208.05,111.31,132.45,184.42,108.32,97.00,82.32,115.35,120.93,171.12,148.68,77.83,76.60,68.00,74.43,39.83,146.45,25.18,38.00,108.78,22.26,36.00,150.64,92.15,123.05,89.74,59.99,259.89,101.16,69.00,23.69,24.99,54.16,35.17,39.42,33.67,63.78,21.00,34.70,26.94,670.00,7.00,8.00,14.00,28.00,24.20,488.00,8.00,5.00,13.00,18.46,15.75,337.00,6.00,9.00,14.00,32.85,25.70,662.00,10.00,8.00,13.00,9.82,8.27,219.00,10.00,11.00,10.00,2,손가락 펴기 (Open)
13.81,-13.88,-1.00,-36.62,-12.75,173.21,21.48,208.05,111.31,132.45,184.42,108.32,97.00,107.24,132.48,101.38,143.42,115.94,108.03,101.41,24.00,80.43,37.22,143.57,25.18,43.34,106.03,18.78,42.00,196.86,85.48,73.50,93.05,87.77,264.46,47.19,124.00,15.02,33.43,55.27,43.93,45.25,41.26,55.07,30.00,34.70,26.94,710.00,8.00,9.00,15.00,27.33,22.84,466.00,8.00,6.00,13.00,18.43,15.50,322.00,6.00,9.00,14.00,33.97,26.41,663.00,10.00,8.00,13.00,10.29,8.91,217.00,9.00,11.00,10.00,2,손가락 펴기 (Open)
20.81,6.75,8.06,13.62,9.88,158.85,37.18,210.02,120.42,140.70,192.51,95.26,113.00,100.93,111.15,123.25,125.42,95.37,129.87,122.08,2.00,53.55,66.82,125.99,56.08,69.49,77.41,20.27,73.00,159.92,47.69,94.75,34.79,94.54,230.39,29.53,200.00,21.01,28.24,60.32,45.54,43.30,47.06,50.49,36.00,35.08,27.94,655.00,7.00,8.00,14.00,27.15,22.66,466.00,9.00,6.00,13.00,17.73,14.81,318.00,7.00,9.00,14.00,30.74,24.55,642.00,10.00,8.00,13.00,10.55,9.23,228.00,10.00,11.00,10.00,2,손가락 펴기 (Open)
-44.12,-6.31,23.94,89.56,1.81,149.63,50.04,197.42,108.98,149.53,177.90,103.47,98.00,112.39,84.00,141.82,108.34,100.63,112.22,89.20,35.00,46.83,97.28,92.28,67.12,78.57,110.21,29.03,39.00,185.16,62.94,92.56,114.53,158.08,305.01,52.57,119.00,9.64,34.59,49.08,31.76,28.48,56.26,46.17,51.00,33.69,27.00,688.00,8.00,9.00,14.00,25.44,20.85,411.00,9.00,6.00,13.00,18.67,15.68,326.00,7.00,8.00,14.00,38.30,30.55,679.00,9.00,7.00,13.00,9.73,8.41,219.00,9.00,12.00,9.00,2,손가락 펴기 (Open)
49.69,69.81,-29.44,-56.06,-7.75,153.68,109.86,136.12,80.50,73.37,252.49,115.64,181.00,150.92,92.62,127.25,151.53,138.63,106.09,131.51,11.00,42.52,93.75,95.15,75.66,88.53,115.85,38.81,29.00,168.08,63.35,108.82,114.53,175.62,325.04,74.00,97.00,11.63,34.32,52.36,35.61,32.87,56.80,44.93,44.00,35.31,28.35,755.00,9.00,10.00,14.00,30.41,24.09,468.00,10.00,7.00,13.00,19.48,16.38,354.00,7.00,9.00,14.00,39.91,31.58,793.00,10.00,8.00,13.00,9.93,8.91,220.00,10.00,11.00,10.00,2,손가락 펴기 (Open)
6.19,12.12,-27.19,-42.31,27.75,159.05,112.77,140.36,88.46,72.19,249.41,109.41,173.00,161.88,103.05,116.59,155.08,130.26,113.53,123.46,0.00,32.43,114.72,72.55,98.41,84.82,126.34,8.37,65.00,127.26,102.83,148.78,158.38,190.01,311.69,44.47,141.00,30.96,67.77,14.28,25.06,40.26,91.93,43.74,4.00,35.34,28.69,747.00,8.00,10.00,14.00,30.56,24.86,514.00,9.00,7.00,13.00,20.63,17.81,330.00,7.00,8.00,13.00,41.38,33.64,748.00,9.00,8.00,13.00,11.98,9.59,240.00,10.00,11.00,10.00,2,손가락 펴기 (Open)
-97.06,-51.12,-18.75,-46.38,-4.56,66.31,223.76,32.25,187.00,89.59,342.35,61.55,17.00,120.61,67.08,147.53,196.84,150.78,157.53,113.85,44.00,59.25,169.71,18.76,73.82,35.59,77.02,54.32,10.00,17.29,208.81,188.03,186.99,79.38,271.42,120.32,30.00,22.75,57.78,16.07,16.28,36.82,102.14,45.61,7.00,41.42,32.06,809.00,9.00,10.00,14.00,33.19,27.27,524.00,9.00,6.00,13.00,19.43,16.88,280.00,4.00,7.00,12.00,40.42,30.77,692.00,8.00,8.00,13.00,11.95,9.62,270.00,11.00,11.00,11.00,2,손가락 펴기 (Open)
0.44,-3.62,-4.69,18.25,6.25,64.98,231.42,40.11,190.90,88.73,334.36,57.37,25.00,91.24,87.29,142.27,219.18,97.04,124.19,107.82,12.00,52.17,159.23,23.73,88.68,22.96,62.35,67.59,5.00,39.28,197.68,199.87,205.91,76.58,253.56,136.95,8.00,23.81,58.78,18.06,14.21,33.89,103.41,45.41,10.00,41.37,31.62,890.00,11.00,10.00,14.00,30.72,23.78,545.00,9.00,7.00,13.00,18.85,15.94,280.00,4.00,7.00,12.00,40.69,32.19,691.00,8.00,8.00,13.00,12.02,9.78,278.00,12.00,11.00,12.00,2,손가락 펴기 (Open)
-7.56,8.75,-4.69,21.06,-4.06,64.98,231.42,40.11,190.90,88.73,334.36,57.37,25.00,95.67,109.22,123.34,200.52,100.27,119.14,115.12,10.00,52.17,159.23,23.73,88.68,22.96,62.35,67.59,5.00,17.72,189.23,156.30,188.22,119.56,209.07,164.00,37.00,25.94,64.06,9.00,23.77,28.87,100.33,42.05,21.00,41.37,31.62,874.00,11.00,11.00,13.00,29.85,22.06,523.00,9.00,7.00,13.00,18.85,15.94,264.00,3.00,7.00,11.00,37.66,28.67,624.00,7.00,8.00,12.00,11.96,9.69,263.00,12.00,11.00,12.00,2,손가락 펴기 (Open)
48.31,-12.56,11.31,-11.25,-0.31,93.89,243.27,70.61,210.06,67.09,334.29,57.61,9.00,103.18,117.76,114.43,194.65,109.23,128.12,107.32,1.00,52.17,159.23,23.73,88.68,22.96,62.35,67.59,5.00,27.28,181.05,155.51,198.76,113.41,215.63,160.38,26.00,18.09,44.68,17.57,36.40,45.98,83.99,35.31,41.00,43.00,33.90,898.00,8.00,11.00,13.00,30.02,22.58,523.00,10.00,8.00,13.00,18.85,15.94,274.00,4.00,7.00,12.00,37.77,29.19,657.00,8.00,8.00,13.00,10.90,8.48,245.00,11.00,11.00,11.00,2,손가락 펴기 (Open)
-13.56,7.38,-12.69,10.06,8.31,28.25,183.08,55.97,265.07,119.84,294.04,83.80,75.00,73.68,117.98,110.61,167.20,137.89,160.62,78.45,34.00,36.46,127.27,44.58,90.47,46.83,91.14,73.69,37.00,16.28,192.04,145.58,196.00,120.17,214.54,161.74,15.00,17.19,39.47,18.14,40.31,41.83,89.95,38.44,35.00,41.30,31.56,898.00,12.00,11.00,13.00,29.46,21.95,545.00,11.00,9.00,14.00,18.61,15.52,282.00,5.00,7.00,12.00,37.86,29.93,657.00,8.00,8.00,13.00,11.09,8.90,233.00,11.00,10.00,10.00,2,손가락 펴기 (Open)
-13.56,5.31,20.44,85.75,-11.19,28.25,183.08,55.97,265.07,119.84,294.04,83.80,75.00,41.48,145.82,81.67,149.82,143.80,143.65,110.95,1.00,31.07,116.07,45.58,73.08,51.23,75.05,75.53,19.00,54.13,244.50,104.03,263.70,58.23,270.59,138.74,84.00,16.10,38.46,12.76,35.00,38.90,85.11,31.95,43.00,41.30,31.56,814.00,11.00,10.00,12.00,28.74,20.81,534.00,11.00,9.00,13.00,16.77,14.26,290.00,6.00,8.00,12.00,43.52,34.78,715.00,7.00,8.00,13.00,10.39,8.46,231.00,11.00,11.00,10.00,2,손가락 펴기 (Open)
112.62,24.56,-0.56,-75.56,-3.81,70.23,208.13,54.90,305.08,141.06,332.82,93.88,30.00,4.86,188.48,51.20,190.19,100.10,135.44,69.12,45.00,28.44,119.87,34.21,70.18,35.24,80.80,67.58,35.00,27.59,242.89,74.23,261.84,106.87,343.88,121.66,159.00,18.70,34.59,18.73,39.96,32.94,86.33,26.28,49.00,47.13,34.47,867.00,7.00,10.00,12.00,29.11,21.13,489.00,10.00,8.00,13.00,16.35,13.20,271.00,6.00,8.00,12.00,47.68,38.88,870.00,8.00,9.00,13.00,10.43,8.52,229.00,11.00,11.00,10.00,2,손가락 펴기 (Open)
-38.38,-25.56,12.88,29.69,5.56,47.92,213.78,22.90,292.88,172.27,343.31,119.99,2.00,74.00,160.58,60.18,178.34,90.30,95.12,57.55,123.00,56.05,85.63,74.65,29.43,43.96,78.12,47.17,76.00,17.69,209.63,115.80,218.21,144.82,370.38,115.26,203.00,23.94,28.68,21.31,37.16,36.32,81.26,32.28,43.00,48.11,36.38,973.00,12.00,10.00,12.00,27.21,20.06,466.00,10.00,9.00,13.00,15.33,12.89,262.00,7.00,8.00,12.00,48.20,40.19,978.00,9.00,10.00,14.00,10.12,8.05,221.00,11.00,10.00,9.00,2,손가락 펴기 (Open)
-24.31,-4.94,7.19,16.62,-17.62,61.09,187.75,44.92,263.87,180.79,332.25,150.74,33.00,54.76,148.51,70.33,156.39,112.23,77.47,76.36,145.00,66.99,74.68,78.42,29.61,33.72,84.72,53.86,65.00,47.97,176.63,138.45,225.28,150.29,374.82,130.35,170.00,36.93,19.42,17.58,25.81,44.15,94.04,21.02,56.00,46.52,34.52,934.00,8.00,10.00,12.00,26.43,18.69,488.00,10.00,10.00,14.00,15.42,13.19,257.00,7.00,8.00,11.00,48.25,40.20,956.00,9.00,10.00,14.00,11.01,8.75,231.00,11.00,10.00,9.00,2,손가락 펴기 (Open)
46.56,-26.94,10.56,12.50,9.38,89.40,138.70,63.82,249.66,219.90,377.63,103.61,17.00,54.76,148.51,70.33,156.39,112.23,77.47,76.36,145.00,92.17,61.45,63.34,55.33,41.81,58.87,32.30,91.00,108.51,138.47,132.63,289.17,85.09,322.80,83.79,236.00,36.93,19.42,17.58,25.81,44.15,94.04,21.02,56.00,48.05,37.99,976.00,9.00,9.00,12.00,26.43,18.69,477.00,9.00,10.00,14.00,15.24,12.94,236.00,8.00,8.00,10.00,46.64,37.12,868.00,8.00,9.00,13.00,11.01,8.75,241.00,11.00,11.00,9.00,2,손가락 펴기 (Open)
2.06,26.69,5.88,13.88,-11.38,113.13,122.34,61.34,289.01,187.73,340.82,134.44,23.00,55.06,129.88,76.98,178.34,99.23,65.09,97.49,167.00,88.11,59.56,68.33,56.09,39.45,54.99,27.76,96.00,92.06,132.49,151.80,294.82,74.90,300.84,67.53,258.00,39.94,22.88,14.85,29.15,44.39,93.43,20.92,60.00,47.17,36.06,970.00,8.00,10.00,12.00,27.27,20.06,510.00,9.00,10.00,14.00,15.07,12.62,230.00,7.00,8.00,9.00,45.92,36.09,791.00,7.00,8.00,12.00,11.22,9.00,256.00,12.00,11.00,10.00,2,손가락 펴기 (Open)
17.56,-57.62,27.06,-51.44,-17.12,116.43,126.43,55.24,290.45,185.49,343.72,130.17,15.00,46.66,143.98,110.43,186.01,57.11,88.64,134.43,210.00,105.97,86.72,64.99,28.23,10.55,60.28,2.45,125.00,88.62,123.50,160.36,305.36,67.25,308.20,77.58,247.00,41.99,26.72,17.20,27.31,47.94,96.63,19.47,56.00,47.32,36.56,978.00,8.00,10.00,13.00,30.74,22.75,575.00,9.00,10.00,14.00,16.62,14.20,242.00,6.00,9.00,9.00,46.61,36.95,802.00,7.00,8.00,12.00,11.56,9.25,239.00,11.00,10.00,9.00,2,손가락 펴기 (Open)
10.06,-2.94,-5.94,-6.06,9.88,116.19,118.63,62.60,298.30,177.56,340.67,129.25,7.00,46.40,141.06,119.48,196.56,59.48,77.64,127.36,199.00,101.08,73.00,49.86,26.48,17.04,75.48,16.60,141.00,94.09,101.79,156.04,299.91,88.41,309.85,55.58,269.00,41.99,26.72,17.20,27.31,47.94,96.63,19.47,56.00,47.17,36.06,922.00,7.00,10.00,12.00,30.69,22.43,618.00,8.00,10.00,14.00,16.52,14.06,258.00,7.00,9.00,9.00,46.49,36.68,765.00,7.00,8.00,12.00,11.56,9.25,257.00,12.00,11.00,10.00,2,손가락 펴기 (Open)
-30.94,-13.25,6.50,21.00,6.50,110.99,132.54,64.37,295.72,170.06,326.02,134.99,9.00,44.43,131.83,117.95,193.83,68.25,85.65,130.75,210.00,107.09,72.26,37.63,5.83,11.97,56.41,12.21,118.00,160.96,86.68,80.67,221.45,110.50,251.74,133.97,188.00,43.62,28.84,17.86,25.50,50.19,93.23,24.88,62.00,46.35,35.06,863.00,7.00,9.00,12.00,30.87,23.03,550.00,7.00,10.00,14.00,14.94,12.62,215.00,7.00,10.00,9.00,39.55,32.25,640.00,7.00,7.00,12.00,11.68,9.62,250.00,11.00,11.00,9.00,2,손가락 펴기 (Open)
-18.25,2.69,14.88,16.88,-9.50,167.64,131.66,15.23,221.64,227.12,257.24,196.43,84.00,71.77,56.19,48.43,118.11,43.39,112.04,155.42,131.00,83.78,46.73,28.00,47.10,53.33,67.38,53.53,76.00,95.08,43.90,139.09,212.01,175.05,186.12,193.24,122.00,43.62,28.84,17.86,25.50,50.19,93.23,24.88,62.00,44.60,32.66,828.00,7.00,10.00,11.00,23.68,18.48,504.00,12.00,11.00,14.00,14.07,11.86,226.00,7.00,10.00,10.00,38.05,29.72,629.00,7.00,6.00,11.00,11.68,9.62,228.00,11.00,10.00,9.00,2,손가락 펴기 (Open)
37.19,14.38,12.25,-17.50,-12.75,143.01,110.50,33.22,227.48,248.32,250.50,221.32,109.00,78.40,53.62,38.42,122.54,32.52,101.08,146.51,142.00,61.74,20.54,32.81,61.07,56.91,27.54,18.57,118.00,74.48,28.05,141.57,190.01,171.46,203.93,178.04,144.00,19.24,22.23,38.67,46.32,54.42,61.24,23.10,18.00,45.49,34.41,772.00,7.00,9.00,11.00,23.11,17.97,449.00,11.00,10.00,14.00,12.61,10.44,221.00,7.00,10.00,10.00,37.03,28.00,651.00,8.00,5.00,11.00,9.65,8.50,201.00,10.00,9.00,8.00,2,손가락 펴기 (Open)
28.56,10.94,-6.00,-19.56,-4.56,29.25,34.29,164.26,103.08,300.29,212.32,98.87,29.00,80.79,48.36,64.19,77.08,57.79,68.58,94.33,197.00,51.67,15.54,32.31,47.43,37.00,47.10,28.80,98.00,56.70,8.42,115.47,192.51,143.25,200.32,191.18,111.00,19.02,25.19,40.89,44.78,51.44,64.18,20.10,21.00,38.03,30.99,675.00,9.00,8.00,10.00,20.78,15.07,405.00,7.00,10.00,13.00,10.98,8.88,223.00,7.00,10.00,10.00,35.03,25.42,585.00,7.00,5.00,10.00,9.71,8.69,198.00,9.00,9.00,7.00,2,손가락 펴기 (Open)
-12.44,-31.00,4.00,23.75,15.06,29.25,34.29,164.26,103.08,300.29,212.32,98.87,29.00,61.99,66.08,78.99,58.87,87.10,88.08,61.33,230.00,42.27,17.11,22.29,35.47,44.13,39.89,25.64,114.00,58.34,13.52,105.60,203.38,152.60,192.93,190.42,122.00,22.00,22.17,43.15,50.09,50.25,69.21,14.62,27.00,38.03,30.99,708.00,10.00,7.00,11.00,22.27,17.62,438.00,11.00,9.00,13.00,10.65,8.50,234.00,13.00,11.00,11.00,35.39,25.94,629.00,8.00,5.00,11.00,10.17,9.06,207.00,9.00,8.00,7.00,2,손가락 펴기 (Open)
-42.94,-17.94,14.25,23.06,-8.50,22.56,29.58,183.94,85.80,297.07,236.31,102.81,5.00,44.91,99.08,111.14,30.41,92.79,55.08,92.82,197.00,27.46,29.94,5.75,59.62,63.36,36.38,27.55,86.00,65.48,18.38,107.14,201.99,154.55,203.90,186.91,111.00,16.37,20.69,36.16,53.54,56.38,71.16,11.57,34.00,39.26,32.30,682.00,9.00,6.00,11.00,22.50,18.32,427.00,10.00,9.00,13.00,10.84,8.53,230.00,12.00,10.00,11.00,35.74,26.45,596.00,7.00,4.00,10.00,10.39,9.50,226.00,9.00,9.00,8.00,2,손가락 펴기 (Open)
23.12,24.00,-22.12,-31.25,6.31,25.72,44.72,198.14,73.76,282.16,224.35,106.06,22.00,69.90,79.46,109.42,25.06,125.77,39.82,120.95,164.00,46.72,35.77,23.77,55.08,86.69,32.32,41.78,60.00,55.54,21.74,96.38,212.94,165.39,212.30,180.11,100.00,19.21,23.00,37.22,51.04,58.69,69.89,12.52,37.00,38.41,31.11,681.00,9.00,7.00,11.00,23.26,19.00,449.00,10.00,9.00,13.00,12.24,9.88,242.00,12.00,10.00,11.00,36.23,27.31,629.00,7.00,4.00,10.00,10.48,9.69,232.00,10.00,9.00,9.00,2,손가락 펴기 (Open)
-18.38,55.19,-36.19,-8.56,17.94,25.87,37.51,199.61,67.88,275.90,224.74,111.17,30.00,114.60,102.49,153.04,25.94,114.89,38.04,98.03,209.00,61.62,50.60,34.59,70.06,87.87,42.12,37.32,75.00,44.60,32.56,90.46,212.19,159.82,211.48,189.65,111.00,25.19,28.96,33.28,54.67,60.63,75.52,9.04,31.00,38.12,30.67,722.00,10.00,8.00,12.00,27.07,21.41,483.00,6.00,9.00,14.00,14.30,10.81,225.00,11.00,9.00,11.00,36.30,27.87,571.00,7.00,4.00,10.00,11.01,10.07,225.00,9.00,8.00,9.00,2,손가락 펴기 (Open)
-41.38,-20.75,5.19,-2.88,-5.19,21.91,44.82,183.92,80.00,280.86,237.02,125.72,46.00,83.69,69.54,137.09,50.54,145.31,45.08,104.88,242.00,67.38,55.46,33.87,70.06,82.04,36.13,36.14,69.00,49.64,118.74,162.95,121.33,124.92,164.73,99.76,20.00,27.00,30.25,31.35,56.22,58.63,73.72,10.52,33.00,38.99,31.55,617.00,9.00,7.00,12.00,27.47,22.16,539.00,11.00,9.00,14.00,14.09,10.51,244.00,7.00,9.00,11.00,29.41,23.25,405.00,6.00,3.00,9.00,10.94,9.96,241.00,10.00,9.00,10.00,2,손가락 펴기 (Open)
5.19,13.62,-6.12,-28.19,-8.62,100.78,108.07,152.13,85.70,176.07,133.19,20.74,59.00,70.43,54.90,153.31,63.64,131.41,53.72,91.15,220.00,63.51,54.73,38.59,75.06,79.16,33.12,33.97,64.00,8.09,97.89,128.15,128.75,76.45,119.89,48.49,33.00,21.86,32.05,33.64,62.23,55.65,71.34,19.33,42.00,28.40,24.81,504.00,7.00,7.00,12.00,26.25,20.95,517.00,11.00,9.00,14.00,13.90,10.12,239.00,11.00,9.00,11.00,22.67,19.94,319.00,5.00,2.00,9.00,11.16,10.45,236.00,9.00,8.00,10.00,2,손가락 펴기 (Open)
2.19,-29.69,16.12,-14.44,-9.38,66.99,101.51,109.07,125.67,160.01,113.88,29.29,107.00,69.80,58.07,163.11,56.40,125.94,42.96,100.45,231.00,59.07,62.98,47.27,76.49,73.16,32.94,43.23,76.00,38.05,80.70,109.13,170.77,48.77,76.35,34.70,77.00,28.81,50.84,24.00,77.67,41.60,62.70,4.78,22.00,26.17,22.09,488.00,7.00,7.00,11.00,26.88,21.73,539.00,11.00,9.00,14.00,14.45,10.88,257.00,11.00,9.00,12.00,21.90,18.99,319.00,5.00,3.00,9.00,11.16,10.22,214.00,8.00,7.00,9.00,2,손가락 펴기 (Open)
0.19,-47.31,20.69,18.56,-5.88,69.54,127.83,85.35,143.06,134.72,100.67,5.42,75.00,104.04,109.84,168.62,35.17,179.78,93.30,47.59,177.00,65.62,85.97,46.57,54.12,96.12,49.92,21.22,53.00,38.05,80.70,109.13,170.77,48.77,76.35,34.70,77.00,21.97,44.04,31.84,82.46,33.86,55.72,11.55,14.00,25.01,19.86,414.00,6.00,6.00,10.00,29.52,24.69,538.00,10.00,8.00,14.00,15.41,12.02,258.00,10.00,8.00,12.00,21.90,18.99,352.00,6.00,3.00,10.00,10.72,9.84,191.00,7.00,6.00,8.00,2,손가락 펴기 (Open)
10.31,-15.31,13.94,28.88,-4.69,54.07,95.32,76.52,170.99,105.13,72.69,38.65,41.00,104.04,109.84,168.62,35.17,179.78,93.30,47.59,177.00,75.08,94.57,37.38,52.09,92.75,38.29,33.21,65.00,32.57,91.58,114.94,181.42,38.99,75.16,25.77,66.00,40.68,51.07,26.95,68.77,36.91,37.54,30.53,5.00,22.67,18.27,380.00,6.00,5.00,9.00,29.52,24.69,515.00,9.00,8.00,14.00,15.81,12.68,259.00,9.00,8.00,12.00,22.64,19.77,363.00,6.00,3.00,11.00,10.25,8.95,170.00,6.00,6.00,7.00,2,손가락 펴기 (Open)
33.25,-11.88,46.62,82.56,-14.19,77.64,113.37,108.19,156.37,116.19,39.80,70.76,8.00,158.76,132.59,124.01,57.20,143.19,96.13,25.63,122.00,127.35,111.13,23.03,105.04,58.21,78.88,25.16,12.00,76.69,144.01,96.26,209.15,74.23,134.16,93.65,135.00,48.44,49.90,34.64,75.00,28.92,41.48,23.43,3.00,24.23,19.81,389.00,6.00,4.00,9.00,27.85,22.73,428.00,8.00,7.00,13.00,19.85,15.12,272.00,6.00,8.00,12.00,30.75,24.62,355.00,5.00,2.00,11.00,10.74,9.26,174.00,6.00,5.00,8.00,2,손가락 펴기 (Open)
91.25,27.38,-15.25,-42.12,1.88,156.69,133.48,168.27,232.83,37.14,109.45,42.83,88.00,97.52,162.99,121.05,119.23,70.33,93.64,97.62,46.00,94.95,123.40,18.26,109.48,24.21,95.88,59.07,22.00,87.68,147.14,86.51,199.99,76.69,124.08,83.20,124.00,37.20,62.00,28.35,67.08,27.60,41.43,19.04,18.00,33.54,25.34,444.00,6.00,4.00,10.00,26.41,22.00,418.00,8.00,6.00,13.00,19.78,15.09,302.00,8.00,8.00,12.00,29.67,24.02,435.00,6.00,3.00,11.00,10.28,8.91,164.00,6.00,5.00,8.00,2,손가락 펴기 (Open)
-11.75,15.69,-10.56,-9.12,11.06,141.40,137.92,171.44,229.51,38.66,117.94,56.12,104.00,94.42,173.87,112.64,123.89,70.94,98.48,86.96,57.00,98.66,118.60,14.04,104.69,22.86,95.51,63.80,27.00,87.68,147.14,86.51,199.99,76.69,124.08,83.20,124.00,38.28,59.08,25.92,64.41,30.54,39.80,20.55,21.00,33.66,25.69,508.00,6.00,4.00,10.00,26.68,22.69,418.00,7.00,6.00,13.00,19.57,14.74,296.00,8.00,9.00,11.00,29.67,24.02,446.00,5.00,4.00,11.00,10.05,8.67,170.00,6.00,5.00,8.00,2,손가락 펴기 (Open)
-57.31,-26.94,-19.56,-49.00,11.06,124.85,158.97,194.23,252.19,15.88,123.87,33.36,81.00,93.42,156.89,132.83,143.78,53.06,119.78,70.78,79.00,92.65,132.94,18.31,101.12,37.39,84.36,76.62,43.00,59.48,210.75,93.46,150.23,74.03,113.84,126.61,190.00,38.28,59.08,25.92,64.41,30.54,39.80,20.55,21.00,35.59,26.77,547.00,6.00,4.00,11.00,27.52,24.06,451.00,7.00,6.00,13.00,20.18,15.87,295.00,7.00,10.00,11.00,32.09,25.50,490.00,5.00,5.00,12.00,10.05,8.67,154.00,5.00,5.00,7.00,2,손가락 펴기 (Open)
-55.38,-4.25,-13.19,6.69,-3.06,117.91,187.91,211.41,258.92,42.13,96.62,64.04,112.00,90.56,156.69,133.47,148.49,63.18,110.60,75.10,68.00,97.06,142.05,21.81,79.43,28.13,106.31,66.67,21.00,64.74,220.14,86.73,142.14,63.03,120.87,121.28,179.00,39.07,58.63,25.75,62.65,31.70,41.52,18.59,19.00,37.75,28.22,490.00,5.00,4.00,10.00,27.50,23.91,462.00,7.00,7.00,13.00,20.38,16.31,300.00,7.00,11.00,11.00,31.83,24.64,512.00,5.00,6.00,12.00,10.00,8.58,162.00,6.00,4.00,8.00,2,손가락 펴기 (Open)
25.12,17.75,-11.81,5.31,9.56,120.47,191.52,207.49,251.24,42.27,104.45,57.13,104.00,90.56,156.69,133.47,148.49,63.18,110.60,75.10,68.00,112.60,137.45,22.92,86.33,13.57,90.96,68.82,43.00,48.26,215.73,108.32,127.80,58.90,142.84,121.66,157.00,57.18,41.98,8.98,55.58,11.81,41.57,40.43,41.00,37.37,27.64,570.00,6.00,4.00,11.00,27.50,23.91,484.00,8.00,7.00,14.00,20.48,16.41,283.00,6.00,10.00,10.00,31.61,24.27,512.00,5.00,6.00,12.00,9.90,8.74,168.00,7.00,5.00,9.00,2,손가락 펴기 (Open)
-20.31,-2.88,-6.81,-6.38,-4.44,164.69,183.06,150.90,241.41,20.15,87.06,101.32,161.00,73.17,178.69,117.27,139.79,43.97,124.51,71.45,46.00,112.60,137.45,22.92,86.33,13.57,90.96,68.82,43.00,38.79,222.41,111.23,119.21,48.95,134.91,116.78,168.00,57.18,41.98,8.98,55.58,11.81,41.57,40.43,41.00,36.75,27.06,578.00,6.00,5.00,11.00,27.12,22.72,462.00,8.00,7.00,14.00,20.48,16.41,277.00,5.00,10.00,9.00,31.36,23.67,479.00,5.00,6.00,12.00,9.90,8.74,162.00,7.00,5.00,9.00,2,손가락 펴기 (Open)
18.19,-24.88,15.44,-4.31,-3.19,141.10,200.69,158.59,217.45,27.63,105.29,118.20,185.00,73.17,178.69,117.27,139.79,43.97,124.51,71.45,46.00,100.63,149.35,34.72,92.11,22.49,82.05,75.56,31.00,71.40,189.66,137.97,101.08,31.51,139.13,95.62,201.00,38.54,58.69,25.76,56.29,8.21,22.92,31.43,21.00,37.03,27.84,586.00,7.00,5.00,11.00,27.12,22.72,473.00,8.00,7.00,14.00,20.83,17.26,288.00,6.00,9.00,9.00,30.62,21.89,479.00,5.00,6.00,12.00,9.08,7.73,138.00,6.00,4.00,8.00,2,손가락 펴기 (Open)
-0.31,-43.88,15.44,-52.88,-10.94,102.12,240.58,133.56,218.55,56.73,66.06,106.55,145.00,41.21,181.06,149.26,153.32,58.47,149.43,53.32,14.00,100.63,149.35,34.72,92.11,22.49,82.05,75.56,31.00,156.87,131.69,214.62,44.18,62.23,78.37,174.26,114.00,36.02,60.01,26.41,60.21,7.86,24.34,30.90,25.00,35.72,25.14,537.00,7.00,5.00,11.00,29.18,24.22,450.00,7.00,7.00,14.00,20.83,17.26,250.00,5.00,9.00,8.00,32.70,22.41,478.00,8.00,5.00,12.00,9.33,7.92,131.00,5.00,4.00,7.00,2,손가락 펴기 (Open)
16.25,-9.12,7.44,10.06,28.69,109.37,234.76,142.43,209.62,63.81,61.94,109.32,136.00,19.71,159.46,170.48,117.59,22.53,148.13,89.58,58.00,83.49,148.88,21.02,79.83,11.71,63.70,107.40,1.00,129.25,126.55,216.93,11.70,74.04,48.86,207.19,81.00,46.55,71.79,46.03,68.10,29.72,26.70,28.89,47.00,35.40,24.56,512.00,5.00,6.00,11.00,28.07,22.39,448.00,7.00,7.00,14.00,20.09,16.44,241.00,5.00,8.00,7.00,32.35,21.67,521.00,5.00,6.00,12.00,11.73,9.64,160.00,6.00,4.00,7.00,2,손가락 펴기 (Open)
-59.81,68.88,-44.25,-51.56,-2.88,140.42,243.82,159.91,220.44,87.37,62.60,84.81,183.00,19.71,159.46,170.48,117.59,22.53,148.13,89.58,58.00,83.73,152.12,25.33,84.72,12.19,65.66,112.18,6.00,163.42,169.90,165.09,59.03,62.69,10.91,256.80,27.00,44.77,48.91,34.97,49.52,44.83,30.72,35.04,70.00,38.41,28.23,567.00,6.00,6.00,11.00,28.07,22.39,448.00,7.00,6.00,14.00,20.73,16.75,252.00,5.00,7.00,7.00,34.99,25.42,586.00,9.00,7.00,13.00,10.72,8.20,170.00,6.00,5.00,7.00,2,손가락 펴기 (Open)
-6.81,11.50,-17.94,2.44,4.62,129.34,216.21,181.22,190.54,117.63,58.62,68.16,215.00,8.90,179.95,192.21,102.18,6.05,126.31,69.24,36.00,79.76,173.08,43.54,83.10,31.34,46.46,96.85,15.00,163.42,169.90,165.09,59.03,62.69,10.91,256.80,27.00,41.00,55.44,28.85,44.41,43.57,30.03,37.58,78.00,37.25,25.73,582.00,5.00,7.00,11.00,28.13,22.62,471.00,6.00,6.00,14.00,21.24,17.68,266.00,4.00,7.00,7.00,34.99,25.42,618.00,9.00,7.00,13.00,10.76,8.47,174.00,7.00,6.00,7.00,2,손가락 펴기 (Open)
-28.81,-8.44,13.62,32.00,-5.50,128.42,247.54,152.31,180.71,125.22,47.10,51.94,247.00,33.57,168.69,186.93,129.14,38.75,109.67,53.24,3.00,92.21,156.62,49.07,106.08,48.77,25.23,91.47,38.00,170.56,149.45,149.13,113.53,112.75,46.28,239.53,82.00,39.59,55.90,27.01,42.80,45.47,31.41,37.57,76.00,37.99,27.84,606.00,5.00,8.00,12.00,27.61,21.62,449.00,6.00,6.00,14.00,21.43,18.12,276.00,4.00,7.00,7.00,35.59,25.62,640.00,7.00,7.00,13.00,10.68,8.38,182.00,8.00,7.00,8.00,2,손가락 펴기 (Open)
34.12,21.81,-2.31,-12.00,-1.06,141.63,230.69,152.80,212.98,103.78,31.18,40.58,280.00,11.48,151.38,148.96,156.27,70.04,132.53,73.71,41.00,77.69,156.90,32.17,106.79,49.25,26.86,97.51,55.00,170.56,149.45,149.13,113.53,112.75,46.28,239.53,82.00,31.56,51.88,28.71,48.80,40.24,22.41,34.94,85.00,38.99,29.64,671.00,6.00,9.00,13.00,27.73,21.98,461.00,7.00,6.00,14.00,21.15,17.35,287.00,5.00,7.00,8.00,35.59,25.62,651.00,7.00,8.00,13.00,10.40,7.95,183.00,8.00,8.00,8.00,2,손가락 펴기 (Open)
-13.88,-2.88,-20.56,-69.94,-1.38,129.33,226.32,166.90,216.63,88.16,21.70,37.72,296.00,54.48,115.82,115.36,189.25,86.81,89.79,38.12,2.00,35.83,132.28,47.35,150.56,89.17,21.17,71.15,11.00,96.70,58.47,222.42,210.29,203.91,101.92,203.90,15.00,26.61,47.31,33.71,52.40,37.44,26.18,37.86,80.00,39.15,30.50,712.00,7.00,10.00,14.00,25.40,19.97,451.00,8.00,7.00,14.00,21.14,16.88,302.00,5.00,6.00,9.00,39.54,30.08,704.00,9.00,8.00,13.00,10.29,7.72,183.00,8.00,8.00,8.00,2,손가락 펴기 (Open)
-34.88,-43.88,11.81,7.12,11.44,85.57,186.88,205.70,263.25,106.80,68.36,70.87,248.00,27.86,147.71,107.35,209.48,118.08,67.24,17.39,34.00,29.85,126.61,52.79,150.16,85.39,20.12,75.59,17.00,71.80,27.06,219.48,211.15,185.86,71.33,223.06,18.00,9.20,30.14,45.09,42.15,56.31,30.23,23.05,99.00,40.09,31.86,711.00,7.00,10.00,14.00,27.58,21.47,494.00,8.00,7.00,15.00,20.88,16.46,298.00,6.00,6.00,9.00,38.34,28.53,721.00,10.00,8.00,13.00,10.58,8.33,187.00,9.00,7.00,8.00,2,손가락 펴기 (Open)
-51.88,-1.56,-15.56,-18.12,-6.31,16.03,92.05,212.29,259.94,177.54,58.95,27.23,344.00,33.03,140.76,117.95,201.53,120.84,69.84,15.42,45.00,46.38,67.84,90.10,76.32,80.27,61.96,23.74,57.00,67.81,118.26,113.83,88.77,145.68,161.42,128.49,106.00,11.46,29.86,42.46,31.38,54.04,18.82,34.03,87.00,41.10,32.38,671.00,9.00,9.00,14.00,27.41,20.95,493.00,7.00,7.00,15.00,16.10,13.20,266.00,6.00,6.00,9.00,29.16,25.47,630.00,10.00,8.00,13.00,9.69,7.77,187.00,10.00,8.00,8.00,2,손가락 펴기 (Open)
24.62,21.12,26.31,109.38,-1.31,95.13,87.09,154.95,173.44,119.44,29.05,70.09,256.00,32.12,139.75,111.65,193.93,112.58,79.81,16.82,56.00,14.68,71.16,103.39,80.65,61.38,84.77,35.25,91.00,106.84,73.09,245.21,179.89,63.50,244.39,76.32,242.00,11.46,29.86,42.46,31.38,54.04,18.82,34.03,87.00,31.06,26.95,638.00,10.00,10.00,14.00,26.74,20.09,504.00,8.00,7.00,15.00,17.41,14.90,305.00,7.00,6.00,10.00,40.32,29.09,733.00,10.00,8.00,13.00,9.69,7.77,183.00,9.00,9.00,8.00,2,손가락 펴기 (Open)
47.06,31.44,-7.38,-24.56,-12.94,63.87,49.90,195.73,186.98,149.40,64.93,110.87,215.00,28.74,148.11,105.75,202.18,102.66,90.12,20.75,67.00,17.65,73.45,98.46,85.38,56.38,85.47,37.82,96.00,74.18,42.16,240.29,197.80,37.17,250.39,82.94,275.00,10.54,9.10,59.08,16.76,39.89,34.11,17.08,109.00,33.28,29.44,616.00,9.00,10.00,14.00,27.41,20.95,471.00,7.00,6.00,15.00,17.50,15.17,329.00,8.00,6.00,10.00,40.78,30.62,825.00,10.00,8.00,13.00,10.06,7.67,196.00,11.00,10.00,9.00,2,손가락 펴기 (Open)
41.56,-2.94,18.56,68.50,3.44,93.00,40.35,237.14,113.85,85.57,82.69,51.82,303.00,25.96,170.01,83.99,188.67,103.34,82.92,26.46,45.00,31.44,42.71,110.41,81.22,52.62,71.65,55.00,129.00,184.13,151.69,150.40,127.95,76.25,215.80,139.20,386.00,16.22,10.06,58.25,22.56,36.44,33.12,18.88,103.00,33.33,29.13,616.00,9.00,10.00,14.00,26.74,19.92,482.00,8.00,7.00,15.00,17.86,15.69,352.00,9.00,7.00,11.00,43.50,31.38,870.00,10.00,9.00,13.00,9.82,7.20,198.00,11.00,10.00,9.00,2,손가락 펴기 (Open)
12.62,17.69,5.56,33.12,0.12,154.00,99.84,213.24,82.76,67.45,19.70,73.76,240.00,32.34,184.90,81.85,171.19,122.83,73.32,12.18,67.00,47.30,27.77,101.34,97.19,37.06,85.67,50.32,113.00,203.89,166.72,130.03,148.63,67.71,232.98,129.27,364.00,12.63,5.53,63.04,22.00,31.50,36.57,19.86,98.00,31.27,26.70,561.00,6.00,9.00,14.00,27.11,21.10,482.00,8.00,7.00,15.00,17.76,15.38,364.00,9.00,8.00,12.00,44.21,32.41,904.00,10.00,10.00,14.00,9.75,6.98,187.00,10.00,10.00,8.00,2,손가락 펴기 (Open)
21.19,38.31,-10.44,11.12,0.69,145.19,95.23,222.16,73.98,59.88,15.04,77.84,231.00,43.43,186.26,102.75,185.97,107.58,93.50,29.98,45.00,47.30,27.77,101.34,97.19,37.06,85.67,50.32,113.00,203.89,166.72,130.03,148.63,67.71,232.98,129.27,364.00,17.40,14.48,57.85,13.00,30.87,45.57,21.21,89.00,30.81,26.21,520.00,5.00,9.00,13.00,28.50,22.65,482.00,7.00,7.00,15.00,17.76,15.38,375.00,10.00,8.00,13.00,44.21,32.41,915.00,10.00,10.00,14.00,9.47,6.35,173.00,9.00,10.00,7.00,2,손가락 펴기 (Open)
3.69,14.94,-10.12,-10.19,0.38,165.52,91.37,211.17,82.86,41.69,33.72,84.36,207.00,55.37,173.56,117.75,202.18,99.28,74.03,8.02,67.00,43.52,25.95,102.67,102.18,34.91,83.59,47.51,118.00,200.33,174.55,119.83,159.10,58.50,226.54,125.48,375.00,16.10,11.81,55.07,13.93,35.65,49.16,21.66,84.00,30.44,24.98,496.00,4.00,9.00,13.00,28.72,23.31,482.00,7.00,8.00,15.00,17.89,15.73,352.00,9.00,8.00,12.00,44.29,33.16,937.00,11.00,10.00,15.00,9.40,6.12,173.00,9.00,10.00,7.00,2,손가락 펴기 (Open)
-25.31,-39.38,1.94,0.81,11.31,141.37,130.59,181.77,126.81,76.97,80.30,98.01,159.00,52.53,184.30,122.03,209.48,88.35,72.25,5.63,78.00,39.63,13.74,90.16,102.59,51.91,78.82,62.10,101.00,200.33,174.55,119.83,159.10,58.50,226.54,125.48,375.00,26.42,24.14,38.38,6.40,28.46,51.18,29.91,101.00,30.72,25.90,512.00,5.00,8.00,13.00,29.53,24.00,516.00,8.00,7.00,15.00,17.29,14.80,363.00,10.00,8.00,13.00,44.29,33.16,894.00,11.00,10.00,15.00,9.77,6.82,177.00,9.00,9.00,8.00,2,손가락 펴기 (Open)
-23.31,42.50,-21.38,-23.19,1.31,145.17,161.54,150.30,140.46,55.83,66.68,98.71,191.00,100.03,115.36,24.62,152.64,94.45,154.66,103.24,176.00,68.14,30.48,52.49,60.02,52.90,116.80,19.45,144.00,187.66,154.36,111.80,189.91,27.35,201.06,154.64,343.00,42.15,39.66,39.12,11.70,17.32,37.91,16.40,85.00,31.25,27.15,496.00,7.00,7.00,12.00,28.81,23.38,572.00,9.00,8.00,15.00,17.48,15.12,383.00,11.00,9.00,14.00,42.53,31.36,851.00,7.00,10.00,15.00,9.12,6.36,145.00,8.00,9.00,7.00,2,손가락 펴기 (Open)
-5.31,7.44,-9.69,-10.81,0.06,165.86,180.46,147.59,114.34,44.30,56.78,85.54,159.00,122.67,128.30,38.16,183.74,62.71,125.24,73.49,143.00,94.83,51.25,65.37,61.13,25.97,92.43,46.30,117.00,202.89,151.96,133.11,185.69,20.63,179.16,176.64,321.00,16.49,33.35,12.04,33.84,10.84,10.27,14.33,57.00,30.63,26.06,433.00,6.00,6.00,12.00,28.22,22.24,527.00,8.00,8.00,15.00,17.19,14.65,341.00,10.00,9.00,14.00,42.55,31.06,797.00,10.00,10.00,15.00,6.08,4.20,115.00,7.00,8.00,6.00,2,손가락 펴기 (Open)
-0.75,-10.38,3.75,7.12,2.56,117.14,192.78,98.34,155.33,20.11,39.97,68.09,104.00,110.22,65.87,37.73,175.35,89.44,126.02,63.21,76.00,56.25,55.96,28.79,24.08,41.82,90.11,85.00,76.00,144.34,204.46,108.81,121.60,85.27,146.89,237.78,256.00,21.52,27.19,18.85,32.14,16.39,9.72,20.52,49.00,27.49,22.72,386.00,4.00,5.00,11.00,24.91,19.95,493.00,9.00,8.00,15.00,14.71,12.88,332.00,11.00,9.00,14.00,40.26,29.34,765.00,7.00,10.00,15.00,5.98,4.17,110.00,8.00,8.00,6.00,2,손가락 펴기 (Open)
-8.25,0.62,-12.25,-3.88,-2.12,125.00,185.49,105.02,160.00,18.10,37.11,65.80,96.00,110.22,65.87,37.73,175.35,89.44,126.02,63.21,76.00,56.25,55.96,28.79,24.08,41.82,90.11,85.00,76.00,144.34,204.46,108.81,121.60,85.27,146.89,237.78,256.00,19.90,32.19,19.68,27.17,16.08,14.41,23.80,44.00,27.57,23.16,370.00,4.00,5.00,10.00,24.91,19.95,482.00,9.00,8.00,15.00,14.71,12.88,315.00,11.00,9.00,14.00,40.26,29.34,743.00,7.00,10.00,15.00,5.97,4.05,105.00,8.00,8.00,5.00,2,손가락 펴기 (Open)
5.75,-31.69,43.25,72.25,7.88,93.99,215.83,114.81,135.76,16.21,18.37,53.76,64.00,118.99,61.09,36.12,175.00,90.01,136.62,73.42,65.00,53.48,77.90,52.77,44.94,45.05,113.84,99.51,52.00,100.36,231.14,147.69,166.88,64.29,190.92,262.55,210.00,23.19,23.81,4.08,33.02,7.71,29.48,33.50,28.00,26.89,22.12,321.00,4.00,5.00,10.00,25.63,20.73,482.00,9.00,8.00,15.00,17.67,14.38,355.00,12.00,10.00,14.00,43.73,32.94,778.00,7.00,11.00,15.00,6.03,4.41,111.00,9.00,9.00,6.00,2,손가락 펴기 (Open)
0.31,98.56,-49.31,-17.75,4.38,128.47,199.99,73.90,110.64,44.12,30.65,49.03,23.00,35.91,87.50,126.11,267.00,45.56,199.41,165.39,27.00,55.42,73.98,58.48,82.49,40.02,153.51,129.40,3.00,100.36,231.14,147.69,166.88,64.29,190.92,262.55,210.00,25.80,28.52,5.46,26.87,14.95,26.20,30.74,36.00,24.96,19.60,280.00,5.00,6.00,9.00,35.98,26.31,596.00,7.00,9.00,15.00,21.77,17.10,430.00,12.00,10.00,14.00,43.73,32.94,804.00,8.00,11.00,15.00,6.08,4.58,114.00,9.00,10.00,6.00,2,손가락 펴기 (Open)
7.31,36.12,-5.94,19.50,1.06,118.80,193.10,80.22,124.78,47.17,39.18,50.18,7.00,27.47,107.57,160.05,272.61,94.73,198.70,117.03,28.00,54.65,65.29,48.75,77.88,35.85,155.36,133.37,13.00,112.93,164.26,55.76,62.24,88.46,242.03,269.49,102.00,26.72,33.52,9.84,23.60,12.33,24.21,30.34,31.00,24.95,19.56,264.00,5.00,7.00,8.00,36.95,27.39,612.00,7.00,9.00,15.00,21.47,16.55,442.00,11.00,10.00,14.00,38.62,30.94,773.00,7.00,11.00,15.00,6.02,4.44,103.00,8.00,9.00,5.00,2,손가락 펴기 (Open)
-2.69,-61.88,16.06,-54.75,-11.50,116.62,163.77,65.09,114.34,73.81,51.54,63.68,39.00,27.47,107.57,160.05,272.61,94.73,198.70,117.03,28.00,54.65,65.29,48.75,77.88,35.85,155.36,133.37,13.00,78.83,206.07,99.10,89.50,128.20,242.39,267.56,58.00,37.20,23.01,24.73,14.56,32.95,11.06,30.31,8.00,23.49,17.56,249.00,6.00,7.00,7.00,36.95,27.39,667.00,8.00,9.00,15.00,21.47,16.55,432.00,11.00,9.00,14.00,40.98,32.72,817.00,10.00,11.00,15.00,6.18,4.44,100.00,8.00,8.00,5.00,2,손가락 펴기 (Open)
8.88,-29.19,14.06,-12.81,7.62,161.28,99.53,9.36,47.01,51.40,20.02,33.98,32.00,27.66,116.66,171.05,275.04,100.24,187.79,119.56,17.00,80.75,55.60,78.06,95.59,35.39,124.30,126.28,45.00,109.46,177.89,95.96,113.41,133.32,222.95,257.96,25.00,24.92,17.29,17.61,28.28,42.97,11.36,33.33,6.00,18.31,14.23,194.00,6.00,8.00,7.00,37.40,28.16,677.00,7.00,10.00,15.00,21.38,16.56,388.00,10.00,8.00,13.00,39.53,31.37,725.00,7.00,11.00,15.00,6.33,4.62,115.00,9.00,8.00,6.00,2,손가락 펴기 (Open)
-21.12,3.81,-15.19,-37.31,-1.38,131.19,110.78,36.99,41.98,83.33,46.17,48.21,64.00,27.66,116.66,171.05,275.04,100.24,187.79,119.56,17.00,37.21,41.40,59.44,131.61,79.35,88.61,112.31,89.00,27.97,243.62,53.92,112.20,88.87,94.58,209.46,111.00,24.92,17.29,17.61,28.28,42.97,11.36,33.33,6.00,18.97,15.12,201.00,7.00,9.00,7.00,37.40,28.16,699.00,8.00,9.00,15.00,20.67,15.71,386.00,10.00,7.00,13.00,33.37,26.02,622.00,8.00,11.00,15.00,6.33,4.62,111.00,10.00,8.00,5.00,2,손가락 펴기 (Open)
-10.06,-16.12,5.12,-6.38,-6.88,82.19,107.70,76.72,12.04,76.45,52.03,53.79,15.00,58.26,137.34,150.14,269.03,111.95,194.93,107.43,16.00,48.08,48.71,50.14,126.63,83.92,88.99,107.13,100.00,5.97,246.30,68.49,87.97,68.73,63.27,196.85,144.00,17.08,9.33,24.72,20.40,35.05,7.28,31.44,14.00,16.76,13.32,209.00,7.00,10.00,7.00,37.43,28.38,688.00,8.00,9.00,15.00,20.67,15.75,379.00,10.00,7.00,13.00,31.99,24.47,555.00,7.00,11.00,15.00,5.43,4.12,100.00,9.00,7.00,4.00,2,손가락 펴기 (Open)
0.50,-85.50,22.12,-33.12,1.12,47.28,90.24,86.64,32.98,37.49,13.33,29.73,56.00,131.96,155.32,79.31,342.59,168.34,133.92,162.42,58.00,48.08,48.71,50.14,126.63,83.92,88.99,107.13,100.00,94.08,176.27,39.85,65.86,32.04,95.91,152.10,244.00,17.08,9.33,24.72,20.40,35.05,7.28,31.44,14.00,13.41,10.62,192.00,6.00,9.00,6.00,43.26,33.00,740.00,7.00,9.00,15.00,20.67,15.75,384.00,10.00,7.00,13.00,29.18,20.80,554.00,7.00,12.00,15.00,5.43,4.12,105.00,9.00,8.00,4.00,2,손가락 펴기 (Open)
-36.00,-10.12,-4.88,12.25,-1.88,56.30,51.24,66.56,57.69,87.72,69.27,75.48,0.00,152.06,150.31,82.63,345.41,151.14,155.90,140.79,36.00,40.48,39.49,50.06,120.81,99.33,73.08,122.33,84.00,114.66,154.75,58.86,48.10,27.28,74.14,165.15,222.00,17.08,9.33,24.72,20.40,35.05,7.28,31.44,14.00,15.75,12.50,224.00,7.00,9.00,7.00,43.25,33.00,792.00,9.00,9.00,15.00,20.54,15.36,396.00,10.00,8.00,13.00,28.09,19.53,576.00,12.00,13.00,15.00,5.43,4.12,108.00,10.00,9.00,4.00,2,손가락 펴기 (Open)
20.50,55.44,-28.31,-8.38,6.56,63.51,43.84,59.28,53.67,87.23,63.99,67.49,8.00,136.70,169.49,59.82,368.13,159.97,172.40,118.31,13.00,48.95,53.11,31.54,144.81,98.91,90.71,97.48,109.00,132.02,136.63,62.19,36.69,7.61,88.72,146.09,244.00,18.03,17.36,19.44,23.85,26.37,14.72,40.17,5.00,14.96,12.06,264.00,8.00,10.00,7.00,44.71,34.51,837.00,8.00,9.00,15.00,21.76,16.73,421.00,10.00,8.00,14.00,28.00,19.38,576.00,12.00,13.00,15.00,5.67,4.38,117.00,11.00,10.00,4.00,2,손가락 펴기 (Open)
-2.50,-10.19,7.00,-18.69,-4.31,79.51,29.44,48.48,40.00,72.82,64.23,82.23,8.00,144.29,148.20,73.62,365.49,181.93,175.14,101.29,9.00,40.19,42.11,42.37,142.39,109.52,92.47,88.07,120.00,138.26,135.56,54.42,47.30,18.46,89.01,156.95,233.00,16.73,15.59,18.17,25.55,26.27,15.59,42.14,3.00,14.62,11.50,256.00,8.00,11.00,7.00,44.71,34.34,849.00,10.00,9.00,15.00,21.82,17.00,446.00,10.00,8.00,14.00,28.33,20.06,576.00,11.00,12.00,15.00,5.74,4.52,116.00,11.00,10.00,4.00,2,손가락 펴기 (Open)
-18.50,-1.94,-12.69,13.62,9.69,79.51,29.44,48.48,40.00,72.82,64.23,82.23,8.00,149.48,174.02,98.70,321.70,200.64,154.72,92.28,53.00,60.42,58.80,42.56,121.81,123.33,83.12,78.11,141.00,136.03,128.50,64.95,46.00,24.03,97.69,167.66,222.00,16.73,15.59,18.17,25.55,26.27,15.59,42.14,3.00,14.62,11.50,272.00,8.00,11.00,8.00,43.30,32.17,772.00,7.00,9.00,15.00,21.99,17.27,441.00,10.00,8.00,14.00,28.53,20.75,587.00,11.00,12.00,15.00,5.74,4.52,121.00,12.00,11.00,5.00,2,손가락 펴기 (Open)
-3.50,-9.50,-17.69,-97.19,-2.12,68.86,24.97,32.78,28.84,69.94,80.10,77.02,8.00,123.70,185.19,53.08,331.88,173.65,107.04,125.08,108.00,60.42,58.80,42.56,121.81,123.33,83.12,78.11,141.00,142.49,211.13,98.82,37.00,76.05,180.12,240.25,139.00,13.75,17.25,18.00,23.02,28.49,13.05,43.94,0.00,13.85,10.50,272.00,8.00,12.00,8.00,41.99,29.44,750.00,11.00,10.00,15.00,21.99,17.27,436.00,10.00,8.00,13.00,37.67,25.94,692.00,12.00,13.00,15.00,5.76,4.62,130.00,12.00,11.00,6.00,2,손가락 펴기 (Open)
-47.56,-48.44,28.88,69.94,-8.69,92.54,66.83,61.31,28.02,29.46,120.47,96.32,55.00,96.22,245.71,100.12,269.76,238.65,171.60,67.71,43.00,34.50,85.53,40.78,84.12,162.33,120.48,72.20,102.00,163.57,160.37,45.70,86.33,114.36,237.92,299.52,61.00,7.17,24.21,24.66,19.92,31.34,19.99,42.55,7.00,18.49,13.44,311.00,7.00,12.00,9.00,43.69,30.92,771.00,10.00,9.00,15.00,23.14,18.75,469.00,10.00,8.00,13.00,41.76,29.80,842.00,12.00,13.00,15.00,6.16,5.06,134.00,11.00,10.00,6.00,2,손가락 펴기 (Open)
45.88,-15.75,10.56,-17.00,-6.19,86.47,37.07,79.12,61.47,16.05,140.19,133.50,96.00,91.07,255.60,108.90,266.37,234.56,164.79,78.31,54.00,35.04,90.48,45.77,82.71,160.48,117.97,73.74,107.00,139.09,155.54,26.82,78.10,108.26,245.57,318.28,28.00,6.51,30.78,30.22,27.66,23.43,16.21,41.13,1.00,21.87,16.00,399.00,7.00,12.00,10.00,43.86,31.44,792.00,9.00,9.00,15.00,23.25,19.06,471.00,9.00,8.00,13.00,41.84,30.12,920.00,13.00,13.00,15.00,6.36,5.34,131.00,10.00,10.00,6.00,2,손가락 펴기 (Open)
11.88,16.56,9.25,57.50,4.31,94.88,44.54,94.49,69.07,8.82,143.46,117.50,80.00,99.45,252.13,111.85,255.86,242.71,166.71,89.21,65.00,49.65,104.41,56.45,103.16,145.91,114.05,61.60,86.00,191.61,200.40,82.32,22.36,59.05,224.97,336.81,28.00,4.66,29.78,33.54,27.07,23.06,21.24,38.13,9.00,22.07,16.48,416.00,6.00,12.00,10.00,44.04,32.30,792.00,9.00,8.00,15.00,23.22,18.91,414.00,8.00,7.00,12.00,44.38,33.62,919.00,14.00,13.00,15.00,6.40,5.44,131.00,10.00,9.00,6.00,2,손가락 펴기 (Open)
11.88,-6.81,6.81,-3.88,-9.56,94.88,44.54,94.49,69.07,8.82,143.46,117.50,80.00,120.76,263.12,133.80,250.12,223.18,148.76,70.96,43.00,13.93,111.48,83.58,102.96,107.83,86.38,39.95,45.00,102.34,114.71,90.50,96.54,46.84,153.66,350.71,118.00,17.54,21.15,15.95,9.22,40.70,39.23,30.22,27.00,22.07,16.48,408.00,6.00,11.00,10.00,43.50,31.27,678.00,9.00,8.00,15.00,20.14,16.66,323.00,7.00,6.00,11.00,39.22,28.48,896.00,14.00,13.00,15.00,6.60,5.51,143.00,11.00,10.00,7.00,2,손가락 펴기 (Open)
42.31,31.25,3.38,-3.88,-0.19,135.52,81.03,62.61,57.04,45.97,183.38,94.30,39.00,43.03,185.07,122.31,172.03,245.50,69.18,77.71,38.00,66.73,65.50,45.79,50.16,123.59,34.50,48.16,10.00,102.34,114.71,90.50,96.54,46.84,153.67,350.71,118.00,23.51,16.69,16.58,12.04,37.96,35.38,33.94,21.00,24.61,18.73,433.00,6.00,10.00,11.00,34.51,24.94,652.00,10.00,9.00,15.00,15.86,13.22,279.00,7.00,6.00,10.00,39.22,28.48,852.00,13.00,12.00,14.00,6.44,5.11,149.00,11.00,11.00,7.00,2,손가락 펴기 (Open)
-5.69,1.69,2.69,-1.12,-1.88,120.24,75.54,77.99,41.05,51.93,192.65,95.03,23.00,42.99,138.01,176.48,163.00,190.59,107.32,41.27,17.00,77.39,54.50,54.22,55.47,112.68,45.25,45.10,1.00,85.13,138.42,106.81,54.63,59.14,125.20,331.79,162.00,28.02,11.70,21.55,16.12,34.66,34.97,29.49,26.00,24.53,18.56,474.00,7.00,10.00,12.00,31.66,21.70,587.00,5.00,9.00,15.00,15.75,12.70,257.00,6.00,6.00,9.00,37.83,25.53,775.00,12.00,11.00,13.00,6.42,5.02,137.00,9.00,11.00,6.00,2,손가락 펴기 (Open)
2.31,-11.31,-2.25,17.44,2.25,120.24,75.54,77.99,41.05,51.93,192.65,95.03,23.00,20.93,146.12,162.45,131.00,182.78,117.57,32.48,49.00,64.36,67.55,40.69,42.45,109.54,56.64,51.65,18.00,90.74,83.68,145.07,59.91,58.03,146.84,295.80,217.00,20.82,24.17,19.63,26.08,21.53,26.83,15.67,40.00,24.53,18.56,466.00,8.00,10.00,11.00,29.95,19.18,566.00,10.00,9.00,15.00,15.36,12.31,263.00,7.00,6.00,9.00,37.06,25.13,753.00,12.00,10.00,13.00,5.80,4.69,122.00,10.00,11.00,5.00,2,손가락 펴기 (Open)
25.81,9.31,4.44,27.06,16.69,124.04,67.82,84.97,33.06,59.71,199.06,88.82,31.00,18.42,138.58,179.04,132.83,164.49,126.37,42.88,27.00,60.93,70.31,45.88,51.04,100.04,56.98,43.21,7.00,93.81,67.66,164.49,43.28,74.23,125.36,314.94,195.00,23.68,29.36,28.53,31.83,22.82,35.39,24.58,31.00,24.98,19.06,458.00,7.00,9.00,11.00,29.91,19.48,555.00,10.00,9.00,15.00,14.92,11.80,237.00,7.00,6.00,8.00,37.68,26.68,731.00,11.00,9.00,13.00,6.91,5.39,128.00,9.00,11.00,6.00,2,손가락 펴기 (Open)
-29.19,20.31,-21.25,-7.31,-1.31,122.97,82.20,73.34,35.85,64.39,214.88,73.79,47.00,18.42,138.58,179.04,132.83,164.49,126.37,42.88,27.00,61.92,68.26,50.78,54.04,104.14,53.11,47.89,12.00,93.42,72.70,164.55,30.08,56.53,144.58,293.07,217.00,23.68,29.36,28.53,31.83,22.82,35.39,24.58,31.00,25.83,20.06,506.00,8.00,10.00,12.00,29.91,19.48,544.00,9.00,9.00,15.00,15.32,12.19,242.00,7.00,7.00,8.00,37.03,25.48,731.00,11.00,9.00,13.00,6.91,5.39,141.00,10.00,11.00,7.00,2,손가락 펴기 (Open)
17.31,18.94,-19.62,-46.94,1.19,115.97,76.70,66.83,58.69,50.92,230.01,49.79,71.00,24.32,117.57,177.97,131.00,169.39,146.12,64.86,5.00,80.09,45.39,61.59,37.58,112.28,79.07,21.96,14.00,120.63,31.32,214.24,28.23,90.62,169.31,241.64,271.00,31.45,24.10,24.44,26.63,15.96,38.33,30.25,23.00,26.18,20.73,546.00,8.00,10.00,13.00,30.30,20.82,470.00,9.00,8.00,14.00,16.09,13.47,225.00,5.00,6.00,7.00,38.95,27.55,741.00,10.00,8.00,13.00,6.72,5.16,136.00,10.00,11.00,7.00,2,손가락 펴기 (Open)
-36.19,-38.62,-2.88,-15.62,9.62,142.19,59.24,105.80,62.65,10.95,230.99,20.41,111.00,54.64,106.02,141.22,90.00,128.68,137.00,30.18,46.00,107.27,18.38,52.77,17.09,84.30,63.67,48.42,14.00,110.79,41.78,206.96,34.06,100.16,167.89,233.59,282.00,40.33,15.35,15.44,34.44,16.13,41.96,27.18,32.00,27.80,23.06,562.00,8.00,10.00,13.00,24.93,18.58,451.00,10.00,8.00,14.00,14.93,12.52,212.00,4.00,6.00,7.00,38.58,27.03,729.00,9.00,8.00,13.00,7.16,5.80,142.00,9.00,10.00,7.00,2,손가락 펴기 (Open)
-28.69,-15.94,-12.25,-34.19,3.25,134.71,65.91,101.68,55.47,11.45,226.09,22.69,119.00,47.83,99.45,150.08,90.67,123.49,144.37,28.71,57.00,117.12,17.53,43.38,26.68,88.17,60.70,40.64,4.00,165.63,27.83,188.28,36.40,109.25,130.18,217.50,337.00,45.59,10.44,14.35,37.44,21.09,36.21,26.66,26.00,27.21,22.56,514.00,7.00,10.00,12.00,25.23,19.18,406.00,9.00,8.00,14.00,15.24,13.22,197.00,4.00,6.00,7.00,39.33,27.01,729.00,8.00,9.00,13.00,7.18,5.88,139.00,8.00,10.00,7.00,2,손가락 펴기 (Open)
-18.19,30.19,-27.25,-41.50,0.62,174.70,28.56,82.93,50.96,51.44,186.55,59.05,159.00,53.27,66.38,146.45,57.07,104.10,110.38,33.71,23.00,117.12,17.53,43.38,26.68,88.17,60.70,40.64,4.00,206.77,70.81,146.18,71.18,142.22,172.69,212.53,294.00,41.94,12.17,9.03,42.54,26.07,30.98,25.14,20.00,27.16,22.34,498.00,6.00,10.00,11.00,20.99,16.79,383.00,9.00,7.00,14.00,15.24,13.22,176.00,3.00,5.00,7.00,40.76,29.44,728.00,6.00,8.00,13.00,7.00,5.50,131.00,7.00,9.00,6.00,2,손가락 펴기 (Open)
-32.19,-43.12,19.06,11.12,3.12,204.46,37.99,51.24,22.02,49.30,213.46,27.70,127.00,90.69,35.23,108.17,64.50,146.99,144.70,46.06,66.00,111.12,7.10,40.42,37.48,98.62,71.47,42.43,15.00,189.82,57.03,160.07,82.62,161.02,190.62,204.79,272.00,44.27,16.10,16.36,39.22,26.26,30.21,22.15,12.00,28.39,24.09,498.00,6.00,10.00,11.00,23.75,19.14,448.00,9.00,7.00,14.00,15.86,13.82,202.00,3.00,6.00,7.00,40.79,29.28,749.00,6.00,8.00,13.00,6.95,5.39,120.00,6.00,9.00,5.00,2,손가락 펴기 (Open)
-1.19,21.19,-12.94,1.50,-12.44,192.94,22.01,61.35,34.48,65.19,218.06,18.44,111.00,79.70,33.27,117.29,55.22,150.94,147.65,56.42,77.00,111.12,7.10,40.42,37.48,98.62,71.47,42.43,15.00,200.39,55.79,170.61,66.71,159.96,196.21,191.32,250.00,50.07,6.93,26.95,19.10,14.18,49.58,20.83,11.00,28.09,23.21,514.00,6.00,10.00,11.00,24.21,19.91,502.00,9.00,8.00,14.00,15.86,13.82,229.00,4.00,6.00,8.00,40.39,28.25,644.00,5.00,8.00,13.00,7.29,5.69,125.00,6.00,10.00,5.00,2,손가락 펴기 (Open)
103.81,-11.12,50.50,36.88,15.44,183.36,96.53,105.40,99.62,99.37,285.88,111.71,223.00,89.91,41.89,119.69,49.66,143.45,142.92,67.39,88.00,147.26,76.73,58.55,36.50,48.22,92.02,64.81,88.00,224.76,177.22,41.22,97.05,64.79,181.21,104.93,112.00,37.99,14.55,14.58,34.01,8.15,66.74,29.15,29.00,38.82,30.09,579.00,7.00,9.00,11.00,24.37,20.52,492.00,10.00,8.00,14.00,20.00,15.31,248.00,6.00,6.00,8.00,33.93,26.53,516.00,8.00,8.00,13.00,8.30,6.49,147.00,7.00,10.00,6.00,2,손가락 펴기 (Open)
-47.69,7.50,-28.81,-52.88,-3.00,188.07,103.08,104.30,97.51,92.70,277.88,105.01,215.00,62.37,15.45,66.49,101.20,93.99,94.77,118.19,142.00,96.71,49.71,34.31,74.30,11.89,105.16,108.47,147.00,148.20,92.13,123.99,195.43,71.39,163.45,111.00,20.00,32.48,21.15,20.23,31.78,12.95,63.53,27.27,22.00,38.15,29.65,634.00,7.00,9.00,11.00,21.77,18.50,482.00,11.00,9.00,14.00,20.21,15.84,313.00,5.00,7.00,8.00,31.67,23.53,525.00,4.00,8.00,13.00,7.96,6.00,163.00,6.00,11.00,7.00,2,손가락 펴기 (Open)
-13.12,26.75,-12.19,0.44,-8.00,141.89,107.60,159.73,153.58,118.75,242.53,87.84,158.00,83.22,59.20,54.18,101.64,98.75,138.17,87.33,98.00,72.18,70.68,60.26,89.83,28.57,114.96,95.05,121.00,155.36,86.81,123.65,190.79,73.90,158.27,114.74,31.00,32.48,21.15,20.23,31.78,12.95,63.53,27.27,22.00,36.86,27.64,632.00,7.00,10.00,11.00,22.53,19.09,471.00,10.00,8.00,14.00,20.21,15.94,328.00,5.00,8.00,9.00,31.56,22.73,501.00,4.00,8.00,13.00,7.96,6.00,157.00,5.00,10.00,6.00,2,손가락 펴기 (Open)
3.38,-35.81,9.12,25.25,3.00,134.39,114.90,164.26,152.64,111.16,241.03,85.15,166.00,40.46,46.71,16.22,155.71,68.28,176.93,92.62,43.00,67.18,75.51,62.55,86.28,25.14,110.18,95.36,126.00,116.28,130.15,83.52,150.59,48.83,116.52,123.25,76.00,32.48,21.15,20.23,31.78,12.95,63.53,27.27,22.00,36.77,27.08,648.00,8.00,10.00,12.00,24.01,20.56,515.00,10.00,8.00,14.00,20.03,15.62,344.00,6.00,8.00,10.00,27.12,20.97,456.00,4.00,8.00,13.00,7.96,6.00,153.00,5.00,10.00,6.00,2,손가락 펴기 (Open)
-3.62,-2.81,19.44,34.19,-3.56,118.39,129.90,156.41,136.72,113.25,254.29,96.15,150.00,40.46,46.71,16.22,155.71,68.28,176.93,92.62,43.00,77.46,70.57,69.88,94.49,31.85,100.55,92.66,137.00,148.69,103.76,112.34,169.65,16.95,86.06,126.98,109.00,24.68,13.98,11.36,40.61,21.85,55.20,20.11,31.00,36.66,26.41,623.00,9.00,10.00,11.00,24.01,20.56,515.00,9.00,8.00,14.00,20.52,16.31,355.00,6.00,8.00,11.00,28.51,22.26,467.00,4.00,8.00,14.00,7.39,5.58,150.00,10.00,10.00,6.00,2,손가락 펴기 (Open)
21.94,40.50,-1.88,21.81,-3.56,96.18,142.60,131.50,141.48,134.69,229.89,73.25,175.00,51.18,36.52,26.10,166.60,74.25,183.97,82.52,54.00,69.65,67.18,59.89,101.83,42.17,98.36,87.08,148.00,170.21,104.97,113.62,153.44,36.42,95.34,132.05,87.00,24.68,13.98,11.36,40.61,21.85,55.20,20.11,31.00,35.20,24.45,598.00,9.00,10.00,11.00,25.00,21.25,526.00,9.00,8.00,14.00,20.41,15.86,377.00,7.00,9.00,12.00,29.06,23.21,478.00,7.00,9.00,15.00,7.39,5.58,148.00,10.00,9.00,6.00,2,손가락 펴기 (Open)
20.44,37.75,-10.56,-0.19,4.75,112.26,148.67,140.53,118.60,153.99,218.24,49.38,199.00,94.74,46.64,52.08,178.08,103.99,140.10,126.50,10.00,65.66,50.48,64.93,117.80,45.43,87.47,104.03,127.00,170.21,104.97,113.62,153.44,36.42,95.34,132.05,87.00,25.18,9.52,19.55,29.83,17.35,60.48,9.11,42.00,35.59,25.88,590.00,8.00,10.00,11.00,26.82,23.22,515.00,9.00,7.00,13.00,20.45,15.70,381.00,7.00,8.00,13.00,29.06,23.21,478.00,7.00,9.00,15.00,7.35,5.66,152.00,11.00,9.00,6.00,2,손가락 펴기 (Open)
-18.06,3.38,4.44,32.12,-1.25,104.70,127.50,157.26,113.00,151.15,227.06,26.98,223.00,114.55,68.62,53.81,157.92,85.60,157.60,106.24,32.00,65.66,50.48,64.93,117.80,45.43,87.47,104.03,127.00,176.56,115.85,104.93,161.38,27.08,86.11,141.94,76.00,25.18,9.52,19.55,29.83,17.35,60.48,9.11,42.00,35.87,26.45,606.00,9.00,9.00,11.00,26.46,22.09,526.00,8.00,7.00,13.00,20.45,15.70,390.00,8.00,8.00,14.00,29.69,23.98,500.00,8.00,9.00,15.00,7.35,5.66,143.00,11.00,9.00,5.00,2,손가락 펴기 (Open)
7.44,-6.94,4.81,1.19,-7.81,111.52,104.43,179.31,89.27,173.87,204.76,45.97,199.00,107.17,61.09,62.76,162.89,89.01,159.92,99.17,43.00,69.88,46.51,67.40,113.07,48.06,82.09,109.90,121.00,171.45,99.70,100.30,141.20,16.56,53.94,174.91,43.00,12.54,13.53,33.91,9.22,36.15,43.16,30.03,19.00,35.08,24.58,574.00,9.00,9.00,11.00,26.51,22.45,526.00,9.00,7.00,13.00,20.31,15.23,364.00,7.00,8.00,13.00,28.51,22.26,500.00,4.00,10.00,15.00,6.75,5.09,133.00,8.00,8.00,4.00,2,손가락 펴기 (Open)
27.94,-5.56,30.75,21.81,-7.50,82.09,139.27,187.10,97.08,214.19,154.30,92.59,143.00,102.70,66.88,81.77,143.96,67.01,172.26,107.03,21.00,29.83,63.75,106.14,90.71,42.35,81.85,152.93,72.00,165.60,93.07,120.77,123.23,38.33,47.46,195.67,21.00,12.05,17.57,38.17,13.42,36.51,42.98,26.10,24.00,35.25,25.45,550.00,8.00,8.00,11.00,26.26,21.94,526.00,9.00,7.00,13.00,21.45,16.78,393.00,7.00,8.00,14.00,29.06,23.21,479.00,9.00,10.00,15.00,6.98,5.44,130.00,7.00,8.00,4.00,2,손가락 펴기 (Open)
12.44,26.75,-18.25,-13.19,-7.00,87.31,139.05,179.14,104.39,212.13,152.40,98.43,135.00,100.09,56.70,83.18,150.21,63.36,183.17,108.37,10.00,29.83,63.75,106.14,90.71,42.35,81.85,152.93,72.00,149.91,68.82,144.15,106.51,42.12,36.25,172.69,53.00,12.43,21.00,38.02,18.44,28.83,48.86,30.47,16.00,35.02,24.88,510.00,7.00,8.00,11.00,26.82,22.62,504.00,9.00,6.00,13.00,21.45,16.78,427.00,8.00,8.00,14.00,27.05,21.46,480.00,10.00,10.00,15.00,7.21,5.88,121.00,7.00,7.00,4.00,2,손가락 펴기 (Open)
-5.56,-39.25,28.62,81.50,1.56,59.76,118.55,196.50,96.42,180.56,171.85,116.08,103.00,100.09,56.70,83.18,150.21,63.36,183.17,108.37,10.00,7.85,45.57,101.96,104.31,14.51,114.78,168.23,38.00,103.25,32.65,151.49,202.83,59.42,128.44,227.71,48.00,15.24,21.48,30.32,14.32,35.39,39.91,29.12,25.00,33.82,23.13,518.00,8.00,8.00,12.00,26.82,22.62,548.00,10.00,7.00,13.00,22.68,18.59,466.00,9.00,9.00,14.00,34.10,26.12,559.00,11.00,11.00,15.00,6.75,5.31,123.00,8.00,7.00,4.00,2,손가락 펴기 (Open)
38.88,44.62,-29.44,-41.50,10.19,21.88,48.84,171.25,169.24,228.36,99.05,116.66,176.00,58.82,67.01,131.86,123.17,124.88,202.45,88.71,56.00,14.97,59.09,115.74,92.01,26.94,123.57,171.36,23.00,103.25,32.65,151.49,202.83,59.42,128.44,227.71,48.00,15.09,25.01,35.55,20.22,34.28,36.50,31.90,31.00,34.45,24.53,559.00,7.00,8.00,13.00,28.85,24.08,592.00,10.00,7.00,13.00,23.58,19.44,510.00,10.00,9.00,14.00,34.10,26.12,672.00,12.00,11.00,15.00,7.14,5.69,129.00,8.00,6.00,4.00,2,손가락 펴기 (Open)
-47.69,-18.62,4.31,-0.88,4.00,25.14,71.10,193.69,169.58,221.84,82.58,132.94,199.00,93.01,23.58,145.46,80.36,137.84,192.81,84.36,100.00,21.27,29.39,94.22,75.69,58.49,124.88,170.12,13.00,71.45,59.08,102.99,150.57,48.17,149.27,233.55,102.00,16.89,28.00,35.44,20.00,37.16,35.88,29.49,28.00,35.95,25.61,631.00,8.00,8.00,13.00,28.66,24.00,582.00,10.00,7.00,13.00,22.35,18.15,499.00,10.00,9.00,14.00,31.40,22.86,662.00,10.00,11.00,15.00,7.21,5.88,132.00,8.00,6.00,4.00,2,손가락 펴기 (Open)
-25.69,0.00,-10.00,-31.81,-8.19,14.18,63.83,185.15,153.64,206.05,85.37,148.18,215.00,39.95,75.45,91.67,108.89,109.89,154.37,89.06,154.00,12.95,37.78,79.97,101.98,66.06,111.77,163.61,40.00,96.85,61.48,102.80,163.29,32.14,145.83,230.32,135.00,7.81,20.34,47.69,33.00,46.30,26.39,17.35,15.00,35.02,24.86,622.00,8.00,9.00,13.00,25.50,20.62,539.00,7.00,7.00,13.00,22.15,17.50,483.00,9.00,9.00,14.00,32.46,24.81,684.00,12.00,11.00,15.00,7.44,6.09,128.00,8.00,5.00,4.00,2,손가락 펴기 (Open)
12.81,-9.62,20.62,63.31,-6.56,17.15,76.87,200.60,157.65,219.73,65.59,124.32,191.00,61.86,64.93,100.06,125.42,87.92,132.53,91.86,176.00,27.26,56.18,117.96,115.60,51.11,77.80,147.12,78.00,24.61,34.36,174.19,234.97,48.23,106.70,210.95,213.00,12.45,18.86,44.13,33.54,44.94,20.45,11.39,9.00,35.09,25.34,550.00,8.00,8.00,13.00,25.47,20.62,517.00,10.00,7.00,13.00,22.45,18.30,448.00,10.00,9.00,14.00,36.25,28.31,740.00,10.00,11.00,15.00,6.95,5.76,101.00,7.00,5.00,3.00,2,손가락 펴기 (Open)
58.62,-20.62,0.94,-62.56,2.38,38.78,32.16,159.14,114.49,200.94,21.12,87.87,146.00,61.86,64.93,100.06,125.42,87.92,132.53,91.86,176.00,34.60,4.27,110.18,74.65,16.34,28.56,118.63,131.00,121.03,106.34,133.48,222.99,117.31,56.73,188.32,311.00,3.05,31.90,37.78,18.97,30.52,12.10,4.92,6.00,27.98,22.17,442.00,7.00,7.00,13.00,25.47,20.62,506.00,9.00,7.00,13.00,18.26,14.80,388.00,9.00,9.00,14.00,38.96,30.31,774.00,12.00,11.00,15.00,5.54,4.70,91.00,7.00,5.00,2.00,2,손가락 펴기 (Open)
-33.31,1.38,9.38,39.62,-5.31,23.78,45.28,158.97,110.42,185.97,18.96,82.98,131.00,61.86,64.93,100.06,125.42,87.92,132.53,91.86,176.00,7.10,41.34,72.11,49.98,29.88,46.46,94.37,172.00,37.78,48.89,65.00,114.93,158.33,86.94,179.51,420.00,7.27,36.56,32.83,21.10,34.06,9.88,1.16,1.00,26.59,21.35,502.00,8.00,8.00,13.00,25.47,20.62,506.00,10.00,7.00,13.00,16.82,13.70,384.00,11.00,10.00,14.00,36.90,29.00,829.00,11.00,12.00,15.00,5.71,4.98,94.00,8.00,5.00,2.00,2,손가락 펴기 (Open)
36.12,-17.88,3.06,-36.00,-0.62,36.37,84.58,109.70,55.95,217.34,41.88,93.63,188.00,86.57,106.51,105.11,104.36,48.51,111.23,129.84,132.00,26.44,56.96,57.71,31.06,35.67,25.79,111.13,151.00,39.16,31.47,86.40,113.00,150.25,94.65,177.11,442.00,4.87,34.73,35.66,17.03,32.75,6.16,4.89,4.00,27.82,22.75,559.00,9.00,8.00,13.00,25.17,20.11,462.00,10.00,7.00,13.00,16.28,12.94,368.00,10.00,11.00,13.00,37.85,30.38,884.00,11.00,13.00,15.00,5.54,4.70,88.00,7.00,5.00,1.00,2,손가락 펴기 (Open)
-19.88,-39.88,7.75,-22.94,-6.81,20.62,81.90,123.76,51.48,210.41,52.07,96.68,204.00,86.57,106.51,105.11,104.36,48.51,111.23,129.84,132.00,30.73,58.10,60.47,34.06,30.77,28.71,106.23,156.00,50.12,2.53,108.42,80.01,183.16,109.49,193.49,409.00,12.43,30.99,43.57,13.15,20.18,7.04,17.20,17.00,28.26,23.75,608.00,10.00,8.00,14.00,25.17,20.11,451.00,10.00,7.00,13.00,16.38,13.25,362.00,10.00,11.00,12.00,38.25,31.18,884.00,11.00,13.00,15.00,5.65,4.71,89.00,7.00,6.00,1.00,2,손가락 펴기 (Open)
-4.38,-27.50,-6.88,-50.19,5.81,27.50,76.91,124.60,59.41,202.41,52.92,96.07,212.00,90.19,103.13,116.52,113.25,70.33,90.78,150.70,110.00,24.01,71.53,39.34,22.36,34.56,34.58,84.72,178.00,102.03,75.78,110.59,109.66,164.08,37.24,136.61,485.00,9.16,35.82,38.08,19.10,16.83,11.61,22.51,23.00,28.12,23.25,600.00,9.00,9.00,14.00,26.09,21.31,418.00,9.00,8.00,13.00,16.09,12.73,356.00,10.00,12.00,12.00,40.02,32.59,905.00,13.00,14.00,15.00,5.84,5.09,102.00,7.00,7.00,2.00,2,손가락 펴기 (Open)
-40.88,-23.38,-2.19,4.50,8.25,43.07,132.54,71.81,86.31,189.46,50.73,88.84,268.00,106.00,70.01,99.49,64.14,69.79,129.92,108.38,176.00,22.04,66.53,39.86,17.46,39.54,34.00,80.74,183.00,109.34,83.68,103.01,117.92,154.14,48.01,146.35,474.00,13.31,44.67,39.59,21.95,12.76,12.66,17.57,14.00,29.88,24.86,640.00,9.00,10.00,15.00,24.86,19.59,418.00,9.00,8.00,13.00,16.00,12.46,351.00,10.00,12.00,11.00,39.85,31.81,937.00,13.00,14.00,15.00,6.22,5.62,96.00,6.00,6.00,2.00,2,손가락 펴기 (Open)
-14.88,42.62,-7.81,34.75,8.25,74.97,158.40,52.37,110.68,161.83,66.29,100.53,236.00,106.00,70.01,99.49,64.14,69.79,129.92,108.38,176.00,17.42,59.87,31.83,18.03,37.84,41.92,86.07,173.00,101.95,92.06,145.34,149.81,124.55,81.49,190.27,430.00,13.31,44.67,39.59,21.95,12.76,12.66,17.57,14.00,29.87,24.75,624.00,10.00,10.00,15.00,24.86,19.59,451.00,10.00,8.00,13.00,15.51,11.91,341.00,10.00,13.00,10.00,40.82,33.75,937.00,12.00,13.00,15.00,6.22,5.62,90.00,6.00,6.00,2.00,2,손가락 펴기 (Open)
7.12,62.12,-30.94,-47.50,-7.12,45.91,154.68,38.49,131.55,136.65,98.26,127.47,204.00,130.39,125.66,145.98,59.62,75.37,171.79,105.99,120.00,42.66,63.73,60.27,14.32,66.27,71.55,97.12,143.00,98.22,33.34,152.82,119.94,177.26,125.81,263.20,354.00,3.32,47.33,35.85,28.32,20.24,6.03,16.43,24.00,29.34,23.86,624.00,9.00,10.00,15.00,29.48,23.97,463.00,9.00,8.00,13.00,17.43,13.55,366.00,10.00,13.00,11.00,42.18,34.94,991.00,12.00,13.00,15.00,6.46,5.89,98.00,6.00,6.00,3.00,2,손가락 펴기 (Open)
-8.38,-25.50,15.00,36.75,8.00,50.96,149.21,46.20,126.15,139.54,104.25,135.43,196.00,111.86,112.71,149.38,80.36,97.30,193.49,104.54,98.00,25.71,72.31,59.95,17.03,77.57,83.14,100.80,126.00,109.57,75.29,108.87,76.49,216.14,137.90,299.79,310.00,16.98,34.96,26.11,39.12,22.84,18.05,19.29,38.00,29.42,24.30,616.00,9.00,10.00,15.00,30.18,25.00,552.00,10.00,9.00,14.00,17.85,14.50,384.00,10.00,13.00,11.00,43.21,37.12,1056.00,12.00,13.00,15.00,6.65,6.12,114.00,7.00,7.00,4.00,2,손가락 펴기 (Open)
-6.38,6.81,5.44,4.44,-9.75,68.92,117.27,70.15,151.72,107.54,106.38,105.21,228.00,122.60,110.69,138.54,77.93,101.30,200.17,101.26,87.00,47.27,49.70,38.27,14.87,72.60,87.18,101.32,103.00,101.53,66.39,114.09,79.38,215.93,134.53,306.41,299.00,13.58,38.88,30.04,37.12,20.58,21.64,20.43,42.00,28.83,23.05,600.00,11.00,10.00,14.00,30.22,25.34,552.00,10.00,9.00,14.00,16.50,13.06,346.00,9.00,13.00,11.00,43.06,36.44,1056.00,11.00,13.00,15.00,6.94,6.38,132.00,8.00,8.00,5.00,2,손가락 펴기 (Open)
49.00,-2.12,31.00,34.00,1.75,64.80,151.43,87.46,133.45,99.54,143.58,80.71,270.00,90.37,138.42,158.79,45.61,82.28,199.23,85.61,54.00,33.47,100.58,87.04,45.12,27.11,78.89,102.30,48.00,153.77,90.71,153.45,132.57,166.62,90.71,325.30,244.00,19.03,35.02,29.35,30.23,12.69,25.65,21.89,50.00,31.38,26.12,642.00,9.00,9.00,14.00,29.30,23.28,497.00,10.00,9.00,14.00,17.55,13.50,326.00,8.00,13.00,11.00,43.71,37.25,988.00,10.00,13.00,15.00,6.80,6.09,136.00,8.00,9.00,6.00,2,손가락 펴기 (Open)
-9.00,-4.19,-6.88,5.94,-5.75,64.80,151.43,87.46,133.45,99.54,143.58,80.71,270.00,118.42,107.10,175.20,62.94,49.40,178.90,68.39,21.00,20.99,88.79,90.58,50.12,8.08,66.15,104.46,14.00,76.25,122.03,94.81,140.39,114.26,11.97,337.71,165.00,16.54,32.91,21.99,35.36,13.74,25.94,23.11,58.00,31.38,26.12,651.00,9.00,9.00,14.00,27.88,21.73,409.00,9.00,8.00,13.00,16.42,12.50,307.00,8.00,13.00,11.00,38.55,32.93,898.00,9.00,13.00,15.00,6.94,6.38,135.00,9.00,9.00,6.00,2,손가락 펴기 (Open)
16.56,-0.75,17.81,34.12,-12.19,45.61,165.58,87.86,128.00,84.02,135.58,75.58,245.00,92.94,138.89,121.98,108.75,62.81,125.35,50.93,34.00,58.02,73.01,38.20,25.63,59.43,39.03,109.10,39.00,144.74,45.31,82.46,74.95,173.73,67.16,337.42,88.00,33.80,19.56,16.60,25.00,11.28,44.98,35.13,33.00,29.94,24.24,587.00,11.00,9.00,14.00,24.60,17.53,343.00,8.00,7.00,12.00,14.93,11.41,299.00,8.00,13.00,11.00,38.31,31.78,887.00,8.00,13.00,15.00,7.05,6.44,137.00,11.00,9.00,6.00,2,손가락 펴기 (Open)
52.94,-1.44,0.81,1.12,9.62,148.20,61.67,28.92,26.40,169.26,211.04,100.65,139.00,91.84,139.28,123.41,104.68,73.33,115.87,49.66,45.00,58.02,73.01,38.20,25.63,59.43,39.03,109.10,39.00,144.74,45.31,82.46,74.95,173.73,67.16,337.42,88.00,30.82,21.93,13.63,28.00,12.85,47.87,37.99,30.00,30.65,25.82,607.00,9.00,9.00,14.00,24.42,17.10,321.00,7.00,6.00,11.00,14.93,11.41,300.00,7.00,13.00,11.00,38.31,31.78,887.00,7.00,13.00,15.00,7.26,6.62,146.00,11.00,9.00,6.00,2,손가락 펴기 (Open)
-15.06,-0.75,27.00,73.12,-1.69,163.73,47.84,27.24,21.00,158.08,195.40,95.09,155.00,96.98,131.14,132.82,94.34,75.42,113.87,46.51,56.00,100.84,28.07,72.67,43.27,38.21,5.98,98.24,84.00,218.33,114.77,54.92,173.30,181.58,135.94,281.37,24.00,26.07,26.87,13.41,28.44,15.96,45.61,33.02,35.00,29.91,24.95,634.00,9.00,10.00,14.00,24.29,16.25,310.00,6.00,6.00,10.00,16.00,12.38,296.00,12.00,13.00,11.00,41.91,35.11,866.00,12.00,13.00,15.00,7.09,6.31,155.00,12.00,10.00,7.00,2,손가락 펴기 (Open)
40.81,19.88,3.75,-42.94,-12.19,192.38,53.50,18.64,55.00,146.87,215.52,97.23,121.00,80.43,153.14,116.14,104.31,59.52,128.38,39.24,78.00,91.39,38.05,64.08,50.91,27.42,16.98,94.01,96.00,187.35,43.22,64.08,232.64,128.89,197.20,221.00,135.00,32.44,22.93,6.00,36.35,23.52,49.03,26.28,43.00,31.63,27.48,649.00,8.00,10.00,14.00,24.83,18.05,321.00,7.00,5.00,10.00,15.56,11.53,297.00,11.00,13.00,11.00,40.37,33.20,857.00,6.00,13.00,15.00,7.66,6.81,158.00,11.00,9.00,8.00,2,손가락 펴기 (Open)
17.00,28.12,-11.94,49.50,23.50,173.18,22.33,47.28,65.19,112.48,215.32,98.18,86.00,43.83,186.41,138.54,71.22,102.42,84.38,71.07,34.00,89.22,39.77,66.38,54.56,31.58,14.97,97.28,91.00,180.66,91.49,91.51,169.80,32.26,237.36,162.19,256.00,26.75,24.02,26.20,39.40,33.35,69.51,23.95,64.00,29.23,24.88,584.00,9.00,10.00,14.00,25.64,19.84,310.00,6.00,4.00,10.00,15.75,11.80,302.00,11.00,12.00,11.00,39.00,33.19,848.00,12.00,13.00,15.00,9.72,8.19,187.00,9.00,9.00,9.00,2,손가락 펴기 (Open)
-31.50,37.06,-6.25,-14.06,-5.50,174.20,30.32,42.31,58.60,108.12,210.19,97.02,78.00,19.65,194.20,170.47,49.65,100.41,110.18,38.52,67.00,89.56,37.19,77.31,48.02,34.96,13.45,87.48,102.00,194.56,81.92,57.17,117.55,25.47,233.17,139.03,311.00,26.75,24.02,26.20,39.40,33.35,69.51,23.95,64.00,28.62,24.44,559.00,9.00,9.00,14.00,27.33,22.42,299.00,5.00,4.00,10.00,15.80,11.81,302.00,10.00,12.00,11.00,37.95,31.08,838.00,12.00,13.00,15.00,9.72,8.19,211.00,10.00,9.00,10.00,2,손가락 펴기 (Open)
-19.94,13.00,-34.00,-46.38,7.94,195.82,42.19,48.98,51.89,149.03,153.62,85.93,21.00,24.43,181.86,178.80,80.36,69.43,108.16,71.27,34.00,111.00,24.78,94.17,25.50,2.80,44.25,123.33,66.00,202.50,91.02,65.78,113.89,27.30,240.76,145.98,300.00,34.17,16.75,19.85,36.67,24.35,71.73,32.27,73.00,27.76,22.92,510.00,8.00,9.00,13.00,27.14,22.50,299.00,5.00,4.00,10.00,18.07,14.00,327.00,5.00,12.00,12.00,38.69,31.59,860.00,12.00,12.00,15.00,9.93,8.69,218.00,11.00,9.00,11.00,2,손가락 펴기 (Open)
-27.44,-0.75,-17.38,-14.06,12.56,202.25,50.00,46.33,44.78,142.28,160.10,88.39,29.00,60.39,144.40,149.22,102.07,105.91,79.51,38.23,78.00,135.31,26.25,84.52,51.24,23.21,25.20,98.97,92.00,192.22,80.33,56.76,103.41,38.29,251.76,155.90,289.00,56.05,5.25,5.44,15.65,38.74,84.09,10.39,51.00,28.18,23.30,502.00,8.00,9.00,12.00,24.88,20.19,299.00,4.00,4.00,10.00,18.53,14.55,326.00,4.00,12.00,12.00,38.35,31.08,861.00,12.00,12.00,15.00,10.24,8.88,211.00,10.00,9.00,10.00,2,손가락 펴기 (Open)
-47.50,-13.12,7.62,34.81,-2.06,248.21,85.44,6.38,46.32,141.20,158.89,66.11,18.00,77.99,122.72,127.96,86.68,109.71,100.87,46.53,56.00,119.34,33.38,100.36,52.17,32.88,33.25,88.47,108.00,94.26,89.89,125.69,117.60,89.93,194.54,58.11,387.00,50.38,4.19,0.93,14.04,37.87,90.07,6.28,45.00,30.72,25.50,485.00,8.00,8.00,12.00,23.55,19.16,310.00,4.00,4.00,11.00,18.54,14.62,347.00,5.00,11.00,13.00,36.53,30.84,862.00,13.00,12.00,15.00,10.21,8.81,223.00,11.00,10.00,11.00,2,손가락 펴기 (Open)
35.44,-4.19,23.81,1.12,-19.31,169.67,100.48,86.45,48.88,82.70,228.25,70.37,99.00,100.91,107.61,128.53,64.66,77.04,75.29,50.65,89.00,94.36,62.31,117.50,80.75,50.15,4.38,99.85,79.00,84.42,100.84,134.11,126.91,82.45,191.00,68.73,376.00,35.26,32.08,28.89,14.04,65.02,71.31,29.03,73.00,30.30,26.13,549.00,9.00,9.00,12.00,21.76,17.61,255.00,3.00,5.00,11.00,19.51,15.79,360.00,5.00,11.00,14.00,36.45,30.38,862.00,12.00,12.00,15.00,11.22,9.48,242.00,11.00,10.00,12.00,2,손가락 펴기 (Open)
74.06,-2.12,0.12,-28.44,3.06,112.01,201.72,158.95,133.76,184.39,136.55,106.43,3.00,89.86,98.14,96.86,40.50,65.65,83.02,78.59,122.00,88.89,70.86,113.23,80.00,40.88,14.95,98.82,90.00,126.66,68.71,158.41,162.11,118.28,144.64,117.66,321.00,36.54,36.68,31.62,15.65,61.93,70.43,24.36,67.00,35.40,30.30,570.00,7.00,8.00,12.00,20.45,15.30,232.00,3.00,4.00,10.00,19.34,15.03,358.00,5.00,11.00,14.00,36.70,30.49,808.00,12.00,11.00,15.00,11.03,9.06,248.00,11.00,10.00,12.00,2,손가락 펴기 (Open)
-41.44,-39.88,2.56,-9.81,10.88,113.78,173.04,168.63,151.17,201.30,134.89,145.17,43.00,148.33,63.49,81.08,69.57,53.81,35.96,21.76,22.00,95.05,87.15,72.28,39.00,50.43,34.27,92.92,49.00,104.04,65.95,106.51,132.00,167.49,91.28,161.54,267.00,28.55,38.82,45.36,33.73,75.34,56.93,23.91,48.00,36.96,32.49,672.00,8.00,9.00,12.00,18.19,13.75,187.00,6.00,3.00,10.00,16.99,13.06,316.00,10.00,11.00,13.00,33.32,27.54,743.00,11.00,11.00,15.00,11.24,9.38,241.00,10.00,9.00,11.00,2,손가락 펴기 (Open)
-61.50,2.06,-26.12,-18.06,-0.56,115.46,182.17,215.61,192.35,232.75,102.64,99.27,4.00,116.54,82.90,48.20,66.91,55.59,45.62,52.78,11.00,74.48,99.56,94.53,53.76,45.63,69.66,88.52,12.00,105.19,93.02,117.25,93.81,174.88,76.09,191.73,223.00,34.06,30.84,38.12,33.06,83.41,47.99,30.89,39.00,39.98,35.06,695.00,8.00,9.00,13.00,16.60,11.95,198.00,6.00,3.00,10.00,18.14,14.02,336.00,10.00,11.00,13.00,33.10,26.70,721.00,10.00,11.00,15.00,11.05,8.88,235.00,10.00,9.00,11.00,2,손가락 펴기 (Open)
8.00,2.06,-0.12,-7.06,4.50,121.42,161.03,207.05,203.74,254.87,79.17,81.55,28.00,116.54,82.90,48.20,66.91,55.59,45.62,52.78,11.00,74.48,99.56,94.53,53.76,45.63,69.66,88.52,12.00,105.19,93.02,117.25,93.81,174.88,76.09,191.73,223.00,21.16,45.54,36.46,18.11,84.14,37.28,45.70,24.00,39.86,34.75,708.00,8.00,9.00,13.00,16.60,11.95,187.00,5.00,3.00,9.00,18.14,14.02,333.00,9.00,11.00,13.00,33.10,26.70,699.00,9.00,11.00,15.00,10.83,8.62,229.00,10.00,9.00,10.00,2,손가락 펴기 (Open)
-34.88,32.31,-27.38,-5.00,-1.31,89.61,241.23,153.96,140.36,268.73,43.43,94.20,110.00,80.07,117.83,87.04,73.79,23.99,29.64,84.95,55.00,29.72,154.46,34.59,45.28,30.20,82.14,67.88,48.00,92.39,117.11,87.01,122.09,146.61,109.00,196.43,190.00,24.04,43.86,39.14,18.03,81.56,37.76,48.60,21.00,39.40,33.98,698.00,8.00,9.00,13.00,18.43,13.32,220.00,3.00,3.00,10.00,17.99,14.58,324.00,6.00,11.00,13.00,32.44,24.75,666.00,8.00,10.00,14.00,10.83,8.60,227.00,10.00,10.00,10.00,2,손가락 펴기 (Open)
11.62,-11.69,-2.69,-15.31,12.44,101.24,228.24,177.80,123.24,251.11,65.87,115.24,134.00,80.07,117.83,87.04,73.79,23.99,29.64,84.95,55.00,33.15,152.32,37.11,41.05,34.95,81.33,66.35,53.00,86.36,119.10,88.67,127.42,144.77,101.00,198.54,201.00,4.90,44.09,27.63,38.01,66.44,55.55,65.74,1.00,39.41,34.12,722.00,8.00,10.00,13.00,18.43,13.32,264.00,4.00,4.00,11.00,17.90,14.23,321.00,5.00,11.00,13.00,32.66,25.18,644.00,7.00,9.00,14.00,11.18,9.06,234.00,11.00,10.00,11.00,2,손가락 펴기 (Open)
-40.88,19.25,-24.69,-33.19,2.25,61.73,220.76,170.65,169.20,200.71,118.19,171.18,190.00,85.02,105.08,79.09,66.00,55.21,9.50,98.00,88.00,20.79,142.77,75.26,42.20,62.09,52.07,52.51,101.00,52.35,101.04,154.07,78.77,209.21,120.17,169.37,135.00,17.16,37.90,43.65,42.94,61.31,38.78,55.08,20.00,40.69,35.73,735.00,9.00,10.00,13.00,18.85,14.44,297.00,5.00,5.00,12.00,18.26,14.77,329.00,9.00,11.00,13.00,32.94,23.66,633.00,6.00,8.00,14.00,10.45,8.25,221.00,10.00,10.00,10.00,2,손가락 펴기 (Open)
2.81,37.81,-4.00,62.62,5.25,40.34,183.39,226.84,149.78,202.55,102.69,117.64,131.00,128.66,63.98,33.20,121.00,70.61,58.38,103.70,33.00,28.28,134.91,83.60,33.97,65.20,62.12,56.36,90.00,101.24,154.90,135.68,139.78,251.92,124.62,137.36,68.00,17.16,37.90,43.65,42.94,61.31,38.78,55.08,20.00,37.83,31.59,708.00,9.00,10.00,13.00,20.93,16.59,319.00,5.00,5.00,13.00,18.22,14.75,320.00,9.00,11.00,13.00,36.70,29.39,654.00,6.00,8.00,14.00,10.45,8.25,213.00,9.00,11.00,9.00,2,손가락 펴기 (Open)
9.81,3.44,-6.19,-30.38,-5.75,45.10,199.04,217.39,165.60,189.28,114.62,108.73,115.00,150.53,42.60,12.79,122.98,50.03,42.60,89.83,55.00,63.78,89.92,83.59,30.48,20.24,27.27,37.56,135.00,14.61,57.47,58.65,204.24,234.75,126.73,109.14,44.00,17.16,37.90,43.65,42.94,61.31,38.78,55.08,20.00,37.89,31.94,658.00,8.00,9.00,12.00,20.48,15.81,330.00,4.00,6.00,13.00,15.75,13.06,301.00,9.00,12.00,12.00,32.20,24.55,631.00,10.00,8.00,14.00,10.45,8.25,213.00,10.00,11.00,9.00,2,손가락 펴기 (Open)
4.94,-37.81,26.06,20.50,1.06,33.00,159.74,194.72,179.51,149.37,164.43,113.23,65.00,109.14,84.00,42.83,166.46,67.87,65.71,58.55,99.00,55.99,98.98,93.33,22.83,18.24,33.12,35.71,147.00,60.65,83.07,123.99,168.86,178.52,123.96,118.08,110.00,32.36,29.80,24.68,60.41,54.44,20.45,44.90,1.00,35.47,28.81,640.00,8.00,10.00,11.00,22.67,17.79,363.00,5.00,6.00,13.00,16.69,13.81,318.00,9.00,12.00,12.00,30.83,24.06,586.00,6.00,8.00,14.00,9.52,7.20,184.00,10.00,11.00,8.00,2,손가락 펴기 (Open)
-8.56,6.88,2.75,54.50,-3.44,54.29,163.60,154.75,216.67,140.81,141.52,92.40,105.00,101.79,90.18,45.25,168.27,57.67,54.76,67.78,88.00,55.04,99.66,97.51,27.31,13.43,28.15,37.86,142.00,60.65,83.07,123.99,168.86,178.52,123.96,118.08,110.00,23.98,25.17,41.51,57.14,31.13,9.81,32.63,23.00,34.74,27.38,608.00,8.00,9.00,11.00,22.30,17.02,396.00,6.00,6.00,13.00,16.70,13.84,336.00,8.00,12.00,13.00,30.83,24.06,553.00,5.00,8.00,14.00,8.19,6.31,161.00,10.00,11.00,7.00,2,손가락 펴기 (Open)
44.38,28.88,2.75,-2.19,-8.44,60.12,114.19,191.45,246.29,81.50,171.66,66.71,170.00,101.79,90.18,45.25,168.27,57.67,54.76,67.78,88.00,55.04,99.66,97.51,27.31,13.43,28.15,37.86,142.00,70.17,75.92,117.31,173.52,180.43,113.27,114.64,121.00,23.98,25.17,41.51,57.14,31.13,9.81,32.63,23.00,36.33,29.38,657.00,9.00,9.00,12.00,22.30,17.02,396.00,6.00,6.00,13.00,16.70,13.84,306.00,7.00,11.00,12.00,30.67,23.63,576.00,6.00,8.00,14.00,8.19,6.31,152.00,9.00,11.00,6.00,2,손가락 펴기 (Open)
17.38,17.19,-3.81,5.38,14.00,89.50,82.37,180.47,273.39,109.20,139.97,83.94,138.00,101.36,99.17,55.39,170.77,47.57,54.69,57.20,99.00,72.76,75.08,73.33,11.00,33.20,35.16,62.28,117.00,113.48,22.58,64.82,126.82,126.82,162.95,154.79,66.00,18.02,33.93,50.32,58.46,28.26,5.34,40.60,14.00,36.46,29.55,674.00,9.00,10.00,13.00,22.67,17.79,396.00,5.00,7.00,13.00,15.18,12.09,296.00,8.00,11.00,11.00,28.29,22.16,554.00,7.00,9.00,14.00,8.84,6.88,169.00,10.00,11.00,7.00,2,손가락 펴기 (Open)
-30.12,-4.81,-13.81,-16.62,5.38,81.52,88.83,188.41,277.51,109.08,133.59,91.25,130.00,101.36,99.17,55.39,170.77,47.57,54.69,57.20,99.00,72.76,75.08,73.33,11.00,33.20,35.16,62.28,117.00,113.48,22.58,64.82,126.82,126.82,162.95,154.79,66.00,23.14,29.13,47.30,52.63,22.44,10.76,46.60,8.00,36.82,30.11,699.00,10.00,9.00,13.00,22.67,17.79,407.00,6.00,6.00,13.00,15.18,12.09,280.00,7.00,11.00,11.00,28.29,22.16,521.00,7.00,9.00,14.00,8.48,6.50,163.00,9.00,12.00,6.00,2,손가락 펴기 (Open)
-8.56,15.12,-16.88,-23.50,16.06,117.72,90.35,172.69,245.20,75.02,134.61,130.24,91.00,81.86,120.49,28.82,165.37,66.15,22.05,51.11,132.00,42.23,87.10,64.83,32.89,53.77,21.60,41.11,148.00,113.83,78.62,24.35,85.09,110.37,196.40,90.31,132.00,2.81,37.32,37.29,51.62,19.02,30.94,66.66,13.00,35.00,27.51,635.00,9.00,10.00,13.00,22.64,17.88,418.00,7.00,7.00,13.00,15.48,12.50,267.00,7.00,10.00,10.00,27.18,19.94,499.00,7.00,9.00,14.00,9.40,7.20,156.00,9.00,12.00,6.00,2,손가락 펴기 (Open)
-49.56,3.44,10.56,51.69,-18.31,76.74,48.93,117.55,203.25,50.95,220.14,222.13,5.00,73.79,121.28,18.39,176.34,56.34,31.94,46.63,121.00,27.10,85.17,43.82,33.24,36.71,14.14,49.25,125.00,91.88,68.27,66.27,127.61,71.78,241.21,61.97,177.00,3.50,37.17,31.36,45.71,13.02,27.86,61.96,7.00,35.78,28.31,637.00,9.00,10.00,13.00,22.58,17.62,429.00,7.00,8.00,14.00,13.35,11.06,270.00,8.00,10.00,10.00,30.18,23.80,544.00,7.00,9.00,14.00,8.51,6.77,168.00,10.00,13.00,6.00,2,손가락 펴기 (Open)
91.44,2.75,15.25,-5.69,-2.31,76.74,48.93,117.55,203.25,50.95,220.14,222.13,5.00,63.82,114.80,21.56,177.37,56.11,29.29,54.42,132.00,27.74,88.60,47.86,37.95,39.49,13.18,50.48,120.00,79.54,86.24,80.91,123.58,91.76,224.87,66.39,155.00,3.50,37.17,31.36,45.71,13.02,27.86,61.96,7.00,35.78,28.31,660.00,9.00,11.00,13.00,22.51,17.19,385.00,7.00,7.00,13.00,13.65,11.38,270.00,8.00,9.00,10.00,29.45,22.95,578.00,8.00,9.00,14.00,8.51,6.77,175.00,9.00,13.00,7.00,2,손가락 펴기 (Open)
-4.06,-11.00,-4.44,-26.31,1.06,60.40,71.80,130.38,198.71,54.09,212.88,210.31,19.00,20.26,72.11,65.38,133.82,97.40,33.05,18.63,88.00,37.58,67.60,56.05,37.11,60.06,14.83,52.79,99.00,97.48,65.14,90.71,145.50,94.64,225.51,69.43,133.00,5.29,43.16,28.24,39.81,9.82,22.61,62.75,13.00,35.13,26.81,731.00,10.00,11.00,13.00,18.24,13.75,352.00,5.00,7.00,13.00,13.11,10.76,260.00,10.00,9.00,10.00,30.18,23.80,589.00,8.00,8.00,14.00,8.34,6.45,166.00,9.00,12.00,6.00,2,손가락 펴기 (Open)
-29.50,-41.94,14.62,5.31,6.31,42.82,92.35,120.31,175.93,31.11,202.20,213.23,4.00,53.14,102.57,62.61,143.00,120.41,48.02,23.18,55.00,15.72,92.35,26.26,10.30,73.58,35.84,59.00,68.00,75.83,77.36,69.19,148.93,78.11,242.66,70.81,111.00,6.95,35.22,40.22,43.83,2.31,11.22,61.35,25.00,33.44,25.38,684.00,9.00,10.00,13.00,21.02,16.33,385.00,8.00,7.00,14.00,13.13,10.75,255.00,8.00,9.00,10.00,29.96,23.61,611.00,9.00,9.00,14.00,8.40,6.39,166.00,8.00,11.00,6.00,2,손가락 펴기 (Open)
-19.00,43.56,-14.75,25.25,-7.19,80.58,85.98,160.30,174.56,38.36,165.24,208.53,44.00,24.31,92.62,14.27,195.88,116.67,74.78,71.65,1.00,37.24,89.58,36.60,17.72,64.57,51.18,66.28,42.00,43.89,81.87,71.93,181.22,109.54,210.01,83.12,144.00,4.28,34.66,38.25,51.08,8.50,11.51,58.60,33.00,33.46,25.25,644.00,8.00,10.00,12.00,23.73,18.12,441.00,8.00,7.00,14.00,13.44,11.03,255.00,10.00,9.00,10.00,30.62,25.22,633.00,9.00,9.00,15.00,8.60,6.91,174.00,8.00,11.00,7.00,2,손가락 펴기 (Open)
41.44,30.88,-1.00,2.56,3.25,13.84,57.17,147.25,247.40,109.72,99.83,191.09,117.00,32.70,101.47,3.28,199.25,126.09,74.62,63.35,10.00,17.27,76.15,48.16,30.23,45.27,56.26,70.86,22.00,36.42,77.78,82.90,179.48,108.63,216.65,74.32,133.00,6.19,41.27,30.89,48.27,13.09,20.12,53.41,42.00,34.43,26.44,661.00,8.00,9.00,12.00,24.46,18.89,409.00,7.00,7.00,14.00,12.44,9.88,245.00,7.00,9.00,10.00,30.56,24.94,644.00,9.00,10.00,15.00,8.54,6.69,170.00,8.00,11.00,7.00,2,손가락 펴기 (Open)
-6.06,-34.44,9.62,-40.06,-9.50,28.98,74.05,124.80,247.20,118.36,98.34,181.91,141.00,22.01,90.68,12.86,209.66,134.95,83.16,59.85,21.00,12.24,70.21,53.72,33.97,49.41,58.60,71.24,28.00,46.93,97.91,75.76,201.32,129.00,215.18,53.65,111.00,16.46,21.53,49.47,29.15,20.31,38.53,39.05,62.00,34.20,25.70,654.00,8.00,9.00,12.00,25.27,19.49,442.00,7.00,7.00,14.00,12.64,10.30,231.00,7.00,8.00,10.00,31.87,26.31,666.00,10.00,9.00,15.00,8.56,6.94,175.00,9.00,11.00,8.00,2,손가락 펴기 (Open)
-0.56,-11.06,-12.00,-50.38,1.50,31.24,34.65,155.71,207.24,97.04,130.97,158.23,181.00,2.25,80.73,27.24,217.59,141.32,61.48,60.50,1.00,11.71,62.42,54.95,27.46,53.87,49.27,67.04,18.00,51.52,108.05,85.13,200.36,121.79,223.21,64.65,122.00,16.46,21.53,49.47,29.15,20.31,38.53,39.05,62.00,32.76,23.65,622.00,8.00,10.00,11.00,25.31,19.33,442.00,7.00,7.00,14.00,11.79,9.75,232.00,8.00,8.00,10.00,32.83,27.00,577.00,9.00,8.00,15.00,8.56,6.94,183.00,10.00,11.00,9.00,2,손가락 펴기 (Open)
-38.06,-58.94,41.12,28.75,-5.81,16.86,64.85,168.61,209.16,57.04,169.91,128.49,221.00,98.98,150.95,99.28,133.96,43.41,141.59,124.04,97.00,54.84,75.28,31.34,27.46,11.00,93.56,104.20,64.00,65.49,125.50,113.89,166.43,109.72,189.27,35.29,88.00,26.63,26.26,40.10,39.56,9.49,36.99,28.23,73.00,34.20,25.70,654.00,9.00,10.00,12.00,28.29,22.07,463.00,7.00,8.00,14.00,15.86,12.38,283.00,9.00,8.00,11.00,29.80,24.88,554.00,9.00,8.00,15.00,8.61,7.06,180.00,10.00,11.00,8.00,2,손가락 펴기 (Open)
17.44,16.38,-9.88,-26.94,-3.94,16.02,62.90,160.62,217.08,54.52,174.44,121.29,229.00,88.82,140.41,98.62,141.43,39.67,146.37,134.98,108.00,54.84,75.28,31.34,27.46,11.00,93.56,104.20,64.00,63.29,127.35,115.34,166.00,98.90,182.14,32.16,77.00,25.13,24.28,41.81,39.05,8.41,35.61,26.26,75.00,34.40,26.26,702.00,10.00,11.00,13.00,28.56,22.67,495.00,7.00,8.00,14.00,15.86,12.38,301.00,9.00,8.00,11.00,29.05,24.19,554.00,9.00,9.00,15.00,8.54,6.94,174.00,9.00,11.00,8.00,2,손가락 펴기 (Open)
16.44,12.94,-3.12,-3.56,2.06,27.82,73.14,156.02,219.87,42.82,177.76,137.25,213.00,64.63,124.66,150.84,109.17,32.04,170.97,83.86,53.00,36.24,54.42,55.14,53.16,17.04,102.77,77.90,36.00,61.08,109.53,93.95,188.00,88.71,185.72,43.46,55.00,25.13,24.28,41.81,39.05,8.41,35.61,26.26,75.00,34.66,27.38,686.00,9.00,10.00,12.00,26.97,20.42,451.00,6.00,8.00,13.00,14.71,11.02,283.00,9.00,9.00,10.00,28.73,23.26,542.00,9.00,9.00,15.00,8.54,6.94,174.00,9.00,11.00,8.00,2,손가락 펴기 (Open)
-30.56,-78.69,51.56,-20.69,-24.56,12.12,57.14,143.46,235.54,27.99,191.71,152.49,197.00,91.28,95.39,120.31,190.63,79.27,256.12,72.17,33.00,66.32,71.94,76.81,63.60,62.16,154.01,55.86,17.00,82.87,32.91,77.31,203.16,63.20,126.80,41.65,133.00,34.03,35.15,63.35,40.16,14.24,53.95,42.59,53.00,35.32,28.26,677.00,9.00,9.00,12.00,33.76,26.23,526.00,7.00,7.00,13.00,19.84,14.92,341.00,9.00,9.00,11.00,25.90,20.85,508.00,9.00,9.00,15.00,10.59,8.37,197.00,10.00,11.00,9.00,2,손가락 펴기 (Open)
50.88,8.69,-6.12,-29.62,-11.31,21.09,63.85,151.51,233.94,30.16,200.34,159.55,188.00,102.49,82.42,140.57,186.55,82.04,239.29,57.36,11.00,63.63,72.44,72.19,59.67,63.06,158.23,57.85,22.00,100.46,35.32,110.14,173.07,92.09,159.64,30.60,100.00,35.59,35.52,65.56,43.97,12.52,52.81,40.33,57.00,36.05,28.89,734.00,10.00,10.00,12.00,32.98,25.02,601.00,8.00,8.00,13.00,19.90,15.16,394.00,10.00,10.00,12.00,27.00,22.75,508.00,9.00,8.00,15.00,10.81,8.65,187.00,9.00,11.00,9.00,2,손가락 펴기 (Open)
16.88,-51.56,20.12,-6.25,10.06,21.09,63.85,151.51,233.94,30.16,200.34,159.55,188.00,141.22,21.42,200.71,111.61,12.05,255.17,128.02,87.00,73.10,52.94,77.16,47.07,43.27,166.79,80.93,50.00,109.31,57.00,121.83,164.47,77.80,143.45,27.05,122.00,36.45,32.30,62.54,42.58,8.80,50.03,41.75,51.00,36.05,28.89,720.00,9.00,10.00,12.00,35.20,28.23,644.00,9.00,8.00,13.00,20.50,16.36,412.00,11.00,11.00,12.00,26.79,22.16,508.00,8.00,9.00,15.00,10.35,8.32,199.00,10.00,10.00,10.00,2,손가락 펴기 (Open)
-45.19,-28.50,1.81,4.06,1.44,15.79,74.21,165.75,232.05,28.06,205.02,158.24,203.00,156.91,19.79,198.85,123.00,45.03,270.49,95.50,54.00,78.83,32.56,63.50,26.93,64.03,175.91,60.08,29.00,108.60,48.71,127.83,154.15,84.28,143.98,27.57,133.00,35.95,26.62,56.57,36.67,14.80,55.69,42.67,57.00,37.03,29.71,759.00,10.00,9.00,12.00,35.95,30.50,643.00,9.00,8.00,13.00,19.98,15.44,424.00,11.00,11.00,13.00,26.77,22.06,508.00,9.00,8.00,15.00,10.20,7.99,196.00,10.00,10.00,9.00,2,손가락 펴기 (Open)
-13.69,26.50,-19.50,23.31,19.44,20.60,82.20,171.00,240.01,20.46,197.79,155.66,195.00,156.91,19.79,198.85,123.00,45.03,270.49,95.50,54.00,79.06,28.20,58.60,29.15,62.89,171.12,64.93,34.00,131.36,65.74,171.03,144.42,43.98,113.89,55.16,89.00,35.95,26.62,56.57,36.67,14.80,55.69,42.67,57.00,37.17,30.15,743.00,10.00,9.00,12.00,35.95,30.50,687.00,10.00,8.00,13.00,19.64,15.12,419.00,11.00,11.00,13.00,27.04,22.23,452.00,8.00,7.00,15.00,10.20,7.99,180.00,9.00,10.00,9.00,2,손가락 펴기 (Open)
-16.12,68.00,-45.38,-45.81,-7.06,21.11,63.01,191.00,239.60,28.83,161.47,134.02,156.00,176.52,70.06,242.57,157.00,93.76,224.23,134.85,110.00,105.83,62.80,83.57,29.15,108.16,129.35,109.43,84.00,61.41,44.45,181.19,35.74,125.93,18.92,164.88,21.00,41.99,30.39,50.60,28.86,21.29,53.73,36.15,49.00,34.84,28.03,602.00,7.00,8.00,11.00,39.81,33.12,732.00,10.00,8.00,14.00,22.86,17.67,443.00,11.00,10.00,14.00,25.54,21.94,472.00,9.00,8.00,15.00,9.65,7.43,190.00,9.00,11.00,9.00,2,손가락 펴기 (Open)
5.25,-29.25,-14.75,-62.12,12.19,72.01,77.05,109.25,153.94,110.44,153.03,88.46,70.00,144.53,40.37,255.25,130.36,127.46,223.30,162.18,154.00,130.19,75.42,78.06,48.02,93.10,134.57,92.09,58.00,70.84,109.37,256.19,72.47,93.31,90.68,97.91,54.00,53.69,30.68,39.81,33.84,14.07,47.89,47.78,61.00,26.90,21.97,524.00,9.00,8.00,11.00,40.40,34.72,821.00,11.00,9.00,14.00,23.04,17.69,451.00,10.00,10.00,14.00,30.08,25.25,471.00,8.00,7.00,15.00,10.15,8.09,207.00,10.00,12.00,10.00,2,손가락 펴기 (Open)
-59.94,-75.94,26.81,-9.12,-9.00,132.40,98.23,126.62,171.74,113.01,108.52,131.93,131.00,78.32,107.29,340.25,208.40,165.75,168.08,151.91,69.00,91.34,88.97,115.56,76.01,121.24,121.28,91.21,19.00,70.84,109.37,256.19,72.47,93.31,90.68,97.91,54.00,41.00,39.20,40.35,24.21,25.29,36.16,60.62,74.00,31.03,25.44,569.00,8.00,8.00,11.00,44.90,39.56,840.00,10.00,8.00,14.00,23.93,19.21,474.00,10.00,9.00,14.00,30.08,25.25,491.00,7.00,8.00,15.00,10.38,8.50,223.00,11.00,12.00,11.00,2,손가락 펴기 (Open)
7.06,-13.62,-10.88,-56.75,-1.25,105.37,106.78,95.02,143.96,144.94,76.99,163.39,163.00,87.75,97.41,336.06,205.23,176.22,157.47,157.92,58.00,110.26,68.60,104.77,67.05,139.74,104.43,104.28,2.00,106.84,116.51,204.00,40.50,169.18,132.73,119.04,140.00,32.24,51.18,31.16,34.44,18.98,47.84,50.65,62.00,30.51,24.44,630.00,11.00,9.00,12.00,44.61,38.88,814.00,9.00,8.00,14.00,23.99,19.09,482.00,10.00,9.00,14.00,32.89,26.97,522.00,7.00,8.00,15.00,10.06,7.91,216.00,10.00,12.00,10.00,2,손가락 펴기 (Open)
-24.44,11.88,-2.12,20.31,1.44,109.68,99.36,97.00,139.79,148.61,70.44,171.19,171.00,32.77,126.18,298.32,151.92,189.70,111.98,207.27,2.00,97.36,86.64,92.77,48.33,139.91,84.53,122.78,22.00,124.94,110.68,171.20,22.02,171.06,135.45,92.59,107.00,34.08,47.96,35.87,32.57,23.04,50.77,48.34,57.00,30.85,24.94,597.00,11.00,9.00,12.00,41.51,35.38,824.00,10.00,8.00,14.00,23.38,18.16,477.00,10.00,10.00,14.00,30.56,24.65,575.00,8.00,9.00,15.00,10.03,7.81,208.00,10.00,11.00,9.00,2,손가락 펴기 (Open)
-4.88,14.62,-21.19,0.38,10.25,133.58,51.41,63.81,94.85,189.62,96.65,128.65,114.00,11.61,131.89,256.31,142.35,223.08,121.49,163.30,46.00,101.86,82.09,107.59,56.22,126.74,76.05,137.77,37.00,138.42,89.50,165.40,11.05,139.22,109.37,124.12,140.00,34.37,48.43,36.23,35.44,20.68,51.21,48.56,60.00,28.22,22.38,564.00,9.00,9.00,12.00,39.11,32.62,758.00,9.00,7.00,13.00,23.94,18.86,486.00,9.00,10.00,14.00,29.47,22.47,553.00,7.00,10.00,15.00,10.19,8.00,203.00,9.00,10.00,8.00,2,손가락 펴기 (Open)
-11.88,23.56,9.50,61.56,-14.25,138.33,54.43,47.92,107.20,175.93,98.29,134.43,130.00,21.65,150.20,260.57,109.46,252.03,113.27,132.83,79.00,102.07,79.53,106.47,60.22,122.80,77.50,142.35,42.00,148.72,165.47,102.95,76.79,108.16,32.56,200.69,217.00,37.19,42.06,43.24,34.06,24.37,57.96,46.92,68.00,28.37,22.86,564.00,9.00,9.00,12.00,39.53,33.51,747.00,8.00,6.00,13.00,24.03,19.25,496.00,9.00,10.00,14.00,33.37,26.37,608.00,9.00,10.00,15.00,10.70,8.50,217.00,9.00,10.00,8.00,2,손가락 펴기 (Open)
92.75,22.88,30.38,45.75,-7.44,165.46,43.84,117.68,88.77,208.78,176.06,161.98,216.00,32.32,161.15,251.47,109.00,253.10,122.07,140.47,68.00,132.05,34.24,150.49,98.11,118.93,39.49,113.45,8.00,210.56,230.99,41.05,116.28,54.73,100.23,136.87,140.00,47.76,29.12,53.69,47.04,12.14,45.50,54.52,55.00,36.99,28.91,634.00,9.00,9.00,12.00,39.84,34.11,693.00,7.00,5.00,12.00,24.92,20.70,464.00,8.00,9.00,14.00,34.74,27.88,542.00,8.00,10.00,15.00,10.80,8.62,215.00,8.00,10.00,8.00,2,손가락 펴기 (Open)
42.69,-22.44,47.62,67.31,-10.88,236.88,100.06,145.06,168.44,130.37,109.79,166.09,135.00,51.10,177.85,234.05,130.00,232.95,101.43,133.61,89.00,143.29,22.33,159.32,92.70,129.45,51.16,114.71,4.00,233.40,239.37,58.41,102.73,77.71,90.91,148.17,163.00,56.68,24.56,52.94,48.27,14.35,50.13,46.60,64.00,37.63,29.81,623.00,8.00,10.00,12.00,38.76,32.63,661.00,7.00,5.00,12.00,26.15,21.55,431.00,7.00,8.00,14.00,37.00,29.31,510.00,7.00,10.00,15.00,11.14,9.14,217.00,7.00,11.00,8.00,2,손가락 펴기 (Open)
74.88,42.88,15.56,95.25,5.75,297.88,133.57,124.39,171.49,147.77,124.78,135.62,196.00,59.60,180.05,236.74,130.38,240.10,107.86,132.60,78.00,176.25,26.83,152.05,63.82,106.36,29.63,126.53,29.00,343.45,225.05,164.47,58.60,106.95,107.35,168.57,50.00,50.93,22.87,58.52,54.13,11.98,49.49,40.67,70.00,42.06,34.16,659.00,4.00,11.00,13.00,39.42,33.23,727.00,8.00,6.00,13.00,26.16,21.87,456.00,7.00,9.00,15.00,44.35,35.00,523.00,6.00,9.00,15.00,11.24,9.50,228.00,8.00,11.00,9.00,2,손가락 펴기 (Open)
45.75,42.19,2.56,24.88,-4.56,329.65,137.91,92.08,138.60,171.27,138.39,160.30,162.00,66.03,174.51,247.66,119.42,245.11,109.71,137.68,89.00,190.89,42.82,136.73,74.25,99.55,26.92,114.61,13.00,362.05,212.19,170.00,79.06,87.76,110.94,151.62,72.00,59.79,32.44,51.69,53.00,2.59,42.02,30.05,81.00,43.54,36.81,638.00,3.00,11.00,13.00,40.06,33.84,630.00,7.00,5.00,12.00,25.97,21.31,410.00,6.00,8.00,15.00,44.80,36.38,570.00,5.00,10.00,15.00,11.20,9.44,211.00,8.00,11.00,9.00,2,손가락 펴기 (Open)
16.25,-16.12,10.81,42.75,7.50,372.97,119.56,67.04,134.08,123.12,85.44,107.82,218.00,96.13,124.54,277.42,126.53,192.45,70.97,101.26,36.00,167.54,31.86,162.27,55.36,63.57,28.69,82.32,23.00,404.51,148.13,127.43,85.48,100.13,63.04,214.91,6.00,49.41,11.50,43.05,22.00,28.43,11.99,21.00,112.00,42.73,36.22,582.00,2.00,10.00,13.00,36.52,30.11,599.00,7.00,4.00,12.00,23.45,19.06,358.00,5.00,8.00,14.00,45.87,37.91,581.00,3.00,10.00,15.00,9.91,8.62,212.00,9.00,12.00,9.00,2,손가락 펴기 (Open)
-4.62,27.19,-15.88,-23.94,-8.62,349.86,161.84,33.61,84.72,143.87,42.46,57.92,268.00,101.52,114.40,272.32,136.93,195.62,81.79,110.54,47.00,166.46,36.16,160.83,60.17,65.82,29.34,87.26,18.00,408.62,138.54,116.52,76.01,107.13,73.65,204.05,17.00,50.11,13.06,41.26,22.09,27.75,13.90,19.64,110.00,41.33,33.28,572.00,3.00,10.00,13.00,36.93,30.71,578.00,7.00,4.00,12.00,23.63,19.39,357.00,5.00,8.00,14.00,45.43,37.30,625.00,4.00,11.00,15.00,9.79,8.50,207.00,9.00,12.00,9.00,2,손가락 펴기 (Open)
18.88,-18.81,11.50,7.69,4.75,350.15,154.25,41.56,83.49,151.72,43.23,50.35,276.00,111.40,107.10,240.41,130.46,220.83,58.68,79.03,15.00,167.68,41.95,154.87,62.03,69.74,24.50,81.46,24.00,409.27,134.70,112.94,66.76,86.68,55.95,223.06,5.00,46.15,7.20,45.97,16.12,32.54,17.67,14.52,104.00,41.51,33.91,533.00,3.00,10.00,13.00,35.05,28.46,601.00,8.00,5.00,12.00,23.40,19.06,367.00,6.00,9.00,14.00,45.35,37.06,647.00,5.00,12.00,15.00,9.50,8.12,211.00,10.00,12.00,10.00,2,손가락 펴기 (Open)
-23.06,1.12,10.81,37.94,-25.44,340.94,143.25,62.63,52.77,148.61,24.77,76.05,245.00,118.12,130.79,232.45,97.62,193.68,62.81,111.63,48.00,161.58,37.50,160.54,72.42,80.15,13.57,73.07,35.00,396.94,166.20,153.61,109.66,96.06,72.57,198.50,39.00,25.06,26.36,48.36,34.89,18.20,33.45,43.20,133.00,39.72,32.45,542.00,4.00,11.00,13.00,34.20,26.28,568.00,8.00,6.00,12.00,23.57,19.66,346.00,5.00,9.00,13.00,46.39,39.05,658.00,4.00,11.00,15.00,11.54,9.56,225.00,11.00,12.00,10.00,2,손가락 펴기 (Open)
115.69,-48.12,36.94,5.62,7.50,277.40,252.14,147.04,165.39,57.44,169.11,114.04,393.00,143.53,55.83,173.27,116.76,225.42,77.97,181.49,124.00,116.70,86.46,135.17,108.71,96.91,70.90,113.76,27.00,403.47,155.27,146.54,108.30,89.09,72.38,197.59,50.00,16.77,39.96,39.18,43.84,5.68,19.15,29.26,118.00,49.34,39.98,690.00,5.00,12.00,14.00,35.89,28.73,577.00,9.00,6.00,12.00,24.83,19.92,347.00,5.00,8.00,13.00,46.23,38.45,615.00,3.00,12.00,15.00,10.29,8.62,231.00,11.00,12.00,10.00,2,손가락 펴기 (Open)
-54.81,-20.88,-26.88,-29.38,20.88,291.74,229.10,149.81,159.48,39.56,188.06,137.86,417.00,233.95,86.40,87.98,65.07,128.88,130.12,123.66,24.00,92.98,113.78,106.72,93.04,68.81,58.67,101.54,2.00,376.24,176.88,133.90,76.42,58.59,56.41,210.37,82.00,38.42,37.31,65.06,64.88,20.33,26.00,23.11,92.00,50.65,41.29,846.00,6.00,12.00,14.00,31.04,25.88,498.00,8.00,7.00,12.00,21.67,17.88,380.00,8.00,9.00,13.00,44.27,36.20,627.00,4.00,11.00,15.00,11.58,9.62,226.00,10.00,11.00,10.00,2,손가락 펴기 (Open)
-44.81,20.38,20.00,73.25,-15.12,320.13,215.99,181.30,191.06,70.94,185.52,107.46,385.00,190.03,44.05,81.38,109.04,134.44,173.78,134.46,20.00,47.73,144.18,88.07,52.50,88.81,52.91,109.35,48.00,215.11,245.55,35.03,175.33,176.71,217.29,135.00,84.00,6.53,19.19,62.85,57.01,44.21,58.00,50.01,60.00,51.81,43.04,785.00,6.00,12.00,13.00,31.01,25.67,490.00,9.00,6.00,12.00,21.17,17.25,386.00,8.00,9.00,13.00,43.19,35.38,687.00,5.00,11.00,15.00,11.60,9.75,242.00,10.00,11.00,10.00,2,손가락 펴기 (Open)
63.50,14.38,-13.19,-19.12,-7.00,165.73,206.82,165.16,227.71,185.57,315.23,106.27,230.00,112.35,88.80,46.69,147.25,40.12,136.00,93.36,76.00,76.24,146.65,64.57,35.74,79.45,48.69,113.02,77.00,193.17,246.12,41.83,185.92,176.87,200.39,144.21,62.00,5.00,17.84,64.80,59.01,44.34,56.62,48.01,62.00,50.07,42.50,834.00,7.00,11.00,13.00,24.38,20.72,427.00,9.00,6.00,11.00,21.14,17.31,382.00,8.00,9.00,13.00,42.24,34.00,725.00,6.00,11.00,15.00,11.67,9.88,243.00,9.00,12.00,10.00,2,손가락 펴기 (Open)
32.81,22.62,2.12,50.25,7.62,110.00,187.87,224.15,278.63,193.99,260.81,55.61,289.00,106.54,131.39,41.72,118.43,76.95,113.20,117.72,32.00,50.50,125.32,89.81,61.98,53.54,39.13,112.56,104.00,89.43,186.07,134.89,98.08,57.79,259.50,99.33,216.00,9.05,23.82,61.65,59.41,50.10,57.17,42.61,68.00,50.45,43.46,829.00,5.00,11.00,13.00,24.60,20.11,416.00,8.00,6.00,11.00,20.28,15.89,389.00,9.00,9.00,13.00,36.90,31.50,729.00,9.00,11.00,15.00,11.82,10.25,255.00,10.00,12.00,11.00,2,손가락 펴기 (Open)
-5.69,-9.69,6.69,-8.12,-2.88,81.90,145.30,251.80,257.96,138.36,284.76,109.65,233.00,102.10,125.72,49.93,127.77,77.70,103.15,127.82,21.00,37.60,102.37,94.64,62.17,71.13,58.29,121.15,81.00,96.01,170.57,139.54,76.11,79.60,262.50,100.90,194.00,7.76,18.61,57.06,51.48,55.37,63.76,37.97,76.00,48.18,40.40,848.00,6.00,10.00,13.00,24.73,20.89,449.00,9.00,7.00,12.00,19.99,15.11,375.00,9.00,8.00,12.00,36.21,30.12,764.00,10.00,11.00,15.00,11.78,10.11,257.00,11.00,12.00,12.00,2,손가락 펴기 (Open)
-8.19,21.94,-17.56,-21.19,1.00,96.18,105.34,232.95,219.78,162.24,297.29,70.96,273.00,118.33,121.47,32.82,140.25,59.79,82.77,149.82,1.00,43.18,90.63,80.76,42.72,77.54,39.80,106.72,101.00,122.01,137.62,115.84,84.53,69.94,236.15,87.50,227.00,20.07,25.71,43.30,55.15,62.20,50.19,42.30,62.00,46.76,38.21,840.00,6.00,9.00,13.00,25.37,21.93,471.00,8.00,8.00,12.00,18.22,13.83,367.00,8.00,9.00,12.00,34.06,28.06,709.00,9.00,10.00,15.00,11.21,9.12,235.00,11.00,12.00,11.00,2,손가락 펴기 (Open)
-18.69,0.62,-0.94,-29.44,-4.38,130.99,80.15,192.97,235.76,182.74,260.95,104.53,233.00,107.81,130.21,29.44,131.80,50.16,79.66,160.03,12.00,48.05,92.27,75.03,41.44,71.55,42.01,112.19,95.00,79.14,173.03,158.28,48.92,110.97,192.41,70.48,271.00,14.11,19.71,44.76,49.66,68.07,47.58,43.21,56.00,44.72,36.02,738.00,5.00,8.00,12.00,25.21,21.41,493.00,10.00,9.00,13.00,18.15,13.55,360.00,7.00,10.00,12.00,34.76,28.99,709.00,9.00,9.00,15.00,10.97,8.80,234.00,12.00,12.00,11.00,2,손가락 펴기 (Open)
-36.81,-39.94,-15.75,-27.38,13.44,37.27,104.96,242.89,159.11,274.92,174.40,180.79,139.00,53.18,184.72,27.52,173.10,68.14,68.47,126.05,43.00,15.26,63.26,85.34,8.49,68.74,44.78,147.18,60.00,46.48,183.38,166.90,76.97,93.73,214.33,91.35,238.00,10.00,14.90,32.67,60.21,67.06,44.00,50.07,75.00,43.76,34.02,717.00,5.00,7.00,12.00,27.07,23.82,493.00,10.00,8.00,13.00,18.07,13.56,359.00,11.00,10.00,12.00,35.46,30.09,686.00,9.00,9.00,14.00,11.45,9.51,249.00,11.00,12.00,12.00,2,손가락 펴기 (Open)
-41.25,22.62,-17.12,28.62,14.81,22.77,117.58,224.40,203.03,267.60,198.36,149.10,196.00,104.00,156.45,58.46,148.66,67.89,58.68,131.80,98.00,43.41,6.09,66.77,52.35,17.50,83.06,95.70,118.00,46.48,183.38,166.90,76.97,93.73,214.33,91.35,238.00,35.38,40.01,7.16,81.49,42.97,64.79,32.72,49.00,44.92,34.72,689.00,5.00,6.00,11.00,26.67,22.78,493.00,10.00,9.00,13.00,15.92,12.98,334.00,11.00,10.00,11.00,35.46,30.09,707.00,10.00,8.00,14.00,11.81,9.94,235.00,10.00,11.00,11.00,2,손가락 펴기 (Open)
-27.94,43.94,-24.75,-42.31,-1.69,107.77,121.77,141.60,260.43,192.95,231.98,174.92,111.00,112.85,160.96,67.30,159.20,75.93,64.74,124.92,87.00,79.07,37.08,36.89,68.12,55.36,47.09,120.65,80.00,94.93,91.22,79.05,53.60,203.04,156.41,204.29,125.00,27.77,33.86,10.61,85.70,37.16,72.52,27.19,41.00,43.49,32.94,670.00,7.00,7.00,10.00,27.65,23.31,515.00,8.00,9.00,14.00,16.92,14.16,332.00,9.00,9.00,11.00,33.27,26.98,716.00,9.00,8.00,14.00,11.72,9.65,241.00,10.00,11.00,11.00,2,손가락 펴기 (Open)
-16.81,12.31,-18.44,-18.94,0.00,155.20,113.35,116.78,231.35,236.31,183.28,174.13,161.00,102.63,140.34,74.74,154.57,96.00,86.60,106.60,65.00,96.62,55.48,17.21,53.82,52.16,57.68,113.12,101.00,116.92,69.47,94.17,44.15,199.39,175.68,184.36,147.00,31.61,34.32,13.18,81.61,39.53,75.22,22.98,36.00,43.01,31.91,652.00,7.00,7.00,9.00,26.50,22.27,493.00,9.00,9.00,14.00,17.58,15.31,331.00,9.00,9.00,11.00,33.63,27.80,716.00,9.00,8.00,14.00,11.66,9.38,229.00,9.00,11.00,10.00,2,손가락 펴기 (Open)
-7.81,41.19,-21.44,14.75,9.00,168.14,103.25,129.10,217.75,238.02,197.27,166.75,145.00,121.89,202.72,11.00,89.74,117.61,143.82,45.63,1.00,118.96,73.70,38.36,33.24,24.63,68.45,114.08,69.00,127.23,60.80,104.17,33.53,189.84,165.25,191.76,136.00,31.61,34.32,13.18,81.61,39.53,75.22,22.98,36.00,43.02,31.79,636.00,6.00,6.00,8.00,28.05,22.96,482.00,6.00,9.00,14.00,18.30,15.99,309.00,8.00,9.00,10.00,33.22,26.94,683.00,9.00,7.00,14.00,11.66,9.38,222.00,8.00,10.00,9.00,2,손가락 펴기 (Open)
-8.31,-11.75,3.25,-29.94,-10.75,163.91,111.16,122.25,213.52,245.77,199.78,160.94,137.00,120.54,188.80,31.46,102.93,103.85,159.40,15.25,34.00,110.81,76.38,26.43,15.62,9.13,89.10,111.37,48.00,119.29,62.52,104.91,32.02,181.16,160.75,195.97,125.00,31.29,38.27,13.49,78.41,38.80,78.56,26.93,40.00,42.88,31.39,612.00,5.00,5.00,7.00,27.78,22.62,493.00,6.00,9.00,14.00,17.82,15.25,308.00,8.00,10.00,10.00,32.48,26.42,694.00,10.00,8.00,14.00,11.85,9.62,229.00,8.00,10.00,9.00,2,손가락 펴기 (Open)
23.62,-22.75,37.38,55.81,-1.25,162.35,125.24,126.20,199.14,236.06,207.71,176.83,154.00,120.54,188.80,31.46,102.93,103.85,159.40,15.25,34.00,117.09,103.50,53.06,20.59,23.11,67.08,126.82,78.00,113.19,64.50,171.37,36.01,174.46,148.50,205.76,193.00,35.03,44.95,21.42,83.55,32.14,70.76,20.43,32.00,43.27,32.72,605.00,5.00,4.00,7.00,27.78,22.62,482.00,6.00,8.00,14.00,20.12,17.12,344.00,8.00,10.00,11.00,35.48,30.36,751.00,10.00,8.00,14.00,11.74,9.28,206.00,7.00,10.00,8.00,2,손가락 펴기 (Open)
12.56,-0.75,-13.25,-71.06,-9.31,185.07,144.51,175.04,229.86,212.32,160.90,127.90,105.00,120.54,188.80,31.46,102.93,103.85,159.40,15.25,34.00,103.71,83.78,42.00,21.63,34.42,72.72,146.21,100.00,99.22,127.39,145.50,105.34,99.13,109.30,279.34,291.00,22.92,43.89,20.02,71.84,19.41,63.62,20.13,15.00,42.52,31.99,465.00,4.00,4.00,6.00,27.78,22.62,450.00,6.00,8.00,14.00,20.32,17.41,366.00,9.00,10.00,11.00,39.58,32.20,851.00,10.00,9.00,14.00,10.06,8.39,181.00,7.00,11.00,7.00,2,손가락 펴기 (Open)
-19.69,-45.38,5.00,4.25,16.94,101.72,221.97,168.86,161.11,72.37,69.15,61.93,35.00,111.01,179.75,39.47,94.63,110.43,149.61,7.73,44.00,76.89,81.88,73.23,55.32,57.33,41.42,110.30,64.00,100.31,116.81,135.20,102.11,88.40,101.62,290.12,302.00,14.89,53.91,32.01,81.54,16.19,59.16,14.13,27.00,31.69,25.15,334.00,4.00,3.00,6.00,26.63,22.00,473.00,6.00,9.00,14.00,17.73,14.88,320.00,9.00,10.00,11.00,39.56,32.22,894.00,11.00,9.00,14.00,10.87,9.33,193.00,8.00,11.00,7.00,2,손가락 펴기 (Open)
-21.69,27.50,-25.69,-19.12,5.88,121.42,190.15,136.86,129.63,68.35,93.17,87.97,67.00,45.40,169.93,70.96,77.78,53.93,193.47,67.19,22.00,72.50,86.01,76.81,54.45,53.20,46.40,115.08,69.00,113.32,108.11,121.03,123.56,94.38,123.60,268.58,280.00,28.00,39.64,29.26,74.32,7.32,46.53,13.93,42.00,29.28,23.40,326.00,4.00,3.00,6.00,26.09,21.31,506.00,6.00,10.00,14.00,18.14,15.15,301.00,9.00,10.00,11.00,38.52,31.02,803.00,11.00,9.00,14.00,9.69,8.16,167.00,7.00,11.00,7.00,3,엄지 굽히기 (Thumb Flex)
-15.69,15.81,-8.19,-34.06,-1.19,151.35,172.05,127.52,127.14,38.74,62.01,56.28,35.00,36.57,178.18,69.75,88.68,50.53,192.93,57.82,11.00,33.16,125.46,73.11,15.65,58.72,36.48,87.95,29.00,52.11,115.68,114.92,149.62,80.91,220.48,187.06,167.00,11.03,49.07,14.26,59.17,10.97,29.77,23.64,59.00,27.11,21.65,216.00,3.00,2.00,5.00,26.37,21.91,517.00,6.00,11.00,15.00,16.62,13.36,281.00,8.00,10.00,11.00,34.89,27.33,734.00,10.00,8.00,14.00,8.63,7.36,165.00,8.00,11.00,7.00,3,엄지 굽히기 (Thumb Flex)
-32.81,-26.12,2.44,-22.38,-3.62,42.32,178.90,68.94,18.03,82.69,96.75,56.35,75.00,59.03,145.32,101.30,98.39,19.01,217.09,48.45,22.00,39.12,121.93,78.23,14.04,55.12,41.81,86.98,23.00,51.44,114.01,107.92,158.64,87.36,216.47,189.79,178.00,5.84,49.26,8.55,55.95,12.49,34.09,20.80,52.00,21.84,18.02,213.00,3.00,3.00,5.00,27.19,23.38,550.00,7.00,10.00,15.00,16.61,13.38,275.00,8.00,10.00,11.00,35.22,27.84,666.00,9.00,8.00,14.00,8.28,7.03,152.00,7.00,10.00,6.00,3,엄지 굽히기 (Thumb Flex)
9.88,-2.75,7.81,-6.44,-3.12,27.08,166.58,34.88,51.87,64.84,55.12,15.92,32.00,73.54,132.52,115.77,118.47,38.67,195.19,44.26,0.00,33.96,121.02,73.53,20.02,49.26,47.51,88.73,17.00,78.27,72.41,37.42,132.31,25.11,196.62,213.73,99.00,10.35,54.68,8.94,48.76,20.46,34.72,23.20,44.00,17.77,15.12,218.00,4.00,4.00,5.00,26.80,22.34,539.00,6.00,10.00,15.00,16.37,12.96,274.00,8.00,9.00,11.00,30.64,23.05,620.00,9.00,8.00,14.00,8.24,6.80,141.00,6.00,9.00,5.00,3,엄지 굽히기 (Thumb Flex)
2.88,-24.06,14.19,15.56,7.00,39.66,153.81,19.49,59.08,51.71,63.71,27.51,48.00,78.92,135.47,112.08,114.84,39.37,202.33,49.07,11.00,30.99,116.33,75.54,20.62,50.56,45.01,84.88,23.00,78.27,72.41,37.42,132.31,25.11,196.62,213.73,99.00,11.99,40.69,20.72,56.73,28.23,29.34,35.07,30.00,17.17,14.12,226.00,4.00,5.00,5.00,27.28,22.95,528.00,5.00,10.00,15.00,15.98,12.54,257.00,7.00,8.00,10.00,30.64,23.05,631.00,10.00,8.00,14.00,8.28,7.12,149.00,7.00,8.00,6.00,3,엄지 굽히기 (Thumb Flex)
-11.12,40.56,-16.88,4.56,-4.00,71.50,122.05,37.12,37.12,81.39,74.33,26.79,16.00,78.05,116.34,133.99,136.06,61.12,202.27,68.17,33.00,33.84,101.41,90.54,7.07,63.02,41.29,98.26,8.00,78.27,72.41,37.42,132.31,25.11,196.62,213.73,99.00,11.99,40.69,20.72,56.73,28.23,29.34,35.07,30.00,16.71,13.52,234.00,5.00,5.00,6.00,28.77,24.49,572.00,5.00,11.00,15.00,16.54,13.36,272.00,7.00,8.00,10.00,30.64,23.05,631.00,9.00,9.00,14.00,8.28,7.12,155.00,8.00,8.00,7.00,3,엄지 굽히기 (Thumb Flex)
20.38,17.19,-19.56,-57.06,3.19,63.95,127.04,30.99,44.38,82.50,82.13,33.82,8.00,90.57,95.01,145.36,132.46,53.83,217.62,46.19,11.00,65.77,83.44,110.44,32.39,40.62,73.45,61.31,45.00,82.20,58.40,75.55,186.22,63.91,235.82,160.07,153.00,24.99,42.97,19.23,49.24,15.24,16.72,47.51,17.00,17.20,14.08,242.00,5.00,6.00,6.00,29.10,25.44,550.00,5.00,11.00,15.00,16.85,13.26,260.00,7.00,8.00,9.00,33.95,25.58,696.00,10.00,9.00,15.00,7.99,6.91,144.00,8.00,9.00,6.00,3,엄지 굽히기 (Thumb Flex)
-55.69,-48.81,10.75,17.56,3.56,103.44,139.22,45.57,76.01,50.31,124.26,80.80,39.00,90.57,95.01,145.36,132.46,53.83,217.62,46.19,11.00,54.77,79.13,115.76,32.56,49.46,83.65,51.01,56.00,84.70,42.34,80.59,188.57,81.00,239.23,141.44,175.00,19.55,37.68,24.38,44.10,13.77,15.04,52.44,11.00,22.22,16.65,313.00,6.00,6.00,7.00,29.10,25.44,550.00,5.00,11.00,15.00,17.08,14.03,286.00,7.00,9.00,10.00,34.25,26.74,716.00,10.00,9.00,15.00,7.69,6.49,141.00,8.00,8.00,6.00,3,엄지 굽히기 (Thumb Flex)
5.81,-3.44,-14.62,-21.56,9.75,88.97,117.02,57.25,66.22,26.39,135.79,103.52,63.00,68.66,91.53,167.06,132.46,38.42,203.06,64.32,33.00,64.01,88.26,105.89,22.80,57.94,88.26,44.52,66.00,73.48,120.10,3.33,112.36,100.83,206.70,118.54,253.00,17.82,34.79,26.74,42.54,11.12,13.33,50.79,14.00,21.85,16.06,368.00,7.00,7.00,8.00,28.77,24.49,572.00,5.00,11.00,15.00,17.44,14.58,302.00,8.00,9.00,10.00,32.04,24.12,682.00,10.00,9.00,15.00,7.41,6.28,130.00,7.00,7.00,5.00,3,엄지 굽히기 (Thumb Flex)
-25.19,51.81,-24.00,9.38,3.25,92.73,132.12,42.29,50.92,26.83,133.47,116.38,79.00,80.22,100.69,164.63,144.42,46.19,204.63,72.48,45.00,71.61,97.59,104.12,27.20,59.94,91.30,47.81,56.00,80.77,98.27,35.98,108.02,89.34,178.84,134.85,286.00,20.64,39.29,29.68,35.81,6.64,6.02,50.13,22.00,22.64,17.06,392.00,8.00,8.00,9.00,29.95,25.34,595.00,6.00,10.00,15.00,18.12,15.12,307.00,8.00,8.00,11.00,31.65,23.58,693.00,11.00,10.00,15.00,7.38,6.25,134.00,7.00,8.00,5.00,3,엄지 굽히기 (Thumb Flex)
-1.19,-3.50,-9.00,-11.94,0.06,92.73,132.12,42.29,50.92,26.83,133.47,116.38,79.00,71.71,89.78,155.43,144.00,56.43,213.64,77.59,56.00,71.61,97.59,104.12,27.20,59.94,91.30,47.81,56.00,73.11,96.88,33.83,119.02,78.60,168.01,144.34,297.00,21.31,39.10,32.66,34.13,4.35,9.00,49.07,19.00,22.64,17.06,408.00,7.00,9.00,10.00,29.91,25.00,618.00,7.00,10.00,15.00,18.12,15.12,317.00,8.00,8.00,12.00,31.79,24.18,682.00,11.00,10.00,15.00,7.34,6.07,128.00,6.00,7.00,5.00,3,엄지 굽히기 (Thumb Flex)
-15.69,-42.00,27.25,1.12,-10.81,84.78,126.74,65.31,73.98,43.13,109.58,123.20,103.00,86.39,79.13,94.92,232.00,101.82,128.32,108.00,32.00,79.21,120.00,74.22,63.91,54.72,52.51,75.25,100.00,45.93,75.15,65.27,124.04,101.54,188.67,111.63,264.00,29.19,53.59,32.48,21.10,13.87,24.69,39.50,1.00,22.94,17.60,424.00,11.00,10.00,11.00,30.05,24.38,607.00,10.00,10.00,15.00,19.10,16.12,330.00,8.00,8.00,12.00,30.70,22.14,649.00,11.00,10.00,15.00,7.70,6.44,120.00,6.00,6.00,5.00,3,엄지 굽히기 (Thumb Flex)
23.31,-9.00,9.25,10.75,3.12,94.73,139.81,57.47,72.01,42.91,100.30,124.09,119.00,86.39,79.13,94.92,232.00,101.82,128.32,108.00,32.00,79.21,120.00,74.22,63.91,54.72,52.51,75.25,100.00,66.79,96.73,55.64,145.28,97.67,189.10,90.41,242.00,15.34,37.41,15.75,36.69,26.42,36.06,30.24,16.00,23.62,18.65,431.00,8.00,10.00,11.00,30.05,24.38,629.00,10.00,10.00,15.00,19.10,16.12,312.00,8.00,8.00,12.00,30.72,22.03,570.00,10.00,9.00,15.00,7.00,5.77,126.00,7.00,6.00,6.00,3,엄지 굽히기 (Thumb Flex)
1.88,31.56,1.19,15.00,-9.56,60.18,100.01,40.70,31.02,23.51,116.70,119.73,160.00,31.68,37.62,46.30,287.00,124.93,122.65,53.00,23.00,37.86,89.38,30.63,109.24,52.15,43.93,29.54,53.00,8.64,56.79,42.53,144.81,39.74,153.84,57.56,174.00,19.87,39.67,19.18,38.48,26.44,37.09,27.09,21.00,21.20,16.23,447.00,12.00,11.00,12.00,30.70,25.17,651.00,7.00,9.00,15.00,15.11,13.19,271.00,7.00,7.00,12.00,23.35,18.75,437.00,9.00,8.00,14.00,7.31,6.12,132.00,8.00,6.00,7.00,3,엄지 굽히기 (Thumb Flex)
34.88,-1.44,6.50,-20.00,-5.00,60.18,100.01,40.70,31.02,23.51,116.70,119.73,160.00,31.68,37.62,46.30,287.00,124.93,122.65,53.00,23.00,48.35,87.18,30.24,107.56,63.15,40.44,22.98,42.00,28.08,47.22,65.47,113.89,12.40,125.31,75.12,142.00,12.88,42.01,22.40,32.25,20.53,34.22,21.52,28.00,21.20,16.23,439.00,11.00,12.00,12.00,30.70,25.17,640.00,8.00,9.00,15.00,15.17,13.31,261.00,6.00,7.00,11.00,20.13,16.25,394.00,9.00,7.00,14.00,6.80,5.62,110.00,6.00,6.00,6.00,3,엄지 굽히기 (Thumb Flex)
-6.12,-24.81,17.12,3.38,0.94,60.18,100.01,40.70,31.02,23.51,116.70,119.73,160.00,18.70,58.19,68.27,265.00,129.84,100.84,40.38,45.00,54.31,82.47,25.28,113.53,61.17,45.55,24.13,48.00,17.00,64.57,48.86,109.55,31.11,104.20,95.73,120.00,27.28,28.51,8.51,28.02,10.68,21.76,9.03,43.00,21.20,16.23,480.00,12.00,13.00,13.00,29.09,24.14,585.00,7.00,8.00,15.00,15.52,13.64,241.00,5.00,6.00,11.00,19.17,15.22,394.00,10.00,8.00,14.00,5.60,4.80,103.00,8.00,6.00,5.00,3,엄지 굽히기 (Thumb Flex)
-13.62,19.88,-29.25,3.38,12.38,53.08,107.10,44.31,32.28,23.38,115.33,126.97,152.00,19.88,48.80,64.36,265.23,121.65,92.25,41.77,56.00,45.81,92.43,34.33,113.00,69.21,55.25,25.41,58.00,17.00,64.57,48.86,109.55,31.11,104.20,95.73,120.00,20.39,37.33,10.75,37.01,18.65,12.76,5.00,52.00,21.44,16.80,480.00,11.00,12.00,13.00,28.49,23.28,618.00,8.00,9.00,15.00,16.48,14.34,273.00,6.00,7.00,11.00,19.17,15.22,372.00,9.00,7.00,13.00,6.36,5.30,109.00,7.00,6.00,6.00,3,엄지 굽히기 (Thumb Flex)
-20.12,-0.75,-18.31,-28.94,3.00,42.63,130.08,68.12,11.40,45.61,102.66,102.98,176.00,29.62,49.79,82.67,243.25,142.03,96.40,33.39,34.00,39.78,102.73,37.74,128.00,57.31,48.90,30.34,43.00,25.87,70.94,59.84,111.20,27.99,108.12,105.65,109.00,19.19,41.06,9.58,37.34,15.22,17.39,8.25,46.00,22.05,18.00,464.00,10.00,11.00,12.00,28.02,21.66,596.00,8.00,9.00,15.00,17.11,15.40,272.00,5.00,8.00,11.00,20.00,16.08,394.00,10.00,7.00,13.00,6.37,5.25,116.00,5.00,7.00,6.00,3,엄지 굽히기 (Thumb Flex)
-12.62,-43.38,29.25,3.38,-7.81,41.91,126.29,66.27,18.38,50.93,95.11,95.51,184.00,43.81,69.77,100.86,243.25,142.91,108.37,47.88,56.00,42.94,104.68,56.00,129.88,68.47,62.98,51.02,20.00,14.97,72.90,57.14,100.44,17.73,118.43,113.47,98.00,18.40,41.33,12.30,40.31,17.35,18.27,11.18,43.00,21.67,17.50,432.00,9.00,11.00,11.00,29.60,22.91,618.00,9.00,8.00,15.00,18.60,16.66,316.00,6.00,8.00,12.00,19.94,15.64,416.00,10.00,8.00,13.00,6.56,5.48,127.00,8.00,7.00,7.00,3,엄지 굽히기 (Thumb Flex)
19.38,31.56,-8.44,-6.94,-2.94,41.91,126.29,66.27,18.38,50.93,95.11,95.51,184.00,39.62,41.98,110.42,210.29,174.90,141.18,80.18,89.00,47.44,88.02,41.49,109.24,88.90,83.97,72.00,1.00,25.82,63.66,48.10,98.62,11.81,128.44,118.51,87.00,19.57,39.77,10.99,40.11,19.16,17.57,13.15,41.00,21.67,17.50,456.00,10.00,11.00,12.00,30.70,25.17,673.00,9.00,8.00,15.00,18.50,16.56,349.00,7.00,8.00,13.00,20.00,16.08,405.00,11.00,8.00,13.00,6.49,5.33,121.00,7.00,7.00,6.00,3,엄지 굽히기 (Thumb Flex)
3.88,17.81,-11.44,15.75,8.88,47.88,119.20,59.90,25.96,58.93,98.16,98.95,176.00,75.48,59.89,154.39,217.08,153.69,110.90,38.72,45.00,74.30,56.11,64.91,119.85,88.70,65.98,44.93,31.00,35.79,52.84,38.87,87.69,6.81,124.82,117.65,98.00,22.24,36.78,12.78,43.10,19.46,20.27,10.74,44.00,21.50,17.00,456.00,9.00,11.00,12.00,30.45,25.34,618.00,8.00,8.00,15.00,18.11,15.99,322.00,6.00,8.00,12.00,19.27,15.56,416.00,12.00,9.00,13.00,6.70,5.50,122.00,7.00,6.00,6.00,3,엄지 굽히기 (Thumb Flex)
-19.12,-32.38,8.25,-4.88,-5.12,63.41,103.97,66.34,26.57,54.81,104.82,98.82,192.00,2.62,17.12,146.38,143.92,215.58,144.86,60.67,32.00,53.33,71.32,49.29,101.55,109.30,76.27,40.54,52.00,53.93,44.65,49.28,93.05,27.95,116.08,111.79,76.00,22.24,36.78,12.78,43.10,19.46,20.27,10.74,44.00,22.03,18.00,448.00,9.00,10.00,12.00,29.86,24.28,651.00,9.00,8.00,15.00,17.99,15.88,338.00,7.00,8.00,13.00,18.88,15.14,373.00,12.00,9.00,13.00,6.70,5.50,128.00,7.00,7.00,7.00,3,엄지 굽히기 (Thumb Flex)
6.38,-8.31,16.94,33.69,-4.62,87.12,95.94,90.18,9.06,35.91,82.07,90.62,168.00,33.72,46.97,178.64,159.48,190.51,111.96,28.24,1.00,21.63,84.58,73.88,125.21,94.65,40.05,41.94,15.00,66.33,70.85,42.80,33.00,103.89,54.46,97.95,11.00,14.94,36.81,14.74,51.09,16.26,18.58,13.81,36.00,20.80,16.50,393.00,9.00,10.00,12.00,29.36,23.77,607.00,8.00,8.00,15.00,17.94,15.69,318.00,8.00,7.00,13.00,16.71,13.23,341.00,12.00,9.00,13.00,6.76,5.67,128.00,7.00,7.00,7.00,3,엄지 굽히기 (Thumb Flex)
33.88,20.56,0.62,2.06,0.56,45.53,89.31,106.23,97.01,55.26,35.72,81.85,80.00,39.00,58.39,152.44,110.60,223.02,74.33,38.09,67.00,26.91,87.48,64.71,117.92,103.77,30.85,44.47,4.00,45.56,68.82,32.09,11.00,109.53,36.25,97.89,33.00,13.33,35.02,17.72,51.35,13.87,16.61,13.27,39.00,18.74,15.23,363.00,8.00,9.00,12.00,27.86,22.42,596.00,9.00,8.00,15.00,17.72,15.08,309.00,5.00,8.00,13.00,15.66,12.20,330.00,11.00,9.00,13.00,6.71,5.51,127.00,8.00,6.00,7.00,3,엄지 굽히기 (Thumb Flex)
1.38,19.19,-9.69,0.69,6.75,41.02,92.42,98.46,97.42,60.17,43.16,82.68,72.00,61.00,80.38,170.95,128.80,201.82,66.39,18.35,45.00,25.89,83.02,63.72,114.11,107.89,30.68,44.56,1.00,67.56,54.24,19.09,24.60,94.64,14.28,94.15,55.00,13.41,32.07,18.78,48.37,16.59,19.58,12.65,36.00,18.61,14.80,364.00,7.00,9.00,12.00,28.30,23.79,540.00,8.00,7.00,14.00,17.50,14.73,309.00,6.00,7.00,13.00,14.79,10.57,297.00,10.00,8.00,12.00,6.48,5.34,127.00,8.00,6.00,7.00,3,엄지 굽히기 (Thumb Flex)
-7.62,21.31,-15.31,-8.94,-1.88,54.57,77.56,102.00,81.50,54.90,58.01,80.37,56.00,32.19,61.72,145.18,114.84,201.00,41.91,29.84,11.00,30.22,73.53,54.04,107.80,110.26,24.23,48.63,9.00,47.86,75.91,40.94,39.66,73.66,16.94,86.88,77.00,17.25,27.29,15.39,48.00,17.63,15.34,16.34,42.00,17.78,13.67,348.00,7.00,8.00,11.00,25.34,21.40,484.00,7.00,7.00,13.00,16.77,14.10,299.00,8.00,7.00,12.00,14.66,10.83,286.00,10.00,7.00,12.00,6.42,5.25,133.00,9.00,7.00,7.00,3,엄지 굽히기 (Thumb Flex)
-7.12,-21.31,15.00,32.31,9.56,46.60,85.07,108.28,81.01,47.08,61.96,77.30,48.00,31.54,73.51,154.91,136.06,180.34,63.52,9.05,33.00,54.89,66.56,42.93,130.36,83.48,50.89,32.00,18.00,81.75,48.38,44.35,39.66,84.09,60.91,71.36,121.00,9.27,29.35,24.38,39.00,26.62,18.77,24.96,51.00,17.87,14.12,332.00,6.00,7.00,10.00,25.93,22.77,484.00,8.00,6.00,13.00,17.01,14.50,292.00,8.00,7.00,12.00,16.71,11.95,319.00,7.00,8.00,12.00,6.87,5.81,133.00,9.00,7.00,7.00,3,엄지 굽히기 (Thumb Flex)
-15.12,18.56,-9.56,-11.00,-7.69,46.60,85.07,108.28,81.01,47.08,61.96,77.30,48.00,51.13,9.68,89.87,136.06,142.82,123.09,57.21,99.00,16.41,50.41,22.31,115.95,71.84,84.90,28.91,57.00,75.30,44.93,33.68,31.11,95.02,68.97,67.04,132.00,5.53,28.03,26.05,39.20,25.24,14.84,21.02,47.00,17.87,14.12,300.00,5.00,6.00,9.00,23.89,21.31,495.00,9.00,7.00,13.00,15.71,13.37,301.00,7.00,8.00,12.00,16.95,12.38,352.00,6.00,9.00,12.00,6.52,5.56,135.00,9.00,7.00,7.00,3,엄지 굽히기 (Thumb Flex)
24.88,6.19,-8.25,-19.94,0.50,46.60,85.07,108.28,81.01,47.08,61.96,77.30,48.00,67.37,12.35,88.90,157.50,128.78,114.71,38.30,77.00,13.44,36.77,10.66,136.50,53.64,79.10,31.44,36.00,76.73,25.09,44.52,59.24,91.14,73.63,92.24,99.00,8.53,30.68,28.03,36.22,27.65,12.44,18.59,44.00,17.87,14.12,316.00,6.00,6.00,9.00,23.65,20.71,462.00,8.00,7.00,13.00,15.57,13.25,290.00,7.00,7.00,11.00,17.49,13.32,363.00,11.00,9.00,13.00,6.46,5.38,130.00,9.00,7.00,6.00,3,엄지 굽히기 (Thumb Flex)
-21.62,-33.69,7.38,13.06,-4.81,41.14,64.31,85.26,105.00,23.75,85.58,101.28,72.00,64.85,57.49,33.11,183.08,66.42,156.60,57.93,11.00,8.69,42.57,16.14,135.48,48.68,82.78,36.20,30.00,76.73,25.09,44.52,59.24,91.14,73.63,92.24,99.00,4.15,25.98,23.43,36.01,31.96,13.09,16.74,39.00,18.72,15.33,331.00,7.00,6.00,9.00,24.12,21.31,473.00,8.00,7.00,13.00,15.68,13.62,300.00,8.00,7.00,12.00,17.49,13.32,363.00,11.00,9.00,13.00,6.11,5.06,130.00,10.00,8.00,6.00,3,엄지 굽히기 (Thumb Flex)
19.44,-21.31,1.75,-9.62,8.31,50.79,47.65,75.19,106.21,29.96,76.75,85.56,55.00,83.02,76.28,12.38,201.93,68.33,134.68,36.79,33.00,14.32,37.56,12.95,129.55,50.44,88.75,42.08,24.00,67.44,35.96,45.16,69.57,84.25,63.49,81.51,110.00,12.83,24.14,27.90,22.02,36.09,6.28,20.16,53.00,17.10,14.13,330.00,7.00,7.00,9.00,24.74,22.77,462.00,8.00,7.00,13.00,15.57,13.25,295.00,8.00,7.00,11.00,16.90,12.55,363.00,11.00,10.00,13.00,6.35,5.48,139.00,9.00,9.00,7.00,3,엄지 굽히기 (Thumb Flex)
-34.56,-0.69,-1.88,53.88,13.38,80.99,41.17,97.59,74.73,53.63,72.91,109.93,87.00,61.26,72.47,23.28,213.58,52.40,121.80,14.83,55.00,36.26,40.45,32.59,128.02,28.47,73.24,21.09,46.00,17.38,83.02,100.59,102.18,72.74,98.14,131.00,54.00,27.80,37.31,42.74,26.08,21.22,18.44,22.42,38.00,19.25,15.88,378.00,8.00,8.00,10.00,24.12,21.31,440.00,7.00,6.00,13.00,14.81,12.11,253.00,8.00,6.00,10.00,21.88,16.67,430.00,9.00,11.00,14.00,7.23,6.45,133.00,8.00,8.00,6.00,3,엄지 굽히기 (Thumb Flex)
19.44,41.94,-17.50,-100.56,-14.00,49.43,23.79,71.34,87.37,81.15,58.07,130.10,119.00,40.08,89.06,29.40,232.05,73.79,118.71,35.79,33.00,27.55,31.36,27.50,118.02,25.64,74.94,16.09,56.00,119.98,102.76,106.05,187.95,57.84,152.95,219.05,51.00,11.77,16.62,43.62,14.56,29.69,43.26,45.67,12.00,19.70,16.56,426.00,9.00,8.00,11.00,25.86,22.69,462.00,7.00,6.00,13.00,13.84,11.56,258.00,8.00,6.00,10.00,33.95,22.44,558.00,12.00,11.00,14.00,7.62,6.38,153.00,8.00,9.00,7.00,3,엄지 굽히기 (Thumb Flex)
-13.06,-2.06,1.25,23.00,5.81,43.09,18.52,74.36,80.80,81.79,65.08,127.28,111.00,40.08,89.06,29.40,232.05,73.79,118.71,35.79,33.00,23.55,13.50,44.06,120.03,12.46,58.80,24.09,36.00,69.78,47.84,52.95,172.54,65.47,167.44,259.68,106.00,10.78,16.14,40.62,11.70,32.47,45.01,48.66,9.00,19.27,16.06,450.00,10.00,9.00,12.00,25.86,22.69,462.00,8.00,6.00,13.00,13.09,10.62,229.00,8.00,6.00,10.00,33.67,21.88,652.00,12.00,11.00,14.00,7.73,6.61,162.00,9.00,9.00,7.00,3,엄지 굽히기 (Thumb Flex)
-13.06,-25.44,8.69,1.00,-11.94,43.09,18.52,74.36,80.80,81.79,65.08,127.28,111.00,36.49,103.57,7.93,213.58,56.79,96.74,51.39,11.00,21.69,27.27,30.89,97.51,11.00,35.87,39.93,13.00,69.78,47.84,52.95,172.54,65.47,167.44,259.68,106.00,13.45,19.34,42.52,11.00,32.80,44.63,52.26,5.00,19.27,16.06,418.00,9.00,8.00,11.00,23.89,21.31,407.00,7.00,5.00,13.00,10.74,9.19,196.00,7.00,6.00,9.00,33.67,21.88,663.00,11.00,11.00,14.00,8.05,6.81,175.00,12.00,10.00,8.00,3,엄지 굽히기 (Thumb Flex)
34.88,-11.69,18.00,10.62,-4.81,45.12,10.04,81.74,95.02,93.14,74.37,135.61,94.00,40.78,111.79,44.44,192.11,22.61,75.18,83.57,33.00,33.44,32.90,20.75,95.13,30.94,28.03,59.58,14.00,68.33,51.06,73.66,176.82,44.14,147.72,263.22,128.00,15.36,21.30,41.35,9.00,34.54,46.13,50.92,7.00,20.70,17.12,451.00,10.00,8.00,11.00,22.83,20.02,407.00,7.00,6.00,13.00,11.55,9.75,202.00,7.00,5.00,10.00,33.68,21.80,652.00,12.00,11.00,14.00,8.11,6.94,170.00,11.00,10.00,7.00,3,엄지 굽히기 (Thumb Flex)
9.38,-9.62,-14.00,-50.31,12.00,50.67,17.11,77.28,99.30,96.38,75.65,129.14,102.00,59.37,142.77,60.70,162.41,23.54,65.57,69.43,0.00,33.44,32.90,20.75,95.13,30.94,28.03,59.58,14.00,68.82,27.77,60.07,240.25,75.21,87.56,258.97,193.00,12.38,19.77,44.29,9.49,36.93,49.12,50.05,10.00,20.84,17.62,452.00,9.00,8.00,11.00,22.30,19.25,352.00,6.00,5.00,12.00,11.55,9.75,213.00,7.00,6.00,10.00,36.00,24.90,695.00,10.00,11.00,14.00,8.35,7.12,173.00,8.00,10.00,7.00,3,엄지 굽히기 (Thumb Flex)
-44.19,-21.31,-3.31,13.31,10.94,30.17,10.21,100.07,119.00,119.34,95.80,107.03,125.00,55.37,133.09,65.81,157.50,22.18,57.79,71.97,11.00,22.50,25.00,30.46,96.34,41.20,17.23,58.38,3.00,69.96,36.49,38.18,237.12,94.63,84.30,252.63,215.00,8.83,29.78,50.44,8.54,44.00,40.14,50.81,7.00,23.03,19.06,483.00,9.00,8.00,11.00,21.47,18.56,341.00,6.00,5.00,12.00,11.44,9.56,212.00,7.00,6.00,10.00,36.11,25.02,716.00,10.00,11.00,14.00,8.72,7.70,173.00,9.00,10.00,7.00,3,엄지 굽히기 (Thumb Flex)
-27.19,20.62,-25.38,-65.94,-8.88,7.34,42.21,112.95,137.00,112.68,66.55,138.94,93.00,67.54,128.25,98.51,128.28,53.44,90.75,56.63,22.00,29.57,55.97,55.94,50.60,37.18,57.76,59.98,50.00,89.39,71.68,131.15,130.05,140.82,177.14,206.76,323.00,6.15,26.80,52.30,10.00,46.93,41.40,50.36,10.00,24.06,20.46,465.00,9.00,8.00,11.00,21.96,19.42,352.00,6.00,6.00,12.00,12.27,9.80,220.00,7.00,7.00,10.00,38.87,28.20,769.00,11.00,12.00,14.00,8.88,7.86,188.00,10.00,10.00,8.00,3,엄지 굽히기 (Thumb Flex)
-15.62,-10.31,4.62,40.00,-0.88,57.27,91.71,91.79,100.24,66.82,98.84,91.38,150.00,43.27,108.07,94.78,114.84,77.01,117.18,45.71,55.00,29.57,55.97,55.94,50.60,37.18,57.76,59.98,50.00,79.80,54.92,130.80,139.71,133.38,207.54,189.94,356.00,6.15,26.80,52.30,10.00,46.93,41.40,50.36,10.00,22.36,18.50,440.00,9.00,8.00,10.00,21.47,18.56,385.00,7.00,7.00,13.00,12.27,9.80,240.00,7.00,8.00,10.00,40.15,30.00,877.00,12.00,13.00,15.00,8.88,7.86,190.00,9.00,10.00,8.00,3,엄지 굽히기 (Thumb Flex)
0.88,-48.56,14.31,-23.94,-8.00,64.33,95.48,84.16,93.30,74.45,98.51,95.06,142.00,46.47,38.87,168.44,47.38,119.33,124.04,102.88,21.00,13.12,50.32,76.60,31.38,38.65,66.32,69.95,29.00,77.10,48.77,99.47,170.46,102.12,222.97,166.47,389.00,8.09,31.61,55.41,11.31,36.04,54.27,40.27,24.00,22.26,18.00,448.00,10.00,8.00,11.00,24.16,19.88,428.00,7.00,7.00,14.00,12.74,10.44,246.00,7.00,7.00,11.00,40.58,31.19,932.00,12.00,13.00,15.00,9.02,7.88,189.00,8.00,10.00,8.00,3,엄지 굽히기 (Thumb Flex)
8.38,17.12,-2.31,8.38,5.44,59.37,97.83,89.57,89.44,75.72,104.32,96.37,134.00,53.76,27.89,174.69,55.61,109.79,113.90,91.89,10.00,15.68,57.34,82.24,27.66,28.67,56.59,61.63,39.00,80.65,56.08,107.35,167.17,94.81,220.70,156.66,400.00,2.16,22.90,62.34,18.79,27.90,58.63,32.60,33.00,22.36,18.50,456.00,10.00,8.00,11.00,23.52,19.11,449.00,7.00,7.00,14.00,12.39,9.81,230.00,7.00,7.00,11.00,40.64,31.55,921.00,12.00,13.00,15.00,9.10,8.13,191.00,8.00,10.00,8.00,3,엄지 굽히기 (Thumb Flex)
-7.12,15.06,9.38,41.38,-4.69,61.64,90.68,92.99,96.66,69.29,112.31,95.21,126.00,50.59,55.41,193.92,44.01,119.31,83.98,62.11,23.00,8.97,46.36,88.30,17.09,25.81,47.44,51.00,50.00,80.65,56.08,107.35,167.17,94.81,220.70,156.66,400.00,12.33,35.89,50.79,18.03,32.61,57.36,19.20,47.00,22.44,18.89,464.00,10.00,8.00,12.00,23.48,19.19,405.00,6.00,6.00,13.00,11.55,9.12,214.00,7.00,8.00,11.00,40.64,31.55,910.00,11.00,13.00,15.00,8.91,7.81,185.00,12.00,10.00,8.00,3,엄지 굽히기 (Thumb Flex)
38.81,15.75,-1.94,-23.25,-7.69,80.31,138.26,44.39,125.16,35.64,149.66,83.77,77.00,45.08,52.18,183.44,33.02,130.31,81.69,56.35,34.00,12.55,49.78,83.45,19.42,30.38,47.03,46.03,55.00,60.89,43.74,129.33,162.63,72.96,242.36,177.80,378.00,12.33,35.89,50.79,18.03,32.61,57.36,19.20,47.00,24.50,21.34,473.00,10.00,8.00,12.00,22.86,18.50,394.00,6.00,6.00,12.00,11.44,8.81,225.00,8.00,9.00,12.00,41.07,33.09,965.00,12.00,13.00,15.00,8.91,7.81,180.00,11.00,9.00,8.00,3,엄지 굽히기 (Thumb Flex)
7.31,5.44,2.44,18.69,8.75,60.08,126.47,54.63,109.62,55.94,156.10,78.84,53.00,37.84,58.98,182.95,34.48,126.85,75.62,58.24,23.00,22.40,50.83,82.71,12.53,24.46,40.83,54.98,45.00,93.69,43.75,119.28,130.05,71.90,262.87,204.93,345.00,9.65,39.51,41.86,22.67,31.78,66.36,27.72,38.00,23.34,19.65,458.00,9.00,8.00,12.00,22.54,17.81,361.00,5.00,5.00,12.00,11.31,8.49,214.00,8.00,9.00,11.00,41.23,33.11,976.00,12.00,13.00,15.00,9.20,8.41,192.00,9.00,9.00,9.00,3,엄지 굽히기 (Thumb Flex)
-16.69,3.38,-1.88,-1.94,-3.38,60.08,126.47,54.63,109.62,55.94,156.10,78.84,53.00,68.05,26.05,153.21,10.00,154.06,44.56,63.24,10.00,12.14,57.61,72.74,22.80,32.65,30.15,63.05,34.00,73.00,56.08,101.49,135.68,93.58,262.37,218.45,323.00,10.79,41.44,40.89,24.21,29.91,64.92,26.18,40.00,23.34,19.65,442.00,9.00,7.00,12.00,21.41,16.17,350.00,5.00,5.00,11.00,11.11,8.12,213.00,9.00,10.00,11.00,40.95,32.32,976.00,12.00,13.00,15.00,9.14,8.30,190.00,9.00,10.00,9.00,3,엄지 굽히기 (Thumb Flex)
8.31,2.00,3.12,-1.94,-2.62,44.23,141.16,38.84,119.67,52.63,141.16,67.71,37.00,89.98,16.66,136.89,32.00,137.06,65.74,66.42,12.00,12.14,57.61,72.74,22.80,32.65,30.15,63.05,34.00,73.00,56.08,101.49,135.68,93.58,262.37,218.45,323.00,5.71,31.70,34.48,33.02,23.33,65.96,23.37,52.00,22.65,18.56,410.00,9.00,7.00,12.00,20.87,14.88,328.00,4.00,5.00,10.00,11.11,8.12,213.00,9.00,11.00,11.00,40.95,32.32,909.00,11.00,12.00,14.00,8.89,7.83,184.00,11.00,9.00,9.00,3,엄지 굽히기 (Thumb Flex)
-9.19,-28.94,2.81,12.56,4.12,65.86,119.42,49.62,138.45,30.94,119.42,47.90,13.00,62.20,22.49,127.88,45.97,151.40,87.89,91.32,45.00,14.35,54.03,71.33,27.66,33.89,31.92,62.75,39.00,73.11,103.91,120.47,128.47,75.26,206.38,220.96,267.00,13.61,33.24,22.49,41.11,16.92,56.53,21.70,40.00,21.26,17.21,370.00,9.00,7.00,12.00,22.16,16.95,317.00,5.00,4.00,10.00,11.13,8.16,198.00,9.00,10.00,10.00,37.49,29.65,759.00,9.00,11.00,14.00,8.02,6.98,161.00,11.00,8.00,8.00,3,엄지 굽히기 (Thumb Flex)
0.31,-3.50,17.50,16.31,-7.25,51.07,128.72,64.34,126.12,17.34,114.48,26.46,11.00,61.20,65.40,75.57,93.05,97.46,98.91,38.85,10.00,42.61,66.08,35.08,41.11,4.01,56.55,60.15,2.00,82.33,121.84,22.10,16.28,54.98,146.21,225.98,151.00,10.51,28.04,25.17,45.28,10.97,50.54,20.97,34.00,20.42,15.56,346.00,9.00,8.00,11.00,18.38,14.38,295.00,5.00,5.00,10.00,11.16,7.75,195.00,8.00,10.00,10.00,29.21,23.14,643.00,10.00,10.00,14.00,7.54,6.66,152.00,11.00,8.00,8.00,3,엄지 굽히기 (Thumb Flex)
29.81,60.00,-4.19,37.62,-3.56,67.86,145.64,32.41,92.01,55.90,143.05,15.75,51.00,42.25,64.95,122.24,124.46,105.09,153.32,17.55,66.00,39.01,61.16,38.43,44.55,5.57,61.43,59.58,3.00,88.14,132.77,32.18,25.06,57.82,140.73,227.22,162.00,14.59,38.86,32.70,38.59,10.64,44.04,19.81,23.00,21.73,17.34,378.00,9.00,8.00,12.00,23.96,17.88,340.00,5.00,4.00,10.00,11.21,8.04,211.00,9.00,11.00,11.00,29.97,23.66,643.00,10.00,9.00,14.00,7.39,6.33,137.00,10.00,8.00,7.00,3,엄지 굽히기 (Thumb Flex)
19.81,12.94,11.50,35.56,-4.00,83.92,177.00,56.45,76.84,48.08,111.32,24.13,19.00,49.80,96.63,125.00,149.40,72.10,127.32,20.52,33.00,41.07,65.34,40.62,41.23,5.95,64.30,57.51,8.00,100.58,159.82,59.51,50.09,24.88,172.55,212.47,129.00,13.66,35.18,26.74,32.80,17.61,46.29,19.50,16.00,22.17,18.06,337.00,8.00,8.00,11.00,23.74,17.43,374.00,5.00,5.00,10.00,11.46,8.31,216.00,10.00,11.00,11.00,31.32,25.20,632.00,10.00,8.00,13.00,6.95,6.00,130.00,10.00,8.00,7.00,3,엄지 굽히기 (Thumb Flex)
20.88,21.88,-12.50,-7.06,3.50,80.42,163.31,44.43,60.93,64.42,102.09,41.08,2.00,64.51,125.90,99.73,132.42,89.46,132.98,12.68,66.00,49.82,65.92,9.58,26.00,28.73,67.61,41.77,40.00,99.66,156.11,63.90,62.94,24.43,191.71,197.48,107.00,18.91,38.41,29.56,28.64,16.87,39.00,22.89,24.00,20.75,17.00,312.00,8.00,8.00,10.00,24.29,17.89,385.00,5.00,6.00,11.00,11.02,8.12,210.00,10.00,11.00,11.00,31.18,25.05,611.00,10.00,7.00,13.00,6.93,6.06,121.00,10.00,8.00,6.00,3,엄지 굽히기 (Thumb Flex)
-9.62,-11.12,1.56,10.88,4.06,90.22,162.16,60.09,56.00,53.83,98.20,19.99,26.00,64.51,125.90,99.73,132.42,89.46,132.98,12.68,66.00,38.07,53.44,16.80,41.00,35.30,62.69,35.59,55.00,91.61,125.52,1.68,48.33,89.40,219.91,142.56,42.00,10.60,29.84,20.62,20.81,25.69,30.59,30.83,33.00,20.63,16.70,289.00,8.00,7.00,10.00,24.29,17.89,407.00,6.00,6.00,11.00,10.54,7.38,215.00,11.00,11.00,11.00,28.51,21.88,568.00,10.00,7.00,13.00,6.22,5.43,121.00,10.00,8.00,6.00,3,엄지 굽히기 (Thumb Flex)
3.44,-11.81,11.56,10.88,-13.19,59.23,132.09,28.52,9.00,95.46,71.06,42.45,73.00,64.60,121.87,100.18,137.44,78.49,122.50,21.20,77.00,24.08,37.61,20.66,44.01,45.45,76.70,46.86,39.00,91.61,125.52,1.68,48.33,89.40,219.91,142.56,42.00,17.57,12.54,30.36,23.35,26.17,48.38,2.91,5.00,17.78,14.56,290.00,9.00,8.00,10.00,23.80,17.29,363.00,5.00,5.00,10.00,10.92,7.70,201.00,11.00,10.00,11.00,28.51,21.88,482.00,9.00,6.00,12.00,6.24,5.11,120.00,10.00,7.00,6.00,3,엄지 굽히기 (Thumb Flex)
56.75,-50.06,54.00,26.12,-0.50,61.16,47.70,115.49,91.44,74.97,158.55,48.63,18.00,113.32,193.10,35.36,80.16,90.57,64.20,90.84,153.00,66.00,74.17,80.61,50.60,51.65,30.12,45.51,128.00,97.87,36.16,106.32,98.39,76.23,143.08,37.11,66.00,13.33,9.35,25.98,20.00,31.09,49.40,2.16,0.00,21.83,17.09,341.00,5.00,8.00,11.00,26.53,19.68,373.00,4.00,5.00,10.00,16.00,10.62,219.00,9.00,10.00,11.00,21.96,18.39,396.00,8.00,5.00,12.00,6.09,4.88,125.00,9.00,7.00,7.00,3,엄지 굽히기 (Thumb Flex)
11.25,13.56,0.62,5.50,-2.19,87.13,9.62,140.19,103.35,35.02,127.59,20.83,22.00,91.78,174.18,57.08,62.94,112.18,72.54,109.96,175.00,71.36,79.82,81.83,49.03,47.63,24.28,40.97,122.00,94.62,33.78,99.97,110.00,67.09,121.78,27.40,88.00,16.42,14.22,25.70,16.28,32.61,47.07,7.13,5.00,20.95,16.94,368.00,5.00,9.00,11.00,26.70,19.83,395.00,5.00,5.00,10.00,15.94,10.42,261.00,8.00,10.00,11.00,20.94,17.19,352.00,7.00,5.00,12.00,6.09,4.76,119.00,8.00,7.00,7.00,3,엄지 굽히기 (Thumb Flex)
9.75,19.81,-23.44,-48.81,-0.50,100.96,25.19,132.82,83.01,50.57,129.96,28.61,2.00,20.97,174.30,106.46,55.22,120.81,18.94,83.35,99.00,55.65,71.81,108.37,79.63,67.99,15.90,40.06,91.00,99.02,29.35,109.33,118.98,78.04,131.49,26.62,77.00,15.18,10.47,30.31,20.25,29.24,42.41,11.83,10.00,20.85,17.03,360.00,5.00,8.00,11.00,23.72,17.19,341.00,4.00,5.00,10.00,16.99,11.17,271.00,8.00,9.00,11.00,22.33,17.96,374.00,8.00,5.00,12.00,5.94,4.56,107.00,7.00,6.00,6.00,3,엄지 굽히기 (Thumb Flex)
-28.75,-32.44,6.56,-4.81,5.69,96.09,9.72,156.54,99.09,49.75,118.21,43.66,26.00,55.20,139.12,121.14,32.02,164.78,39.10,109.65,55.00,56.53,62.31,96.85,83.17,82.31,31.86,52.36,75.00,99.02,29.35,109.33,118.98,78.04,131.49,26.62,77.00,14.58,10.64,28.33,22.02,26.37,39.66,14.32,13.00,22.07,18.34,384.00,6.00,7.00,11.00,25.05,18.70,396.00,5.00,6.00,11.00,16.94,11.24,291.00,8.00,9.00,11.00,22.33,17.96,385.00,7.00,5.00,12.00,5.71,4.30,102.00,7.00,6.00,5.00,3,엄지 굽히기 (Thumb Flex)
-20.75,11.56,-13.44,7.56,5.19,96.09,9.72,156.54,99.09,49.75,118.21,43.66,26.00,55.20,139.12,121.14,32.02,164.78,39.10,109.65,55.00,61.67,77.92,91.34,68.15,83.47,45.02,68.13,59.00,120.09,9.68,105.85,101.41,66.21,123.09,21.97,55.00,19.68,16.48,25.49,16.64,26.97,37.61,20.18,21.00,22.07,18.34,343.00,5.00,7.00,10.00,25.05,18.70,440.00,6.00,7.00,12.00,17.28,11.80,301.00,8.00,9.00,11.00,21.20,16.76,330.00,7.00,4.00,12.00,5.83,4.64,99.00,7.00,5.00,5.00,3,엄지 굽히기 (Thumb Flex)
-2.69,21.88,-13.12,-15.81,1.69,120.09,42.70,139.22,78.03,28.50,89.19,58.09,59.00,51.66,146.71,118.71,33.53,172.98,44.94,98.66,66.00,65.49,82.13,86.38,70.21,87.75,43.85,63.28,64.00,98.31,23.52,126.83,88.68,44.23,104.02,29.13,33.00,27.40,24.35,17.67,23.77,19.13,33.54,17.18,13.00,20.84,16.36,326.00,4.00,7.00,10.00,25.50,19.27,440.00,5.00,7.00,12.00,17.48,12.03,296.00,8.00,8.00,11.00,19.43,15.21,308.00,7.00,4.00,12.00,5.65,4.48,85.00,6.00,4.00,4.00,3,엄지 굽히기 (Thumb Flex)
-17.69,-10.44,12.81,26.81,-9.00,135.60,55.03,123.25,92.14,19.30,93.80,54.91,43.00,51.03,147.08,109.62,23.26,182.85,55.88,88.75,77.00,49.39,79.94,96.01,55.47,101.83,55.31,50.85,81.00,80.37,37.47,141.57,70.43,55.46,125.61,30.24,55.00,7.54,20.60,34.62,25.06,18.23,15.60,29.86,8.00,21.32,17.11,318.00,4.00,7.00,10.00,25.65,20.01,473.00,7.00,8.00,13.00,17.77,12.84,318.00,9.00,7.00,12.00,20.57,16.41,330.00,7.00,5.00,12.00,5.45,4.12,85.00,4.00,4.00,4.00,3,엄지 굽히기 (Thumb Flex)
27.75,-40.69,5.81,-17.19,-1.88,79.83,71.22,151.32,84.72,37.82,88.20,91.19,14.00,55.06,182.60,75.79,57.94,190.18,35.61,121.91,33.00,33.39,91.72,89.42,65.76,105.47,39.37,57.91,65.00,80.37,37.47,141.57,70.43,55.46,125.61,30.24,55.00,6.74,22.41,34.63,26.83,16.27,17.60,27.91,6.00,21.50,17.91,343.00,5.00,7.00,10.00,27.71,22.69,506.00,7.00,8.00,14.00,17.67,12.69,319.00,9.00,8.00,12.00,20.57,16.41,374.00,8.00,6.00,13.00,5.48,4.27,92.00,5.00,5.00,4.00,3,엄지 굽히기 (Thumb Flex)
-5.25,3.31,0.44,13.75,-1.75,79.83,71.22,151.32,84.72,37.82,88.20,91.19,14.00,55.06,182.60,75.79,57.94,190.18,35.61,121.91,33.00,28.01,97.69,83.43,70.09,99.49,43.40,57.06,71.00,84.02,32.26,108.57,98.39,22.65,124.16,62.22,88.00,7.26,24.29,32.81,26.00,16.79,16.18,29.88,8.00,21.50,17.91,360.00,6.00,7.00,10.00,27.71,22.69,517.00,7.00,8.00,14.00,17.62,12.37,324.00,9.00,8.00,12.00,20.39,15.81,396.00,9.00,7.00,13.00,5.49,4.38,86.00,5.00,4.00,4.00,3,엄지 굽히기 (Thumb Flex)
16.25,21.88,-24.31,-69.19,0.62,69.57,104.85,111.57,86.13,28.19,49.99,130.74,54.00,87.78,160.51,21.39,111.00,170.62,19.43,123.56,88.00,43.43,86.36,93.79,84.81,91.85,47.83,65.87,91.00,65.04,83.92,146.80,140.09,63.90,96.35,126.45,153.00,12.27,27.46,28.62,20.59,21.68,17.03,24.98,2.00,21.20,17.75,376.00,7.00,8.00,11.00,27.23,22.00,517.00,7.00,8.00,14.00,18.65,13.77,333.00,9.00,7.00,12.00,27.03,20.89,472.00,9.00,8.00,13.00,5.25,4.00,77.00,4.00,3.00,3.00,3,엄지 굽히기 (Thumb Flex)
-45.75,-21.44,-7.94,37.75,14.38,64.11,99.32,123.74,117.28,24.64,23.58,159.33,86.00,77.19,155.29,25.14,109.46,179.76,28.54,130.50,99.00,59.41,94.75,84.63,99.82,76.11,59.13,48.98,69.00,79.28,55.65,161.28,122.09,89.63,72.41,156.20,186.00,7.76,36.06,26.32,20.59,39.52,19.59,23.43,18.00,23.93,19.75,408.00,7.00,8.00,11.00,27.63,22.76,494.00,7.00,8.00,14.00,18.48,13.56,326.00,8.00,7.00,12.00,28.68,22.44,559.00,10.00,9.00,13.00,6.33,4.78,89.00,5.00,3.00,4.00,3,엄지 굽히기 (Thumb Flex)
-11.75,14.38,-17.31,-45.44,10.50,61.97,123.73,107.01,127.48,50.46,37.20,139.24,54.00,32.74,113.51,36.77,154.32,144.99,45.35,92.44,54.00,65.26,104.39,74.66,93.41,85.70,49.16,58.20,79.00,41.26,99.66,86.04,63.63,108.55,10.06,217.32,263.00,21.25,50.03,17.46,10.77,41.19,25.23,17.30,4.00,23.66,19.22,432.00,7.00,9.00,12.00,23.75,20.30,482.00,8.00,8.00,14.00,18.90,14.19,320.00,7.00,7.00,12.00,30.21,24.51,647.00,11.00,10.00,14.00,6.86,5.44,92.00,5.00,4.00,4.00,3,엄지 굽히기 (Thumb Flex)
-40.25,4.06,-1.62,-9.69,-11.94,74.75,179.17,51.08,80.66,40.27,63.87,160.04,110.00,24.75,103.19,36.23,155.43,141.19,34.49,103.03,65.00,69.27,114.02,70.25,84.96,85.08,58.06,47.21,68.00,54.69,116.55,92.75,33.84,137.11,47.52,194.23,219.00,14.39,43.78,26.45,19.42,50.15,34.20,15.17,5.00,25.64,20.31,464.00,7.00,10.00,13.00,23.48,19.70,482.00,8.00,8.00,14.00,18.77,13.70,309.00,6.00,7.00,12.00,29.19,23.48,636.00,10.00,10.00,14.00,7.46,5.93,107.00,5.00,4.00,5.00,3,엄지 굽히기 (Thumb Flex)
15.75,-35.81,13.38,-9.69,-7.12,74.75,179.17,51.08,80.66,40.27,63.87,160.04,110.00,63.82,97.67,38.21,90.47,207.06,90.04,38.64,1.00,74.68,108.76,51.22,67.78,115.38,72.00,22.46,36.00,54.69,116.55,92.75,33.84,137.11,47.52,194.23,219.00,16.40,46.75,33.57,21.02,45.67,25.82,23.11,8.00,25.64,20.31,488.00,7.00,10.00,13.00,24.32,20.56,493.00,8.00,8.00,14.00,18.60,13.62,311.00,7.00,7.00,12.00,29.19,23.48,614.00,9.00,10.00,13.00,7.57,5.91,111.00,5.00,5.00,5.00,3,엄지 굽히기 (Thumb Flex)
6.25,-13.12,2.00,2.00,3.06,82.13,183.53,36.47,65.19,40.94,53.66,167.29,86.00,74.82,107.30,38.97,88.57,202.57,85.69,47.25,10.00,79.01,112.99,45.22,62.24,111.74,72.97,23.91,42.00,55.23,107.49,97.47,38.83,136.99,50.93,198.03,208.00,18.94,49.51,32.45,18.36,43.25,25.20,20.24,5.00,25.35,19.97,480.00,7.00,11.00,12.00,24.55,21.25,515.00,8.00,9.00,15.00,18.58,13.50,311.00,6.00,8.00,12.00,29.02,22.88,625.00,10.00,10.00,14.00,7.46,5.70,102.00,4.00,4.00,5.00,3,엄지 굽히기 (Thumb Flex)
-1.75,39.12,-26.75,2.69,13.31,82.13,183.53,36.47,65.19,40.94,53.66,167.29,86.00,38.39,66.68,79.23,45.12,235.66,111.68,80.34,54.00,46.74,77.00,67.45,58.05,134.05,104.93,42.72,78.00,53.65,96.63,90.94,30.41,147.09,55.82,190.52,219.00,9.49,25.96,60.43,40.31,23.63,16.85,8.00,23.00,25.35,19.97,429.00,7.00,10.00,11.00,26.54,23.39,527.00,9.00,8.00,15.00,19.74,14.88,294.00,7.00,7.00,12.00,28.84,22.27,603.00,10.00,9.00,13.00,7.51,6.02,101.00,5.00,3.00,5.00,3,엄지 굽히기 (Thumb Flex)
-20.56,-28.19,12.25,4.75,1.12,27.15,105.05,102.08,73.00,74.55,33.55,96.96,169.00,37.68,64.17,93.81,45.35,217.72,90.69,69.39,33.00,10.25,56.01,71.19,14.21,91.39,63.33,43.20,30.00,49.72,82.16,58.92,23.71,125.96,24.93,220.74,186.00,12.03,26.24,61.71,39.22,21.65,17.99,5.08,20.00,21.27,17.99,410.00,7.00,10.00,11.00,24.59,21.91,528.00,9.00,9.00,15.00,13.46,12.03,277.00,8.00,8.00,12.00,27.35,20.47,581.00,10.00,9.00,12.00,7.50,6.00,111.00,5.00,4.00,6.00,3,엄지 굽히기 (Thumb Flex)
4.44,26.12,-3.06,-4.88,-8.56,28.71,100.81,104.16,61.85,62.72,31.24,112.05,153.00,45.12,72.65,90.88,56.09,216.04,98.62,70.59,44.00,13.77,63.61,64.18,9.00,89.94,65.32,34.51,41.00,50.58,94.79,61.05,44.38,115.38,46.60,198.74,208.00,9.66,22.42,65.10,43.97,16.89,22.79,3.41,15.00,20.70,17.12,434.00,8.00,11.00,12.00,25.17,22.52,572.00,10.00,9.00,15.00,13.35,11.81,267.00,8.00,8.00,12.00,27.08,19.88,537.00,10.00,8.00,12.00,7.75,6.31,119.00,6.00,4.00,7.00,3,엄지 굽히기 (Thumb Flex)
20.44,-15.12,0.69,-6.94,4.06,28.71,100.81,104.16,61.85,62.72,31.24,112.05,153.00,15.18,29.78,134.39,77.78,173.96,110.37,75.20,88.00,19.97,43.64,83.76,11.00,71.23,58.05,17.28,61.00,63.97,61.93,28.51,61.52,82.40,71.71,168.89,241.00,10.77,28.42,59.56,46.10,17.71,28.12,8.63,9.00,20.70,17.12,410.00,7.00,10.00,12.00,24.56,22.00,561.00,10.00,9.00,15.00,12.51,10.65,241.00,8.00,8.00,11.00,25.31,17.81,493.00,9.00,8.00,11.00,7.81,6.45,126.00,6.00,5.00,8.00,3,엄지 굽히기 (Thumb Flex)
-12.06,4.81,7.00,56.56,1.25,32.69,92.97,110.95,57.14,54.72,23.30,104.99,161.00,40.13,52.82,121.60,59.24,154.10,104.90,82.49,121.00,15.29,47.10,82.85,12.08,67.73,53.90,12.79,66.00,116.15,39.16,45.25,108.34,114.59,79.53,209.31,185.00,10.95,26.41,59.57,43.38,20.70,29.30,11.62,6.00,20.31,16.55,434.00,8.00,11.00,13.00,23.65,20.54,539.00,10.00,10.00,15.00,12.28,10.38,226.00,7.00,8.00,10.00,29.21,21.31,549.00,10.00,7.00,11.00,7.75,6.28,129.00,6.00,6.00,8.00,3,엄지 굽히기 (Thumb Flex)
33.88,5.50,16.31,-9.06,-6.06,78.76,58.34,114.59,31.02,85.12,65.67,140.82,112.00,29.14,51.26,113.17,49.19,160.70,97.33,83.56,132.00,42.29,53.87,61.43,16.76,82.67,27.64,14.45,93.00,94.35,24.28,30.71,118.98,109.07,100.86,220.90,163.00,19.37,29.54,49.72,49.20,18.58,34.49,5.19,17.00,21.89,17.34,467.00,8.00,11.00,13.00,23.33,19.94,528.00,10.00,9.00,14.00,12.77,10.69,237.00,7.00,8.00,11.00,29.15,21.07,594.00,10.00,7.00,11.00,7.83,6.44,134.00,7.00,6.00,8.00,3,엄지 굽히기 (Thumb Flex)
23.38,6.88,-1.31,-19.38,1.94,102.48,68.67,97.17,55.01,94.09,58.17,129.78,136.00,12.81,68.17,93.84,44.00,139.68,119.29,91.12,110.00,51.69,63.55,52.36,21.93,73.30,33.28,7.59,83.00,85.12,14.39,38.73,128.28,119.80,91.77,218.92,174.00,19.37,29.54,49.72,49.20,18.58,34.49,5.19,17.00,22.71,18.70,460.00,9.00,11.00,12.00,22.30,18.73,495.00,9.00,9.00,13.00,12.47,10.06,227.00,7.00,8.00,11.00,29.48,21.67,561.00,9.00,6.00,11.00,7.83,6.44,130.00,7.00,6.00,7.00,3,엄지 굽히기 (Thumb Flex)
-1.62,26.81,-14.31,-15.94,9.62,116.59,84.47,82.25,57.01,78.21,50.00,130.84,120.00,35.06,36.44,94.43,11.00,141.24,145.53,118.10,77.00,34.33,39.95,59.11,50.29,79.67,44.88,33.24,51.00,72.30,40.94,90.60,110.55,99.28,114.02,212.87,119.00,6.19,14.47,48.42,64.20,16.95,21.60,17.24,4.00,22.30,17.83,435.00,9.00,10.00,12.00,23.32,19.77,484.00,9.00,8.00,13.00,12.36,10.11,236.00,7.00,8.00,12.00,28.31,19.80,517.00,8.00,5.00,10.00,7.79,6.33,132.00,7.00,6.00,7.00,3,엄지 굽히기 (Thumb Flex)
-43.62,-28.88,-3.31,-15.25,0.31,87.68,52.14,114.19,135.83,96.56,38.43,134.25,40.00,43.65,33.71,85.49,15.56,130.55,143.68,107.21,88.00,40.35,45.85,50.47,57.14,63.67,48.37,17.64,67.00,78.35,49.75,93.15,99.61,89.95,116.01,217.14,130.00,10.39,17.09,44.23,67.36,12.06,19.85,13.35,1.00,23.64,19.34,449.00,7.00,9.00,12.00,22.30,18.91,495.00,9.00,9.00,13.00,12.02,9.77,241.00,7.00,9.00,13.00,28.55,20.31,484.00,7.00,4.00,9.00,7.71,6.02,141.00,7.00,7.00,7.00,3,엄지 굽히기 (Thumb Flex)
-11.62,-6.19,-21.38,-52.81,8.44,95.43,66.34,108.78,138.51,81.29,37.35,135.93,56.00,38.66,28.02,95.19,11.00,124.29,150.63,96.57,99.00,68.22,76.32,19.56,35.36,80.50,23.21,45.90,36.00,159.46,108.91,60.79,139.30,169.34,62.42,164.99,43.00,24.38,31.05,33.33,57.49,19.75,32.65,22.72,13.00,23.81,20.05,456.00,7.00,9.00,12.00,22.33,19.16,495.00,9.00,9.00,13.00,13.08,10.75,235.00,6.00,9.00,13.00,30.76,20.86,440.00,4.00,3.00,9.00,7.92,6.33,148.00,9.00,8.00,7.00,3,엄지 굽히기 (Thumb Flex)
-31.62,16.50,-7.00,18.44,4.88,152.66,128.17,45.82,77.47,106.44,40.69,115.70,8.00,40.67,18.42,95.06,22.00,118.34,139.66,105.45,88.00,58.24,68.58,24.19,44.38,76.85,13.44,54.23,26.00,84.85,111.32,129.94,100.66,191.96,42.97,119.84,33.00,32.91,38.24,37.82,50.93,23.69,24.94,19.11,4.00,24.08,20.55,416.00,8.00,9.00,12.00,21.65,18.56,473.00,9.00,8.00,13.00,12.50,10.12,235.00,6.00,9.00,13.00,27.98,19.45,407.00,6.00,3.00,9.00,7.97,6.52,136.00,8.00,8.00,6.00,3,엄지 굽히기 (Thumb Flex)
-16.62,4.12,-11.38,-20.75,-9.75,136.67,119.88,57.17,85.15,100.15,46.66,109.54,24.00,31.14,40.31,115.36,31.11,96.61,123.75,118.92,66.00,67.37,69.85,30.31,49.09,66.89,6.72,60.77,16.00,153.24,50.54,101.47,31.14,155.55,81.25,84.57,110.00,20.79,39.86,17.21,38.08,45.36,30.58,31.71,18.00,23.06,19.50,400.00,6.00,9.00,12.00,21.26,17.53,451.00,8.00,8.00,13.00,12.83,10.75,230.00,6.00,9.00,12.00,25.20,16.81,363.00,4.00,3.00,9.00,7.87,6.34,149.00,7.00,8.00,7.00,3,엄지 굽히기 (Thumb Flex)
6.88,-15.81,24.25,72.31,-2.00,129.44,122.45,55.45,78.60,108.14,49.16,114.98,16.00,55.80,31.01,95.95,24.60,95.01,129.25,133.63,33.00,48.46,96.24,15.62,27.17,59.62,41.73,82.88,22.00,103.05,160.37,46.77,135.64,46.77,152.23,103.05,221.00,26.07,51.01,22.38,27.46,43.74,18.81,20.26,6.00,23.13,19.86,392.00,7.00,8.00,12.00,21.29,17.96,462.00,9.00,8.00,13.00,13.98,11.41,253.00,6.00,10.00,12.00,30.28,20.73,430.00,7.00,4.00,9.00,7.52,6.12,133.00,6.00,8.00,6.00,3,엄지 굽히기 (Thumb Flex)
51.25,6.19,6.88,4.62,0.12,97.24,207.76,38.66,76.28,106.49,48.26,47.90,106.00,55.80,31.01,95.95,24.60,95.01,129.25,133.63,33.00,49.93,102.19,21.41,33.14,53.87,37.11,80.56,16.00,107.51,168.91,39.99,134.37,54.93,150.00,99.61,210.00,15.35,38.92,10.03,23.02,56.92,9.87,6.26,8.00,25.24,19.94,386.00,6.00,7.00,12.00,21.29,17.96,440.00,9.00,8.00,13.00,14.08,11.73,253.00,6.00,10.00,12.00,30.26,20.80,497.00,7.00,5.00,10.00,6.73,5.05,132.00,7.00,8.00,6.00,3,엄지 굽히기 (Thumb Flex)
17.25,24.06,-2.75,14.25,10.75,97.24,207.76,38.66,76.28,106.49,48.26,47.90,106.00,20.07,36.25,37.75,80.08,75.43,68.82,160.87,99.00,39.53,90.45,28.04,38.08,43.12,42.32,84.14,6.00,124.97,172.99,18.66,112.45,64.43,138.44,99.25,232.00,12.19,41.27,27.24,1.41,46.12,18.67,27.83,14.00,25.24,19.94,412.00,6.00,8.00,13.00,19.91,16.33,440.00,9.00,8.00,13.00,13.33,10.88,253.00,7.00,10.00,12.00,30.44,21.38,497.00,6.00,6.00,10.00,6.81,5.44,134.00,9.00,8.00,6.00,3,엄지 굽히기 (Thumb Flex)
-13.25,31.62,-6.75,-17.38,-12.50,81.14,203.24,61.31,91.97,100.35,61.65,70.28,82.00,73.19,87.26,78.38,108.89,27.65,96.57,117.78,44.00,32.41,96.71,43.50,52.55,32.44,27.32,75.02,10.00,103.53,185.19,29.25,112.64,86.05,117.60,95.15,254.00,12.96,30.62,21.06,11.05,55.78,25.19,38.85,26.00,25.35,20.47,436.00,7.00,8.00,14.00,20.90,16.84,396.00,8.00,7.00,13.00,13.27,10.72,227.00,6.00,9.00,11.00,30.76,22.17,530.00,7.00,7.00,11.00,7.53,6.00,146.00,9.00,8.00,6.00,3,엄지 굽히기 (Thumb Flex)
10.25,-30.25,17.62,45.88,0.25,88.07,198.48,56.78,86.68,107.30,69.64,78.25,74.00,19.33,77.37,52.35,162.41,40.20,117.72,63.11,22.00,66.67,58.05,54.63,78.24,11.36,18.61,49.01,52.00,147.21,141.81,59.57,156.46,105.29,79.78,84.94,298.00,23.75,19.10,31.19,15.56,46.46,27.84,30.99,14.00,25.48,20.91,436.00,7.00,8.00,14.00,20.76,17.19,396.00,8.00,7.00,13.00,12.85,10.62,218.00,6.00,9.00,11.00,32.94,25.27,596.00,8.00,8.00,12.00,6.92,5.22,146.00,8.00,9.00,6.00,3,엄지 굽히기 (Thumb Flex)
8.25,-19.94,6.94,12.19,3.06,119.93,166.99,79.97,113.25,84.82,51.61,51.88,106.00,20.82,68.01,41.79,157.50,47.18,116.29,53.43,33.00,61.67,62.89,49.84,75.21,15.56,23.46,45.72,57.00,156.98,132.83,68.42,157.69,111.23,81.84,89.60,287.00,20.76,20.51,29.01,17.80,47.62,30.68,30.59,11.00,24.95,19.69,412.00,6.00,8.00,13.00,19.91,16.33,352.00,7.00,7.00,13.00,12.63,10.31,213.00,5.00,9.00,11.00,33.09,26.04,618.00,7.00,9.00,12.00,6.97,5.34,139.00,7.00,8.00,5.00,3,엄지 굽히기 (Thumb Flex)
0.25,24.06,-4.06,-9.81,-8.06,119.93,166.99,79.97,113.25,84.82,51.61,51.88,106.00,20.82,68.01,41.79,157.50,47.18,116.29,53.43,33.00,61.67,62.89,49.84,75.21,15.56,23.46,45.72,57.00,156.98,132.83,68.42,157.69,111.23,81.84,89.60,287.00,19.00,20.15,29.85,19.10,45.62,28.91,30.05,13.00,24.95,19.69,404.00,6.00,7.00,12.00,19.91,16.33,352.00,7.00,6.00,13.00,12.63,10.31,219.00,5.00,9.00,12.00,33.09,26.04,640.00,8.00,9.00,13.00,6.81,5.20,137.00,9.00,8.00,5.00,3,엄지 굽히기 (Thumb Flex)
1.25,-9.62,-8.44,-20.12,5.75,108.26,170.80,84.25,127.48,68.99,37.06,54.68,90.00,19.62,62.52,47.75,162.41,36.18,105.34,42.83,44.00,54.99,61.29,58.90,81.47,6.73,23.44,35.80,67.00,153.83,126.58,79.23,159.66,109.87,92.53,79.12,298.00,17.32,17.86,32.84,17.03,46.76,29.88,31.92,10.00,24.59,18.94,372.00,5.00,6.00,11.00,19.40,15.47,363.00,7.00,7.00,13.00,12.81,10.74,218.00,5.00,9.00,12.00,33.40,26.64,584.00,7.00,8.00,13.00,6.92,5.44,148.00,9.00,9.00,6.00,3,엄지 굽히기 (Thumb Flex)
-29.75,11.69,-12.12,5.38,8.19,103.46,163.76,100.25,135.15,74.28,52.65,58.04,106.00,20.24,66.96,58.40,152.82,41.60,112.68,51.74,33.00,53.32,47.29,75.32,67.20,27.30,39.03,56.38,46.00,170.67,72.89,118.97,105.62,64.96,54.03,135.06,242.00,18.45,8.87,36.75,11.70,53.35,34.46,24.22,19.00,25.48,20.19,355.00,5.00,5.00,11.00,19.63,15.98,385.00,8.00,8.00,14.00,13.04,10.78,212.00,5.00,8.00,11.00,29.90,22.70,539.00,7.00,9.00,13.00,7.24,6.04,143.00,9.00,8.00,6.00,3,엄지 굽히기 (Thumb Flex)
-10.69,11.00,3.94,45.94,4.31,121.39,119.46,128.18,96.94,113.20,47.79,43.91,57.00,22.47,77.56,61.18,147.58,48.21,113.40,46.26,44.00,63.37,30.87,74.05,54.49,27.66,23.00,42.84,63.00,133.91,125.35,140.88,133.87,21.10,89.61,186.49,187.00,29.92,10.52,30.85,25.32,41.52,20.67,37.96,5.00,23.96,19.23,362.00,5.00,6.00,12.00,19.83,16.50,385.00,6.00,8.00,14.00,12.03,9.45,210.00,6.00,9.00,11.00,32.13,25.44,572.00,7.00,9.00,13.00,6.96,5.81,138.00,9.00,9.00,6.00,3,엄지 굽히기 (Thumb Flex)
14.31,41.25,-24.19,-30.38,-1.69,134.84,104.09,122.78,85.91,101.16,33.33,49.18,73.00,50.58,117.59,41.10,187.97,16.46,83.57,64.76,0.00,91.48,13.87,48.46,79.18,2.88,43.47,61.44,33.00,143.18,119.91,130.13,142.27,30.25,100.44,195.04,176.00,29.92,10.52,30.85,25.32,41.52,20.67,37.96,5.00,23.03,18.35,362.00,6.00,6.00,12.00,22.51,19.25,396.00,8.00,7.00,14.00,13.52,10.44,225.00,8.00,9.00,11.00,32.67,26.12,649.00,8.00,10.00,14.00,6.96,5.81,135.00,9.00,8.00,6.00,3,엄지 굽히기 (Thumb Flex)
-8.69,-1.38,4.88,11.56,1.69,150.69,97.70,106.89,98.74,96.43,49.00,38.14,57.00,39.71,109.97,62.17,181.42,37.41,62.28,75.77,22.00,76.57,8.84,62.13,73.38,14.70,49.54,69.72,18.00,110.69,114.31,139.58,124.33,59.43,122.60,213.27,143.00,24.31,8.17,34.37,31.26,35.58,22.79,33.31,11.00,23.08,18.56,339.00,6.00,6.00,12.00,21.96,18.05,385.00,8.00,7.00,14.00,13.37,10.16,245.00,7.00,9.00,11.00,32.42,25.51,693.00,9.00,11.00,15.00,6.71,5.44,129.00,9.00,8.00,6.00,3,엄지 굽히기 (Thumb Flex)
-10.62,-24.06,10.19,-21.44,-10.69,121.01,88.77,125.16,85.44,66.09,71.55,20.29,26.00,40.09,104.90,56.42,170.77,44.52,52.82,79.35,33.00,67.18,11.47,63.33,83.93,16.52,53.09,67.46,29.00,110.69,114.31,139.58,124.33,59.43,122.60,213.27,143.00,18.74,16.51,31.05,34.01,41.71,27.45,38.64,1.00,20.87,16.62,308.00,6.00,5.00,11.00,21.02,17.45,385.00,8.00,7.00,14.00,13.63,10.91,231.00,7.00,8.00,10.00,32.42,25.51,683.00,10.00,11.00,15.00,7.25,6.06,133.00,9.00,8.00,7.00,3,엄지 굽히기 (Thumb Flex)
19.38,-33.69,52.31,59.31,-2.94,99.24,66.38,115.12,116.50,89.04,72.57,44.83,58.00,49.77,125.78,45.29,177.71,41.77,53.05,82.43,55.00,69.16,78.59,43.34,128.69,61.63,33.79,88.77,49.00,72.88,18.06,51.76,218.32,82.70,104.29,235.28,11.00,22.36,27.96,19.44,23.60,47.87,15.63,37.12,13.00,21.28,17.05,316.00,7.00,4.00,11.00,22.50,18.65,374.00,7.00,6.00,14.00,18.42,13.36,263.00,5.00,7.00,10.00,31.76,25.56,696.00,12.00,11.00,15.00,6.97,5.70,137.00,7.00,9.00,7.00,3,엄지 굽히기 (Thumb Flex)
23.38,41.25,-24.75,-67.94,-12.69,104.35,11.36,54.00,144.01,121.53,36.76,19.22,6.00,26.49,97.96,78.26,208.71,21.25,82.82,85.10,88.00,56.90,70.68,52.80,138.62,69.17,39.66,95.03,64.00,44.23,61.91,32.51,265.17,116.37,110.60,251.72,65.00,40.46,42.07,16.28,19.92,28.99,34.29,34.14,7.00,20.00,15.70,308.00,7.00,4.00,10.00,24.75,20.97,440.00,7.00,7.00,14.00,19.30,14.12,336.00,8.00,7.00,11.00,36.27,29.30,784.00,12.00,11.00,15.00,7.54,6.35,132.00,6.00,9.00,7.00,3,엄지 굽히기 (Thumb Flex)
12.88,-13.06,9.62,-5.00,0.69,135.66,31.80,36.16,114.98,85.82,70.35,24.21,34.00,35.20,100.01,74.36,205.50,10.91,92.91,84.54,99.00,82.13,67.26,30.67,121.21,59.72,42.85,101.25,90.00,55.83,39.97,50.29,242.89,108.05,104.11,253.08,98.00,30.50,41.42,6.34,10.82,31.06,40.38,33.06,17.00,19.25,15.12,292.00,7.00,5.00,9.00,24.97,21.57,473.00,8.00,7.00,14.00,19.08,14.05,334.00,6.00,7.00,11.00,35.09,27.50,749.00,11.00,11.00,15.00,7.20,5.73,139.00,7.00,10.00,8.00,3,엄지 굽히기 (Thumb Flex)
-25.62,-34.38,5.69,19.81,3.31,112.14,27.76,16.79,134.24,92.97,92.98,48.20,58.00,46.09,94.78,83.17,216.12,20.65,89.20,89.20,88.00,65.52,79.58,29.47,108.25,43.27,40.32,102.26,107.00,28.02,49.36,23.63,210.21,66.05,77.13,244.22,143.00,25.37,46.06,7.68,15.00,25.06,40.99,35.57,11.00,20.34,16.62,282.00,7.00,4.00,9.00,25.76,22.17,473.00,8.00,7.00,14.00,18.31,12.85,322.00,6.00,8.00,10.00,31.64,24.34,704.00,11.00,10.00,15.00,7.23,5.68,139.00,6.00,10.00,8.00,3,엄지 굽히기 (Thumb Flex)
9.00,-1.38,0.06,-2.19,0.31,71.14,67.42,25.75,116.48,51.02,81.96,19.43,16.00,46.09,94.78,83.17,216.12,20.65,89.20,89.20,88.00,60.78,85.55,24.80,104.24,47.34,44.54,103.91,101.00,28.02,49.36,23.63,210.21,66.05,77.13,244.22,143.00,25.37,46.06,7.68,15.00,25.06,40.99,35.57,11.00,16.22,14.25,280.00,8.00,5.00,9.00,25.76,22.17,484.00,7.00,8.00,14.00,18.25,12.45,317.00,7.00,8.00,9.00,31.64,24.34,715.00,11.00,10.00,15.00,7.23,5.68,130.00,6.00,10.00,7.00,3,엄지 굽히기 (Thumb Flex)
-13.00,10.31,-4.94,8.81,3.88,50.09,95.87,50.08,86.16,68.39,64.20,32.50,48.00,55.19,84.98,81.88,205.50,11.72,99.80,99.78,77.00,60.78,85.55,24.80,104.24,47.34,44.54,103.91,101.00,28.02,49.36,23.63,210.21,66.05,77.13,244.22,143.00,28.41,41.29,10.93,22.85,19.98,32.17,27.02,20.00,15.97,14.38,272.00,8.00,5.00,9.00,25.34,21.40,484.00,8.00,7.00,14.00,18.25,12.45,317.00,8.00,7.00,9.00,31.64,24.34,693.00,11.00,10.00,15.00,6.57,5.33,109.00,5.00,10.00,6.00,3,엄지 굽히기 (Thumb Flex)
2.00,11.69,9.75,37.69,-9.25,54.14,90.95,53.62,81.58,64.02,49.80,43.25,64.00,70.55,81.58,61.60,200.73,33.34,81.58,78.03,99.00,66.15,89.99,31.93,91.92,68.34,34.07,85.83,122.00,93.30,115.26,78.61,167.59,131.94,81.96,181.81,209.00,28.27,40.71,9.13,22.14,17.99,31.15,25.02,22.00,15.62,13.50,264.00,8.00,6.00,9.00,24.12,20.02,418.00,7.00,6.00,13.00,18.24,12.66,306.00,6.00,7.00,9.00,32.51,25.44,660.00,10.00,9.00,15.00,6.37,5.16,110.00,5.00,11.00,6.00,3,엄지 굽히기 (Thumb Flex)
57.81,29.56,-0.19,-13.88,-6.75,74.73,125.58,104.62,33.12,114.24,99.88,48.90,13.00,69.82,59.79,119.52,136.06,81.83,98.67,41.62,165.00,67.92,75.11,42.72,77.80,76.54,44.95,69.25,139.00,44.31,87.61,61.88,124.46,162.90,135.56,126.81,264.00,26.55,47.84,11.49,14.76,16.92,34.23,18.02,30.00,21.45,16.34,323.00,8.00,6.00,10.00,23.89,19.94,429.00,7.00,6.00,13.00,17.78,11.48,306.00,7.00,8.00,9.00,31.22,23.73,682.00,11.00,10.00,15.00,6.60,5.69,109.00,5.00,11.00,6.00,3,엄지 굽히기 (Thumb Flex)
-0.69,-25.44,21.75,39.06,-1.38,72.24,117.64,101.74,30.08,118.44,104.93,56.05,5.00,69.82,59.79,119.52,136.06,81.83,98.67,41.62,165.00,59.63,91.74,28.52,89.11,68.80,61.93,52.48,156.00,66.25,76.96,31.76,149.84,152.04,163.69,97.30,297.00,24.46,53.51,9.99,13.04,11.31,28.51,21.87,24.00,21.38,15.86,374.00,8.00,7.00,11.00,23.89,19.94,440.00,7.00,6.00,13.00,18.59,12.81,318.00,7.00,9.00,9.00,32.75,26.05,715.00,11.00,11.00,15.00,6.52,5.58,103.00,4.00,10.00,5.00,3,엄지 굽히기 (Thumb Flex)
21.81,8.25,8.75,35.62,3.94,73.15,133.61,85.26,53.60,106.82,105.93,80.03,19.00,59.42,70.67,129.55,125.42,92.12,89.86,34.72,154.00,49.67,101.62,37.02,78.82,84.79,52.51,66.43,140.00,105.67,47.22,33.31,126.13,206.53,157.03,137.51,242.00,32.23,49.50,20.52,2.24,7.98,19.19,28.15,13.00,22.11,17.46,398.00,9.00,8.00,12.00,23.50,19.25,440.00,7.00,6.00,13.00,18.65,13.16,325.00,7.00,10.00,10.00,33.76,27.50,704.00,11.00,10.00,14.00,6.39,5.30,95.00,4.00,10.00,4.00,3,엄지 굽히기 (Thumb Flex)
12.81,-3.44,7.44,-30.38,-15.56,71.87,134.76,69.95,53.60,122.82,116.08,65.33,3.00,70.42,62.25,121.93,128.75,99.81,89.34,26.54,143.00,34.92,102.59,57.13,62.97,78.71,50.99,54.74,161.00,105.67,47.22,33.31,126.13,206.53,157.03,137.51,242.00,11.02,43.11,21.12,25.08,31.97,29.38,43.34,11.00,22.35,18.19,374.00,9.00,8.00,11.00,23.24,18.56,429.00,7.00,7.00,13.00,18.48,12.94,320.00,7.00,9.00,10.00,33.76,27.50,748.00,12.00,10.00,14.00,7.33,6.12,113.00,5.00,10.00,5.00,3,엄지 굽히기 (Thumb Flex)
33.25,-33.69,11.44,-29.00,-1.69,82.33,107.29,97.73,21.54,117.44,43.27,126.22,76.00,35.13,77.32,110.41,170.77,93.63,124.74,23.60,99.00,19.82,87.45,69.79,89.07,54.35,74.87,64.64,129.00,103.17,69.09,44.01,122.41,220.85,135.06,135.24,264.00,6.58,34.57,34.87,27.73,29.37,15.46,38.19,3.00,22.15,17.78,383.00,9.00,9.00,11.00,24.74,20.02,462.00,7.00,7.00,14.00,18.09,12.37,311.00,7.00,8.00,9.00,34.52,28.88,704.00,11.00,9.00,13.00,6.72,5.64,123.00,7.00,11.00,6.00,3,엄지 굽히기 (Thumb Flex)
-23.75,-20.62,4.75,6.06,-1.00,82.33,107.29,97.73,21.54,117.44,43.27,126.22,76.00,42.52,79.40,79.71,182.08,123.81,93.27,26.64,132.00,20.29,77.68,64.74,94.87,64.94,64.17,63.71,140.00,119.53,93.76,75.85,89.56,190.25,158.89,127.09,231.00,14.40,24.19,39.05,18.44,19.40,23.72,37.79,8.00,22.15,17.78,416.00,9.00,9.00,11.00,25.17,20.80,440.00,7.00,7.00,14.00,18.08,12.25,287.00,7.00,8.00,8.00,33.20,26.81,660.00,11.00,8.00,13.00,6.28,5.25,117.00,7.00,10.00,6.00,3,엄지 굽히기 (Thumb Flex)
0.25,4.12,-2.50,13.62,4.00,82.33,107.29,97.73,21.54,117.44,43.27,126.22,76.00,83.34,69.41,55.45,143.42,99.13,118.57,21.93,88.00,40.00,44.15,28.74,68.41,69.59,88.15,59.95,104.00,77.46,99.58,84.79,99.73,199.22,173.06,110.69,176.00,14.40,24.19,39.05,18.44,19.40,23.72,37.79,8.00,22.15,17.78,416.00,9.00,10.00,11.00,22.30,18.39,418.00,8.00,7.00,14.00,15.48,10.00,262.00,8.00,8.00,7.00,31.92,25.08,627.00,10.00,7.00,13.00,6.28,5.25,119.00,8.00,9.00,6.00,3,엄지 굽히기 (Thumb Flex)
-16.25,4.12,-8.50,-7.69,4.19,78.36,102.31,90.43,25.61,122.33,38.83,126.51,68.00,83.34,69.41,55.45,143.42,99.13,118.57,21.93,88.00,40.00,44.15,28.74,68.41,69.59,88.15,59.95,104.00,87.22,89.54,73.86,109.66,210.17,169.42,106.22,165.00,15.64,23.17,36.16,20.81,20.33,22.30,35.98,11.00,21.69,17.28,432.00,6.00,11.00,12.00,22.30,18.39,396.00,7.00,7.00,13.00,15.48,10.00,262.00,8.00,8.00,7.00,31.98,25.44,616.00,10.00,7.00,13.00,6.12,5.09,106.00,7.00,8.00,5.00,3,엄지 굽히기 (Thumb Flex)
-1.75,44.00,-36.25,-19.38,20.44,62.01,108.39,74.50,46.82,99.57,62.25,117.82,92.00,41.77,135.32,32.10,94.63,44.23,172.06,63.09,154.00,46.58,41.48,25.01,54.33,65.01,114.19,85.43,140.00,76.24,99.97,77.53,105.62,215.46,159.74,98.92,154.00,30.34,26.49,48.09,23.35,48.33,10.39,19.46,39.00,20.77,15.97,416.00,5.00,12.00,12.00,24.60,19.25,429.00,4.00,6.00,13.00,18.08,12.25,245.00,7.00,7.00,7.00,31.44,24.75,538.00,9.00,6.00,13.00,7.94,5.81,117.00,5.00,7.00,6.00,3,엄지 굽히기 (Thumb Flex)
-60.31,8.25,-2.94,16.44,-0.56,127.81,52.33,70.06,97.49,120.37,127.09,92.39,163.00,67.46,170.23,75.79,64.14,43.79,130.39,19.30,110.00,95.32,52.31,45.91,6.08,18.80,62.14,35.89,87.00,119.73,88.64,113.55,64.66,191.45,117.07,63.02,109.00,30.34,26.49,48.09,23.35,48.33,10.39,19.46,39.00,25.91,19.52,471.00,11.00,12.00,13.00,23.17,18.22,385.00,6.00,6.00,13.00,13.48,10.07,197.00,6.00,7.00,7.00,27.89,21.94,439.00,9.00,6.00,13.00,7.94,5.81,127.00,6.00,7.00,6.00,3,엄지 굽히기 (Thumb Flex)
11.19,30.94,-23.25,-30.25,4.38,135.75,44.56,65.06,101.36,112.55,123.45,95.90,155.00,56.87,168.24,73.13,55.00,38.02,126.42,11.67,99.00,90.36,52.67,46.66,1.41,13.90,59.78,30.98,82.00,87.62,66.28,84.04,94.63,148.60,107.61,30.53,66.00,47.01,17.28,31.14,17.03,38.29,11.72,12.11,56.00,25.62,19.09,534.00,12.00,13.00,14.00,22.08,17.45,352.00,5.00,7.00,13.00,12.87,9.72,181.00,5.00,7.00,7.00,22.51,19.25,418.00,10.00,7.00,13.00,7.44,5.30,119.00,6.00,8.00,5.00,3,엄지 굽히기 (Thumb Flex)
-18.81,7.56,24.62,65.81,-1.44,164.34,23.25,34.74,75.69,122.21,116.68,73.97,187.00,78.81,156.20,55.79,70.43,16.06,137.55,24.14,77.00,75.25,67.74,64.44,17.03,24.45,56.57,48.79,100.00,99.15,37.87,144.02,80.65,187.64,78.51,104.11,145.00,44.48,19.84,32.16,20.02,35.30,12.50,11.72,59.00,25.92,19.69,526.00,12.00,13.00,14.00,21.90,17.19,352.00,5.00,7.00,13.00,14.22,10.70,225.00,6.00,8.00,8.00,28.12,23.09,497.00,10.00,7.00,13.00,7.44,5.31,122.00,7.00,8.00,5.00,3,엄지 굽히기 (Thumb Flex)
26.62,35.75,-27.44,-32.44,4.56,131.81,50.23,65.01,122.09,93.55,82.03,40.29,244.00,151.73,84.30,33.66,64.14,83.12,63.45,53.08,154.00,95.03,38.96,55.68,34.48,35.40,40.25,77.34,131.00,68.03,63.62,113.01,123.36,172.41,59.58,147.49,189.00,44.48,19.84,32.16,20.02,35.30,12.50,11.72,59.00,25.91,19.45,543.00,12.00,13.00,14.00,21.83,16.84,352.00,5.00,8.00,13.00,15.88,12.44,273.00,6.00,9.00,9.00,29.26,24.19,576.00,10.00,7.00,13.00,7.44,5.31,125.00,8.00,8.00,5.00,3,엄지 굽히기 (Thumb Flex)
-5.88,-18.56,19.12,20.50,1.56,132.42,47.95,66.83,125.90,85.61,74.68,36.95,252.00,142.95,94.92,24.39,73.79,86.05,53.37,63.19,165.00,87.90,50.36,35.91,30.59,34.97,23.58,96.01,154.00,97.06,31.52,100.57,121.33,139.90,39.02,176.69,222.00,44.48,19.84,32.16,20.02,35.30,12.50,11.72,59.00,25.95,19.75,552.00,12.00,13.00,14.00,22.25,17.62,396.00,5.00,9.00,13.00,16.62,13.39,316.00,7.00,9.00,10.00,29.61,25.06,620.00,11.00,8.00,13.00,7.44,5.31,125.00,8.00,8.00,5.00,3,엄지 굽히기 (Thumb Flex)
-6.88,-6.88,-13.56,-32.44,-7.62,137.79,41.48,50.95,112.33,78.93,59.96,28.90,268.00,137.93,100.99,29.47,79.32,94.57,57.91,55.74,154.00,87.04,50.87,40.38,25.71,31.34,18.81,99.03,159.00,64.06,54.68,133.28,88.46,124.72,15.88,200.41,255.00,48.70,20.50,34.70,23.32,24.41,24.98,24.26,46.00,25.39,18.75,536.00,12.00,13.00,13.00,22.30,17.88,407.00,5.00,10.00,14.00,16.83,13.74,333.00,7.00,9.00,10.00,30.77,26.94,642.00,11.00,8.00,13.00,7.61,5.45,122.00,8.00,7.00,5.00,3,엄지 굽히기 (Thumb Flex)
24.06,-26.81,35.56,44.81,4.56,162.91,21.48,44.56,133.66,58.71,77.31,56.07,235.00,140.34,101.29,61.94,55.00,68.18,73.95,72.22,187.00,105.57,32.05,51.35,34.66,11.24,15.33,111.03,189.00,75.37,53.12,127.86,88.05,133.70,9.17,206.11,267.00,39.84,28.31,21.70,13.89,31.04,33.95,37.08,33.00,26.08,19.93,510.00,8.00,12.00,13.00,23.32,19.16,407.00,5.00,10.00,14.00,19.07,15.38,373.00,7.00,9.00,10.00,31.71,27.71,665.00,11.00,8.00,13.00,7.44,5.31,133.00,9.00,8.00,6.00,3,엄지 굽히기 (Thumb Flex)
2.25,28.19,-28.88,-32.50,3.88,114.10,69.18,12.67,104.79,8.37,91.01,107.06,184.00,140.34,101.30,61.94,55.00,68.18,73.95,72.22,187.00,83.05,55.73,28.11,55.46,35.82,40.08,117.32,214.00,67.38,46.18,120.62,99.05,143.53,6.91,207.80,278.00,30.94,39.30,20.10,24.04,20.96,34.34,28.13,44.00,22.65,16.91,476.00,11.00,12.00,13.00,23.32,19.16,407.00,5.00,10.00,14.00,20.43,17.14,416.00,7.00,9.00,10.00,32.30,28.38,688.00,11.00,9.00,13.00,7.32,5.11,128.00,9.00,8.00,6.00,3,엄지 굽히기 (Thumb Flex)
-13.25,-16.50,13.50,12.88,0.69,106.11,75.95,11.01,112.16,11.36,93.14,99.70,192.00,131.37,112.15,70.93,49.19,57.18,66.05,73.59,176.00,77.10,60.95,29.47,58.31,33.40,36.51,117.68,208.00,62.94,24.93,99.75,102.11,146.40,24.30,213.52,256.00,28.12,41.39,23.01,25.08,20.83,31.89,29.56,41.00,22.86,17.47,468.00,11.00,11.00,13.00,22.68,18.56,418.00,5.00,10.00,14.00,20.13,16.81,446.00,8.00,10.00,10.00,31.29,27.00,732.00,12.00,10.00,14.00,7.30,4.98,125.00,8.00,7.00,6.00,3,엄지 굽히기 (Thumb Flex)
-3.75,26.12,-16.88,-6.38,-6.62,84.95,85.16,15.57,123.17,30.58,72.61,117.57,168.00,110.18,130.58,89.84,31.11,68.83,68.77,63.96,198.00,52.45,72.89,55.44,38.42,22.24,40.09,108.22,234.00,88.54,23.65,107.52,60.42,103.49,25.55,187.98,300.00,39.12,42.71,18.79,35.44,11.69,21.07,33.04,30.00,22.36,16.62,468.00,11.00,11.00,13.00,23.62,20.11,451.00,5.00,11.00,14.00,20.50,17.50,478.00,9.00,11.00,11.00,30.01,25.05,688.00,12.00,11.00,14.00,7.44,5.30,112.00,8.00,6.00,5.00,3,엄지 굽히기 (Thumb Flex)
19.75,-17.19,9.12,2.56,3.06,89.85,87.54,17.33,130.00,36.44,64.73,121.73,160.00,121.14,128.24,91.35,24.60,64.52,64.22,57.53,209.00,52.45,72.89,55.44,38.42,22.24,40.09,108.22,234.00,58.40,13.20,74.52,79.93,87.27,57.86,162.97,333.00,21.55,26.88,10.58,35.74,10.88,20.28,40.76,9.00,22.72,17.12,467.00,12.00,10.00,13.00,23.96,20.71,462.00,6.00,11.00,14.00,20.50,17.50,498.00,10.00,11.00,12.00,29.11,23.56,699.00,13.00,12.00,15.00,6.13,4.20,110.00,9.00,7.00,5.00,3,엄지 굽히기 (Thumb Flex)
-16.69,-18.56,-0.81,-9.81,-0.25,90.92,43.37,39.72,112.36,58.61,56.96,143.49,103.00,102.12,116.97,69.90,45.35,42.59,45.24,41.80,231.00,48.60,60.16,45.56,50.80,14.97,26.14,93.88,251.00,36.70,35.10,68.88,66.73,72.71,47.85,183.57,311.00,20.29,21.96,8.24,40.52,8.17,15.55,39.87,14.00,21.09,15.65,450.00,12.00,10.00,13.00,22.25,19.51,451.00,6.00,11.00,13.00,20.13,16.54,503.00,11.00,12.00,13.00,28.15,22.19,677.00,13.00,13.00,15.00,5.99,3.94,113.00,10.00,8.00,5.00,3,엄지 굽히기 (Thumb Flex)
-1.69,1.38,10.19,53.69,-0.56,81.11,59.02,36.26,96.42,56.84,71.85,147.37,87.00,87.84,86.37,56.47,49.19,65.09,78.05,72.02,198.00,48.60,60.16,45.56,50.80,14.97,26.14,93.88,251.00,21.03,83.56,121.04,33.06,127.92,53.03,127.70,367.00,22.09,18.02,3.40,39.46,5.54,20.23,38.81,9.00,20.65,14.77,442.00,11.00,10.00,13.00,20.90,17.88,451.00,7.00,11.00,13.00,20.13,16.54,509.00,12.00,13.00,14.00,31.37,25.98,733.00,12.00,13.00,15.00,5.84,3.70,108.00,10.00,8.00,5.00,3,엄지 굽히기 (Thumb Flex)
21.31,21.31,-5.12,-42.88,-8.06,68.45,72.75,51.39,96.25,71.74,57.90,149.73,103.00,97.13,56.27,86.27,24.60,79.17,62.06,39.23,231.00,56.50,52.71,43.49,42.43,23.86,20.05,83.06,262.00,34.04,76.65,97.05,22.09,151.99,71.61,82.62,422.00,16.79,20.02,10.68,47.38,2.77,24.93,35.33,1.00,21.31,15.90,450.00,11.00,9.00,13.00,21.47,18.73,473.00,11.00,11.00,14.00,20.13,16.41,519.00,12.00,14.00,15.00,33.19,27.61,811.00,14.00,14.00,15.00,6.20,4.08,116.00,10.00,8.00,5.00,3,엄지 굽히기 (Thumb Flex)
4.31,-11.69,5.50,-9.88,-2.88,53.58,79.07,62.59,112.22,62.32,63.20,141.40,87.00,97.13,56.27,86.27,24.60,79.17,62.06,39.23,231.00,50.81,52.36,38.20,46.86,24.11,23.13,78.14,268.00,34.04,76.65,97.05,22.09,151.99,71.61,82.62,422.00,14.46,19.25,11.56,47.10,4.08,25.17,37.42,4.00,21.16,15.56,450.00,10.00,9.00,13.00,21.47,18.73,462.00,11.00,11.00,14.00,20.18,16.81,500.00,13.00,14.00,15.00,33.19,27.61,833.00,14.00,14.00,15.00,6.24,4.28,103.00,9.00,8.00,4.00,3,엄지 굽히기 (Thumb Flex)
-3.19,-29.56,3.25,-31.19,-1.56,61.58,81.68,65.45,113.00,67.46,61.12,135.27,79.00,40.86,61.39,128.73,59.24,95.44,18.60,94.61,165.00,14.96,36.99,23.74,36.50,57.87,13.42,101.66,232.00,42.79,87.40,106.44,11.18,141.14,63.97,83.30,433.00,8.93,12.02,15.57,26.17,17.38,15.15,19.49,17.00,21.14,15.46,395.00,10.00,8.00,12.00,21.20,18.56,451.00,7.00,10.00,14.00,18.60,15.25,470.00,13.00,13.00,14.00,33.73,28.21,822.00,13.00,14.00,15.00,4.15,3.49,82.00,8.00,7.00,3.00,3,엄지 굽히기 (Thumb Flex)
-21.62,-37.81,13.19,12.81,1.25,28.58,48.38,26.50,74.53,104.94,35.77,99.05,40.00,20.97,70.85,168.27,59.24,53.29,54.46,68.59,209.00,9.09,27.25,40.62,19.92,50.02,15.09,95.30,249.00,42.79,87.40,106.44,11.18,141.14,63.97,83.30,433.00,7.68,13.34,16.38,26.00,18.97,13.34,16.76,20.00,15.89,13.33,340.00,9.00,7.00,12.00,23.32,20.54,440.00,7.00,9.00,14.00,18.89,15.84,461.00,13.00,12.00,14.00,33.73,28.21,822.00,13.00,14.00,15.00,4.15,3.44,79.00,8.00,6.00,3.00,3,엄지 굽히기 (Thumb Flex)
2.88,7.56,-5.06,-41.50,-11.69,32.00,56.37,29.97,73.33,106.59,28.75,91.07,32.00,30.39,68.82,169.70,39.66,57.66,36.25,72.04,187.00,27.67,12.02,52.97,23.60,37.51,5.06,95.59,229.00,46.41,85.88,95.86,22.09,150.29,56.07,92.25,444.00,17.68,5.00,0.82,43.00,17.70,5.00,1.15,37.00,15.68,12.77,332.00,9.00,7.00,12.00,22.25,18.99,462.00,8.00,9.00,14.00,17.91,14.43,429.00,13.00,12.00,14.00,34.46,28.81,776.00,13.00,14.00,15.00,5.01,4.10,87.00,8.00,6.00,4.00,3,엄지 굽히기 (Thumb Flex)
8.88,-23.38,2.38,-24.19,-2.56,41.38,42.10,54.89,105.23,83.06,7.45,61.72,0.00,53.15,53.23,142.07,34.79,84.30,49.91,81.67,220.00,6.59,34.50,64.64,14.56,14.74,26.10,92.09,206.00,113.53,66.51,84.28,101.41,88.83,112.97,20.45,343.00,19.08,5.64,1.92,43.05,19.14,5.12,2.45,35.00,14.88,12.12,291.00,8.00,6.00,11.00,22.97,19.59,462.00,9.00,9.00,14.00,16.82,13.17,381.00,13.00,12.00,13.00,29.92,24.73,686.00,12.00,14.00,15.00,5.05,4.24,90.00,7.00,6.00,4.00,3,엄지 굽히기 (Thumb Flex)
-20.06,-29.56,5.12,6.75,-0.19,22.51,41.20,36.63,119.00,39.36,56.29,49.29,49.00,116.45,42.20,85.66,110.55,53.78,92.87,53.19,143.00,38.45,22.96,32.08,22.36,36.60,55.43,84.00,170.00,93.96,80.32,51.57,113.25,116.88,125.76,41.22,310.00,22.20,6.99,6.25,37.05,13.97,3.03,3.57,41.00,14.27,11.57,290.00,8.00,7.00,11.00,21.56,18.13,418.00,10.00,8.00,14.00,15.17,11.28,338.00,12.00,11.00,12.00,29.31,24.03,664.00,12.00,13.00,15.00,4.85,3.94,89.00,7.00,6.00,4.00,3,엄지 굽히기 (Thumb Flex)
-4.06,-28.19,17.12,18.44,-1.88,22.51,41.20,36.63,119.00,39.36,56.29,49.29,49.00,133.12,48.81,100.15,110.55,32.40,71.55,60.23,165.00,38.45,22.96,32.08,22.36,36.60,55.43,84.00,170.00,95.76,69.48,55.05,103.77,125.47,123.36,48.79,299.00,24.05,8.17,8.31,37.12,13.67,6.42,2.38,36.00,14.27,11.57,306.00,8.00,8.00,12.00,22.67,19.34,407.00,9.00,7.00,13.00,15.17,11.28,317.00,11.00,10.00,12.00,28.76,23.26,620.00,11.00,12.00,15.00,4.82,3.91,81.00,6.00,5.00,3.00,3,엄지 굽히기 (Thumb Flex)
18.44,35.75,-6.50,5.38,-8.75,36.21,62.37,30.88,132.00,15.58,60.53,31.88,25.00,120.10,65.46,71.16,143.42,27.54,62.79,88.46,198.00,45.01,32.43,42.00,12.65,34.21,52.43,77.09,160.00,106.47,98.44,81.38,90.71,121.47,98.13,69.79,266.00,24.30,7.95,7.65,39.12,15.44,4.56,0.81,38.00,15.00,12.56,297.00,8.00,7.00,12.00,24.44,21.66,451.00,9.00,6.00,13.00,14.70,10.69,289.00,11.00,10.00,12.00,28.02,22.12,553.00,10.00,12.00,15.00,5.02,4.06,75.00,5.00,5.00,2.00,3,엄지 굽히기 (Thumb Flex)
34.94,-8.94,1.69,-2.12,11.88,43.99,69.82,38.66,138.45,21.19,53.28,38.75,33.00,121.81,76.46,74.20,144.68,16.58,55.75,77.47,187.00,44.67,34.15,39.64,40.80,10.07,29.73,48.33,125.00,72.97,93.85,50.88,145.67,73.41,42.15,108.34,210.00,26.30,12.87,13.59,40.02,20.32,6.19,5.50,44.00,16.01,13.06,289.00,8.00,7.00,12.00,24.04,21.05,440.00,9.00,6.00,13.00,11.70,8.86,229.00,11.00,10.00,11.00,24.83,18.89,486.00,10.00,11.00,15.00,5.66,4.39,96.00,6.00,6.00,3.00,3,엄지 굽히기 (Thumb Flex)
-43.06,14.44,-15.25,-13.81,-1.62,9.14,66.01,41.12,170.74,47.31,16.87,86.67,81.00,111.02,62.53,52.23,166.46,23.45,34.24,57.21,165.00,35.69,19.63,24.64,47.43,8.93,17.74,34.98,110.00,80.89,84.79,41.91,147.73,63.78,34.87,114.71,199.00,21.01,5.88,12.10,32.28,20.80,14.19,13.09,52.00,19.49,15.45,354.00,8.00,7.00,12.00,22.58,19.51,418.00,9.00,6.00,13.00,9.76,7.69,203.00,11.00,10.00,11.00,24.30,18.29,453.00,9.00,10.00,15.00,5.46,4.17,107.00,7.00,7.00,4.00,3,엄지 굽히기 (Thumb Flex)
3.94,-28.19,23.00,-11.75,-11.62,10.21,52.53,26.21,160.60,49.10,29.30,101.83,97.00,96.10,70.85,47.03,170.77,9.89,54.46,73.45,187.00,27.57,10.25,22.68,57.71,17.05,29.71,46.85,122.00,50.74,117.54,72.71,115.80,76.13,52.04,127.37,166.00,11.79,17.00,27.86,39.82,34.93,11.79,8.99,36.00,19.30,15.06,394.00,9.00,8.00,13.00,23.65,20.71,418.00,9.00,6.00,13.00,11.01,8.25,210.00,7.00,10.00,11.00,23.98,17.44,431.00,8.00,9.00,14.00,6.17,4.75,110.00,6.00,6.00,5.00,3,엄지 굽히기 (Thumb Flex)
18.44,-34.38,37.12,30.19,-9.25,31.05,28.95,36.89,180.31,69.54,9.57,84.73,73.00,47.71,146.71,121.61,98.39,67.68,71.39,73.87,110.00,41.89,64.80,83.95,61.85,49.60,44.68,20.82,60.00,83.54,100.13,76.22,111.00,108.66,85.00,135.47,133.00,10.25,22.59,31.21,44.65,31.10,6.15,5.07,42.00,19.85,15.87,386.00,8.00,7.00,13.00,23.29,19.59,385.00,8.00,6.00,13.00,13.55,9.98,202.00,8.00,9.00,11.00,25.21,19.66,464.00,8.00,8.00,14.00,6.55,5.12,101.00,5.00,6.00,4.00,3,엄지 굽히기 (Thumb Flex)
42.81,50.19,-23.25,28.81,10.56,53.95,27.43,61.73,195.53,52.97,24.37,95.82,99.00,89.27,108.91,104.21,132.46,100.68,126.37,122.80,55.00,29.31,46.39,75.75,84.58,67.84,69.83,46.49,34.00,104.73,109.90,98.18,89.00,105.37,71.91,137.78,155.00,11.69,21.41,32.76,46.40,32.79,3.40,3.85,45.00,22.22,17.29,372.00,7.00,6.00,13.00,26.65,23.29,473.00,9.00,7.00,14.00,14.82,11.06,253.00,8.00,9.00,11.00,26.20,21.21,453.00,7.00,7.00,13.00,6.81,5.31,118.00,6.00,6.00,5.00,3,엄지 굽히기 (Thumb Flex)
-8.19,15.81,-12.94,-4.19,4.56,66.51,42.78,66.23,183.37,44.91,23.24,94.36,83.00,111.21,115.28,124.21,118.98,109.06,112.27,100.81,77.00,30.92,47.54,80.05,86.77,69.26,67.21,41.71,39.00,104.73,109.90,98.18,89.00,105.37,71.91,137.78,155.00,11.69,21.41,32.76,46.40,32.79,3.40,3.85,45.00,21.50,16.23,406.00,8.00,7.00,13.00,26.94,24.06,484.00,8.00,8.00,14.00,15.04,11.30,252.00,7.00,9.00,11.00,26.20,21.21,419.00,7.00,6.00,13.00,6.81,5.31,124.00,6.00,7.00,5.00,3,엄지 굽히기 (Thumb Flex)
-23.19,-45.12,14.31,-30.94,-8.56,59.15,30.41,78.26,194.47,28.91,38.02,101.47,67.00,53.73,60.87,90.84,176.78,173.88,138.56,49.97,142.00,23.85,37.47,70.92,97.58,81.23,71.32,33.57,51.00,100.71,58.03,181.08,11.00,74.21,51.80,79.06,55.00,3.16,9.44,32.96,55.97,33.68,12.53,17.12,31.00,22.22,17.29,398.00,7.00,6.00,13.00,29.06,25.64,527.00,9.00,7.00,14.00,15.47,12.23,264.00,7.00,8.00,11.00,22.08,18.82,352.00,8.00,5.00,13.00,7.06,5.67,130.00,8.00,6.00,6.00,3,엄지 굽히기 (Thumb Flex)
9.31,-9.69,12.56,20.62,4.94,59.93,31.87,85.27,188.96,32.95,31.15,95.20,75.00,57.40,6.34,138.78,164.37,164.28,84.46,80.18,87.00,19.12,10.36,85.10,112.00,73.45,46.12,48.35,23.00,68.79,37.49,146.38,56.09,129.08,76.52,67.90,0.00,7.03,17.43,25.10,51.04,41.64,18.06,24.96,23.00,21.92,16.85,414.00,8.00,7.00,13.00,27.09,23.15,526.00,7.00,8.00,14.00,15.41,12.49,253.00,7.00,8.00,10.00,21.26,18.05,374.00,7.00,5.00,13.00,7.15,5.69,139.00,6.00,7.00,7.00,3,엄지 굽히기 (Thumb Flex)
-6.19,32.94,-28.81,-32.31,1.94,64.53,39.15,84.94,183.15,37.70,33.55,102.86,67.00,41.22,27.99,124.00,186.32,184.70,66.74,93.02,65.00,29.37,30.68,60.61,133.60,97.12,21.46,63.84,3.00,93.77,61.10,129.59,59.24,146.36,84.59,69.15,33.00,7.03,17.43,25.10,51.04,41.64,18.06,24.96,23.00,21.98,17.19,422.00,8.00,8.00,14.00,28.22,24.70,548.00,9.00,8.00,14.00,17.07,13.91,296.00,8.00,8.00,11.00,22.83,20.02,407.00,8.00,5.00,13.00,7.15,5.69,142.00,6.00,8.00,7.00,3,엄지 굽히기 (Thumb Flex)
-13.69,9.56,-8.44,-11.00,1.94,71.60,46.62,77.62,188.83,30.24,37.16,94.92,75.00,24.65,45.41,136.02,186.32,170.46,71.49,88.37,87.00,35.15,33.76,61.00,136.75,93.09,23.96,61.63,3.00,83.00,50.44,140.59,49.19,141.13,81.56,68.78,44.00,7.03,17.43,25.10,51.04,41.64,18.06,24.96,23.00,22.20,17.69,414.00,8.00,7.00,13.00,28.18,24.87,559.00,9.00,8.00,14.00,17.19,14.24,305.00,7.00,8.00,11.00,22.34,19.25,385.00,5.00,5.00,13.00,7.15,5.69,139.00,6.00,7.00,7.00,3,엄지 굽히기 (Thumb Flex)
-14.19,-23.44,-1.75,11.69,7.75,63.62,43.73,83.71,183.37,31.47,45.01,88.04,83.00,24.65,45.41,136.02,186.32,170.46,71.49,88.37,87.00,46.06,33.71,71.64,127.64,88.71,28.63,61.94,8.00,93.86,56.64,137.09,45.35,130.16,72.54,65.87,55.00,9.41,15.54,28.06,48.60,44.51,21.03,24.46,26.00,21.80,17.19,390.00,7.00,7.00,12.00,28.18,24.87,548.00,9.00,7.00,14.00,17.06,13.69,294.00,6.00,7.00,10.00,21.82,18.65,352.00,7.00,4.00,13.00,7.31,5.88,131.00,5.00,6.00,6.00,3,엄지 굽히기 (Thumb Flex)
-13.19,10.25,-2.12,8.94,6.69,78.98,38.69,89.50,171.84,47.41,58.87,79.83,99.00,35.51,51.51,134.94,187.30,159.55,81.84,81.78,76.00,40.90,37.54,68.28,131.21,82.71,34.56,60.59,14.00,60.67,75.25,106.48,88.68,123.63,29.52,55.61,99.00,23.79,3.26,36.04,40.80,45.78,12.78,25.52,9.00,22.05,17.84,382.00,7.00,6.00,12.00,27.80,24.09,548.00,9.00,8.00,14.00,16.95,13.41,288.00,6.00,7.00,10.00,20.29,17.19,341.00,7.00,4.00,12.00,7.12,5.65,122.00,5.00,6.00,6.00,3,엄지 굽히기 (Thumb Flex)
-4.19,19.19,-12.44,-24.06,-4.12,92.25,27.78,105.47,160.78,42.67,55.70,82.39,83.00,9.24,19.02,106.20,220.10,154.58,112.34,57.36,43.00,48.03,26.55,62.53,140.09,78.72,43.83,55.41,25.00,60.66,75.25,106.48,88.68,123.63,29.52,55.61,99.00,21.62,4.92,37.48,37.95,48.76,15.09,25.73,6.00,21.90,17.23,358.00,6.00,5.00,11.00,28.08,24.69,548.00,9.00,8.00,14.00,17.24,13.92,294.00,5.00,7.00,11.00,20.29,17.19,341.00,7.00,4.00,12.00,7.19,5.86,131.00,6.00,6.00,7.00,3,엄지 굽히기 (Thumb Flex)
-5.19,26.75,-25.50,-11.69,20.56,83.74,43.51,101.27,149.21,57.13,67.38,81.78,67.00,57.98,39.32,67.91,232.14,107.38,101.12,108.55,98.00,66.62,21.32,31.75,159.83,58.52,45.93,80.56,6.00,61.49,60.56,112.01,110.55,109.65,30.50,71.03,77.00,35.14,16.11,16.98,48.84,61.87,35.98,28.66,15.00,21.32,16.48,342.00,6.00,5.00,10.00,28.19,24.59,559.00,9.00,8.00,15.00,18.43,14.88,297.00,9.00,6.00,11.00,20.38,17.27,341.00,7.00,4.00,12.00,8.94,7.12,155.00,9.00,7.00,8.00,3,엄지 굽히기 (Thumb Flex)
-63.31,13.00,-13.44,0.69,-5.25,108.55,37.53,60.13,198.44,109.75,129.16,84.95,5.00,101.28,80.16,101.26,191.19,147.21,74.32,65.14,54.00,86.33,54.02,40.34,138.00,91.35,19.29,47.88,27.00,61.60,68.09,96.97,110.55,99.63,43.57,50.29,99.00,33.63,14.08,17.44,51.09,60.86,38.02,29.20,18.00,26.83,19.39,380.00,5.00,5.00,10.00,27.44,23.12,504.00,8.00,8.00,15.00,18.20,14.49,284.00,8.00,6.00,11.00,19.63,15.90,341.00,8.00,4.00,12.00,9.02,7.28,174.00,10.00,7.00,9.00,3,엄지 굽히기 (Thumb Flex)
15.19,-16.56,-3.44,-29.56,-9.25,111.19,45.53,52.13,194.36,109.96,124.01,85.04,13.00,60.48,70.95,65.11,219.20,158.29,29.40,37.01,1.00,86.33,54.02,40.34,138.00,91.35,19.29,47.88,27.00,67.90,111.05,56.03,66.91,143.63,3.27,94.29,55.00,33.63,14.08,17.44,51.09,60.86,38.02,29.20,18.00,26.47,18.77,441.00,6.00,5.00,10.00,26.26,22.62,493.00,8.00,7.00,15.00,18.20,14.49,288.00,7.00,5.00,12.00,20.84,17.19,363.00,9.00,5.00,12.00,9.02,7.28,157.00,9.00,6.00,8.00,3,엄지 굽히기 (Thumb Flex)
9.25,-15.88,7.25,24.06,6.12,115.28,72.45,49.60,166.47,79.47,124.77,76.63,20.00,59.57,80.40,73.04,210.52,166.37,40.14,33.93,10.00,86.38,53.82,40.20,135.09,95.22,23.73,52.08,22.00,69.55,93.95,57.96,73.79,153.61,24.74,114.98,33.00,35.83,19.17,12.70,46.67,58.40,34.01,26.54,24.00,24.47,16.81,368.00,7.00,5.00,9.00,26.54,23.39,471.00,7.00,6.00,14.00,18.29,14.84,283.00,7.00,4.00,12.00,21.73,18.56,407.00,9.00,6.00,12.00,8.64,6.89,158.00,7.00,7.00,8.00,3,엄지 굽히기 (Thumb Flex)
-8.75,6.81,-18.44,-19.25,2.81,123.41,69.50,18.41,150.31,59.09,109.04,69.13,52.00,64.66,91.01,83.01,203.81,156.56,31.67,40.57,1.00,84.41,50.38,35.56,139.23,99.61,25.92,55.18,17.00,63.72,94.96,66.92,83.77,147.28,33.86,123.55,22.00,32.25,14.50,11.69,50.33,62.09,29.05,23.40,29.00,22.45,14.69,336.00,5.00,5.00,9.00,26.23,22.79,449.00,7.00,6.00,14.00,18.56,15.12,270.00,7.00,5.00,12.00,22.17,19.25,451.00,10.00,7.00,13.00,8.65,6.94,150.00,9.00,7.00,7.00,3,엄지 굽히기 (Thumb Flex)
-22.75,-15.88,14.31,43.31,7.44,103.50,48.07,46.69,179.78,83.07,80.46,63.62,84.00,56.07,85.94,83.88,195.06,157.95,33.63,50.82,12.00,76.53,38.41,28.23,132.97,101.42,31.09,52.76,29.00,111.74,135.05,38.23,80.08,93.84,72.35,158.62,33.00,15.37,21.63,12.09,39.56,43.56,48.44,43.50,7.00,23.13,15.66,336.00,7.00,5.00,9.00,25.67,22.02,460.00,8.00,6.00,14.00,17.74,14.27,284.00,8.00,5.00,12.00,24.74,21.40,473.00,8.00,8.00,13.00,8.19,6.49,154.00,9.00,8.00,7.00,3,엄지 굽히기 (Thumb Flex)
10.25,13.69,5.88,-8.94,-10.69,90.99,32.97,50.91,174.72,70.37,96.09,70.32,68.00,18.88,117.28,137.86,166.63,105.17,28.49,5.35,43.00,45.74,27.47,62.71,99.25,61.55,11.38,56.45,12.00,67.76,92.15,16.93,39.66,99.91,95.79,181.81,77.00,13.88,23.62,12.28,37.64,43.01,47.67,41.51,9.00,22.35,14.78,342.00,8.00,5.00,9.00,24.00,19.86,405.00,8.00,6.00,14.00,13.64,11.39,233.00,7.00,5.00,12.00,23.41,19.94,528.00,11.00,9.00,14.00,8.01,6.35,152.00,9.00,8.00,7.00,3,엄지 굽히기 (Thumb Flex)
36.31,36.38,-19.81,-16.50,4.50,75.12,18.24,41.16,158.45,66.86,87.80,57.58,85.00,24.32,106.28,132.52,156.59,98.06,33.04,16.24,54.00,41.67,32.22,66.22,102.59,64.87,10.77,56.30,7.00,28.85,80.80,46.87,83.77,44.97,111.12,175.40,22.00,16.70,21.84,14.90,36.88,40.04,48.94,38.89,12.00,20.13,13.85,317.00,8.00,5.00,9.00,22.78,19.34,394.00,8.00,6.00,14.00,14.03,11.71,249.00,8.00,5.00,12.00,22.00,18.56,506.00,11.00,9.00,14.00,7.87,6.19,161.00,10.00,9.00,8.00,3,엄지 굽히기 (Thumb Flex)
-19.19,-37.19,27.06,46.75,-7.88,51.13,29.21,17.25,167.29,90.03,82.49,80.07,61.00,77.63,79.60,173.35,142.43,85.48,69.59,39.85,1.00,75.03,16.24,84.74,81.12,59.61,42.92,76.43,27.00,48.64,53.59,61.03,77.78,46.85,154.10,197.86,22.00,26.68,25.81,23.36,27.20,45.98,39.57,45.65,2.00,20.72,14.94,358.00,8.00,5.00,9.00,24.44,21.41,406.00,8.00,6.00,14.00,15.63,13.19,270.00,8.00,6.00,12.00,25.05,21.66,539.00,11.00,9.00,14.00,8.12,6.62,160.00,10.00,9.00,8.00,3,엄지 굽히기 (Thumb Flex)
50.69,24.06,9.81,11.00,-1.56,115.14,37.12,72.31,111.40,139.15,53.37,145.92,5.00,19.67,75.23,116.06,66.91,38.63,143.94,114.92,77.00,63.46,7.34,73.64,71.03,49.54,53.10,87.79,39.00,80.92,22.05,103.81,121.50,7.14,120.49,161.81,22.00,17.37,15.16,26.23,26.17,42.36,29.67,51.26,9.00,24.33,17.15,400.00,8.00,5.00,9.00,22.08,19.08,440.00,9.00,7.00,14.00,14.87,12.44,288.00,8.00,7.00,13.00,23.97,20.62,517.00,8.00,9.00,14.00,7.52,5.94,153.00,9.00,9.00,7.00,3,엄지 굽히기 (Thumb Flex)
24.19,11.00,16.19,42.62,-6.06,122.01,43.56,74.00,116.73,140.66,59.00,138.73,3.00,45.03,71.92,135.49,69.57,70.31,126.98,87.09,44.00,58.94,2.97,74.05,67.74,54.76,51.70,81.82,33.00,95.71,11.99,110.58,121.50,17.35,121.90,182.99,0.00,22.14,22.61,18.27,34.13,34.51,28.68,53.71,17.00,24.75,17.59,410.00,8.00,6.00,9.00,21.65,17.88,407.00,4.00,7.00,14.00,14.38,12.06,251.00,7.00,7.00,12.00,25.76,22.17,495.00,7.00,9.00,14.00,7.68,6.20,155.00,8.00,10.00,7.00,3,엄지 굽히기 (Thumb Flex)
31.12,1.38,-2.06,6.88,1.75,144.56,59.80,52.01,142.56,108.32,26.07,162.18,30.00,23.03,87.13,114.98,49.19,84.72,136.18,78.59,22.00,69.64,22.61,55.14,51.66,56.54,65.20,64.84,13.00,120.98,39.52,86.00,77.78,45.42,152.06,139.52,44.00,21.16,21.38,19.31,34.00,32.89,30.90,53.76,20.00,26.02,19.86,411.00,5.00,7.00,9.00,20.90,17.02,396.00,8.00,7.00,14.00,13.35,10.81,248.00,8.00,8.00,12.00,24.25,20.62,506.00,7.00,10.00,14.00,7.69,6.25,163.00,9.00,11.00,7.00,3,엄지 굽히기 (Thumb Flex)
5.12,-8.94,8.25,5.50,4.38,152.16,61.78,36.18,134.24,118.33,38.25,155.56,14.00,13.35,98.11,115.62,55.00,89.20,125.64,78.02,33.00,73.63,31.73,48.06,44.94,65.58,54.23,71.16,24.00,130.69,53.91,64.00,77.78,33.74,130.15,158.48,22.00,22.69,24.47,15.83,40.00,29.69,24.93,56.09,14.00,25.93,19.62,436.00,5.00,8.00,10.00,21.02,17.70,374.00,8.00,6.00,14.00,13.51,11.16,253.00,8.00,9.00,13.00,23.97,19.94,484.00,6.00,10.00,13.00,7.76,6.42,160.00,8.00,11.00,7.00,3,엄지 굽히기 (Thumb Flex)
-10.88,10.31,-7.06,-15.12,1.56,152.16,61.78,36.18,134.24,118.33,38.25,155.56,14.00,51.88,76.62,74.47,33.00,133.09,89.02,74.22,77.00,73.91,30.39,43.19,36.12,74.80,47.94,74.99,35.00,129.43,56.26,75.22,56.09,52.57,117.37,173.21,0.00,20.68,21.50,18.82,40.11,26.70,23.15,58.35,11.00,25.93,19.62,452.00,6.00,8.00,11.00,19.63,15.81,363.00,7.00,7.00,14.00,13.60,11.44,269.00,9.00,10.00,14.00,24.25,20.62,506.00,7.00,10.00,14.00,7.69,6.26,163.00,8.00,12.00,7.00,3,엄지 굽히기 (Thumb Flex)
-10.88,19.94,-1.69,-13.75,-11.38,152.16,61.78,36.18,134.24,118.33,38.25,155.56,14.00,70.96,89.48,59.77,55.00,127.53,93.23,81.17,55.00,76.93,35.10,37.20,32.45,75.89,46.71,75.04,29.00,139.85,76.45,67.24,64.14,39.54,114.16,166.12,22.00,9.98,12.68,29.13,57.08,35.60,25.83,42.44,28.00,25.93,19.62,444.00,6.00,8.00,11.00,20.29,16.93,363.00,6.00,7.00,14.00,13.57,11.27,263.00,8.00,11.00,13.00,24.44,20.97,473.00,6.00,9.00,13.00,8.15,6.75,166.00,8.00,11.00,7.00,3,엄지 굽히기 (Thumb Flex)
19.62,-32.31,3.62,-24.75,-0.69,139.24,42.85,57.89,155.76,128.30,61.87,139.39,38.00,52.53,45.62,51.41,70.43,166.36,82.90,117.77,11.00,68.25,24.33,43.10,24.08,86.74,38.47,80.34,18.00,139.85,76.45,67.24,64.14,39.54,114.16,166.12,22.00,13.16,9.94,30.82,57.56,33.93,24.88,37.44,33.00,26.41,20.58,476.00,7.00,8.00,12.00,21.82,18.73,407.00,9.00,7.00,14.00,13.49,11.12,254.00,9.00,10.00,12.00,24.44,20.97,473.00,6.00,9.00,13.00,8.03,6.44,151.00,7.00,11.00,7.00,3,엄지 굽히기 (Thumb Flex)
-26.88,-18.56,-3.62,-13.75,3.44,158.61,48.40,61.52,167.06,115.10,82.33,118.90,62.00,78.40,29.64,29.82,108.34,137.65,117.83,74.01,55.00,49.64,22.22,37.83,16.12,78.31,58.47,65.02,38.00,139.85,76.45,67.24,64.14,39.54,114.16,166.12,22.00,7.01,27.42,12.84,39.81,16.21,15.94,21.52,51.00,27.28,22.27,462.00,8.00,8.00,12.00,21.56,18.99,407.00,9.00,8.00,14.00,12.23,9.88,250.00,10.00,11.00,11.00,24.44,20.97,473.00,6.00,9.00,13.00,6.14,5.42,128.00,9.00,11.00,6.00,3,엄지 굽히기 (Thumb Flex)
-21.75,-26.81,1.38,-23.38,-1.75,113.81,76.01,15.69,130.23,69.52,106.08,74.46,108.00,121.16,71.43,21.83,99.00,119.23,76.07,117.06,11.00,33.67,37.33,23.69,32.06,67.05,48.24,80.01,22.00,161.58,70.01,81.93,46.67,44.64,129.92,149.33,0.00,6.10,25.08,14.07,39.32,14.59,13.81,20.19,54.00,22.26,19.03,392.00,7.00,8.00,11.00,22.33,19.94,385.00,8.00,9.00,14.00,11.72,9.05,246.00,11.00,12.00,10.00,25.17,22.17,451.00,6.00,9.00,13.00,6.05,5.19,129.00,10.00,11.00,6.00,3,엄지 굽히기 (Thumb Flex)
-12.25,-36.44,39.44,-3.44,-18.12,137.66,52.32,35.01,115.38,68.46,107.74,50.53,132.00,142.78,90.59,26.67,77.00,141.09,86.73,99.07,33.00,18.36,81.43,29.58,55.22,112.76,59.80,33.29,69.00,134.37,98.53,54.02,33.00,77.56,136.40,118.96,33.00,9.99,27.65,21.67,49.25,22.35,3.90,22.52,64.00,22.32,19.25,392.00,7.00,8.00,11.00,23.89,21.31,396.00,8.00,9.00,15.00,15.48,11.26,276.00,8.00,11.00,10.00,23.57,20.37,418.00,5.00,9.00,13.00,7.30,5.97,131.00,9.00,10.00,6.00,3,엄지 굽히기 (Thumb Flex)
51.56,-4.12,-1.25,-12.38,-9.06,95.85,91.23,61.72,160.33,118.46,89.22,24.27,183.00,133.61,87.60,33.52,77.78,146.65,85.62,94.26,44.00,13.52,78.92,26.12,58.26,113.92,59.39,29.19,74.00,153.22,68.47,53.84,66.00,93.89,125.06,86.04,66.00,23.84,27.12,36.75,50.45,13.59,20.46,14.84,47.00,25.97,22.44,443.00,7.00,8.00,11.00,23.62,20.62,407.00,7.00,9.00,15.00,15.46,11.06,291.00,8.00,11.00,10.00,23.29,19.59,385.00,4.00,9.00,13.00,7.46,6.30,136.00,9.00,10.00,6.00,3,엄지 굽히기 (Thumb Flex)
47.38,-3.44,7.75,7.56,16.19,91.28,127.69,123.45,147.03,101.61,147.71,55.70,116.00,139.86,82.19,23.87,88.68,140.59,77.92,94.81,55.00,45.48,76.28,30.53,39.22,90.50,41.96,30.74,106.00,146.67,83.55,81.91,73.79,83.27,98.58,55.52,99.00,17.21,34.52,38.26,62.17,24.95,29.57,15.14,35.00,28.43,25.08,427.00,7.00,7.00,10.00,23.57,20.37,385.00,6.00,8.00,14.00,14.49,10.53,270.00,8.00,11.00,10.00,22.58,18.99,341.00,4.00,9.00,13.00,8.46,6.96,156.00,10.00,9.00,7.00,3,엄지 굽히기 (Thumb Flex)
-50.62,-14.44,19.00,40.56,-6.69,81.97,128.19,122.61,163.03,116.84,162.56,68.32,100.00,139.86,82.19,23.87,88.68,140.59,77.92,94.81,55.00,56.65,69.59,27.30,50.70,101.98,52.78,21.67,94.00,146.67,83.55,81.91,73.79,83.27,98.58,55.52,99.00,23.93,16.53,20.46,61.29,38.43,37.85,24.00,17.00,29.91,25.95,494.00,8.00,7.00,10.00,23.57,20.37,363.00,5.00,8.00,14.00,15.17,11.38,271.00,7.00,11.00,10.00,22.58,18.99,319.00,3.00,9.00,13.00,8.22,6.85,162.00,10.00,9.00,7.00,3,엄지 굽히기 (Thumb Flex)
36.75,18.56,-14.31,-35.06,1.75,118.44,99.52,85.05,167.60,147.00,183.84,98.15,58.00,139.86,82.19,23.87,88.68,140.59,77.92,94.81,55.00,48.97,80.26,37.88,49.04,103.81,63.09,13.01,83.00,133.65,101.82,91.79,85.91,98.02,114.48,65.39,77.00,22.24,23.53,26.58,52.35,38.05,38.19,29.37,8.00,31.37,28.25,559.00,8.00,7.00,10.00,23.57,20.37,374.00,6.00,8.00,14.00,15.58,11.98,279.00,8.00,11.00,10.00,24.04,20.20,385.00,4.00,9.00,13.00,8.05,6.47,156.00,10.00,9.00,6.00,3,엄지 굽히기 (Thumb Flex)
-11.19,-11.00,16.62,6.88,-6.31,85.46,132.12,113.63,135.72,141.76,181.77,119.05,25.00,121.05,82.82,70.88,98.39,101.31,97.96,44.77,0.00,78.91,46.59,40.73,2.00,69.68,95.57,38.11,34.00,161.81,70.42,59.65,64.14,91.86,122.00,79.68,44.00,21.44,24.76,34.14,52.77,25.59,31.76,37.57,7.00,31.09,27.59,552.00,8.00,7.00,10.00,21.30,17.88,330.00,4.00,8.00,14.00,14.27,11.72,264.00,8.00,11.00,10.00,23.29,19.25,363.00,4.00,9.00,13.00,7.97,6.52,152.00,10.00,9.00,5.00,3,엄지 굽히기 (Thumb Flex)
-12.69,-12.38,-4.94,8.94,-4.31,108.31,113.96,117.37,130.86,119.47,166.20,130.41,1.00,133.60,63.55,71.95,79.32,80.03,97.54,24.02,22.00,69.84,44.02,20.30,25.00,47.06,101.65,58.89,11.00,129.02,88.82,71.21,39.66,62.42,112.61,93.54,11.00,21.44,24.76,34.14,52.77,25.59,31.76,37.57,7.00,29.91,26.27,478.00,7.00,6.00,9.00,19.78,16.84,264.00,5.00,7.00,13.00,13.67,10.55,269.00,9.00,11.00,10.00,21.02,17.19,330.00,4.00,8.00,12.00,7.97,6.52,147.00,9.00,9.00,5.00,3,엄지 굽히기 (Thumb Flex)
12.94,11.00,-10.25,19.25,8.31,89.36,117.06,91.67,156.72,102.26,140.47,137.55,25.00,114.80,85.21,50.52,69.57,80.79,85.21,2.65,44.00,72.14,38.49,25.81,27.31,50.11,106.48,51.33,22.00,139.66,89.83,77.88,49.19,53.71,103.96,96.42,0.00,24.81,19.35,34.34,54.12,26.01,37.62,38.22,1.00,28.51,24.45,476.00,8.00,5.00,9.00,18.24,15.12,275.00,4.00,7.00,13.00,13.93,11.06,269.00,9.00,10.00,10.00,21.48,17.88,308.00,4.00,7.00,12.00,8.22,6.85,155.00,9.00,8.00,6.00,3,엄지 굽히기 (Thumb Flex)
-9.56,22.00,-23.25,-20.62,7.62,84.69,106.38,81.39,156.26,92.10,160.51,140.16,1.00,114.80,85.21,50.52,69.57,80.79,85.21,2.65,44.00,95.54,14.71,57.04,13.04,76.23,76.29,67.82,10.00,95.19,53.50,25.50,98.39,97.49,38.65,112.82,66.00,34.95,19.51,45.04,43.66,35.73,32.85,33.49,12.00,28.43,23.95,491.00,9.00,5.00,10.00,18.24,15.12,275.00,4.00,7.00,13.00,15.06,11.47,267.00,8.00,9.00,10.00,19.40,16.50,319.00,7.00,8.00,12.00,8.43,7.08,147.00,8.00,8.00,6.00,3,엄지 굽히기 (Thumb Flex)
-30.00,-30.25,13.31,12.38,-10.38,116.60,59.24,130.14,99.41,149.01,156.74,118.49,58.00,72.09,89.79,81.67,93.34,112.07,50.85,41.35,88.00,73.37,36.48,56.06,34.71,95.03,55.64,79.04,33.00,95.19,53.50,25.50,98.39,97.49,38.65,112.82,66.00,19.00,9.18,38.37,51.40,48.52,42.71,26.32,28.00,28.83,23.50,490.00,9.00,5.00,10.00,19.64,16.50,319.00,7.00,7.00,13.00,15.30,12.23,294.00,8.00,9.00,10.00,19.40,16.50,352.00,8.00,9.00,13.00,8.76,7.58,163.00,9.00,7.00,7.00,3,엄지 굽히기 (Thumb Flex)
49.81,13.06,1.31,-8.25,3.00,71.27,110.21,99.60,115.76,176.72,199.24,100.70,109.00,80.81,94.92,72.91,85.91,110.00,53.37,51.70,99.00,73.37,36.48,56.06,34.71,95.03,55.64,79.04,33.00,103.45,31.77,46.23,79.32,94.79,48.77,109.80,88.00,14.05,5.69,43.33,46.75,49.74,36.71,30.12,22.00,31.57,27.48,557.00,9.00,6.00,10.00,19.91,17.19,341.00,8.00,8.00,13.00,15.30,12.23,290.00,7.00,9.00,10.00,19.25,16.16,352.00,8.00,10.00,13.00,8.51,7.25,173.00,10.00,8.00,8.00,3,엄지 굽히기 (Thumb Flex)
-24.69,-17.19,0.31,-8.25,-1.50,79.08,104.57,94.46,122.67,173.20,206.95,96.98,117.00,68.26,53.37,73.08,59.24,68.29,94.92,89.91,143.00,59.60,42.70,66.67,19.31,79.60,65.32,78.37,49.00,103.45,31.77,46.23,79.32,94.79,48.77,109.80,88.00,12.66,4.34,50.05,41.88,41.82,42.53,23.02,30.00,31.90,27.86,632.00,10.00,7.00,11.00,19.43,16.59,363.00,9.00,8.00,13.00,14.83,11.52,285.00,7.00,9.00,10.00,19.25,16.16,352.00,8.00,10.00,13.00,8.37,7.00,164.00,10.00,8.00,7.00,3,엄지 굽히기 (Thumb Flex)
-1.69,-3.44,-10.69,-18.56,8.44,63.43,105.32,109.96,115.69,157.21,215.36,85.73,133.00,94.63,18.60,48.67,24.60,104.60,61.39,66.00,99.00,59.60,42.70,66.67,19.31,79.60,65.32,78.37,49.00,114.00,35.67,37.19,88.68,87.43,57.67,102.00,99.00,15.28,17.43,54.99,29.21,36.07,47.31,6.81,47.00,31.61,27.11,624.00,9.00,7.00,11.00,16.83,13.92,319.00,8.00,8.00,13.00,14.83,11.52,290.00,8.00,8.00,11.00,19.72,16.76,352.00,8.00,9.00,13.00,8.43,6.99,164.00,10.00,9.00,7.00,3,엄지 굽히기 (Thumb Flex)
-38.19,-14.44,-19.69,-39.19,10.88,113.63,146.56,115.21,67.36,147.97,211.49,43.50,189.00,94.63,18.60,48.67,24.60,104.60,61.39,66.00,99.00,64.50,56.76,82.66,7.28,73.41,54.73,89.79,33.00,135.87,57.16,20.60,101.41,79.46,57.16,122.36,77.00,20.40,25.59,63.98,22.80,28.62,50.89,15.74,38.00,32.90,27.73,616.00,10.00,7.00,11.00,16.83,13.92,319.00,8.00,8.00,13.00,15.63,12.40,294.00,8.00,7.00,12.00,21.64,17.96,363.00,8.00,8.00,13.00,8.87,7.50,164.00,10.00,8.00,7.00,3,엄지 굽히기 (Thumb Flex)
-37.69,6.88,-19.06,-16.50,2.06,119.73,154.43,123.20,62.43,140.56,216.87,49.97,181.00,83.65,9.11,55.15,22.00,115.10,53.11,61.78,110.00,65.65,66.21,87.22,3.61,83.37,53.98,80.35,43.00,145.65,66.44,28.48,93.34,90.36,48.59,111.37,88.00,19.40,24.48,63.02,20.52,26.03,53.76,18.62,35.00,33.42,28.11,608.00,10.00,7.00,11.00,16.90,14.27,330.00,9.00,9.00,13.00,16.19,12.95,288.00,8.00,7.00,12.00,22.00,18.56,374.00,8.00,8.00,13.00,8.79,7.32,168.00,10.00,9.00,7.00,3,엄지 굽히기 (Thumb Flex)
-29.19,5.50,-3.06,-6.19,-4.62,123.73,159.17,126.82,69.12,146.33,208.87,42.14,189.00,64.69,12.89,49.36,44.00,102.71,75.11,77.86,88.00,65.65,66.21,87.22,3.61,83.37,53.98,80.35,43.00,138.64,64.44,19.97,101.41,96.32,37.60,101.51,99.00,20.64,27.10,66.94,17.49,25.71,49.45,14.98,40.00,33.79,28.48,608.00,10.00,7.00,11.00,16.50,13.75,319.00,9.00,8.00,12.00,16.19,12.95,263.00,7.00,6.00,12.00,21.64,17.96,363.00,7.00,7.00,13.00,8.87,7.62,158.00,10.00,8.00,6.00,3,엄지 굽히기 (Thumb Flex)
16.81,13.75,-6.12,4.81,4.00,122.77,166.43,149.03,59.14,138.58,186.71,11.89,221.00,55.40,53.89,16.53,62.23,83.09,53.89,37.02,132.00,55.38,68.63,43.53,44.05,63.99,7.03,42.33,90.00,138.64,64.44,19.97,101.41,96.32,37.60,101.51,99.00,16.82,6.34,49.25,11.40,10.71,49.35,22.46,62.00,33.90,29.09,589.00,10.00,7.00,11.00,15.31,12.72,297.00,8.00,8.00,12.00,12.99,10.41,228.00,6.00,6.00,11.00,21.64,17.96,363.00,7.00,6.00,13.00,7.83,6.75,160.00,11.00,9.00,7.00,3,엄지 굽히기 (Thumb Flex)
4.00,2.75,4.56,14.44,0.31,108.39,122.89,105.63,8.94,90.23,197.47,46.06,272.00,55.40,53.89,16.53,62.23,83.09,53.89,37.02,132.00,56.61,70.65,43.07,44.55,59.21,4.34,41.27,95.00,143.07,86.35,41.95,85.91,74.70,44.51,97.25,121.00,20.88,4.70,54.19,7.28,21.53,40.50,12.35,51.00,31.17,25.50,605.00,10.00,8.00,12.00,15.31,12.72,308.00,8.00,9.00,13.00,13.04,10.74,228.00,6.00,7.00,11.00,21.90,18.56,352.00,6.00,6.00,13.00,7.40,6.02,137.00,10.00,9.00,6.00,3,엄지 굽히기 (Thumb Flex)
14.69,13.06,4.94,4.12,-0.62,97.33,80.51,124.44,39.81,124.65,159.72,8.12,229.00,64.69,53.15,13.43,55.00,77.91,64.76,26.40,143.00,53.02,65.02,48.73,38.64,55.53,9.31,43.07,101.00,136.50,78.35,39.40,77.78,73.51,55.30,101.13,132.00,23.49,13.72,37.52,24.08,33.42,23.58,5.22,34.00,28.00,22.48,514.00,9.00,8.00,11.00,15.66,13.32,308.00,7.00,9.00,13.00,12.82,10.32,216.00,6.00,6.00,10.00,21.61,17.88,330.00,6.00,6.00,13.00,6.25,5.30,115.00,9.00,8.00,5.00,3,엄지 굽히기 (Thumb Flex)
3.69,32.31,-18.31,17.19,6.44,125.65,113.94,78.35,55.87,127.27,113.44,49.41,181.00,108.48,39.66,56.98,93.98,57.76,39.66,66.31,99.00,29.07,30.52,84.24,63.60,49.26,35.65,34.12,57.00,110.16,85.53,70.22,59.24,45.57,33.98,80.67,99.00,14.64,8.10,42.48,27.29,33.81,18.67,19.04,19.00,25.91,20.31,432.00,8.00,8.00,10.00,17.60,14.52,297.00,8.00,8.00,13.00,12.31,10.19,208.00,8.00,5.00,10.00,18.23,15.81,264.00,5.00,6.00,13.00,6.16,5.05,114.00,9.00,8.00,5.00,3,엄지 굽히기 (Thumb Flex)
-16.19,0.69,2.00,24.75,-1.44,68.96,122.84,104.17,48.26,83.99,102.45,114.68,115.00,87.86,55.00,51.12,88.68,36.72,55.00,84.82,77.00,34.90,29.72,85.63,57.71,41.39,44.73,36.22,46.00,163.06,39.71,56.67,22.00,24.11,75.39,50.31,44.00,15.93,6.26,43.75,25.55,32.23,20.17,20.74,17.00,23.44,18.21,406.00,8.00,8.00,10.00,16.71,13.23,297.00,5.00,9.00,13.00,12.13,9.75,195.00,8.00,5.00,10.00,18.03,15.47,231.00,4.00,6.00,13.00,6.17,5.13,113.00,9.00,8.00,5.00,3,엄지 굽히기 (Thumb Flex)
7.31,0.00,19.38,13.75,-12.19,76.51,115.43,107.94,41.87,76.01,108.98,121.79,107.00,95.92,44.14,41.55,77.78,30.14,65.91,92.15,66.00,29.71,33.79,79.76,52.48,35.74,46.63,36.42,40.00,163.06,39.71,56.67,22.00,24.11,75.39,50.31,44.00,19.64,2.78,47.57,27.80,35.79,16.20,18.61,21.00,23.52,18.69,430.00,9.00,9.00,11.00,16.50,12.38,297.00,4.00,9.00,13.00,11.43,9.42,189.00,8.00,5.00,10.00,18.03,15.47,242.00,4.00,7.00,14.00,6.58,5.41,122.00,9.00,8.00,6.00,3,엄지 굽히기 (Thumb Flex)
37.75,-0.69,-3.25,-6.88,11.62,117.44,78.94,148.69,75.15,97.46,69.17,99.70,148.00,101.38,38.91,33.07,77.00,24.79,59.73,88.64,77.00,23.83,39.79,76.49,49.66,36.38,49.28,38.49,46.00,144.87,58.56,48.38,31.11,29.75,69.27,69.47,66.00,1.17,19.15,49.31,17.26,39.64,15.66,25.54,40.00,25.46,20.84,439.00,8.00,8.00,11.00,16.25,11.86,275.00,7.00,9.00,12.00,11.44,9.50,206.00,8.00,6.00,11.00,17.77,15.12,253.00,5.00,6.00,14.00,7.05,5.67,134.00,8.00,9.00,6.00,3,엄지 굽히기 (Thumb Flex)
-31.75,10.31,-7.94,5.50,5.62,70.94,105.66,142.71,72.11,89.58,65.81,113.80,204.00,101.38,38.91,33.07,77.00,24.79,59.73,88.64,77.00,18.92,43.39,79.55,54.23,40.65,44.49,35.00,41.00,134.91,69.27,67.90,22.00,10.09,58.56,47.49,44.00,1.17,19.15,49.31,17.26,39.64,15.66,25.54,40.00,26.20,21.78,488.00,9.00,9.00,11.00,16.25,11.86,275.00,8.00,8.00,12.00,11.59,9.81,196.00,8.00,5.00,10.00,16.50,13.75,220.00,5.00,6.00,14.00,7.05,5.67,140.00,8.00,10.00,6.00,3,엄지 굽히기 (Thumb Flex)
-7.25,21.31,-13.25,-26.81,-1.88,68.28,105.68,150.36,79.70,96.46,58.57,107.67,196.00,101.38,38.91,33.07,77.00,24.79,59.73,88.64,77.00,23.21,43.38,74.78,52.50,44.70,40.13,30.59,36.00,135.29,68.69,76.12,11.00,11.35,68.69,57.98,55.00,7.81,21.80,46.02,17.72,47.26,10.23,17.54,32.00,26.27,22.25,488.00,8.00,9.00,11.00,16.25,11.86,231.00,7.00,7.00,12.00,11.17,9.50,163.00,7.00,4.00,9.00,17.38,14.44,220.00,5.00,6.00,14.00,6.92,5.39,129.00,9.00,9.00,5.00,3,엄지 굽히기 (Thumb Flex)
6.75,7.56,25.38,59.38,-0.69,72.22,129.53,132.54,94.40,123.27,29.90,78.07,164.00,84.24,81.17,64.25,33.00,33.46,20.71,60.23,33.00,27.45,48.02,74.52,58.24,46.27,41.98,36.55,42.00,121.79,104.85,98.73,46.32,40.31,111.33,97.38,100.00,7.47,9.89,37.44,6.40,50.38,18.77,6.97,19.00,25.63,21.09,421.00,8.00,8.00,11.00,13.87,10.74,198.00,6.00,7.00,12.00,11.90,9.88,190.00,8.00,5.00,9.00,22.75,17.25,287.00,5.00,7.00,14.00,6.07,4.73,118.00,8.00,9.00,4.00,3,엄지 굽히기 (Thumb Flex)
40.88,28.19,-2.94,13.00,-9.12,75.20,111.74,121.96,80.62,122.61,32.89,60.12,146.00,74.88,95.23,65.72,39.66,43.56,29.23,78.01,55.00,24.48,37.15,64.51,56.22,57.25,39.01,47.22,53.00,112.39,126.09,119.66,46.32,42.95,101.94,83.02,78.00,2.10,18.82,46.29,5.66,44.31,27.60,10.66,10.00,23.37,20.11,379.00,7.00,7.00,11.00,15.54,12.29,187.00,5.00,7.00,12.00,11.77,9.55,219.00,9.00,6.00,10.00,22.91,17.50,332.00,5.00,8.00,15.00,6.51,5.16,122.00,8.00,9.00,4.00,3,엄지 굽히기 (Thumb Flex)
54.19,-26.81,47.44,64.12,-2.31,64.81,166.90,196.23,61.03,62.74,106.59,25.18,71.00,74.88,95.23,65.72,39.66,43.56,29.23,78.01,55.00,41.16,70.16,100.03,14.87,84.33,25.85,85.14,95.00,82.45,179.42,149.82,34.79,35.05,98.48,125.79,156.00,2.69,17.04,45.71,8.06,41.43,29.45,13.54,7.00,26.92,21.61,373.00,6.00,6.00,11.00,15.54,12.29,231.00,6.00,7.00,12.00,16.86,12.51,261.00,9.00,7.00,10.00,28.17,21.11,377.00,5.00,9.00,15.00,6.40,5.02,118.00,7.00,10.00,3.00,3,엄지 굽히기 (Thumb Flex)
34.12,-15.81,4.75,-14.56,0.06,74.20,176.73,207.87,31.40,95.18,83.62,13.93,104.00,74.88,95.23,65.72,39.66,43.56,29.23,78.01,55.00,48.08,74.50,100.13,15.23,87.87,31.39,77.17,84.00,79.10,181.30,144.62,33.00,32.62,103.52,121.12,145.00,3.60,16.79,40.74,7.28,41.27,29.60,19.50,1.00,28.31,23.16,351.00,5.00,7.00,11.00,15.54,12.29,231.00,6.00,7.00,12.00,16.84,12.56,293.00,7.00,8.00,10.00,27.68,20.51,433.00,6.00,9.00,15.00,6.23,4.57,117.00,7.00,9.00,3.00,3,엄지 굽히기 (Thumb Flex)
-1.38,4.12,3.44,24.62,-1.25,88.35,165.62,183.21,32.65,93.94,87.17,37.00,64.00,42.08,62.23,78.02,22.00,74.59,62.23,55.09,22.00,59.19,70.96,81.82,35.51,66.87,10.69,86.99,105.00,70.35,152.96,67.98,44.00,49.76,35.30,143.86,222.00,14.03,13.41,31.83,18.11,31.15,37.36,11.12,12.00,26.47,20.72,384.00,8.00,7.00,12.00,13.95,11.00,231.00,7.00,7.00,12.00,16.34,12.01,293.00,7.00,8.00,10.00,25.61,19.38,455.00,7.00,10.00,15.00,5.78,4.12,110.00,7.00,9.00,3.00,3,엄지 굽히기 (Thumb Flex)
-3.88,13.75,-22.25,-20.06,3.56,103.70,135.02,144.11,68.31,55.45,110.98,3.32,104.00,21.42,49.19,99.69,44.00,63.63,49.19,62.82,44.00,57.79,74.66,85.97,36.69,65.09,6.72,88.14,110.00,71.73,144.25,66.10,45.35,49.86,46.27,142.34,211.00,11.57,15.56,30.99,18.68,28.94,40.35,10.95,15.00,24.24,18.84,376.00,8.00,7.00,12.00,14.29,11.34,242.00,7.00,7.00,13.00,16.71,12.28,303.00,8.00,7.00,10.00,24.93,18.69,488.00,8.00,11.00,15.00,5.85,4.31,108.00,7.00,9.00,3.00,3,엄지 굽히기 (Thumb Flex)
-13.38,12.38,-20.94,-9.75,8.56,110.71,111.02,142.45,65.07,73.97,86.98,20.68,80.00,18.71,59.90,107.08,49.19,50.22,47.11,63.68,22.00,64.40,95.62,84.74,57.07,51.23,21.59,93.28,89.00,70.47,133.32,76.01,34.79,39.38,38.76,139.57,222.00,14.66,31.53,15.38,34.37,27.27,32.68,14.72,1.00,22.67,17.72,336.00,7.00,6.00,11.00,14.49,11.34,231.00,6.00,6.00,12.00,17.56,13.44,297.00,8.00,6.00,10.00,24.51,18.00,488.00,8.00,12.00,15.00,6.03,4.55,104.00,6.00,8.00,2.00,3,엄지 굽히기 (Thumb Flex)
-34.38,-29.56,-0.31,-30.38,-2.12,120.26,149.05,99.43,113.04,80.41,63.35,67.54,32.00,22.32,27.33,131.55,80.08,17.68,37.83,86.81,11.00,59.93,91.73,90.16,58.52,45.34,24.89,97.47,83.00,82.11,148.00,62.00,46.67,29.41,47.02,128.27,244.00,10.18,28.38,19.01,35.44,23.25,35.31,17.50,6.00,24.19,18.27,344.00,6.00,5.00,11.00,16.37,13.49,264.00,6.00,5.00,12.00,17.50,13.10,307.00,7.00,6.00,10.00,25.61,19.38,499.00,7.00,12.00,15.00,6.02,4.42,112.00,6.00,9.00,3.00,3,엄지 굽히기 (Thumb Flex)
-17.38,2.75,4.69,33.56,-6.69,132.14,153.56,86.92,114.59,91.93,56.22,54.16,48.00,18.45,37.16,122.19,77.78,19.78,32.23,97.50,22.00,59.93,91.73,90.16,58.52,45.34,24.89,97.47,83.00,55.51,151.57,50.63,73.79,60.08,79.74,105.48,277.00,3.47,30.36,18.43,42.20,29.64,28.43,16.68,1.00,24.59,18.89,352.00,5.00,5.00,12.00,16.27,13.06,286.00,6.00,6.00,12.00,17.50,13.10,312.00,8.00,6.00,10.00,27.03,21.44,554.00,7.00,12.00,15.00,6.26,4.77,115.00,7.00,8.00,3.00,3,엄지 굽히기 (Thumb Flex)
38.50,13.06,10.31,-10.44,-8.25,100.16,171.09,82.26,148.22,123.17,29.49,47.49,82.00,24.12,42.60,124.68,88.68,8.87,42.60,86.67,11.00,53.93,96.47,88.24,57.07,50.47,20.60,103.47,77.00,55.51,151.57,50.63,73.79,60.08,79.74,105.48,277.00,3.57,36.94,12.72,41.11,30.30,34.52,14.80,6.00,26.47,21.81,402.00,5.00,5.00,13.00,16.60,13.58,275.00,6.00,5.00,12.00,17.66,13.52,292.00,7.00,5.00,9.00,27.03,21.44,587.00,7.00,13.00,15.00,6.60,5.16,109.00,6.00,7.00,3.00,3,엄지 굽히기 (Thumb Flex)
4.00,-37.81,8.31,-9.75,9.56,92.16,178.99,75.17,149.46,123.06,37.39,43.91,74.00,45.15,83.79,59.70,103.77,64.78,105.49,47.96,55.00,27.88,128.22,56.48,26.40,32.10,52.55,75.09,109.00,66.51,140.84,58.53,83.77,66.30,79.39,116.39,266.00,1.73,34.29,15.52,44.10,33.26,35.58,13.78,9.00,26.48,22.00,412.00,5.00,5.00,13.00,18.23,15.21,297.00,6.00,6.00,12.00,16.88,12.81,271.00,7.00,5.00,8.00,27.15,21.97,576.00,7.00,12.00,14.00,6.83,5.37,119.00,6.00,8.00,4.00,3,엄지 굽히기 (Thumb Flex)
-28.00,5.50,2.00,12.25,-9.88,92.16,178.99,75.17,149.46,123.06,37.39,43.91,74.00,36.72,73.22,66.93,94.63,70.96,112.02,51.86,66.00,26.95,131.41,54.05,28.84,28.23,49.02,78.05,104.00,66.51,140.84,58.53,83.77,66.30,79.39,116.39,266.00,8.62,37.74,17.49,45.61,38.78,33.28,11.12,18.00,26.48,22.00,420.00,6.00,5.00,13.00,18.24,15.12,341.00,7.00,7.00,13.00,16.87,12.75,260.00,6.00,4.00,7.00,27.15,21.97,587.00,8.00,12.00,14.00,7.28,5.86,128.00,7.00,8.00,4.00,3,엄지 굽히기 (Thumb Flex)
43.81,4.81,30.88,65.00,-17.50,66.32,193.27,101.82,148.95,162.63,67.45,20.13,23.00,34.10,68.75,63.48,101.41,76.99,113.75,44.14,55.00,36.51,131.24,67.18,44.94,45.18,51.61,75.32,122.00,51.12,141.49,126.42,148.71,89.38,11.73,75.73,334.00,14.02,36.55,23.48,51.42,41.60,38.21,14.20,12.00,28.77,25.09,462.00,6.00,5.00,13.00,18.23,14.87,341.00,7.00,7.00,13.00,18.31,13.73,267.00,5.00,5.00,7.00,31.91,27.12,622.00,9.00,11.00,14.00,8.00,6.19,111.00,6.00,7.00,3.00,3,엄지 굽히기 (Thumb Flex)
84.88,-37.12,28.31,-14.69,-6.19,98.91,180.18,161.89,211.37,184.85,82.40,63.00,86.00,39.65,62.34,96.22,79.32,109.27,142.53,21.47,22.00,76.04,108.44,104.74,48.88,57.11,79.01,72.05,81.00,59.57,136.23,131.40,151.53,79.14,19.70,75.67,323.00,32.76,23.85,36.16,50.80,21.15,18.36,10.22,33.00,35.55,29.91,434.00,5.00,4.00,13.00,20.53,17.70,374.00,7.00,7.00,13.00,19.54,15.23,262.00,7.00,5.00,7.00,31.48,26.61,690.00,10.00,11.00,14.00,7.38,5.89,115.00,5.00,8.00,4.00,3,엄지 굽히기 (Thumb Flex)
1.38,6.88,-7.38,-4.38,14.44,152.97,144.11,179.12,212.42,129.56,28.16,8.20,30.00,39.65,62.34,96.22,79.32,109.27,142.53,21.47,22.00,86.83,98.16,106.05,39.82,46.62,68.18,74.89,92.00,70.30,125.84,124.87,141.04,79.85,20.10,79.87,334.00,28.37,29.36,38.20,56.72,21.57,17.54,14.25,39.00,33.01,27.45,490.00,5.00,5.00,13.00,20.53,17.70,407.00,8.00,7.00,13.00,19.09,14.72,292.00,8.00,4.00,8.00,31.27,26.09,668.00,10.00,11.00,14.00,7.94,6.17,128.00,6.00,7.00,5.00,3,엄지 굽히기 (Thumb Flex)
-53.12,-2.75,-14.00,-27.75,5.12,129.44,167.58,195.65,236.18,126.93,9.99,20.56,6.00,41.85,40.40,84.08,93.34,92.13,153.41,10.77,0.00,95.38,89.04,97.74,34.44,48.19,74.27,68.66,82.00,92.00,106.30,103.44,135.79,99.49,9.99,65.00,312.00,27.02,33.99,43.20,57.72,16.68,14.31,12.57,34.00,34.86,28.77,530.00,6.00,5.00,13.00,20.02,17.19,407.00,9.00,7.00,13.00,18.47,14.25,259.00,7.00,3.00,7.00,29.55,25.06,601.00,9.00,11.00,14.00,8.05,6.41,135.00,6.00,7.00,5.00,3,엄지 굽히기 (Thumb Flex)
-28.12,8.25,-21.56,-44.19,2.12,116.67,181.09,210.40,238.87,112.43,13.85,4.68,22.00,41.85,40.40,84.08,93.34,92.13,153.41,10.77,0.00,77.82,108.46,132.43,17.00,29.35,81.20,41.25,43.00,48.09,155.33,145.56,50.09,174.98,85.95,48.09,223.00,27.02,33.99,43.20,57.72,16.68,14.31,12.57,34.00,35.45,29.64,521.00,5.00,6.00,13.00,20.02,17.19,396.00,10.00,7.00,13.00,18.90,13.90,240.00,6.00,2.00,7.00,30.02,23.63,578.00,8.00,10.00,14.00,8.05,6.41,129.00,5.00,6.00,5.00,3,엄지 굽히기 (Thumb Flex)
-25.06,9.62,-16.25,-20.81,1.56,103.05,198.67,216.54,191.13,152.89,49.33,52.82,27.00,38.59,44.16,80.23,79.32,95.50,135.56,19.44,22.00,78.67,108.08,132.47,12.81,33.98,83.11,45.20,48.00,63.19,158.25,138.74,45.00,176.60,74.19,44.73,245.00,32.95,31.94,37.19,56.22,22.71,8.36,19.27,25.00,35.63,29.33,503.00,5.00,5.00,12.00,18.60,16.16,341.00,9.00,6.00,12.00,19.13,14.09,192.00,5.00,2.00,6.00,30.49,24.64,544.00,9.00,10.00,14.00,7.87,6.06,122.00,5.00,6.00,5.00,3,엄지 굽히기 (Thumb Flex)
-28.38,-23.38,2.38,4.69,-5.12,145.99,190.47,162.18,186.96,177.47,39.69,35.58,48.00,38.59,44.16,80.23,79.32,95.50,135.56,19.44,22.00,107.98,81.79,95.68,35.44,31.14,46.41,10.60,6.00,117.98,135.73,83.81,101.00,123.25,76.50,53.11,189.00,28.31,35.93,42.05,51.24,27.20,11.35,24.22,20.00,34.72,27.47,493.00,5.00,5.00,11.00,18.60,16.16,363.00,10.00,6.00,12.00,15.81,11.67,166.00,4.00,2.00,6.00,26.71,20.27,488.00,9.00,9.00,14.00,7.98,6.38,127.00,6.00,6.00,5.00,3,엄지 굽히기 (Thumb Flex)
28.62,8.25,13.62,-17.31,-2.81,145.99,190.47,162.18,186.96,177.47,39.69,35.58,48.00,54.83,25.77,65.74,69.57,86.77,150.23,25.11,0.00,96.41,93.34,105.94,34.06,42.86,34.47,10.80,6.00,117.98,135.73,83.81,101.00,123.25,76.50,53.11,189.00,23.31,40.86,43.18,51.00,27.75,6.36,19.43,25.00,34.72,27.47,517.00,5.00,6.00,11.00,18.45,15.47,374.00,10.00,7.00,12.00,16.19,12.33,178.00,4.00,2.00,7.00,26.71,20.27,466.00,9.00,9.00,14.00,7.99,6.46,127.00,5.00,6.00,5.00,3,엄지 굽히기 (Thumb Flex)
-4.38,-22.69,12.88,-14.56,0.19,145.99,190.47,162.18,186.96,177.47,39.69,35.58,48.00,23.42,41.87,55.10,39.66,114.22,153.81,56.68,33.00,84.49,103.89,105.15,46.04,42.05,42.94,14.32,6.00,155.63,93.44,112.70,57.00,146.57,40.47,66.98,145.00,23.31,40.86,43.18,51.00,27.75,6.36,19.43,25.00,34.72,27.47,550.00,6.00,7.00,12.00,19.24,17.02,396.00,11.00,8.00,12.00,16.52,12.98,152.00,3.00,2.00,6.00,26.07,18.65,422.00,8.00,8.00,13.00,7.99,6.46,125.00,6.00,6.00,5.00,3,엄지 굽히기 (Thumb Flex)
-19.38,-9.62,-20.44,-45.50,2.38,160.56,178.53,176.27,171.14,190.59,44.86,22.67,32.00,9.90,56.39,26.36,34.79,90.84,173.83,25.20,0.00,80.17,105.55,100.53,46.10,37.33,42.72,10.01,1.00,178.96,84.62,142.76,65.86,115.44,73.40,66.48,178.00,21.24,40.49,40.58,51.09,29.51,7.25,18.31,28.00,35.06,28.22,558.00,6.00,7.00,13.00,18.60,16.84,407.00,9.00,9.00,13.00,16.09,12.63,185.00,4.00,2.00,7.00,28.35,19.94,444.00,8.00,7.00,13.00,7.90,6.30,121.00,6.00,5.00,5.00,3,엄지 굽히기 (Thumb Flex)
-33.88,-7.56,-11.38,-11.81,1.06,178.15,179.48,195.14,176.53,171.20,22.80,38.38,56.00,41.51,64.09,13.74,66.91,80.02,140.89,53.07,33.00,72.31,100.33,90.44,31.14,48.83,33.62,24.81,16.00,184.10,92.08,143.38,75.58,116.07,65.65,60.68,167.00,20.66,32.83,43.52,40.11,36.17,4.48,20.56,17.00,36.02,29.34,550.00,6.00,6.00,13.00,17.70,16.24,363.00,8.00,8.00,12.00,14.97,11.72,174.00,6.00,3.00,7.00,28.51,20.37,455.00,8.00,7.00,13.00,7.34,5.70,112.00,6.00,5.00,4.00,3,엄지 굽히기 (Thumb Flex)
-11.38,-18.56,10.56,28.75,-9.25,168.48,161.50,202.07,153.71,179.28,4.99,55.48,80.00,41.51,64.09,13.74,66.91,80.02,140.89,53.07,33.00,73.08,85.78,99.71,34.01,54.79,50.11,9.82,1.00,185.69,37.09,193.70,111.21,72.62,88.23,39.90,112.00,28.40,21.97,54.52,40.79,26.30,10.46,22.47,28.00,35.06,28.22,558.00,6.00,7.00,13.00,17.70,16.24,341.00,7.00,8.00,12.00,15.16,12.24,192.00,7.00,3.00,8.00,28.87,21.81,433.00,8.00,6.00,13.00,7.72,6.25,118.00,6.00,5.00,5.00,3,엄지 굽히기 (Thumb Flex)
51.88,35.06,-11.75,19.12,6.12,187.75,85.52,278.02,192.75,103.30,71.52,65.77,4.00,33.22,84.08,24.90,88.68,94.84,144.08,48.48,11.00,67.93,96.61,89.11,24.41,65.73,59.59,11.82,12.00,174.79,54.76,179.48,99.30,52.12,110.21,42.01,90.00,18.87,30.78,51.55,31.05,29.50,20.11,30.53,38.00,37.20,31.16,568.00,6.00,6.00,13.00,19.53,17.45,385.00,8.00,8.00,12.00,15.45,12.84,209.00,7.00,4.00,9.00,27.43,20.09,400.00,7.00,7.00,13.00,7.83,6.39,132.00,7.00,5.00,6.00,3,엄지 굽히기 (Thumb Flex)
-5.50,3.44,-5.06,-2.88,2.56,158.59,118.44,263.56,163.52,96.52,104.88,105.74,38.00,34.00,64.55,14.05,93.98,89.71,133.63,60.55,11.00,60.45,103.35,88.65,32.02,63.40,57.28,5.64,1.00,174.79,54.76,179.48,99.30,52.12,110.21,42.01,90.00,9.87,35.10,59.19,34.48,20.56,16.79,21.64,29.00,36.19,28.88,594.00,7.00,7.00,13.00,18.54,16.24,363.00,7.00,8.00,12.00,15.45,12.70,215.00,7.00,5.00,9.00,27.43,20.09,422.00,8.00,7.00,14.00,7.71,6.08,117.00,6.00,5.00,5.00,3,엄지 굽히기 (Thumb Flex)
-35.00,-19.25,-4.38,-2.88,1.25,125.01,133.55,295.95,196.21,60.35,101.95,66.45,2.00,36.01,67.95,4.74,83.77,79.18,123.40,70.68,22.00,51.04,103.02,98.97,39.82,54.14,51.21,13.71,12.00,174.79,54.76,179.48,99.30,52.12,110.21,42.01,90.00,20.41,38.50,50.96,25.50,20.78,25.01,11.08,18.00,37.29,30.12,594.00,6.00,6.00,13.00,17.61,15.47,341.00,7.00,8.00,12.00,15.41,12.55,209.00,5.00,4.00,9.00,27.43,20.09,400.00,7.00,7.00,13.00,7.12,5.56,99.00,5.00,5.00,4.00,3,엄지 굽히기 (Thumb Flex)
-4.50,13.75,-14.38,-22.12,2.56,148.31,141.52,276.36,184.74,42.97,121.76,49.14,26.00,36.01,67.95,4.74,83.77,79.18,123.40,70.68,22.00,35.53,92.70,110.24,32.28,68.27,66.71,2.30,4.00,130.94,17.38,195.62,63.66,39.64,143.70,79.94,134.00,12.84,28.33,47.74,19.92,31.74,35.82,8.52,7.00,36.65,29.19,551.00,5.00,7.00,13.00,17.61,15.47,374.00,8.00,9.00,13.00,15.85,13.22,190.00,5.00,4.00,9.00,27.58,19.42,365.00,7.00,6.00,13.00,6.86,5.02,93.00,5.00,4.00,4.00,3,엄지 굽히기 (Thumb Flex)
-8.81,13.75,9.12,57.31,-3.31,90.73,88.96,268.07,133.81,89.21,179.58,66.56,85.00,36.01,67.95,4.74,83.77,79.18,123.40,70.68,22.00,11.86,69.06,104.61,11.40,73.22,48.19,21.97,20.00,111.16,7.71,181.75,49.65,17.36,121.17,56.95,111.00,18.14,15.73,34.15,7.81,28.42,29.78,10.04,21.00,34.70,25.22,514.00,5.00,7.00,12.00,17.61,15.47,330.00,7.00,8.00,12.00,13.79,11.34,212.00,6.00,5.00,10.00,23.77,17.94,364.00,6.00,6.00,13.00,5.46,3.94,88.00,4.00,5.00,3.00,3,엄지 굽히기 (Thumb Flex)
20.19,0.69,-5.31,-19.31,1.12,57.42,17.63,195.25,108.00,62.86,148.09,32.15,5.00,68.98,39.53,36.92,77.00,46.36,114.89,53.49,11.00,32.67,41.58,65.94,50.49,32.24,61.68,21.64,21.00,100.54,24.40,160.27,69.89,36.33,134.23,77.52,133.00,26.68,16.76,29.34,15.81,20.42,26.29,9.51,12.00,25.05,19.29,458.00,8.00,8.00,12.00,15.78,13.23,297.00,6.00,7.00,12.00,10.91,9.06,194.00,9.00,6.00,10.00,24.28,18.98,431.00,7.00,6.00,13.00,5.13,3.52,72.00,4.00,5.00,2.00,3,엄지 굽히기 (Thumb Flex)
-2.31,1.38,5.38,13.69,4.69,72.94,34.25,177.12,132.00,39.30,135.58,35.45,29.00,58.83,41.74,33.43,88.00,44.85,106.42,55.59,22.00,27.75,40.02,69.69,50.04,30.45,61.34,26.64,26.00,100.54,24.40,160.27,69.89,36.33,134.23,77.52,133.00,17.80,9.14,24.21,15.52,14.02,19.14,17.21,3.00,24.51,17.89,426.00,8.00,8.00,12.00,15.50,12.72,286.00,6.00,6.00,11.00,10.99,9.38,199.00,9.00,7.00,11.00,24.28,18.98,442.00,7.00,7.00,13.00,4.04,3.02,66.00,4.00,5.00,2.00,3,엄지 굽히기 (Thumb Flex)
-11.81,22.00,-19.69,-28.94,4.69,50.96,13.00,170.04,134.35,31.58,112.96,56.09,53.00,75.54,55.03,18.92,90.71,65.62,84.47,71.54,44.00,41.11,53.52,75.58,35.06,43.13,51.47,40.77,41.00,110.52,27.28,179.38,49.65,18.85,118.31,89.77,155.00,17.80,9.14,24.21,15.52,14.02,19.14,17.21,3.00,23.05,16.77,410.00,8.00,8.00,11.00,16.50,13.75,297.00,5.00,6.00,11.00,12.02,10.31,215.00,10.00,7.00,11.00,25.31,20.18,464.00,8.00,7.00,13.00,4.04,3.02,63.00,4.00,5.00,2.00,3,엄지 굽히기 (Thumb Flex)
-4.31,11.00,-5.31,-18.62,4.50,43.02,15.46,162.14,142.21,24.31,120.35,48.09,45.00,75.54,55.03,18.92,90.71,65.62,84.47,71.54,44.00,34.67,44.48,65.64,37.00,51.10,41.66,49.02,51.00,101.74,31.65,171.04,55.61,8.49,107.32,93.65,166.00,19.62,11.46,25.33,16.55,11.10,21.37,14.50,6.00,22.88,16.39,418.00,8.00,9.00,11.00,16.50,13.75,308.00,5.00,7.00,12.00,11.49,9.69,225.00,10.00,8.00,12.00,24.66,19.58,453.00,8.00,8.00,13.00,4.18,3.19,63.00,4.00,5.00,2.00,3,엄지 굽히기 (Thumb Flex)
-34.81,-9.62,-5.62,2.69,-5.06,66.48,9.47,176.08,148.33,16.19,131.61,27.11,21.00,74.84,43.13,34.69,98.39,78.73,85.65,49.85,22.00,34.02,43.28,64.47,32.31,52.29,45.94,46.22,46.00,91.24,42.47,175.00,47.38,13.03,115.66,94.04,155.00,18.63,12.27,30.49,10.63,12.28,23.14,11.33,13.00,24.38,17.52,442.00,8.00,9.00,12.00,16.44,13.92,297.00,6.00,6.00,12.00,11.27,9.38,209.00,9.00,8.00,11.00,24.59,19.31,453.00,8.00,7.00,13.00,4.37,3.44,66.00,4.00,4.00,3.00,3,엄지 굽히기 (Thumb Flex)
-3.81,-20.62,5.38,3.38,-3.19,53.63,14.77,184.31,133.33,32.17,129.15,24.21,5.00,74.84,43.13,34.69,98.39,78.73,85.65,49.85,22.00,34.02,43.28,64.47,32.31,52.29,45.94,46.22,46.00,102.22,34.20,164.00,55.80,14.26,117.35,99.66,144.00,17.88,10.44,28.77,9.43,14.28,22.47,11.86,15.00,23.91,16.77,417.00,7.00,9.00,12.00,16.44,13.92,275.00,5.00,5.00,12.00,11.27,9.38,208.00,10.00,8.00,11.00,24.35,18.62,431.00,7.00,7.00,12.00,4.25,3.31,66.00,4.00,5.00,3.00,3,엄지 굽히기 (Thumb Flex)
21.25,2.06,11.75,13.00,-6.94,62.98,3.43,167.63,128.06,42.16,116.57,35.95,12.00,83.75,53.54,24.27,93.98,79.81,74.86,44.71,11.00,30.36,37.40,59.57,26.83,49.71,49.16,45.20,52.00,83.05,40.02,173.51,71.06,17.35,106.78,118.53,122.00,20.75,14.28,28.41,13.00,16.04,19.03,14.87,19.00,22.57,15.44,408.00,8.00,9.00,12.00,16.14,13.32,264.00,5.00,5.00,12.00,10.78,9.00,214.00,10.00,8.00,11.00,24.50,18.88,442.00,7.00,7.00,13.00,4.53,3.59,67.00,5.00,5.00,3.00,3,엄지 굽히기 (Thumb Flex)
28.69,-19.94,29.00,21.94,0.06,60.33,21.57,174.06,152.40,40.37,91.57,60.57,37.00,83.75,53.54,24.27,93.98,79.81,74.86,44.71,11.00,40.84,47.95,57.78,33.94,58.83,61.03,40.86,64.00,69.82,45.47,155.08,95.44,41.73,138.04,85.75,155.00,20.75,14.28,28.41,13.00,16.04,19.03,14.87,19.00,23.72,17.39,401.00,7.00,9.00,11.00,16.14,13.32,275.00,6.00,6.00,12.00,12.30,9.75,199.00,7.00,7.00,11.00,25.04,19.33,420.00,7.00,6.00,13.00,4.53,3.59,72.00,6.00,6.00,3.00,3,엄지 굽히기 (Thumb Flex)
2.69,22.00,-16.00,-13.12,7.69,69.34,34.77,162.41,149.86,54.12,103.50,45.29,21.00,51.79,54.11,32.65,88.00,108.41,87.86,43.85,44.00,40.84,47.95,57.78,33.94,58.83,61.03,40.86,64.00,82.63,49.40,122.35,81.04,29.25,110.22,117.96,122.00,14.78,16.77,32.86,18.68,21.94,22.90,8.99,13.00,23.51,16.98,410.00,7.00,9.00,11.00,16.95,13.75,319.00,4.00,7.00,13.00,12.30,9.75,234.00,8.00,8.00,11.00,22.56,17.78,420.00,8.00,7.00,13.00,4.92,3.94,78.00,5.00,6.00,3.00,3,엄지 굽히기 (Thumb Flex)
-14.31,19.94,-0.38,28.12,4.38,83.85,42.75,147.73,133.96,43.42,102.99,58.10,37.00,34.50,84.98,37.24,55.00,114.83,99.80,55.80,11.00,46.51,45.76,53.93,30.00,58.25,62.12,35.87,70.00,121.75,54.84,119.41,40.50,17.97,124.31,84.64,166.00,10.70,21.71,31.83,18.00,21.33,23.34,13.31,18.00,22.57,16.10,402.00,8.00,9.00,11.00,17.49,14.70,308.00,7.00,6.00,12.00,12.20,9.47,227.00,7.00,8.00,11.00,23.46,19.23,420.00,8.00,7.00,13.00,5.05,4.17,70.00,5.00,6.00,2.00,3,엄지 굽히기 (Thumb Flex)
-6.31,-3.44,0.69,-2.81,-4.12,83.85,42.75,147.73,133.96,43.42,102.99,58.10,37.00,44.70,104.82,31.47,59.24,92.86,78.71,38.15,33.00,35.28,61.39,47.77,19.31,42.67,55.08,19.80,87.00,88.75,70.41,88.12,35.74,36.19,119.28,80.93,199.00,10.31,28.52,24.20,10.00,14.30,17.28,9.77,10.00,22.57,16.10,342.00,7.00,9.00,10.00,16.37,13.49,275.00,7.00,5.00,12.00,11.42,8.40,204.00,9.00,7.00,10.00,22.32,17.27,442.00,9.00,8.00,13.00,4.20,3.61,62.00,5.00,5.00,1.00,3,엄지 굽히기 (Thumb Flex)
28.88,39.88,0.31,19.19,3.88,53.22,73.17,115.55,99.30,11.01,68.04,60.59,2.00,54.77,109.43,22.13,69.57,98.23,88.70,48.46,22.00,36.72,56.02,53.68,25.00,38.25,49.88,13.82,93.00,88.75,70.41,88.12,35.74,36.19,119.28,80.93,199.00,10.31,28.52,24.20,10.00,14.30,17.28,9.77,10.00,17.64,13.64,315.00,8.00,9.00,10.00,17.77,14.27,286.00,7.00,6.00,12.00,11.34,8.02,198.00,8.00,7.00,10.00,22.32,17.27,442.00,9.00,9.00,13.00,4.20,3.61,67.00,6.00,6.00,1.00,3,엄지 굽히기 (Thumb Flex)
-18.62,16.50,-14.69,-13.12,-3.81,45.98,95.71,98.75,105.85,22.12,85.74,47.38,26.00,76.77,104.92,10.95,66.00,112.43,83.07,26.59,44.00,41.07,62.63,47.23,33.24,46.87,34.51,5.05,109.00,81.43,79.06,93.02,34.00,25.75,108.29,89.65,210.00,6.17,31.12,22.55,5.00,14.34,21.30,7.72,15.00,18.25,14.28,332.00,8.00,9.00,10.00,18.24,15.12,286.00,7.00,6.00,12.00,11.96,9.10,214.00,9.00,7.00,11.00,22.56,17.78,475.00,10.00,10.00,14.00,4.30,3.81,73.00,7.00,7.00,1.00,3,엄지 굽히기 (Thumb Flex)
3.38,-27.50,34.12,50.38,-5.50,46.79,85.74,88.44,77.18,37.37,95.71,33.83,58.00,76.77,104.92,10.95,66.00,112.43,83.07,26.59,44.00,27.00,78.66,28.95,25.50,80.79,37.10,39.31,144.00,111.06,89.12,38.08,22.00,42.24,80.31,144.77,266.00,2.50,36.06,17.63,7.07,18.73,20.78,11.13,10.00,16.93,13.20,324.00,8.00,9.00,10.00,18.24,15.12,297.00,7.00,6.00,12.00,14.85,11.34,254.00,7.00,7.00,11.00,26.04,21.45,520.00,11.00,10.00,14.00,4.53,4.12,73.00,7.00,6.00,1.00,3,엄지 굽히기 (Thumb Flex)
34.31,15.81,-11.88,-7.00,4.31,56.81,108.75,56.83,98.41,55.38,110.20,56.21,25.00,84.80,93.98,19.13,66.91,113.04,93.98,21.85,55.00,27.00,78.66,28.95,25.50,80.79,37.10,39.31,144.00,121.29,110.43,42.28,31.11,29.65,71.42,123.60,244.00,4.96,33.70,19.48,5.39,21.03,23.03,14.06,7.00,19.09,15.52,349.00,7.00,8.00,11.00,18.64,15.81,341.00,8.00,7.00,13.00,14.85,11.34,278.00,7.00,7.00,11.00,25.11,20.25,498.00,11.00,10.00,14.00,4.65,4.31,78.00,7.00,6.00,2.00,3,엄지 굽히기 (Thumb Flex)
-6.69,4.81,4.50,17.12,6.62,56.81,108.75,56.83,98.41,55.38,110.20,56.21,25.00,84.80,93.98,19.13,66.91,113.04,93.98,21.85,55.00,30.97,74.12,33.14,28.60,85.82,32.23,35.00,138.00,120.20,83.60,8.63,60.17,59.58,44.84,99.80,210.00,15.96,34.47,17.69,16.12,26.10,12.15,3.92,18.00,19.09,15.52,366.00,7.00,8.00,11.00,18.64,15.81,341.00,7.00,8.00,13.00,14.66,10.88,277.00,7.00,7.00,11.00,22.13,17.86,442.00,11.00,10.00,14.00,4.86,4.45,76.00,6.00,6.00,2.00,3,엄지 굽히기 (Thumb Flex)
-20.19,14.44,-20.56,-26.88,-5.94,75.17,89.06,54.55,130.86,70.56,80.24,18.92,65.00,89.26,99.00,6.30,66.91,96.94,99.00,38.35,77.00,45.25,74.92,31.54,41.63,74.13,37.01,42.56,153.00,120.20,83.60,8.63,60.17,59.58,44.84,99.80,210.00,9.84,28.76,23.98,16.76,32.88,10.15,6.57,25.00,19.28,15.23,358.00,6.00,8.00,11.00,18.94,16.24,352.00,7.00,9.00,14.00,15.50,11.74,292.00,9.00,7.00,11.00,22.13,17.86,453.00,11.00,10.00,14.00,5.09,4.81,86.00,7.00,7.00,3.00,3,엄지 굽히기 (Thumb Flex)
10.81,-17.88,0.75,-4.19,9.69,61.12,83.24,67.53,123.57,86.06,83.24,17.61,81.00,90.65,89.20,15.36,77.78,102.04,94.78,49.30,88.00,50.21,79.01,27.31,39.85,72.59,38.60,41.38,148.00,128.96,91.66,19.12,50.09,55.68,37.00,101.76,199.00,13.83,34.73,20.23,11.18,34.39,15.09,12.51,31.00,19.45,15.84,382.00,7.00,8.00,12.00,19.40,17.02,363.00,7.00,9.00,14.00,15.44,11.47,287.00,9.00,7.00,11.00,22.10,17.61,431.00,10.00,10.00,14.00,5.58,5.19,102.00,8.00,8.00,4.00,3,엄지 굽히기 (Thumb Flex)
-28.19,-15.81,4.12,14.38,-5.69,76.95,97.58,55.36,109.13,90.08,97.58,30.97,97.00,112.18,58.30,44.86,88.68,69.50,125.38,20.42,55.00,30.43,53.71,51.20,65.12,46.84,63.37,53.32,122.00,76.44,37.07,47.01,89.19,6.72,69.03,141.18,144.00,12.49,29.30,16.61,11.18,27.78,24.81,22.27,41.00,20.49,16.71,414.00,8.00,8.00,13.00,19.43,17.19,352.00,7.00,9.00,13.00,14.57,10.59,277.00,7.00,7.00,10.00,20.25,16.83,442.00,11.00,10.00,14.00,5.69,5.27,118.00,9.00,9.00,5.00,3,엄지 굽히기 (Thumb Flex)
51.12,6.19,14.69,-29.62,-14.44,25.12,47.31,63.09,145.91,60.85,154.16,89.96,156.00,112.18,58.30,44.86,88.68,69.50,125.38,20.42,55.00,33.76,47.16,58.24,64.94,62.30,45.32,34.40,145.00,76.44,37.07,47.01,89.19,6.72,69.03,141.18,144.00,29.33,40.74,6.30,11.18,47.55,21.32,11.80,21.00,24.35,19.88,465.00,9.00,8.00,13.00,19.43,17.19,352.00,7.00,9.00,13.00,14.95,11.35,289.00,7.00,7.00,11.00,20.25,16.83,464.00,12.00,11.00,14.00,6.71,5.74,118.00,8.00,8.00,5.00,3,엄지 굽히기 (Thumb Flex)
12.62,-65.50,35.75,23.31,0.25,55.08,74.61,58.69,116.46,115.85,133.23,43.41,100.00,165.15,94.24,26.85,77.52,117.42,151.16,57.34,2.00,76.27,85.86,46.84,20.25,88.25,64.38,79.95,98.00,47.62,54.18,44.40,62.94,28.87,91.03,173.84,111.00,24.34,35.74,9.66,14.14,49.15,25.82,14.81,16.00,22.30,18.80,468.00,9.00,9.00,13.00,25.44,20.50,416.00,8.00,9.00,13.00,17.44,13.34,302.00,5.00,7.00,11.00,21.03,17.94,519.00,13.00,12.00,15.00,6.61,5.50,131.00,9.00,9.00,6.00,3,엄지 굽히기 (Thumb Flex)
-3.88,17.75,-24.62,10.94,7.56,63.06,82.58,53.43,109.00,112.02,128.94,46.35,108.00,126.31,51.76,63.41,34.21,150.25,152.46,101.33,42.00,50.52,62.22,69.61,40.72,112.35,69.54,105.43,72.00,41.36,76.16,30.75,80.16,25.26,91.73,155.17,133.00,15.21,29.50,19.86,23.26,57.58,16.11,6.24,27.00,22.13,18.36,460.00,9.00,9.00,13.00,25.12,19.97,480.00,9.00,9.00,13.00,18.56,14.70,358.00,7.00,8.00,12.00,21.08,17.94,519.00,13.00,13.00,15.00,6.86,5.87,135.00,9.00,8.00,6.00,3,엄지 굽히기 (Thumb Flex)
4.62,6.06,-2.94,-20.69,3.81,55.58,77.69,61.17,106.25,117.39,121.19,47.54,116.00,120.31,48.25,71.33,38.59,153.15,159.03,91.35,31.00,41.61,60.17,77.86,37.48,112.29,74.49,96.34,83.00,39.58,63.24,52.74,70.52,47.16,110.23,144.22,155.00,15.20,35.26,24.52,21.10,47.72,21.51,17.16,15.00,21.94,17.80,459.00,10.00,9.00,13.00,25.15,19.95,469.00,9.00,9.00,13.00,18.48,14.30,361.00,7.00,8.00,12.00,21.74,19.31,541.00,13.00,12.00,15.00,6.65,5.69,131.00,9.00,9.00,6.00,3,엄지 굽히기 (Thumb Flex)
-16.81,14.31,-30.19,-58.94,11.94,39.03,93.73,78.77,68.48,80.53,158.04,67.52,75.00,121.98,80.91,71.11,79.56,109.41,115.45,124.85,75.00,55.15,108.62,84.03,23.77,59.56,22.16,137.53,23.00,78.55,112.01,107.42,144.68,69.30,42.20,167.22,79.00,27.04,49.18,21.09,7.28,45.83,26.22,3.89,29.00,21.66,17.02,458.00,10.00,10.00,13.00,24.45,18.30,436.00,8.00,10.00,13.00,18.89,13.89,347.00,10.00,8.00,12.00,26.35,21.93,551.00,12.00,11.00,15.00,7.33,6.30,132.00,8.00,9.00,6.00,3,엄지 굽히기 (Thumb Flex)
-0.81,24.62,-5.81,-5.62,-4.38,39.03,93.73,78.77,68.48,80.53,158.04,67.52,75.00,128.62,91.58,63.11,77.52,115.26,124.55,119.02,64.00,45.85,99.26,90.82,23.35,50.89,12.53,142.91,13.00,72.32,101.29,108.86,143.42,79.02,43.47,169.12,68.00,16.05,41.32,31.33,14.76,36.00,37.10,9.84,40.00,21.66,17.02,458.00,10.00,10.00,13.00,24.99,18.73,447.00,8.00,10.00,14.00,18.54,13.11,356.00,9.00,9.00,12.00,26.06,21.33,561.00,11.00,11.00,15.00,7.25,6.25,146.00,9.00,10.00,7.00,0,휴식 (Relax)
-1.81,13.62,-5.44,6.75,6.44,29.41,81.19,94.72,55.00,65.06,164.84,51.53,91.00,128.62,91.58,63.11,77.52,115.26,124.55,119.02,64.00,51.85,101.80,85.32,17.46,52.26,7.46,144.25,7.00,78.64,114.30,87.47,121.50,80.73,63.33,166.45,46.00,18.87,41.19,29.50,16.40,33.66,39.51,12.84,43.00,21.22,16.27,450.00,10.00,10.00,13.00,24.99,18.73,436.00,7.00,10.00,14.00,18.59,13.51,356.00,9.00,9.00,12.00,25.15,19.78,539.00,11.00,10.00,15.00,7.38,6.44,149.00,9.00,10.00,8.00,0,휴식 (Relax)
-24.81,1.94,-14.44,-14.56,2.94,42.64,83.64,90.98,47.17,56.38,180.17,37.44,107.00,139.56,89.74,63.74,79.56,104.46,118.96,122.37,53.00,67.01,97.91,87.28,26.25,36.39,17.89,147.44,23.00,79.79,114.04,81.23,121.00,89.98,53.49,171.51,57.00,25.48,35.94,34.42,23.26,32.14,38.96,6.42,35.00,22.02,17.02,441.00,9.00,9.00,13.00,24.90,18.03,403.00,6.00,9.00,14.00,18.96,14.44,366.00,9.00,9.00,13.00,25.40,20.38,539.00,11.00,10.00,15.00,7.33,6.30,144.00,8.00,10.00,8.00,0,휴식 (Relax)
-14.25,-6.31,1.56,18.44,2.94,83.56,71.92,127.84,17.26,42.56,145.76,69.22,66.00,98.35,127.06,23.71,38.59,105.40,77.86,155.60,9.00,67.01,97.91,87.28,26.25,36.39,17.89,147.44,23.00,79.79,114.04,81.23,121.00,89.98,53.49,171.51,57.00,25.48,35.94,34.42,23.26,32.14,38.96,6.42,35.00,21.44,16.47,400.00,8.00,9.00,12.00,23.27,17.45,392.00,7.00,9.00,14.00,18.96,14.44,366.00,9.00,9.00,13.00,25.40,20.38,539.00,11.00,10.00,15.00,7.33,6.30,136.00,7.00,10.00,8.00,0,휴식 (Relax)
-7.25,5.38,0.56,-4.25,-5.06,68.73,84.23,117.27,3.16,29.34,144.43,80.59,50.00,91.22,137.52,14.65,45.28,94.56,88.34,144.90,20.00,60.98,113.72,79.78,39.81,29.83,28.54,133.89,7.00,86.58,125.03,70.58,121.50,93.29,49.10,160.96,46.00,25.48,35.94,34.42,23.26,32.14,38.96,6.42,35.00,20.74,15.34,384.00,7.00,9.00,11.00,22.95,17.02,359.00,7.00,9.00,14.00,18.59,13.51,315.00,8.00,8.00,12.00,25.15,19.78,494.00,11.00,10.00,15.00,7.33,6.30,142.00,8.00,9.00,8.00,0,휴식 (Relax)
8.25,13.62,-12.25,-21.38,-2.38,63.54,92.14,121.35,5.10,36.74,139.06,77.30,58.00,111.26,123.34,40.61,32.89,79.82,115.93,101.62,64.00,74.45,92.67,57.11,49.52,22.62,79.25,84.50,44.00,38.63,87.32,111.29,44.38,171.27,41.02,83.65,32.00,25.42,35.54,29.93,25.81,30.23,35.74,5.68,40.00,20.85,15.78,367.00,8.00,8.00,11.00,22.10,14.94,326.00,6.00,8.00,14.00,16.48,12.25,285.00,8.00,7.00,12.00,22.01,17.28,460.00,9.00,9.00,15.00,7.12,5.95,135.00,7.00,10.00,7.00,0,휴식 (Relax)
-20.19,-27.62,7.75,-9.69,2.62,95.88,73.74,65.91,56.22,69.22,82.30,96.72,115.00,108.35,104.03,58.25,17.03,120.54,126.07,70.26,108.00,72.50,84.67,72.53,39.45,29.25,90.61,68.56,60.00,36.04,94.34,108.67,48.30,167.20,40.23,93.06,21.00,25.42,35.54,29.93,25.81,30.23,35.74,5.68,40.00,19.70,15.19,358.00,8.00,9.00,11.00,22.95,17.02,359.00,7.00,8.00,14.00,16.49,12.22,290.00,8.00,7.00,12.00,22.15,17.98,449.00,9.00,9.00,15.00,7.12,5.95,137.00,8.00,9.00,7.00,0,휴식 (Relax)
-26.69,-15.25,3.06,-7.62,-1.88,109.15,92.60,68.47,63.06,76.92,102.24,77.02,91.00,120.96,85.56,78.93,35.47,107.59,135.75,77.69,86.00,70.80,89.40,69.69,35.23,27.29,91.09,64.17,65.00,35.78,127.31,76.62,79.12,144.59,26.70,77.19,54.00,31.17,27.54,28.62,31.14,34.60,29.76,11.82,32.00,20.84,16.69,350.00,8.00,8.00,10.00,23.25,18.06,359.00,7.00,8.00,14.00,16.39,11.95,269.00,7.00,7.00,11.00,21.41,17.12,405.00,8.00,8.00,14.00,6.99,5.75,129.00,8.00,9.00,6.00,0,휴식 (Relax)
11.31,7.44,6.44,2.00,-5.00,104.67,61.59,36.83,92.66,108.84,114.82,47.40,59.00,130.76,74.69,80.72,33.06,101.50,125.14,77.49,97.00,89.89,67.14,58.95,54.38,2.34,77.86,52.49,91.00,40.52,112.21,92.07,87.82,123.61,21.38,81.74,76.00,29.26,29.01,30.50,29.83,33.69,27.76,13.82,30.00,20.48,16.10,358.00,8.00,8.00,10.00,22.87,17.55,348.00,7.00,8.00,14.00,15.81,10.92,253.00,6.00,8.00,10.00,20.87,16.00,394.00,8.00,8.00,14.00,6.88,5.62,116.00,7.00,8.00,5.00,0,휴식 (Relax)
-3.69,-4.25,-4.19,-18.62,0.56,99.50,70.39,47.68,88.96,115.05,111.96,31.54,43.00,119.78,81.57,89.88,44.05,90.64,115.65,82.84,108.00,84.09,68.29,64.88,57.80,3.71,72.35,53.64,97.00,27.27,112.21,100.99,69.66,124.22,21.38,97.87,98.00,38.23,29.83,25.36,23.60,24.71,22.09,22.47,21.00,20.30,15.69,334.00,8.00,8.00,10.00,22.59,16.69,359.00,8.00,9.00,15.00,15.84,11.16,259.00,7.00,9.00,11.00,21.41,17.12,394.00,9.00,8.00,14.00,6.48,5.06,105.00,7.00,9.00,4.00,0,휴식 (Relax)
-5.19,5.38,-3.50,4.75,-1.75,115.56,76.71,59.39,65.31,100.97,94.43,9.85,19.00,99.21,83.29,108.48,48.33,97.95,122.58,66.05,86.00,73.19,63.25,71.16,66.89,9.81,82.72,47.87,86.00,20.35,99.71,122.85,85.28,103.23,34.19,76.93,76.00,33.83,25.68,22.42,27.78,23.63,23.85,26.73,16.00,19.04,14.19,251.00,7.00,7.00,9.00,22.28,15.64,348.00,8.00,9.00,15.00,15.77,11.00,247.00,7.00,9.00,10.00,20.42,15.75,372.00,9.00,8.00,14.00,6.28,4.75,97.00,7.00,9.00,3.00,0,휴식 (Relax)
-9.00,-15.25,8.25,13.69,2.00,58.11,27.71,20.58,102.45,35.89,27.71,64.24,48.00,115.72,97.02,113.11,68.96,84.85,116.27,46.73,64.00,63.18,52.33,66.17,61.47,9.10,78.04,57.43,98.00,42.37,131.82,117.79,69.26,84.95,67.04,43.98,43.00,26.96,6.53,3.95,24.74,11.51,8.08,21.09,36.00,13.23,11.12,224.00,7.00,7.00,8.00,22.59,16.69,295.00,8.00,9.00,15.00,15.09,10.25,234.00,8.00,8.00,10.00,20.24,15.40,328.00,8.00,7.00,14.00,4.58,3.88,87.00,7.00,10.00,2.00,0,휴식 (Relax)
0.50,2.06,5.81,-5.56,-5.81,37.14,16.06,44.48,89.44,42.89,49.30,41.40,24.00,101.85,22.08,38.90,85.91,15.15,67.78,30.85,11.00,54.71,18.37,25.29,28.02,32.25,70.46,18.84,57.00,4.42,98.11,79.38,30.41,119.26,101.53,20.13,1.00,26.01,7.69,3.37,27.66,8.73,5.55,22.80,39.00,11.82,9.62,216.00,8.00,7.00,7.00,14.14,11.09,231.00,8.00,9.00,15.00,9.98,7.69,177.00,7.00,8.00,9.00,18.07,13.69,339.00,9.00,8.00,14.00,4.76,4.06,87.00,7.00,10.00,2.00,0,휴식 (Relax)
16.00,2.75,-5.81,-3.50,-0.44,44.93,22.08,42.56,96.66,38.95,53.30,36.18,16.00,96.42,31.31,46.32,77.78,22.88,58.10,39.83,22.00,50.26,18.26,31.42,20.62,37.79,64.57,9.35,47.00,33.43,104.95,53.98,25.06,94.55,98.21,26.78,32.00,22.82,8.76,3.83,29.55,13.80,11.54,17.83,33.00,12.33,10.00,224.00,5.00,6.00,8.00,13.75,10.66,220.00,8.00,8.00,14.00,9.30,7.06,167.00,7.00,7.00,9.00,16.65,12.06,306.00,8.00,8.00,13.00,4.57,3.74,89.00,7.00,10.00,2.00,0,휴식 (Relax)
-6.50,-7.56,-0.44,6.81,-0.25,21.77,4.88,25.30,108.81,14.99,54.04,38.44,8.00,88.37,36.25,43.83,85.91,14.91,68.82,34.33,11.00,54.59,21.86,34.13,25.55,35.43,58.72,3.39,41.00,24.54,95.01,49.89,16.28,99.74,106.73,33.65,43.00,20.67,8.53,4.50,26.83,14.25,9.76,20.72,36.00,11.74,9.69,224.00,8.00,6.00,8.00,13.87,11.17,220.00,9.00,8.00,14.00,9.20,6.74,141.00,6.00,7.00,8.00,16.72,12.31,274.00,9.00,7.00,13.00,4.52,3.56,80.00,7.00,9.00,2.00,0,휴식 (Relax)
-6.50,-6.19,3.62,3.44,6.12,21.77,4.88,25.30,108.81,14.99,54.04,38.43,8.00,68.63,38.91,23.55,101.41,18.37,59.73,40.71,33.00,27.22,9.16,5.95,49.19,4.95,36.06,27.70,10.00,49.22,46.89,7.14,66.91,47.01,53.70,50.76,11.00,15.42,6.61,5.03,24.74,8.35,10.01,14.81,30.00,11.74,9.69,208.00,7.00,6.00,7.00,13.45,10.91,209.00,9.00,7.00,13.00,6.51,5.50,122.00,7.00,7.00,7.00,11.48,9.37,220.00,8.00,7.00,12.00,3.71,3.14,69.00,8.00,8.00,1.00,0,휴식 (Relax)
9.50,16.50,3.25,3.44,-0.19,21.77,4.88,25.30,108.81,14.99,54.04,38.44,8.00,57.75,36.36,16.00,94.63,24.38,55.08,40.28,22.00,21.61,13.88,10.84,52.15,10.33,35.20,22.20,16.00,49.22,46.89,7.14,66.91,47.01,53.70,50.76,11.00,20.34,10.54,8.44,19.92,6.74,9.10,11.02,25.00,11.74,9.69,224.00,8.00,6.00,8.00,12.30,10.31,220.00,10.00,7.00,13.00,6.53,5.53,122.00,7.00,7.00,7.00,11.48,9.37,209.00,8.00,6.00,11.00,3.49,2.86,64.00,7.00,8.00,0.00,0,휴식 (Relax)
9.50,16.50,-7.44,-6.19,0.19,21.77,4.88,25.30,108.81,14.99,54.04,38.43,8.00,57.75,36.36,16.00,94.63,24.38,55.08,40.28,22.00,26.60,13.45,7.94,56.44,11.86,31.64,19.30,21.00,29.10,37.05,29.10,88.68,29.10,52.36,29.10,11.00,14.59,5.07,4.90,22.47,12.51,6.95,10.71,19.00,11.74,9.69,200.00,7.00,5.00,7.00,12.30,10.31,209.00,10.00,7.00,12.00,6.77,5.88,123.00,8.00,6.00,7.00,10.98,8.94,198.00,8.00,5.00,11.00,3.15,2.48,61.00,7.00,8.00,0.00,0,휴식 (Relax)
-7.00,5.50,-12.44,-16.50,-1.50,20.19,11.20,18.74,104.31,17.63,56.59,31.28,0.00,57.75,36.36,16.00,94.63,24.38,55.08,40.28,22.00,26.60,13.45,7.94,56.44,11.86,31.64,19.30,21.00,24.33,28.44,34.58,90.71,39.58,59.56,38.55,0.00,11.38,6.51,9.47,18.44,10.56,11.03,8.79,24.00,11.27,9.12,208.00,8.00,5.00,8.00,12.30,10.31,209.00,9.00,6.00,12.00,6.77,5.88,112.00,7.00,6.00,6.00,11.67,9.62,176.00,7.00,4.00,11.00,3.06,2.44,63.00,7.00,8.00,0.00,0,휴식 (Relax)
-7.00,-45.81,13.88,17.19,3.50,20.19,11.20,18.74,104.31,17.63,56.59,31.28,0.00,50.92,34.13,47.87,132.00,66.17,83.00,12.53,65.00,20.26,2.72,4.84,66.21,22.66,40.45,19.51,10.00,28.05,17.44,30.72,80.08,39.70,48.56,32.39,11.00,11.38,6.51,9.47,18.44,10.56,11.03,8.79,24.00,11.27,9.12,200.00,7.00,5.00,8.00,17.00,13.34,252.00,9.00,6.00,12.00,7.61,6.48,139.00,8.00,7.00,7.00,10.27,8.94,187.00,8.00,5.00,11.00,3.06,2.44,60.00,7.00,8.00,0.00,0,휴식 (Relax)
-6.50,-2.12,2.88,6.19,-4.50,26.49,10.99,10.77,100.24,17.66,64.06,34.27,8.00,58.23,45.00,49.71,127.81,61.29,82.19,16.91,54.00,20.26,2.72,4.84,66.21,22.66,40.45,19.51,10.00,28.05,17.44,30.72,80.08,39.70,48.56,32.39,11.00,11.38,6.51,9.47,18.44,10.56,11.03,8.79,24.00,11.39,9.50,184.00,7.00,4.00,7.00,16.88,13.00,284.00,9.00,6.00,12.00,7.61,6.48,134.00,7.00,7.00,7.00,10.27,8.94,176.00,7.00,5.00,11.00,3.06,2.44,65.00,8.00,9.00,0.00,0,휴식 (Relax)
17.50,19.88,-3.75,-5.50,0.38,26.49,10.99,10.77,100.24,17.66,64.06,34.27,8.00,58.23,45.00,49.71,127.81,61.29,82.19,16.91,54.00,25.70,11.56,10.73,57.31,15.87,36.20,17.34,0.00,17.59,20.62,37.96,69.57,34.34,49.79,30.69,0.00,10.31,6.64,11.47,17.20,10.34,10.58,6.87,26.00,11.39,9.50,176.00,7.00,4.00,7.00,16.88,13.00,262.00,9.00,5.00,12.00,6.88,5.78,119.00,7.00,6.00,6.00,9.53,8.25,176.00,8.00,5.00,11.00,3.04,2.34,65.00,8.00,9.00,0.00,0,휴식 (Relax)
-7.00,-3.50,-3.06,-5.50,-1.31,18.76,4.39,8.50,96.66,15.09,61.81,37.36,0.00,36.23,47.47,69.76,122.00,41.98,60.19,5.17,76.00,16.35,6.45,15.92,63.41,5.21,26.84,17.21,11.00,17.59,20.62,37.96,69.57,34.34,49.79,30.69,0.00,14.51,3.63,11.03,13.45,6.00,7.27,1.92,31.00,10.91,9.00,192.00,8.00,4.00,8.00,15.72,11.62,273.00,10.00,6.00,12.00,6.67,5.56,114.00,7.00,5.00,6.00,9.53,8.25,176.00,8.00,5.00,11.00,2.93,2.27,62.00,7.00,10.00,0.00,0,휴식 (Relax)
-0.50,6.12,2.94,25.44,6.19,15.60,25.34,17.28,75.47,12.66,53.05,24.04,24.00,18.39,68.04,73.96,100.44,42.92,77.45,17.80,54.00,16.35,6.45,15.92,63.41,5.21,26.84,17.21,11.00,17.94,19.05,5.25,101.41,65.92,19.05,25.08,33.00,6.57,11.15,3.85,20.12,3.85,2.37,6.57,39.00,9.15,7.69,160.00,7.00,4.00,7.00,15.35,11.02,262.00,10.00,6.00,12.00,6.67,5.56,115.00,8.00,4.00,6.00,11.48,9.37,198.00,8.00,4.00,11.00,3.32,2.48,67.00,8.00,10.00,0.00,0,휴식 (Relax)
0.50,16.44,-2.38,-6.88,-4.81,7.89,15.36,21.90,68.35,18.47,41.04,19.92,40.00,18.85,77.94,66.20,103.41,51.85,75.92,7.58,65.00,5.44,17.36,18.91,57.31,16.01,21.97,15.64,22.00,6.95,20.33,15.07,99.61,68.78,8.42,28.32,44.00,6.57,11.15,3.85,20.12,3.85,2.37,6.57,39.00,8.23,6.56,144.00,8.00,4.00,6.00,15.84,11.62,262.00,9.00,5.00,12.00,6.37,5.17,110.00,8.00,5.00,5.00,11.59,9.62,209.00,8.00,4.00,11.00,3.32,2.48,73.00,8.00,10.00,1.00,0,휴식 (Relax)
8.00,4.75,3.25,2.75,-4.50,11.74,13.69,14.39,75.89,17.46,33.05,19.35,48.00,27.46,82.52,55.92,113.89,43.35,69.19,16.46,54.00,10.91,14.20,22.87,52.15,19.61,25.58,15.67,28.00,28.45,8.42,24.94,77.78,54.46,20.33,37.55,66.00,11.04,11.32,6.37,24.70,6.26,7.20,3.78,34.00,8.49,7.00,152.00,5.00,4.00,6.00,15.83,11.44,262.00,8.00,5.00,12.00,6.40,5.25,116.00,9.00,6.00,5.00,10.65,8.59,198.00,8.00,5.00,11.00,3.52,2.81,71.00,8.00,9.00,1.00,0,휴식 (Relax)
0.00,-5.56,-2.75,-17.88,-1.50,11.74,13.69,14.39,75.89,17.46,33.05,19.35,48.00,16.64,86.36,56.95,117.55,48.46,58.42,25.45,43.00,10.91,14.20,22.87,52.15,19.61,25.58,15.67,28.00,13.87,26.39,12.76,83.77,33.00,41.51,49.28,88.00,11.04,11.32,6.37,24.70,6.26,7.20,3.78,34.00,8.49,7.00,152.00,5.00,4.00,6.00,15.84,11.62,251.00,8.00,4.00,12.00,6.40,5.25,111.00,9.00,6.00,4.00,11.59,9.62,209.00,9.00,5.00,11.00,3.52,2.81,69.00,7.00,8.00,1.00,0,휴식 (Relax)
-8.00,-26.88,8.25,15.12,6.31,11.74,13.69,14.39,75.89,17.46,33.05,19.35,48.00,6.02,96.70,48.14,127.81,37.73,67.98,20.17,54.00,10.91,14.20,22.87,52.15,19.61,25.58,15.67,28.00,13.87,26.39,12.76,83.77,33.00,41.51,49.28,88.00,10.14,8.45,9.35,27.51,7.27,7.38,2.99,37.00,8.49,7.00,152.00,5.00,4.00,6.00,16.76,12.39,251.00,7.00,4.00,12.00,6.40,5.25,117.00,10.00,7.00,5.00,11.59,9.62,220.00,9.00,6.00,11.00,3.77,2.98,69.00,7.00,7.00,1.00,0,휴식 (Relax)
-7.50,16.44,-7.06,3.44,0.00,5.68,20.42,10.74,73.76,21.21,38.77,13.07,56.00,15.69,86.97,58.16,132.00,37.76,72.10,24.10,65.00,14.68,5.93,33.40,47.17,18.58,28.26,8.94,39.00,12.24,25.43,9.70,88.68,23.94,44.89,50.70,77.00,12.27,7.79,12.49,26.31,2.44,3.92,6.29,32.00,8.70,7.50,136.00,7.00,3.00,5.00,17.22,12.99,295.00,8.00,5.00,13.00,6.60,5.45,122.00,10.00,7.00,5.00,11.48,9.37,231.00,9.00,7.00,12.00,3.57,2.62,70.00,5.00,8.00,1.00,0,휴식 (Relax)
16.50,26.06,-7.06,-17.88,5.62,5.68,20.42,10.74,73.76,21.21,38.77,13.07,56.00,35.59,83.79,62.37,152.28,17.24,81.91,13.51,43.00,14.68,5.93,33.40,47.17,18.58,28.26,8.94,39.00,17.23,18.03,1.98,98.39,14.86,55.34,57.88,66.00,17.68,13.18,11.96,20.40,6.31,9.72,0.65,38.00,8.70,7.50,136.00,7.00,3.00,5.00,18.43,14.20,295.00,7.00,5.00,13.00,6.60,5.45,117.00,10.00,7.00,5.00,12.22,10.14,242.00,9.00,7.00,12.00,3.85,3.14,76.00,9.00,9.00,1.00,0,휴식 (Relax)
-22.50,-17.25,-6.75,-6.19,2.44,18.54,19.64,25.50,78.79,28.09,50.58,3.04,72.00,27.85,76.54,70.73,156.59,10.50,92.72,15.19,32.00,19.67,10.76,31.10,49.19,21.74,23.84,5.39,44.00,27.72,7.89,10.41,103.77,14.72,46.00,47.90,77.00,20.68,15.94,9.55,21.19,7.00,7.48,3.50,35.00,10.28,8.50,176.00,8.00,4.00,6.00,18.88,14.97,339.00,8.00,6.00,14.00,6.81,5.72,111.00,9.00,7.00,5.00,12.28,10.31,253.00,9.00,8.00,13.00,3.90,3.33,73.00,8.00,9.00,1.00,0,휴식 (Relax)
-6.50,14.38,-6.06,15.12,2.62,18.54,19.64,25.50,78.79,28.09,50.58,3.04,72.00,39.61,98.42,52.84,136.95,30.86,111.47,28.40,10.00,30.22,20.81,20.10,39.66,27.93,34.60,15.57,33.00,16.93,18.83,13.42,113.25,10.17,45.45,36.96,88.00,17.98,14.96,12.31,18.38,9.99,8.26,6.44,32.00,10.28,8.50,176.00,7.00,5.00,6.00,19.17,15.22,350.00,8.00,7.00,14.00,6.90,5.70,111.00,9.00,7.00,5.00,12.83,11.00,275.00,10.00,8.00,14.00,3.71,3.09,67.00,7.00,9.00,1.00,0,휴식 (Relax)
2.00,14.38,4.94,14.44,-2.25,25.87,12.51,19.07,75.89,20.11,46.34,9.92,80.00,39.61,98.42,52.84,136.95,30.86,111.47,28.40,10.00,30.22,20.81,20.10,39.66,27.93,34.60,15.57,33.00,10.47,27.33,24.11,118.98,20.69,37.83,47.63,77.00,16.76,16.09,12.56,19.24,9.49,6.41,4.83,34.00,10.00,8.00,184.00,8.00,5.00,6.00,19.17,15.22,350.00,8.00,7.00,14.00,6.90,5.70,111.00,9.00,7.00,5.00,13.31,11.69,264.00,9.00,8.00,13.00,3.75,3.19,72.00,8.00,9.00,1.00,0,휴식 (Relax)
17.50,4.06,4.25,13.06,-0.25,20.66,20.42,26.57,83.52,19.27,38.77,16.98,88.00,40.71,98.02,41.86,127.42,37.94,117.11,28.05,21.00,26.15,26.19,14.33,31.11,29.87,38.08,8.63,44.00,25.73,38.91,35.97,101.41,20.00,59.73,32.13,99.00,16.76,16.09,12.56,19.24,9.49,6.41,4.83,34.00,10.67,8.50,184.00,7.00,5.00,6.00,18.84,14.70,350.00,8.00,7.00,14.00,6.81,5.72,106.00,9.00,6.00,5.00,13.59,11.95,253.00,9.00,7.00,12.00,3.75,3.19,72.00,8.00,9.00,1.00,0,휴식 (Relax)
16.00,4.06,3.25,0.69,-0.38,28.75,40.02,37.41,80.00,7.85,61.43,16.50,64.00,40.71,98.02,41.86,127.42,37.94,117.11,28.05,21.00,33.29,42.16,2.74,22.80,13.89,23.46,17.07,28.00,47.72,45.35,35.76,88.68,3.76,45.35,41.88,77.00,16.52,14.55,14.27,20.25,7.96,7.50,5.29,32.00,11.31,9.00,184.00,4.00,5.00,6.00,18.84,14.70,296.00,7.00,6.00,13.00,6.15,5.25,79.00,8.00,5.00,4.00,12.58,10.48,231.00,8.00,6.00,12.00,3.71,3.09,67.00,7.00,8.00,1.00,0,휴식 (Relax)
-0.50,-9.62,3.94,1.38,5.44,36.27,43.59,35.13,72.00,13.18,57.86,9.61,72.00,22.80,55.03,35.04,93.34,58.20,84.47,25.94,22.00,24.11,34.81,12.44,12.53,13.39,13.06,25.31,17.00,37.73,49.19,44.77,79.32,14.68,49.19,46.53,66.00,15.44,14.72,14.25,22.83,7.37,8.33,6.00,35.00,11.12,8.69,200.00,8.00,5.00,7.00,13.95,11.34,264.00,8.00,6.00,13.00,5.03,4.56,68.00,8.00,5.00,3.00,12.22,9.97,220.00,8.00,6.00,11.00,3.90,3.33,65.00,7.00,7.00,1.00,0,휴식 (Relax)
-1.00,0.69,3.94,1.38,-2.75,44.25,42.41,27.37,72.44,7.94,55.37,17.39,64.00,25.10,48.20,28.97,101.41,48.64,84.35,22.83,11.00,24.11,34.81,12.44,12.53,13.39,13.06,25.31,17.00,37.73,49.19,44.77,79.32,14.68,49.19,46.53,66.00,13.78,17.23,11.69,21.54,10.21,5.57,4.14,32.00,10.91,8.38,176.00,7.00,4.00,6.00,13.73,10.57,253.00,8.00,6.00,13.00,5.03,4.56,62.00,7.00,5.00,3.00,12.22,9.97,209.00,7.00,6.00,10.00,3.70,3.19,68.00,8.00,7.00,1.00,0,휴식 (Relax)
7.50,22.00,-6.75,0.69,2.06,37.26,48.66,32.92,64.50,14.78,48.66,25.26,56.00,27.80,51.55,17.98,108.89,47.93,92.06,21.88,22.00,19.14,38.98,10.53,17.09,16.06,15.89,26.85,12.00,42.27,39.66,48.65,70.43,24.05,39.66,50.28,77.00,11.60,20.15,9.30,18.79,8.66,8.49,6.63,35.00,10.38,7.69,160.00,7.00,3.00,5.00,14.55,11.00,253.00,3.00,5.00,13.00,5.30,4.88,73.00,8.00,5.00,4.00,11.97,9.20,209.00,7.00,6.00,10.00,3.73,3.30,71.00,9.00,7.00,1.00,0,휴식 (Relax)
-8.50,-0.69,-6.44,-20.62,-5.75,37.26,48.66,32.92,64.50,14.78,48.66,25.26,56.00,30.43,61.92,17.82,101.41,58.06,81.07,26.63,11.00,14.95,43.86,5.74,19.42,18.88,10.90,27.26,17.00,42.01,43.19,37.69,77.78,32.90,39.02,58.96,88.00,14.36,18.71,8.75,17.72,10.98,10.48,9.63,38.00,10.38,7.69,168.00,8.00,4.00,6.00,14.27,10.48,264.00,8.00,6.00,13.00,5.53,5.19,67.00,7.00,4.00,4.00,12.83,10.14,198.00,7.00,5.00,10.00,3.94,3.47,71.00,9.00,7.00,1.00,0,휴식 (Relax)
-8.00,-31.62,-1.06,2.75,5.25,36.30,53.71,24.94,72.44,13.77,44.49,30.70,48.00,44.22,35.96,15.35,128.28,84.16,63.49,57.53,22.00,13.07,47.38,4.47,14.87,13.32,15.92,24.57,11.00,55.98,41.51,37.74,64.14,41.99,26.39,37.71,66.00,14.36,18.71,8.75,17.72,10.98,10.48,9.63,38.00,10.58,8.00,168.00,3.00,4.00,6.00,16.44,12.89,286.00,7.00,5.00,13.00,5.41,4.95,66.00,6.00,3.00,4.00,11.34,9.28,187.00,7.00,5.00,10.00,3.94,3.47,71.00,9.00,8.00,1.00,0,휴식 (Relax)
-15.00,-18.56,4.56,-8.25,-2.94,44.79,55.37,22.43,72.44,28.65,42.41,27.68,64.00,75.96,51.80,40.10,114.84,94.42,58.03,25.44,11.00,12.74,48.38,1.55,19.72,15.00,18.69,20.93,5.00,55.98,41.51,37.74,64.14,41.99,26.39,37.71,66.00,11.70,16.03,11.05,17.12,11.91,12.69,7.70,35.00,11.27,9.12,168.00,5.00,3.00,6.00,16.83,13.92,286.00,7.00,6.00,13.00,5.53,5.19,66.00,6.00,2.00,4.00,11.34,9.28,187.00,7.00,5.00,10.00,3.73,3.30,79.00,10.00,9.00,1.00,0,휴식 (Relax)
16.50,13.75,-5.75,-7.56,1.56,37.78,59.85,14.68,80.40,34.08,37.55,32.18,72.00,65.17,40.80,41.40,125.42,105.38,51.88,18.91,22.00,18.50,39.47,10.29,27.02,25.97,20.16,13.75,6.00,66.96,30.78,43.98,70.43,44.49,16.21,28.26,55.00,9.40,8.63,12.19,9.22,3.94,4.85,11.98,43.00,11.82,9.56,192.00,6.00,4.00,7.00,17.17,14.44,308.00,7.00,6.00,13.00,5.61,5.22,71.00,6.00,2.00,5.00,11.48,9.80,165.00,6.00,4.00,9.00,3.43,3.06,81.00,11.00,10.00,1.00,0,휴식 (Relax)
-14.50,-8.25,-0.75,2.06,1.25,53.64,44.05,27.84,80.40,32.43,22.18,46.99,88.00,65.17,40.80,41.40,125.42,105.38,51.88,18.91,22.00,18.50,39.47,10.29,27.02,25.97,20.16,13.75,6.00,48.09,50.99,57.37,55.00,31.99,23.37,25.15,33.00,12.58,8.85,9.77,11.40,7.09,8.35,10.58,38.00,12.40,10.50,216.00,6.00,5.00,8.00,17.17,14.44,308.00,8.00,6.00,13.00,5.61,5.22,65.00,5.00,2.00,4.00,10.45,8.34,143.00,6.00,3.00,9.00,3.33,2.91,73.00,10.00,9.00,1.00,0,휴식 (Relax)
-6.50,0.69,-9.44,-17.88,-3.25,53.64,44.05,27.84,80.40,32.43,22.18,46.99,88.00,54.85,53.31,64.74,93.98,82.91,28.08,43.56,55.00,39.49,30.43,16.84,17.00,17.48,8.48,9.34,27.00,70.76,46.35,30.49,34.79,1.94,56.35,52.64,0.00,5.61,3.88,17.75,7.07,9.72,12.84,15.20,30.00,12.40,10.50,224.00,6.00,6.00,8.00,15.30,11.95,275.00,8.00,7.00,13.00,5.51,5.06,59.00,6.00,3.00,4.00,10.91,9.28,154.00,7.00,4.00,9.00,3.25,2.88,72.00,10.00,8.00,1.00,0,휴식 (Relax)
8.50,-19.25,21.81,14.44,-5.94,42.32,49.52,43.14,83.52,46.24,31.68,33.50,72.00,53.40,20.62,78.04,88.00,51.20,49.79,76.55,88.00,17.87,26.42,34.26,45.00,15.04,25.22,34.47,55.00,65.67,37.60,27.07,45.35,10.02,64.44,63.64,11.00,2.21,3.60,20.42,12.04,12.58,13.31,10.58,35.00,12.48,10.56,216.00,6.00,5.00,8.00,15.80,13.06,286.00,9.00,7.00,13.00,7.80,6.34,92.00,5.00,4.00,5.00,11.48,9.80,165.00,7.00,4.00,9.00,3.58,3.19,69.00,9.00,7.00,1.00,0,휴식 (Relax)
9.00,-6.19,8.81,2.06,-0.56,45.10,52.29,38.97,75.89,46.60,33.25,30.53,64.00,59.17,19.05,110.45,55.00,61.84,19.05,47.49,55.00,23.01,24.99,47.86,47.76,23.91,22.74,23.24,39.00,68.93,15.67,8.20,45.35,21.97,65.97,44.26,11.00,5.39,6.70,18.27,13.89,7.39,8.55,16.57,29.00,11.96,10.12,176.00,5.00,4.00,7.00,14.54,12.29,253.00,8.00,7.00,13.00,7.96,6.56,104.00,5.00,5.00,6.00,10.45,8.34,165.00,7.00,5.00,9.00,3.33,2.88,71.00,9.00,8.00,1.00,0,휴식 (Relax)
7.00,3.44,3.12,-8.94,-5.06,54.07,24.99,30.10,72.44,24.74,34.17,47.06,32.00,61.70,4.56,107.51,59.24,53.04,26.56,40.82,33.00,33.11,21.35,48.39,37.58,15.30,14.97,27.28,50.00,68.93,15.67,8.20,45.35,21.97,65.97,44.26,11.00,12.45,11.50,10.49,8.06,9.08,16.54,9.41,37.00,10.54,9.12,160.00,7.00,4.00,6.00,13.87,11.17,231.00,8.00,7.00,13.00,7.79,6.27,109.00,5.00,5.00,6.00,10.45,8.34,154.00,7.00,5.00,9.00,3.53,2.95,76.00,9.00,9.00,1.00,0,휴식 (Relax)
-9.00,-26.81,7.12,2.75,0.12,54.07,24.99,30.10,72.44,24.74,34.17,47.06,32.00,47.92,39.44,69.85,101.41,12.04,70.56,69.14,11.00,49.09,13.50,35.79,34.00,16.26,30.75,29.05,34.00,59.37,18.03,15.30,49.19,27.53,55.34,47.53,0.00,14.87,12.40,8.85,5.66,10.83,14.50,11.28,34.00,10.54,9.12,168.00,8.00,4.00,7.00,15.05,12.46,264.00,9.00,8.00,14.00,7.74,6.03,103.00,4.00,6.00,5.00,9.92,7.91,165.00,8.00,6.00,10.00,3.44,2.77,76.00,10.00,9.00,1.00,0,휴식 (Relax)
-1.00,-3.44,2.12,3.44,-1.88,54.07,24.99,30.10,72.44,24.74,34.17,47.06,32.00,46.62,57.16,51.47,108.34,33.50,57.16,47.77,11.00,49.09,13.50,35.79,34.00,16.26,30.75,29.05,34.00,48.56,18.60,17.44,39.66,17.44,61.39,48.56,11.00,14.87,12.40,8.85,5.66,10.83,14.50,11.28,34.00,10.54,9.12,160.00,7.00,5.00,6.00,14.40,11.69,275.00,9.00,9.00,14.00,7.74,6.03,108.00,4.00,7.00,5.00,9.30,7.48,165.00,8.00,6.00,10.00,3.44,2.77,76.00,10.00,10.00,1.00,0,휴식 (Relax)
15.00,28.19,-3.50,4.12,0.12,54.07,24.99,30.10,72.44,24.74,34.17,47.06,32.00,55.65,55.38,49.67,128.75,44.59,66.60,25.99,33.00,45.23,19.49,36.34,34.53,22.17,30.66,23.62,40.00,37.80,17.20,13.82,34.79,19.39,63.72,43.31,0.00,14.87,12.40,8.85,5.66,10.83,14.50,11.28,34.00,10.54,9.12,176.00,8.00,5.00,7.00,16.02,13.06,308.00,10.00,9.00,15.00,7.77,6.19,114.00,5.00,7.00,5.00,8.59,7.05,154.00,8.00,6.00,9.00,3.44,2.77,78.00,10.00,10.00,1.00,0,휴식 (Relax)
0.00,-4.12,-3.12,-16.50,0.12,41.69,18.37,14.86,72.44,11.09,44.35,38.75,48.00,46.74,47.24,59.42,125.42,41.36,77.44,17.86,44.00,44.10,24.01,31.44,40.45,21.53,26.37,29.60,34.00,23.90,18.83,10.92,56.09,37.63,45.45,60.84,22.00,14.87,12.40,8.85,5.66,10.83,14.50,11.28,34.00,9.80,8.00,176.00,5.00,6.00,7.00,15.98,12.89,330.00,10.00,9.00,15.00,7.79,6.25,114.00,5.00,7.00,5.00,9.53,8.25,176.00,9.00,6.00,10.00,3.44,2.77,72.00,10.00,9.00,1.00,0,휴식 (Relax)
-7.50,-4.12,2.88,15.81,6.12,39.45,13.52,10.39,80.40,10.39,44.64,39.45,40.00,46.74,47.24,59.42,125.42,41.36,77.44,17.86,44.00,44.10,24.01,31.44,40.45,21.53,26.37,29.60,34.00,26.02,22.47,16.59,55.00,46.12,34.49,71.75,33.00,14.87,12.40,8.85,5.66,10.83,14.50,11.28,34.00,9.99,8.56,184.00,7.00,6.00,7.00,15.98,12.89,319.00,9.00,9.00,14.00,7.79,6.25,120.00,6.00,7.00,5.00,10.27,8.77,209.00,10.00,7.00,11.00,3.44,2.77,70.00,9.00,8.00,1.00,0,휴식 (Relax)
0.50,6.88,2.88,4.81,-1.88,39.45,13.52,10.39,80.40,10.39,44.64,39.45,40.00,46.74,47.24,59.42,125.42,41.36,77.44,17.86,44.00,44.10,24.01,31.44,40.45,21.53,26.37,29.60,34.00,26.02,22.47,16.59,55.00,46.12,34.49,71.75,33.00,14.87,12.40,8.85,5.66,10.83,14.50,11.28,34.00,9.99,8.56,184.00,8.00,6.00,7.00,15.98,12.89,308.00,10.00,8.00,14.00,7.79,6.25,109.00,5.00,7.00,4.00,10.27,8.77,220.00,10.00,8.00,12.00,3.44,2.77,73.00,9.00,8.00,1.00,0,휴식 (Relax)
16.00,8.25,2.19,15.12,0.31,35.57,21.06,5.00,88.36,17.86,36.72,44.44,48.00,29.14,51.55,37.45,104.36,34.89,92.06,20.05,22.00,34.96,34.92,21.06,40.31,19.76,27.90,35.94,23.00,24.21,32.23,19.20,56.09,35.35,37.16,80.67,44.00,11.96,15.19,10.26,8.06,13.83,12.30,8.28,31.00,10.58,9.00,184.00,4.00,6.00,7.00,14.29,11.34,286.00,10.00,8.00,13.00,7.52,5.84,109.00,5.00,7.00,4.00,10.91,9.28,209.00,9.00,8.00,12.00,3.35,2.60,67.00,8.00,8.00,1.00,0,휴식 (Relax)
-0.50,8.25,-4.12,2.75,0.00,30.33,25.94,12.39,88.00,18.69,41.94,37.32,40.00,29.14,51.55,37.45,104.36,34.89,92.06,20.05,22.00,30.19,38.94,17.78,35.36,24.26,23.49,34.53,28.00,26.82,45.45,18.54,34.79,51.41,18.83,70.75,22.00,16.94,10.89,5.51,11.40,16.54,7.31,4.14,26.00,10.38,8.62,200.00,8.00,7.00,8.00,14.29,11.34,253.00,9.00,7.00,12.00,7.24,5.48,110.00,6.00,7.00,4.00,9.92,7.91,198.00,8.00,8.00,12.00,3.12,2.25,56.00,4.00,7.00,0.00,0,휴식 (Relax)
-1.00,-4.12,-4.12,2.75,3.19,23.93,27.15,18.30,80.00,10.73,42.70,45.27,48.00,35.45,32.61,28.41,83.77,52.74,78.72,31.03,44.00,30.19,38.94,17.78,35.36,24.26,23.49,34.53,28.00,26.82,45.45,18.54,34.79,51.41,18.83,70.75,22.00,14.34,11.69,6.15,9.85,15.41,5.41,4.35,23.00,10.15,8.25,192.00,8.00,6.00,8.00,12.83,10.14,253.00,10.00,7.00,12.00,7.24,5.48,104.00,5.00,6.00,4.00,9.92,7.91,187.00,7.00,8.00,11.00,2.83,2.11,51.00,6.00,6.00,0.00,0,휴식 (Relax)
-2.00,5.50,1.88,-8.25,-1.81,10.40,24.23,21.98,81.58,23.25,30.81,30.26,32.00,45.54,37.49,9.91,77.78,59.08,76.52,12.05,22.00,30.19,38.94,17.78,35.36,24.26,23.49,34.53,28.00,26.82,45.45,18.54,34.79,51.41,18.83,70.75,22.00,14.34,11.69,6.15,9.85,15.41,5.41,4.35,23.00,9.17,7.50,160.00,7.00,5.00,7.00,12.30,9.62,231.00,10.00,7.00,12.00,7.24,5.48,99.00,5.00,5.00,3.00,9.92,7.91,198.00,8.00,8.00,12.00,2.83,2.11,51.00,6.00,7.00,0.00,0,휴식 (Relax)
14.00,-4.12,5.88,-18.56,-1.50,10.40,24.23,21.98,81.58,23.25,30.81,30.26,32.00,44.03,17.20,31.83,56.09,81.02,63.72,12.78,0.00,23.04,23.41,26.42,40.82,40.26,24.98,23.30,12.00,34.45,56.43,23.41,33.00,46.24,21.12,79.31,11.00,14.16,7.35,2.12,12.73,13.79,10.10,9.20,18.00,9.17,7.50,144.00,7.00,4.00,7.00,11.59,8.77,220.00,10.00,7.00,12.00,7.02,5.09,99.00,5.00,4.00,3.00,10.80,8.85,198.00,7.00,7.00,12.00,2.74,2.06,51.00,6.00,7.00,0.00,0,휴식 (Relax)
-10.50,-14.44,0.50,-6.88,-1.19,2.60,16.34,14.17,80.40,16.07,25.08,28.54,24.00,50.85,6.71,37.04,55.00,78.14,74.30,10.04,11.00,25.06,18.27,25.16,35.81,38.32,27.68,28.39,18.00,45.10,65.05,20.60,44.00,39.19,11.16,68.68,22.00,17.25,2.46,6.65,9.85,9.90,6.32,4.47,23.00,8.35,7.12,160.00,8.00,5.00,8.00,12.12,9.37,220.00,9.00,6.00,12.00,6.89,4.69,94.00,5.00,4.00,2.00,10.91,9.28,187.00,6.00,7.00,12.00,2.60,1.94,46.00,5.00,7.00,0.00,0,휴식 (Relax)
4.50,-2.75,-0.50,2.75,3.50,13.41,9.27,20.03,64.50,30.52,28.46,28.13,40.00,61.05,11.16,32.68,66.00,69.27,65.05,9.29,0.00,38.57,22.23,10.92,29.43,27.32,12.56,12.59,2.00,23.74,65.05,41.81,49.19,18.16,11.16,46.89,44.00,12.78,6.41,5.52,14.56,5.49,8.66,4.02,28.00,7.98,6.94,160.00,8.00,6.00,8.00,11.99,8.94,209.00,8.00,6.00,12.00,5.61,3.75,61.00,5.00,3.00,1.00,9.92,7.91,165.00,6.00,6.00,12.00,2.74,2.06,48.00,6.00,6.00,0.00,0,휴식 (Relax)
-18.00,-13.75,5.25,13.75,0.19,12.80,16.67,9.57,65.97,40.32,31.65,34.51,64.00,61.05,11.16,32.68,66.00,69.27,65.05,9.29,0.00,26.59,10.56,22.38,17.72,15.63,3.54,1.96,10.00,23.74,65.05,41.81,49.19,18.16,11.16,46.89,44.00,7.87,9.62,10.47,14.04,6.32,3.66,2.92,23.00,9.17,7.50,184.00,9.00,7.00,9.00,11.99,8.94,209.00,8.00,7.00,12.00,3.90,2.88,54.00,4.00,3.00,0.00,9.92,7.91,165.00,6.00,6.00,12.00,2.48,1.73,46.00,5.00,6.00,0.00,0,휴식 (Relax)
13.50,28.19,-9.75,-7.56,-4.50,4.81,14.63,2.52,73.76,37.44,30.63,37.21,72.00,34.15,28.08,56.95,99.00,73.50,53.31,36.33,33.00,12.47,7.90,29.81,20.25,23.37,13.77,15.80,6.00,30.21,54.24,48.86,55.00,8.63,14.28,54.02,33.00,12.83,10.23,9.23,19.03,5.43,3.37,6.37,18.00,9.68,8.12,216.00,10.00,8.00,10.00,14.01,10.91,242.00,8.00,7.00,12.00,4.44,3.59,65.00,5.00,3.00,1.00,10.08,8.42,176.00,6.00,6.00,12.00,2.74,2.06,46.00,5.00,5.00,0.00,0,휴식 (Relax)
5.50,-14.44,-4.38,-7.56,3.00,4.81,14.63,2.52,73.76,37.44,30.63,37.21,72.00,46.06,12.75,63.58,101.41,59.32,39.13,58.19,55.00,11.30,13.85,27.80,25.50,25.98,11.50,10.99,0.00,30.21,54.24,48.86,55.00,8.63,14.28,54.02,33.00,6.85,4.34,3.52,20.25,5.01,11.36,13.10,10.00,9.68,8.12,208.00,9.00,8.00,9.00,14.40,11.17,253.00,8.00,7.00,12.00,4.57,3.91,65.00,5.00,3.00,1.00,10.08,8.42,165.00,5.00,6.00,11.00,2.60,1.88,49.00,4.00,5.00,0.00,0,휴식 (Relax)
-10.50,-15.12,1.94,13.75,0.00,4.81,14.63,2.52,73.76,37.44,30.63,37.21,72.00,43.02,11.91,52.63,90.71,48.52,28.74,68.13,66.00,14.21,17.45,22.87,23.77,21.06,9.46,13.69,5.00,32.15,53.11,50.08,62.23,13.98,9.11,55.13,44.00,6.85,4.34,3.52,20.25,5.01,11.36,13.10,10.00,9.68,8.12,216.00,10.00,8.00,10.00,13.40,10.66,231.00,8.00,7.00,11.00,4.26,3.67,66.00,6.00,3.00,1.00,10.65,8.94,187.00,6.00,6.00,12.00,2.60,1.88,50.00,4.00,6.00,0.00,0,휴식 (Relax)
-2.50,16.50,1.94,23.38,-4.81,4.81,14.63,2.52,73.76,37.44,30.63,37.21,72.00,52.66,20.62,50.87,98.39,56.75,49.79,55.09,44.00,14.21,17.45,22.87,23.77,21.06,9.46,13.69,5.00,49.73,40.65,71.86,79.32,29.07,16.84,46.54,22.00,6.70,7.25,5.82,21.47,8.00,11.72,12.22,13.00,9.68,8.12,208.00,9.00,8.00,9.00,14.02,11.69,231.00,8.00,6.00,11.00,4.26,3.67,60.00,5.00,3.00,1.00,12.22,9.97,198.00,6.00,6.00,13.00,2.83,2.11,53.00,6.00,6.00,0.00,0,휴식 (Relax)
13.50,17.19,1.56,1.38,-4.50,4.81,14.63,2.52,73.76,37.44,30.63,37.21,72.00,43.50,21.12,40.33,88.68,51.28,56.43,55.21,33.00,8.22,21.66,20.10,23.00,16.39,15.40,15.23,1.00,49.73,40.65,71.86,79.32,29.07,16.84,46.54,22.00,7.43,10.88,7.20,26.00,7.48,7.86,12.20,8.00,9.68,8.12,208.00,9.00,8.00,9.00,12.88,10.91,198.00,7.00,6.00,10.00,4.15,3.40,60.00,5.00,3.00,1.00,12.22,9.97,198.00,5.00,6.00,13.00,3.06,2.44,53.00,6.00,6.00,0.00,0,휴식 (Relax)
12.50,-4.81,1.19,-10.31,-1.38,18.06,11.79,14.03,78.79,38.87,22.38,53.20,56.00,43.50,21.12,40.33,88.68,51.28,56.43,55.21,33.00,3.42,27.63,14.11,17.00,22.06,12.58,11.44,5.00,60.36,30.78,65.63,70.43,27.84,16.21,37.93,11.00,7.90,11.44,6.41,25.30,5.52,9.85,12.73,10.00,10.19,8.94,200.00,9.00,7.00,9.00,12.88,10.91,220.00,8.00,6.00,11.00,4.00,3.03,54.00,4.00,3.00,1.00,11.32,9.11,176.00,5.00,5.00,13.00,3.08,2.50,50.00,6.00,5.00,0.00,0,휴식 (Relax)
-4.00,-4.81,5.88,11.69,9.44,26.01,12.25,19.18,71.55,30.92,29.56,45.78,64.00,43.50,21.12,40.33,88.68,51.28,56.43,55.21,33.00,5.74,31.13,12.75,17.72,22.10,11.10,15.63,0.00,60.36,30.78,65.63,70.43,27.84,16.21,37.93,11.00,8.54,12.94,9.40,28.16,4.51,12.27,14.91,13.00,9.80,8.50,208.00,10.00,7.00,10.00,12.88,10.91,209.00,7.00,6.00,10.00,4.27,3.19,59.00,4.00,3.00,1.00,11.32,9.11,187.00,6.00,5.00,13.00,3.53,2.69,53.00,6.00,4.00,1.00,0,휴식 (Relax)
-11.50,6.19,0.88,11.00,0.31,19.31,17.00,22.90,75.47,27.89,37.08,40.66,72.00,43.50,21.12,40.33,88.68,51.28,56.43,55.21,33.00,5.74,31.13,12.75,17.72,22.10,11.10,15.63,0.00,66.76,37.56,63.79,79.32,20.70,6.44,26.94,0.00,10.06,14.92,10.47,27.66,2.82,11.98,13.01,11.00,10.19,8.94,200.00,9.00,6.00,9.00,12.88,10.91,220.00,8.00,6.00,11.00,4.27,3.19,64.00,4.00,4.00,1.00,11.67,9.62,176.00,3.00,4.00,12.00,3.51,2.60,60.00,6.00,5.00,1.00,0,휴식 (Relax)
12.50,26.81,-4.75,0.69,0.31,19.31,17.00,22.90,75.47,27.89,37.08,40.66,72.00,59.49,34.84,39.26,108.34,32.59,72.94,33.43,55.00,0.92,35.44,9.00,20.25,18.99,17.08,10.07,6.00,64.40,26.56,54.25,85.91,28.79,4.56,17.56,11.00,10.06,14.92,10.47,27.66,2.82,11.98,13.01,11.00,10.19,8.94,208.00,9.00,7.00,9.00,14.54,12.46,242.00,8.00,6.00,12.00,4.44,3.59,64.00,4.00,4.00,1.00,11.32,9.11,176.00,6.00,4.00,12.00,3.51,2.60,60.00,6.00,5.00,1.00,0,휴식 (Relax)
4.00,4.81,-4.75,-19.94,-6.25,21.65,13.11,23.17,80.00,21.35,40.25,40.13,64.00,59.49,34.84,39.26,108.34,32.59,72.94,33.43,55.00,0.92,35.44,9.00,20.25,18.99,17.08,10.07,6.00,73.21,19.05,38.33,103.77,15.79,19.05,33.91,11.00,3.28,15.59,17.43,27.02,7.42,5.01,19.55,18.00,10.20,9.00,216.00,9.00,8.00,9.00,14.54,12.46,253.00,7.00,6.00,12.00,4.44,3.59,64.00,4.00,4.00,1.00,12.43,10.57,198.00,7.00,4.00,13.00,3.86,3.00,64.00,7.00,4.00,1.00,0,휴식 (Relax)
-11.50,-26.81,-4.75,2.06,6.56,22.42,11.40,15.38,86.53,25.07,47.98,38.06,56.00,59.92,28.51,33.44,128.75,10.76,87.51,49.34,33.00,0.92,35.44,9.00,20.25,18.99,17.08,10.07,6.00,73.21,19.05,38.33,103.77,15.79,19.05,33.91,11.00,5.73,12.97,16.76,30.02,8.02,3.13,21.95,21.00,10.57,9.50,232.00,10.00,8.00,10.00,16.02,13.66,275.00,7.00,5.00,12.00,4.44,3.59,58.00,3.00,4.00,1.00,12.43,10.57,209.00,7.00,5.00,13.00,4.11,3.19,72.00,7.00,5.00,2.00,0,휴식 (Relax)
-11.00,6.19,-4.38,11.69,0.44,28.09,9.02,12.14,91.21,17.40,41.36,42.81,64.00,59.92,28.51,33.44,128.75,10.76,87.51,49.34,33.00,6.92,35.48,11.02,15.56,19.80,21.93,11.24,0.00,52.04,4.56,16.96,122.98,13.38,26.56,34.37,11.00,7.23,11.03,18.51,30.15,9.54,2.90,20.93,19.00,10.91,10.00,216.00,9.00,7.00,9.00,16.02,13.66,297.00,7.00,6.00,12.00,4.57,3.91,53.00,3.00,3.00,1.00,12.58,10.48,209.00,7.00,4.00,13.00,4.09,3.12,78.00,7.00,6.00,2.00,0,휴식 (Relax)
5.50,5.50,-3.69,-0.69,0.31,35.84,7.41,19.48,85.04,19.48,43.19,35.84,56.00,51.09,17.55,27.23,139.14,10.44,80.42,48.45,44.00,17.60,29.67,10.66,24.60,8.94,11.56,15.12,11.00,30.12,26.56,27.39,114.84,10.85,4.56,25.40,11.00,8.46,10.17,20.08,28.16,7.90,4.31,21.23,21.00,10.48,9.50,208.00,9.00,6.00,9.00,16.04,13.75,286.00,7.00,5.00,11.00,4.34,3.85,48.00,3.00,3.00,1.00,11.32,9.11,209.00,8.00,5.00,13.00,4.07,3.02,78.00,7.00,6.00,2.00,0,휴식 (Relax)
4.50,4.12,2.31,-1.38,0.19,20.26,20.42,15.15,96.33,15.15,38.77,20.26,40.00,30.83,17.55,45.06,133.82,29.56,80.42,44.20,22.00,17.60,29.67,10.66,24.60,8.94,11.56,15.12,11.00,21.17,35.20,37.37,104.36,7.43,14.58,31.68,0.00,9.35,11.15,19.69,28.02,7.59,2.37,21.70,19.00,10.19,9.06,192.00,8.00,5.00,8.00,15.50,12.89,275.00,7.00,4.00,10.00,4.34,3.85,54.00,4.00,3.00,1.00,10.91,8.59,198.00,8.00,5.00,12.00,4.05,2.88,73.00,6.00,5.00,2.00,0,휴식 (Relax)
-18.00,-6.88,-8.00,-11.69,3.19,41.60,10.61,9.44,113.70,14.52,25.60,4.19,16.00,30.83,17.55,45.06,133.82,29.56,80.42,44.20,22.00,25.71,20.04,3.07,15.56,17.43,19.25,26.11,22.00,27.54,34.49,38.68,101.41,18.43,22.47,41.97,11.00,9.35,11.15,19.69,28.02,7.59,2.37,21.70,19.00,11.14,10.00,192.00,8.00,4.00,8.00,15.50,12.89,275.00,8.00,3.00,10.00,4.77,4.25,60.00,5.00,3.00,2.00,11.32,9.11,198.00,7.00,4.00,12.00,4.05,2.88,73.00,6.00,5.00,2.00,0,휴식 (Relax)
-10.50,-7.56,3.31,10.31,0.19,35.92,3.31,11.66,108.81,14.73,19.31,12.19,8.00,20.41,27.01,42.87,136.06,26.11,69.54,37.67,11.00,28.81,19.86,8.05,12.53,14.09,14.41,21.51,17.00,27.54,34.49,38.68,101.41,18.43,22.47,41.97,11.00,9.35,11.15,19.69,28.02,7.59,2.37,21.70,19.00,10.48,9.50,168.00,7.00,4.00,7.00,14.92,12.12,231.00,7.00,2.00,9.00,4.38,3.94,55.00,5.00,3.00,2.00,11.32,9.11,198.00,7.00,5.00,12.00,4.05,2.88,71.00,5.00,5.00,2.00,0,휴식 (Relax)
13.50,4.81,-3.00,8.94,-0.12,35.92,3.31,11.66,108.81,14.73,19.31,12.19,8.00,39.11,28.08,64.14,114.84,7.63,53.31,24.29,11.00,27.52,16.34,7.42,8.49,17.31,12.85,18.55,12.00,35.13,12.75,33.60,99.00,37.30,39.13,24.53,11.00,7.65,13.06,22.67,23.02,7.17,3.06,16.74,24.00,10.48,9.50,184.00,8.00,4.00,8.00,13.45,10.91,198.00,7.00,2.00,9.00,3.98,3.62,56.00,6.00,4.00,2.00,11.15,9.20,198.00,7.00,5.00,12.00,3.85,2.56,63.00,7.00,4.00,2.00,0,휴식 (Relax)
5.50,3.44,2.62,-13.06,-4.62,35.92,3.31,11.66,108.81,14.73,19.31,12.19,8.00,27.99,10.19,54.75,110.55,14.37,59.38,19.18,33.00,29.41,10.39,13.36,6.00,12.09,10.39,20.26,18.00,35.13,12.75,33.60,99.00,37.30,39.13,24.53,11.00,13.23,16.67,15.34,24.70,4.97,9.70,9.21,32.00,10.48,9.50,176.00,7.00,4.00,7.00,12.73,9.80,198.00,7.00,2.00,9.00,3.97,3.58,56.00,6.00,5.00,2.00,11.15,9.20,198.00,7.00,5.00,12.00,3.97,2.77,65.00,5.00,4.00,2.00,0,휴식 (Relax)
-10.50,-8.25,-7.69,-11.69,-1.50,35.92,3.31,11.66,108.81,14.73,19.31,12.19,8.00,31.84,3.49,63.81,99.61,14.18,49.07,22.84,22.00,22.73,20.39,12.64,5.00,18.16,6.51,23.45,29.00,13.52,22.47,25.57,101.41,50.51,34.49,31.12,11.00,15.21,18.66,15.70,22.85,6.43,8.92,10.62,30.00,10.48,9.50,184.00,8.00,4.00,8.00,11.99,8.94,176.00,7.00,2.00,9.00,4.38,3.94,67.00,7.00,6.00,3.00,11.32,9.11,187.00,7.00,4.00,11.00,3.98,2.88,63.00,4.00,5.00,2.00,0,휴식 (Relax)
-2.50,-17.19,8.00,11.00,0.19,35.92,3.31,11.66,108.81,14.73,19.31,12.19,8.00,20.82,34.49,41.79,101.41,47.18,22.47,53.43,11.00,26.73,18.58,7.64,7.07,22.72,6.53,24.64,34.00,2.74,26.94,36.00,90.71,40.82,26.94,30.03,0.00,10.45,15.21,10.78,25.24,11.02,12.11,13.60,25.00,10.48,9.50,176.00,7.00,5.00,7.00,12.28,9.54,187.00,7.00,2.00,10.00,4.77,4.25,83.00,8.00,7.00,4.00,10.29,8.25,187.00,4.00,4.00,11.00,3.81,2.51,65.00,4.00,5.00,2.00,0,휴식 (Relax)
6.00,5.50,-7.31,-10.31,2.69,28.44,4.69,12.45,102.45,20.79,27.31,11.83,0.00,23.42,43.53,49.69,90.71,44.11,22.92,42.58,0.00,16.07,16.02,15.74,7.81,25.44,10.46,26.44,45.00,9.40,27.33,43.64,88.68,40.53,37.83,26.85,11.00,7.30,18.13,9.00,19.10,13.04,4.18,12.79,33.00,10.00,9.00,184.00,8.00,5.00,7.00,11.67,8.94,187.00,7.00,3.00,10.00,5.07,4.48,99.00,9.00,8.00,5.00,10.63,9.11,198.00,8.00,4.00,11.00,3.67,2.47,65.00,7.00,5.00,2.00,0,휴식 (Relax)
-8.50,4.81,-1.94,0.00,2.38,4.46,27.51,18.02,89.44,34.49,19.87,27.75,24.00,25.03,42.11,40.31,93.98,53.76,20.11,33.92,11.00,10.09,13.02,16.47,12.53,29.70,11.15,27.21,39.00,2.39,34.36,48.20,77.78,31.33,46.98,23.69,22.00,10.53,23.05,13.94,15.81,8.16,8.04,10.78,28.00,9.58,8.56,184.00,8.00,6.00,7.00,11.65,8.77,187.00,7.00,3.00,10.00,5.01,4.30,99.00,9.00,8.00,5.00,10.29,8.25,187.00,4.00,5.00,11.00,3.67,2.61,54.00,6.00,4.00,1.00,0,휴식 (Relax)
-0.50,14.44,-5.94,0.69,-0.06,4.46,27.51,18.02,89.44,34.49,19.87,27.75,24.00,43.26,59.73,50.04,73.79,40.12,38.91,47.35,11.00,8.67,7.14,11.11,14.87,17.08,7.14,21.95,55.00,8.81,23.37,37.34,80.08,22.36,50.99,21.17,33.00,3.10,16.66,12.31,9.85,11.48,13.88,9.33,19.00,9.58,8.56,184.00,8.00,6.00,7.00,12.12,8.85,187.00,6.00,3.00,10.00,4.68,3.79,99.00,9.00,9.00,5.00,9.89,7.82,187.00,8.00,5.00,11.00,2.97,1.84,48.00,6.00,4.00,1.00,0,휴식 (Relax)
-1.00,3.44,5.06,11.69,2.75,11.81,29.56,25.84,86.16,36.56,12.25,20.41,16.00,43.26,59.73,50.04,73.79,40.12,38.91,47.35,11.00,8.67,7.14,11.11,14.87,17.08,7.14,21.95,55.00,8.81,23.37,37.34,80.08,22.36,50.99,21.17,33.00,5.61,16.42,9.41,12.65,14.30,14.78,9.58,16.00,9.33,8.12,160.00,7.00,5.00,6.00,12.12,8.85,176.00,6.00,3.00,10.00,4.68,3.79,104.00,9.00,10.00,6.00,9.89,7.82,187.00,8.00,5.00,11.00,3.05,2.09,51.00,7.00,5.00,1.00,0,휴식 (Relax)
7.50,15.12,-0.94,0.69,-0.25,7.15,22.38,22.56,78.79,44.56,11.79,16.46,8.00,33.17,55.08,49.96,64.14,29.87,36.36,47.83,0.00,8.67,7.14,11.11,14.87,17.08,7.14,21.95,55.00,8.81,23.37,37.34,80.08,22.36,50.99,21.17,33.00,5.61,16.42,9.41,12.65,14.30,14.78,9.58,16.00,8.70,7.56,160.00,8.00,5.00,6.00,10.91,8.42,165.00,6.00,4.00,10.00,4.68,3.79,110.00,10.00,11.00,6.00,9.89,7.82,176.00,7.00,5.00,11.00,3.05,2.09,47.00,8.00,5.00,1.00,0,휴식 (Relax)
7.50,4.12,-0.94,9.62,-0.69,7.15,22.38,22.56,78.79,44.56,11.79,16.46,8.00,33.17,55.08,49.96,64.14,29.87,36.36,47.83,0.00,8.67,7.14,11.11,14.87,17.08,7.14,21.95,55.00,31.56,22.00,20.39,49.19,46.95,22.00,15.98,66.00,12.39,9.42,14.15,6.40,8.67,8.79,8.43,9.00,8.70,7.56,144.00,7.00,5.00,5.00,10.91,8.42,143.00,5.00,4.00,10.00,4.68,3.79,110.00,10.00,11.00,6.00,8.59,7.22,165.00,9.00,6.00,11.00,2.42,1.82,34.00,7.00,4.00,0.00,0,휴식 (Relax)
-1.00,2.06,4.69,8.94,2.50,7.30,27.31,16.11,71.55,50.43,4.69,14.68,16.00,53.57,26.56,38.78,39.66,11.45,4.56,28.62,33.00,7.25,11.77,5.70,11.70,22.14,12.47,27.95,49.00,42.50,24.60,31.05,45.35,48.81,24.60,13.08,55.00,9.97,11.76,11.71,5.10,5.91,5.80,8.52,6.00,8.43,7.12,152.00,8.00,5.00,5.00,7.99,5.84,110.00,4.00,4.00,9.00,4.83,4.14,116.00,11.00,11.00,6.00,8.88,7.82,154.00,8.00,5.00,10.00,2.09,1.56,31.00,7.00,4.00,0.00,0,휴식 (Relax)
6.00,12.38,-1.31,-1.38,-2.38,18.92,31.65,26.55,65.97,37.07,16.67,25.20,0.00,60.05,15.56,49.25,31.11,20.49,15.56,35.96,22.00,7.25,11.77,5.70,11.70,22.14,12.47,27.95,49.00,33.16,29.95,26.50,34.79,59.75,23.56,20.87,44.00,9.27,12.31,12.44,3.16,6.05,7.25,9.10,8.00,8.25,7.00,144.00,8.00,6.00,4.00,8.59,6.19,121.00,4.00,4.00,10.00,4.83,4.14,122.00,12.00,12.00,6.00,8.59,7.22,154.00,8.00,5.00,10.00,2.18,1.64,36.00,8.00,5.00,0.00,0,휴식 (Relax)
6.00,-8.94,4.31,-1.38,2.44,18.92,31.65,26.55,65.97,37.07,16.67,25.20,0.00,57.62,24.60,43.29,24.60,29.51,24.60,46.51,11.00,12.61,10.30,8.87,14.87,21.19,11.83,32.45,43.00,33.16,29.95,26.50,34.79,59.75,23.56,20.87,44.00,9.36,13.83,9.45,3.61,4.03,8.17,11.44,11.00,8.25,7.00,144.00,8.00,6.00,4.00,8.88,6.96,143.00,5.00,5.00,11.00,4.95,4.40,122.00,12.00,12.00,6.00,8.59,7.22,154.00,8.00,5.00,10.00,2.26,1.83,41.00,9.00,6.00,0.00,0,휴식 (Relax)
-9.00,2.06,-6.00,-22.00,-2.44,19.47,46.17,33.44,64.00,21.19,26.15,10.10,16.00,57.62,24.60,43.29,24.60,29.51,24.60,46.51,11.00,1.70,19.56,5.25,24.17,11.66,10.27,39.11,32.00,37.02,49.07,46.75,56.09,48.69,3.49,42.63,22.00,9.95,11.86,10.25,5.39,2.04,7.84,13.41,13.00,8.43,7.12,136.00,8.00,5.00,4.00,8.88,6.96,143.00,5.00,6.00,11.00,5.06,4.38,122.00,12.00,12.00,6.00,10.29,8.25,165.00,4.00,4.00,10.00,2.34,1.92,43.00,9.00,6.00,0.00,0,휴식 (Relax)
-9.50,-19.25,9.00,-0.69,2.56,14.43,39.05,25.85,56.00,18.27,34.10,8.35,24.00,64.90,22.00,53.85,31.11,19.25,22.00,56.26,0.00,17.28,7.77,11.01,22.80,7.52,15.35,47.37,16.00,29.44,46.00,46.99,55.00,37.71,7.89,52.57,11.00,9.95,11.86,10.25,5.39,2.04,7.84,13.41,13.00,7.60,6.69,128.00,8.00,5.00,4.00,9.92,7.91,165.00,6.00,7.00,12.00,5.35,4.75,127.00,12.00,12.00,6.00,9.89,7.73,165.00,7.00,5.00,10.00,2.34,1.92,45.00,9.00,7.00,0.00,0,휴식 (Relax)
-9.50,-8.25,8.69,10.31,-2.31,14.43,39.05,25.85,56.00,18.27,34.10,8.35,24.00,64.90,22.00,53.85,31.11,19.25,22.00,56.26,0.00,21.88,11.12,14.15,27.66,3.64,15.57,46.13,21.00,29.44,46.00,46.99,55.00,37.71,7.89,52.57,11.00,11.83,11.66,8.34,3.61,3.87,5.84,15.08,15.00,7.60,6.69,104.00,7.00,4.00,3.00,9.92,7.91,165.00,5.00,8.00,12.00,5.71,5.10,121.00,11.00,11.00,6.00,9.89,7.73,176.00,8.00,5.00,11.00,2.42,2.02,50.00,10.00,8.00,0.00,0,휴식 (Relax)
14.50,23.38,-2.31,0.00,-6.88,14.43,39.05,25.85,56.00,18.27,34.10,8.35,24.00,42.90,44.00,73.66,49.19,24.15,44.00,52.90,22.00,21.88,11.12,14.15,27.66,3.64,15.57,46.13,21.00,40.34,35.20,41.31,56.09,31.58,14.58,49.45,22.00,18.82,17.28,10.66,5.83,5.42,11.72,12.28,8.00,7.60,6.69,120.00,8.00,4.00,4.00,11.59,8.77,198.00,6.00,8.00,13.00,5.71,5.10,126.00,11.00,10.00,7.00,9.53,6.88,165.00,2.00,6.00,11.00,3.00,2.41,50.00,5.00,7.00,0.00,0,휴식 (Relax)
14.00,-19.25,3.69,-11.00,-2.06,6.50,46.81,32.12,56.57,21.46,40.60,1.29,16.00,63.75,32.42,60.38,44.00,24.34,61.55,65.43,44.00,21.88,11.12,14.15,27.66,3.64,15.57,46.13,21.00,40.34,35.20,41.31,56.09,31.58,14.58,49.45,22.00,16.15,14.42,7.82,5.00,8.08,13.19,13.30,5.00,8.25,7.25,104.00,7.00,3.00,3.00,12.60,10.31,231.00,6.00,9.00,13.00,5.71,5.10,121.00,11.00,10.00,6.00,9.53,6.88,176.00,2.00,6.00,12.00,2.77,2.20,52.00,10.00,8.00,0.00,0,휴식 (Relax)
-10.00,-28.88,3.00,9.62,5.44,6.50,46.81,32.12,56.57,21.46,40.60,1.29,16.00,82.27,47.11,76.01,66.00,42.03,59.90,46.30,22.00,24.82,14.57,13.80,31.91,11.11,13.25,37.50,10.00,26.92,45.45,22.02,64.14,43.99,18.83,41.18,0.00,12.87,13.12,11.15,13.00,11.34,16.55,9.03,13.00,8.25,7.25,120.00,8.00,3.00,4.00,14.49,12.03,231.00,6.00,8.00,13.00,5.44,4.88,105.00,10.00,9.00,5.00,9.43,7.22,176.00,8.00,6.00,12.00,3.06,2.51,58.00,11.00,8.00,0.00,0,휴식 (Relax)
-9.50,13.06,-7.00,-0.69,5.06,12.81,45.72,39.99,58.24,21.39,36.96,9.10,24.00,66.50,15.11,49.76,73.79,70.30,88.08,16.07,11.00,28.15,22.41,2.22,20.25,24.79,27.96,23.24,6.00,28.76,47.51,21.37,55.00,41.49,29.81,36.76,11.00,15.44,18.26,16.84,14.32,6.20,10.62,13.41,7.00,8.59,7.69,112.00,7.00,2.00,4.00,14.14,11.09,253.00,6.00,9.00,13.00,5.35,4.75,100.00,10.00,8.00,5.00,9.09,6.45,165.00,8.00,6.00,12.00,3.33,2.81,55.00,10.00,8.00,0.00,0,휴식 (Relax)
6.50,12.38,3.31,-1.38,-5.44,12.81,45.72,39.99,58.24,21.39,36.96,9.10,24.00,68.51,15.39,55.35,83.77,71.29,77.81,26.72,0.00,20.76,11.47,10.61,12.53,27.62,37.93,12.71,17.00,31.11,38.11,31.11,49.19,31.11,38.11,31.11,22.00,9.58,11.02,17.67,21.84,11.73,6.05,21.31,1.00,8.59,7.69,112.00,7.00,1.00,4.00,14.49,11.52,253.00,6.00,9.00,13.00,5.11,4.56,106.00,11.00,8.00,6.00,8.59,6.02,154.00,8.00,6.00,11.00,3.57,2.99,66.00,11.00,8.00,1.00,0,휴식 (Relax)
5.50,-8.94,2.94,-11.69,-4.94,16.72,29.75,51.06,64.50,17.99,22.87,10.83,8.00,62.42,6.71,44.70,88.68,82.04,74.30,37.56,11.00,16.27,9.30,14.83,7.81,31.89,35.94,18.71,11.00,24.60,48.98,24.60,59.24,24.60,41.41,24.60,33.00,5.49,12.20,25.66,25.24,7.32,6.42,13.78,7.00,8.35,7.50,104.00,7.00,1.00,4.00,14.66,12.20,264.00,7.00,8.00,13.00,5.12,4.55,101.00,11.00,7.00,6.00,9.09,6.45,165.00,8.00,6.00,12.00,3.73,3.07,63.00,7.00,7.00,1.00,0,휴식 (Relax)
-2.50,-28.19,6.94,-0.69,5.69,16.72,29.75,51.06,64.50,17.99,22.87,10.83,8.00,38.76,37.60,59.19,128.75,68.26,64.44,22.35,33.00,7.17,23.13,19.04,22.56,19.04,31.16,7.17,27.00,24.60,48.98,24.60,59.24,24.60,41.41,24.60,33.00,9.47,6.70,23.78,30.41,12.80,8.55,10.64,13.00,8.35,7.50,112.00,8.00,1.00,4.00,16.02,13.66,275.00,7.00,7.00,13.00,5.01,4.30,95.00,10.00,6.00,5.00,9.09,6.45,165.00,7.00,6.00,12.00,4.01,3.48,71.00,10.00,6.00,2.00,0,휴식 (Relax)
-17.50,-5.50,1.94,0.00,-0.12,0.78,34.87,55.00,73.76,16.37,34.87,5.85,24.00,34.56,45.72,69.69,125.42,58.36,71.90,14.94,22.00,7.17,23.13,19.04,22.56,19.04,31.16,7.17,27.00,14.58,48.77,35.20,49.19,35.20,31.77,14.58,44.00,6.54,9.65,21.36,29.15,14.91,8.88,11.25,16.00,9.47,8.50,120.00,7.00,1.00,5.00,16.04,13.75,286.00,7.00,7.00,13.00,5.01,4.30,94.00,9.00,7.00,5.00,8.70,5.50,154.00,1.00,5.00,11.00,3.95,3.28,74.00,10.00,7.00,2.00,0,휴식 (Relax)
6.50,26.81,-13.44,-20.62,2.69,0.78,34.87,55.00,73.76,16.37,34.87,5.85,24.00,42.07,45.62,69.29,136.06,50.34,82.90,9.49,11.00,15.24,22.21,29.02,32.39,9.10,41.14,8.40,17.00,8.02,38.65,44.56,62.23,38.23,53.50,36.46,22.00,9.53,8.24,24.03,26.40,14.26,7.88,13.44,19.00,9.47,8.50,144.00,8.00,2.00,6.00,16.94,14.44,308.00,8.00,7.00,13.00,6.00,5.08,110.00,10.00,7.00,6.00,10.20,7.56,165.00,7.00,5.00,11.00,4.01,3.48,77.00,11.00,8.00,2.00,0,휴식 (Relax)
-1.00,25.44,-3.44,2.06,-2.19,7.29,28.38,58.53,68.82,20.79,31.41,13.59,32.00,63.31,64.30,90.28,132.46,45.71,69.42,27.50,33.00,15.24,22.21,29.02,32.39,9.10,41.14,8.40,17.00,17.88,29.81,40.45,70.43,27.24,47.51,26.27,33.00,7.81,7.58,24.21,27.29,12.34,6.37,15.38,21.00,9.33,8.12,144.00,8.00,2.00,6.00,18.12,15.81,308.00,8.00,7.00,13.00,6.00,5.08,114.00,9.00,7.00,7.00,9.70,7.22,187.00,8.00,6.00,12.00,4.05,3.59,79.00,11.00,8.00,2.00,0,휴식 (Relax)
-8.50,-17.19,-3.06,-7.56,2.81,15.05,20.42,54.01,75.47,25.15,38.77,8.02,24.00,41.84,44.04,78.77,154.39,27.02,77.76,49.46,55.00,20.92,28.17,24.91,26.48,14.38,41.28,10.34,11.00,37.57,7.89,18.88,59.24,40.26,46.00,43.99,11.00,7.81,7.58,24.21,27.29,12.34,6.37,15.38,21.00,9.58,8.56,144.00,7.00,2.00,6.00,18.64,16.59,341.00,9.00,6.00,13.00,6.02,5.18,108.00,8.00,6.00,7.00,9.30,7.48,187.00,9.00,7.00,12.00,4.05,3.59,79.00,11.00,8.00,2.00,0,휴식 (Relax)
-15.00,-15.12,7.25,13.75,2.50,37.61,19.60,30.48,90.51,8.00,19.60,25.78,48.00,25.80,46.67,103.97,155.56,58.63,46.67,24.00,22.00,14.07,22.89,35.62,30.53,23.44,35.33,16.72,0.00,30.00,16.84,27.19,69.57,38.47,40.65,51.85,0.00,10.01,12.52,21.55,30.00,11.03,10.55,11.39,16.00,10.15,9.00,152.00,7.00,2.00,6.00,18.60,16.16,319.00,8.00,5.00,12.00,6.25,5.31,113.00,8.00,5.00,8.00,9.92,7.91,209.00,10.00,8.00,13.00,4.06,3.62,74.00,10.00,7.00,2.00,0,휴식 (Relax)
1.50,16.50,-8.06,-17.88,-2.19,44.42,27.51,30.51,85.04,2.97,19.87,20.38,40.00,26.70,26.94,86.50,177.37,66.54,26.94,30.49,0.00,17.87,20.25,35.13,40.31,25.29,25.22,24.23,11.00,41.21,22.00,37.86,79.32,19.63,22.00,65.02,22.00,9.76,10.25,18.67,34.13,6.54,13.15,10.46,11.00,9.89,8.50,152.00,7.00,3.00,6.00,19.05,17.19,341.00,8.00,4.00,12.00,6.56,5.80,118.00,8.00,5.00,8.00,10.91,9.28,220.00,10.00,8.00,13.00,4.05,3.59,74.00,10.00,6.00,2.00,0,휴식 (Relax)
1.00,-4.81,6.94,23.38,-2.19,39.92,21.78,22.87,91.21,5.75,17.13,20.27,32.00,28.09,37.83,83.54,176.34,60.52,27.33,40.48,11.00,20.55,33.42,20.25,37.00,17.92,11.01,35.25,27.00,47.40,22.00,17.07,49.19,26.93,22.00,91.40,66.00,9.76,10.25,18.67,34.13,6.54,13.15,10.46,11.00,9.75,8.12,152.00,7.00,3.00,6.00,19.04,17.02,341.00,8.00,4.00,12.00,6.48,5.55,118.00,8.00,6.00,8.00,11.59,8.77,242.00,10.00,9.00,13.00,4.05,3.59,69.00,9.00,5.00,2.00,0,휴식 (Relax)
8.00,4.81,-8.06,1.38,2.81,41.13,28.38,16.92,82.37,16.42,31.41,17.69,48.00,21.46,29.81,105.24,154.39,38.74,47.51,62.47,33.00,11.65,19.05,34.23,21.00,5.17,19.05,45.68,43.00,47.40,22.00,17.07,49.19,26.93,22.00,91.40,66.00,9.76,10.25,18.67,34.13,6.54,13.15,10.46,11.00,9.80,8.00,160.00,4.00,3.00,6.00,18.64,16.59,341.00,9.00,5.00,12.00,6.56,5.80,134.00,9.00,7.00,9.00,11.59,8.77,253.00,10.00,9.00,13.00,4.05,3.59,69.00,9.00,5.00,2.00,0,휴식 (Relax)
-0.50,4.12,3.25,2.06,2.50,46.49,36.36,24.58,75.47,12.44,24.45,20.19,40.00,21.79,38.11,111.28,154.00,42.48,38.11,52.55,22.00,10.37,18.86,34.65,21.59,10.13,14.15,43.69,38.00,36.55,24.60,18.09,45.35,33.64,24.60,91.31,55.00,4.93,6.42,15.07,37.01,11.48,8.17,15.26,6.00,9.58,7.62,144.00,7.00,4.00,5.00,18.60,16.50,308.00,8.00,4.00,11.00,6.29,5.53,134.00,9.00,7.00,9.00,11.15,8.34,242.00,10.00,9.00,12.00,4.06,3.62,64.00,9.00,4.00,2.00,0,휴식 (Relax)
-7.00,15.81,-7.44,12.38,-0.94,25.74,24.23,21.90,65.97,34.73,30.81,41.80,16.00,25.43,27.33,117.45,143.00,36.32,37.83,46.34,11.00,9.48,22.94,30.51,26.48,9.03,17.32,43.79,43.00,47.38,14.58,7.10,34.79,43.98,35.20,96.55,44.00,2.07,10.13,8.64,31.83,10.11,13.69,8.41,13.00,8.89,7.25,152.00,7.00,4.00,5.00,17.81,15.81,275.00,7.00,4.00,11.00,6.54,5.88,139.00,9.00,8.00,10.00,11.59,8.77,242.00,9.00,8.00,12.00,3.58,3.19,62.00,10.00,4.00,2.00,0,휴식 (Relax)
17.00,3.44,-2.06,-9.62,-2.94,25.74,24.23,21.90,65.97,34.73,30.81,41.80,16.00,15.00,43.09,96.24,144.68,14.50,56.79,49.02,11.00,9.52,28.81,25.55,26.02,3.97,18.22,46.01,37.00,47.38,14.58,7.10,34.79,43.98,35.20,96.55,44.00,2.07,10.13,8.64,31.83,10.11,13.69,8.41,13.00,8.89,7.25,152.00,7.00,5.00,5.00,17.27,14.87,275.00,7.00,4.00,11.00,6.49,5.81,144.00,9.00,9.00,10.00,11.59,8.77,242.00,9.00,8.00,12.00,3.58,3.19,56.00,9.00,4.00,2.00,0,휴식 (Relax)
8.00,-19.25,3.94,2.06,5.06,41.73,8.66,22.39,64.00,45.37,20.91,28.62,32.00,15.78,46.67,95.82,133.82,19.79,46.67,42.36,0.00,9.52,28.81,25.55,26.02,3.97,18.22,46.01,37.00,41.85,22.47,7.58,24.60,53.97,34.49,85.90,55.00,2.07,10.13,8.64,31.83,10.11,13.69,8.41,13.00,8.94,7.00,160.00,3.00,6.00,5.00,16.27,14.09,253.00,7.00,4.00,11.00,6.49,5.81,139.00,9.00,8.00,9.00,11.15,8.34,242.00,10.00,9.00,12.00,3.58,3.19,64.00,10.00,5.00,2.00,0,휴식 (Relax)
-15.50,-17.19,-2.38,-8.25,2.25,34.61,16.34,14.39,72.00,52.61,25.08,26.29,40.00,36.03,65.53,66.20,143.00,30.96,47.33,24.91,33.00,12.56,30.13,20.60,26.68,6.71,13.56,41.34,42.00,43.01,26.94,11.35,22.00,46.88,26.94,96.82,44.00,2.83,10.86,7.28,29.73,8.97,10.86,8.63,16.00,9.58,7.69,168.00,7.00,6.00,5.00,16.49,14.44,253.00,7.00,4.00,11.00,6.26,5.50,134.00,9.00,9.00,8.00,11.34,8.94,253.00,11.00,10.00,13.00,3.38,3.00,56.00,9.00,6.00,1.00,0,휴식 (Relax)
-6.50,15.81,-6.69,-17.88,-2.94,27.93,28.46,17.03,73.76,55.20,9.27,27.32,24.00,36.03,65.53,66.20,143.00,30.96,47.33,24.91,33.00,4.44,20.69,27.93,37.48,11.47,14.21,30.34,53.00,58.69,31.77,21.59,44.00,39.72,48.77,78.28,66.00,0.97,8.19,5.31,27.59,6.03,8.19,10.70,19.00,9.47,7.88,176.00,7.00,7.00,5.00,16.49,14.44,264.00,7.00,4.00,11.00,6.43,5.65,139.00,9.00,9.00,8.00,12.22,10.14,253.00,10.00,9.00,13.00,3.13,2.81,61.00,10.00,6.00,1.00,0,휴식 (Relax)
-5.50,-6.19,4.31,3.44,-1.25,34.98,36.36,32.71,58.24,39.28,24.45,32.06,40.00,36.03,65.53,66.20,143.00,30.96,47.33,24.91,33.00,4.44,20.69,27.93,37.48,11.47,14.21,30.34,53.00,48.09,35.67,25.50,45.35,29.45,57.67,73.25,77.00,5.04,3.54,0.71,24.21,9.82,10.56,6.13,14.00,9.26,7.81,168.00,7.00,7.00,5.00,16.49,14.44,264.00,8.00,4.00,11.00,6.43,5.65,145.00,10.00,9.00,9.00,12.12,9.80,264.00,10.00,10.00,13.00,2.75,2.50,52.00,9.00,6.00,0.00,0,휴식 (Relax)
2.50,-17.88,4.62,-17.19,-2.75,34.98,36.36,32.71,58.24,39.28,24.45,32.06,40.00,28.74,66.97,55.38,132.91,26.88,52.67,15.01,44.00,2.88,18.05,22.97,32.56,6.61,18.82,27.07,58.00,70.02,15.67,5.57,24.60,20.04,65.97,76.14,99.00,4.72,9.37,7.52,18.60,11.84,12.81,2.21,6.00,9.26,7.81,160.00,7.00,6.00,4.00,15.50,13.75,253.00,8.00,4.00,11.00,6.08,5.30,140.00,10.00,9.00,9.00,12.88,10.91,286.00,11.00,11.00,14.00,2.56,2.34,48.00,8.00,5.00,0.00,0,휴식 (Relax)
-6.00,-6.88,4.62,4.81,2.06,27.04,42.70,39.41,50.60,34.91,27.15,24.35,32.00,28.74,66.97,55.38,132.91,26.88,52.67,15.01,44.00,2.88,18.05,22.97,32.56,6.61,18.82,27.07,58.00,70.02,15.67,5.57,24.60,20.04,65.97,76.14,99.00,1.94,8.64,7.15,21.10,10.52,12.63,4.73,3.00,8.72,7.25,144.00,7.00,6.00,3.00,15.50,13.75,231.00,7.00,5.00,11.00,6.08,5.30,124.00,9.00,8.00,8.00,12.88,10.91,286.00,11.00,11.00,14.00,2.61,2.44,50.00,8.00,5.00,0.00,0,휴식 (Relax)
2.50,-4.81,3.62,-6.88,-2.62,34.85,34.87,33.44,53.67,26.96,34.87,16.38,24.00,39.30,35.43,46.10,103.77,18.34,82.04,47.81,11.00,17.06,7.73,18.25,17.09,14.28,28.50,29.47,42.00,63.31,24.07,5.65,15.56,14.74,75.58,66.75,88.00,6.91,6.61,2.83,24.08,5.54,10.01,9.03,2.00,8.35,6.81,144.00,8.00,7.00,3.00,14.01,12.29,231.00,7.00,5.00,11.00,5.41,4.88,114.00,9.00,8.00,7.00,12.22,10.14,275.00,11.00,11.00,14.00,2.64,2.45,50.00,8.00,5.00,0.00,0,휴식 (Relax)
2.50,7.56,3.25,24.75,2.06,34.85,34.87,33.44,53.67,26.96,34.87,16.38,24.00,51.65,34.24,27.84,93.98,5.84,62.53,29.65,33.00,22.94,5.25,13.29,16.00,15.67,22.55,29.86,48.00,62.84,36.36,25.58,34.79,12.73,55.08,88.43,110.00,2.71,10.93,7.75,20.62,5.35,5.88,13.11,7.00,8.35,6.81,136.00,7.00,7.00,3.00,12.12,10.74,198.00,7.00,5.00,11.00,5.44,4.91,114.00,9.00,8.00,7.00,13.75,11.34,297.00,11.00,11.00,14.00,2.61,2.44,50.00,8.00,6.00,0.00,0,휴식 (Relax)
17.00,26.81,-12.12,-18.56,2.06,29.26,37.52,9.46,67.88,16.89,37.52,36.46,48.00,53.52,22.08,70.53,55.00,49.44,67.78,42.62,77.00,15.44,14.05,22.68,6.00,25.67,18.40,36.17,58.00,57.88,37.05,25.67,33.00,14.10,52.36,99.14,121.00,2.71,10.93,7.75,20.62,5.35,5.88,13.11,7.00,9.33,7.25,144.00,7.00,6.00,4.00,13.45,11.69,220.00,7.00,5.00,12.00,6.23,5.61,119.00,9.00,7.00,7.00,14.40,12.12,319.00,11.00,11.00,14.00,2.61,2.44,50.00,8.00,6.00,0.00,0,휴식 (Relax)
-7.50,-6.88,8.88,24.75,-0.75,34.12,35.62,10.27,62.48,24.05,30.12,31.11,40.00,62.29,23.81,73.93,49.19,46.85,57.49,32.30,66.00,15.44,14.05,22.68,6.00,25.67,18.40,36.17,58.00,66.06,28.44,14.94,22.00,11.55,59.56,108.33,132.00,3.66,10.15,10.26,18.87,5.18,8.31,12.59,4.00,8.70,6.62,152.00,7.00,7.00,4.00,12.83,11.00,220.00,7.00,5.00,12.00,6.23,5.61,124.00,9.00,7.00,7.00,15.31,12.72,330.00,11.00,11.00,14.00,2.56,2.34,48.00,8.00,6.00,0.00,0,휴식 (Relax)
0.50,15.12,-7.12,-29.56,-7.44,34.12,35.62,10.27,62.48,24.05,30.12,31.11,40.00,62.29,23.81,73.93,49.19,46.85,57.49,32.30,66.00,15.44,14.05,22.68,6.00,25.67,18.40,36.17,58.00,55.58,39.44,23.49,24.60,6.83,70.56,115.12,143.00,7.16,13.80,14.48,23.26,0.83,8.46,11.93,9.00,8.70,6.62,160.00,8.00,8.00,4.00,12.83,11.00,220.00,7.00,5.00,12.00,6.23,5.61,124.00,9.00,7.00,7.00,16.37,13.49,341.00,11.00,11.00,14.00,3.12,2.62,55.00,8.00,6.00,0.00,0,휴식 (Relax)
8.00,-37.81,14.50,15.12,-0.56,42.11,27.71,14.64,67.88,22.17,27.71,33.24,32.00,30.55,55.75,105.12,45.35,29.02,76.46,64.14,99.00,13.48,17.73,27.67,8.49,20.32,23.61,41.76,64.00,44.60,47.86,24.69,15.56,17.02,63.26,112.25,132.00,6.10,11.83,14.76,22.47,1.21,10.30,11.46,11.00,8.94,7.00,160.00,3.00,7.00,4.00,16.02,13.06,264.00,7.00,6.00,12.00,6.90,5.94,130.00,9.00,7.00,7.00,15.50,12.89,363.00,12.00,12.00,14.00,3.06,2.51,57.00,7.00,7.00,0.00,0,휴식 (Relax)
-7.00,-14.44,-2.81,4.12,-2.25,27.75,39.19,25.10,57.69,8.71,39.19,45.91,16.00,21.78,74.74,109.86,66.91,15.00,79.19,47.29,77.00,11.82,22.73,27.47,12.53,20.24,22.48,38.21,59.00,44.60,47.86,24.69,15.56,17.02,63.26,112.25,132.00,8.01,15.19,9.89,17.89,5.40,15.01,9.84,16.00,8.89,7.12,168.00,9.00,8.00,5.00,16.37,13.49,286.00,7.00,7.00,13.00,6.66,5.59,136.00,9.00,7.00,7.00,15.50,12.89,374.00,12.00,13.00,15.00,3.05,2.44,59.00,7.00,8.00,0.00,0,휴식 (Relax)
8.50,-2.75,7.88,14.44,-0.06,32.98,38.65,19.03,51.22,1.94,47.10,53.84,8.00,28.10,79.06,101.76,66.00,25.89,69.87,52.01,88.00,10.21,26.46,23.05,11.05,24.74,19.80,40.20,64.00,52.49,55.00,34.92,11.00,24.62,55.00,106.73,143.00,9.37,15.73,8.36,16.76,5.71,13.81,11.56,13.00,9.15,7.56,176.00,9.00,8.00,6.00,16.27,13.06,286.00,7.00,6.00,13.00,6.92,5.86,136.00,9.00,7.00,7.00,15.90,13.49,374.00,12.00,13.00,15.00,2.97,2.21,58.00,6.00,8.00,0.00,0,휴식 (Relax)
7.50,29.56,-8.12,-16.50,-0.06,42.07,51.53,29.66,43.08,14.51,39.61,38.63,24.00,18.44,83.15,111.97,77.00,32.64,59.09,54.74,99.00,10.21,26.46,23.05,11.05,24.74,19.80,40.20,64.00,47.28,22.00,46.09,44.00,55.52,22.00,84.13,176.00,9.37,15.73,8.36,16.76,5.71,13.81,11.56,13.00,9.15,7.62,152.00,6.00,7.00,5.00,17.27,13.92,308.00,8.00,6.00,13.00,6.92,5.86,147.00,10.00,8.00,8.00,16.04,13.75,385.00,12.00,13.00,15.00,2.97,2.21,56.00,6.00,7.00,0.00,0,휴식 (Relax)
-14.50,-13.06,-7.81,4.81,5.44,42.42,21.97,17.19,17.89,38.97,61.17,27.18,56.00,40.17,62.86,113.42,80.08,31.97,50.82,58.10,121.00,14.43,29.80,22.35,11.70,27.01,24.37,42.04,59.00,42.31,30.78,35.83,45.35,58.29,16.21,75.03,187.00,13.28,23.53,3.27,16.28,7.74,6.67,3.61,21.00,9.04,7.69,168.00,9.00,7.00,6.00,17.49,13.84,330.00,8.00,7.00,13.00,7.16,6.21,141.00,9.00,7.00,8.00,16.02,13.66,396.00,12.00,13.00,15.00,3.24,2.58,54.00,6.00,6.00,0.00,0,휴식 (Relax)
2.00,17.88,-11.81,4.81,2.62,48.44,22.08,25.19,11.31,39.54,53.30,24.00,48.00,12.64,94.72,81.64,49.19,22.64,74.49,65.42,154.00,30.42,45.80,9.30,6.40,11.51,23.16,32.19,75.00,42.31,30.78,35.83,45.35,58.29,16.21,75.03,187.00,10.55,21.13,0.98,13.34,10.54,3.69,0.85,24.00,8.72,7.25,160.00,9.00,7.00,6.00,17.77,14.78,363.00,9.00,8.00,14.00,7.74,6.81,140.00,8.00,7.00,8.00,16.02,13.66,385.00,11.00,13.00,14.00,3.00,2.34,54.00,6.00,7.00,0.00,0,휴식 (Relax)
1.00,5.50,3.81,-6.19,-2.06,33.29,12.51,24.32,11.31,55.27,46.34,19.11,32.00,24.71,108.21,69.25,62.23,41.20,53.02,67.18,132.00,24.89,41.81,15.25,11.18,12.95,28.54,27.86,81.00,42.31,30.78,35.83,45.35,58.29,16.21,75.03,187.00,5.59,21.22,4.06,15.26,11.31,7.74,5.33,19.00,7.94,6.25,152.00,9.00,7.00,6.00,17.39,14.44,341.00,8.00,8.00,14.00,7.79,6.91,151.00,9.00,7.00,9.00,16.02,13.66,385.00,12.00,12.00,14.00,2.97,2.21,54.00,6.00,6.00,0.00,0,휴식 (Relax)
-7.00,-4.12,-2.50,13.75,-0.19,33.29,12.51,24.32,11.31,55.27,46.34,19.11,32.00,4.29,111.33,57.46,49.19,58.94,46.11,82.20,110.00,21.86,42.64,17.37,14.14,7.98,23.95,32.45,76.00,9.40,8.42,63.24,15.56,65.66,20.33,104.69,154.00,7.55,19.66,3.91,13.60,13.31,8.69,7.11,17.00,7.94,6.25,160.00,10.00,7.00,6.00,16.90,13.41,330.00,8.00,8.00,14.00,7.59,6.56,146.00,9.00,8.00,8.00,15.80,13.06,385.00,12.00,12.00,14.00,2.92,2.13,54.00,6.00,7.00,0.00,0,휴식 (Relax)
0.50,16.50,-6.81,-17.88,-2.06,26.06,4.88,29.07,8.00,50.97,54.04,15.16,24.00,25.72,93.21,79.46,31.11,60.41,62.42,103.30,88.00,26.08,33.82,25.30,23.26,11.84,22.84,43.45,65.00,31.23,26.39,67.60,15.56,54.22,41.51,121.44,132.00,5.95,21.66,2.00,12.53,14.22,8.54,8.63,15.00,7.73,5.69,160.00,10.00,7.00,6.00,17.39,14.44,341.00,9.00,8.00,14.00,7.74,6.81,151.00,9.00,8.00,8.00,16.44,14.27,396.00,12.00,12.00,14.00,2.97,2.21,54.00,6.00,6.00,0.00,0,휴식 (Relax)
8.00,-6.19,-1.44,2.75,2.62,21.96,8.12,26.76,16.00,58.93,47.31,21.18,32.00,36.37,82.29,84.16,24.60,69.53,51.63,92.42,99.00,27.93,27.84,30.50,26.40,7.02,18.42,38.00,71.00,15.13,12.41,45.61,34.79,32.22,56.87,133.97,110.00,9.26,18.75,6.61,17.09,11.90,6.36,12.03,10.00,8.00,6.00,160.00,4.00,6.00,6.00,16.94,13.84,352.00,10.00,9.00,14.00,7.67,6.62,156.00,9.00,9.00,8.00,15.80,13.06,396.00,12.00,12.00,14.00,3.00,2.34,54.00,6.00,6.00,0.00,0,휴식 (Relax)
-15.50,-26.81,9.25,2.75,-2.06,23.33,1.37,34.58,17.89,61.76,46.63,29.07,40.00,22.15,97.22,99.43,11.00,88.26,43.84,74.49,121.00,28.25,31.36,31.29,30.53,10.31,13.43,34.93,76.00,15.13,12.41,45.61,34.79,32.22,56.87,133.97,110.00,7.85,18.07,7.52,19.42,6.94,3.93,15.15,5.00,8.70,6.69,176.00,9.00,7.00,7.00,18.23,15.04,374.00,10.00,9.00,15.00,7.95,6.97,167.00,10.00,9.00,9.00,15.80,13.06,385.00,11.00,11.00,13.00,2.97,2.21,54.00,6.00,6.00,0.00,0,휴식 (Relax)
15.50,5.50,4.25,2.06,-2.06,28.92,15.06,29.10,8.00,52.11,59.04,44.74,56.00,24.46,97.33,89.69,22.00,87.96,51.26,70.12,132.00,28.25,31.36,31.29,30.53,10.31,13.43,34.93,76.00,21.75,23.37,53.65,24.60,40.63,50.99,133.21,99.00,7.85,18.07,7.52,19.42,6.94,3.93,15.15,5.00,9.58,7.62,208.00,9.00,8.00,8.00,18.24,15.12,396.00,10.00,10.00,15.00,7.95,6.97,172.00,10.00,10.00,9.00,15.66,12.46,352.00,10.00,10.00,12.00,2.97,2.21,49.00,5.00,6.00,0.00,0,휴식 (Relax)
7.00,5.50,-1.38,-6.88,-4.56,36.00,21.21,36.35,16.00,60.04,51.21,38.19,48.00,24.46,97.33,89.69,22.00,87.96,51.26,70.12,132.00,23.68,35.64,28.63,35.78,12.59,15.15,34.37,70.00,13.95,22.00,29.31,49.19,70.69,22.00,123.47,66.00,14.68,10.07,12.30,16.28,13.32,4.07,17.32,3.00,9.75,8.12,200.00,8.00,8.00,7.00,18.24,15.12,374.00,10.00,9.00,14.00,7.88,6.72,162.00,10.00,9.00,8.00,14.49,12.03,319.00,10.00,9.00,12.00,3.10,2.37,52.00,5.00,6.00,0.00,0,휴식 (Relax)
0.00,-3.44,8.31,13.06,0.62,20.02,23.58,27.53,22.63,66.18,44.77,33.42,32.00,47.28,64.44,58.60,55.00,114.34,37.60,63.29,99.00,43.84,14.77,19.73,32.39,33.38,22.00,32.54,49.00,26.50,11.00,27.15,70.43,80.29,11.00,109.35,33.00,17.68,8.23,11.94,13.34,11.30,2.88,17.24,0.00,8.94,7.00,184.00,5.00,7.00,6.00,16.83,13.49,352.00,10.00,8.00,14.00,7.62,6.77,152.00,10.00,9.00,8.00,14.14,11.09,297.00,10.00,9.00,12.00,2.98,2.20,54.00,6.00,7.00,0.00,0,휴식 (Relax)
14.50,6.88,13.94,24.06,0.62,43.43,6.77,19.12,17.89,54.63,60.55,46.77,8.00,36.37,71.90,67.06,56.09,113.11,45.72,60.40,88.00,49.75,12.31,14.42,38.33,32.09,22.41,34.00,55.00,26.50,11.00,27.15,70.43,80.29,11.00,109.35,33.00,17.68,8.23,11.94,13.34,11.30,2.88,17.24,0.00,9.47,7.69,192.00,9.00,8.00,7.00,16.90,13.75,341.00,10.00,8.00,14.00,8.15,7.20,142.00,9.00,8.00,7.00,14.14,11.09,253.00,9.00,8.00,12.00,2.98,2.20,47.00,5.00,6.00,0.00,0,휴식 (Relax)
6.00,7.56,-8.06,-20.62,-1.69,50.46,7.10,13.27,25.30,62.61,52.59,39.37,16.00,47.13,72.54,70.56,45.35,102.77,56.64,55.24,77.00,49.75,12.31,14.42,38.33,32.09,22.41,34.00,55.00,36.98,15.56,16.57,62.23,69.81,15.56,99.70,22.00,14.61,4.64,15.90,8.54,6.38,2.12,13.89,5.00,9.59,8.00,192.00,8.00,8.00,7.00,16.37,13.06,286.00,9.00,7.00,13.00,8.15,7.20,142.00,9.00,8.00,7.00,12.83,10.14,253.00,9.00,8.00,12.00,2.52,1.85,42.00,4.00,5.00,0.00,0,휴식 (Relax)
-1.50,-5.50,3.62,2.06,3.12,45.59,11.40,21.13,28.84,66.53,47.98,31.37,24.00,26.58,50.44,37.56,49.19,83.63,81.56,39.21,44.00,44.25,2.74,16.17,49.25,24.34,11.85,24.58,44.00,29.01,19.05,20.21,70.43,69.99,19.05,88.81,11.00,14.50,2.00,15.69,10.00,7.44,2.00,16.50,2.00,9.47,7.69,184.00,8.00,7.00,6.00,13.47,11.00,275.00,10.00,7.00,13.00,7.37,6.42,136.00,9.00,8.00,7.00,12.43,9.71,264.00,10.00,8.00,12.00,2.64,2.02,45.00,5.00,6.00,0.00,0,휴식 (Relax)
-9.50,4.12,-7.06,-8.25,2.81,45.59,11.40,21.13,28.84,66.53,47.98,31.37,24.00,36.92,29.87,35.75,31.11,71.22,79.80,54.17,66.00,44.40,2.68,13.66,49.00,22.16,14.52,29.44,49.00,27.87,29.95,17.04,64.14,59.56,23.56,99.53,22.00,17.31,3.00,11.31,14.32,11.12,3.00,11.52,7.00,9.47,7.69,176.00,7.00,7.00,5.00,12.83,10.14,275.00,11.00,8.00,13.00,7.57,6.70,136.00,9.00,8.00,7.00,12.60,10.31,264.00,11.00,8.00,12.00,2.70,2.13,43.00,5.00,6.00,0.00,0,휴식 (Relax)
-8.50,3.44,-6.06,-17.19,2.62,51.22,24.71,12.58,24.00,51.04,62.20,22.40,40.00,47.24,19.68,46.63,24.60,82.19,71.96,43.66,55.00,53.70,17.18,2.36,33.00,38.15,22.33,13.99,33.00,52.19,59.38,18.54,39.66,85.44,10.19,74.87,11.00,20.05,5.54,8.95,13.34,8.81,2.30,14.43,4.00,9.58,7.62,176.00,7.00,7.00,5.00,12.73,9.80,242.00,10.00,7.00,12.00,7.38,6.33,120.00,8.00,8.00,6.00,12.88,10.91,242.00,10.00,7.00,12.00,2.78,2.34,43.00,5.00,6.00,0.00,0,휴식 (Relax)
0.00,-5.50,-1.38,-6.88,-2.25,57.71,28.88,5.55,16.00,52.48,54.83,23.24,32.00,14.62,43.19,41.62,15.56,97.73,39.02,10.88,22.00,49.20,14.75,4.90,33.38,40.43,27.32,11.00,28.00,41.26,55.34,21.31,31.11,84.55,18.03,72.22,22.00,18.05,5.12,8.43,15.30,9.78,4.21,16.11,2.00,9.38,7.00,160.00,2.00,6.00,4.00,11.00,8.94,209.00,10.00,6.00,12.00,7.22,6.09,125.00,8.00,8.00,6.00,12.22,10.14,231.00,9.00,8.00,12.00,2.84,2.44,42.00,5.00,5.00,0.00,0,휴식 (Relax)
6.50,-16.50,3.94,14.44,2.94,34.44,39.61,29.18,28.84,36.39,51.53,31.46,8.00,14.62,43.19,41.62,15.56,97.73,39.02,10.88,22.00,38.24,21.70,15.09,22.56,47.89,21.70,16.15,39.00,30.78,61.39,32.25,24.60,94.86,18.60,70.61,11.00,15.33,7.51,5.57,15.00,6.86,2.35,14.52,5.00,8.59,6.88,152.00,7.00,6.00,3.00,11.00,8.94,187.00,9.00,5.00,12.00,7.10,6.07,126.00,9.00,7.00,6.00,12.73,10.74,253.00,10.00,8.00,13.00,2.54,2.20,44.00,6.00,6.00,0.00,0,휴식 (Relax)
-1.50,16.50,-2.69,3.44,5.75,34.44,39.61,29.18,28.84,36.39,51.53,31.46,8.00,14.62,43.19,41.62,15.56,97.73,39.02,10.88,22.00,28.80,31.66,19.56,22.56,39.07,19.49,15.02,29.00,30.78,61.39,32.25,24.60,94.86,18.60,70.61,11.00,17.43,4.69,7.96,18.00,7.20,4.69,14.60,8.00,8.59,6.88,160.00,8.00,7.00,3.00,11.00,8.94,209.00,10.00,6.00,12.00,6.42,5.52,116.00,9.00,7.00,5.00,12.73,10.74,253.00,9.00,8.00,13.00,2.84,2.44,42.00,5.00,5.00,0.00,0,휴식 (Relax)
-9.00,5.50,-2.31,2.75,-0.38,41.74,34.26,35.63,35.78,39.33,43.57,32.76,16.00,14.62,43.19,41.62,15.56,97.73,39.02,10.88,22.00,33.33,28.14,22.90,16.76,40.44,15.95,19.10,23.00,28.10,70.41,24.91,31.11,90.60,29.16,62.71,0.00,18.38,4.43,7.94,18.11,5.21,2.89,13.71,6.00,8.89,7.25,160.00,8.00,6.00,3.00,11.00,8.94,209.00,9.00,6.00,12.00,6.39,5.39,110.00,8.00,7.00,5.00,12.60,10.31,231.00,8.00,7.00,12.00,2.78,2.34,46.00,6.00,6.00,0.00,0,휴식 (Relax)
13.50,15.12,-7.00,-6.88,-2.25,29.70,39.05,21.17,51.22,29.96,34.10,51.34,40.00,22.90,63.72,63.22,15.56,81.26,17.20,22.19,44.00,36.09,29.74,27.70,18.87,35.47,20.78,14.42,28.00,29.49,68.97,46.71,49.19,68.64,44.93,43.79,22.00,18.18,3.16,9.74,20.10,4.62,3.16,12.38,4.00,9.26,7.81,176.00,9.00,7.00,4.00,11.59,9.28,198.00,8.00,6.00,12.00,6.61,5.62,110.00,8.00,6.00,5.00,12.22,10.14,209.00,8.00,6.00,12.00,2.84,2.44,46.00,6.00,5.00,0.00,0,휴식 (Relax)
-2.50,-15.81,8.00,13.06,2.44,29.70,39.05,21.17,51.22,29.96,34.10,51.34,40.00,29.46,56.43,64.08,24.60,51.84,21.12,50.03,77.00,35.65,16.01,30.05,10.00,31.23,35.38,1.61,44.00,42.99,48.38,48.73,45.35,61.59,60.91,14.58,55.00,17.12,8.06,7.05,20.22,9.33,8.06,8.36,1.00,9.26,7.81,184.00,9.00,7.00,5.00,11.65,9.71,209.00,8.00,7.00,12.00,6.69,5.88,121.00,9.00,7.00,6.00,11.81,9.45,209.00,8.00,7.00,12.00,2.85,2.51,46.00,6.00,5.00,0.00,0,휴식 (Relax)
-2.00,5.50,-7.69,-8.25,-0.38,26.15,46.17,14.90,57.69,35.82,26.15,43.67,32.00,19.49,48.77,53.15,22.00,55.15,31.77,58.59,88.00,33.13,21.00,25.06,5.00,35.86,37.91,6.42,49.00,32.93,58.81,37.73,34.79,72.02,61.65,7.05,66.00,18.66,5.98,5.09,17.26,11.36,10.59,5.73,4.00,9.17,7.50,160.00,8.00,6.00,4.00,11.67,9.62,209.00,9.00,7.00,12.00,6.93,6.15,126.00,9.00,7.00,6.00,11.99,9.97,231.00,9.00,8.00,13.00,2.78,2.34,44.00,6.00,6.00,0.00,0,휴식 (Relax)
-3.00,3.44,3.62,13.06,2.31,38.62,31.65,16.72,50.60,35.01,16.67,33.16,16.00,14.04,16.21,46.59,55.00,22.16,30.78,49.65,55.00,29.53,24.73,23.76,7.07,32.63,39.20,3.28,44.00,43.90,49.40,42.96,33.00,79.48,55.90,8.65,77.00,14.70,7.04,10.07,17.12,10.80,12.98,1.39,9.00,7.94,6.75,128.00,7.00,5.00,3.00,9.30,7.48,176.00,8.00,7.00,11.00,6.66,5.80,132.00,10.00,8.00,7.00,12.43,10.57,253.00,10.00,9.00,14.00,2.78,2.40,47.00,7.00,7.00,0.00,0,휴식 (Relax)
-2.00,13.75,-2.00,-18.56,-5.50,22.89,38.91,28.57,35.78,23.22,28.11,34.54,0.00,23.93,8.42,57.32,56.09,28.06,20.33,46.16,66.00,24.21,26.17,29.03,12.08,30.02,33.93,6.16,50.00,24.12,57.67,57.83,55.00,74.18,35.67,27.12,99.00,17.54,8.19,9.52,20.10,8.31,13.00,2.19,12.00,7.21,5.75,120.00,7.00,5.00,3.00,9.92,7.91,187.00,8.00,7.00,12.00,6.61,5.62,132.00,10.00,8.00,7.00,13.31,11.69,275.00,10.00,9.00,14.00,3.04,2.56,52.00,8.00,7.00,0.00,0,휴식 (Relax)
6.00,-17.88,3.62,-7.56,-0.81,22.89,38.91,28.57,35.78,23.22,28.11,34.54,0.00,16.55,20.33,48.52,77.78,27.40,8.42,38.23,88.00,30.16,29.18,24.89,15.56,24.03,28.15,10.84,56.00,24.12,57.67,57.83,55.00,74.18,35.67,27.12,99.00,12.57,3.48,5.37,20.22,4.56,10.67,6.66,17.00,7.21,5.75,120.00,7.00,4.00,3.00,10.91,9.28,209.00,8.00,7.00,12.00,6.66,5.80,127.00,10.00,9.00,6.00,13.31,11.69,264.00,9.00,10.00,14.00,2.70,2.29,52.00,8.00,8.00,0.00,0,휴식 (Relax)
-9.50,3.44,-6.38,4.12,-0.81,16.58,32.98,27.58,43.08,23.26,32.98,41.85,8.00,13.21,19.05,39.95,77.00,20.98,19.05,34.31,99.00,15.41,13.67,22.20,12.08,22.63,25.00,24.45,72.00,24.86,48.77,57.69,44.00,67.77,31.77,33.79,110.00,12.57,3.48,5.37,20.22,4.56,10.67,6.66,17.00,7.60,6.06,120.00,7.00,4.00,3.00,10.80,8.85,220.00,8.00,8.00,12.00,6.49,5.47,132.00,11.00,9.00,7.00,12.83,11.00,264.00,10.00,9.00,14.00,2.70,2.29,52.00,8.00,8.00,0.00,0,휴식 (Relax)
7.00,13.75,5.31,26.12,4.81,15.50,24.99,20.51,46.65,15.54,34.17,33.85,0.00,14.31,28.74,30.23,88.00,31.97,11.91,41.61,88.00,12.80,5.79,14.29,22.56,11.80,17.79,17.91,61.00,24.86,48.77,57.69,44.00,67.77,31.77,33.79,110.00,10.10,5.20,7.92,20.22,10.48,5.20,11.02,23.00,6.86,5.38,128.00,8.00,5.00,4.00,11.34,9.28,231.00,8.00,8.00,13.00,5.26,4.61,121.00,11.00,9.00,7.00,12.83,11.00,242.00,9.00,8.00,14.00,2.96,2.56,56.00,9.00,7.00,0.00,0,휴식 (Relax)
-0.50,2.75,4.62,13.06,-1.31,20.63,19.87,14.67,40.00,21.65,27.51,41.31,8.00,14.31,28.74,30.23,88.00,31.97,11.91,41.61,88.00,11.61,9.49,25.20,27.20,10.29,7.86,20.89,50.00,16.20,74.30,85.57,11.00,36.39,6.71,47.15,77.00,10.73,7.18,9.77,18.25,10.10,5.87,9.97,21.00,6.61,4.75,128.00,8.00,6.00,4.00,11.34,9.28,231.00,7.00,8.00,13.00,5.19,4.67,110.00,10.00,8.00,6.00,12.43,10.57,231.00,8.00,8.00,14.00,2.87,2.44,57.00,9.00,8.00,0.00,0,휴식 (Relax)
14.50,2.06,-1.00,2.06,-3.00,7.44,22.38,15.26,51.22,24.52,11.79,54.32,24.00,15.41,34.49,41.03,77.00,25.22,22.47,52.60,77.00,13.20,10.00,24.14,22.63,16.29,1.98,25.96,44.00,16.20,74.30,85.57,11.00,36.39,6.71,47.15,77.00,7.93,5.69,10.77,19.70,14.71,6.61,10.80,16.00,7.60,6.06,136.00,9.00,7.00,5.00,11.15,8.59,220.00,6.00,8.00,12.00,5.06,4.38,105.00,10.00,8.00,5.00,12.43,10.57,231.00,7.00,8.00,14.00,2.94,2.50,59.00,9.00,8.00,0.00,0,휴식 (Relax)
5.50,2.06,-1.31,1.38,2.00,11.21,24.00,14.83,43.08,36.58,24.00,46.44,8.00,15.41,34.49,41.03,77.00,25.22,22.47,52.60,77.00,9.84,5.71,19.75,19.42,18.77,4.62,30.93,39.00,19.31,69.40,75.27,22.00,46.87,4.93,58.15,66.00,7.93,5.69,10.77,19.70,14.71,6.61,10.80,16.00,7.33,6.12,144.00,9.00,8.00,5.00,11.15,8.59,220.00,6.00,8.00,12.00,4.83,4.14,105.00,10.00,8.00,5.00,12.22,9.97,220.00,7.00,7.00,13.00,2.94,2.50,64.00,10.00,9.00,0.00,0,휴식 (Relax)
-18.00,-18.56,4.00,10.31,4.81,8.21,27.71,20.63,50.60,43.34,27.71,47.29,0.00,30.52,53.31,56.77,55.00,37.87,28.08,40.89,99.00,6.41,5.30,12.54,12.08,26.18,6.92,20.70,50.00,41.16,40.91,57.24,39.66,37.15,31.44,30.15,99.00,10.73,2.72,10.15,21.10,16.26,9.31,8.10,19.00,8.25,6.50,160.00,10.00,8.00,6.00,12.12,10.23,231.00,6.00,8.00,12.00,4.66,4.12,106.00,11.00,8.00,5.00,11.32,9.11,220.00,9.00,7.00,13.00,3.15,2.71,62.00,9.00,8.00,0.00,0,휴식 (Relax)
-9.50,13.06,-6.69,-22.00,-6.00,13.67,35.62,27.72,48.66,45.00,30.12,43.39,8.00,8.96,33.62,39.73,59.24,37.75,49.99,47.32,121.00,7.77,3.69,9.79,7.81,30.63,11.51,17.82,55.00,35.12,51.88,49.71,46.67,47.81,40.80,28.03,110.00,7.74,5.02,7.58,23.71,19.19,12.12,5.14,22.00,8.59,6.88,160.00,9.00,8.00,6.00,12.43,9.97,253.00,7.00,8.00,12.00,4.95,4.40,111.00,11.00,8.00,6.00,12.30,9.62,231.00,5.00,7.00,13.00,3.41,2.88,68.00,9.00,9.00,1.00,0,휴식 (Relax)
6.50,0.69,4.31,11.00,2.00,13.67,35.62,27.72,48.66,45.00,30.12,43.39,8.00,13.04,36.48,53.18,39.66,56.55,36.48,32.62,99.00,7.77,3.69,9.79,7.81,30.63,11.51,17.82,55.00,35.12,51.88,49.71,46.67,47.81,40.80,28.03,110.00,7.74,5.02,7.58,23.71,19.19,12.12,5.14,22.00,8.59,6.88,168.00,9.00,8.00,7.00,11.32,7.99,231.00,6.00,8.00,12.00,4.95,4.40,116.00,11.00,9.00,7.00,12.30,9.62,253.00,6.00,8.00,13.00,3.41,2.88,73.00,10.00,9.00,1.00,0,휴식 (Relax)
-9.00,1.38,-6.38,-10.31,5.00,21.56,37.52,20.50,50.60,49.26,37.52,36.00,16.00,4.97,26.39,43.48,46.67,65.08,41.51,25.01,88.00,12.72,8.60,9.07,12.08,25.99,11.05,19.81,60.00,40.05,52.36,49.73,39.66,42.91,37.05,36.63,121.00,7.74,5.02,7.58,23.71,19.19,12.12,5.14,22.00,8.89,7.25,176.00,10.00,8.00,8.00,10.91,7.73,220.00,6.00,7.00,11.00,5.19,4.67,127.00,12.00,10.00,8.00,12.58,10.48,275.00,9.00,9.00,14.00,3.41,2.88,70.00,9.00,9.00,1.00,0,휴식 (Relax)
-9.00,11.69,-6.06,-9.62,1.81,21.56,37.52,20.50,50.60,49.26,37.52,36.00,16.00,11.28,37.05,43.16,55.00,63.42,52.36,16.76,77.00,17.58,12.32,13.95,14.87,29.81,14.63,16.11,55.00,49.59,46.67,60.38,31.11,53.90,46.67,25.89,110.00,9.06,7.93,4.72,25.24,16.78,9.55,4.25,25.00,8.89,7.25,152.00,9.00,7.00,7.00,11.32,7.99,220.00,6.00,6.00,11.00,5.41,4.95,122.00,12.00,9.00,8.00,12.83,11.17,264.00,8.00,8.00,13.00,3.43,2.94,71.00,9.00,9.00,1.00,0,휴식 (Relax)
-7.50,-8.94,-1.38,-19.94,-6.00,40.86,17.00,35.41,48.66,25.81,37.08,15.83,40.00,16.76,31.17,63.42,45.35,43.16,71.26,11.28,55.00,13.73,12.33,12.04,18.87,28.97,19.60,11.80,50.00,60.56,36.48,67.39,39.66,50.35,36.48,36.82,121.00,8.91,5.69,7.17,27.78,17.88,6.61,6.12,28.00,8.23,6.62,136.00,5.00,7.00,6.00,11.15,8.59,209.00,6.00,6.00,11.00,5.19,4.67,111.00,11.00,8.00,7.00,13.59,11.95,253.00,7.00,7.00,13.00,3.67,3.12,74.00,9.00,8.00,1.00,0,휴식 (Relax)
8.00,-30.25,9.62,2.75,-0.81,35.92,24.99,29.08,56.57,26.27,34.17,15.68,48.00,27.70,40.07,71.14,56.09,52.13,68.45,12.90,66.00,13.73,12.33,12.04,18.87,28.97,19.60,11.80,50.00,71.04,26.39,63.67,46.67,41.88,41.51,27.58,110.00,10.69,6.70,7.52,29.41,14.89,8.55,3.36,25.00,8.49,7.00,152.00,6.00,7.00,7.00,12.60,9.62,209.00,5.00,6.00,11.00,5.19,4.67,106.00,11.00,7.00,7.00,13.19,11.34,253.00,7.00,7.00,13.00,3.64,3.04,76.00,8.00,8.00,1.00,0,휴식 (Relax)
-15.00,-7.56,-1.69,12.38,-0.81,41.97,17.13,28.05,56.57,42.11,21.78,28.26,64.00,38.31,50.82,68.24,59.24,54.97,62.86,7.06,55.00,14.70,17.26,16.46,14.87,26.03,19.70,6.91,45.00,55.63,39.02,85.53,64.14,23.35,43.19,25.69,88.00,10.69,6.70,7.52,29.41,14.89,8.55,3.36,25.00,9.33,8.12,176.00,7.00,8.00,8.00,12.73,10.23,231.00,5.00,7.00,12.00,4.95,4.40,106.00,11.00,7.00,7.00,13.40,11.34,242.00,6.00,6.00,13.00,3.64,3.04,73.00,7.00,7.00,1.00,0,휴식 (Relax)
16.00,24.06,-1.31,2.06,-0.62,42.16,14.78,42.15,40.79,51.79,6.12,44.23,80.00,24.01,42.60,89.90,80.08,76.96,42.60,20.57,33.00,11.44,14.50,17.63,19.42,29.94,16.85,4.27,39.00,59.32,39.66,80.96,59.24,29.39,39.66,34.09,77.00,13.69,9.37,5.03,27.78,17.28,6.94,0.81,22.00,10.20,9.00,208.00,8.00,9.00,9.00,14.14,11.09,253.00,6.00,6.00,12.00,4.83,4.14,100.00,10.00,6.00,7.00,13.03,10.83,220.00,5.00,6.00,13.00,3.60,2.91,65.00,6.00,6.00,1.00,0,휴식 (Relax)
7.50,-7.56,4.31,0.69,-0.94,47.12,13.86,48.14,43.08,55.39,13.86,36.81,72.00,32.62,34.49,80.69,77.00,88.18,22.47,39.85,11.00,16.17,12.85,11.63,23.35,35.55,11.70,8.93,33.00,62.47,24.60,66.76,39.66,50.60,24.60,55.82,55.00,9.21,8.77,5.77,23.60,21.63,3.01,5.10,17.00,10.38,9.50,208.00,10.00,9.00,9.00,13.87,11.17,253.00,6.00,6.00,12.00,4.95,4.40,100.00,10.00,5.00,7.00,11.97,9.20,209.00,5.00,6.00,12.00,3.31,2.67,60.00,6.00,6.00,1.00,0,휴식 (Relax)
7.50,2.06,4.31,0.00,-0.94,47.12,13.86,48.14,43.08,55.39,13.86,36.81,72.00,32.48,53.31,65.48,55.00,79.33,28.08,58.03,11.00,16.17,12.85,11.63,23.35,35.55,11.70,8.93,33.00,70.16,14.58,56.00,34.79,49.72,35.20,45.32,66.00,9.21,8.77,5.77,23.60,21.63,3.01,5.10,17.00,10.38,9.50,192.00,9.00,8.00,8.00,13.03,9.71,242.00,6.00,7.00,12.00,4.95,4.40,89.00,9.00,4.00,6.00,11.67,8.25,198.00,3.00,6.00,11.00,3.31,2.67,60.00,6.00,6.00,1.00,0,휴식 (Relax)
-8.50,2.06,-6.69,0.00,1.88,47.12,13.86,48.14,43.08,55.39,13.86,36.81,72.00,32.48,53.31,65.48,55.00,79.33,28.08,58.03,11.00,16.17,12.85,11.63,23.35,35.55,11.70,8.93,33.00,70.16,14.58,56.00,34.79,49.72,35.20,45.32,66.00,9.05,11.74,2.86,26.08,18.82,1.46,7.73,14.00,10.38,9.50,192.00,9.00,7.00,8.00,13.03,9.71,231.00,6.00,6.00,11.00,4.95,4.40,89.00,9.00,4.00,6.00,11.67,8.25,176.00,3.00,5.00,10.00,3.33,2.77,57.00,6.00,5.00,1.00,0,휴식 (Relax)
-15.00,-7.56,-1.31,1.38,-2.62,25.82,36.21,63.43,65.97,38.99,15.00,44.51,48.00,15.81,48.56,71.88,33.00,91.85,17.44,55.56,11.00,11.90,17.42,6.35,27.80,31.30,13.80,13.93,27.00,48.19,32.23,39.14,34.79,38.15,37.16,58.33,44.00,8.71,9.27,8.58,22.80,14.41,9.27,14.52,6.00,10.91,10.00,192.00,7.00,6.00,8.00,12.73,9.80,231.00,7.00,6.00,11.00,4.83,4.14,94.00,9.00,5.00,6.00,10.20,7.56,165.00,4.00,5.00,9.00,3.16,2.53,56.00,6.00,6.00,1.00,0,휴식 (Relax)
8.50,-6.88,4.69,2.06,-0.62,30.57,32.65,66.46,68.35,31.11,18.49,51.39,40.00,10.23,56.87,65.04,34.79,97.33,12.41,51.45,0.00,11.90,17.42,6.35,27.80,31.30,13.80,13.93,27.00,38.65,37.83,28.88,45.35,30.70,27.33,54.96,55.00,8.71,9.27,8.58,22.80,14.41,9.27,14.52,6.00,11.12,10.50,200.00,8.00,6.00,8.00,12.83,10.14,231.00,7.00,6.00,11.00,4.83,4.14,94.00,9.00,5.00,6.00,9.70,7.22,154.00,4.00,5.00,8.00,3.16,2.53,56.00,6.00,6.00,1.00,0,휴식 (Relax)
1.50,4.12,-6.00,-8.25,4.88,29.20,29.75,50.49,53.67,32.02,22.87,67.32,24.00,10.23,56.87,65.04,34.79,97.33,12.41,51.45,0.00,13.62,15.25,11.34,24.04,36.29,18.21,16.27,22.00,33.79,38.11,31.33,44.00,41.50,38.11,54.13,44.00,13.73,1.46,16.17,22.09,7.81,11.74,13.60,14.00,10.28,9.50,200.00,8.00,7.00,8.00,12.83,10.14,242.00,8.00,6.00,12.00,5.06,4.38,105.00,10.00,6.00,7.00,9.92,7.91,165.00,5.00,5.00,9.00,3.33,2.77,57.00,6.00,6.00,1.00,0,휴식 (Relax)
-5.50,4.12,-5.69,-17.88,-5.62,40.27,22.87,47.86,62.48,16.13,29.75,52.34,40.00,10.23,56.87,65.04,34.79,97.33,12.41,51.45,0.00,17.86,11.05,14.23,27.80,34.96,17.08,15.87,27.00,41.71,31.11,53.33,22.00,42.38,31.11,65.34,66.00,6.27,8.46,13.21,14.14,13.42,19.71,19.13,22.00,10.09,9.19,184.00,8.00,6.00,7.00,12.83,10.14,220.00,7.00,5.00,11.00,5.26,4.61,99.00,9.00,5.00,7.00,10.91,9.28,165.00,5.00,4.00,9.00,3.60,2.91,65.00,7.00,6.00,2.00,0,휴식 (Relax)
-6.00,-17.88,5.31,4.81,2.56,32.60,29.67,40.59,56.57,13.72,37.73,47.13,48.00,10.23,56.87,65.04,34.79,97.33,12.41,51.45,0.00,17.86,11.05,14.23,27.80,34.96,17.08,15.87,27.00,51.42,24.60,58.39,24.60,31.44,24.60,55.88,55.00,3.35,10.49,15.91,14.87,11.13,17.55,16.24,19.00,9.59,8.75,176.00,8.00,6.00,7.00,12.83,10.14,209.00,7.00,4.00,11.00,5.26,4.61,99.00,9.00,4.00,7.00,10.27,8.77,154.00,5.00,4.00,9.00,3.39,2.67,62.00,7.00,6.00,1.00,0,휴식 (Relax)
1.50,4.81,4.62,3.44,-2.62,24.62,37.38,34.90,62.48,7.25,32.17,49.75,40.00,1.38,48.56,74.34,39.66,88.28,17.44,41.01,11.00,8.09,19.94,25.23,37.12,26.49,6.20,10.38,16.00,29.45,46.00,73.31,11.00,28.17,7.89,34.54,33.00,6.34,10.71,13.90,12.08,12.59,17.92,13.26,16.00,9.47,8.50,168.00,8.00,5.00,6.00,12.28,9.54,220.00,8.00,5.00,11.00,5.19,4.67,88.00,8.00,3.00,6.00,9.30,7.48,121.00,4.00,3.00,8.00,3.16,2.53,59.00,7.00,7.00,1.00,0,휴식 (Relax)
17.00,4.81,4.62,-6.19,-0.44,17.95,42.07,39.15,67.88,15.11,32.34,50.25,48.00,1.38,48.56,74.34,39.66,88.28,17.44,41.01,11.00,8.09,19.94,25.23,37.12,26.49,6.20,10.38,16.00,50.82,30.78,54.60,11.00,50.02,16.21,12.73,11.00,3.84,8.34,12.67,11.18,15.53,20.50,10.75,13.00,10.15,9.00,168.00,7.00,5.00,6.00,12.28,9.54,220.00,8.00,5.00,11.00,5.19,4.67,77.00,7.00,3.00,5.00,8.67,7.39,110.00,4.00,3.00,8.00,3.10,2.35,58.00,7.00,7.00,1.00,0,휴식 (Relax)
-7.00,-5.50,-1.69,-6.19,-0.06,17.95,42.07,39.15,67.88,15.11,32.34,50.25,48.00,12.36,41.51,63.78,34.79,99.18,26.39,37.83,22.00,9.28,18.36,21.95,32.76,31.49,6.98,7.24,11.00,50.82,30.78,54.60,11.00,50.02,16.21,12.73,11.00,5.70,2.35,6.70,5.39,15.43,14.85,14.72,19.00,10.15,9.00,192.00,8.00,6.00,7.00,12.30,9.62,220.00,9.00,4.00,11.00,4.95,4.40,83.00,8.00,3.00,5.00,8.67,7.39,110.00,4.00,3.00,8.00,2.75,1.84,55.00,7.00,7.00,1.00,0,휴식 (Relax)
-7.00,-4.12,-2.00,14.44,2.94,17.95,42.07,39.15,67.88,15.11,32.34,50.25,48.00,33.80,50.49,52.37,15.56,90.22,28.96,39.07,0.00,13.57,14.49,17.14,30.46,30.06,2.49,11.43,16.00,42.39,16.21,32.92,33.00,66.33,30.78,30.79,33.00,5.70,2.35,6.70,5.39,15.43,14.85,14.72,19.00,10.15,9.00,192.00,8.00,6.00,7.00,11.59,8.77,198.00,8.00,4.00,10.00,4.66,4.12,78.00,8.00,3.00,5.00,9.30,7.48,121.00,5.00,2.00,8.00,2.75,1.84,50.00,7.00,6.00,1.00,0,휴식 (Relax)
8.00,6.19,3.62,-8.25,-2.25,27.39,26.15,26.60,80.00,30.06,46.17,34.97,32.00,24.92,39.66,45.10,11.00,98.87,39.66,40.07,11.00,19.57,8.49,17.69,36.06,25.35,8.49,5.45,10.00,46.16,8.42,28.06,34.79,57.32,20.33,23.93,22.00,2.74,3.67,5.45,2.83,13.94,13.95,14.71,16.00,10.20,9.00,192.00,6.00,5.00,7.00,11.65,8.94,187.00,9.00,3.00,10.00,4.73,4.25,73.00,8.00,2.00,4.00,8.25,6.53,121.00,5.00,3.00,8.00,2.49,1.75,50.00,8.00,7.00,1.00,0,휴식 (Relax)
8.00,-16.50,8.62,-7.56,-0.25,27.39,26.15,26.60,80.00,30.06,46.17,34.97,32.00,22.70,31.11,34.52,0.00,89.66,31.11,43.24,0.00,19.57,8.49,17.69,36.06,25.35,8.49,5.45,10.00,38.53,19.05,20.71,45.35,61.19,19.05,25.20,11.00,2.74,3.67,5.45,2.83,13.94,13.95,14.71,16.00,10.20,9.00,168.00,5.00,4.00,6.00,10.29,8.25,187.00,10.00,4.00,10.00,4.73,4.25,67.00,7.00,2.00,3.00,8.45,7.05,110.00,5.00,2.00,7.00,2.49,1.75,52.00,8.00,8.00,1.00,0,휴식 (Relax)
-1.00,4.81,-2.38,4.12,-0.25,43.33,32.34,30.30,67.88,18.18,42.07,21.40,16.00,29.01,33.00,35.43,11.00,87.94,33.00,36.08,11.00,19.57,8.49,17.69,36.06,25.35,8.49,5.45,10.00,29.41,28.74,9.99,49.19,50.21,11.91,19.65,22.00,2.74,3.67,5.45,2.83,13.94,13.95,14.71,16.00,9.33,8.12,144.00,7.00,3.00,5.00,10.27,8.16,176.00,10.00,4.00,10.00,4.73,4.25,78.00,8.00,3.00,4.00,7.66,6.53,110.00,6.00,2.00,7.00,2.49,1.75,52.00,8.00,8.00,1.00,0,휴식 (Relax)
0.00,6.19,-2.38,-6.19,-0.25,29.87,16.67,14.51,80.00,3.81,31.65,20.47,0.00,12.28,16.21,14.09,24.60,67.21,30.78,21.39,33.00,19.57,8.49,17.69,36.06,25.35,8.49,5.45,10.00,19.18,34.49,14.37,39.66,54.75,22.47,27.99,11.00,2.74,3.67,5.45,2.83,13.94,13.95,14.71,16.00,8.49,7.00,136.00,4.00,3.00,5.00,7.75,6.96,143.00,9.00,3.00,9.00,4.73,4.25,72.00,7.00,3.00,4.00,7.75,6.79,121.00,7.00,3.00,8.00,2.49,1.75,52.00,8.00,8.00,1.00,0,휴식 (Relax)
0.50,-4.81,3.62,4.81,-2.12,27.16,10.39,15.39,75.47,6.40,39.45,16.26,8.00,12.28,16.21,14.09,24.60,67.21,30.78,21.39,33.00,19.57,8.49,17.69,36.06,25.35,8.49,5.45,10.00,19.18,34.49,14.37,39.66,54.75,22.47,27.99,11.00,2.97,5.37,3.51,4.47,15.78,13.68,12.73,18.00,8.23,6.62,136.00,6.00,3.00,5.00,7.75,6.96,143.00,9.00,3.00,9.00,4.73,4.25,78.00,8.00,3.00,4.00,7.75,6.79,132.00,8.00,4.00,9.00,2.55,1.81,54.00,8.00,8.00,1.00,0,휴식 (Relax)
1.00,6.19,-6.69,-5.50,2.69,29.67,13.69,23.39,68.82,10.71,33.05,22.48,0.00,12.28,16.21,14.09,24.60,67.21,30.78,21.39,33.00,25.63,7.81,22.00,34.01,22.95,7.81,13.58,1.00,9.37,26.94,17.93,49.19,44.23,26.94,38.81,0.00,4.07,5.22,4.83,6.40,17.99,11.61,10.21,21.00,7.94,6.25,120.00,5.00,3.00,4.00,7.75,6.96,154.00,10.00,4.00,10.00,4.95,4.40,78.00,8.00,3.00,4.00,7.78,6.88,143.00,9.00,5.00,10.00,2.64,2.05,56.00,8.00,8.00,1.00,0,휴식 (Relax)
-7.00,6.19,-6.69,-4.81,2.69,29.67,13.69,23.39,68.82,10.71,33.05,22.48,0.00,12.28,16.21,14.09,24.60,67.21,30.78,21.39,33.00,25.63,7.81,22.00,34.01,22.95,7.81,13.58,1.00,10.58,16.21,15.51,55.00,46.24,30.78,29.96,11.00,4.07,5.22,4.83,6.40,17.99,11.61,10.21,21.00,7.94,6.25,120.00,6.00,2.00,4.00,7.75,6.96,143.00,9.00,4.00,9.00,4.95,4.40,73.00,8.00,3.00,4.00,7.75,6.79,143.00,9.00,5.00,10.00,2.64,2.05,51.00,7.00,7.00,1.00,0,휴식 (Relax)
-7.50,-4.81,3.94,6.19,-2.31,22.27,9.27,29.55,62.48,14.28,28.46,14.80,8.00,12.28,16.21,14.09,24.60,67.21,30.78,21.39,33.00,19.63,5.00,27.96,34.37,27.56,5.00,8.35,5.00,10.58,16.21,15.51,55.00,46.24,30.78,29.96,11.00,4.07,5.22,4.83,6.40,17.99,11.61,10.21,21.00,7.19,5.62,96.00,5.00,1.00,3.00,7.75,6.96,154.00,10.00,4.00,10.00,5.03,4.56,78.00,8.00,2.00,5.00,7.75,6.79,154.00,10.00,5.00,11.00,2.64,2.05,54.00,8.00,7.00,1.00,0,휴식 (Relax)
8.50,-4.81,8.62,6.19,-0.31,22.27,9.27,29.55,62.48,14.28,28.46,14.80,8.00,12.28,16.21,14.09,24.60,67.21,30.78,21.39,33.00,15.10,9.24,29.76,39.32,29.11,3.83,11.64,0.00,10.58,16.21,15.51,55.00,46.24,30.78,29.96,11.00,4.07,5.22,4.83,6.40,17.99,11.61,10.21,21.00,7.19,5.62,104.00,6.00,1.00,4.00,7.75,6.96,143.00,9.00,4.00,9.00,5.41,4.88,72.00,7.00,2.00,4.00,7.75,6.79,143.00,9.00,5.00,10.00,2.64,2.05,50.00,7.00,7.00,1.00,0,휴식 (Relax)
0.50,6.19,-2.69,5.50,0.06,22.27,9.27,29.55,62.48,14.28,28.46,14.80,8.00,12.28,16.21,14.09,24.60,67.21,30.78,21.39,33.00,12.60,13.99,26.68,39.00,24.11,7.37,10.23,5.00,3.05,14.58,16.40,46.67,48.49,35.20,35.25,22.00,4.13,8.84,4.17,4.12,14.96,9.16,8.11,15.00,7.19,5.62,104.00,5.00,2.00,4.00,7.75,6.96,154.00,10.00,4.00,10.00,5.11,4.56,83.00,8.00,3.00,5.00,7.78,6.88,132.00,9.00,4.00,9.00,2.19,1.59,39.00,5.00,6.00,0.00,0,휴식 (Relax)
0.00,16.50,-12.38,-26.81,-2.12,17.13,16.67,21.78,57.69,21.78,31.65,17.13,0.00,16.49,16.84,17.88,31.11,68.10,40.65,24.06,44.00,13.40,12.25,31.60,44.00,22.70,12.25,12.77,10.00,9.41,22.47,25.23,55.00,59.47,34.49,45.06,33.00,1.67,5.91,6.26,7.07,11.96,7.01,7.42,12.00,6.93,5.00,104.00,3.00,2.00,4.00,8.70,7.56,143.00,9.00,3.00,10.00,5.69,4.88,82.00,7.00,3.00,5.00,9.50,7.56,143.00,9.00,4.00,9.00,1.87,1.44,33.00,5.00,5.00,0.00,0,휴식 (Relax)
-8.00,-26.81,13.94,16.50,0.06,17.13,16.67,21.78,57.69,21.78,31.65,17.13,0.00,16.51,7.89,25.19,39.66,78.85,46.00,33.22,55.00,17.70,10.74,31.05,45.35,32.49,20.65,23.13,21.00,6.68,11.91,18.08,62.23,65.04,28.74,56.06,44.00,4.46,7.85,4.06,7.28,11.06,4.05,6.73,9.00,6.93,5.00,104.00,3.00,2.00,4.00,10.27,8.34,165.00,9.00,4.00,10.00,6.67,5.56,109.00,8.00,4.00,6.00,10.29,8.25,187.00,10.00,5.00,10.00,1.71,1.21,30.00,3.00,4.00,0.00,0,휴식 (Relax)
-7.50,-24.75,7.62,-4.81,-1.94,16.98,20.42,19.27,53.67,26.57,38.77,20.66,8.00,45.74,25.26,56.32,64.14,66.37,60.98,3.14,22.00,22.29,9.87,35.89,50.22,29.19,19.86,18.20,16.00,6.83,19.05,14.02,55.00,59.79,19.05,66.41,55.00,4.46,7.85,4.06,7.28,11.06,4.05,6.73,9.00,7.19,5.62,88.00,5.00,1.00,3.00,11.99,9.62,165.00,9.00,4.00,10.00,6.91,5.88,115.00,8.00,5.00,6.00,10.27,8.16,198.00,10.00,6.00,10.00,1.71,1.21,30.00,3.00,4.00,0.00,0,휴식 (Relax)
24.00,28.88,-3.00,5.50,0.06,19.99,12.51,27.07,60.93,34.14,46.34,27.83,16.00,24.05,19.46,56.86,77.78,85.83,82.95,20.93,0.00,16.29,14.53,32.76,51.87,32.58,24.35,13.56,10.00,9.32,20.33,24.61,46.67,48.80,8.42,75.09,66.00,4.46,7.85,4.06,7.28,11.06,4.05,6.73,9.00,8.49,6.00,96.00,3.00,1.00,3.00,13.95,11.00,209.00,9.00,4.00,10.00,6.92,5.88,120.00,8.00,5.00,7.00,10.29,8.25,209.00,11.00,7.00,11.00,1.71,1.21,32.00,3.00,4.00,0.00,0,휴식 (Relax)
7.00,-4.12,-3.00,-5.50,0.06,34.41,9.02,38.26,56.57,36.17,41.36,11.83,0.00,24.05,19.46,56.86,77.78,85.83,82.95,20.93,0.00,16.29,14.53,32.76,51.87,32.58,24.35,13.56,10.00,9.32,20.33,24.61,46.67,48.80,8.42,75.09,66.00,4.46,7.85,4.06,7.28,11.06,4.05,6.73,9.00,8.43,6.38,112.00,5.00,2.00,4.00,13.95,11.00,242.00,10.00,5.00,11.00,6.92,5.88,120.00,8.00,5.00,7.00,10.29,8.25,198.00,11.00,7.00,11.00,1.71,1.21,29.00,3.00,3.00,0.00,0,휴식 (Relax)
-9.00,-14.44,2.62,-14.44,0.25,34.41,9.02,38.26,56.57,36.17,41.36,11.83,0.00,31.26,9.31,51.80,85.91,90.32,83.26,16.77,11.00,20.83,12.55,27.12,54.13,32.49,21.32,14.65,16.00,23.77,16.21,50.87,33.00,33.54,30.78,76.72,33.00,5.89,5.91,2.31,8.60,8.12,7.01,3.73,6.00,8.43,6.38,112.00,5.00,2.00,4.00,14.40,11.69,242.00,9.00,4.00,11.00,6.91,5.88,120.00,8.00,5.00,7.00,10.08,7.99,187.00,10.00,7.00,11.00,1.52,1.09,24.00,2.00,2.00,0.00,0,휴식 (Relax)
-8.00,-13.06,2.62,-3.44,-4.56,21.20,10.61,54.13,56.57,32.84,25.60,25.74,16.00,45.58,22.08,69.21,101.41,68.42,67.78,23.46,11.00,20.83,12.55,27.12,54.13,32.49,21.32,14.65,16.00,23.77,16.21,50.87,33.00,33.54,30.78,76.72,33.00,7.47,7.29,0.93,11.18,10.20,4.99,6.59,9.00,8.49,6.00,112.00,3.00,2.00,4.00,14.66,11.95,220.00,8.00,3.00,10.00,6.91,5.88,115.00,8.00,4.00,7.00,10.08,7.99,198.00,10.00,8.00,12.00,1.87,1.35,27.00,3.00,2.00,0.00,0,휴식 (Relax)
8.00,-2.75,13.25,17.19,0.44,21.20,10.61,54.13,56.57,32.84,25.60,25.74,16.00,41.25,12.41,60.63,108.89,66.22,56.87,29.74,22.00,22.65,18.52,32.72,51.87,36.68,26.92,13.53,22.00,16.60,20.11,62.29,39.66,50.70,42.11,58.63,55.00,7.47,7.29,0.93,11.18,10.20,4.99,6.59,9.00,8.49,6.00,120.00,4.00,2.00,5.00,14.29,11.34,209.00,7.00,3.00,10.00,7.45,6.25,115.00,7.00,4.00,7.00,10.98,8.94,209.00,10.00,7.00,12.00,1.87,1.35,32.00,4.00,3.00,0.00,0,휴식 (Relax)
0.00,8.25,-3.75,6.19,3.25,21.20,10.61,54.13,56.57,32.84,25.60,25.74,16.00,41.25,12.41,60.63,108.89,66.22,56.87,29.74,22.00,22.65,18.52,32.72,51.87,36.68,26.92,13.53,22.00,16.60,20.11,62.29,39.66,50.70,42.11,58.63,55.00,8.19,5.28,3.92,13.93,13.19,2.85,5.63,6.00,8.49,6.00,128.00,4.00,3.00,5.00,14.29,11.34,220.00,8.00,3.00,11.00,7.45,6.25,132.00,8.00,5.00,8.00,10.98,8.94,209.00,9.00,7.00,12.00,2.05,1.47,35.00,4.00,3.00,0.00,0,휴식 (Relax)
0.00,18.56,-8.44,5.50,3.06,21.20,10.61,54.13,56.57,32.84,25.60,25.74,16.00,47.53,21.12,71.62,101.41,75.19,56.43,31.53,33.00,24.81,18.80,35.20,50.45,41.67,25.78,17.35,17.00,26.73,28.96,64.12,34.79,40.17,50.49,47.67,66.00,10.58,6.68,5.85,13.15,12.15,5.77,5.50,9.00,8.49,6.00,128.00,4.00,3.00,5.00,14.92,12.12,220.00,7.00,2.00,11.00,7.71,6.56,131.00,7.00,4.00,8.00,11.00,8.94,198.00,8.00,6.00,11.00,2.19,1.59,33.00,4.00,2.00,0.00,0,휴식 (Relax)
-7.50,-3.44,7.25,5.50,-1.94,27.46,5.74,53.86,58.24,24.84,33.45,24.33,24.00,47.53,21.12,71.62,101.41,75.19,56.43,31.53,33.00,21.01,14.93,30.30,55.32,44.01,29.07,22.27,12.00,26.73,28.96,64.12,34.79,40.17,50.49,47.67,66.00,10.58,6.68,5.85,13.15,12.15,5.77,5.50,9.00,8.70,6.56,136.00,7.00,3.00,5.00,14.92,12.12,231.00,7.00,3.00,11.00,7.90,6.88,136.00,7.00,5.00,8.00,11.00,8.94,187.00,7.00,6.00,10.00,2.19,1.59,33.00,4.00,2.00,0.00,0,휴식 (Relax)
8.00,17.88,-13.44,-5.50,-4.44,19.65,13.11,46.43,65.97,23.26,40.25,22.38,32.00,58.50,27.92,64.72,108.89,64.47,67.41,28.57,44.00,25.70,19.93,31.55,56.61,41.21,34.07,27.16,7.00,26.73,28.96,64.12,34.79,40.17,50.49,47.67,66.00,3.32,5.17,13.82,14.32,6.74,9.13,11.86,1.00,8.94,7.00,144.00,5.00,4.00,6.00,15.50,12.89,253.00,8.00,4.00,12.00,8.33,7.19,157.00,8.00,6.00,9.00,11.00,8.94,198.00,8.00,6.00,11.00,2.34,1.83,36.00,4.00,2.00,0.00,0,휴식 (Relax)
7.00,-3.44,1.88,15.12,3.56,4.37,28.11,36.63,71.55,10.91,38.91,32.86,16.00,48.22,29.52,75.49,101.41,58.58,75.25,25.39,55.00,14.76,14.43,40.46,46.24,30.38,42.57,36.85,4.00,44.27,9.76,70.64,15.56,18.26,72.31,58.00,44.00,3.32,5.17,13.82,14.32,6.74,9.13,11.86,1.00,8.89,7.25,144.00,7.00,4.00,6.00,15.42,12.55,264.00,8.00,5.00,12.00,8.05,6.73,162.00,8.00,7.00,9.00,11.59,9.28,209.00,8.00,7.00,11.00,2.34,1.83,39.00,4.00,2.00,0.00,0,휴식 (Relax)
-9.00,-13.75,6.56,4.12,-1.44,4.37,28.11,36.63,71.55,10.91,38.91,32.86,16.00,41.26,39.71,78.46,110.00,52.27,75.39,32.02,44.00,10.74,17.63,44.58,48.30,31.69,41.94,33.60,1.00,44.27,9.76,70.64,15.56,18.26,72.31,58.00,44.00,3.32,5.17,13.82,14.32,6.74,9.13,11.86,1.00,8.89,7.25,144.00,7.00,3.00,6.00,15.80,13.06,275.00,8.00,5.00,13.00,8.22,7.01,162.00,8.00,6.00,9.00,11.59,9.28,220.00,8.00,8.00,12.00,2.34,1.83,42.00,5.00,3.00,0.00,0,휴식 (Relax)
7.00,-2.75,1.88,4.12,0.56,4.37,28.11,36.63,71.55,10.91,38.91,32.86,16.00,41.26,39.71,78.46,110.00,52.27,75.39,32.02,44.00,13.55,12.64,45.73,43.91,28.19,45.39,32.67,6.00,44.27,9.76,70.64,15.56,18.26,72.31,58.00,44.00,3.32,5.17,13.82,14.32,6.74,9.13,11.86,1.00,8.89,7.25,152.00,7.00,4.00,7.00,15.80,13.06,275.00,7.00,6.00,13.00,8.05,6.73,156.00,7.00,7.00,8.00,11.59,9.28,220.00,8.00,8.00,12.00,2.34,1.83,44.00,5.00,4.00,0.00,0,휴식 (Relax)
-1.00,8.25,-4.12,4.12,0.56,4.37,28.11,36.63,71.55,10.91,38.91,32.86,16.00,41.26,39.71,78.46,110.00,52.27,75.39,32.02,44.00,13.55,12.64,45.73,43.91,28.19,45.39,32.67,6.00,44.27,9.76,70.64,15.56,18.26,72.31,58.00,44.00,3.32,5.17,13.82,14.32,6.74,9.13,11.86,1.00,8.89,7.25,160.00,8.00,5.00,7.00,15.80,13.06,275.00,8.00,5.00,13.00,8.05,6.73,152.00,8.00,6.00,7.00,11.59,9.28,187.00,7.00,7.00,11.00,2.34,1.83,42.00,5.00,4.00,0.00,0,휴식 (Relax)
-1.00,8.94,-4.75,-8.25,-1.44,4.37,28.11,36.63,71.55,10.91,38.91,32.86,16.00,48.28,36.25,79.78,103.77,44.03,68.82,22.30,55.00,17.05,15.84,41.86,35.61,30.55,39.11,27.56,4.00,39.33,28.96,51.78,15.56,26.59,50.49,42.91,22.00,3.32,5.17,13.82,14.32,6.74,9.13,11.86,1.00,8.89,7.25,152.00,8.00,5.00,7.00,15.17,12.20,231.00,7.00,5.00,12.00,7.28,6.03,125.00,7.00,5.00,6.00,9.12,7.56,154.00,7.00,6.00,11.00,2.34,1.83,42.00,5.00,4.00,0.00,0,휴식 (Relax)
-1.50,-13.75,1.94,-6.88,0.56,11.98,24.90,30.84,64.50,14.18,45.48,31.76,24.00,38.36,45.72,69.05,94.63,34.03,71.90,18.63,66.00,9.34,20.48,34.03,30.08,24.15,42.69,21.34,15.00,51.25,14.58,51.03,34.79,28.00,35.20,27.59,0.00,3.32,5.17,13.82,14.32,6.74,9.13,11.86,1.00,8.59,6.88,152.00,8.00,5.00,7.00,14.29,11.69,253.00,8.00,5.00,13.00,6.58,5.43,125.00,8.00,5.00,6.00,8.59,7.39,132.00,6.00,5.00,10.00,2.34,1.83,42.00,5.00,4.00,0.00,0,휴식 (Relax)
-2.00,-4.12,6.94,13.75,0.44,19.88,29.67,35.09,60.93,6.98,37.73,29.75,16.00,16.69,66.97,58.87,83.77,38.62,52.67,23.92,44.00,9.34,20.48,34.03,30.08,24.15,42.69,21.34,15.00,32.32,18.83,70.52,34.79,21.66,45.45,17.04,22.00,1.69,5.89,14.60,12.53,8.74,9.55,10.56,1.00,8.25,6.50,120.00,7.00,4.00,6.00,12.83,10.66,209.00,7.00,5.00,13.00,6.58,5.43,119.00,7.00,5.00,5.00,9.12,7.56,143.00,6.00,4.00,10.00,2.32,1.73,40.00,5.00,4.00,0.00,0,휴식 (Relax)
7.00,28.88,-13.44,-17.88,-1.44,9.92,13.69,20.11,46.65,19.07,33.05,25.87,0.00,16.69,66.97,58.87,83.77,38.62,52.67,23.92,44.00,3.63,28.87,34.48,35.00,22.85,51.85,12.63,25.00,53.75,27.92,56.89,15.56,12.31,67.41,22.35,44.00,2.94,6.68,12.61,13.60,9.64,11.38,8.91,3.00,6.24,5.25,112.00,8.00,4.00,5.00,12.83,10.66,209.00,7.00,5.00,13.00,7.37,6.13,140.00,8.00,6.00,6.00,10.20,8.77,165.00,6.00,5.00,10.00,2.34,1.83,42.00,5.00,4.00,0.00,0,휴식 (Relax)
-8.00,-14.44,2.19,3.44,-1.31,20.92,10.61,26.75,40.79,14.22,25.60,34.71,16.00,26.78,70.14,49.28,80.08,49.28,59.59,26.78,55.00,7.09,27.62,28.63,30.41,28.63,54.54,7.09,31.00,43.07,16.94,50.95,11.00,8.14,75.91,28.41,55.00,4.39,8.63,12.16,12.04,10.92,9.56,10.85,1.00,6.32,5.00,112.00,5.00,5.00,5.00,13.31,11.17,242.00,8.00,6.00,13.00,7.33,5.98,150.00,8.00,7.00,7.00,10.08,8.42,176.00,7.00,5.00,10.00,2.36,1.90,42.00,5.00,4.00,0.00,0,휴식 (Relax)
-8.00,-14.44,2.19,22.69,3.50,20.92,10.61,26.75,40.79,14.22,25.60,34.71,16.00,26.78,70.14,49.28,80.08,49.28,59.59,26.78,55.00,7.09,27.62,28.63,30.41,28.63,54.54,7.09,31.00,28.41,35.43,8.14,33.00,50.95,82.04,43.07,11.00,3.69,6.39,9.71,14.21,13.76,9.12,13.81,2.00,6.32,5.00,112.00,5.00,5.00,5.00,13.31,11.17,242.00,8.00,6.00,13.00,7.33,5.98,150.00,8.00,7.00,7.00,10.63,7.82,187.00,7.00,5.00,10.00,2.52,2.06,42.00,5.00,3.00,0.00,0,휴식 (Relax)
7.00,16.50,-3.44,-10.31,-4.50,7.49,9.02,30.33,40.79,14.50,41.36,18.71,0.00,31.74,41.10,18.55,77.78,79.16,86.64,11.25,22.00,1.95,21.66,26.05,26.40,32.14,59.84,12.99,25.00,28.41,35.43,8.14,33.00,50.95,82.04,43.07,11.00,3.69,6.39,9.71,14.21,13.76,9.12,13.81,2.00,6.24,5.25,112.00,8.00,4.00,5.00,13.47,11.69,264.00,9.00,6.00,13.00,7.37,6.13,145.00,9.00,6.00,6.00,10.63,7.82,198.00,7.00,5.00,10.00,2.52,2.06,45.00,5.00,4.00,0.00,0,휴식 (Relax)
14.50,-5.50,-2.38,-8.94,0.50,10.05,17.00,38.30,48.66,6.89,37.08,26.25,8.00,31.74,41.10,18.55,77.78,79.16,86.64,11.25,22.00,16.97,13.17,9.11,41.23,16.76,44.03,8.72,42.00,12.28,34.24,14.09,55.00,67.21,62.53,21.39,33.00,3.69,6.39,9.71,14.21,13.76,9.12,13.81,2.00,7.05,5.88,112.00,7.00,4.00,5.00,13.47,11.69,275.00,9.00,7.00,13.00,6.51,5.50,128.00,8.00,6.00,5.00,10.45,8.08,187.00,7.00,5.00,9.00,2.52,2.06,47.00,6.00,5.00,0.00,0,휴식 (Relax)
-9.00,-4.81,7.94,2.06,0.69,4.37,13.11,36.63,50.60,10.91,40.25,32.86,16.00,20.78,35.43,19.97,80.08,84.49,82.04,16.12,33.00,7.07,9.63,17.50,38.33,22.05,41.63,19.22,53.00,12.28,34.24,14.09,55.00,67.21,62.53,21.39,33.00,1.06,3.41,6.91,12.53,11.59,11.42,14.86,5.00,7.42,6.25,136.00,8.00,5.00,6.00,13.45,11.52,264.00,9.00,6.00,12.00,6.80,5.80,134.00,9.00,5.00,6.00,10.45,8.08,198.00,8.00,5.00,10.00,2.36,1.90,47.00,6.00,5.00,0.00,0,휴식 (Relax)
-1.00,6.88,-12.75,-8.25,3.69,4.37,13.11,36.63,50.60,10.91,40.25,32.86,16.00,10.72,25.50,14.65,90.71,73.67,78.27,7.16,22.00,10.31,13.10,18.54,33.38,26.81,44.99,24.15,58.00,5.46,44.93,8.81,44.00,66.30,68.97,18.35,44.00,1.06,3.41,6.91,12.53,11.59,11.42,14.86,5.00,7.42,6.25,136.00,8.00,5.00,6.00,12.83,10.66,253.00,9.00,5.00,12.00,7.26,6.16,139.00,9.00,5.00,6.00,10.65,8.59,209.00,9.00,6.00,11.00,2.36,1.90,45.00,5.00,5.00,0.00,0,휴식 (Relax)
-16.50,-4.12,13.88,2.75,-6.00,4.75,20.95,43.14,48.66,12.84,47.42,35.77,24.00,10.72,25.50,14.65,90.71,73.67,78.27,7.16,22.00,9.01,7.20,12.55,34.79,28.11,50.99,29.44,64.00,5.46,44.93,8.81,44.00,66.30,68.97,18.35,44.00,3.97,6.48,9.80,15.56,16.59,9.49,14.04,10.00,8.23,6.62,136.00,7.00,6.00,6.00,12.83,10.66,242.00,9.00,5.00,12.00,7.81,6.48,145.00,9.00,5.00,6.00,10.65,8.59,209.00,9.00,6.00,11.00,2.81,2.25,52.00,6.00,5.00,1.00,0,휴식 (Relax)
15.00,-2.75,-3.75,-28.88,-4.00,6.13,15.21,45.20,56.57,10.52,50.84,37.31,32.00,22.51,23.81,18.45,69.57,92.77,57.49,15.04,0.00,16.33,8.78,12.04,25.50,36.25,44.44,23.88,54.00,18.54,45.85,16.96,66.00,53.08,87.05,37.30,66.00,3.97,6.48,9.80,15.56,16.59,9.49,14.04,10.00,8.89,7.25,168.00,8.00,7.00,7.00,11.99,9.28,220.00,8.00,5.00,11.00,7.10,5.78,146.00,9.00,6.00,6.00,12.83,10.14,220.00,9.00,6.00,11.00,2.81,2.25,46.00,5.00,5.00,1.00,0,휴식 (Relax)
-8.00,-2.75,2.25,15.12,4.00,10.15,20.31,29.23,60.93,7.98,49.03,39.23,48.00,22.51,23.81,18.45,69.57,92.77,57.49,15.04,0.00,16.33,8.78,12.04,25.50,36.25,44.44,23.88,54.00,18.54,45.85,16.96,66.00,53.08,87.05,37.30,66.00,3.97,6.48,9.80,15.56,16.59,9.49,14.04,10.00,8.94,7.00,176.00,6.00,7.00,7.00,11.99,9.28,209.00,8.00,4.00,10.00,7.10,5.78,147.00,10.00,6.00,6.00,12.83,10.14,253.00,10.00,7.00,11.00,2.81,2.25,49.00,5.00,4.00,1.00,0,휴식 (Relax)
-23.00,6.88,-7.75,14.44,3.69,25.26,25.25,26.32,75.89,19.37,60.95,43.34,32.00,6.66,9.11,29.61,49.19,102.02,53.11,16.96,22.00,4.49,11.67,15.68,13.04,43.10,32.92,23.58,70.00,15.58,56.49,23.60,77.00,42.68,93.10,27.69,55.00,5.24,9.07,14.62,19.42,12.24,7.73,9.64,15.00,10.54,8.25,176.00,7.00,6.00,7.00,11.59,9.28,209.00,9.00,4.00,10.00,7.14,5.88,153.00,11.00,7.00,7.00,13.31,10.74,253.00,10.00,7.00,11.00,2.95,2.36,47.00,5.00,4.00,1.00,0,휴식 (Relax)
9.00,16.50,3.25,24.06,3.50,25.26,25.25,26.32,75.89,19.37,60.95,43.34,32.00,25.70,29.16,50.00,62.23,80.30,70.41,8.53,0.00,4.49,11.67,15.68,13.04,43.10,32.92,23.58,70.00,32.03,76.07,44.41,80.08,48.40,71.43,43.82,77.00,8.09,12.07,16.53,17.89,11.95,6.19,12.59,12.00,10.54,8.25,200.00,8.00,7.00,8.00,12.30,10.31,209.00,8.00,4.00,10.00,7.14,5.88,158.00,11.00,8.00,8.00,14.66,11.95,264.00,10.00,7.00,12.00,3.08,2.50,47.00,5.00,4.00,1.00,0,휴식 (Relax)
16.00,15.81,-7.44,-18.56,3.31,21.27,39.27,20.59,91.21,29.26,53.01,28.77,48.00,36.60,38.91,52.26,70.43,83.31,59.73,10.94,11.00,8.89,14.96,16.43,16.28,44.21,29.09,21.83,75.00,10.15,70.85,46.41,101.41,38.42,54.46,59.39,99.00,11.07,14.33,15.56,15.26,14.74,8.99,9.69,15.00,11.31,9.00,208.00,6.00,7.00,8.00,12.88,11.09,209.00,8.00,4.00,10.00,7.36,6.19,169.00,12.00,9.00,9.00,15.42,13.06,297.00,10.00,8.00,12.00,3.20,2.64,45.00,5.00,4.00,1.00,0,휴식 (Relax)
-7.50,4.81,-2.44,13.06,0.19,18.83,32.03,13.64,93.64,36.44,56.55,20.87,56.00,36.60,38.91,52.26,70.43,83.31,59.73,10.94,11.00,8.89,14.96,16.43,16.28,44.21,29.09,21.83,75.00,32.01,59.24,24.48,99.00,17.11,59.24,73.10,121.00,12.87,14.73,13.59,16.40,13.49,7.28,11.30,13.00,11.48,9.56,232.00,9.00,8.00,9.00,12.88,11.09,198.00,7.00,3.00,10.00,7.36,6.19,168.00,11.00,10.00,9.00,15.66,13.32,330.00,11.00,9.00,13.00,3.17,2.51,46.00,5.00,4.00,1.00,0,휴식 (Relax)
0.50,-6.88,3.56,11.69,3.00,18.83,32.03,13.64,93.64,36.44,56.55,20.87,56.00,44.31,35.96,42.77,62.23,73.53,63.49,21.94,22.00,8.89,14.96,16.43,16.28,44.21,29.09,21.83,75.00,52.67,39.66,23.66,121.00,36.06,39.66,67.54,99.00,15.09,13.51,12.24,18.87,12.17,8.33,9.92,16.00,11.48,9.56,240.00,10.00,9.00,9.00,12.22,10.48,198.00,8.00,3.00,10.00,7.36,6.19,169.00,12.00,9.00,9.00,15.78,13.23,308.00,10.00,8.00,12.00,3.26,2.62,49.00,4.00,5.00,1.00,0,휴식 (Relax)
0.50,3.44,-1.75,11.69,0.00,18.83,32.03,13.64,93.64,36.44,56.55,20.87,56.00,50.31,28.08,46.21,70.43,73.09,53.31,12.46,11.00,18.18,4.05,20.57,12.00,44.33,18.10,32.76,64.00,52.67,39.66,23.66,121.00,36.06,39.66,67.54,99.00,15.09,13.51,12.24,18.87,12.17,8.33,9.92,16.00,11.48,9.56,232.00,10.00,8.00,9.00,12.12,10.31,176.00,8.00,3.00,10.00,7.03,5.72,154.00,12.00,9.00,8.00,15.78,13.23,275.00,9.00,7.00,11.00,3.26,2.62,50.00,4.00,6.00,1.00,0,휴식 (Relax)
23.50,15.12,-2.38,-0.69,-0.12,34.49,17.37,4.46,108.81,27.75,62.63,18.02,72.00,48.45,39.02,35.22,64.14,63.25,43.19,12.49,0.00,12.97,13.64,11.20,2.00,36.04,12.56,42.42,54.00,66.32,33.00,37.35,99.00,18.64,33.00,83.23,77.00,15.45,11.63,14.08,17.20,11.47,6.69,10.92,18.00,12.80,10.62,240.00,7.00,8.00,9.00,10.91,9.62,143.00,7.00,3.00,10.00,6.37,5.17,138.00,11.00,9.00,7.00,14.79,11.77,264.00,6.00,7.00,11.00,3.22,2.52,50.00,8.00,6.00,1.00,0,휴식 (Relax)
-1.00,-17.88,8.31,-11.00,-2.12,42.30,9.71,7.06,106.73,22.50,65.25,14.66,64.00,48.45,39.02,35.22,64.14,63.25,43.19,12.49,0.00,14.58,17.08,12.70,5.39,40.48,11.05,38.47,59.00,62.70,26.39,41.43,99.61,8.24,41.51,93.83,66.00,15.45,11.63,14.08,17.20,11.47,6.69,10.92,18.00,12.61,10.25,264.00,8.00,9.00,10.00,10.91,9.62,176.00,8.00,4.00,11.00,6.66,5.52,149.00,12.00,9.00,8.00,15.06,12.38,253.00,4.00,6.00,11.00,3.22,2.52,47.00,7.00,5.00,1.00,0,휴식 (Relax)
-1.50,2.75,-2.31,11.69,5.69,49.15,9.94,9.58,98.95,30.38,57.94,20.23,72.00,37.63,43.19,23.90,56.09,60.84,39.02,10.92,22.00,10.62,17.61,6.76,6.40,40.58,7.46,36.09,65.00,65.14,16.21,52.37,88.68,12.97,30.78,82.95,77.00,14.15,13.03,11.41,19.72,14.17,5.32,13.88,21.00,12.40,9.88,248.00,7.00,9.00,9.00,9.92,8.59,165.00,8.00,4.00,11.00,6.63,5.39,154.00,12.00,10.00,9.00,14.27,11.86,242.00,9.00,7.00,11.00,3.46,2.73,47.00,7.00,5.00,1.00,0,휴식 (Relax)
-8.50,3.44,-7.00,0.00,-5.31,41.03,7.41,21.71,96.33,37.65,43.19,35.94,88.00,45.26,33.00,34.73,45.35,51.23,33.00,20.33,33.00,7.31,22.08,7.60,10.77,45.07,12.18,36.13,60.00,58.66,26.94,50.20,90.71,14.41,26.94,73.80,88.00,14.15,13.03,11.41,19.72,14.17,5.32,13.88,21.00,12.48,9.69,248.00,7.00,8.00,9.00,9.30,7.99,143.00,7.00,4.00,10.00,6.85,5.62,159.00,12.00,10.00,9.00,14.02,11.00,253.00,4.00,8.00,12.00,3.46,2.73,53.00,8.00,6.00,2.00,0,휴식 (Relax)
31.44,-7.56,8.31,-11.00,-0.31,44.08,16.26,15.05,113.28,32.96,41.11,52.58,105.00,45.26,33.00,34.73,45.35,51.23,33.00,20.33,33.00,17.28,12.51,3.56,18.03,53.67,22.39,34.36,49.00,58.66,26.94,50.20,90.71,14.41,26.94,73.80,88.00,14.15,13.03,11.41,19.72,14.17,5.32,13.88,21.00,14.34,11.15,265.00,7.00,8.00,9.00,9.30,7.99,154.00,8.00,4.00,11.00,7.16,6.15,164.00,12.00,10.00,9.00,14.02,11.00,253.00,4.00,7.00,12.00,3.46,2.73,58.00,8.00,7.00,2.00,0,휴식 (Relax)
-2.06,-7.56,3.62,-10.31,-5.00,44.65,23.95,22.81,113.00,40.56,35.39,46.01,97.00,45.26,33.00,34.73,45.35,51.23,33.00,20.33,33.00,12.33,13.86,4.04,15.81,52.84,25.22,32.74,44.00,69.42,30.78,42.33,93.98,25.21,16.21,76.30,77.00,19.15,13.01,6.49,17.72,11.25,9.93,16.98,26.00,14.14,10.84,290.00,8.00,8.00,10.00,9.30,7.99,143.00,7.00,3.00,10.00,6.89,5.80,148.00,11.00,10.00,8.00,14.27,11.86,242.00,8.00,6.00,11.00,3.69,3.00,60.00,4.00,7.00,2.00,0,휴식 (Relax)
-2.06,-17.19,7.31,10.31,3.00,44.65,23.95,22.81,113.00,40.56,35.39,46.01,97.00,65.66,45.35,14.41,55.00,29.75,45.35,29.80,11.00,32.12,28.70,17.34,7.81,33.09,31.15,26.09,23.00,48.05,11.00,37.90,114.84,37.30,11.00,77.43,55.00,19.15,13.01,6.49,17.72,11.25,9.93,16.98,26.00,14.14,10.84,274.00,8.00,7.00,9.00,10.27,8.94,143.00,6.00,3.00,10.00,6.39,5.56,126.00,10.00,10.00,7.00,14.27,11.69,253.00,7.00,5.00,11.00,3.69,3.00,58.00,4.00,7.00,1.00,0,휴식 (Relax)
4.44,-16.50,13.31,-0.69,-8.88,36.31,29.84,22.17,115.52,35.91,23.48,49.07,73.00,74.37,56.35,20.03,46.67,37.65,46.35,19.87,22.00,32.12,28.70,17.34,7.81,33.09,31.15,26.09,23.00,48.05,11.00,37.90,114.84,37.30,11.00,77.43,55.00,20.65,14.98,7.72,18.38,13.16,9.57,17.11,28.00,13.39,10.45,250.00,8.00,6.00,8.00,11.00,9.62,143.00,6.00,3.00,10.00,6.39,5.56,115.00,9.00,9.00,6.00,14.27,11.69,231.00,8.00,5.00,11.00,3.95,3.17,68.00,7.00,8.00,2.00,0,휴식 (Relax)
19.94,-5.50,6.62,7.56,2.62,33.62,30.02,18.56,123.36,43.03,19.51,43.88,81.00,74.37,56.35,20.03,46.67,37.65,46.35,19.87,22.00,39.24,35.11,13.31,7.07,38.22,23.23,20.37,12.00,47.28,37.05,28.96,73.79,7.29,52.36,64.28,11.00,18.32,12.21,2.95,11.40,16.12,6.23,16.84,36.00,13.98,11.08,242.00,7.00,6.00,8.00,11.00,9.62,154.00,6.00,3.00,11.00,6.55,5.70,115.00,8.00,9.00,6.00,11.48,9.88,198.00,8.00,6.00,11.00,3.81,3.00,72.00,8.00,9.00,3.00,0,휴식 (Relax)
2.94,15.12,-4.00,-13.06,-4.88,27.48,24.32,3.17,121.26,33.17,34.68,58.19,65.00,73.81,60.98,29.90,34.79,59.54,25.26,41.59,0.00,37.17,35.79,19.01,5.10,44.09,17.30,17.01,6.00,33.87,22.08,8.05,85.91,23.32,67.78,59.73,11.00,17.68,9.12,5.08,9.06,13.72,6.39,17.24,44.00,13.65,10.70,242.00,7.00,6.00,8.00,11.59,10.14,165.00,6.00,3.00,11.00,6.61,5.88,115.00,8.00,8.00,6.00,11.81,10.31,220.00,9.00,7.00,12.00,3.95,3.17,80.00,8.00,10.00,3.00,0,휴식 (Relax)
-6.56,-16.50,1.31,-1.38,3.12,25.82,16.94,21.26,97.33,25.69,18.84,34.20,89.00,65.79,41.51,13.78,56.09,72.23,26.39,61.78,22.00,37.52,27.32,15.05,6.08,47.50,10.36,11.40,5.00,26.99,27.92,14.97,77.78,25.03,67.41,65.03,0.00,17.68,9.12,5.08,9.06,13.72,6.39,17.24,44.00,11.53,9.38,218.00,7.00,6.00,7.00,12.30,11.00,187.00,7.00,4.00,11.00,6.20,5.35,110.00,8.00,8.00,5.00,11.59,9.80,220.00,9.00,7.00,12.00,3.95,3.17,88.00,9.00,11.00,3.00,0,휴식 (Relax)
-6.06,-4.12,6.00,0.00,-4.38,26.94,21.63,19.08,97.00,19.08,23.63,26.94,97.00,56.07,20.33,33.34,56.09,83.86,8.42,47.57,0.00,36.79,22.33,19.70,8.49,51.04,9.25,14.63,0.00,16.40,49.91,35.25,64.14,3.05,53.23,48.49,22.00,14.41,1.13,5.36,11.40,10.13,5.17,15.13,52.00,11.63,9.58,210.00,7.00,5.00,7.00,11.59,10.14,198.00,7.00,5.00,12.00,6.38,5.62,104.00,7.00,7.00,4.00,10.29,8.25,176.00,4.00,6.00,11.00,4.03,3.41,96.00,10.00,12.00,3.00,0,휴식 (Relax)
2.44,7.56,-5.31,-11.69,3.62,32.59,29.63,26.46,89.00,26.46,15.63,32.59,89.00,49.89,19.05,41.18,45.35,73.36,19.05,50.34,11.00,34.79,18.98,23.30,6.08,46.54,13.18,10.05,5.00,22.73,42.60,35.41,55.00,9.89,42.60,38.98,33.00,14.41,1.13,5.36,11.40,10.13,5.17,15.13,52.00,11.36,8.95,194.00,7.00,4.00,6.00,10.80,9.37,198.00,8.00,5.00,12.00,6.00,5.27,110.00,8.00,8.00,5.00,9.09,7.73,154.00,7.00,6.00,11.00,4.03,3.41,101.00,11.00,12.00,3.00,0,휴식 (Relax)
-6.06,17.88,-5.31,-10.31,0.62,25.07,24.63,21.98,89.36,28.09,11.46,36.98,81.00,58.91,11.91,45.53,49.19,73.40,28.74,51.20,22.00,34.79,18.98,23.30,6.08,46.54,13.18,10.05,5.00,7.80,44.89,14.76,70.43,29.16,25.43,17.97,55.00,14.41,1.13,5.36,11.40,10.13,5.17,15.13,52.00,10.92,8.58,194.00,8.00,5.00,6.00,11.59,10.14,198.00,7.00,4.00,12.00,6.00,5.27,104.00,7.00,7.00,5.00,9.09,7.73,154.00,7.00,6.00,11.00,4.03,3.41,101.00,11.00,12.00,3.00,0,휴식 (Relax)
-13.56,-4.12,-9.62,-8.94,3.62,33.07,24.08,17.69,97.33,22.83,16.91,39.95,73.00,58.91,11.91,45.53,49.19,73.40,28.74,51.20,22.00,44.99,12.08,34.26,11.66,36.22,12.08,20.83,6.00,20.98,40.91,13.21,59.24,34.31,31.44,39.95,33.00,14.41,1.13,5.36,11.40,10.13,5.17,15.13,52.00,11.36,8.95,202.00,8.00,5.00,6.00,11.59,10.14,209.00,7.00,5.00,12.00,6.49,5.88,103.00,6.00,7.00,5.00,8.88,7.82,154.00,7.00,6.00,11.00,4.03,3.41,101.00,11.00,13.00,3.00,0,휴식 (Relax)
-20.56,-3.44,-4.62,-7.56,-1.25,48.26,18.62,1.70,99.92,38.64,2.70,41.79,89.00,48.27,22.47,43.95,55.00,66.79,34.49,58.12,11.00,44.99,12.08,34.26,11.66,36.22,12.08,20.83,6.00,39.95,31.44,34.31,39.66,13.21,40.91,20.98,55.00,12.45,3.12,6.79,12.73,8.15,4.27,13.14,54.00,12.46,9.70,186.00,7.00,4.00,5.00,11.48,9.80,198.00,7.00,4.00,11.00,6.49,5.88,108.00,6.00,8.00,5.00,8.45,7.56,143.00,7.00,6.00,10.00,4.04,3.47,106.00,12.00,14.00,3.00,0,휴식 (Relax)
4.44,8.25,-9.31,-17.19,-1.12,61.73,14.06,15.27,84.48,37.59,14.84,33.76,73.00,40.29,29.95,54.20,46.67,61.28,23.56,48.29,22.00,49.54,7.61,31.20,7.81,38.36,16.86,24.19,11.00,57.91,19.05,44.59,55.00,24.80,19.05,36.10,33.00,10.86,4.72,8.59,14.21,9.37,3.71,14.99,52.00,11.46,8.45,186.00,7.00,5.00,5.00,10.65,8.94,176.00,7.00,3.00,11.00,6.82,6.19,102.00,5.00,8.00,4.00,9.50,8.34,143.00,6.00,5.00,10.00,4.04,3.50,104.00,12.00,13.00,3.00,0,휴식 (Relax)
3.94,-3.44,6.69,14.44,0.75,57.02,19.45,13.49,87.09,45.39,20.58,29.08,65.00,45.07,30.78,47.63,55.00,50.30,16.21,37.40,33.00,49.54,7.61,31.20,7.81,38.36,16.86,24.19,11.00,47.23,39.13,57.78,45.35,30.29,12.75,52.05,11.00,11.90,4.59,8.83,15.56,8.71,2.63,16.51,50.00,11.47,8.57,186.00,7.00,5.00,5.00,10.08,8.42,165.00,7.00,4.00,11.00,6.82,6.19,107.00,5.00,9.00,4.00,10.08,8.94,154.00,6.00,5.00,10.00,4.04,3.47,98.00,11.00,12.00,3.00,0,휴식 (Relax)
-11.56,-13.06,-4.31,4.12,1.12,58.98,11.55,6.48,94.58,50.32,23.25,23.30,57.00,46.68,16.21,39.02,70.43,48.04,30.78,16.80,55.00,49.54,7.61,31.20,7.81,38.36,16.86,24.19,11.00,47.63,29.95,47.91,34.79,26.30,23.56,58.79,0.00,12.04,3.55,3.06,12.08,2.97,3.93,20.12,44.00,11.81,9.01,194.00,8.00,4.00,6.00,10.45,8.34,176.00,7.00,4.00,12.00,6.82,6.19,113.00,6.00,9.00,5.00,9.43,8.25,154.00,6.00,6.00,10.00,3.66,3.14,87.00,10.00,11.00,2.00,0,휴식 (Relax)
